Company Name,Ticker,Market Cap (mil),Last Close,Avg Volume,% Price Change (1 Week),% Price Change (4 Weeks),% Price Change (12 Weeks),Price as a % of 52 Wk H-L Range,Relative Price Change (YTD),Sales Growth F(0)/F(-1),Operating Margin 12 Mo %,52 Week High,52 Week Low,Zacks Industry Rank,Sector,Industry,Net Margin %,Zacks Rank
"Agilent Technologies","A","36789.58","130.26","2180103","-2.82","2.98","12.66","42.63","-11.96","6.73","22.83","157.2","110.24","167","Medical","Medical - Products","19.55","3"
"Alcoa","AA","11473.93","43.48","6686963","-10.76","-25.48","-35.45","27.23","-24.75","7.87","9.29","83.79","28.4","238","Industrial Products","Metal Products - Distribution","9.48","5"
"American Airlines","AAL","10013.37","15.14","149288928","-7.17","-5.85","29.62","62.23","-9.17",".78",".64","18.15","10.18","75","Transportation","Transportation - Airline",".36","2"
"Acadian Asset Management Inc.","AAMI","2926.92","82.15","477804","4.24","11.18","20.49","97.45","60.75","11.49","22.65","83.27","39.3","186","Finance","Financial - Miscellaneous Services","13.78","1"
"Applied Optoelectronics","AAOI","8266.61","103.02","9466242","-7.92","-39.84","-29.33","41.03","171.79","82.75","-3.91","223.1","19.49","47","Computer and Technology","Electronics - Semiconductors","-8.55","3"
"AAON","AAON","8508.99","103.88","972110","-7.41","-23.71","13.36","41.75","25.3","20.11","7.45","148.25","72.07","48","Construction","Building Products - Air Conditioner and Heating","7.3","3"
"Advance Auto Parts","AAP","3142.42","52.04","1757235","-5.91","-6.1","-10.07","47.89","21.78","-5.42","2.28","66.5","38.75","48","Retail-Wholesale","Automotive - Retail and Wholesale - Parts",".51","2"
"Apple","AAPL","4796743.5","326.59","63563608","2.92","9.96","22.04","94.56","10.48","6.43","27.15","333.74","202.38","18","Computer and Technology","Computer - Micro Computers","27.15","3"
"American Assets Trust","AAT","1550.73","25.26","383180",".48","4.21","19.21","92.71","22.72","-4.73","4.16","25.85","17.76","90","Finance","REIT and Equity Trust - Retail","4.16","3"
"Allied Gold Corporation","AAUC","2582.84","20.41","545494","-9.13","-20.92","-32.97","43.22","-17.96","82.35","12.12","32.01","11.58","230","Basic Materials","Mining - Gold","-9.08","5"
"ABB","ABBNY","177374.69","97.29","517716","-4.25","-11.34","-1.73","72.47","20.96","1.13","13.74","109.73","64.55","100","Industrial Products","Manufacturing - Electronics","13.86","3"
"AbbVie","ABBV","447669.97","253.38","8885720","2.17","10.16","28.37","89.91","1.99","8.57","28.85","261.07","184.85","230","Medical","Large Cap Pharmaceuticals","5.79","3"
"Ameris Bancorp","ABCB","6110.83","90.81","511377","1.1","3.95","6.68","91.42","12.45","-.36","35","93.17","65.68","90","Finance","Banks - Southeast","25.73","4"
"ABCELLERA BIOLG","ABCL","1771.18","5.8","7709487","-11.04","1.05","39.42","56.55","55.97","160.56","-181.75","8.12","2.78","98","Medical","Medical - Biomedical and Genetics","-181.75","3"
"ABM Industries","ABM","2766.78","47.23","517737","4.12","7.68","17.75","80.2","2.69","4.62","2.32","49.66","37.39","196","Business Services","Business - Services","1.75","3"
"Airbnb","ABNB","87356.05","144.94","3423681","-.95","4.13","2.75","89.33","-1.78","10.26","19.9","148.93","111.54","84","Consumer Discretionary","Leisure and Recreation Services","19.9","4"
"Arbor Realty Trust","ABR","967.58","5.03","3766192","2.44","-.59","-37.67","1.59","-40.39","-19.51","23.55","12.46","4.91","197","Finance","REIT and Equity Trust","12.73","5"
"Abbott Laboratories","ABT","177072.67","101.66","13104566","10.37","15.75","9.55","35.33","-25.38","5.67","19.79","136.62","82.56","167","Medical","Medical - Products","11.65","3"
"American Bitcoin Corp.","ABTC","409.11","5.77","1717319","9.18","-52.59","-68.19",".36","-79.18","801.52","-69.42","139.58","5.28","186","Finance","Financial - Miscellaneous Services","-69.42",""
"Abacus Global Management, Inc.","ABX","984.16","10.26","765299","-6.73","7.32","10.09","75.07","10.36","110.18","33.72","12","5.02","186","Finance","Financial - Miscellaneous Services","15.63","2"
"Arcosa","ACA","7106.21","144.74","1051284","-.12","-.11","20.18","98.96","25.2","12.2","7.84","145.38","83.66","100","Construction","Building Products - Miscellaneous","7.88","2"
"ACADIA Pharmaceuticals","ACAD","4296.31","25.09","1760842","-1.61","13.58","12.51","62.88","-13.61","11.87","9.24","28.06","20.06","98","Medical","Medical - Biomedical and Genetics","34.3","3"
"Air Canada","ACDVF","4548.16","16.24","363033","-2.7","-4.08","19.41","72.4","6.46","-1.43","2.63","17.83","12.07","75","Transportation","Transportation - Airline","3.45","3"
"Accel Entertainment","ACEL","1001.95","12.31","316781","-3.22","-3.75","-.32","71.05","-.78","8.12","5.42","13.41","9.61","182","Consumer Discretionary","Gaming","3.79","3"
"Arch Capital Group","ACGL","35578.34","101.83","1716978","-1.19","10.64","5.69","93.29","-2.36","14.27","21.73","103.06","84.72","154","Finance","Insurance - Property and Casualty","24.64","3"
"Acadia Healthcare","ACHC","3166.43","34.43","3533740","12.66","36.57","22.31","99.69","123.15","5.04","5.31","34.5","11.68","216","Medical","Medical - Hospital","-32.84","3"
"Albertsons Companies","ACI","7327.08","14.96","6483195","1.15","9.84","-9.72","20.54","-19.87","3.46","1.45","20.8","13.45","179","Consumer Staples","Consumer Products - Staples",".26","3"
"American Coastal Insurance Corporation","ACIC","499.66","10.31","316760","-7.7","-3.91","-14.93","13.38","-24.93","13.07","30.81","13.03","9.89","154","Finance","Insurance - Property and Casualty","31.32","5"
"ACI Worldwide","ACIW","5781.49","56.87","1148656",".78","32.5","31.13","91.09","9.4","10.38","17.1","58.67","38.47","90","Computer and Technology","Computer - Software","11.51","2"
"Axcelis Technologies","ACLS","4047.65","131.7","605115","-3.56","-28.39","-4.19","51.66","50.76","-17.57","16.89","191.6","67.69","28","Computer and Technology","Electronics - Manufacturing Machinery","11.93","3"
"AECOM","ACM","8731.85","67.94","1670265","-1.08",".12","-17.14","1.6","-34.46",".21","9.55","134.35","66.86","100","Construction","Engineering - R and D Services","3.16","4"
"ACM Research","ACMR","5052.95","82.52","1508735","-12.29","-20.02","55.03","56.91","92.38","15.24","10.75","126.89","23.92","100","Computer and Technology","Semiconductor Equipment - Material Services","9.48","3"
"Accenture","ACN","96652.27","144.73","10855536","4.48","15.94","-18.22","12.36","-50.39","7.36","11.72","288.54","124.44","68","Computer and Technology","Computers - IT Services","10.66","4"
"Aclaris Therapeutics","ACRS","777.93","5.57","2118296","1.27","15.08","26.3","96.65","70.19","-58.19","-832.58","5.71","1.53","100","Medical","Medical - Drugs","-832.58","3"
"ACV Auctions","ACVA","1293.67","7.41","3135199","8.81","16.33","41.95","29.08","-15.03","19.22","3.8","15.36","4.15","100","Business Services","Auction and Valuation Services","-7.97","3"
"Array Digital Infrastructure Inc.","AD","2988.58","34.59","348926","1.68","-10.78","-27.77","1.33","-40.67","-95.68","31.34","77.01","34.02","201","Computer and Technology","Wireless National","19.32","2"
"Adamas Trust, Inc.","ADAM","793.47","8.83","862116","-2.54","-1.23","9.55","78.62","11.24","50.01","75.85","9.51","6.33","197","Finance","REIT and Equity Trust","24.14","3"
"Adobe","ADBE","93309.15","234.74","5832163","1.79","20.44","-1.91","23.03","-38.32","10.53","37.44","372.87","193.41","90","Computer and Technology","Computer - Software","28.69","3"
"Agree Realty","ADC","9676.69","80.57","1033132","2.48","9.78","6.04","88.46","2.87","16.42","30.76","81.92","70.22","90","Finance","REIT and Equity Trust - Retail","29.25","3"
"ADEIA INC","ADEA","2890.8","26.21","1612178","-5.31","-17.61","-13.01","66.1","39.74","17.91","43.5","33.63","11.74","99","Business Services","Technology Services","26.5","3"
"Analog Devices","ADI","181420.44","372.46","4620733","-3.51","-16.39","-5.13","67.52","26.31","16.89","38.18","445.48","220.68","17","Computer and Technology","Semiconductor - Analog and Mixed","26.01","1"
"Archer Daniels Midland","ADM","41289.21","85.67","3136091","4.42","12.3","21.45","99.29","37.05","-6.15","2.07","85.9","53.54","164","Consumer Staples","Agriculture - Operations","1.34","2"
"ADMA Biologics","ADMA","2028.01","8.75","3018910","-2.45","2.1","-19.95","9","-55.88","19.63","33.27","20.38","7.6","98","Medical","Medical - Biomedical and Genetics","32.43","5"
"Adient","ADNT","1540.82","19.65","1027464","2.34","-4.57","-9.11","19.91","-5.73","-1.04","1","27.09","17.8","100","Auto-Tires-Trucks","Automotive - Original Equipment",".39","3"
"Automatic Data Processing","ADP","102028.18","255.24","2548820","1.67","18.94","29.41","54.4","-8.74","7.07","20.16","310.94","188.79","85","Computer and Technology","Internet - Software","20.12","3"
"Adaptive Biotechnologies","ADPT","3498.57","21.86","2989607","4","25.85","53.83","91.64","23.8","54.77","-28.24","22.92","10.24","98","Medical","Medical - Biomedical and Genetics","-16.82","2"
"Autodesk","ADSK","45955.8","217.8","2419567","2.63","16.02","-7.33","21.63","-32.33","17.53","31.67","326.79","187.72","85","Computer and Technology","Internet - Software","19.49","3"
"ADT","ADT","5132.73","7","8065836","3.24","6.22","-3.05","27.45","-20.23","4.72","14.71","8.85","6.3","167","Industrial Products","Security and Safety Services","12.12","3"
"ADTRAN Holdings, Inc.","ADTN","944.85","11.6","1642438","-6.68","-25.55","-30.71","35.8","22.77","17.46","2.19","19.4","7.25","39","Computer and Technology","Communication - Components","-3.18","3"
"Aebi Schmidt Holding AG","AEBI","988.2","12.75","317696","7.23","2.16","13.13","55.1","-7.3","40.58",".48","15.61","9.24","167","Auto-Tires-Trucks","Automotive - Domestic",".48","3"
"Ameren","AEE","30558.91","110.42","1818106","-2.65",".66","-1.33","62.51","1.69","15.43","16.19","118.32","97.25","154","Utilities","Utility - Electric Power","17.17","2"
"Aehr Test Systems","AEHR","2433.22","77.36","2798822","13.73","-31.74","-12.57","61.36","252.39","-15.21","1.82","116.58","15.07","7","Computer and Technology","Electronics - Measuring Instruments","-14.25","1"
"Advanced Energy Industries","AEIS","10674.06","280.67","931307","-5.98","-27.71","-27.23","57.3","23.29","21.37","14.77","389.05","135.25","28","Computer and Technology","Semiconductor Equipment - Wafer Fabrication","10","3"
"Agnico Eagle Mines","AEM","69200.87","136.34","2511522","-5","-18.29","-31.19","13.84","-26.04","43.71","37.8","252.19","117.73","230","Basic Materials","Mining - Gold","39.46","5"
"American Eagle Outfitters","AEO","2939.24","17.54","4520549","9.42","-1.41","-1.96","41.71","-38.83","3.16","6.08","28.19","9.92","62","Retail-Wholesale","Retail - Apparel and Shoes","5.01","3"
"American Electric Power","AEP","71304.96","131.05","5107837","-3.38",".58","-2.98","76.68","4.52","10.93","14.52","138.69","105.93","154","Utilities","Utility - Electric Power","16.29","2"
"Aercap","AER","24752.8","148.33","1008717","-.54","1.01","6.98","86.34","-5.11","6.5","33.58","154.83","107.25","64","Transportation","Transportation - Equipment and Leasing","45.22","1"
"AES","AES","10554.73","14.8","8521142",".27","1.02","2.14","48.01","-5.08","-.37","15.68","17.28","12.51","154","Utilities","Utility - Electric Power","10.78","3"
"Atlas Energy Solutions Inc.","AESI","1718.7","13.76","2703327","-6.84","-16.51","-17.61","48.58","34.34","3.73","-8.5","19.75","8.1","201","Oils-Energy","Oil and Gas - Integrated - United States","-9.29","3"
"Aeva Technologies","AEVA","1002.35","15.9","1935823","-15.47","-37.08","-1.12","29.12","10.11","99.44","-482.33","32.23","9.19","100","Auto-Tires-Trucks","Automotive - Original Equipment","-693.94","4"
"American Financial Group","AFG","11819.83","142.26","461650","-.76","5.91","9.81","75.47","-4.28","-1.8","11.49","148.71","122.42","154","Finance","Insurance - Property and Casualty","10.76","3"
"Aflac","AFL","63154.85","124.08","2006008",".63","6.46","8.2","97.6","3.49","-9.31","21.77","124.72","98.09","72","Finance","Insurance - Accident and Health","25.6","3"
"Affirm","AFRM","25224.56","75.32","3939788","-8.07","4.32","15.65","66.04","-6.93","39.66","9.63","92.18","42.53","85","Computer and Technology","Internet - Software","9.63","2"
"First Majestic Silver","AG","7814.5","15.85","9670453","-3.35","-10.55","-22.61","33.17","-12.5","124.25","23.28","32.01","7.83","161","Basic Materials","Mining - Silver","19.51","2"
"AGCO","AGCO","8133.65","112.33","662005","-1.53","-1.4","-4.41","30.21","-.97","-13.55","4.15","140.49","100.14","28","Industrial Products","Manufacturing - Farm Equipment","7.43","3"
"Alamos Gold","AGI","11791.66","28.17","4390535","-2.39","-12.08","-35.33","12.47","-32.85","34.29","36.63","55.33","24.3","230","Basic Materials","Mining - Gold","51.24","4"
"Agios Pharmaceuticals","AGIO","2382.43","40.06","1036959","-1.21","14.13","63.98","76.54","35.35","48.03","-639.84","45.49","22.34","98","Medical","Medical - Biomedical and Genetics","-639.84","3"
"Agilon Health","AGL","2037.09","122.1","336614","5.39","7.95","382.23","93.65","552.21","-2.11","-6.42","129.84","7.91","85","Medical","Medical Services","-6.09","3"
"AGNC Investment","AGNC","12535.39","10.92","16467630","-.64","5.2","-1.62","57.48","-6.32","19.46","186.81","12.17","9.23","197","Finance","REIT and Equity Trust","57.94","3"
"Assured Guaranty","AGO","3775.59","85.41","318566","2.01","11.46","2.92","64.33","-12.6","27.29","48.95","92.18","73.2","167","Finance","Insurance - Multi line","40.45","3"
"Adecoagro","AGRO","1512.74","10.61","666350","2.22","15.96","-18.7","42.86","23.05","-6","-2.59","15.25","7.13","164","Consumer Staples","Agriculture - Operations",".95","3"
"Argan","AGX","8442.11","602.18","338452",".41","-23.78","-8.88","66.98","76.76","8.06","15.48","798.55","203.84","100","Construction","Building Products - Miscellaneous","15.48","1"
"Agilysys","AGYS","2996.92","106.28","352855","-3.16","25.86","61.06","55.86","-17.75","15.85","15.9","141.12","62.19","16","Computer and Technology","Computer - Integrated Systems","12.15","1"
"AdaptHealth","AHCO","1492.34","10.98","1418087","6.71","13.66","-16.06","48.94","1.39","-.49","1.9","13.38","8.68","167","Medical","Medical - Products","-2.42","3"
"American Healthcare REIT, Inc.","AHR","10919.65","56.66","4308518","4.25","20.14","12.6","97.52","10.73","9.15","4.24","57.16","37.01","64","Finance","REIT and Equity Trust - Other","4.23","2"
"AH Realty Trust Inc","AHRT","707","7.02","757142","-.57","4","15.65","77.59","-2.47","-59.74","2.31","7.56","5.15","64","Finance","REIT and Equity Trust - Other","-6.87","3"
"C3.ai","AI","1338.42","8.61","5204515","-6","-11.24","-2.05","3.97","-41.26","-35.67","-75.79","29.16","7.76","68","Computer and Technology","Computers - IT Services","-187.95","3"
"American International Group","AIG","42310.45","79.8","3968054","-.13","4.49","7.65","53.81","-14.21","-1.75","16.14","86.59","71.89","167","Finance","Insurance - Multi line","11.86","3"
"Arteris","AIP","1416.56","30.68","962507","-6.43","-31.06","15.34","55.22","82.04","22.27","-14.23","48.59","8.59","85","Computer and Technology","Internet - Software","-44.92","3"
"AAR","AIR","5395.61","135.69","499053","3.66","1.05","23.13","88.98","50.73","19.91","5.6","143.61","71.73","79","Aerospace","Aerospace - Defense Equipment","5.46","3"
"AIRO Group Holdings, Inc.","AIRO","213.2","6.78","433146","12.07","-11.83","-17.52","4.55","-23.77","4.57","-19.98","26.29","5.85","90","Aerospace","Aerospace - Defense","-19.98","3"
"Assurant","AIZ","13648.89","275.47","342990","-1.58","5.31","18.37","95.14","5.19","7.89","8.85","280.11","184.56","167","Finance","Insurance - Multi line","7.6","3"
"Arthur J. Gallagher & Co.","AJG","65165.25","253.66","1742583","-2.9","21.32","17.95","50.07","-9.85","22.29","20.24","315.14","192","164","Finance","Insurance - Brokerage","10.76","3"
"Akamai Technologies","AKAM","17901.31","123.13","3650771","-1.6","1.98","28.35","58.05","29.79","5.44","24.13","161.14","70.53","100","Computer and Technology","Internet - Services","10.2","3"
"Acadia Realty Trust","AKR","2985.44","22.36","1616889","4.78","5.22","5.27","95.89",".12","14.2","9.77","22.53","18.39","90","Finance","REIT and Equity Trust - Retail","9.77","3"
"Astera Labs, Inc.","ALAB","52980.48","309.09","4805649","-14.63","-29.7","57.19","54.83","70.87","115.13","38.05","483.02","97.95","85","Computer and Technology","Internet - Software","26.72","3"
"Albemarle","ALB","13939.88","118.2","2199412","-6.03","-24.56","-40.76","34.32","-23.14","-4.37","7.53","215.62","67.3","156","Basic Materials","Chemical - Diversified ","-5","3"
"Alcon","ALC","34642.93","70.04","2066254","1.51","7.46","-7.85","26.56","-18.27","4.94","14.89","92.22","62.02","178","Medical","Medical - Instruments","7.7","2"
"Allegro MicroSystems","ALGM","8637.29","46.36","3578033","-8.84","-24.72","6.65","50.32","61.63","22.77","11.24","69.62","22.8","47","Computer and Technology","Electronics - Semiconductors","-1.67","3"
"Align Technology","ALGN","12536.75","175.05","993539","-3.07",".74","-5.22","60.95","3.1",".9","19.31","207.19","124.88","76","Medical","Medical - Dental Supplies","10.5","3"
"Allegiant","ALGT","1883.74","102.17","609867","-4.42","-.01","28.69","76.08","10.2","3.74","4.02","119.16","48.12","75","Transportation","Transportation - Airline","-1.3","2"
"Alignment Healthcare","ALHC","4362.08","21.1","4591762","3.53","-.89",".72","73.22","-1.74","46.06",".47","24.56","11.64","85","Medical","Medical Services",".47","3"
"Alight","ALIT","543.86","20.35","1222929","-2.35","84.93","53.96","10.01","-52.01","-3","11.08","115.2","9.8","85","Computer and Technology","Internet - Software","-137.5","3"
"Alaska Air Group","ALK","5130.19","46.04","2998263","-1.62","-5.66","13.85","39.94","-15.82","21.34","1.36","63.86","34.19","75","Transportation","Transportation - Airline",".51","3"
"Alkermes","ALKS","8620.47","51.72","2204694","-.29","12.39","53.33","87.97","70","-5.25","11.59","55.22","26.13","98","Medical","Medical - Biomedical and Genetics","9.78","3"
"Alkami Technology","ALKT","1925.28","17.99","1990922","1.75","23.3","14.01","24.94","-28.28","32.89","8.9","28.22","14.59","85","Computer and Technology","Internet - Software","-10.55","3"
"Allstate","ALL","65315.41","253.73","1763581","-1.06","14.01","18.45","95.91","12.11","5.58","16.48","256.45","190","154","Finance","Insurance - Property and Casualty","17.81","2"
"Allegion","ALLE","11870.32","138.13","1227075","1.3","5.5","-6.92","23.06","-20.21","7.82","16.82","179.77","125.65","167","Industrial Products","Security and Safety Services","15.24","3"
"Allot","ALLT","395.49","8.13","355769","-2.75","15.98","8.84","35.81","-23.94","10.63","12.54","11.5","6.25","85","Computer and Technology","Internet - Software","5.68","3"
"Ally Financial","ALLY","13952.93","45.52","2717973",".89","-.11","2.52","84.68","-7.56","-3.26","17.33","47.25","35.96","161","Finance","Financial - Consumer Loans","16.47","3"
"Almonty Industries Inc.","ALM","4013.36","13.93","6037243","-7.23","-25.35","-35.18","52.55","45.42","10.56","-49.16","23.42","3.42","211","Basic Materials","Mining - Miscellaneous","-262.29","2"
"Aeluma, Inc.","ALMU","267.44","14.61","551588","-9.93","-37.42","-26.88","18.69","-21.74","407.62","-39.4","31.49","10.73","47","Computer and Technology","Electronics - Semiconductors","-115.57",""
"ALLIENT INC","ALNT","1472.07","86.61","304297","-.76","-12.32","16.76","74.86","48.19","4.62","6.62","102.93","38.02","71","Computer and Technology","Electronics - Miscellaneous Components","4.25","2"
"Alnylam Pharmaceuticals","ALNY","36404.88","272.67","1517913","-5.34","-4.8","-11.62","2.32","-36.94","65.19","20.6","491.22","267.47","98","Medical","Medical - Biomedical and Genetics","11.72","4"
"Alarm.com","ALRM","2618.94","52.95","527894","1.36","21.17","18.03","63.53","-4.55","7.59","14.46","59.16","42.13","167","Industrial Products","Security and Safety Services","12.36","2"
"Allison Transmission Holdings","ALSN","9427.33","113.67","1500950","-1.99","-6.15","-14.98","60.64","6.78","-6.67","18.92","136","79.27","100","Auto-Tires-Trucks","Automotive - Original Equipment","14.88","3"
"Alto Ingredients","ALTO","426.95","5.51","2652020","-6.13","5.56",".36","90.54","75.95","-4.9","2.47","5.99",".92","182","Consumer Discretionary","Consumer Products - Discretionary","3.2","3"
"Autoliv","ALV","8585.6","117.23","748170","-3.82","-.94","1.08","53.88","-9.17","4.09","6.81","131.69","100.34","100","Auto-Tires-Trucks","Automotive - Original Equipment","5.79","3"
"Antero Midstream","AM","10734.55","22.6","2108027",".62","3.43","4.73","85.14","16.83","7.43","33.9","23.6","16.87","201","Oils-Energy","Oil and Gas - Integrated - United States","33.9","4"
"Applied Materials","AMAT","417384.47","525.7","11308167","-8.64","-17.88","29.85","65.19","88.13","4.39","27.24","723","156.25","47","Computer and Technology","Electronics - Semiconductors","29.31","2"
"Ambarella","AMBA","2882.14","65.7","1837999","-8.75","-7.09","1.3","36.38","-14.7","37.15","7.13","95.51","48.65","47","Computer and Technology","Electronics - Semiconductors","-17.19","2"
"Ambiq Micro, Inc.","AMBQ","1568.34","73.37","647860","-9.81","-17.15","110.71","74.73","136.76","-4.67","-25.35","90.48","22.76","47","Computer and Technology","Electronics - Semiconductors","-46.86","3"
"Amcor","AMCR","19987.21","43.23","3077295","1.89","6.27","10.7","47.08","-4.66","10.04","7.67","50.58","36.69","185","Industrial Products","Containers - Paper and Packaging","3.06","3"
"AMC Global Media Inc.","AMCX","462.12","10.52","464370","5.52","12.51","24.79","92.79","1.63","-4.52","3.87","10.9","5.63","67","Consumer Discretionary","Media Conglomerates","2.28","3"
"Advanced Micro Devices","AMD","821121.56","503.57","27007044","-5.77","-8.71","50.49","82","116.25","34.34","20.1","580.91","151.14","16","Computer and Technology","Computer - Integrated Systems","13.37","2"
"AMETEK","AME","53910.84","235.21","967372","1.34","-2.62",".96","89.68","5.36","6.63","23.23","241.94","176.76","28","Computer and Technology","Electronics - Testing Equipment","20.11","2"
"Amgen","AMGN","196545.58","364.17","2146850","1.03","5.64","7.05","79.49","2.33","9.95","32.21","388.16","271.18","98","Medical","Medical - Biomedical and Genetics","20.96","4"
"American Homes 4 Rent","AMH","12152.07","33.7","2096374","-.3","6.51","11.22","67.52","-3.45","7.03","25.27","36.74","27.38","100","Finance","REIT and Equity Trust - Residential","25.27","4"
"Amkor Technology","AMKR","15506.9","62.56","4726823","-5.3","-33.13","-17.27","57.2","45.73","6.18","6.17","93.55","21.14","47","Computer and Technology","Electronics - Semiconductors","6.17","1"
"AMN Healthcare Services","AMN","1309.42","33.76","896465","-.65","11.27","60.92","90.28","97.01","-8.49","3.43","35.77","15.1","196","Business Services","Business - Services","-.95","3"
"Ameriprise Financial","AMP","47305.64","526.22","750230","1.54","11.63","10.12","83.25","-1.3","7.04","21.34","545.5","430.4","72","Finance","Financial - Investment Management","20.57","2"
"Amphastar Pharmaceuticals","AMPH","865.54","19.63","428035","1.76","7.09","-9.33","19.8","-32.59","-1.65","19.32","30.81","16.87","207","Medical","Medical - Generic Drugs","11","3"
"Amplitude","AMPL","1021.01","9.83","2263131","5.02","52.17","39.83","56.8","-21.93","14.68","1.83","13.04","5.61","99","Business Services","Technology Services","-25.11","3"
"Amprius Technologies, Inc.","AMPX","1436.1","10.14","7053598","-8.48","-35.21","-52.66","22.84","18.2","202.11","-19.03","22.91","6.36","99","Business Services","Technology Services","-43.98","3"
"Ameresco","AMRC","1194.05","22.55","493126","-5.05","-22.08","-19.21","24.42","-29.19","9.16","1.85","43.23","15.87","95","Oils-Energy","Alternative Energy - Other","1.59","2"
"Amneal Pharmaceuticals","AMRX","5582.9","17.5","2166422","1.86","8.63","39.22","94.72","27.74","8.05","9.59","18.04","7.82","100","Medical","Medical - Drugs","4.01","3"
"Amrize Ltd","AMRZ","26984.87","48.79","2498380","-.63","-9.04","-16.11","11.14","-17.03",".95","10.67","65.86","46.65","100","Construction","Building Products - Miscellaneous","9.7","3"
"American Superconductor","AMSC","1575.51","32.51","734557","-4.89","-28.27","-34.51","16.11","3.89","34.26","52.85","66.68","25.95","71","Computer and Technology","Electronics - Miscellaneous Components","44.73","3"
"American Tower","AMT","77832.09","167.06","3319432","-1.44","-5.31","-4.7","7.05","-12.49","5.11","26.81","232.35","162.11","64","Finance","REIT and Equity Trust - Other","26.81","3"
"Amerant Bancorp","AMTB","1014.57","25.78","364431",".59","8.27","13.42","93.61","21.52","11.65","18.53","26.4","16.7","90","Finance","Banks - Southeast","8.83","1"
"Amentum Holdings, Inc.","AMTM","5169.73","21.16","1893648","3.57",".47","-19.05","6.14","-32.89","71.59","4","37.53","20.09","100","Construction","Engineering - R and D Services","1.04","2"
"America Movil, S.A.B. de C.V. Unsponsored ADR","AMX","78561","26.1","1199029",".27",".08","1.12","84.65","16.13","3.21","9.23","27.75","17","205","Computer and Technology","Wireless Non-US ","9.23","2"
"Amazon.com","AMZN","2689169.75","249.99","55715552","1.08","7.39","-4.26","67.19","-.39","12.38","10.44","274.99","198.79","166","Retail-Wholesale","Internet - Commerce","12.22","2"
"AutoNation","AN","6622.36","197.91","383999","2.32","5.1","-2.99","39.76","-11.85","3.24","2.73","227.18","178.59","167","Retail-Wholesale","Automotive - Retail and Whole Sales","2.47","3"
"AnaptysBio","ANAB","1489.01","50.29","774405","-27.96","-16.17","-24.48","60.78","-4.6","157.01","-11.53","70.22","19.4","98","Medical","Medical - Biomedical and Genetics","-11.53","4"
"The Andersons","ANDE","2641.91","77.58","316163","3.73","9.48","2.12","95.89","34.19","-2.21","1.32","79.42","34.63","48","Basic Materials","Agriculture - Products","1.17",""
"Arista Networks","ANET","213245.95","169.35","8181266","-6.51","-2.98","-1.81","77.18","18.86","28.6","41.61","186.96","109.78","85","Computer and Technology","Internet - Software","38.32","2"
"Abercrombie & Fitch","ANF","4196.13","94.44","1084315","3.11","9.72","9.07","44.88","-31","6.42","8.8","129.85","65.61","62","Retail-Wholesale","Retail - Apparel and Shoes","9.34","3"
"Angi","ANGI","252.4","6.24","666818","1.13","30.54","-17.13","10.34","-55.62","-13.04","1.93","18.9","4.78","184","Computer and Technology","Internet - Content","1.93","3"
"AngioDynamics","ANGO","566.67","13.71","525063","7.32","10.65","23.63","87.48","-1.8","9.46","-3.13","14.47","8.4","178","Medical","Medical - Instruments","-11.48","4"
"ANI Pharmaceuticals","ANIP","1767.78","77.72","317170","-4.14","-3.55","-2.36","40.53","-9.45","43.78","18.58","98.81","63.35","98","Medical","Medical - Biomedical and Genetics","9.98","3"
"Aon","AON","77481.45","362.78","1489809","-1.24","15.67","12.05","81.36","-5.45","9.45","22.1","375.27","308.27","164","Finance","Insurance - Brokerage","22.54","3"
"Artivion","AORT","1231.55","25.37","729747","5.58","26.03","-31.49","19.14","-48.84","13.59","6.85","47.63","20.1","178","Medical","Medical - Instruments","2.55","3"
"A. O. Smith","AOS","8115.35","58.88","1651738","-1.09",".32","-8.97","12.56","-19.03",".32","13.84","80.47","55.78","100","Industrial Products","Manufacturing - Electronics","13.84","4"
"Alpha and Omega Semiconductor","AOSL","940.09","31.41","674621","-9.46","-36.37","-25.82","38.88","45.82","5.92","-1.2","53.32","17.47","47","Computer and Technology","Electronics - Semiconductors","-15.51","3"
"APA","APA","12312.47","34.84","5100777",".49","1.87","-9.34","63.73","31","-5.31","16.52","44.39","18.06","201","Oils-Energy","Oil and Gas - Exploration and Production - United States","17.38","4"
"Artisan Partners Asset Management","APAM","3100.15","38.47","894930","4.88","6.92",".89","31.32","-13.16","7.64","26.43","48.34","33.97","72","Finance","Financial - Investment Management","23.49","3"
"Air Products and Chemicals","APD","66053.77","296.63","1393520","-1.77","4.78","-1.9","78.95","10.44","-.52","22.98","314.19","230.76","156","Basic Materials","Chemical - Diversified ","16.91","3"
"American Public Education","APEI","903.78","49.27","346012","-16.59","-8.71","-13.56","64.7","19.88","3.89","6.13","60.86","28.03","100","Consumer Discretionary","Schools","6.13","1"
"APi Group","APG","17060.52","39.38","2668579","-4.88","-7.95","-20.28","36.42","-5.34","12.72","15.35","49.4","33.64","196","Business Services","Business - Services","3.85","3"
"Amphenol","APH","185162.59","150.51","7121951","-3.51","-9.31","1.26","65.86","2.43","51.71","18.71","176.32","100.71","100","Computer and Technology","Electronics - Connectors","17.24","1"
"Applied Digital Corporation","APLD","7958.68","27.85","18490166","-3.43","-38.39","-17.29","44.98","4.46","-12.91","-51.18","49.65","10.03","186","Finance","Financial - Miscellaneous Services","-52.84","5"
"Apple Hospitality REIT","APLE","3989.54","16.9","2891325","3.24","1.75","26.69","97.61","31.16","-1.33","12.08","17.04","11.17","64","Finance","REIT and Equity Trust - Other","12.08","2"
"Apollo Global Management","APO","68167.43","118.24","5131226","-.5","-12.55","-4.13","32.18","-24.88","22.73","127.65","156.05","100.3","72","Finance","Financial - Investment Management","3.62","3"
"Apogee Enterprises","APOG","822.63","39.42","343414","1.08","-4.83","5.29","44.74","-.43","3.21","5.35","48.92","31.73","28","Industrial Products","Glass Products","4.88","2"
"AppLovin","APP","142640.13","424.6","5112480","-4.12","-9.54","-7.75","19.45","-42.05","16.38","63.52","733.6","350","99","Business Services","Technology Services","64.29","3"
"AppFolio","APPF","6332.36","179.09","323265","-.45","24.04","5.5","20.09","-29.2","19.72","20.64","321.25","143.34","85","Computer and Technology","Internet - Software","15.27","3"
"Appian","APPN","1910.92","26.03","708941","-.08","31","18.53","27.16","-32.41","17.81","7.29","45.64","18.72","85","Computer and Technology","Internet - Software",".12","3"
"Digital Turbine","APPS","1008.61","8.34","4169158","-16.18","-9.84","133.61","52.62","53.4","15.24","11.28","13.31","2.82","85","Computer and Technology","Internet - Software","-6.68","1"
"APTIV PLC","APTV","12127.97","57.31","2437121","-3.24","-9.85","-4.59","13.13","-30.73","3.47","8.23","88.67","52.57","99","Business Services","Technology Services","1.77","3"
"Algonquin Power & Utilities","AQN","4471.84","5.81","4163111","1.57","-.85","-7.78","27.33","-13.12","4.92","10.05","6.98","5.37","154","Utilities","Utility - Electric Power","6.62","4"
"Antero Resources","AR","10295.85","33.23","4504476","-3.06","-2.35","-12.99","21.99","-11.31","21.97","11","45.15","29.87","201","Oils-Energy","Oil and Gas - Exploration and Production - United States","16.39","3"
"ArcBest","ARCB","3522.13","158.2","389004","5.82","8.65","24.82","86.78","96.11","-4.04","1.98","173.22","59.62","7","Transportation","Transportation - Truck","1.38","1"
"Ares Capital","ARCC","13628.07","18.98","4796749","1.82","6.39","1.99","26.38","-13.71","2.07","45.34","23.25","17.45","212","Finance","Financial - SBIC & Commercial Industry","37.3","4"
"Arcos Dorados","ARCO","1721.12","8.17","1381546","-1.45","-1.57","-8.61","55.07","2.37","4.66","1.56","9.5","6.54","207","Retail-Wholesale","Retail - Restaurants","4.86","1"
"Ardent Health, Inc.","ARDT","1496.57","10.44","526101","3.67","15.61","3.98","35.37","8.74","6.01","3.61","15.21","7.83","85","Medical","Medical Services","2.09","3"
"Ardelyx","ARDX","1257.38","5.09","4150608","-.97","-20.09","-15.03","23.08","-19.71","22.09","-13.58","7.99","4.22","100","Medical","Medical - Drugs","-13.58","4"
"Alexandria Real Estate Equities","ARE","8722.19","50.05","1607239","4.1","-1.34","9.86","20.49","-5.95","-2.88","-36.03","87.45","40.41","64","Finance","REIT and Equity Trust - Other","-36.03","5"
"Ares Management","ARES","40000.62","121.27","2201823",".68","-3.68","8.1","25.73","-31","44.19","33.24","192.76","96.5","72","Finance","Financial - Investment Management","10.54","4"
"Argenx","ARGX","52938.49","846.19","337986","-3.43","-6.37","7.97","75.07","-7.46","88.63","31.31","939.68","564.59","98","Medical","Medical - Biomedical and Genetics","31.31","2"
"Arhaus, Inc.","ARHS","1058.72","7.48","1153277","-3.23","7.63","-.66","24.54","-38.63","8.51","4.67","12.8","5.75","59","Retail-Wholesale","Retail - Miscellaneous","4.67","3"
"Apollo Commercial Real Estate Finance","ARI","893.12","6.83","7343015","-33.75","-36.47","-38.41","0","-35.11","-10.56","97.02","11.22","6.83","197","Finance","REIT and Equity Trust","48.01","3"
"Aris Mining Corporation","ARIS","2863.01","13.87","1425116","-2.26","-15.63","-26.07","44.73","-21.4","81.68","29.53","22.68","6.74","230","Basic Materials","Mining - Gold","15.19","5"
"ARKO","ARKO","869.44","7.75","759195","-4.32","3.89","19.41","81.54","56.99","-12.47",".38","8.64","3.82","179","Consumer Staples","Consumer Products - Staples",".38","3"
"Arlo Technologies","ARLO","1433.65","13.2","1199455",".69","-.15","-7.11","24","-13.23","3.6","16.35","19.44","11.23","85","Computer and Technology","Internet - Software","5.47","3"
"ARM Holdings PLC Sponsored ADR","ARM","287964.69","269.61","6629803","-9.83","-33.87","24.89","49.28","126.84","22.79","38.56","439.46","104.55","47","Computer and Technology","Electronics - Semiconductors","18.37","3"
"Aramark","ARMK","14838.47","56.43","2582106","-2.96","5.38","23.75","92.22","40.8","6.35","2.79","58.15","36.04","207","Retail-Wholesale","Retail - Restaurants","1.84","4"
"Archrock","AROC","6489.94","37.03","2256293","-2.81","-2.76","-.96","75.34","30.88","28.7","22.04","41.95","22","158","Oils-Energy","Oil and Gas - Field Services","21.45","3"
"Arcutis Biotherapeutics","ARQT","3443.54","27.53","1554233","1.51","3.26","17.55","78.51","-12.81","91.34","-.57","31.2","14.12","98","Medical","Medical - Biomedical and Genetics","-.57","2"
"ARMOUR Residential REIT","ARR","2034.36","16.4","4336785","-2.79","-.91","-6.87","46.35","-14.74","45.28","167.45","19.12","14.05","197","Finance","REIT and Equity Trust","27.43","3"
"Array Technologies","ARRY","915.27","5.95","5969196","-2.78","-30.33","-25.35","7.25","-40.65","40.22","12.69","11.96","5.48","57","Oils-Energy","Solar","-5.56","1"
"Arvinas","ARVN","517.46","8.02","727481","-.99","3.62","-22.06","23.45","-37.81","-.3","-247.54","13.83","6.24","98","Medical","Medical - Biomedical and Genetics","-247.54","3"
"Arrow Electronics","ARW","10513.65","205.61","584093","1.9","-12.44","10.24","78.02","71.63","10.49","2.24","234.83","101.87","28","Computer and Technology","Electronics - Parts Distribution","2.17","1"
"Arrowhead Pharmaceuticals","ARWR","10092.41","71.65","2900029","-3.32","-12.62","-2.65","78.8","-.74","23258.15","-48.38","86.97","14.71","98","Medical","Medical - Biomedical and Genetics","-48.38",""
"Accelerant Holdings","ARX","2963.17","13.58","2202008","1.8","5.35","0","20.4","-23.61","51.49","26.6","30.05","9.36","164","Finance","Insurance - Brokerage","-135.47","2"
"Amer Sports, Inc.","AS","20126.74","36.34","3454096","6.41",".64","2.66","54.75","-10.52","26.68","8.74","41.96","29.54","95","Consumer Discretionary","Leisure and Recreation Products","6.5","3"
"Asana","ASAN","1751.88","7.6","5115110","-1.17","12.59","21.8","21.64","-49.02","9.25","9.57","15.35","5.46","85","Computer and Technology","Internet - Software","-20.21","2"
"Assa Abloy","ASAZY","38984.66","17.52","731637","3.36",".17","-12.88","20.36","-16.56","9.67","10.81","21.94","16.39","167","Industrial Products","Security and Safety Services","10.82","4"
"Associated BancCorp","ASB","5841.2","30.97","2198501",".65","5.41","10.29","89.99","10.57","2.81","32.12","31.77","23.78","76","Finance","Banks - Midwest","19.88","3"
"Ardmore Shipping","ASC","644.37","15.82","664580","-.06","-9.91","-6.83","60.25","37.39","-23.56","28.4","19.68","9.97","62","Transportation","Transportation - Shipping","18",""
"ASHLAND INC","ASH","3099.83","67.7","924489","2.7",".01","17.33","94.79","6.12","-13.68","8.39","68.81","47.49","95","Basic Materials","Chemical - Specialty","-39.03","3"
"AerSale","ASLE","282.1","5.97","465637","-1","-5.84","-12.59","6.48","-22.78","-2.83","5.45","9","5.76","79","Aerospace","Aerospace - Defense Equipment","3.06","3"
"Avino Silver","ASM","946.16","5.57","2954786","-2.96","-13.24","-17.85","29.65","-17.51","39.36","55.49","11.24","3.18","161","Basic Materials","Mining - Silver","32.74","3"
"ASML Holding","ASML","683928.25","1739.02","2090483",".75","-9.86","21.4","80.73","49.49","20.81","30.11","1989.44","689.63","28","Computer and Technology","Semiconductor Equipment - Wafer Fabrication","30.11","2"
"Ascendis Pharma","ASND","15703.99","251.76","872104","-5.08","10.42","11.07","77.67","8.58","106.99","-13.32","277.18","163.32","98","Medical","Medical - Biomedical and Genetics","57.87","3"
"Academy Sports and Outdoors","ASO","2965.72","47.82","1535786","2.86","-7.83","-15.39","31.3","-11.97","2.02","6.56","61.19","41.73","95","Consumer Discretionary","Leisure and Recreation Products","6.24","3"
"Aspen Aerogels","ASPN","416.87","5.03","1185528","-2.9","-21.04","38.19","39.36","63.46","-40.11","-25.59","8.82","2.57","100","Construction","Building Products - Miscellaneous","-48.64","3"
"Astrana Health, Inc.","ASTH","2482.16","44.55","753616","-6.49","12.53","30.99","83.38","65.14","56.39","2.07","49.81","18.16","76","Medical","Medical - Outpatient and Home Healthcare",".86","3"
"AST SpaceMobile","ASTS","22286.11","57.42","18472050","-15.03","-21.55","-25.62","21.33","-27.29","1505.21","-573.67","133.09","36.91","48","Computer and Technology","Wireless Equipment","-573.67","3"
"ASE Technology","ASX","82047.7","36.9","11464032","-9.02","-15.41","19.61","76.92","110.79","11.82","7.03","45.12","9.5","47","Computer and Technology","Electronics - Semiconductors","7.03","1"
"Amtech Systems","ASYS","237.57","16.32","493843","-9.38","-25.92","-7.95","60.79","19.6","-21.59","5.31","23.99","4.43","5","Computer and Technology","Semiconductor - General","3.11","3"
"Atour Lifestyle Holdings Limited Sponsored ADR","ATAT","4416.6","32.13","855620","2.29","1.01","-12.88","9.27","-25","40.99","17.22","42.9","31.03","84","Consumer Discretionary","Leisure and Recreation Services","17.22","3"
"Alphatec","ATEC","1271.84","8.27","2814870","-15.09","-3.27","-20.17","8.16","-63.85","24.95","2.1","22.68","6.99","178","Medical","Medical - Instruments","-15.93","3"
"A10 Networks","ATEN","2576.81","35.79","1155998","-2.72","5.98","29.25","89.24","86.07","11.03","23.04","38.11","16.55","85","Computer and Technology","Internet - Software","14.9","3"
"Anterix","ATEX","1986.9","101.9","480160","-1.4","32.3","115.84","93.01","329.3","7.79","-398.86","108.21","17.99","7","Computer and Technology","Communication - Infrastructure","1394.17","3"
"Autohome","ATHM","2468.11","21.43","766051","5.2","16.22","16.09","37.3","-11.46","-4.33","22.14","29.92","16.38","100","Computer and Technology","Internet - Services","17.91","4"
"ATI INC","ATI","25416.25","186.24","1560538","1.36","-8.75","21.37","86.55","49.25","5.16","10.77","204.09","71.34","79","Aerospace","Aerospace - Defense Equipment","9.26","2"
"Atmus Filtration Technologies Inc.","ATMU","4126.09","50.52","752477","-1.42","-3.07","-19.3","46.69","-10.49","5.67","12.64","65.57","37.34","100","Auto-Tires-Trucks","Automotive - Original Equipment","11.56","2"
"Atmos Energy","ATO","29599.89","177.33","1165843","-1.21","4.56","-4.47","60.22","-2.71","12.91","27.58","192.29","154.68","189","Utilities","Utility - Gas Distribution","27.58","3"
"AptarGroup","ATR","8290.9","129.91","442018","4.02","8.26","4.15","36.03","-2.04","5.42","9.78","161.82","111.94","185","Industrial Products","Containers - Paper and Packaging","9.98","3"
"AtriCure","ATRC","1760.79","34.77","998137","-.09","22.26","19.73","53.85","-19.17","14.88",".25","42.4","25.86","167","Medical","Medical - Products","-.83","3"
"Astronics","ATRO","2892.32","67.25","721363","-6.64","-17.84","9.93","67.98","36.83","8.39","9.49","87.15","25.01","79","Aerospace","Aerospace - Defense Equipment","5.12","1"
"AngloGold Ashanti PLC","AU","37806.16","74.88","3204084","-6.12","-13.16","-23.77","34.91","-19.25","70.78","32.52","128.26","46.25","230","Basic Materials","Mining - Gold","31.11","4"
"Atlantic Union Bankshares","AUB","6015.15","42.03","1307335",".02","6.08","10.58","89.85","9.5","51.58","34.41","43.25","31.23","85","Finance","Banks - Northeast","15.5","3"
"Aura Minerals Inc.","AUGO","4195.33","50.07","1108459","-6.43","-23.28","-43.07","31.02","-8.66","55.13","25.23","109.14","23.5","211","Basic Materials","Mining - Miscellaneous","7.8","5"
"Aurinia Pharmaceuticals","AUPH","1961.18","15.25","1906559","-4.87","-13.01","-6.84","66.3","-12.07","20.38","41.27","18.62","8.62","100","Medical","Medical - Drugs","99.97","3"
"Avista","AVA","3446.02","41.7","617641","-.9","5.01","1.58","81.67","-.49","1.34","10.75","43.08","35.55","154","Utilities","Utility - Electric Power","10.75","3"
"Aveanna Healthcare","AVAH","2110.05","9.69","2428866",".21","22.35","43.56","91.12","9.08","20.19","5.9","10.27","3.74","76","Medical","Medical - Outpatient and Home Healthcare","10.37","2"
"AeroVironment","AVAV","7216.71","142.6","2346948",".56","-5.77","-27.15","2.17","-45.78","140.89","8.18","409.83","136.68","79","Aerospace","Aerospace - Defense Equipment","-9","3"
"AvalonBay Communities","AVB","27253.49","191.84","933703","-1.38","6.64","10.08","71.01","-2.69","4.36","37.29","204.51","160.81","100","Finance","REIT and Equity Trust - Residential","37.21","4"
"Broadcom","AVGO","1799126.5","378.16","23320412","-1.53","-3.56","-9.57","49.05",".49","23.87","53.5","481.57","278.59","47","Computer and Technology","Electronics - Semiconductors","38.85","2"
"Avanos Medical","AVNS","1170.73","24.99","680472",".24",".36","1.5","99.6","104.66","1.95","5.87","25.05","9.89","178","Medical","Medical - Instruments","-10.39","3"
"Avient","AVNT","3311.65","36.11","971602","1.52","-3.14","-2.83","54.62","6.31",".61","8.1","43.28","27.48","156","Basic Materials","Chemical - Diversified ","4.81","2"
"Mission Produce","AVO","1151.69","13.04","1317561","-1.73","14.49","-8.56","56.02","3.39","12.68","3.89","15.34","10.11","164","Consumer Staples","Agriculture - Operations","1.83","3"
"AvePoint","AVPT","2807.11","13.24","2458495","4.42","32.8","33.74","41.18","-12.34","26.93","18.31","19.31","8.99","85","Computer and Technology","Internet - Software","10.55","3"
"Avnet","AVT","6973.69","85.02","1100989","-.15","-8.04","8.17","83.71","62.63","-6.55","1.4","92.93","44.37","28","Computer and Technology","Electronics - Parts Distribution",".86","3"
"Avantor","AVTR","7278.17","10.66","8703905",".95","14.01","33.75","39.68","-14.45","-3.41","8.73","15.6","7.41","85","Medical","Medical Services","-8.42","2"
"Avery Dennison","AVY","12113.02","158.36","657800","-.55",".56","-4.01","12.04","-19.92","1.14","8.37","197.45","153.01","185","Industrial Products","Containers - Paper and Packaging","7.66","3"
"Armstrong World Industries","AWI","6496.57","152.22","438974","-2.23","-2.95","-14.37",".56","-26.74","12.11","19.61","203.71","151.93","100","Construction","Building Products - Miscellaneous","18.59","3"
"American Water Works","AWK","26099.24","133.65","2005510","1.61","6.99","1.28","48.4","-5.81","9.74","21.28","147","121.13","167","Utilities","Utility - Water Supply","21.17","3"
"American States Water","AWR","3464.63","88.4","352644","3.94","13.83","11.45","95.41","12.17","10.52","19.66","89.28","70.1","167","Utilities","Utility - Water Supply","19.66","3"
"Axos Financial","AX","5551.37","97.59","412341",".44","10.25","-.93","86.54","4.17","3.63","33.23","101.01","75.6","186","Finance","Financial - Miscellaneous Services","22.53","2"
"AxoGen","AXGN","2099.46","39.48","1463930","-.03","-12.17",".23","80.78","10.94","20.21","8.17","46.19","11.28","178","Medical","Medical - Instruments","-13.21","3"
"Axon Enterprise","AXON","42515.98","527.48","1063948","-3.57","28.64","31.02","34.58","-14.58","33.47","19.51","870.97","345.94","79","Aerospace","Aerospace - Defense Equipment","6.9","3"
"American Express","AXP","240131.16","351.93","2972842","-.71","4.1","10.38","64.41","-12.51","9.52","15.13","384.89","292.27","186","Finance","Financial - Miscellaneous Services","15.13","3"
"Axis Capital Holdings","AXS","8480.38","115.03","713527",".45","11.26","15.6","100","-1.21","10.17","15.79","115.03","88.25","154","Finance","Insurance - Property and Casualty","16","3"
"Axsome Therapeutics","AXSM","11405.54","221.64","1205628","-2.91","-10.58","18.27","78.34","11.61","65.55","-27.32","255.17","100.39","98","Medical","Medical - Biomedical and Genetics","-26.59","5"
"Axalta Coating Systems","AXTA","6874.28","32.12","1496186",".16","-6.44","9.14","65.94","-8.57","-3.01","10.39","35.57","25.44","95","Basic Materials","Chemical - Specialty","7.22","2"
"AXT","AXTI","3194.61","48.83","8905678","-3.23","-47.18","-30.39","33.77","174.67","-11.11","-10.85","140.83","1.92","47","Computer and Technology","Electronics - Semiconductors","-14.69","3"
"Acuity, Inc.","AYI","9783.83","326.83","476876",".45","1.6","11.99","58.07","-16.51","13.14","13.16","376.69","257.79","99","Business Services","Technology Services","10.25","3"
"AstraZeneca","AZN","255155.39","164.52","2632990","-2.92","-6.75","-12.26","37.59","-17.71","8.63","23.86","209.48","137.44","98","Medical","Medical - Biomedical and Genetics","17.19","4"
"AutoZone","AZO","48880.23","2994.1299","387371","-2.76","1.53","-15.95","4.15","-18.81","2.43","12.4","4354.54","2935.19","48","Retail-Wholesale","Automotive - Retail and Wholesale - Parts","12.4","3"
"Azenta","AZTA","1210.4","26.26","596578",".81","17.92","4.41","40.98","-27.39","-9.52","3.44","41.01","16.02","72","Medical","Medical Info Systems","-30.49",""
"AZZ","AZZ","4428.99","147.38","363895",".61","-6.86","1.8","79.55","26.46","4.58","11.28","160.17","97.64","100","Industrial Products","Manufacturing - Electronics","11.83","3"
"Barrick Mining Corporation","B","58035.55","34.89","8509659","-2.92","-13.08","-14.21","43.91","-26.32","31.22","27.22","52.98","20.73","230","Basic Materials","Mining - Gold","32.14","3"
"Boeing","BA","165133.56","209.48","4929401","-2.8","-5.14","-9.45","41.57","-11.27","34.5","-9.1","252.15","179.12","90","Aerospace","Aerospace - Defense","2.27","3"
"Alibaba","BABA","288462.78","120.34","14190995","7.11","14.64","-9.19","27.01","-24.5","8.09","6.13","189.34","94.81","166","Retail-Wholesale","Internet - Commerce","10.31","4"
"Bank of America","BAC","428776","60.42","32819804","1.55","5.32","14.8","92.98","1.03","-.45","28.55","61.59","44.92","26","Finance","Financial - Investment Bank","17.56","2"
"Booz Allen Hamilton","BAH","7726.02","64.52","2405727","-.43","1.88","-15.32","8.55","-29.66","-6.37","7.11","115.95","59.71","161","Business Services","Consulting Services","7.59","3"
"Ball","BALL","16573.85","62.25","2326345","1.55","6.96","1.93","74.19","8.08","11.58","7.44","67.76","46.41","100","Industrial Products","Containers - Metal and Glass","6.86","3"
"Brookfield Asset Management Ltd.","BAM","77599.47","47.37","2461817","1.59",".17",".87","22.15","-16.84","21.03","48.87","63.19","42.87","186","Finance","Financial - Miscellaneous Services","49.69","3"
"Banc of California","BANC","3208.95","20.81","2546750","1.56","2.97","10.81","90.85","-.78","-3.76","24.32","21.48","14.16","43","Finance","Banks - Southwest","13.58","3"
"Bandwidth","BAND","2202.79","68.8","1176839","-6.79","35.38","185.36","85.31","309.54",".71","6.03","78.44","12.82","7","Computer and Technology","Communication - Infrastructure","-.64","1"
"Banner","BANR","2398.14","70.6","381329","2.96","7.72","4.58","87.26","3.62","5.38","30.93","72.43","58.07","85","Finance","Financial - Savings and Loan","23.24","3"
"Baxter International","BAX","11398.47","22.07","5780283","-2.22","12.26","19.36","46.72","6.21","5.72","9.5","29.22","15.8","167","Medical","Medical - Products","-9.7","4"
"Bayer","BAYRY","52779.9","13.43","1008365","-5.16","24.24","25.51","77.88","14.15","2.21","11.14","15.19","7.25","230","Medical","Large Cap Pharmaceuticals","-4.75","4"
"BlackBerry","BB","5174.92","8.83","31675804","-17.55",".46","65.98","58.8","114.27","2.65","19.02","12.81","3.15","85","Computer and Technology","Internet - Software","10.31","2"
"BBVA Banco Frances","BBAR","4001","19.59","513715","-1.95","-6.67","36.04","83.43","-.29","2.25","5.77","21.9","7.96","100","Finance","Banks - Foreign","3.44","3"
"Bed Bath & Beyond, Inc.","BBBY","370.43","5.01","2535759","-.2","-14.07","-6.18","8.51","-15.61","-25.12","-4.91","12.11","4.35","166","Retail-Wholesale","Internet - Commerce","-5.76","3"
"Barings BDC","BBDC","878.49","8.39","619121","-.83","3.71","-4.88","20.94","-15.95","-2.43","42.62","9.9","7.99","212","Finance","Financial - SBIC & Commercial Industry","32.45","2"
"BridgeBio Pharma","BBIO","15817.75","80.76","4936950","-2.79","17.18","8.37","79.25","-2.9","126.26","-124.42","90.17","44.81","207","Medical","Medical - Generic Drugs","-124.42","3"
"Beta Bionics, Inc.","BBNX","794.09","17.82","968226","5.13","30.07","67.32","38.74","-46.21","53.94","-60.27","31.99","8.86","178","Medical","Medical - Instruments","-60.27","4"
"Beacon Financial Corporation","BBT","2555.55","30.49","883047",".99","2.49","-4","78.49","6.34","26.81","27.88","32.51","23.12","85","Finance","Banks - Northeast","6.97","3"
"Brookfield Business Partners","BBUC","6297.17","30.42","706672","2.81","-7.62","-9.14","49.02","-20.52","-32.41","1.28","37.17","23.93","196","Business Services","Business - Services","1.28","3"
"Banco Bilbao Viscaya Argentaria","BBVA","143409.28","25.12","1176987","-1.06","1.09","14.13","91.06","-.89","8.79","28.07","26.14","14.73","100","Finance","Banks - Foreign","28.21","4"
"BuildABear Workshop","BBW","426.65","34.03","369798","1.22","6.98","-11.7","9.11","-48.92","6.73","9.46","75.85","29.84","59","Retail-Wholesale","Retail - Miscellaneous","10.48","2"
"Bath & Body Works, Inc.","BBWI","4134.03","20.51","5205695",".44","4.48","8","31","-6.06","-.22","8.68","33.11","14.85","59","Retail-Wholesale","Retail - Miscellaneous","10.03","3"
"Best Buy","BBY","17942.6","85.13","3607496","4.26","12","43.63","99.06","16.98",".39","3.32","85.41","55.52","100","Retail-Wholesale","Retail - Consumer Electronics","2.73","3"
"Brunswick","BC","5141.43","79.13","630253","2.83","-2.93","-1.32","69.03","-1.97","2.4","4.08","89.22","56.64","95","Consumer Discretionary","Leisure and Recreation Products","-2.47","3"
"Boise Cascade","BCC","2670.9","75.9","460487","1.58","4.63","-9.49","40.51","-5.16","-4.75","1.83","91.22","65.47","100","Construction","Building Products - Wood","1.73","2"
"BCE","BCE","20235.81","21.7","3883703","1.17","-4.19","-7.89","14.88","-16.22","-1.71","10.49","26.45","20.87","233","Utilities","Diversified Communication Services","25.66","4"
"Brink's","BCO","4924.84","119.59","535239","11.33","22.59","11.98","68.27","-5.78","4.97","6.41","135.58","85.19","85","Business Services","Financial Transaction Services","3.35","3"
"BioCryst Pharmaceuticals","BCRX","2315.42","9.11","6013493","-8.07","-.33","2.36","58.93","7.41","94.1","31.95","11.11","6.24","100","Medical","Medical - Drugs","-51.71","2"
"Barclays","BCS","92849.95","27.24","4623027","-.18","-.18","17.97","87.72","-1.56","12.23","21.1","28.41","18.88","100","Finance","Banks - Foreign","21.1","3"
"Belden","BDC","3875.71","99.52","572663","-2.68","-18.19","-24.41","0","-21.47","10.33","11.03","150.91","99.52","39","Computer and Technology","Communication - Components","8.49","2"
"Becton, Dickinson and Company","BDX","42565.48","154.48","2390519",".42","9.79","2.84","19.87","-26.79","8.24","17.97","210.02","140.71","76","Medical","Medical - Dental Supplies","5.33","4"
"Bloom Energy","BE","56052.51","197.06","15255064","-15.6","-43.02","-16.03","53.73","108.58","37.33","13.46","345.85","24.31","95","Oils-Energy","Alternative Energy - Other",".25","1"
"Beam Therapeutics","BEAM","2708.81","26.33","2670050","-15.07","-25.89","-9.72","47.1","-12.64","120.01","-195.22","37.92","16.01","98","Medical","Medical - Biomedical and Genetics","-39.66","3"
"KE Hodlings","BEKE","18987.14","16.97","3710192","5.6","13.13","5.86","44.43","-.97","5.63","5.81","20.36","14.26","100","Computer and Technology","Internet - Services","3.77","2"
"Bel Fuse","BELFB","3385.64","266.11","338913","1.08","-12.56","6.04","71.12","44.28","26.3","13.53","333.04","101.32","66","Computer and Technology","Electronics - Miscellaneous Products","7.84","5"
"Franklin Resources","BEN","16747.9","32.23","4217324","-1.83","-5.01","16.9","83.33","24.08","3.45","15.32","34.44","21.18","72","Finance","Financial - Investment Management","8.12","1"
"Brookfield Renewable Partners","BEP","9618.58","32.05","653384",".6","-10.33","-5.23","59.51","9.29","9.04","14.49","37.31","24.32","154","Utilities","Utility - Electric Power","8.28","5"
"Brookfield Renewable","BEPC","5163.1","34.22","1219626",".12","-9.8","-16.48","10.98","-17.91","-36.56","-62.4","44.43","32.96","95","Oils-Energy","Alternative Energy - Other","-62.4","3"
"BrownForman","BF.B","12118.6","26.41","2600816",".61","-3.12","-4.28","42.67","-6.8","-1.18","18.2","31.26","22.8","215","Consumer Staples","Beverages - Alcohol","18.2","3"
"Bright Horizons Family Solutions","BFAM","4077.54","77.51","893501","3.68","21.07","-4.66","27.81","-29.7","9.22","8.77","125.1","59.18","196","Business Services","Business - Services","6.35","3"
"Bread Financial","BFH","4019.7","99.48","636257","2.37","-4.05","13.05","83.07","23.59","-2.06","15.85","108.73","54.08","186","Finance","Financial - Miscellaneous Services","11.9","3"
"Butterfly Network","BFLY","1703.49","6.69","9186056","-17.41","-7.98","22.08","70.71","61.91","18.96","-57.3","8.91","1.33","72","Medical","Medical Info Systems","-73.63","3"
"BUNGE GLOBAL SA","BG","23377.24","120.49","1442535","2.63","8.14","-2.86","81.25","24.4","32.43","1.71","131.41","73.16","48","Basic Materials","Agriculture - Products",".85","2"
"BGC Group, Inc.","BGC","5360.64","11.19","3499969","1.91","-7.37","-1.93","66.36","15.24","29.99","19.97","12.65","8.31","26","Finance","Financial - Investment Bank","5.69","3"
"Benchmark Electronics","BHE","2892.05","80.61","546292","-1.42","-13.93","16.39","71.2","73.38",".11","3.29","98.67","35.97","19","Computer and Technology","Electronics - Manufacturing Services","1.27",""
"Brighthouse Financial","BHF","3728.81","64.91","452926","-2.55","2.95","4.78","92.69","-7.86","43.23","12.09","66.61","43.36","200","Finance","Insurance - Life Insurance","-1.1","3"
"Baidu","BIDU","37363.05","109.81","2362101","-3.16","-1.73","-14.22","31.24","-22.71","1.21","13.05","162.52","85.86","100","Computer and Technology","Internet - Services","1.08","5"
"Biogen","BIIB","29520.04","199.95","1505075","-4.34",".12","10.67","82.25","4.49","2.22","23.47","216.63","122.68","98","Medical","Medical - Biomedical and Genetics","13.81","3"
"Bilibili","BILI","7634.96","18.41","2323526","4.66","9.84","-15.2","12.27","-31.15","18.06","9.15","35.92","15.96","100","Consumer Discretionary","Broadcast Radio and Television","4.58","4"
"BILL Holdings, Inc.","BILL","4499.78","45.18","2344753","5.41","41.36","20.32","54.29","-23.82","13.36","17.65","56.31","31.96","85","Computer and Technology","Internet - Software",".01","3"
"BioRad Laboratories","BIO","8079.33","301.9","310135","1.45","7.4","5.09","61.39","-8.36",".65","9.67","339.75","241.71","167","Medical","Medical - Products","6.52","4"
"Brookfield Infrastructure Partners","BIP","18136.01","39.18","687647","4.17","8.08","8.56","91.24","3.72","9.8","3.46","40.08","29.81","64","Finance","REIT and Equity Trust - Other","3.46","3"
"Brookfield Infrastructure","BIPC","4987.67","40.55","809299","2.94","7.11",".02","32.62","-17.86",".05","-.72","51","35.49","189","Utilities","Utility - Gas Distribution","-20.48","3"
"Birkenstock Holding PLC","BIRK","7865.66","42.77","1553775","-4.17","-1.22","8.53","52.14","-3.83","18.45","16.16","53.4","31.19","58","Consumer Discretionary","Shoes and Retail Apparel ","16.26","4"
"BJ's Wholesale Club","BJ","11991.74","93.91","1902507","4.21","12.04","1.1","38.57","-4.07","4.66","2.61","109.98","83.82","179","Consumer Staples","Consumer Products - Staples","2.62","3"
"BJ's Restaurants","BJRI","1446.81","68.84","514491","10.34","25.8","83.62","100","60.69","3.08","3.54","68.84","28.69","207","Retail-Wholesale","Retail - Restaurants","3.15","2"
"Brookdale Senior Living","BKD","3565.13","14.93","5477243","3.68","6.72","7.03","80.91","27.26","2.19","-4.18","16.77","7.13","100","Medical","Medical - Nursing Homes","-6.51","3"
"The Buckle","BKE","2214.25","42.98","547215","1.01","-4.11","-23.93","7.55","-26.01","6.58","16.85","61.58","41.46","62","Retail-Wholesale","Retail - Apparel and Shoes","16.85",""
"Black Hills","BKH","5670.06","74.48","791620","-1.74","2.14","-.98","88.79","-1.33","8.57","13.18","76.83","55.87","154","Utilities","Utility - Electric Power","12.61","3"
"BAKKT INC","BKKT","350.21","7.85","1135569","-2.97","-13.26","-12.78","2.36","-28.09","-33.09","-5.03","45.04","6.95","186","Finance","Financial - Miscellaneous Services","-8.37",""
"Booking Holdings","BKNG","139051.94","179.45","7189365","2.08","6.96","1.09","32.93","-22.96","13.39","27.17","231.02","154.13","166","Retail-Wholesale","Internet - Commerce","22.23","3"
"Baker Hughes","BKR","54712.59","55.15","8995306","-4.35","-6.76","-19.35","52.38","11.38","-.34","9.49","69.67","39.18","158","Oils-Energy","Oil and Gas - Field Services","11.17","3"
"BlackSky Technology","BKSY","811.2","21.86","1481460","-16.15","-23.41","-34.18","22.66","7.22","4.39","-67.05","51.63","13.14","99","Business Services","Technology Services","-89.07","3"
"BankUnited","BKU","3492.36","48.05","1042622",".25","-.93","3.11","81.5","-.85","-6.22","24.7","50.93","35.36","23","Finance","Banks - Major Regional","14.46","3"
"BKV Corporation","BKV","2777.33","25.39","808865","-1.55","-1.17","-13.76","45.75","-13.99","73.64","10.02","32.16","19.68","95","Oils-Energy","Alternative Energy - Other","21.71","3"
"BlackLine","BL","1771.56","30.2","958063",".37","16.69","-1.4","14.79","-49.77","7.21","22.37","58.83","25.23","85","Computer and Technology","Internet - Software","3.71","3"
"Blue Bird","BLBD","2579.2","81.5","442129","6.45","7.36","26.43","100","59.48","9.87","9.85","81.5","42.75","167","Auto-Tires-Trucks","Automotive - Domestic","8.91","3"
"Bausch + Lomb","BLCO","5705.77","15.98","354537","-1.42","7.03",".63","48.63","-13.95","6.47","4.49","18.6","13.5","85","Medical","Medical Services","-4.21","3"
"Builders FirstSource","BLDR","7819.6","72.7","2069205","-1.1","-5.99","-19.11","7.62","-35.02","-7.38","4.23","149.21","66.39","233","Retail-Wholesale","Building Products - Retail","1.97","4"
"BioLife Solutions","BLFS","1421.26","29.09","1056094","3.52","16.83","35.87","90.34","10.64","16.97","6.2","30.26","18.15","167","Medical","Medical - Products","-2.8","4"
"BlackRock","BLK","163382.19","1054.11","908373","2.19",".23","-.26","46.91","-9.43","18.67","30.92","1202.59","922.9","72","Finance","Financial - Investment Management","24.09","1"
"Blackbaud","BLKB","1501.06","32.68","643078","5.32","23.14","-12.13","13.62","-52.53","-2.35","19.4","71.61","26.54","90","Computer and Technology","Computer - Software","12.41","3"
"Bloomin' Brands","BLMN","714.02","8.34","2067214","-1.18",".12","37.17","58.33","24.31",".14","2.62","10.54","5.26","207","Retail-Wholesale","Retail - Restaurants",".55","4"
"Bullish","BLSH","3422.42","22.69","1324200","-.79","-9.57","-41.69","1.54","-44.9","-99.88","17.86","74.63","21.88","85","Computer and Technology","Internet - Software","-314.4","4"
"Backblaze","BLZE","790.92","13.16","5551614","-18.72","62.07","213.33","67.84","159.72","14.27","5.88","17.83","3.31","85","Computer and Technology","Internet - Software","-14.97","3"
"Badger Meter","BMI","4328.22","148.3","444510","5.84","10","20.61","26.35","-21.8","10.9","14.56","245.81","113.41","48","Computer and Technology","Instruments - Control","14.56","3"
"Bank Of Montreal","BMO","124671.29","178","715366","-.39","2.78","16.82","92.28","26.13","-4.05","27.01","183.65","110.44","100","Finance","Banks - Foreign","12.6","3"
"BioMarin Pharmaceutical","BMRN","11425.04","59.11","1595901","-.15","5.74","9.86","65.51","-8.53","12.87","16.75","64.08","49.67","98","Medical","Medical - Biomedical and Genetics","8.29","3"
"Bristol Myers Squibb","BMY","122851.01","60.16","11695163","1.38","9.98","4.12","88.82","2.57","-.22","24.99","62.37","42.6","98","Medical","Medical - Biomedical and Genetics","15.01","3"
"Brookfield Corporation","BN","103904.42","42.39","3347873","-2.24","-3.94","-5.42","37.85","-15.05","-12.68","8.16","49.17","38.26","157","Finance","Real Estate - Operations","1.76","3"
"Barnes & Noble Education","BNED","436.51","12.6","469304",".56","17.43","19.2","85.04","26.09","6.5","1.3","13.74","6.12","182","Consumer Discretionary","Consumer Products - Discretionary",".98","3"
"Broadstone Net Lease","BNL","4349.14","22.72","2073596","3.56","9.49","13.83","98.86","20.3","5.17","27.01","22.8","15.75","100","Finance","REIT and Equity Trust - Residential","27.01","2"
"Bank of Nova Scotia","BNS","106643.63","87.06","3010649","-1.07",".18","13.97","90.83","8.66","-5.72","26.53","90.29","55.05","100","Finance","Banks - Foreign","13.38","3"
"BioNTech","BNTX","23305.81","92.16","779741","2.32","2.18","-9.7","23.33","-10.97","9.03","-35.01","119.34","83.89","98","Medical","Medical - Biomedical and Genetics","-44.39","4"
"BNY","BNY","107713.47","156.93","4522207","3.74","7.16","16.7","91.59","24.32","2.12","29.9","162.35","97.92","23","Finance","Banks - Major Regional","15.52","2"
"Bank of Hawaii","BOH","3320.24","83.8","416139","1.72","5.83","6.47","92.12","12.73","2.96","29.68","85.85","59.82","48","Finance","Banks - West","20.46","4"
"Boot Barn","BOOT","4547.33","149.92","593276","-8.76","-15.99","-11.96","20.27","-21.87","17.93","10.02","207.98","135.16","62","Retail-Wholesale","Retail - Apparel and Shoes","10.02","2"
"Box","BOX","4271.17","30.85","2421593","4.9","26.64","28.22","77.83","-5.14","7.99","20.71","33.55","21.37","85","Computer and Technology","Internet - Software","10.35","4"
"BP","BP","110009.24","42","9614754","2.87","5.58","-8.64","64.55","11.22","-1.07","4.7","47.63","31.75","232","Oils-Energy","Oil and Gas - Integrated - International","1.62","3"
"Popular","BPOP","11108.23","172.12","544433","2.02","5.77","14.27","97.31","27.13","2.51","27.21","173.86","109.24","90","Finance","Banks - Southeast","20.1","3"
"Broadridge Financial Solutions","BR","17351.06","150.02","1356745","-.68","10.13","-4.05","11.09","-38.18","5.88","15.06","266.89","135.44","85","Computer and Technology","Internet - Software","15.03","3"
"BellRing Brands","BRBR","1412.78","12.15","5749193","-4.71","19.47","-27.89","8.45","-58.2","16.05","8.37","58.2","7.9","197","Consumer Staples","Food - Miscellaneous","6.78","3"
"Berkshire Hathaway","BRK.B","1059554.63","491.25","4359209","-1.13",".52","3.9","58.76","-10.12","0","12.31","513.81","459.11","154","Finance","Insurance - Property and Casualty","19.31","2"
"Bruker","BRKR","8550.51","56.17","1981970","-4.75","-.64","53.76","80.42","9.66","2.08","7.72","62.7","29.35","7","Computer and Technology","Instruments - Scientific","-.65","2"
"Brown & Brown","BRO","23367.06","68.94","2679437","-.39","18.37","4.26","29.27","-20.45","22.83","24.88","104.13","54.38","164","Finance","Insurance - Brokerage","17.94","3"
"Dutch Bros","BROS","11570.45","66.25","2882050","-.32","-1.16","15.46","71","-.47","27.88","5.62","74.24","46.69","207","Retail-Wholesale","Retail - Restaurants","4.61","2"
"Brightstar Lottery","BRSL","2006.79","10.74","1416858","-.74","-1.92","-16.42","1.69","-36.19","-.04","7.43","18.31","10.61","182","Consumer Discretionary","Gaming","6.24","3"
"BrightSpire Capital","BRSP","694.38","5.33","2072153","1.52","-3.09","-12.19","34.15","-12.47","-20.38","120.28","6.14","4.91","197","Finance","REIT and Equity Trust","-24.16","4"
"Brixmor Property Group","BRX","9950.71","32.43","2117724","3.38","4.01","6.33","98.1","13.75","6.73","31.99","32.58","24.67","90","Finance","REIT and Equity Trust - Retail","31.99","3"
"Braze","BRZE","2949.82","26.19","2315007","-1.54","36.33","12.65","50.98","-29.76","24.4","5.85","36.19","15.79","85","Computer and Technology","Internet - Software","-15.51","2"
"Banco Santander Chile","BSAC","15556.23","33.02","336900","-1.61",".43","-1.2","69.55","-2.38","-4.66","40.53","37.46","22.88","100","Finance","Banks - Foreign","24.95","3"
"Banco  ntander Brasil","BSBR","20060.17","5.37","1941410",".37","1.13","-9.6","27.09","-19.17","67.14","7.18","7.2","4.69","100","Finance","Banks - Foreign","7.06","5"
"Boston Scientific","BSX","65057.77","43.77","18479102","-1.97","-1.26","-26.99","1.74","-57.78","19.87","22.51","108.14","42.63","167","Medical","Medical - Products","17.29","4"
"Bentley Systems","BSY","9455.31","32.35","3042321","1.89","12.05","-1.46","12.97","-22.04","10.99","25.96","58.72","28.42","85","Computer and Technology","Internet - Software","18.12","3"
"BITDEER TEC GRP","BTDR","2678.23","11.37","8971568","-6.27","-34.77","-1.22","21.97","-6.72","77.33","-68.11","25.9","7.28","99","Business Services","Technology Services","-68.11","3"
"BrightSpring Health Services, Inc.","BTSG","13908.58","70.5","4755202","1.23","4.91","45.15","97.93","73.13","14.59","1.99","71.58","19.36","85","Medical","Medical Services","2.27","3"
"Peabody Energy","BTU","2794.09","22.94","2375932","-2.8","-4.89","-15.26","31.23","-28.96","-8.86","-2.59","39.5","15.42","19","Oils-Energy","Coal","-3.07","3"
"AnheuserBusch InBev","BUD","157658.92","80.83","2181948","1.89","0","10.26","84.78","16.08","-.75","12.68","85.09","57.1","215","Consumer Staples","Beverages - Alcohol","11.9","3"
"Webull Corporation","BULL","4089.69","7.69","9343146","5.63","12.1","7.7","23.34","-8.98","46.32","12.4","17.74","4.63","186","Finance","Financial - Miscellaneous Services","-1.64","3"
"Burlington Stores","BURL","22164.47","352.14","625626","7.49","3.49","7.91","96.41","12.12","8.76","5.54","356.22","242.43","21","Retail-Wholesale","Retail - Discount Stores","5.24","2"
"First Busey","BUSE","2511.1","29.69","896036","1.43","4.1","11.99","91.36","14.78","57.36","31.39","30.41","22.08","76","Finance","Banks - Midwest","19.16","2"
"BrightView","BV","1322.51","14.19","983829","-.98","7.58","15.27","57.35","3","-3.41","3.89","16.28","11.38","48","Basic Materials","Agriculture - Products","1.7","3"
"Buenaventura Mining","BVN","7626.68","30.06","974941",".8","-7.25","-7.62","49.76","-.66","49.98","48.17","43.67","16.58","161","Basic Materials","Mining - Silver","47.72","3"
"Bioventus","BVS","967.33","11.58","715178","-4.06","31.74","15.68","86.49","43.15","-.91","11.33","12.43","6.14","100","Medical","Medical - Drugs","4.94","3"
"Babcock","BW","1537.51","10.33","4558573","-5.49","-41.84","-33.14","45.05","49.85","-18.07","-1.47","21.85",".88","190","Computer and Technology","Electronics - Power Generation","-13.63","3"
"BorgWarner","BWA","12639.18","61.62","2391713","-3.17","-14.82","11.25","63.74","25.77","1.63","7.52","77.03","34.53","100","Auto-Tires-Trucks","Automotive - Original Equipment","2.53","3"
"Baldwin Insurance Group, Inc.","BWIN","3842.2","26.95","1572763","-1.35","14.58","10.5","39.45","3.14","8.34","13.04","42.99","16.5","200","Finance","Insurance - Life Insurance","-2.8","3"
"BW LPG Limited","BWLP","3193.33","21.1","347529","4.82","11.46","12.35","85.82","48.13",".52","10.13","22.61","11.96","62","Transportation","Transportation - Shipping","10.13",""
"BWX Technologies","BWXT","15534.18","169.56","943813","-4.28","-19.26","-23.65","30.01","-9.78","18.3","11.45","238.42","140.04","79","Aerospace","Aerospace - Defense Equipment","10.2","3"
"The Blackstone Group","BX","91827.38","123.61","4516072","1.29",".28","2.69","24.83","-26.25","9.22","33.26","188.68","102.12","186","Finance","Financial - Miscellaneous Services","20.67","3"
"Blackstone Mortgage Trust","BXMT","2818.7","16.71","1722063","-.65","-7.22","-16.95","0","-19.67","-23.33","66.96","20.63","16.71","197","Finance","REIT and Equity Trust","8.75","3"
"BXP, Inc.","BXP","10828.51","67.9","1223432","1.28","4.61","17.01","60.48","-7.46","2.19","9.78","78.93","51.02","64","Finance","REIT and Equity Trust - Other","9.09","3"
"Blackstone Secured Lending Fund","BXSL","5458.02","23.46","1597874",".39","1.03","-1.35","5.02","-18.06","6.93","52.68","32.55","22.98","212","Finance","Financial - SBIC & Commercial Industry","31.63","4"
"Byline Bancorp","BY","1719.65","37.87","353855","1.34","6.74","14.76","93.57","19.48","1.34","31.58","38.72","25.49","85","Finance","Banks - Northeast","21.86","3"
"Boyd Gaming","BYD","6553.69","88.17","829310","2.82","2.11",".73","87.65","-4.87","4.12","14.4","89.77","76.81","182","Consumer Discretionary","Gaming","44.84","4"
"Kanzhun","BZ","6394.22","15.59","3137715","9.17","14.8","14.3","23.98","-29.65","17.32","44.73","24.91","12.65","85","Computer and Technology","Internet - Software","40.21","3"
"Beazer Homes USA","BZH","888.62","32.51","422638","3.24","22.77","44.75","94.83","47.5","1.77",".58","33.3","18.03","197","Construction","Building Products - Home Builders","-.18","3"
"Citigroup","C","219541.86","128.72","13485406","-8.52","-11.64","-.33","68.86","1.45","-1.44","21.57","145.67","91.23","26","Finance","Financial - Investment Bank","10.23","1"
"CAE","CAE","7896.7","24.57","608379","-1.36","-1.44","-4.14","12.95","-25.72","8.45","7.86","34.05","23.16","79","Aerospace","Aerospace - Defense Equipment","6.36","3"
"Conagra Brands","CAG","7006.2","14.64","23634688","2.16","13.93","3.68","27.69","-22.22","-2.85","7.3","20.02","12.58","197","Consumer Staples","Food - Miscellaneous","-16.99","5"
"Cardinal Health","CAH","52871.97","225.75","2289309","-3.39","1.35","11.57","85.1","1.03","-1.87",".99","239.71","146.04","76","Medical","Medical - Dental Supplies",".62","2"
"Caris Life Sciences,?Inc.","CAI","4398.51","15.56","3424480","-8.79","-10.11","-21.93","4.08","-46.96","96.97","56.93","39.3","14.55","85","Medical","Medical Services","3.75","4"
"The Cheesecake Factory","CAKE","4278.41","86.11","1288288","5.08","11.96","37.75","100","56.88","4.75","4.95","86.11","43.14","207","Retail-Wholesale","Retail - Restaurants","4.34","2"
"Caleres","CAL","398.37","11.86","508803",".17","-6.39","-11.62","43.54","-10.37","1.29","1.61","15.75","8.86","58","Consumer Discretionary","Shoes and Retail Apparel ",".02","2"
"CalMaine Foods","CALM","4189.04","88.42","887948","6.01","16.39","13.68","34.2","2.2","83.19","20.07","119.16","72.44","48","Basic Materials","Agriculture - Products","20.07",""
"Calix","CALX","2446.05","38.35","1327486","-3.47","2.35","-10.02","9.48","-33.37","20.26","10.41","68.42","35.2","85","Computer and Technology","Internet - Software","4.61","5"
"Callaway Golf Company","CALY","3401.01","18.92","1941711","2.44","4.99","25.71","93.59","49.1","-51.4","3.28","19.66","8.12","95","Consumer Discretionary","Leisure and Recreation Products","1.05","1"
"Camtek","CAMT","6862.71","147.09","525672","7.54","-24.85","-22.96","53.82","27.21","15.57","31.18","207.46","76.73","7","Computer and Technology","Electronics - Measuring Instruments","9.63","3"
"Avis Budget Group","CAR","5635.04","159.52","644536","2.35","-14.37","-14.73","11.47","14.33","-1.16","-1.27","713.97","87.69","90","Transportation","Transportation - Services","-5.68","2"
"Carter Bankshares","CARE","733.55","33.01","411568","4.46","4.73","34.08","91.05","54.42","4.74","14.62","34.59","16.94","85","Finance","Banks - Northeast","33.6","4"
"CarGurus","CARG","3170.98","35.16","1297878","4.18","16.89","-6.81","67.94","-15.68","1.41","24.01","39.03","26.96","166","Retail-Wholesale","Internet - Commerce","15.57","3"
"Carrier Global","CARR","55632.28","66.98","5208898","-2.38","-6.78","8.19","54.72","16.58","-3.29","9.78","80.73","50.36","48","Construction","Building Products - Air Conditioner and Heating","5.99","2"
"Cars.com","CARS","669.16","11.97","703341","7.84","21.03","8.13","70.69","-9.77",".57","15.3","13.79","7.58","166","Retail-Wholesale","Internet - Commerce","3.73","3"
"Maplebear Inc.","CART","10987.64","46.75","4125983","-3.17","5.6","8.49","73.36","-4.41","10.78","14.1","51.77","32.93","166","Retail-Wholesale","Internet - Commerce","12.5","2"
"Casey's General Stores","CASY","32063.28","866.46","523859",".86","4.18","7.7","88.19","44.18","10.16","4.07","916.28","494.52","28","Retail-Wholesale","Retail - Convenience Stores","4.07","2"
"Caterpillar","CAT","398089.66","864.3","3562857","-7.21","-15.45","4.28","69.47","38.76","4.29","13.51","1064.9","407.79","100","Industrial Products","Manufacturing - Construction and Mining","13.33","2"
"Cathay General Bancorp","CATY","4156.2","62","534306",".55","3.42","11.47","90.92","17.84","-.43","39.35","63.72","44.78","48","Finance","Banks - West","23.79","2"
"CAVA Group, Inc.","CAVA","7397.25","63.51","2917682","-12.45","-21.48","-32.6","37.03","-.48","22.41","4.79","97.39","43.59","207","Retail-Wholesale","Retail - Restaurants","4.79","3"
"Chubb Limited","CB","136732.33","352.53","1732720","-.62","8.4","8.6","90.92","3.88","6.54","18.11","361.17","265.99","154","Finance","Insurance - Property and Casualty","18.58","3"
"Colony Bankcorp","CBAN","442.02","20.89","407413","2.86",".87","4.66","90.2","7.81","7.71","24.35","21.43","15.92","90","Finance","Banks - Southeast","14.83","1"
"CBL & Associates Properties","CBL","1718.98","55.55","341820","7.45","12","23.06","100","38.08","12.18","29.62","55.55","26.45","90","Finance","REIT and Equity Trust - Retail","29.62",""
"CeriBell, Inc.","CBLL","699.28","18.43","376196","-5.58","1.38","-12.82","60.03","-22.71","36.09","-63.51","23.43","10.92","167","Medical","Medical - Products","-63.51","3"
"Cboe Global Markets","CBOE","29115.73","278.21","1352342",".39","8.68","-6.78","34.54","1.94","15.13","48.18","366.7","231.51","204","Finance","Securities and Exchanges","25.72","2"
"CBRE Group","CBRE","40590.23","138.62","1692993",".43","6.67","-5.2","29.76","-20.71","13.37","5.07","171.61","124.64","157","Finance","Real Estate - Operations","3.11","2"
"Cracker Barrel Old Country Store","CBRL","1193.79","53.41","1014778","2.02","15.81","71.96","60.61","93.39",".37",".37","71.86","25.02","207","Retail-Wholesale","Retail - Restaurants",".79","3"
"Commerce Bancshares","CBSH","8568.78","58.78","1244114",".5","6.72","15.21","65.87","3.28","2.44","31.29","64.63","47.49","76","Finance","Banks - Midwest","26.07","2"
"Cabot","CBT","4588.63","88.89","550845","1.2","-2","15.05","87","23.34","-7.04","10.15","93.4","58.71","156","Basic Materials","Chemical - Diversified ","7.97","3"
"Community Financial System, Inc.","CBU","3570.06","67.93","355808",".35","6.98","7.54","84.33","8.76","7.44","26.31","70.99","51.46","186","Finance","Financial - Miscellaneous Services","21.26","4"
"CBIZ","CBZ","2244.13","41.83","828480","3.36","45.95","36.43","31.69","-23.75","52.08","8.45","77.81","25.14","161","Business Services","Consulting Services","5.57","3"
"Chemours","CC","2583.49","17.18","2790245","-5.19","-19.94","-35.12","38.37","34.01",".45","2.27","27.94","10.48","156","Basic Materials","Chemical - Diversified ","-6.82","2"
"CCC Intelligent Solutions","CCC","3674.25","6.26","10213689",".48","45.92","29.34","35.11","-27.58","11.88","23.04","10.03","4.22","85","Computer and Technology","Internet - Software","3.18","3"
"Crown Castle Inc.","CCI","34121.82","78.18","4047535","-2.08","-5.94","-6.3","8.36","-19.09","-35.08","24.66","113.91","74.92","64","Finance","REIT and Equity Trust - Other","25.13","3"
"Cameco","CCJ","36954.97","84.85","3420869","-5.93","-20.75","-31.08","22.6","-14.71","8.87","21.48","134.09","70.47","95","Oils-Energy","Alternative Energy - Other","18.38","3"
"Crown Holdings","CCK","12803.93","114.58","1000979","4.41","11.01","12.76","90.26","2.34","4.78","7.09","117.21","90.21","100","Industrial Products","Containers - Metal and Glass","5.91","3"
"Carnival","CCL","35665.66","26.04","19839612","-2.14","-13.75","-2.73","21.29","-21.58","6.4","12.01","33.99","23.89","84","Consumer Discretionary","Leisure and Recreation Services","11.24","3"
"Cogent Communications","CCOI","620.96","12.4","1385332","-4.1","-15.42","-49.76","3.41","-47.11","-5.82","-17.53","52.91","10.97","201","Computer and Technology","Wireless National","-17.53","4"
"Cross Country Healthcare","CCRN","428.06","13.25","644882",".23",".61","28.64","85.37","50.44","-21.56","-.27","14.23","7.53","205","Business Services","Staffing Firms","-9.84","4"
"Century Communities","CCS","1836.06","63.82","301851","-.75","2.19","8.24","58.31","-1.1","-6.38","4.01","74.84","48.41","197","Construction","Building Products - Home Builders","3.31","3"
"Coeur Mining","CDE","14648.67","14.16","32525142","-9.17","-18.95","-25","29.67","-26.96","96.41","29.44","27.15","8.68","187","Basic Materials","Mining - Non Ferrous","31.15","5"
"CareDx","CDNA","1982.17","38.37","1085980","33.41","53.17","75.61","93.15","87.31","13.79","10.82","40.34","11.57","85","Medical","Medical Services","-2.01",""
"Cadence Design Systems","CDNS","90999.98","329.93","1995246","-12.7","-15.19","-1.96","42.64","-2.93","14.12","37.2","416.39","265.66","90","Computer and Technology","Computer - Software","21.18","3"
"COPT DEFENSE PR","CDP","4235.76","37.36","1149048","2.44","10.89","15.59","96.92","23.6","1.41","20.1","37.68","27.28","64","Finance","REIT and Equity Trust - Other","20.1","3"
"Cadre Holdings, Inc.","CDRE","1248.4","29.17","331339","2.97","5.84","-.82","9.67","-34.31","7.53","6.46","46.07","27.36","167","Industrial Products","Security and Safety Services","5.8","3"
"CDW","CDW","16609.22","130.01","1909442","-9.94","5.21","-2.33","37.05","-12.21","6.79","5.81","182.18","99.3","68","Computer and Technology","Computers - IT Services","4.7","3"
"Celanese","CE","4886.56","44.56","1781556","-7.01","-10.4","-31.54","26.79","-3.07","-7.16","4.98","69.24","35.53","95","Basic Materials","Chemical - Specialty","-11.54","3"
"CECO Environmental","CECO","2829.67","78.88","738990","-3.69","-20.86","21.5","69.48","21.21","38.79","5.35","99.67","31.55","43","Industrial Products","Pollution Control","1.7","1"
"Constellation Energy Corporation","CEG","91032.36","253.5","3233721","-1.58","-8","-19.57","10.15","-34.01","8.34","10.85","403.95","236.5","95","Oils-Energy","Alternative Energy - Other","12.69","3"
"Celsius","CELH","7520.94","29.42","7213233","-1.37","1.03","-11.23","4.5","-40.85","85.54","15.67","64.86","27.75","197","Consumer Staples","Food - Miscellaneous","5.85","4"
"Central Garden & Pet","CENTA","2375.81","37.97","382691",".9",".69","10.89","88.17","19.63","-2.23","5.84","39.54","26.27","182","Consumer Discretionary","Consumer Products - Discretionary","5.42","4"
"Century Aluminum","CENX","4240.05","42.84","2214395","-5.66","-13.51","-30.49","46.73",".56","13.85","4.8","68.77","20.09","216","Industrial Products","Metal Products - Procurement and Fabrication","13.75","5"
"Capstone Green Energy","CEPL","308.7","9.48","308417","-7.96","-13.9","17.8","67.4","72.99","23.89","15.32","13.6",".96","95","Oils-Energy","Alternative Energy - Other","2.66","3"
"Certara","CERT","1079.62","6.94","4137959","2.21","29.96","11.22","26.97","-27.55","8.75","15.05","13.6","4.48","98","Medical","Medical - Biomedical and Genetics","-3.6","3"
"Ceva, Inc.","CEVA","1039.99","37.33","671000","-12.6","-22.89","37.55","61.25","59.53","2.49","9.35","50.06","17.21","85","Computer and Technology","Internet - Software","-10.47","3"
"CF Industries","CF","18983.97","123.57","2468174","2.19","19.28","-.05","77.19","46.94","19.34","22.29","137.6","76.09","179","Basic Materials","Fertilizers","23.73","2"
"Capitol Federal Financial","CFFN","1085.15","8.56","745302",".82","4.52","8.63","92.48","15.6","9.99","35.32","8.79","5.73","85","Finance","Financial - Savings and Loan","17.8","3"
"Citizens Financial Group","CFG","30236.06","71.5","5032259","1.62","5.16","10.37","89.55","12.58","-2.47","24.36","74.4","46.64","85","Finance","Banks - Northeast","17.18","2"
"Cullen/Frost Bankers","CFR","10177.52","162.07","530077","2.64","8.49","12.89","96.68","17.71","2.46","28.4","163.52","119.85","43","Finance","Banks - Southwest","22.86","3"
"Carlyle Group","CG","16105.26","44.74","3573597","1.36",".38","-6.24","14.64","-30.39","-11.91","40.62","69.35","40.52","72","Finance","Financial - Investment Management","13.46","3"
"Centerra Gold","CGAU","3006.89","15.19","1332115","-4.28","-8.44","-19.29","58.96","-2.78","14.01","18.5","21.03","6.8","230","Basic Materials","Mining - Gold","40.32","3"
"Carlyle Secured Lending","CGBD","719.99","10.36","567904","-1.15","-3.45","-8.72","0","-23.72","9.88","60.51","14.2","10.36","212","Finance","Financial - SBIC & Commercial Industry","19.52","4"
"Cognyte Software","CGNT","635.78","8.7","625707","-3.76","7.01","-7.84","40","-14.88","14.09","4.41","12.24","6.34","85","Computer and Technology","Internet - Software","-.66","5"
"Cognex","CGNX","10497.74","63.08","2285956","-1.3","-6.69","14.5","75.86","61.24","8.73","19.33","72.42","33.73","28","Computer and Technology","Electronics - Testing Equipment","13.62","2"
"Chagee Holdings Limited - Sponsored ADR","CHA","2125.51","11.58","594836","-.86","3.21","8.12","14.23","-8.43","8.6","13.26","26.17","9.16","81","Consumer Staples","Beverages - Soft drinks","7.25","3"
"Church & Dwight Co.","CHD","23170.71","97.79","1676647",".65","4.32","2.51","68.43","7.26","1.57","13.89","105.26","81.6","179","Consumer Staples","Consumer Products - Staples","11.81","3"
"Churchill Downs","CHDN","5834.33","83.71","942402","-.05","-3.06","-16.62","1.87","-32.34","7.01","15.44","117.59","83.07","182","Consumer Discretionary","Gaming","13.21","4"
"The Chef's Warehouse","CHEF","3897.53","95.58","503413","-1.91","1.91","42.98","85.8","41.03","9.36","2.14","102.36","54.6","197","Consumer Staples","Food - Miscellaneous","1.87","4"
"Choice Hotels International","CHH","5002.68","109.96","611232","1.12",".07","-7.57","50.23","6.16",".75","19.43","135.29","84.4","207","Consumer Discretionary","Hotels and Motels","21.55","3"
"Check Point Software Technologies","CHKP","14332.55","135.73","1134669","1.05","12.83","-1.72","21.04","-32.73","6.25","48.12","223","112.47","40","Computer and Technology","Security","38.37","3"
"Chord Energy Corporation","CHRD","7251.33","128.8","800032","5.26","3.5","-6.46","67.75","27.78","-7.12","12.6","149.65","84.99","201","Oils-Energy","Oil and Gas - Exploration and Production - United States","-1.25","4"
"C.H. Robinson Worldwide","CHRW","24258.27","205.8","1616060","4.73","10.01","9.23","97.58","17.74","-8.42","3.94","208.5","96.82","90","Transportation","Transportation - Services","3.7","3"
"Charter Communications","CHTR","15884.68","129.16","2797390","-1.68","2.88","-26.03","1.33","-43.1","-.56","9.03","398.11","125.54","190","Consumer Discretionary","Cable Television","9.03","4"
"Chewy","CHWY","9003.24","21.99","9201832","8.22","25.58","-12.81","18.05","-38.81","6.24","4.45","42.33","17.51","166","Retail-Wholesale","Internet - Commerce","1.99","5"
"Chime Financial, Inc.","CHYM","8355.75","21.93","6053751","4.68","29.61","-.63","27.78","-19.87","30.69","-41.87","36.2","16.44","186","Finance","Financial - Miscellaneous Services","-41.87","3"
"Cigna Group","CI","75111.34","283.94","1694850","-6.75",".66",".48","59.36","-5.12","11.24","2.96","311","244.41","23","Medical","Medical - HMOs","2.26","3"
"Ciena","CIEN","53616","378.77","2489109","-14.97","-17.72","-25.2","54.26","48.95","18.79","11.97","627","84.36","39","Computer and Technology","Communication - Components","7.87","1"
"Cipher Digital Inc.","CIFR","8401.87","20.54","23285516","2.27","-27.01","13.11","64.68","27.98","48.04","-427.79","29.18","4.72","99","Business Services","Technology Services","-427.79","3"
"Chimera Investment","CIM","1063.14","12.71","707980","-1.47","-3.13","-7.16","32.56","-5.96","7.94","87.91","14.74","11.73","197","Finance","REIT and Equity Trust","2.27",""
"Cincinnati Financial","CINF","27899.3","180.36","923053","-1.26","4.58","8.89","74.54","1.56","11.41","14.11","192.03","146.19","154","Finance","Insurance - Property and Casualty","21.33","2"
"CION Investment Corporation","CION","300.73","6.04","515705","-5.77","-4.58","-19.36",".62","-42.56","-4.6","36.99","10.86","6.01","212","Finance","Financial - SBIC & Commercial Industry","-.41","3"
"ColgatePalmolive","CL","73561.41","91.93","4434093","-1.37","3.68","9.22","70.16","6.99","1.4","14.6","99.14","74.98","179","Consumer Staples","Consumer Products - Staples","10.04","3"
"CORE LABS INC","CLB","515.82","11.19","1237494","-2.27","-4.93","-35.28","14.6","-35.8",".51","5.99","19.67","9.74","158","Oils-Energy","Oil and Gas - Field Services","5.94","4"
"Cellebrite DI Ltd.","CLBT","3833.89","15.37","1817117","-4.71","23.75","21.41","50.88","-21.6","18.56","27.18","19.56","11.03","85","Computer and Technology","Internet - Software","14.48","3"
"Chatham Lodging Trust REIT","CLDT","625.06","13.39","348865","4.04",".15","55.7","97.42","80.83","-6.98","3.14","13.58","6.23","64","Finance","REIT and Equity Trust - Other","3.14","1"
"ClevelandCliffs","CLF","5122.32","8.98","18532706","-7.52","-24.47","-15.36","13.88","-37.81","-3","-4.93","16.18","7.82","42","Basic Materials","Steel - Producers","-6.42","2"
"Clean Harbors","CLH","16393.9","310.22","425039","2.17","7.21",".94","96.89","21.68","2.39","6.53","313.7","201.73","79","Business Services","Waste Removal Services","6.53","2"
"Calumet, Inc.","CLMT","3785.67","43.44","1059131","9.75","30.65","41.27","100","101.06","-1.25","-6.22","43.44","13.23","201","Oils-Energy","Oil and Gas - Integrated - United States","-4.52","2"
"Coloplast A/S Sponsored ADR","CLPBY","14491.1","6.43","407491","3.71","12.61","2.47","17.26","-30.43","5.1","17.22","9.93","5.7","178","Medical","Medical - Instruments","7.46","4"
"ClearPoint Neuro","CLPT","451.34","15.05","625139","-8.84","-11.78","34.26","30.52","1.18","17.78","-71.57","29.6","8.66","178","Medical","Medical - Instruments","-71.57","3"
"Celestica","CLS","35335.84","307.34","1701104","-10.96","-18.44","-27.21","47.68","-4.38","28.46","5.89","472.4","156.91","19","Computer and Technology","Electronics - Manufacturing Services","6.95","2"
"Cleanspark","CLSK","3700.3","14.42","21930370","16.67","-17.36","17.71","41.54","31.05","102.21","15.97","23.2","8.18","186","Finance","Financial - Miscellaneous Services","-67.66","5"
"Clorox","CLX","11643.52","96.29","2201471","1.3","6.28","-.38","22.44","-12.17",".16","12.26","131.43","86.12","179","Consumer Staples","Consumer Products - Staples","11.18","4"
"Canadian Imperial Bank of Commerce","CM","107533.2","117.8","1730702",".37","3.33","6.74","93.09","19.57","-5.81","30.2","121.24","71.44","100","Finance","Banks - Foreign","15.84","4"
"CMB.TECH nv","CMBT","3007","15.08","1042334","-2.33","-1.24","14.5","76.68","43.72","77.21","31.88","17.26","7.91","62","Transportation","Transportation - Shipping","24.94",""
"Commercial Metals","CMC","7248.11","65.52","1554930","2.91","-10.6","-5.77","46.28","-12.95","-1.61","7.73","83.21","50.28","42","Basic Materials","Steel - Producers","6.72","3"
"Columbus McKinnon","CMCO","413.1","14.33","535265","10.32","-1.51","-10.49","19.82","-23.6","23.93","5.06","23.27","12.12","100","Industrial Products","Manufacturing - Material Handling","-19.23","3"
"Comcast","CMCSA","84947.59","23.78","39400244","-.79","6.54","-13.56","10.84","-26.83","-.02","11.74","35.79","22.32","190","Consumer Discretionary","Cable Television","15","4"
"CME Group","CME","88817.9","245.11","3441234","0","-.04","-13.06","24.59","-17.45","6.37","63.48","326.46","218.58","204","Finance","Securities and Exchanges","63.19","4"
"Chipotle Mexican Grill","CMG","42496.98","33.13","18570412","-9.56","8.48","-1.52","19.22","-17.65","5.41","12.26","53.93","28.18","207","Retail-Wholesale","Retail - Restaurants","11.96","3"
"Cummins","CMI","88234.35","639.43","981163","-3.76","-11.79","-3.23","76.98","15.21","-1.27","9.82","727.59","344.62","7","Auto-Tires-Trucks","Automotive - Internal Combustion Engines","7.89","2"
"Compass Minerals International","CMP","1232.32","29.37","398337","-.54","1.73","10.7","75.6","37.53","11.32","1.77","33.51","16.54","156","Basic Materials","Chemical - Diversified ",".55","3"
"Costamare","CMRE","1794.42","14.92","413969","-3.49","-2.16","-10.98","65.91","-13.1","-57.87","40.34","17.91","9.14","62","Transportation","Transportation - Shipping","39.93",""
"CMS Energy","CMS","22514.06","72.88","3105784","-3.79","-1.25","-4.17","34.45","-4.15","13.63","12.85","79.94","69.17","154","Utilities","Utility - Electric Power","12.55","3"
"CNA Financial","CNA","14313.82","52.91","504290","1.93","15.63","10.23","100","1.93","5.04","9.47","52.91","41.9","154","Finance","Insurance - Property and Casualty","8.08","3"
"Centene","CNC","32511.59","65.84","4277836","-3.59","3.39","51.36","93.38","47.15","19.44",".63","68.72","25.21","23","Medical","Medical - HMOs","-3.25","3"
"CNH Industrial","CNH","12808.69","10.33","9208786","-.86","-.48",".78","26.68","3.04","-8.78","3.22","13.38","9.22","28","Industrial Products","Manufacturing - Farm Equipment","2.13","3"
"Canadian National Railway","CNI","76776.7","126.69","1450845","1.1","11.01","10.21","93.86","17.87","-.46","27.17","129.03","90.91","187","Transportation","Transportation - Rail","27.22","4"
"Cinemark","CNK","3730.2","31.94","2307565","9.57","-4.97","8.49","82.86","26.4","2.15","5.31","34.01","21.93","190","Consumer Discretionary","Film and Television Production and Distribution","5.31","3"
"Core & Main","CNM","8481.98","43.83","2388122","-2.03","-7.24","-12.92","0","-22.44","2.77","7.12","66.98","43.83","190","Industrial Products","Manufacturing - Tools & Related Products","5.87","2"
"CONMED","CNMD","1308.24","43.45","741255","2.45","33.53","14.73","47.85","-1.58","5.18","10.26","55.81","32.11","76","Medical","Medical - Dental Supplies","4","4"
"Cannae","CNNE","646.36","14.71","452479","-1.21","10.35","11.78","36.11","-14","-6.39","-97.6","21.91","10.64","72","Finance","Financial - Investment Management","-103.77","3"
"CNO Financial Group","CNO","4950.27","53.03","872700","1.59","3.05","19.68","96.91","14.84",".85","9.93","53.59","35.49","167","Finance","Insurance - Multi line","5.44","4"
"ConnectOne Bancorp","CNOB","1682.65","33.46","507832","3.69","2.32","12.55","94.52","17.36","27.18","33.74","34.11","22.24","85","Finance","Banks - Northeast","13.21","4"
"CenterPoint Energy","CNP","28122.75","42.99","7093721","-2.58","-.3",".23","76","3.12","8.26","12.53","45.04","36.5","154","Utilities","Utility - Electric Power","11.38","3"
"Canadian Natural Resources Limited","CNQ","91224.18","43.95","8397705","2.09","5.17","-2.38","68.93","19.41","4.33","19.31","50.55","29.31","236","Oils-Energy","Oil and Gas - Exploration and Production - Canadian","22.04","2"
"Core Natural Resources, Inc.","CNR","4232.22","83.96","561674",".13","2.23","-4.57","33.28","-12.76","86.23","-1.49","113.23","69.36","19","Oils-Energy","Coal","-1.49","3"
"Cohen & Steers","CNS","4240.96","82.5","328533","7.74","9.11","21.06","91.54","20.86","7.48","28.79","84.65","59.24","72","Finance","Financial - Investment Management","28.82","2"
"CNX Resources","CNX","4620.66","32.66","1846767",".99","-1.63","-15.21","31.38","-18.31","76.76","23.73","42.61","28.11","201","Oils-Energy","Oil and Gas - Exploration and Production - United States","40.06","3"
"Concentrix","CNXC","1479.08","24.24","2324042","-2.57","1.3","-1.22","7.97","-46.39","2.15","6.99","62","20.97","196","Business Services","Business - Services","-13.16","5"
"Vita Coco Company","COCO","4218.91","73.87","1183839","-1.03","-10.87","43.13","80.38","28.16","18.17","12.59","84.02","32.3","81","Consumer Staples","Beverages - Soft drinks","12.59","2"
"Compass Diversified Holdings","CODI","752.36","10","781958",".7","-3.19","-13.79","68.33","91.6","-14.77",".9","12.48","4.65","100","Finance","Financial - Investment Funds","-12.3","3"
"Capital One Financial","COF","128671.48","206.77","4078304","1.85","3.02","6.52","37.48","-21.54","28.39","20.33","257.94","176.1","161","Finance","Financial - Consumer Loans","4.29","3"
"COHERENT CORP","COHR","55835.46","285.4","4632353","-7.15","-32.92","-11.24","58.43","42.21","23.42","14.2","426.89","86.55","99","Business Services","Technology Services","7.1","2"
"Cohu","COHU","2431.89","51.55","1290732","-2.39","-26.43","11.6","60.11","103.74","12.74","-1.81","73.91","17.86","28","Computer and Technology","Electronics - Manufacturing Machinery","-11.54","2"
"Coinbase Global","COIN","42267.01","160.43","6972125","1.94","-2.68","-18.43","6.94","-34.76","9.4","8.94","419.78","141.09","186","Finance","Financial - Miscellaneous Services","12.2","4"
"Coca-Cola Consolidated, Inc.","COKE","12112.7","181.97","578212","2.22","1.72","-6.13","66.77","9.17","4.76","8.7","216.91","111.75","81","Consumer Staples","Beverages - Soft drinks","7.72",""
"Columbia Banking System","COLB","9495.28","32.8","2676235","2.56","6.25","9.88","92.17","7.93","8.35","32.84","33.61","23.26","48","Finance","Banks - West","19.28","4"
"Americold Realty Trust","COLD","4410.83","15.46","4406852","-1.47","10.67","26.1","78.18","10.56","-2.43","-4.29","16.95","10.12","64","Finance","REIT and Equity Trust - Other","-4.29","4"
"Collegium Pharmaceutical","COLL","1152.7","35.54","459473","2.07","6.25","8.42","28.82","-29.4","23.62","37.81","49.84","29.75","100","Medical","Medical - Drugs","9.41","3"
"Columbia Sportswear","COLM","3139.53","61.39","481568","-3.66","-5.23",".51","66.01","2.49",".85","5.72","67.79","48.96","174","Consumer Discretionary","Textile - Apparel","4.98","3"
"Compass","COMP","8771.58","11.74","14792514","2.09","20.04","45.12","73.75","2.15","23.67",".17","13.58","6.57","85","Computer and Technology","Internet - Software",".17","1"
"Concentra Group Holdings Parent, Inc.","CON","4006.48","31.31","1028777","-.25","9.9","38.11","95.46","46.32","13.85","8.3","31.91","18.71","85","Medical","Medical Services","7.97","2"
"The Cooper Companies","COO","13962.24","71.59","2599855",".38","9.43","11.27","49.76","-19.67","5.06","21.34","84.32","58.98","76","Medical","Medical - Dental Supplies","5.57","3"
"ConocoPhillips","COP","140932.27","115.68","6659561","2.51","5.45","-4.93","62.36","13.65","8.07","12.21","133.8","85.66","201","Oils-Energy","Oil and Gas - Integrated - United States","12.1","4"
"Cencora, Inc.","COR","59144.61","303.99","1558426","-.7","12.06","-1.99","42.01","-17.22","9.31",".99","374.75","252.74","85","Medical","Medical Services",".78","2"
"Corcept Therapeutics","CORT","9830.19","91.57","1068739","6.6","14.88","98.12","96.01","142","12.79","6.14","94.04","32.15","100","Medical","Medical - Drugs","6.14","2"
"Core Scientific, Inc.","CORZ","7120.63","22.4","10855499","-1.37","-22.97","6.16","59.06","41.49","-37.53","-347.74","29.16","12.65","186","Finance","Financial - Miscellaneous Services","-342.42","3"
"Costco Wholesale","COST","415007.47","935.8","2641030","1.01","-1.63","-6.23","35.12","-.2","8.17","2.99","1094.32","850","21","Retail-Wholesale","Retail - Discount Stores","3.01","3"
"Coursera","COUR","924.56","5.46","6746432","-3.7","2.82","-6.02","4.86","-31.77","9.04","7.69","12.7","5.09","99","Business Services","Technology Services","-8.23","2"
"Canadian Pacific Kansas City Limited","CP","81120.13","91.66","2552168",".34","6.99","4.92","91.74","14.49","1.64","27.77","93.71","68.88","187","Transportation","Transportation - Rail","27.2","4"
"Corpay, Inc.","CPAY","24136.85","369.28","644077","1.99","6.37","18.07","97.83","12.86","13.93","33.29","371.81","255","85","Business Services","Financial Transaction Services","24.6","3"
"The Campbell's Company","CPB","6587.38","22.09","6936986","-.27","8.28","7.49","14.9","-27.11","6.4","7.22","34.03","20","197","Consumer Staples","Food - Miscellaneous","6.12","4"
"Coupang","CPNG","29510.86","16.44","18243986","-8.26","-5.03","-19.77","7.17","-35.91","14.09","-.47","33.53","15.12","166","Retail-Wholesale","Internet - Commerce","-.47","4"
"Capri Holdings","CPRI","1829.85","15.94","3042330","-8.76","-18.09","-21.71","0","-39.92","-21.79","5.21","27.66","15.94","62","Retail-Wholesale","Retail - Apparel and Shoes","3.94","3"
"Copart","CPRT","25450.56","27.49","12609659",".16","-6.75","-17.17",".93","-35.42","9.68","33.48","49.97","27.28","100","Business Services","Auction and Valuation Services","33.48","3"
"Camden Property Trust","CPT","11344.66","112.86","915520","-1.16","3.56","11.08","77.11","-5.71","1.92","24.69","117.58","96.96","100","Finance","REIT and Equity Trust - Residential","24.69","3"
"Crane Company","CR","12562","217.54","408373",".78","1.12","18.87","90.36","8.48","8.16","15.13","223.59","160.86","56","Industrial Products","Manufacturing - General Industrial ","13.36","2"
"Corebridge Financial, Inc.","CRBG","13925.81","31.24","3926980","1.36","7.39","17","65.54","-4.77","4.52","11.71","35.94","22.3","167","Finance","Insurance - Multi line","1.2","4"
"California Resources","CRC","4639.53","52.25","789242","-2.04","-4.67","-19.99","32.73","7.48","14.73","9.13","70.13","43.55","201","Oils-Energy","Oil and Gas - Exploration and Production - United States","-16.1","5"
"Circle Internet Group, Inc.","CRCL","16269.3","65.45","14272837","3.89","-18.14","-31.42","8.23","-24.09","63.86","17.89","235.08","50.23","186","Finance","Financial - Miscellaneous Services","-2.76","4"
"Credo Technology Group","CRDO","39546.37","212.07","8449907","-10.47","-29.9","17.49","57.87","35.55","205.68","49.55","302.52","87.81","47","Computer and Technology","Electronics - Semiconductors","35.37","1"
"Crescent Energy Company","CRGY","3457.74","10.47","6014007","4.8","-.48","-18.08","44.08","14.77","22.14","13.22","13.92","7.75","95","Oils-Energy","Alternative Energy - Other","-7.47","4"
"CRH","CRH","66786.61","99.95","3837107","-2.69","-10.16","-14.33","18.24","-26.34","5.27","9.75","131.38","92.94","100","Construction","Building Products - Miscellaneous","9.65","3"
"Carter's","CRI","1388.51","37.68","875213","-2.33","-9.36","-1.49","67.71","6.86","1.91","3.95","44.37","23.65","58","Consumer Discretionary","Shoes and Retail Apparel ","3.07","2"
"Comstock Resources","CRK","3785.74","12.89","2472761","-2.64","-4.16","-23.32","1.5","-48.86","77.12","6.68","27.37","12.67","201","Oils-Energy","Oil and Gas - Exploration and Production - United States","27.18","4"
"Charles River Laboratories International","CRL","10582.45","219.7","882545","-4.37","21.01","28.31","84.21","1.29","-.85","12.29","233.6","145.57","85","Medical","Medical Services","-4.59","2"
"Salesforce, Inc.","CRM","142334","173.79","12482038","1.5","15.77","-3.55","19.7","-39.67","9.58","30","270.25","150.12","85","Computer and Technology","Internet - Software","18.73","2"
"CorMedix","CRMD","610.36","7.78","1238650","-6.49","-11.79","-.51","17.83","-38.48","617.03","40.93","14.83","6.25","98","Medical","Medical - Biomedical and Genetics","45.25","3"
"Cerence","CRNC","388.61","8.6","726187","-16.59","-18.56","-3.7","34.92","-26.01","-24.05","19.23","13.52","5.96","68","Computer and Technology","Computers - IT Services","-6.5","3"
"Crocs","CROX","6727.48","135.39","1042702","3.78","9.36","30.95","94.63","45.6","-1.5","16.51","138.91","73.39","174","Consumer Discretionary","Textile - Apparel","-2.58","4"
"Carpenter Technology","CRS","27581.97","555.13","783802","-2.07","-5.55","29.57","83.43","62.16","4.25","16.21","619.25","232.4","7","Basic Materials","Steel - Speciality","15.82","1"
"Corsair Gaming","CRSR","1010.04","9.45","1533612","-.21","2.27","40.42","64.42","46.31","11.86","6.03","12.14","4.58","182","Consumer Discretionary","Gaming",".71","3"
"Criteo","CRTO","1105.38","22","472752","-5.5","32.77","13.93","68.45","-1.83",".6","19.39","24.83","15.86","46","Computer and Technology","Internet - Software and Services","6.06","3"
"Cirrus Logic","CRUS","6901.43","136.79","621287","-6.63","-17.3","-19.91","48.43","6.16","5.34","24.5","178.9","97.25","47","Computer and Technology","Electronics - Semiconductors","20.75","3"
"CrowdStrike","CRWD","202114.3","198.49","9797799","5.63","17.55","74.65","90.06","55.77","21.71","20.72","210.73","87.56","40","Computer and Technology","Security","-.89","4"
"CoreWeave Inc.","CRWV","32699.75","73.06","25527748","-12.3","-34.35","-34.8","10.11","-6.17","167.94","-16.78","148.75","64.55","85","Computer and Technology","Internet - Software","-25.57","2"
"Cisco Systems","CSCO","436316.78","110.7","23617706","-7.17","-8.91","25.42","69.75","32.17","5.3","26.89","130","66.2","174","Computer and Technology","Computer - Networking","20.14","2"
"CoStar Group","CSGP","12120","29.68","6576167","3.16","1.57","-18.1","2.89","-59.41","18.67","11.59","96.83","27.68","68","Computer and Technology","Computers - IT Services",".74","2"
"Canadian Solar","CSIQ","1032.03","15.2","2525893","3.19","-5.12","9.2","23.64","-41.19","-6.65","-3.05","33.58","9.51","57","Oils-Energy","Solar","-1.87","3"
"Carlisle Companies","CSL","13244.62","327.31","561413","-1.77","-9.32","-9.4","22.83","-5.89",".33","16.63","435.11","295.41","160","Conglomerates","Diversified Operations","14.57","3"
"Castle Biosciences","CSTL","724.73","23.895","318554","3.98","12.71","-4.34","32.56","-43.51","3.66","-3.78","43.04","14.65","98","Medical","Medical - Biomedical and Genetics","-3.78","3"
"Constellium","CSTM","3782.26","27.78","1819600","-3.58","-19.71","-10.93","63.72","35.54","15.19","4.87","36.15","13.08","238","Industrial Products","Metal Products - Distribution","4.87","3"
"Capital Southwest","CSWC","1482.68","23.86","717052",".89","2.84","1.02","90.89","-.93","13.53","58.36","24.3","19.47","72","Finance","Financial - Investment Management","48.68","3"
"CSX","CSX","93111.34","50.11","11396893",".95","8.46","10.23","95.86","27.13","-3.08","22.43","50.89","32.05","187","Transportation","Transportation - Rail","21.55","2"
"Cintas","CTAS","80737.58","201.8","2232841","9.82","19.09","15.95","60.99","-1.32","8.94","17.86","226.27","163.55","174","Consumer Discretionary","Textile - Apparel","17.75","2"
"CTO Realty Growth","CTO","756.41","22.39","404877","4.43","9.17","14.41","100","11.85","20.1","9.06","22.39","15.26","64","Finance","REIT and Equity Trust - Other","9.06","1"
"Custom Truck One Source","CTOS","2329.71","10.28","1051802","-3.66","-9.82","17.08","74.51","64.14","7.86","-.88","11.97","5.34","100","Auto-Tires-Trucks","Automotive - Original Equipment","-.88","3"
"CareTrust REIT","CTRE","10028.4","42.45","2707866","5.26","13.23","9.52","96.58","7.97","60.79","64.1","42.88","30.29","64","Finance","REIT and Equity Trust - Other","64.1","2"
"Centuri Holdings, Inc.","CTRI","2755.52","27.3","1644642","5.53","-11.51","-22.9","35.35","-.56","13.1","1.52","41.8","19.37","154","Utilities","Utility - Electric Power",".98","3"
"CTS","CTS","1692.7","59.2","321625",".22","-13.34","5.75","71.39","27","4.95","12.82","68.31","36.47","71","Computer and Technology","Electronics - Miscellaneous Components","12.46","3"
"Cognizant Technology Solutions","CTSH","21153.53","44.64","10863940","1.09","6.72","-18.29","12.32","-50.54","6.95","12.32","86.7","38.73","68","Computer and Technology","Computers - IT Services","10.41","3"
"Corteva","CTVA","58040.2","86.78","3599959",".82","10.04","9.27","98.02","19.07","2.92","13.99","87.3","61","164","Consumer Staples","Agriculture - Operations","6.5","3"
"CubeSmart","CUBE","9414.28","41.58","1896909","2.39","2.69","6.51","89.11","6.08","20.88","28.93","42.34","35.36","64","Finance","REIT and Equity Trust - Other","28.93","3"
"Customers Bancorp","CUBI","2597.09","76.78","335437",".83",".77","-1.46","78.59","-3.43","6.63","31.68","81.21","60.52","90","Finance","Banks - Southeast","18.63","3"
"Curbline Properties Corp.","CURB","3567.1","31.28","1600866","3.2","2.83","10.41","96.11","23.95","51.3","16.5","31.66","21.89","90","Finance","REIT and Equity Trust - Retail","16.24","2"
"Cousins Properties","CUZ","5191.25","31.55","1387009","3.44","10.78","25.7","95.33","12.55","16","-.53","32.05","21.34","64","Finance","REIT and Equity Trust - Other","-.52","3"
"CVB Financial","CVBF","3964.95","22.47","1624605",".09","6.75","10.47","84.19","11.1","-5.28","40.16","23.3","18.05","48","Finance","Banks - West","32.05","2"
"Cenovus Energy","CVE","52580.71","28.26","6885690","2.35","10.09","5.53","80.07","53.61","-10.22","9.53","31.8","14.04","216","Oils-Energy","Oil and Gas - Integrated - Canadian","9.53","3"
"CVR Energy","CVI","3484.37","34.66","984456","3.59","24.23","7.01","72.26","25.3","-5.89","-2.49","40.01","20.72","40","Oils-Energy","Oil and Gas - Refining and Marketing","-.56","3"
"CommVault Systems","CVLT","6077.39","146.72","714438","-1.3","16.43","65.95","59.5","7.64","18.89","16.42","195.41","75.18","90","Computer and Technology","Computer - Software","5.97","3"
"Carvana","CVNA","70351.04","64.14","10151344","-1.31","-3.79","-21.15","19.99","-30.11","48.63","6.4","95.69","56.26","166","Retail-Wholesale","Internet - Commerce","6.4","3"
"CVS Health","CVS","137302.53","107.61","7055887","1.61","6.23","37.33","100","24.71","7.85","2.21","107.61","58.75","85","Medical","Medical Services",".72","2"
"Covista Inc.","CVSA","3914.91","115.04","375639","-13.62","-3.55","2.36","39.45","2.25","12.85","14.89","154.45","89.36","100","Consumer Discretionary","Schools","12.26","3"
"Chevron","CVX","377826","189.71","8485557","4.12","8.37","2.67","66.71","14.48","-6.79","6.58","211.15","146.75","232","Oils-Energy","Oil and Gas - Integrated - International","5.79","3"
"Community West Bancshares","CWBC","736.69","27.15","443000",".26","7.27","12.75","90.78","10.98","17.6","27.83","28.02","18.58","186","Finance","Financial - Miscellaneous Services","20.77","2"
"Clearway Energy","CWEN","6841.58","33.33","1227967",".42","-10.09","-18.81","40.69","-7.84","4.23",".13","41.26","27.89","95","Oils-Energy","Alternative Energy - Other",".13","5"
"Camping World","CWH","619.98","6.02","2239480","-1.95","-18.1","-12.88","1.65","-43.1","4.41",".36","19.11","5.8","100","Auto-Tires-Trucks","Automotive - Original Equipment","-1.49","3"
"Cushman & Wakefield","CWK","3059.97","13.06","2158704","-1.95","2.19","-9.24","31.23","-25.81","8.91","2.84","17.2","11.18","157","Finance","Real Estate - Operations",".7","2"
"Casella Waste Systems","CWST","5951.98","93.57","756869","-4.61","10.63","21.92","51.4","-12.14","17.95","4.33","111.16","74.97","79","Business Services","Waste Removal Services",".38","3"
"California Water Service Group","CWT","3075.26","51.38","538383","2.76","13.67","10.66","94.81","9.06","-3.54","11.77","51.88","42.24","167","Utilities","Utility - Water Supply","11.77","3"
"Cemex","CX","18095.25","12.49","4919487",".32","-.72","2.04","82.13","-.03","-.42","3","13.55","7.62","174","Construction","Building Products - Concrete and Aggregates","2.74","3"
"Crexendo","CXDO","249.27","7.69","449800","-6.33","9.7","14.1","46.23","9.31","12.05","16.43","10.47","5.3","100","Computer and Technology","Internet - Services","6.15","3"
"Sprinklr","CXM","1393.66","5.95","3388396","3.84","20.2","16.67","24.61","-29.66","7.64","14.07","9.35","4.84","99","Business Services","Technology Services","3.29","2"
"Crane NXT, Co.","CXT","2939.84","51.09","1133260","1.23","11.99","15.27","45.64","-.18","11.43","13.93","68.91","36.13","99","Business Services","Technology Services","7.57","3"
"CoreCivic","CXW","3149.6","31.85","1281199","1.34","7.42","57.28","99.75","53.28","12.72","5.72","31.89","16.13","64","Finance","REIT and Equity Trust - Other","5.53",""
"CryoPort","CYRX","791.82","15.71","763934","0","6.36","51.35","91.28","50.5","-22.86","-20.14","16.57","6.71","85","Medical","Medical Services","41.57","3"
"Cytokinetics","CYTK","9843.86","79.11","2188535","-3.81","-.08","28.42","84.92","14.51","376.56","-669.43","87.26","33.23","98","Medical","Medical - Biomedical and Genetics","-784.02","3"
"Caesars Entertainment","CZR","6069.57","29.8","4453593",".47","1.74","6.31","95.03","17.17","2.14","-2.62","30.41","18.14","84","Consumer Discretionary","Leisure and Recreation Services","-4.19","2"
"Dominion Energy","D","61878.48","70.36","4970761","-.62","3.41","12.58","90.9","10.44","14.16","17.35","71.69","57.08","154","Utilities","Utility - Electric Power","16.93","3"
"Daktronics","DAKT","939.62","19.46","675585","-3.71","-6.85","-1.12","30.45","-9.47","10.87","6.16","27.73","15.84","66","Computer and Technology","Electronics - Miscellaneous Products","5.41","2"
"Delta Air Lines","DAL","55595.45","84.54","7544351","-1.91","-1.61","23.96","78.55","12.03","2.79","5.55","93.66","51.15","75","Transportation","Transportation - Airline","5.79","2"
"Dana","DAN","2830.36","26.15","1753218","-4","-12.34","-32.04","45.76","1.22","-27.07",".63","38.93","15.37","100","Auto-Tires-Trucks","Automotive - Original Equipment","15.12","5"
"Darling Ingredients","DAR","10091.89","63.5","2372500","2.37","19.32","5.22","96.18","62.22","7.36","4.3","64.84","29.74","197","Consumer Staples","Food - Miscellaneous","3.54","3"
"DoorDash","DASH","82359.55","189.02","4134887","-.29","9.84","8.59","31.39","-23.24","27.93","6.29","281.74","146.6","100","Computer and Technology","Internet - Services","6.29","5"
"DAVE INC","DAVE","5572.4","438.28","532656","12.51","41.51","56.82","98.52","82.05","59.67","35.21","442.53","155.92","99","Business Services","Technology Services","37.22","2"
"Deutsche Bank","DB","67298.59","34.69","2019699","-1.56","-3.88","8.68","52.84","-17.26","-4.17","19.44","40.33","28.37","100","Finance","Banks - Foreign","10.43","4"
"Designer Brands","DBI","288.41","5.68","623823","5.97","-7.04","-25.26","47.63","-29.69","-3.87",".85","9.11","2.56","62","Retail-Wholesale","Retail - Apparel and Shoes",".35","1"
"Deutsche Boerse","DBOEY","52374.8","29.08","746436","-.03","4.68","-6.82","71.74","1.73","-10.63","35.17","31.29","23.47","204","Finance","Securities and Exchanges","32.67","3"
"Dropbox","DBX","7122.67","30.53","3244033","3.21","18.33","27.69","83.78","1","-1.07","29.64","32.17","22.06","100","Computer and Technology","Internet - Services","18.71","3"
"Dauch Corporation","DCH","1258.04","5.3","3885722","3.52","-13.96","-8.93","21.11","-23.96","-4.71","1.77","9","4.31","100","Auto-Tires-Trucks","Automotive - Original Equipment","-1.87","3"
"Donaldson","DCI","10390.27","89.64","746413",".4","4.29","-.17","48.42","-7.01","2.92","11.95","110.57","69.99","43","Industrial Products","Pollution Control","11.52","3"
"Ducommun","DCO","2544.33","168.66","344564","3.16","2.28","19.25","79.21","63.06","4.85","6.73","190.25","86.41","79","Aerospace","Aerospace - Defense Equipment","-4.11","4"
"Dime Community Bancshares","DCOM","1759.69","39.89","341335","-.15","1.86","10.53","91.03","21.92","13.03","27.24","41.28","25.78","90","Finance","Banks - Southeast","16.65","3"
"Delcath Systems","DCTH","434.63","12.59","422584","-2.18","9.38","16.14","82.55","14.64","129.08",".62","13.52","8.19","178","Medical","Medical - Instruments",".62","4"
"DuPont de Nemours","DD","18327.05","135.75","1372084","2.33","-6.11","-3.09","22.24","3.51","-44.7","13.86","246.51","104.08","156","Basic Materials","Chemical - Diversified ","-.3","3"
"Datadog","DDOG","93688.73","263.2","4093520","1.14","18.9","98.4","91.83","78","27.68","21.7","277.49","102.61","85","Computer and Technology","Internet - Software","3.69","3"
"Deere & Company","DE","158183.34","586","1152537",".06","-2.1","3.23","65.76","15.76","-11.66","11.75","662.49","439.11","28","Industrial Products","Manufacturing - Farm Equipment","10.09","3"
"Easterly Government Properties","DEA","1170.06","25.19","406166","1.41","5.97","7.88","91.32","9.33","11.27","3.22","25.63","20.56","64","Finance","REIT and Equity Trust - Other","3.22","3"
"Deckers Outdoor","DECK","14449.18","104.04","2057091","-3.49","-1.45","-2.56","55.22","-7.7","9.76","18.9","123.91","79.54","62","Retail-Wholesale","Retail - Apparel and Shoes","18.9","2"
"Douglas Emmett","DEI","2031.6","12.13","2167735","-.41","3.5","11.28","38.16","1.51","1.77","-2.59","16.91","9.18","64","Finance","REIT and Equity Trust - Other","-2.59","2"
"Dell Technologies","DELL","247499.47","381.88","7188864","-10.59","-8.8","76.82","76.31","179","18.8","6.83","465.96","111.07","18","Computer and Technology","Computer - Micro Computers","6.28","1"
"Dream Finders Homes","DFH","1362.05","14.88","620425","-4.25","3.05",".2","12.54","-19.97","-2.89","4.16","30.99","12.57","197","Construction","Building Products - Home Builders","4.16",""
"Dollar General","DG","27518.18","124.75","2600541","1.06","10.93","6.31","47.78","-13.59","5.2","3.63","156.24","95.94","21","Retail-Wholesale","Retail - Discount Stores","3.63","3"
"Digi International","DGII","2418.22","64.14","483798","-3.16","-6.75","13.8","75.32","36.26","1.46","18.25","74.95","31.14","174","Computer and Technology","Computer - Networking","9.1","3"
"Quest Diagnostics","DGX","22987.22","207.66","837430",".15","7.27","5.61","83.14","10.06","11.78","10.17","216.02","166.45","76","Medical","Medical - Outpatient and Home Healthcare","9.07","2"
"Diversified Healthcare Trust","DHC","2203.17","9.1","1543075","4","1.79","21.01","91.96","72.56","2.84","-21.1","9.61","3.27","64","Finance","REIT and Equity Trust - Other","-21.1","2"
"D.R. Horton","DHI","41059.49","144.79","2248808","-2.73","-7.15","-9.13","25.69","-7.55","-6.93","9.51","184.04","131.22","197","Construction","Building Products - Home Builders","9.51","3"
"DHL Group Sponsored ADR","DHLGY","71474.88","31.93","436638","-.87","8.79","14.36","90.2","7.39","2.87","4.28","33.02","21.9","90","Transportation","Transportation - Services","4.28","1"
"Danaher","DHR","142339.75","201.11","4066500",".47","12.86","11.34","48.91","-19.2","2.9","22.99","242.05","161.91","85","Medical","Medical Services","14.89","2"
"DHT","DHT","2881.03","17.89","3438478","3.35","-9.51","-2.45","77.6","34.75","-12.83","69.95","19.96","10.72","62","Transportation","Transportation - Shipping","58.54",""
"Dine Brands Global","DIN","434.09","34.22","302327","-4.92","2.52","24.17","75.05","-2.08","8.25","6.6","38.81","20.41","207","Retail-Wholesale","Retail - Restaurants","1.77","4"
"HF Sinclair","DINO","16298.7","90.41","2482513","10.66","37.32","46.29","100","80.44","-5.99","4.09","90.41","42.36","40","Oils-Energy","Oil and Gas - Refining and Marketing","4.46","2"
"Diodes","DIOD","4009.6","87.27","608853","-5.44","-28.91","-13.83","55.86","62.67","13.04","4.35","122.76","42.36","47","Computer and Technology","Electronics - Semiconductors","5.5","3"
"Disney","DIS","167417.08","96.41","10233215",".43","-5.9","-5.8","13.07","-22.07","3.35","10.5","122.94","92.42","67","Consumer Discretionary","Media Conglomerates","11.54","3"
"Delek US Holdings","DK","3961.63","64.64","1179703","11.43","50.75","59.8","100","100.43","-9.53",".85","64.64","20.04","40","Oils-Energy","Oil and Gas - Refining and Marketing","-.48","2"
"DraftKings","DKNG","12065.85","24.32","10684809","-8.05","-5.19","3.36","13.09","-35.09","26.99","6.03","48.23","20.72","182","Consumer Discretionary","Gaming",".93","3"
"DICK'S Sporting Goods","DKS","19182.18","214.32","1103370","-.82","-10.17","-6.55","51.64","-.44","28.06","5.79","239.17","187.78","59","Retail-Wholesale","Retail - Miscellaneous","4.71","3"
"Dolby Laboratories","DLB","4790.45","50.64","910234","2.59","-3.4","-20.43","7.53","-27.48","5.92","29.73","76.79","48.51","100","Consumer Discretionary","Audio Video Production","17.85","3"
"DLocal Limited","DLO","4338.45","14.71","3144727","-1.41","20.48","6.67","80.76","-4.32","46.6","17.64","15.83","10.01","85","Business Services","Financial Transaction Services","15.85","4"
"Digital Realty Trust","DLR","61935.32","176.25","3708764","-.94","-9.87","-10.23","50.59","4.77","10.04","21.73","203.91","147.93","64","Finance","REIT and Equity Trust - Other","21.73","3"
"Dollar Tree","DLTR","24287.02","126.38","3690413","0","10.93","28.96","73.6","-5.51","10.43","6.39","141.21","85.04","21","Retail-Wholesale","Retail - Discount Stores","6.51","2"
"Deluxe","DLX","1194.96","26.1","386321","3.78","17.3","-14.43","64.44","7.5",".54","8.52","31.9","15.59","100","Business Services","Business - Office Products","5.01","3"
"Del Monte Corporation","DMC","1376.87","28.94","461715","2.52","7.58","-30.78","12.65","-25.3",".98","3.64","43.02","26.9","197","Consumer Staples","Food - Miscellaneous","1.63",""
"Ginkgo Bioworks","DNA","493.2","7.55","1113531","-16.58","-16.48","-3.45","19.42","-16.44","-25.06","-210.79","16.14","5.48","98","Medical","Medical - Biomedical and Genetics","-215.41",""
"DNOW INC","DNOW","2548.34","13.96","2646612","6.97","1.82","9.83","49.39","-3.1","18.84","2.44","16.87","11.12","56","Industrial Products","Manufacturing - General Industrial ","-4.14","3"
"Healthpeak Properties, Inc.","DOC","15367.17","22.29","6315987","2.58","11.56","37.59","96.73","27.49","4.52","7.73","22.51","15.78","64","Finance","REIT and Equity Trust - Other","7.73","3"
"DigitalOcean","DOCN","12428.73","119.09","3750632","-3.43","-28.36","20.35","60.01","127.61","15.48","22.16","181.29","25.74","85","Computer and Technology","Internet - Software","24.97","2"
"Doximity","DOCS","3973.81","21.73","3229484","-2.51","8.27","-11.88","6.51","-54.87","13.05","46.94","75.12","18.01","72","Medical","Medical Info Systems","30.4","3"
"Docusign","DOCU","9986.4","52.3","3462110","4.87","22.45","14.54","24.39","-29.68","8.16","25.17","85.01","41.75","85","Computer and Technology","Internet - Software","9.59","3"
"Dole","DOLE","1357.92","14.27","937746",".63","2.88","-4.04","43.09","-12.45","8.23","1.2","16.37","12.68","164","Consumer Staples","Agriculture - Operations",".46","3"
"Dover","DOV","28229.07","209.63","1003166","-2.17","-8.62","-7.34","67.18","-1.25","4.48","16.31","233.31","161.16","56","Industrial Products","Manufacturing - General Industrial ","13.3","2"
"Dow","DOW","21888.92","30.37","11121978","0","-1.36","-20.29","45.81","19.47","-6.97","-1.96","41.87","20.65","156","Basic Materials","Chemical - Diversified ","-7.24","3"
"Amdocs","DOX","5741.84","53.19","1510169",".82","2.9","-17.8","8.33","-39.24","-9.43","16.89","89.71","49.87","68","Computer and Technology","Computers - IT Services","11.81","2"
"Domino's Pizza","DPZ","10942.16","328.97","1025666","6.17","11.47","-1.89","22.69","-27.42","4.96","11.86","485.53","283.03","207","Retail-Wholesale","Retail - Restaurants","11.86","4"
"DAQO New Energy","DQ","831.62","12.29","763593","5.68","-11.58","-44.24","2.74","-61.69","-35.34","-32.92","35.69","11.63","57","Oils-Energy","Solar","-32.92","3"
"DiamondRock Hospitality","DRH","2607.25","12.75","2538954","7.32","4.08","24.63","100","30.87","-.83","9.26","12.75","7.5","64","Finance","REIT and Equity Trust - Other","9.26","3"
"Darden Restaurants","DRI","22313.71","194.82","1614123","-.95","-8.1","-1.95","51.79","-2.63","9.39","9.37","218.66","169.21","207","Retail-Wholesale","Retail - Restaurants","9.13","4"
"Leonardo DRS, Inc.","DRS","11846.9","44.41","1181183","2.45","-1.29","9.06","69.19","19.81","12.8","8.74","49.69","32.55","79","Aerospace","Aerospace - Defense Equipment","7.85","3"
"Driven Brands Holdings","DRVN","2433.1","14.75","918906","-3.66","20.21","15.96","49.94","-8.47","-20.39","10.92","19.21","10.3","48","Retail-Wholesale","Automotive - Retail and Wholesale - Parts","9.08","3"
"DISCO CORP","DSCSY","43805.73","40.38","325163","-7.17","-27.1","-14.43","50.26","21.92","12.37","31.21","55.39","25.21","100","Industrial Products","Manufacturing - Material Handling","30.95","3"
"The Descartes Systems Group","DSGX","6313.7","73.68","518526","1.26","10.86","3.7","24.15","-22.7","11.98","23.35","107.79","62.82","90","Computer and Technology","Computer - Software","23.35","3"
"Dynatrace","DT","12976.13","44.71","4891784",".27","10.5","25.56","55.26","-5.12","18.82","25.64","54.71","32.36","68","Computer and Technology","Computers - IT Services","8.06","3"
"DTE Energy","DTE","30361.73","145.95","1163802","-3.11","-.6","-.38","68.35","4.07","26.95","9.09","154.43","127.64","154","Utilities","Utility - Electric Power","7.65","3"
"Deutsche Telekom","DTEGY","151668.48","30.92","729047","2.05","3.76","-1.34","28","-13.04","7.51","8.27","40.28","27.28","233","Utilities","Diversified Communication Services","7.38","3"
"DT Midstream","DTM","14670.65","143.81","680456","-1.57","-.85","6.53","85.93","10.51","26.71","36.28","151.12","99.17","201","Oils-Energy","Oil and Gas - Integrated - United States","36.28","3"
"Duke Energy","DUK","98112.19","125.85","3596009","-.8","1.89","-.98","60.89","-1.25","6.19","15.41","133.46","114","154","Utilities","Utility - Electric Power","15.49","2"
"Duolingo","DUOL","6238.35","133.89","1195422","1.17","5.22","29.61","14.58","-29.84","38.71","16.08","390.84","90.03","99","Business Services","Technology Services","38.44","2"
"Duos Technologies Group, Inc.","DUOT","239.87","8.18","824754","-7.67","-33.28","-7.47","25.23","-33.13","271.16","-45.37","14.64","6","99","Business Services","Technology Services","-45.36","3"
"DoubleVerify","DV","1774.05","11.56","3234447","-2.94","13.67","5.96","38.51","-7.07","13.92","16.24","16.27","8.61","85","Computer and Technology","Internet - Software","7.16","3"
"DaVita","DVA","15029.22","234.1","752629","-.63","11.65","56.01","97.84","89.51","6.46","6.17","236.97","103.87","76","Medical","Medical - Outpatient and Home Healthcare","5.65","3"
"Devon Energy","DVN","27204.89","43.78","11794181",".11","1.7","-9.17","59.22","9.92","7.83","14.16","52.07","31.74","201","Oils-Energy","Oil and Gas - Exploration and Production - United States","13.71","3"
"Dynex Capital","DX","2822.78","13.12","5534855","1.08","2.18","-4.86","43.94","-13.87","66.97","88.52","14.74","11.85","197","Finance","REIT and Equity Trust","49.18",""
"DXC Technology","DXC","1525.27","9.33","5312206","-3.91","12.68","-19.43","15.4","-41.43","-1.76","4.56","15.43","8.22","68","Computer and Technology","Computers - IT Services",".14","3"
"DexCom","DXCM","29206.73","75.69","4385188","-.86","9.58","23.25","60.1","4.88","15.6","19.03","89.53","54.84","178","Medical","Medical - Instruments","19.31","2"
"Dycom Industries","DY","12318.3","410.18","643911",".02","-12.36","-1.4","56.87","11.64","17.95","6.38","535.2","245.31","48","Construction","Building Products - Heavy Construction","4.98","1"
"Eni","E","83588.18","49.52","464025",".16",".24","-7.9","67.22","20.04","-4.17","6.05","57.61","32.93","232","Oils-Energy","Oil and Gas - Integrated - International","3.37","5"
"Electronic Arts","EA","52479.78","209.29","2042224","1.42","3.11","3.38","100","-5.8",".91","24.85","209.29","147.79","182","Consumer Discretionary","Gaming","11.78","4"
"Airbus SE - Unsponsored ADR","EADSY","171735.95","54.42","381751","-1.5",".78","11.91","48.81","-13.59","10.85","6.92","64.09","45.2","79","Aerospace","Aerospace - Defense Equipment","6.92","3"
"Brinker International","EAT","8363.55","195.01","993240","3.03","18.58","45.39","100","24.96","21.95","8.06","195.01","102.29","207","Retail-Wholesale","Retail - Restaurants","8.07","3"
"eBay","EBAY","50700.36","114.19","2907714","-.78","8.81","13.86","88.69","20.57","7.95","23.16","118.96","76.79","166","Retail-Wholesale","Internet - Commerce","17.58","3"
"Eastern Bankshares","EBC","5235.39","22.65","2528563","1.71","9.21","13.53","90.39","13.03","22.11","32.04","23.46","15.03","85","Finance","Banks - Northeast","26.28","3"
"Emergent Biosolutions","EBS","396.78","7.69","806751","-4","-2.04","-4.23","24.91","-42.78","-28.81","8.6","13.9","5.63","98","Medical","Medical - Biomedical and Genetics","-1.27",""
"Ecopetrol","EC","32955.03","16.03","2564570",".94","-1.35","16.84","93.37","47.13","-9.86","8.84","16.58","8.29","232","Oils-Energy","Oil and Gas - Integrated - International","8.84","3"
"Everus Construction Group, Inc.","ECG","6711.46","131.49","659500","-1.37","-20.17","-6.25","63.23","41.34","31.47","5.65","169.16","66.7","100","Construction","Building Products - Miscellaneous","5.65","2"
"EchoStar","ECHO","26178.86","90.33","6790613","-2.77","-15.1","-25.73","55.43","-23.57","-5.18","-3.11","141.8","26.33","179","Computer and Technology","Satellite and Communication","-97.56","4"
"Ecolab","ECL","75608.18","268.65","1277909","-1.18","-.26",".29","36.6","-5.88","2.16","13.4","308.35","245.73","95","Basic Materials","Chemical - Specialty","12.8","5"
"Okeanis Eco Tankers Corp.","ECO","2117.78","54.24","461304",".07","-1.36","0","92.16","47.41","-.43","52.82","56.93","22.63","62","Transportation","Transportation - Shipping","41.26","3"
"Encore Capital Group","ECPG","1901.12","88.67","320833","-2.46","5.62","5.18","91.14","50.04","34.37","16","93.79","35.97","161","Finance","Financial - Consumer Loans","16","3"
"Ecovyst Inc.","ECVT","1357.22","12.4","1975475","4.03","-3.8","-12.37","63.96","17.21","2.7","9.79","14.97","7.84","95","Basic Materials","Chemical - Specialty","-7.71","2"
"Consolidated Edison","ED","40925.22","111.05","1980579","-.69","3.86","2.04","78","2.83","10.89","11.83","115.46","95.41","154","Utilities","Utility - Electric Power","12.52","3"
"New Oriental Education & Technology Group","EDU","7781.34","49.24","576448","1.19","8.79","-5.85","26.44","-17.71","13.6","10.82","63.51","44.11","100","Consumer Discretionary","Schools","7.82","3"
"Excelerate Energy","EE","4430.26","38.91","333341","-.23","8.38","15.94","79.98","27.58","44.26","6.31","42.89","23.01","95","Oils-Energy","Alternative Energy - Other","2.98","3"
"Euronet Worldwide","EEFT","3097.41","81.35","570438","4.75","27.65","8.15","41.47","-1.7","6.38","9.69","106.22","63.73","85","Business Services","Financial Transaction Services","7.15","4"
"Ellington Financial","EFC","1681.53","13.41","1324652","-.3",".83","1.13","77.57","-9.18","39.26","101.6","14.02","11.3","197","Finance","REIT and Equity Trust","72.08","3"
"Everforth Inc.","EFOR","754.18","18.35","1010440",".38","4.08","-12.58","3.34","-64.97","-2.91","4.69","55.65","17.06","99","Business Services","Technology Services","2.46","3"
"Equifax","EFX","21442.56","180.08","1532014","4.33","17.32","5.58","25.32","-23.67","6.92","15.65","263.09","151.93","161","Business Services","Consulting Services","11.13","3"
"Enerflex Ltd.","EFXT","2815.69","23.06","347880","-3.23","-10.69","-9.82","74.14","37.45","6.5","6.3","28.39","7.78","95","Oils-Energy","Alternative Energy - Other","3.19","4"
"Everest Group, Ltd.","EG","14997.24","378.99","366491",".29","11.7","10.32","95.39","2.71","1.24","12.99","382.57","304.91","167","Finance","Insurance - Multi line","11.76","3"
"Eagle Bancorp","EGBN","820.94","26.92","328472",".11","-3.24","2.28","83.42","15.58","-10.35","-38.12","29.13","15.8","85","Finance","Banks - Northeast","-18.65","3"
"Eldorado Gold","EGO","7246.37","27.73","2148149","-4.84","-14.33","-12.96","26.64","-29","37.53","24.38","49.71","19.75","230","Basic Materials","Mining - Gold","28.62","5"
"EastGroup Properties","EGP","11890.66","221.2","388554","4.82","8.85","10.51","96.59","14.2","12.67","39.69","223.38","159.46","64","Finance","REIT and Equity Trust - Other","39.69","3"
"Vaalco Energy","EGY","549.44","5.27","1310279","-3.48","-3.3","-15.68","57.58","33.15","-24.99","-18.46","6.67","3.37","100","Oils-Energy","Oil and Gas - Exploration and Production - International","-45.86","3"
"Ehang Holdings","EH","392.13","5.22","1093105","-3.51","-23.68","-48.01",".67","-63.58","16.59","-3.06","19.99","5.12","79","Aerospace","Aerospace - Defense Equipment","-54.89","4"
"Encompass Health","EHC","11159.9","112.5","1157585","2.24","14.01","11.47","55.98","-2.52","10.46","9.56","127.18","93.83","76","Medical","Medical - Outpatient and Home Healthcare","10.04","3"
"Edison International","EIX","29725.33","77.25","2126639","1.68","6.99","12.66","97.05","18.37","9.76","13.45","78.05","50.92","154","Utilities","Utility - Electric Power","19.27","2"
"The Estee Lauder Companies","EL","30260.53","83.64","2605135","3.07","-1.05","8.17","31.33","-26.54","-8.21","5.49","119.61","67.23","174","Consumer Staples","Cosmetics","-1.67","2"
"Elanco Animal Health","ELAN","12556.16","25.14","3970632","0","5.19","13.81","87.08","2.17","6.22","10.08","26.84","13.68","76","Medical","Medical - Outpatient and Home Healthcare","-4.95","2"
"e.l.f. Beauty","ELF","4694.33","79.65","2849532","6.06","26.07","25","30.98","-3.66","24.59","11.36","146.67","49.57","174","Consumer Staples","Cosmetics","1.61","3"
"Equity Lifestyle Properties","ELS","12656.36","65.26","1428978",".43","5.24","3.97","68.71","-.98",".34","24.99","68.37","58.43","100","Finance","REIT and Equity Trust - Residential","24.99","3"
"Elevance Health, Inc.","ELV","82893.95","382.23","1742360","-10.1","-3.19","7.33","70.71",".28","12.49","3.26","426.79","274.66","85","Medical","Medical Services","2.47","2"
"Electrovaya Inc.","ELVA","453.49","9.16","2035240","17.59","-11.41","-1.61","63.83","6.64","43.06","7.03","12.26","3.69","66","Computer and Technology","Electronics - Miscellaneous Products","7.03","4"
"EmbraerEmpresa Brasileira de Aeronautica","EMBJ","11912.99","65.93","856642","2.25","8.15","4.52","57.05","-5.8","18.5","2.91","79.89","47.39","90","Aerospace","Aerospace - Defense","3.94","3"
"EMCOR Group","EME","33064.9","744.03","486277","-2.73","-14.37","-15.97","48.09","11.85","16.62","6.91","943.75","558.98","48","Construction","Building Products - Heavy Construction","7.54","2"
"Eastman Chemical","EMN","7784.94","68.08","1232843","1.29","-5.39","-5.59","46.86","-1.91","-6.71","6.14","81.36","56.37","156","Basic Materials","Chemical - Diversified ","4.62","4"
"Emerson Electric Co.","EMR","76498.46","136.58","2509794",".89","-9.07","-3.46","34.59","-5.36","3","18.95","161.69","123.3","100","Industrial Products","Manufacturing - Electronics","13.35","4"
"Enbridge","ENB","121716.54","55.73","3552920","1.2","1.7","6.25","82.82","7.16","22.08","9.82","58.04","44.59","216","Oils-Energy","Oil and Gas - Production and Pipelines","9.83","3"
"Enovis","ENOV","1544.98","26.84","1221364","2.25","26.01","9.37","51.21","-7.34","6.66","8.58","33.32","20.04","72","Medical","Medical Info Systems","-49.92","3"
"Enphase Energy","ENPH","5200.76","39.46","5381665","-8.36","-24.71","11.98","28.87","13.23","10.72","25.92","72.33","26.12","57","Oils-Energy","Solar","9.64","3"
"Energizer","ENR","1393.44","20.35","933934","-.59","-3.51","4.47","30.23","-5.9","2.28","8.08","29.86","16.23","179","Consumer Staples","Consumer Products - Staples","6.55","3"
"Enersys","ENS","7009.78","192.28","570164","-4.38","-17.46","-8.67","67","20.5","3.7","10.74","243.34","88.59","100","Industrial Products","Manufacturing - Electronics","7.83","3"
"The Ensign Group","ENSG","10054.95","172.04","968365","2.17","9.73","-9.42","44.9","-9.17","18.72","7.73","215.83","136.36","100","Medical","Medical - Nursing Homes","6.89","3"
"Entegris","ENTG","20402.97","133.79","3298933","-1.82","-27.29","-14.48","56.42","46.05","-1.38","13.89","184","68.8","47","Computer and Technology","Electronics - Semiconductors","8.18","2"
"Enova International","ENVA","5734.72","230.45","404343","-.67","12.56","32.75","91.72","34.82","18.58","11.22","242.18","100.56","161","Finance","Financial - Consumer Loans","9.95","2"
"EOG Resources","EOG","75148.56","141.09","3381605","1.06","6.22","5.91","81.71","23.57","-4.5","24.23","149.89","101.78","201","Oils-Energy","Oil and Gas - Exploration and Production - United States","23.01","3"
"Evolus","EOLS","365.17","5.545","772969","-14.95","-15.86","6.23","28.11","-23.31","11.61","-8.89","9.65","3.94","167","Medical","Medical - Products","-14.39","3"
"Enerpac Tool Group","EPAC","1736.12","33.95","683924","-2.3","-6.24","-5.19","9.46","-18.35","4.65","15.52","43.71","32.93","190","Industrial Products","Manufacturing - Tools & Related Products","14.72","5"
"EPAM Systems","EPAM","4670.65","89.4","1676232","3.5","17.57","-23.14","9.19","-59.87","15.42","11.95","221.4","76.04","68","Computer and Technology","Computers - IT Services","6.96","3"
"Edgewell Personal Care","EPC","1317.46","28.59","1003118","4.99","25.84","23.82","92.22","54.22","-1.34","4.53","29.66","15.91","179","Consumer Staples","Consumer Products - Staples","-3.69","4"
"Enterprise Products Partners","EPD","83833.08","38.78","2691645","1.23","6.48","1.47","89.39","11.25","-6.44","11.45","39.8","30.19","59","Oils-Energy","Oil and Gas - Production Pipeline - MLB","11.45","3"
"EPR Properties","EPR","4756.48","62.17","599405","3.95","7.12","12.28","99.34","14.58","2.91","44.01","62.26","48.71","90","Finance","REIT and Equity Trust - Retail","37.5","3"
"Essential Properties Realty Trust","EPRT","7211.8","33.35","1917330","6.28","13.2","7.23","76.99","3.41","24.82","43.46","34.59","29.2","90","Finance","REIT and Equity Trust - Retail","43.46","4"
"Equitable Holdings","EQH","13129.29","48.1","3072821",".63","6.94","15.76","65.44","-7.16","-6.21","12.1","54.84","35.34","167","Finance","Insurance - Multi line","-7.26","3"
"Equinix","EQIX","100331.43","1017.31","588217","-2.14","-8.84","-6.66","74.7","22.12","5.36","15.07","1115.94","726.09","90","Finance","REIT and Equity Trust - Retail","15.07","3"
"Equinor","EQNR","109985.78","37.35","3456478","3.58","13.63","-1.84","74.74","45.37","2.59","7.99","42.4","22.41","40","Oils-Energy","Oil and Gas - Refining and Marketing","5.3","3"
"Equity Residential","EQR","25794.55","68.8","2524606","-1.32","6.29","10.4","88.91",".37","3.82","30.63","70.15","57.98","100","Finance","REIT and Equity Trust - Residential","30.63","3"
"EQT","EQT","30679.7","49.05","7518685","-1.35","-5.38","-16.35","1.05","-15.84","63.92","30.65","67.93","48.85","201","Oils-Energy","Oil and Gas - Exploration and Production - United States","31.94","4"
"Equinox Gold","EQX","6849.87","8.68","10994418","-8.15","-15.32","-39.47","20.57","-43.14","20.02","20.58","18.76","6.07","230","Basic Materials","Mining - Gold","21.72","3"
"Ericsson","ERIC","32327.89","9.59","14055138","-18.17","-18.17","-13.29","36.54","-8.6","3.17","9.49","13.74","7.2","48","Computer and Technology","Wireless Equipment","10.72","4"
"Energy Recovery","ERII","437.1","8.48","717828","-2.08","-4.72","-23.26","5.5","-42.19","-6.87","23.55","18.11","7.92","43","Industrial Products","Pollution Control","15.07","3"
"Ero Copper","ERO","2617.38","25.1","1011042","1.83","-17.57","-8.83","48.38","-18.4","67.1","27.8","38.03","12.98","187","Basic Materials","Mining - Non Ferrous","31.63","3"
"Eversource Energy","ES","27848.73","74.05","2242009","-1.08","5.6","7.76","83.82","1.15","13.83","13.4","76.21","62.86","154","Utilities","Utility - Electric Power","12.55","4"
"ESAB Corporation","ESAB","5052.57","82.99","703838","-4.3","-18.86","-19.63",".13","-31.68","3.71","11.85","134.82","82.92","216","Industrial Products","Metal Products - Procurement and Fabrication","7.11","4"
"Element Solutions","ESI","8881.92","36.46","6601441","-7.93","-25.73","-9.69","51.61","34.18","3.84","13.63","49.09","22.99","95","Basic Materials","Chemical - Specialty","5.32","2"
"Essent Group","ESNT","6097.75","66.17","807929","1.91","12.29","2.89","94.16","-6.39","1.45","53.64","66.82","55.69","154","Finance","Insurance - Property and Casualty","53.64","4"
"Empire State Realty Trust","ESRT","965.61","5.6","1787468","1.08","8.74","-1.58","21.26","-21.01",".05","6.21","7.97","4.96","64","Finance","REIT and Equity Trust - Other","5.09",""
"Essex Property Trust","ESS","18882.36","293.83","447897","-1.23","6.35","14.41","92.34","3.27","6.36","30.03","298.33","239.61","100","Finance","REIT and Equity Trust - Residential","30.03","3"
"Establishment Labs","ESTA","2749.39","93.42","762391","6.28","8.55","42.69","100","17.89","27.14","-18.45","93.42","33.62","85","Medical","Medical Services","-19.05","3"
"Elastic","ESTC","6521.92","62.74","1720156",".5","6.83","31.17","37.99","-23.51","17.26","15.83","94.47","43.3","85","Computer and Technology","Internet - Software","21.14","2"
"Energy Transfer","ET","69786.71","20.28","7671143",".5","7.36","6.46","97.37","13.11","3.47","4.66","20.39","16.21","59","Oils-Energy","Oil and Gas - Production Pipeline - MLB","4.66","1"
"Ethan Allen Interiors Inc.","ETD","587.56","23.09","487595","4.34","8.25","2.12","37.37","-7.02","-4.89","6.88","30.48","18.68","82","Retail-Wholesale","Retail - Home Furnishings","6.81","3"
"Eaton","ETN","155867.5","401.41","2189758","-.36","-7.89","-3.69","71.35","15.91","10.33","16.64","435.78","315.82","100","Industrial Products","Manufacturing - Electronics","13.99","2"
"Eton Pharmaceuticals","ETON","1125","41.07","505589","9.99","25.52","75.14","95.59","123.37","104.94","-1.7","42.32","13.95","98","Medical","Medical - Biomedical and Genetics","-1.7","3"
"eToro Group Ltd.","ETOR","3038.99","36.68","748038","-4.02","-4.37",".8","29.56","-3.97","10.33","29.76","65.08","24.76","164","Finance","Insurance - Brokerage","1.9","3"
"Entergy","ETR","51242.12","111.91","2762317","-2.55","-.26","-1.35","82.02","11.35","8.98","13.59","117.91","84.54","154","Utilities","Utility - Electric Power","13.48","3"
"Etsy","ETSY","7974.13","84.03","2671499","4.35","15.84","29.06","95.9","39.4","2.68","11.17","85.74","44.05","166","Retail-Wholesale","Internet - Commerce","9.94","3"
"Entravision Communications","EVC","1014.36","11.03","1885415","-.99","11.75","186.49","78.7","246.22","22.65","-3.3","13.48","1.98","100","Consumer Discretionary","Broadcast Radio and Television","-3.41",""
"EverQuote","EVER","992.26","27.54","719367","8.08","34.28","74.08","97.57","-6.19","38.45","15.35","27.87","14.27","85","Computer and Technology","Internet - Software","15.35","3"
"Evolent Health","EVH","667.01","5.93","2209368",".17","32.37","70.89","41.32","36.34","-26.56","2.01","11.27","2.17","72","Medical","Medical Info Systems","-26.29","2"
"Evolv Technologies","EVLV","1005.48","5.59","2102848","-6.52",".9","-15.69","17.88","-28.2","40.48","-22.75","8.76","4.9","68","Computer and Technology","Computers - IT Services","-22.75","3"
"Evercore","EVR","12901.79","333.53","400992","-.19","-10.83","-4.1","57.22","-9.85","29.41","18.02","383.12","267.19","26","Finance","Financial - Investment Bank","16.33","3"
"Evergy","EVRG","19630.49","85.16","2075163","-1.49","2.29","4.38","85.36","8.04","1.95","15.38","88.13","67.84","154","Utilities","Utility - Electric Power","14.63","2"
"Evertec","EVTC","1890.51","30.68","480910","3.61","21.75","2.47","54.44","-3","10.21","24.5","37.66","22.34","85","Business Services","Financial Transaction Services","13.95","3"
"Edwards Lifesciences","EW","48943","85","4743169","-7.4","-1.02","1.85","54.82","-8.3","11.55","24.98","95.18","72.65","178","Medical","Medical - Instruments","17.39","3"
"East West Bancorp","EWBC","18346.54","133.92","910382","1.91","3.71","7.15","94.69","9.59","3.18","46.04","136.14","94.31","48","Finance","Banks - West","29.59","3"
"Exelon","EXC","47026.64","45.96","8723330","-2.4",".04","-1.35","42.72","-3.03","5.34","11.28","50.29","42.73","154","Utilities","Utility - Electric Power","11.21","2"
"Expand Energy Corporation","EXE","20800.95","86.95","3987653","-.17","-1.68","-9.71","0","-27.54","186.28","20.05","122.89","86.95","95","Oils-Energy","Alternative Energy - Other","22.53","4"
"Exelixis","EXEL","13957.75","55.53","2579455","-.91","8.14","24.37","93.04","16.52","6.98","38.84","57.1","34.54","98","Medical","Medical - Biomedical and Genetics","35.08","2"
"Endeavour Silver","EXK","2221.07","7.5","5052548","-4.34","-12.28","-22.84","27.73","-26.62","98.9","9.11","14.12","4.96","161","Basic Materials","Mining - Silver","-3.68","3"
"EXL Service","EXLS","4306.19","28.185","2827495","-1.07","10.06","-7.23","15.01","-38.92","13.56","12.44","44.98","25.22","68","Computer and Technology","Computers - IT Services","11.66","2"
"Eagle Materials","EXP","6233.78","201.77","428444","-1.64","-9.72","-3.87","41.48","-10.22","2.13","18.36","242.26","173.07","174","Construction","Building Products - Concrete and Aggregates","18.36","3"
"Expeditors International of Washington","EXPD","23198.42","177.37","1192137","1.07","8.72","19.76","92.4","9.47","4.42","7.48","182.8","111.37","90","Transportation","Transportation - Services","7.48","2"
"EXPEDIA GROUP","EXPE","32481.54","265.08","1496111","-.21","11.37","8.1","70.6","-13.95","7.61","14.71","301.31","178.06","84","Consumer Discretionary","Leisure and Recreation Services","9.81","2"
"Exponent","EXPO","3040.71","62.68","545270","-1.43","12.19","-5.29","34.49","-17.01","4.21","19.76","79.79","53.67","161","Business Services","Consulting Services","18.07","3"
"Extra Space Storage","EXR","31114.51","147.28","981239","1.35",".82","5.55","79.01","4.02","3.7","28.12","152.75","126.69","64","Finance","REIT and Equity Trust - Other","27.66","3"
"Extreme Networks","EXTR","3959.96","30.28","2107969","-7.99","-4.93","73.43","82.82","67.26","2.05","10.64","33.71","13.74","174","Computer and Technology","Computer - Networking","1.3","3"
"National Vision","EYE","1605.54","20.04","1828446","3.89","18.16","-19.06","32.81","-28.62","9","3.67","29.46","15.44","179","Consumer Staples","Consumer Products - Staples","2.31","4"
"EZCORP","EZPW","1966.69","31.96","1061930","-2.17","1.43","-.19","83.84","51.36","9.7","9.63","35.59","13.13","161","Finance","Financial - Consumer Loans","9.91","3"
"Ford Motor","F","55745.85","13.99","46900636","1.01","-.85","12.01","47.88","-1.93","1.23","3.71","17.44","10.82","167","Auto-Tires-Trucks","Automotive - Domestic","-3.22","3"
"First Advantage Corporation","FA","3825.28","22.3","1877817","8.36","38.25","77.26","99.63","41.15","83.02","12.23","22.35","8.95","85","Computer and Technology","Internet - Software",".53","3"
"First American Financial","FAF","7309.29","71.73","903952","2.38","5.05","3.33","92.29","7.37","21.61","8.77","73.03","56.17","154","Finance","Insurance - Property and Casualty","8.73","3"
"Diamondback Energy","FANG","54963","195.38","2091693","1.97","4.04","-.53","76.87","19.53","35.79","22.19","213.69","134.53","201","Oils-Energy","Oil and Gas - Exploration and Production - United States","1.87","3"
"Fanuc","FANUY","40351.75","20.54","506116","-3.43","-16.64","-8.67","56.21","-2.98","8.86","19.41","26.61","12.75","239","Industrial Products","Industrial Automation and Robotics","19.41","4"
"Fastenal","FAST","51361.99","44.76","8742106","-4.87","-2.95","-1.15","49.91","2.58","8.67","15.45","50.39","39.15","159","Industrial Products","Industrial Services","15.45","2"
"Fortune Brands Innovations, Inc.","FBIN","5989.72","50.21","2779428","-.14","21.51","19.83","54.17","-7.68","-3.16","9.44","64.44","33.39","48","Construction","Building Products - Air Conditioner and Heating","6.12","3"
"FB Financial","FBK","3065.65","59.5","436407","5.18","10.55","9.56","85.45","-1.93","14.81","33.84","61.62","47.05","85","Finance","Banks - Northeast","19","3"
"First Bancorp","FBNC","2650.09","64.05","304397","-.26","5.35","7.3","89.05","15.98","2.26","40.56","66.23","46.32","90","Finance","Banks - Southeast","20.59","3"
"FIRST BANCORP","FBP","4242.99","27.43","1383309","2.97","6.57","13.16","95.23","21.69","2.38","33.32","27.84","19.25","100","Finance","Banks - Foreign","28.31","2"
"Franklin BSP Realty Trust","FBRT","607.24","7.89","1094099","-1.25","-4.83","-13.49","2.07","-27.65","28.33","32.3","11.67","7.81","197","Finance","REIT and Equity Trust","24.26","3"
"FuelCell Energy","FCEL","1341.35","19.84","14658933","3.98","-18.66","85.77","49.61","149.61","41.05","-61.63","36.01","3.92","95","Oils-Energy","Alternative Energy - Other","-132.41","2"
"First Commonwealth Financial","FCF","2125.21","20.9","697254","2.35","6.09","12.12","92.73","14.01","4.26","30.23","21.34","15.29","85","Finance","Banks - Northeast","21.19","3"
"FirstCash ","FCFS","9190.8","209.66","451148","-2.31","-8.4","-3.54","79.33","20.98","8.04","10.74","233","120.08","85","Business Services","Financial Transaction Services","9.15","2"
"FTI Consulting","FCN","4840.53","160.58","410785","-.64","13.89","-13.2","43.28","-13.55","2.44","6.88","187.03","140.4","161","Business Services","Consulting Services","6.88","3"
"Four Corners Property Trust","FCPT","2907.26","26.49","868837","5.16","8.57","4.29","90","5.65","9.72","38.74","26.89","22.89","64","Finance","REIT and Equity Trust - Other","38.74","2"
"FreeportMcMoRan","FCX","84514.14","58.79","14922027","-1.97","-15.06","-2.94","64.46","6.45","1.81","11.47","71.72","35.34","187","Basic Materials","Mining - Non Ferrous","10.34","3"
"4D Molecular Therapeutics","FDMT","579.74","11.09","1007349","-1.86","6.43","17.35","75.66","35.99","230194.59","-182.34","13.3","4.22","100","Medical","Medical - Drugs","-182.34","4"
"FactSet Research Systems","FDS","9097.31","255.79","982756","-2.78","17","13.52","26.66","-18.93","5.39","26.79","436.57","190.06","28","Business Services","Business - Information Services","23.21","3"
"Fidus Investment","FDUS","746.18","19.66","463803","-2.24","9.59","6.91","54.04","-6.32","6.65","48.38","21.99","16.92","212","Finance","Financial - SBIC & Commercial Industry","49.51","3"
"FedEx","FDX","73066.16","306.22","2153998","-2.4","-6.86","-21.06","45.78","-2.5","7.73","5.11","411.78","217.1","100","Transportation","Transportation - Air Freight and Cargo","4.68","3"
"FirstEnergy","FE","28077.05","48.54","3773656",".23","3.81","-1.82","70.33","-.29","12.01","9.68","51.91","40.55","154","Utilities","Utility - Electric Power","6.86","3"
"Frequency Electronics","FEIM","658.53","66.72","306487","22.42","-4.32","33.27","81.63","13.97","-9.43","-1.43","77.15","20.38","48","Computer and Technology","Instruments - Control","-1.43",""
"Ferguson plc","FERG","44415.64","229.02","1163110","-1.79","-3.48","-13.32","31.03","-5.39","5.67","7","267.71","211.61","56","Industrial Products","Manufacturing - General Industrial ","6.98","2"
"First Financial Ban","FFBC","3722.89","35.48","1201505","3.08","11.08","15.38","94.58","30.42","-22.25","30.99","36.18","23.26","76","Finance","Banks - Midwest","20.92","4"
"First Financial Bankshares","FFIN","4997.67","34.88","1046432",".46","5.41","7.55","66.99","7.39","10.66","39.54","37.98","28.59","43","Finance","Banks - Southwest","31.03","2"
"F5","FFIV","23240.22","411.92","533385","-2.15","5.28","38.36","90.67","48.41","9.66","30.45","431.26","223.99","85","Computer and Technology","Internet - Software","21.96","3"
"F&G Annuities & Life, Inc.","FG","4079.21","30.79","554529","-.16","12.7","9.26","68.2","-8.21","-.23","8.55","35.5","20.69","200","Finance","Insurance - Life Insurance","8.89","3"
"First Hawaiian","FHB","3510.79","28.86","2669290","-.96","1.83","5.79","80.45","4.91",".21","32","30.34","22.77","48","Finance","Banks - West","24.44","1"
"Federated Hermes","FHI","4412.04","58.12","578875","0","-3.2","2.36","85.21","2.65","10.33","21.47","60.04","47.06","72","Finance","Financial - Investment Management","21.47","3"
"First Horizon","FHN","12088.52","25.47","5384073","-1.36","2.66","3.45","87.92","-1.99","-.68","30.35","26.23","19.94","43","Finance","Banks - Southwest","21.12","3"
"Foghorn Therapeutics","FHTX","304.73","5.19","418819","-4.6","24.16","-.38","52.7","-11.61","36.75","-266.88","6.68","3.53","98","Medical","Medical - Biomedical and Genetics","-266.88","3"
"First Interstate BancSystem","FIBK","3744.86","38.55","1067175","-.72","5.01","9.11","85.86","2.47","-4.67","29.47","40.22","28.41","76","Finance","Banks - Midwest","22.64","3"
"Figma, Inc.","FIG","10705.3","24.02","21921012","1.56","25.89","38.76","6.83","-40.89","40.96","15.64","122","16.84","85","Computer and Technology","Internet - Software","-123.83","2"
"FIGS","FIGS","1713.91","10.26","3058158","2.6","-8.06","-34.27","39.35","-16.94","13.6","6.1","17.12","5.81","62","Retail-Wholesale","Retail - Apparel and Shoes","6.1","2"
"Fidelity National Information Services","FIS","21848.48","42.27","5318113",".81","12.06","-7.3","10.29","-41.51","5.43","26.96","81.94","37.72","85","Business Services","Financial Transaction Services","23.35","3"
"Fiserv","FISV","27558.56","51.68","7257183",".98","9.54","-15.65","3.74","-29.24","3.6","22.82","167.35","47.18","85","Business Services","Financial Transaction Services","15.17","3"
"Fifth Third Bancorp","FITB","52022.28","57.4","6897741",".38","7.07","14.05","89.64","12.77","-2.54","29.09","59.37","40.36","23","Finance","Banks - Major Regional","15.77","3"
"Five Below","FIVE","11287.99","204.14","1151177","6.58","5.53","-12.85","62.37","-.33","22.9","8.77","247.71","131.94","59","Retail-Wholesale","Retail - Miscellaneous","8.67","1"
"Five9","FIVN","1967.69","25.7","2087707","-.43","36.56","55.19","77.75","17.89","10.28","20.42","29.16","13.61","85","Computer and Technology","Internet - Software","4.87","3"
"Comfort Systems USA","FIX","60272.89","1712.1801","514570","-1.15","-17.15","-4.56","76.91","68.72","29.52","12.07","2066.51","532.14","48","Construction","Building Products - Air Conditioner and Heating","12.07","3"
"National Beverage","FIZZ","2916.02","31.15","706031",".06","-8.03","-9.1","1.78","-10.17","-1.73","15.56","47.69","30.85","81","Consumer Staples","Beverages - Soft drinks","15.56",""
"Flex","FLEX","43932.38","119.91","4973953","-7.41","-23.04","33.12","62.71","82.52","8.14","4.47","162.07","49","66","Computer and Technology","Electronics - Miscellaneous Products","3.15","2"
"Flagstar Bank, National Association","FLG","6185.54","14.84","4470737","-.27","-1.26","6","88.79","8.4","-24.33","-.39","15.36","10.72","90","Finance","Banks - Southeast","-1.22","4"
"Fluence Energy","FLNC","2631.96","14.28","8272367","-5.8","-43.31","6.89","29.55","-33.6","-16.15","-1.62","32.23","6.75","95","Oils-Energy","Alternative Energy - Other","-1.62","1"
"Flex LNG","FLNG","1653.06","30.56","397403","1.39",".66","-2.74","74.95","12.65","-2.44","26.09","33.27","22.45","62","Transportation","Transportation - Shipping","22.26",""
"Flowers Foods","FLO","1799.82","8.49","6879521","2.41","15.51","-5.14","15.18","-28.23","3","4.13","16.76","7.01","197","Consumer Staples","Food - Miscellaneous","1.38","3"
"Flowco Holdings Inc.","FLOC","1801.49","19.94","795646","-4.55","-13.53","-16.71","41.11","-2.14","41.93","16.95","28.09","14.25","232","Oils-Energy","Oil and Gas - Integrated - International","5.49","4"
"Fluor","FLR","6912.26","49.49","1922853","-.28","-9.06","-4.24","57.53","14.85","-4.98","1.69","56.77","39.63","100","Construction","Engineering - R and D Services","2.3","5"
"Flowserve","FLS","8529.84","66.74","1924546","-2.37","-18.19","-24.09","41.09","-11.53","3.76","10.54","92.04","49.09","56","Industrial Products","Manufacturing - General Industrial ","7.61","3"
"Flutter Entertainment PLC","FLUT","18533.26","106.53","2363078","-5.22","9.33","-3.97","6.54","-54.44","16.62","7.85","308.6","92.38","182","Consumer Discretionary","Gaming","-2.2","4"
"Firefly Aerospace, Inc.","FLY","3151.83","19.67","4674037","-11.68","-32.08","-43","6.63","-19.13","162.95","-128.8","60.35","16.78","90","Aerospace","Aerospace - Defense","-181.16","4"
"FLYWIRE CORP","FLYW","2225.22","18.03","2343830","1.41","16.85","31.13","91.12","17.1","26.59","4.75","18.78","10.33","85","Computer and Technology","Internet - Software","4.45","3"
"FMC","FMC","1399.26","11.19","4837022","2.57","1.45","-28.09","1.42","-25.8","-18.34","8.32","43.9","10.72","164","Consumer Staples","Agriculture - Operations","-72.93","5"
"Freddie Mac","FMCC","3776.85","5.81","1916768","2.83","-1.02","-6.44","17.34","-47.3","6.36","48.81","14.15","4.06","213","Finance","Financial - Mortgage & Related Services","8.61","3"
"Farmers National Banc","FMNB","863.95","14.59","478912","1.32","2.39","3.11","76.33",".74","3.89","32.29","15.3","12.3","76","Finance","Banks - Midwest","19.55","3"
"Fresenius Medical Care AG & Co.","FMS","12928.7","24.07","579600","-1.55","2.91","6.41","53.74","-7.07","7.63","6.48","27.41","20.19","178","Medical","Medical - Instruments","4.88","4"
"Fomento Economico Mexicano","FMX","44923.66","130.01","519544",".78","3.88","15.01","93.62","18.3","2.29","2.39","133.17","83.67","81","Consumer Staples","Beverages - Soft drinks","3.4","1"
"Fabrinet","FN","17709.21","494.26","1092335","4.13","-19.91","-27.82","46.27","-.16","18.6","10.8","746.47","277.04","71","Computer and Technology","Electronics - Miscellaneous Components","9.94","4"
"F.N.B.","FNB","6674.32","18.75","5976095","-.95","2.12","5.87","84.71",".84","4.92","33.66","19.49","14.65","90","Finance","Banks - Southeast","22.29","4"
"Floor & Decor","FND","5810.17","53.86","2345211","-1.98","6.07","8.13","22.1","-18.65","5.12","4.27","90.42","43.49","82","Retail-Wholesale","Retail - Home Furnishings","4.27","3"
"FIDELITY NAT FI","FNF","13689.35","50.86","1595739","1.64","8.35","-1.95","48.62","-14.32","5.58","9.29","58.89","43.26","167","Finance","Insurance - Multi line","5.1","4"
"Funko","FNKO","314.89","5.63","621122","-1.05","6.23","30.63","92.42","52.29","-13.49","-2.97","5.89","2.46","7","Consumer Discretionary","Toys - Games - Hobbies","-6.3",""
"Fannie Mae","FNMA","7191.72","6.21","3979414",".98","-2.2","-13.39","14.79","-46.77","4.26","74.09","15.31","4.63","213","Finance","Financial - Mortgage & Related Services","4.53","3"
"FrancoNevada","FNV","38603.91","200.17","675280","-.16","-9.31","-16.95","36.21","-11.19","63.69","63.08","280.82","154.4","230","Basic Materials","Mining - Gold","65.12","3"
"FormFactor","FORM","8209.42","105.31","2001538","-4.52","-32.78","-26.83","58.72","73.63","2.8","15.24","159.93","27.62","47","Computer and Technology","Electronics - Semiconductors","8.14","3"
"Shift4 Payments","FOUR","4035.46","50.87","1392805","3.33","31.89","13.04","21.41","-25.7","25.5","22.28","106.81","35.63","85","Business Services","Financial Transaction Services","2.63","2"
"Fox","FOX","21660.6","51.55","1840554","2.65","14.73","-9.75","30.64","-26.98","16.6","13.56","67.76","44.39","100","Consumer Discretionary","Broadcast Radio and Television","10.56","1"
"Fox","FOXA","24152.31","57.48","7018977","2.83","16.38","-9.99","31.81","-27.65","16.6","13.56","76.11","48.79","100","Consumer Discretionary","Broadcast Radio and Television","10.56","2"
"Fox Factory Holdings","FOXF","770.37","18.37","616705","6","2.4","7.11","30.08","-1.26","5.27","2.85","30.41","13.19","167","Auto-Tires-Trucks","Automotive - Domestic","-20.25","4"
"Farmland Partners","FPI","420.03","9.63","460866",".31","-.72","-17.48","6.32","-8.6","-10.39","57.94","13.04","9.4","64","Finance","REIT and Equity Trust - Other","57.94","4"
"First Industrial Realty Trust","FR","9041.3","68.2","1318525","4.76","8.05","9.88","96.9","9.52","8.58","45.98","68.86","47.58","64","Finance","REIT and Equity Trust - Other","45.98","3"
"First Merchants","FRME","2793.17","44.32","478293","2.36","7.6","9.95","91.11","8.75","-2.04","35.59","45.23","34.99","76","Finance","Banks - Midwest","18.87","2"
"FRONTLINE PLC","FRO","8221.46","36.93","2665782",".03","-11.18","2.61","76","55.66","-8.85","40.66","42.88","18.09","62","Transportation","Transportation - Shipping","36.7",""
"JFrog","FROG","10952.86","90.43","3408576","-1.73","13.19","95.82","87.89","33.15","24.12","19.68","98.1","34.75","85","Computer and Technology","Internet - Software","-10.93","3"
"Freshpet","FRPT","2798.68","56.95","1359913","1.84","11.84","-12.99","25.08","-14.04","13.01","6.46","85.5","47.39","197","Consumer Staples","Food - Miscellaneous","17.63","3"
"Freshworks","FRSH","3054.6","11.05","25050550","2.03","23.74","32.49","52.85","-17.04","16.43","19.64","14.77","6.88","85","Computer and Technology","Internet - Software","20.69","3"
"Federal Realty Investment Trust","FRT","10849.62","125.59","762618","3.08","3.18","12.97","98.79","14.59","6.36","38.63","126.02","90.61","90","Finance","REIT and Equity Trust - Retail","38.63","3"
"FS KKR Capital Corp.","FSK","3041.52","10.86","2448984",".46","7.21","3.43","7.56","-32.56","-11.74","17.86","22.48","9.91","212","Finance","Financial - SBIC & Commercial Industry","-38.65","4"
"First Solar","FSLR","22061.25","205.31","1688002","-7.11","-21.97","3.96","21.95","-27.72","24.09","30.73","318.25","173.54","57","Oils-Energy","Solar","30.73","3"
"Fastly","FSLY","3203.55","20.47","4967391","2.2","19.22","-20.66","51.99","84.93","14.78","7.54","33.5","6.36","85","Computer and Technology","Internet - Software","-15.79","3"
"Fortuna Mining Corp.","FSM","2404.57","8.03","4198228","-4.06","-11.27","-20.26","24.33","-24.72","-10.83","25.21","13.66","6.22","211","Basic Materials","Mining - Miscellaneous","31.07","4"
"Federal Signal","FSS","6964.02","114.16","678041","-2.38","-2.79","-1.3","32.28","-3.31","17.14","12.21","133.86","104.77","167","Auto-Tires-Trucks","Automotive - Domestic","11.56","2"
"FirstSun Capital Bancorp","FSUN","1639.06","35.07","344743","-1.16","-2.64","-9.17","43.68","-14.3","3.7","22.88","41.4","30.16","76","Finance","Banks - Midwest","16.52","3"
"FTAI Aviation Ltd.","FTAI","20486.85","199.71","1167934","-4.85","-26.59","-13.12","44.87","-6.69","44.53","18.92","310.04","109.92","79","Aerospace","Aerospace - Defense Equipment","18.92","3"
"Frontdoor","FTDR","5258.49","74.87","648302",".11","4.17","23.75","85.99","19.36","13.56","14.68","79.07","49.1","100","Construction","Building Products - Miscellaneous","12.22","3"
"TechnipFMC","FTI","28726.47","72.05","4325874","-1.36","6.91","-4.09","88.97","48.71","9.35","11.23","76.99","32.19","158","Oils-Energy","Oil and Gas - Field Services","10.62","2"
"Fortinet","FTNT","117487.49","160.36","5022508","-.16","10.3","87.18","93","85.72","14.17","31.79","166.83","74.39","40","Computer and Technology","Security","27.49","1"
"Fortrea Holdings Inc.","FTRE","1677.26","17.73","1252017","-.73","13.95","67.26","95.12","-5.47","1","1.98","18.4","4.66","98","Medical","Medical - Biomedical and Genetics","-16.5","3"
"Fortis","FTS","29782.95","58.3","685017","1.43","4.09","3.57","95.93","3.23","3.7","14.46","58.78","47","154","Utilities","Utility - Electric Power","14.21","4"
"Fortive","FTV","18593.47","60.99","2352998","-2.12","-1.1","-1.64","84.69","1.6","-33.26","22.02","63.6","46.55","28","Computer and Technology","Electronics - Testing Equipment","12.84","2"
"fuboTV","FUBO","277.36","9.42","1461641","-4.17","6.8","-18.79","2.85","-71.36","-76.76",".15","54.74","8.09","100","Consumer Discretionary","Broadcast Radio and Television","-.9","3"
"Subaru Corporation","FUJHY","11362.59","7.92","390382","4.35","6.18","4.35","15.6","-32.12","3.3","1.96","11.49","7.26","167","Auto-Tires-Trucks","Automotive - Foreign","1.96","5"
"H. B. Fuller","FUL","2981.44","55.43","966069","-1.12","-13.81","-11.81","33.74","-14.26","-2.67","7.1","67.49","49.29","95","Basic Materials","Chemical - Specialty","5.29","2"
"Fulton Financial","FULT","4690.42","24.54","2075875","1.53","6.46","11.95","92.26","16.76","1.92","30.7","25.19","16.79","85","Finance","Banks - Northeast","20.85","4"
"Six Flags Entertainment Corporation","FUN","1777.33","17.39","2433930","-8.09","-23.43","-7.35","22.67","4.26","14.45","1.33","32.94","12.83","84","Consumer Discretionary","Leisure and Recreation Services","-52.76","3"
"Futu Holdings","FUTU","13775.67","98.28","1475847","2","-1.69","-38.58","7.8","-44.96","67.78","41.87","199.04","89.76","186","Finance","Financial - Miscellaneous Services","41.87","5"
"Fiverr International","FVRR","413.43","11.5","530026","2.04","15.69","8.18","11.03","-46.48","10.07","26.31","26.67","9.62","166","Retail-Wholesale","Internet - Commerce","6.7","3"
"Forward Air","FWRD","417.45","13.2","712770","3.13","-3.72","-42.23","20.41","-51.44",".84","-2.91","32.27","8.31","7","Transportation","Transportation - Truck","-3.71","3"
"First Watch Restaurant Group","FWRG","753.92","12.23","1087638",".25","5.8","-7.07","23.4","-25.41","20.34","1.38","19.17","10.11","207","Retail-Wholesale","Retail - Restaurants","1.38","3"
"Genpact","G","5193.68","30.64","2327973",".52","9","-9.43","14.95","-39.76","6.56","12.89","48.5","27.5","68","Computer and Technology","Computers - IT Services","11.04","3"
"The Gap","GAP","7156.38","19.88","7902887",".4","-3.59","-20.89","14.19","-28.58","1.86","4.99","29.13","18.35","62","Retail-Wholesale","Retail - Apparel and Shoes","6.25","3"
"Glacier Bancorp","GBCI","6806.46","52.3","1303944","1.04","6.89","5.87","84.58","9.19","13.32","25.17","54.51","40.18","48","Finance","Banks - West","17.6","2"
"Golub Capital BDC","GBDC","3373.41","12.95","1125096",".23","5.37","-3.36","27.92","-12.23","20.16","47.96","15.48","11.97","212","Finance","Financial - SBIC & Commercial Industry","24.64","3"
"Global Business Travel Group, Inc.","GBTG","4906.9","9.41","2063397",".11",".21","63.37","97.8","13.13","12.17","1.28","9.51","4.97","85","Computer and Technology","Internet - Software","2.93","3"
"The Greenbrier Companies","GBX","1533.37","49.56","613236","2.89","-1.27","1.04","47.04","-2.48","-8.59","4.2","58.87","41.29","64","Transportation","Transportation - Equipment and Leasing","4.07","4"
"GCM Grosvenor","GCMG","2586.23","12.8","589990","-5.88","5.52","18.3","76.83","3.99","8.47","30.02","13.81","9.45","72","Finance","Financial - Investment Management","9.05","3"
"GigaCloud Technology Inc.","GCT","1411.54","38.37","613056","8.39","15.16","-15.56","56.44","-10.16","11.1","10.77","51.8","20.97","99","Business Services","Technology Services","10.77","3"
"General Dynamics","GD","100221.42","370.6","1105224","-.58","7.93","18.58","92.13","1.24","10.13","8.07","376.88","297.05","90","Aerospace","Aerospace - Defense","8.07","2"
"GoDaddy","GDDY","12557.75","94.84","1983322","4.38","26.47","12.42","21.02","-29.7","8.26","17.32","169.4","74.99","69","Computer and Technology","Internet - Delivery Services","17.32","4"
"Green Dot","GDOT","758.41","13.38","436426","-.22","3.56","10.12","66.67","-3.94","20.69","3.99","15.25","9.64","85","Business Services","Financial Transaction Services","-3.25","3"
"GDS Holdings","GDS","6458.17","32.23","2091037","-1.74","1.64","-26.73","17.35","-15.07","15.61","34.11","47.52","29.02","99","Business Services","Technology Services","23.83","1"
"Grid Dynamics","GDYN","479.18","5.73","2492859","-3.05","4.56","2.5","9.32","-41.64","17.47","7.86","10.79","5.21","68","Computer and Technology","Computers - IT Services","1.27","4"
"GE Aerospace","GE","354120.06","341.3","4606672","-3.43","-3.89","19.94","68.77","1.9","18.48","15.84","378.68","259","90","Aerospace","Aerospace - Defense","17.72","3"
"GE HealthCare Technologies Inc.","GEHC","28580.85","62.83","5067715","-3.8","3.61","-10.85","11.66","-29.55","4.84","9.95","88.16","59.49","167","Medical","Medical - Products","9.1","4"
"GEN DIGITAL INC","GEN","16069.92","26.675","4952369","1.97","15.93","40.25","61.56","-9.77","27.06","31.74","32.16","17.89","99","Business Services","Technology Services","19.46","3"
"Genius Sports Limited","GENI","1662.57","6.75","4570381","2.12","13.64","52.72","29.39","-43.67","31.04","-20.41","13.55","3.92","184","Computer and Technology","Internet - Content","-22.27","3"
"The Geo Group","GEO","4088.72","30.6","1980387","1.19","3.13","63.9","100","74.58","8.58","5.09","30.6","13.26","5","Business Services","Government Services","10","1"
"GE Vernova Inc.","GEV","289997.25","1079.1801","2681595","3.51","-4.29","-3.66","84.74","51.86","8.97","13.13","1174.86","547.96","95","Oils-Energy","Alternative Energy - Other","23.81","2"
"Griffon","GFF","4085.34","89.07","342221","-.99","-.4","-5.59","72.48","11.22","-3.95","10.85","97.53","66.79","160","Conglomerates","Diversified Operations",".31","3"
"GFL Environmental","GFL","14035.5","39.13","3911286","-.08","11.8","-1.36","31.96","-16.21","-15.74","5.18","51.03","33.54","79","Business Services","Waste Removal Services","3.09","3"
"GlobalFoundries","GFS","31171.7","56.81","3115689","-11.15","-36.65","-5.87","43.18","49.62",".61","14.66","89.96","31.62","47","Computer and Technology","Electronics - Semiconductors","11.4","3"
"Graco","GGG","12220.24","73.63","1238889","-.39","-2.49","-8.58","2.03","-17.39","5.83","21.8","94.82","73.19","56","Industrial Products","Manufacturing - General Industrial ","22.96","3"
"Guardant Health","GH","19634.07","148.07","3460248","-6.52","14.93","67.31","82.51","33.33","32.88","-20.9","170.77","40.98","98","Medical","Medical - Biomedical and Genetics","-40.1","4"
"CGI Group","GIB","14432.02","68.25","483486",".74","11.28","-7.1","16.99","-32","5.47","11.55","102.3","61.28","59","Computer and Technology","Computer - Services","10.26","3"
"GIII Apparel Group","GIII","1495.66","35.45","584511","2.75","3.81","11.9","96.49","12.58","-7.04","3.4","35.9","23.08","174","Consumer Discretionary","Textile - Apparel","4.34","3"
"Gildan Activewear","GIL","10100.2","54.54","1183385","5.53","4.7","-5.74","23.1","-19.69","10.66","12.97","72.58","49.12","174","Consumer Discretionary","Textile - Apparel","6.1","3"
"Gilead Sciences","GILD","165389.55","133.21","7300394","1.38","6.68","4.27","52.52","-.19","2.4","35.29","155.8","108.22","98","Medical","Medical - Biomedical and Genetics","30.99","3"
"Gilat Satellite Networks","GILT","800.33","10.84","584886","-6.15","-13.76","-37.59","25.85","-22.96","47.87","10.8","20.85","7.35","179","Computer and Technology","Satellite and Communication","6.8","3"
"General Mills","GIS","20056.76","37.58","11271074","2.68","12.72","8.24","28.33","-25.67","-5.45","10.32","51.27","32.17","197","Consumer Staples","Food - Miscellaneous","-.48","5"
"Glaukos","GKOS","9130.77","155.46","768697","1.79","18.5","27.35","98.32","26.63","32.33","-8.98","156.84","74.67","178","Medical","Medical - Instruments","-34.34","4"
"Globe Life","GL","14306.05","184.25","596413","3.15","7.09","21.16","99.21","21.16","3.74","19.87","184.76","120.29","72","Finance","Insurance - Accident and Health","19.38","3"
"Globale Online","GLBE","6208.58","36.58","1348606","-5.43","16.09","13.74","64.34","-14.42","27.82","11.37","41.59","27.54","166","Retail-Wholesale","Internet - Commerce","11.37","3"
"GCI Liberty, Inc. - Series C GCI Group","GLIBK","776.22","21.65","881829","-1.59","7.5","-39.12","8.87","-46.49","2.95","19.21","40.04","19.86","100","Utilities","Wireline - National","-31.47","3"
"Golar LNG Limited","GLNG","5030.51","49.65","950290","-2.78","-2.17","-6.02","65","22.72","51.14","32.24","57.36","35.33","232","Oils-Energy","Oil and Gas - Integrated - International","30.1","3"
"Globant","GLOB","1415.45","32.29","2321744",".53","7.74","-23.84","6.95","-54.57","1.62","11.16","93.3","27.73","46","Computer and Technology","Internet - Software and Services","4.46","4"
"Gaming and Leisure Properties","GLPI","12657.57","44.66","2704390","1.41","1.06","-5.52","39.22","-8.09","4.13","55.56","49.82","41.33","64","Finance","REIT and Equity Trust - Other","55.56","2"
"Monte Rosa Therapeutics","GLUE","1983.58","23.48","1625445","6.82","25.76","21.72","91.33","37.72","63.54","-302.69","25.31","4.19","98","Medical","Medical - Biomedical and Genetics","-302.69","3"
"Corning","GLW","131763.66","153.1","15784547","-16.39","-27.04","-8.87","49.16","60.81","19.14","13.73","255.69","53.9","39","Computer and Technology","Communication - Components","11.09","2"
"Galaxy Digital Inc.","GLXY","9225.04","23.66","6871042","1.33","-28.56","-5.55","26.21","-2.68","44.04","-.12","42.86","16.84","186","Finance","Financial - Miscellaneous Services","-.54","5"
"General Motors","GM","68346.23","75.8","6627284","-1.2","-5.76","-2.77","71.78","-14.27","-1.29","5.99","86.38","48.89","167","Auto-Tires-Trucks","Automotive - Domestic","1.38","3"
"Genmab","GMAB","17402.79","27.91","2014805","-3.09","8.98","4.77","47.9","-16.66","19.14","22.2","35.34","21.08","98","Medical","Medical - Biomedical and Genetics","21.05","3"
"GameStop","GME","9763.52","21.76","3485836","-1.23","2.93","-14.36","23.48","-.34","-5.05","20.05","27.69","19.94","182","Consumer Discretionary","Gaming","20.45",""
"Globus Medical","GMED","10317.95","76.01","1934481","-4.69","-4.02","-18.88","53.68","-19.93","16.65","19.53","96.82","51.89","178","Medical","Medical - Instruments","18.92","3"
"Global Net Lease","GNL","1941.29","9.16","2785424","3.85",".88","-2.45","74.28","-2.04","-38.47","-10.37","9.96","6.85","64","Finance","REIT and Equity Trust - Other","-8.72",""
"Generac Holdings","GNRC","12553.75","213.25","924289","-6.04","-27.84","-3.2","48.3","43.82","-2.02","9.41","295.54","136.37","56","Industrial Products","Manufacturing - General Industrial ","4.37","3"
"Gentex","GNTX","5104.46","23.97","2586499",".25","-6.73",".46","39.12","-5.26","9.55","15.32","29.06","20.7","100","Auto-Tires-Trucks","Automotive - Original Equipment","14.75","2"
"Genworth Financial","GNW","3868.39","10.1","2959660","5.65","12.98","13.48","100","2.87",".08","2.35","10.1","7.34","200","Finance","Insurance - Life Insurance","2.96","2"
"Grocery Outlet","GO","918","9.28","2064400","-6.36","-.85","15.85","27.12","-15.5","7.26","1.41","18.66","5.79","179","Consumer Staples","Consumer Products - Staples","-8.08","3"
"Gold.com Inc.","GOLD","1089.69","37.57","398202","-1.24","-10.14","-20.42","39.02","1.48","13.19",".58","64.14","20.57","186","Finance","Financial - Miscellaneous Services",".35","3"
"Acushnet","GOLF","6530.53","111.53","339449","2.19","4.15","15.13","84.32","28.5","4.14","7.19","118.53","73.9","95","Consumer Discretionary","Leisure and Recreation Products","6.54","2"
"Gladstone Commercial","GOOD","630.74","13.03","473822","3.91","9.04","3.41","77.26","12.31","8","12.74","13.81","10.38","64","Finance","REIT and Equity Trust - Other","12.74","3"
"Alphabet","GOOG","4257199","351.37","21070188",".2",".74",".82","77.76","2.98","15.09","44.37","399.04","184.7","100","Computer and Technology","Internet - Services","37.92","1"
"Alphabet","GOOGL","4264710.5","351.99","31734714","-.15",".66",".47","76.89","3.43","15.09","44.37","402.62","183.58","100","Computer and Technology","Internet - Services","37.92","1"
"Canada Goose","GOOS","945.2","9.73","484051","1.78","5.42","-16.91","8.32","-30.9","14.14","4.99","15.24","9.23","62","Retail-Wholesale","Retail - Apparel and Shoes","1.42","3"
"Genuine Parts","GPC","16845.24","122.4","1984713","-.91","16.45","14.86","52.7","-8.45","3.46","4.16","149.26","92.47","48","Retail-Wholesale","Automotive - Retail and Wholesale - Parts",".24","2"
"Graphic Packaging Holding Company","GPK","3207.42","10.84","4261176","4.43","7.11","12.92","13.2","-33.8","-2.16","4.77","23.53","8.91","185","Industrial Products","Containers - Paper and Packaging","3.17","4"
"Global Payments","GPN","22531.78","82.37","3412604","7.18","26.55","20.55","72.26","-2.13","-23.75","31.11","90.01","62.47","85","Business Services","Financial Transaction Services","-7.99","4"
"Gulfport Energy","GPOR","2698.86","150.19","548826","-2.78","-7.48","-20.16","0","-33.59","48.47","26.15","222.49","150.19","201","Oils-Energy","Oil and Gas - Exploration and Production - United States","35.72","4"
"Green Plains","GPRE","1179.8","16.83","1324332","-2.77","11.75","2.25","79.87","57.94","-14.93","1.13","19.23","7.31","95","Basic Materials","Chemical - Specialty","-.8","3"
"Geopark","GPRK","501.56","9.7","414101","-3","-1.92","4.98","64.26","20.39","-25.47","18.04","11.78","5.96","201","Oils-Energy","Oil and Gas - Exploration and Production - United States","11.74",""
"GRAIL, Inc.","GRAL","2957.38","68.91","529200","-4.03","10.97","25.25","44.29","-25.95","17.18","-253.22","116.06","31.42","98","Medical","Medical - Biomedical and Genetics","-253.22","3"
"Guardian Pharmacy Services, Inc.","GRDN","1980.3","39.78","425765","-1.27","-5.04","4.88","84.61","21.59","17.93","4.96","43.4","19.88","100","Medical","Medical - Drugs","3.64","3"
"Grifols","GRFS","5179.18","7.61","676961","5.69","4.53","-6.4","15.4","-25.15","9.04","6.35","10.85","7.02","100","Medical","Medical - Drugs","5.54","3"
"Garmin","GRMN","47209.27","244.79","856062",".48","3.58","-4.87","71.74","10.98","15.06","23.43","267.52","187.1","66","Computer and Technology","Electronics - Miscellaneous Products","23.26","3"
"GRINDR INC","GRND","2767.19","15.57","1656529","-.51","18.4","14.91","56.69","5.76","27.64","19.85","19.94","9.85","85","Computer and Technology","Internet - Software","19.85","2"
"Groupon","GRPN","1061.65","27.95","1764042","18.73","65.39","86.83","67.19","45.97","1.19","-20.74","36.89","9.64","166","Retail-Wholesale","Internet - Commerce","-20.78","3"
"The Goldman Sachs Group","GS","311241.69","1055.03","2009316",".87","-4.64","12.5","78.51","10.39","-1.38","31.68","1152.07","700.41","26","Finance","Financial - Investment Bank","15.53","1"
"Globalstar","GSAT","10216.83","79.33","1236359","-.63","-.6","-3.14","91.68","19.53","9.04","-4.72","84.43","23.15","179","Computer and Technology","Satellite and Communication","-6.84","3"
"Goldman Sachs BDC","GSBD","978.22","8.69","983820","-1.36","-6.86","-10.13","4.11","-13.88","-15.84","45.36","11.96","8.55","212","Finance","Financial - SBIC & Commercial Industry","21.32","5"
"Goosehead Insurance","GSHD","2037.73","57.23","581176","4.3","46.71","18.61","33.1","-28.54","16.15","14.79","103.43","34.37","167","Finance","Insurance - Multi line","7.94","3"
"GSI Technology","GSIT","213.73","5.57","1142423","-8.09","-24.32","-22.42","26.44","-17.51","22.44","-52.73","12.97","2.91","26","Computer and Technology","Computer- Storage Devices","-52.73",""
"GSK PLC Sponsored ADR","GSK","101215.8","50.04","3683416","-4.3","-1.38","-7.71","55.4","-6.16","7.42","21.4","61.18","36.2","98","Medical","Medical - Biomedical and Genetics","17.82","3"
"Goodyear","GT","2081.06","7.24","11783574","9.04","21.27","1.4","27.85","-23.99","-3.17",".2","11.54","5.58","216","Auto-Tires-Trucks","Rubber - Tires","-11.64","3"
"Green Thumb Industries Inc.","GTBIF","1479.54","7.118","603118","-6.59","-2.76","-14.14","41.5","-18.54","3.36","9","9.69","5.29","167","Medical","Medical - Products","10.14","3"
"Gates Industrial","GTES","6527.8","25.7","1915670","-2.06","-9.82",".63","58.4","10.09","1.03","11.31","29.02","21.04","56","Industrial Products","Manufacturing - General Industrial ","7.23","3"
"Gitlab","GTLB","5754.42","34.07","4386783","1.79","31.9","58.83","46.33","-16.51","25.81","17.43","51.04","19.42","85","Computer and Technology","Internet - Software","-2.49","1"
"GARRETT MOTION","GTX","5866.49","31.34","2731165","-.51","-9.13","50.02","80.15","65.36","3.14","9.29","36.23","11.6","100","Auto-Tires-Trucks","Automotive - Original Equipment","9.29","3"
"Getty Realty","GTY","2183.46","36.11","497017","4.79","9.99","8.44","98.68","21.34","9.02","40.41","36.25","25.61","64","Finance","REIT and Equity Trust - Other","40.06","3"
"Granite Construction","GVA","5340.6","122.08","960824","2.81","-19.42","-2.93","43.75","-2.67","10.4","6.2","160.39","92.28","48","Construction","Building Products - Heavy Construction","3.99","3"
"Guidewire Software","GWRE","12421.02","149.19","1520307","6.33","45.28","9.2","29.21","-31.74","22.64","21.07","261.88","102.69","85","Computer and Technology","Internet - Software","11.25","3"
"W.W. Grainger","GWW","64739.57","1371.22","315337","-1.47","2.22","18.41","93.63","24.98","4.51","10.76","1402.03","918.18","159","Industrial Products","Industrial Services","9.7","2"
"GXO Logistics","GXO","6074.56","52.8","1337880","7.78","6.17","-7.61","36.27","-7.75","12.55","2.34","65.59","45.52","100","Transportation","Transportation - Air Freight and Cargo",".98","3"
"Hyatt Hotels","H","17848.33","189.55","727772","2.61","-3.45","15.61","81.31","8.74","6.81","3.14","202.09","135.01","207","Consumer Discretionary","Hotels and Motels","-.48","3"
"Haemonetics","HAE","3552.51","78.17","655472","1.66","7.78","29.25","77.24","-10.3","-1.97","17.59","87.16","47.67","167","Medical","Medical - Products","7.29","4"
"Hafnia Limited","HAFN","3757.09","7.33","1629813",".14","-3.43","-14.67","49.88","26.48","-50.62","44.74","9.46","5.21","62","Transportation","Transportation - Shipping","44.74",""
"Halliburton","HAL","29330.82","35.11","10351403","-.28","-.17","-12.51","64.99","14.26","-3.31","9.04","42.98","20.5","158","Oils-Energy","Oil and Gas - Field Services","6.95","3"
"Halozyme Therapeutics","HALO","9143.88","77.09","1836593","1.29","11.74","19.54","82.53","5.35","37.55","37.29","81.57","55.92","98","Medical","Medical - Biomedical and Genetics","23.13","2"
"Happen Inc.","HAPN","2205.3","19.09","2198495","-2.65","-.62","11.12","71.61","-7.3","26.92","16.99","21.58","12.81","43","Finance","Banks - Southwest","16.99","2"
"Hasbro","HAS","11544.22","81.59","1987283","2.59","-3.32","-13.84","30.41","-8.49","13.68","17.62","105.94","70.95","7","Consumer Discretionary","Toys - Games - Hobbies","-4.62","2"
"HA Sustainable Infrastructure Capital, Inc.","HASI","4857.33","37.82","861221","-.21","-3.62","-9.46","71","10.67","4.41","416.4","43.31","24.38","186","Finance","Financial - Miscellaneous Services","13.08","3"
"Hayward Holdings","HAYW","3052.67","14.07","2996794","-9.69","-5.12","-10.89","23.4","-16.25","6.71","15.52","17.31","13.08","66","Computer and Technology","Electronics - Miscellaneous Products","13.98","4"
"Huntington Bancshares","HBAN","36609.98","18.06","19023774",".73","5.92","9.26","71.53","-4.27","4.38","28.69","19.27","15.02","76","Finance","Banks - Midwest","16.63","3"
"HudBay Minerals","HBM","9255.98","20.84","4573400","-.14","-25.33","-14.63","51.64","-3.44","9.39","13.93","31.87","9.06","211","Basic Materials","Mining - Miscellaneous","27.75","3"
"Horizon Bancorp IN","HBNC","1037.38","20.21","832908","2.33","4.12","11.97","93.69","9.59","12.8","31.8","20.56","15.01","85","Finance","Banks - Northeast","-37.28","3"
"HCA HEALTHCARE","HCA","82173.91","370.42","1588196","-5.2","-1.74","-16.9","17.12","-27.03","7.08","8.86","545.13","334.32","85","Medical","Medical Services","8.89","4"
"Warrior Met Coal","HCC","4171.35","79","682281","-3.8","-10.19","-9.68","47.51","-17.6","-14.11","9.36","110.28","50.69","19","Oils-Energy","Coal","9.36","1"
"The Hackett Group","HCKT","258.19","10.25","336670","-3.39","0","-20.3","7.09","-51.98","-2.62","13.8","23.75","9.22","161","Business Services","Consulting Services","4.75","3"
"Healthcare Services Group","HCSG","1712.7","24.95","671248","3.79","10.69","14.98","97.15","20.01","7.08","4.8","25.31","12.69","196","Business Services","Business - Services","3.67","3"
"Home Depot","HD","332079.75","333.04","4200035","-1.21","1.97",".22","28.22","-10.99","3.24","8.7","423.42","297.51","82","Retail-Wholesale","Retail - Home Furnishings","8.41","4"
"HDFC Bank Limited","HDB","120394.95","23.6","7869197","-10.64","-5.94","-8.21","3.58","-40.6","-2.77","25.52","39.47","23.01","100","Finance","Banks - Foreign","15.96","3"
"Hudson Technologies","HDSN","257.04","6.11","540356","-1.45","6.08","-3.48","22.68","-17.97","4","6.95","10.44","4.84","159","Industrial Products","Industrial Services","5.66","3"
"Hawaiian Electric Industries","HE","2282.24","13.22","1751964","-2.07","2.64","-13.76","39.88","-1.15","-4.13","4.63","17.08","10.66","154","Utilities","Utility - Electric Power","4.19","3"
"Heico","HEI","47545.61","340.44","425756","-1.07","2.81","27.93","76.16","-3.24","16.26","16.08","365.31","260.99","79","Aerospace","Aerospace - Defense Equipment","16.08","1"
"Heico","HEI.A","34660.64","248.18","320062","-.45","2.5","20.76","62.66","-9.58","16.26","16.08","276.13","201.28","79","Aerospace","Aerospace - Defense Equipment","16.08",""
"Helen of Troy","HELE","651.95","27.99","606944",".9","7.65","19.67","88.3","21.14","-6.36","4.21","29.86","13.88","174","Consumer Staples","Cosmetics","-22.71","3"
"Hess Midstream Partners","HESM","8288.37","40.2","713843","2.52","8.04","8.59","71.76","7.16","8.41","22.64","43.53","31.74","236","Oils-Energy","Energy and Pipeline - Master Limited Partnerships","22.64","4"
"Heritage Financial","HFWA","1259.65","30.56","355185","2.52","8.83","11.78","92.94","18.84","5.92","31.3","31.25","21.47","85","Finance","Financial - Savings and Loan","20.5","3"
"Hamilton Insurance Group, Ltd.","HG","3492.43","35.18","538353",".09","11.15","8.25","100","15.97","24.7","21.86","35.18","21.03","167","Finance","Insurance - Multi line","21.73","3"
"Hilton Grand Vacations","HGV","3829.31","48.31","1116847","-2.74","-7.24","4.09","63.96","-.71","1.33","5.07","54.69","36.99","207","Consumer Discretionary","Hotels and Motels","3.16","3"
"HOWARD HUGH HLD","HHH","4083.69","68.49","347195","-4.44","2.61","7.37","24.25","-21.04","-15.75","10.45","89.85","61.65","207","Finance","Real Estate - Development","8.04","5"
"The Hartford Insurance Group, Inc.","HIG","38515.38","140.5","1552164","-.2","8.49","2.77","86.41","-6.23","6.91","20.09","143.53","121.24","154","Finance","Insurance - Property and Casualty","14.1","4"
"Huntington Ingalls Industries","HII","10640.66","270.04","433620","-5.2","-2.93","-24.65","8.52","-26.97","8.23","4.71","453.73","252.93","90","Aerospace","Aerospace - Defense","4.71","3"
"Hims & Hers Health","HIMS","7568.67","32.7","12938410","-4.89","-2.5","11.26","35.19","-7.38","59","1.37","66.18","14.52","72","Medical","Medical Info Systems","-.56","3"
"Himax Technologies","HIMX","2213.47","12.69","2153267","-11.07","-31.55","10.35","33.37","42.5","-8.23","3.91","24.19","6.93","47","Computer and Technology","Electronics - Semiconductors","3.91","3"
"Highwoods Properties","HIW","3635.69","32.97","2138025","5.23","12.22","36.92","96.57","17.44","-2.39","11.64","33.41","20.58","64","Finance","REIT and Equity Trust - Other","11.64","2"
"Hecla Mining","HL","9584.48","14.29","37764172","-6.3","-10.58","-23.26","32.92","-31.52","53.03","26.63","31.81","5.69","161","Basic Materials","Mining - Silver","17.41","3"
"Herbalife Ltd","HLF","1270.99","12.26","1683959","-6.41","1.07","-25.52","36.94","-12.53",".89","4.45","19.96","7.75","100","Retail-Wholesale","Retail - Pharmacies and Drug Stores","4.67","3"
"Houlihan Lokey","HLI","9660.03","139.88","875844","5.55","-.75","-12.42","9.6","-26.15","9.55","19.8","209.19","132.52","186","Finance","Financial - Miscellaneous Services","16.26","4"
"Helios Technologies","HLIO","2679.4","81.08","356337","1.73","-12.26","17.2","79.46","39.41","4.11","11.13","92.88","35.43","56","Industrial Products","Manufacturing - General Industrial ","6.98","1"
"Harmonic","HLIT","1305.21","12.03","1928412","-12","-19.59","14.68","42.01","11.87","-15.9","10.6","17.11","8.35","39","Computer and Technology","Communication - Components","-7.5","3"
"Hillman Solutions Corp.","HLMN","1585.37","8.08","1397450","2.8","2.41","-7.97","28.11","-14.19","5.41","7.14","10.74","7.04","100","Construction","Building Products - Miscellaneous","2.3","3"
"Hamilton Lane","HLNE","4698.16","84.6","876831","4.37","6.4","-5.43","12.41","-42.07","6.46","42.32","160.88","73.79","72","Finance","Financial - Investment Management","32.83","2"
"Hilton Worldwide","HLT","73628.3","323.43","2612193",".3","-5.69","-2.71","71.34","3.55","7.74","16.11","350.22","256.75","207","Consumer Discretionary","Hotels and Motels","12.56","3"
"Helix Energy Solutions Group","HLX","1389","9.43","1463891","-.95","6.55","-5.04","76.91","38.32","-4.94","2.2","10.55","5.7","158","Oils-Energy","Oil and Gas - Field Services","1.1","4"
"Honda Motor Co.","HMC","43969.28","28.17","1482804","1.19","8.39","15.59","41.2","-12.12","1.66","-1.75","34.85","23.49","167","Auto-Tires-Trucks","Automotive - Foreign","-1.75","2"
"Hinge Health Inc.","HNGE","6786.24","87.7","2116430","-2.56","27.38","94.76","96.09","73.64","50.58","21.05","90","31.17","72","Medical","Medical Info Systems","-78.95","1"
"HNI","HNI","2942.78","41.29","703992","3.98","20.87","9.67","51.67","-9.67","12.37","4.83","52.55","29.25","100","Business Services","Business - Office Products",".04","3"
"Hallador Energy","HNRG","743.25","15.77","735095","-5.46","-16.69","-3.78","8.43","-23.83","16.09","4.98","23.81","15.03","95","Oils-Energy","Alternative Energy - Other","4.98","3"
"HarleyDavidson","HOG","2928.56","27.82","2827151","9.57","12.68","21.11","76.81","24.87","-13.76","6.44","31.03","17.19","167","Auto-Tires-Trucks","Automotive - Domestic","5.68","2"
"Home BancShares","HOMB","6122.97","30.4","2216644","4.47","9.43","13.52","91.47",".64",".61","43.17","30.84","25.68","90","Finance","Banks - Southeast","32.1","3"
"Honeywell International","HON","71659.83","226.18","4106434","1.77","-50.42","-46.67","2.11","-46.69","-2.74","17.09","496.08","220.36","160","Conglomerates","Diversified Operations","11.37","5"
"Robinhood Markets","HOOD","89402.14","99.28","24440944","-9.63","-6.08","18.26","39.08","-19.27","51.58","41.12","152.46","65.16","26","Finance","Financial - Investment Bank","41.12","3"
"Hope Bancorp","HOPE","1736.05","13.58","1181161","1.04","4.78","7.35","90.63","13.95","-3.34","21.39","13.98","9.71","48","Finance","Banks - West","6.56","4"
"Helmerich & Payne","HP","3366.67","33.69","1232286","-.82","-4.96","-12.86","70.05","8.03","35.89","-.8","41.53","15.35","82","Oils-Energy","Oil and Gas - Drilling","-9.38","3"
"Hewlett Packard","HPE","59006.51","44.56","19433402","-5.67","-7.93","55.69","68.11","70.61","13.84","9.1","56.15","19.81","16","Computer and Technology","Computer - Integrated Systems","3.94","1"
"HighPeak Energy","HPK","931.26","7.37","510879",".27","-1.86","16.43","53.87","43","-19.27","-1.35","10.35","3.89","201","Oils-Energy","Oil and Gas - Exploration and Production - United States","-18.78","2"
"Hudson Pacific Properties","HPP","800.07","14.75","768764","-4.28","1.44","62.8","57.85","25.26","-1.3","-67.89","21.48","5.51","64","Finance","REIT and Equity Trust - Other","-67.89","3"
"HP","HPQ","22149.74","24.22","14281661","-2.22","2.89","22.57","53.99","-.02","3.24","5.46","29.35","18.2","18","Computer and Technology","Computer - Micro Computers","4.45","3"
"HealthEquity","HQY","8266.58","98.88","895945","3.37","16.87","18.39","79.65","-.73","9.47","27.6","105.44","73.21","85","Medical","Medical Services","17.25","3"
"Healthcare Realty Trust Incorporated","HR","7363.58","21.25","3559958","2.11","5.41","15.61","98.83","15.3","-6.92","-17.34","21.32","15.36","64","Finance","REIT and Equity Trust - Other","-17.34","2"
"H&R Block","HRB","5285.9","41.7","1797860","2.06","22.5","36.1","47.21","-12","4.17","17.71","56.64","28.34","69","Consumer Discretionary","Consumer Services - Miscellaneous","18.9","2"
"Herc Holdings","HRI","4920.8","147.36","543151","-.24","-3.96","18.26","62.52","-8.66","22.65","4.44","181.12","91.04","64","Transportation","Transportation - Equipment and Leasing","-.11","3"
"Hormel Foods","HRL","13911.96","25.28","4085568","3.35","4.85","17.75","55.73","-1.9","1.55","6.37","29.68","19.74","213","Consumer Staples","Food - Meat Products","3.82","2"
"Harmony Biosciences","HRMY","1939.41","33.5","833770","-5.74",".21","7.89","52.02","-17.67","21.51","16.2","40.51","25.9","98","Medical","Medical - Biomedical and Genetics","16.2","1"
"Harrow, Inc.","HROW","1656.88","44.45","695358","6.31","4.81","7.34","59.84","-16.57","36.41","3.21","54.8","29.03","100","Medical","Medical - Drugs","-5.57","3"
"Heritage Insurance","HRTG","832.5","27.43","365933","-3.38","15.3","-8.26","69.39","-13.78","3.71","23.76","31.14","19.02","154","Finance","Insurance - Property and Casualty","23.76","3"
"Hesai Group Sponsored ADR","HSAI","2090.2","14.93","1884251","-1.32","-8.63","-36.22",".87","-38.7","52.14","14.75","29.8","14.8","100","Auto-Tires-Trucks","Automotive - Original Equipment","14.75","2"
"HSBC","HSBC","340268.94","99.01","1229370",".94","2.59","10.06","95.93","15.75","-7.34","38.34","100.61","61.3","100","Finance","Banks - Foreign","16.06","2"
"Himalaya Shipping Ltd.","HSHP","686.69","14.72","327945","-2.06","2.72","8.16","83.93","48.77","6.73","20.28","16.24","6.78","62","Transportation","Transportation - Shipping","20.28",""
"Henry Schein","HSIC","9819.63","86.2","1290082",".48","9.57","11.66","92.15","4.89","4.03","4.59","88.26","62.03","76","Medical","Medical - Dental Supplies","2.95","2"
"Host Hotels & Resorts","HST","16478.2","24.06","9083163","4.29","-4.26","15.23","89.15","24.8","7.57","16.4","25.13","15.27","64","Finance","REIT and Equity Trust - Other","16.4","2"
"Hershey","HSY","34828.21","171.7","1933046","-2.02",".47","-7.93","12.69","-13.23","4.38","11.15","236.28","162.31","216","Consumer Staples","Food - Confectionery","9.12","3"
"Heartflow, Inc.","HTFL","2118.07","24.56","2030525","-6.12","-27.42","-22.6","20.96","-22.51","39.92","-23.82","39.91","20.49","72","Medical","Medical Info Systems","-58.42","3"
"Hercules Capital","HTGC","3005.13","16.06","1298637",".88","5.45","3.75","38.47","-21.52","7.88","63.55","19.53","13.89","212","Finance","Financial - SBIC & Commercial Industry","59.85","3"
"Hitachi","HTHIY","132438.39","29.2","940703",".31","-3.31","-13.86","25.85","-13.93","9.47","7.64","38.18","26.07","160","Conglomerates","Diversified Operations","7.64","4"
"H World Group Limited Sponsored ADR","HTHT","12777.61","41.55","1522390","1.64","-2.03","-16.67","43.28","-18.78","10.51","20.17","56.06","30.48","207","Consumer Discretionary","Hotels and Motels","19.22","3"
"Heartland Express","HTLD","1168.55","15.08","568104","1.41","2.65","13.64","87.53","53.59","-23.08","-3.72","16.22","7.08","7","Transportation","Transportation - Truck","-5.69","2"
"H2O America","HTO","2699.53","64.52","523795","3.28","13.79","8.33","95.67","21.12","6.97","13.18","65.43","44.44","79","Business Services","Waste Removal Services","12.87","3"
"Hubbell","HUBB","25627.21","484.98","507069","1.67","-10.09","-12.67","51.58",".43","3.84","16.75","557.85","407.36","7","Industrial Products","Manufacturing - Electrical Utilities ","15.1","2"
"HubSpot","HUBS","11842.05","231.21","1417541","6.26","33.8","2.73","15.6","-47.01","19.17","17.07","560.9","170.28","85","Computer and Technology","Internet - Software","3.04","1"
"Humana","HUM","47808.49","398.2","1370639","-1.92","10.39","78.07","95.43","42.98","10.11","1.39","409.42","163.67","23","Medical","Medical - HMOs",".82","1"
"Huntsman","HUN","2102.44","11.99","6018951","3.27","4.26","-12.61","53.96","10.27","-5.85","-2.41","15.89","7.42","156","Basic Materials","Chemical - Diversified ","-5.83","3"
"Huron Consulting Group","HURN","1825.94","112.63","300806","1.26","24.48","-11.4","23.55","-40.09","11.65","8.17","185.58","90.16","161","Business Services","Consulting Services","5.94","3"
"Hut 8 Corp.","HUT","11364.12","100.93","4243904","1.77","-16.61","33.31","71.74","102.06","44.79","-1.96","133.02","19.45","186","Finance","Financial - Miscellaneous Services","-109.77","3"
"Hancock Whitney","HWC","6272.7","77.29","931891","1.78","9.2","14.27","92.41","11.63","-1.75","34.38","79.16","54.52","90","Finance","Banks - Southeast","21.34","3"
"Howmet Aerospace","HWM","108821.23","271.98","3118860",".26","-2.99","12.53","89.98","22.01","11.06","17.78","283.23","171","90","Aerospace","Aerospace - Defense","20.23","2"
"Hexagon AB Unsponsored ADR","HXGBY","21877.68","8.15","958304","-.49","-3.09","-25.37",".64","-36.15","4.98","20.26","12.8","8.12","68","Computer and Technology","Computers - IT Services","40.44","2"
"Hexcel","HXL","7974.92","105.73","1004692","6.58","6.63","14.55","100","31.58","-.48","8.06","105.73","59.55","79","Aerospace","Aerospace - Defense Equipment","6.07","3"
"Iamgold","IAG","8017.5","13.96","4528426","-5.8","-17.45","-18.46","40.49","-22.14","74.7","30.69","24.57","6.74","230","Basic Materials","Mining - Gold","29.49","4"
"Integra LifeSciences","IART","1469.58","18.89","910129","1.67","7.33","76.71","91.23","39.88","1.53","11.02","19.85","8.9","178","Medical","Medical - Instruments","-30.15","2"
"Interactive Brokers","IBKR","155521.72","91.68","4154862","-2.01","-5.31","18.16","84.91","31.11","101.04","16.07","97.41","59.43","26","Finance","Financial - Investment Bank","9.65","2"
"International Business Machines","IBM","200195.58","213","12694854","-26.61","-15.55","-6.6","1.52","-33.87","7.62","16.39","329.23","211.2","16","Computer and Technology","Computer - Integrated Systems","15.61","4"
"ICICI Bank","IBN","106743.41","29.76","7385191","1.71","4.31","8.06","49.51","-8.15",".19","42.85","34.41","25.2","100","Finance","Banks - Foreign","25.6","4"
"International Bancshares","IBOC","4731.37","76.09","395284",".29","1.3","6.15","87.86","5.33","1.26","48.99","77.84","63.42","43","Finance","Banks - Southwest","39.33",""
"Installed Building Products","IBP","6040.38","224.21","430749",".75","5.8","-24.9","25.06","-20.51","1","10.29","344.19","184.09","100","Construction","Building Products - Miscellaneous","8.65","2"
"ImmunityBio","IBRX","7849.92","7.495","12069017","-3.79","3.81","2.81","57.63","248.13","668.31","-218.47","11.55","1.98","98","Medical","Medical - Biomedical and Genetics","-606.15","3"
"Intercontinental Exchange","ICE","80059.61","141.57","4492504","2.83","7.79","-9.8","28.47","-19.61","7.47","41.55","188.45","122.91","204","Finance","Securities and Exchanges","30.06","3"
"Ichor Holdings","ICHR","2918.02","83.69","1231346","-7.43","-15.98","18.41","70.89","317.63","11.61",".93","112.28","14.06","47","Computer and Technology","Electronics - Semiconductors","-5.28","3"
"ICL Group","ICL","6453.36","5","1278664","1.42","-1.38","-9.75","8.97","-19.47","4.56","6.67","7.03","4.8","179","Basic Materials","Fertilizers","3.52","3"
"ICON","ICLR","12723.96","166.18","860488",".05","18.08","61.01","70.09","-16.13","-.37","11.04","202.92","80.08","85","Medical","Medical Services","5.35","5"
"IDACORP","IDA","8146.67","147.03","613948","-2.61","3.02",".88","78.89","6.84","-.75","18.6","154.55","118.93","154","Utilities","Utility - Electric Power","18.6","3"
"InterDigital","IDCC","6672.67","258.18","303264","-1.28","-13.32","-28.73","21.02","-25.42","-3.97","50.53","396.54","221.35","48","Computer and Technology","Wireless Equipment","44.2","2"
"Industria de Diseno Textil","IDEXY","188869.11","15.15","475610","-2.38","-3.87","-1.55","62.02","-15.56","7.85","15.6","17.14","11.9","62","Retail-Wholesale","Retail - Apparel and Shoes","15.6","3"
"IDEXX Laboratories","IDXX","44475.03","563.81","676031","-.07","3.31","-1.94","19.52","-23.36","10.42","24.63","766.68","514.61","178","Medical","Medical - Instruments","24.63","3"
"Icahn Enterprises","IEP","5067.26","7.54","685705",".2","4.43","-6.45","14.43","-8.15","-3.61","-3.24","9.68","7.18","236","Oils-Energy","Energy and Pipeline - Master Limited Partnerships","-3.24",""
"IES","IESC","12373.53","621.04","357929","3.01","-17.72","2.32","68.21","46.82","16.89","8.65","766.54","308.81","233","Computer and Technology","Electronics - Miscellaneous Services","10.4",""
"IDEX","IEX","16375.09","221.24","609501","-.11","-1.83","6.68","89.19","14.35","5.77","17.42","228.96","157.53","56","Industrial Products","Manufacturing - General Industrial ","14.38","2"
"International Flavors & Fragrances","IFF","19727.3","77.27","1888821","2.89","1.74","8.85","72.98","5.45","-5.17","10.11","83.83","59.55","95","Basic Materials","Chemical - Specialty","7.78","3"
"Infineon Technologies","IFNNY","94025.09","72.15","406523","-8.68","-27.22","14.29","54.01","50.88","-.05","12.59","102.41","36.61","47","Computer and Technology","Electronics - Semiconductors","7.84","3"
"IHS Holding","IHS","2737.85","8.16","1019514","-.73",".74","-1.09","79.93",".6","-7.55","34.51","8.73","5.89","7","Computer and Technology","Communication - Infrastructure","10.74",""
"i3 Verticals","IIIV","582.93","20.87","387432","-1.56","4.87","-3.38","15.12","-23.8","-7.29","16.17","33.11","18.69","85","Computer and Technology","Internet - Software","8.59","3"
"Innovative Industrial Properties","IIPR","1851.64","64.35","336736",".88","8.5","15.4","98.41","24.96","-13.8","45.58","64.67","44.58","64","Finance","REIT and Equity Trust - Other","45.58","3"
"Illumina","ILMN","27942.08","184.68","1859338","-2.83","14.44","43.7","90.66","29.5","-.66","17.71","194.33","91","98","Medical","Medical - Biomedical and Genetics","19.42","2"
"Industrial Logistics Properties Trust","ILPT","571.99","8.58","518016","-1.61","2.51","13.19","81.9","42.44","1.48","-11.93","9.36","5.05","64","Finance","REIT and Equity Trust - Other","-11.93","3"
"IMAX","IMAX","2123.61","38.6","1056736",".65","-12.27","3.99","68.87","-3.95","16.47","20.49","44.97","24.51","190","Consumer Discretionary","Film and Television Production and Distribution","9.08","3"
"Immunocore","IMCR","1731.97","34.05","684704","4.8","16.01","19.22","50.38","-9.78","28.95","-6.68","40.22","27.79","98","Medical","Medical - Biomedical and Genetics","-6.68","3"
"Immersion","IMMR","212.84","6.43","622954","-5.02","-1.83","7.71","40.59","-13.04","4487.03","-1.46","7.85","5.46","100","Computer and Technology","Computer - Peripheral Equipment","-.97","3"
"Imperial Oil","IMO","59365.88","122.76","499043","-.71","7.67","-2.49","72.4","30.81","-10.42","8.4","138.33","81.92","216","Oils-Energy","Oil and Gas - Integrated - Canadian","6.22","3"
"Immatics","IMTX","1237.48","9.23","366860","0","-5.62","-18.68","61.06","-19.16","-67.63","-572.35","11.87","5.09","98","Medical","Medical - Biomedical and Genetics","-572.35","3"
"International Money Express","IMXI","398.15","13.23","365980","-5.5","-5.5","-16.9","62.52","-20.79","-7.72","7.32","15.94","8.71","85","Business Services","Financial Transaction Services","4.34","3"
"Incyte","INCY","23104.81","115.65","1699577","1.24","11.57","20.83","94.39","7.69","21.22","28.17","118.52","67.38","98","Medical","Medical - Biomedical and Genetics","26.71","3"
"Independent Bank","INDB","4098.62","84.81","445213","1.63","4.19","8.59","90.6","6.73","19.41","32.45","87.17","62.06","85","Finance","Banks - Northeast","20.31","3"
"Indivior Pharmaceuticals Inc.","INDV","4769.59","39.12","1780189","-2.71","2.09","14.02","89.67",".27","4.29","29.98","41.83","15.6","100","Medical","Medical - Drugs","19.44","3"
"Infosys","INFY","45770.9","11.31","22372166","-1.65","5.01","-7.9","8.43","-41.63","4.57","16.98","20.22","10.49","68","Computer and Technology","Computers - IT Services","16.44","4"
"ING Group","ING","93711.88","32.2","3104036","-.31","0","14.71","89.53","5.76","6.46","27.68","33.31","22.71","100","Finance","Banks - Foreign","27.68","4"
"Ingram Micro Holding Corporation","INGM","6601.93","28.5","1236526","-1.66",".67","-5.57","75.62","22.83","9.53","1.32","31.64","18.76","99","Business Services","Technology Services",".66","2"
"Ingredion","INGR","6464.81","102.52","737028","3.2","5.25","-9.28","19.61","-14.49","-2.84","9.46","134.54","94.71","197","Consumer Staples","Food - Miscellaneous","9.36","3"
"InMode","INMD","882.91","15.36","840494","1.39","16.28","7.34","67.36","-3.84","-6.16","26.68","16.62","12.76","167","Medical","Medical - Products","23.27",""
"Summit Hotel Properties","INN","734.72","6.78","1484371","3.04","3.2","34.79","90.46","28.04","-.32","-1.75","7.07","4.03","64","Finance","REIT and Equity Trust - Other","-1.75","2"
"InnovAge","INNV","1503.96","11.08","420514","-1.69","20.3","36.96","88.53","96.34","11.76","-1.22","12.11","3.13","85","Medical","Medical Services","-1.22","2"
"Innodata Inc","INOD","2027.24","62.08","1108755","-8.87","-31.54","48.41","31.74","12.06","47.64","13.86","121.5","34.45","100","Construction","Engineering - R and D Services","13.86","1"
"Infinity Natural Resources Inc.","INR","826.55","13.01","314273","-1.14","1.8","-18.18","22.54","-18.77","37.61","19.79","19.23","11.2","201","Oils-Energy","Oil and Gas - Exploration and Production - United States","11.05","3"
"Insmed","INSM","23196.85","107.02","2784986","-1.94","8.53","-21.3","12.67","-43.45","66.73","-144.44","211.41","91.88","98","Medical","Medical - Biomedical and Genetics","-144.44","3"
"Inspire Medical Systems","INSP","1534.88","53.27","1091398","3.72","28.83","-3.27","12.72","-46.88","13.6","8.25","143.99","40.05","72","Medical","Medical Info Systems","14.33","3"
"International Seaways","INSW","4376.21","88.4","583688","2.59","-.01","9.68","93.95","67.46","-11.38","42.96","91.62","38.42","62","Transportation","Transportation - Shipping","55.39","1"
"Intapp","INTA","2244.91","29.16","715081","2.1","35.13","31.71","35.12","-41.47","17.09","16.94","47.67","19.14","85","Computer and Technology","Internet - Software","-6.48","3"
"Intel","INTC","487823.56","97.06","103107256","-5.88","-31.13","14.2","63.92","141.91","-.47","5.27","140.94","19.31","5","Computer and Technology","Semiconductor - General","-5.9","1"
"Inter & Co. Inc.","INTR","2480.23","5.62","4924034","-.53","4.27","-28.41","7.65","-39.05","46.76","15.78","10.21","5.24","186","Finance","Financial - Miscellaneous Services","12.24","3"
"Intuit","INTU","80370.64","293.82","4819919","1.4","13.98","-24.65","7.02","-59.21","15.63","30.64","807.39","255.07","90","Computer and Technology","Computer - Software","21.91","3"
"Innoviva","INVA","1570.65","21.28","884444","-4.19","-6.13","-8.9","60.9","-2.1","14.67","83.97","24.24","16.67","230","Medical","Large Cap Pharmaceuticals","119.89","3"
"Invitation Home","INVH","17868.78","30.08","4499171","-.1","5.77","10.47","69.31","-.45","4.21","21.45","32.6","24.39","100","Finance","REIT and Equity Trust - Residential","20.88","3"
"Innovex International, Inc.","INVX","1756.12","25.54","394094",".16","-.47","-8.95","64.63","7.4","48.04","7.09","31.05","15.47","100","Oils-Energy","Oil and Gas - Mechanical and and Equipment","5.31","3"
"IonQ","IONQ","12780.76","34.24","20583418","-11.93","-41.29","-21.9","13.78","-29.82","201.85","-311.67","82.09","26.59","16","Computer and Technology","Computer - Integrated Systems","174.88","3"
"Ionis Pharmaceuticals","IONS","8750.65","52.95","3991090","-6.7","-30.23","-26.69","26.76","-38.44","33.9","-17.01","86.5","40.69","100","Medical","Medical - Drugs","-30.91","4"
"Samsara Inc.","IOT","22463.47","38.55","5425519","4.67","23.8","30.81","68.19",".01","29.57","20.9","45.22","24.25","85","Computer and Technology","Internet - Software","3.32","2"
"Iovance Biotherapeutics","IOVA","2241.44","5.02","16299654","24.26","23.65","46.36","89.17","69.11","60.6","-123.92","5.41","1.81","98","Medical","Medical - Biomedical and Genetics","-123.92","3"
"International Paper","IP","19194.99","36.25","4815495","-2.03","-1.73","11.03","26.12","-15.36","26.93","-.32","55.68","29.38","228","Basic Materials","Paper and Related Products","-13.42","3"
"Interparfums, Inc.","IPAR","3984.01","124.4","358634","5.01","27.26","36.28","84.46","34.87","2.49","11.32","132.65","79.57","182","Consumer Discretionary","Consumer Products - Discretionary","11.32","3"
"IPG Photonics","IPGP","4155.23","97.9","366327","-6.52","-17.03","-16.09","31.95","25.75","2.73","5.77","153.91","71.6","100","Computer and Technology","Lasers Systems and Components","2.78","3"
"IQVIA","IQV","34030.91","203.9","1253256","-1.76","21.51","24.45","53.91","-16.81","5.87","12.51","244.29","156.66","178","Medical","Medical - Instruments","8.33","3"
"Ingersoll Rand","IR","31377.39","80.18","3904840","2.06","2.97","-4.56","38.52","-6.92","5.75","17.38","98.76","68.54","56","Industrial Products","Manufacturing - General Industrial ","7.54","3"
"Iridium Communications","IRDM","4906.83","46.41","2861373","-4.49","7.18","24.09","76.65","145.59","4.93","12.05","55.72","15.84","179","Computer and Technology","Satellite and Communication","12.05","3"
"IREN Limited","IREN","14366.62","40.2","40635212","3.13","-29.31","-16.87","40.65","-2.11","165.43","-42.78","76.41","15.4","186","Finance","Financial - Miscellaneous Services","20.9","3"
"Iron Mountain","IRM","36961.49","124.23","2099884","1.52","-5.79","10.18","83.71","37.74","12.23","9.16","133.06","78.86","28","Business Services","Business - Information Services","3.76","3"
"Independence Realty Trust","IRT","3889.81","16.5","2815292","-2.02","3.06","4.23","51.94","-13.19","2.76","7.27","18.11","14.76","100","Finance","REIT and Equity Trust - Residential","7.27","3"
"IRHYTHM HLDGS","IRTC","3659.89","111.37","600568","-6.16","6.38","-11.58","10.95","-42.28","26.24","-1.76","189.25","101.79","72","Medical","Medical Info Systems","-3.53","3"
"Intuitive Surgical","ISRG","125079.7","353.17","3367240","-13.25","-12.35","-25.02","3.13","-42.65","20.51","33.39","592.85","345.42","178","Medical","Medical - Instruments","28.45","2"
"Innovative Solutions and Support","ISSC","331.55","18.53","382102",".98","12.58","-11.64","45.91","-10.02","78.6","19.92","30.56","8.32","79","Aerospace","Aerospace - Defense Equipment","18.82","3"
"Gartner","IT","9444.23","141.06","1282753","-.18","12.19","-5.19","6.5","-48.58","3.13","15.41","361.41","125.73","161","Business Services","Consulting Services","11.44","4"
"Integer Holdings","ITGR","3262.72","96.09","497126","-.3","6.65","12.58","62.48","12.68","7.98","11.91","115.77","63.32","178","Medical","Medical - Instruments","7.64","3"
"Itron","ITRI","3740.91","84.37","571663","1.18","3.19","-2.93","10.51","-16.44","-3.02","13.97","138.42","78.02","28","Computer and Technology","Electronics - Testing Equipment","12.31","4"
"ITT","ITT","17095.96","191.23","992203","-1.68","-4.02","-11.86","53.22","1.36","8.48","13.97","221.69","156.57","160","Conglomerates","Diversified Operations","10.8","4"
"Itau Unibanco","ITUB","92155.03","8.32","19731288","-1.77","4.92","-5.45","64.99","6.87","-51.69","25.14","9.57","6","100","Finance","Banks - Foreign","27.27","2"
"Illinois Tool Works","ITW","78165.22","271.69","1364734",".07","2.4",".72","52.31","1.45",".92","19.32","299.6","241.07","56","Industrial Products","Manufacturing - General Industrial ","19.32","3"
"Ivanhoe Mines Ltd.","IVPAF","10013.14","7.02","384157","-3.27","-14.7","-19.59",".29","-43.3","981.91","53.58","13.91","7","211","Basic Materials","Mining - Miscellaneous","24.86","3"
"Invesco Mortgage Capital","IVR","733.3","7.9","2622895",".51","-.13","-4.7","32.59","-13.61","3.05","208.93","9.41","7.17","197","Finance","REIT and Equity Trust","20.5","5"
"InvenTrust Properties","IVT","2849.33","36.56","795843","3.48","6.09","11.09","98.26","19.19","9.2","35.66","36.73","26.96","64","Finance","REIT and Equity Trust - Other","35.66","3"
"Invesco","IVZ","13148.18","29.66","5020883","4.44","3.06","16.41","95.08","3.84","5.11","25.85","30.3","17.28","72","Finance","Financial - Investment Management","-6.11","2"
"JACOBS SOLUTNS","J","15290.29","129.49","965184","2.33","9.09","2.92","38.87","-10.09","4.6","6.01","164.44","107.27","100","Construction","Building Products - Miscellaneous","2.92","2"
"Jack In The Box","JACK","280.38","14.7","1287945","-2.78","28.83","11.36","34.26","-28.66","-6.75","4.71","24.88","9.4","207","Retail-Wholesale","Retail - Restaurants","2.82","3"
"Jazz Pharmaceuticals","JAZZ","15294.21","243.47","732599","2.74","7.77","21","96.64","31.72","4.88","18.84","248.25","105.93","98","Medical","Medical - Biomedical and Genetics",".66","3"
"JBG SMITH Properties","JBGS","847.04","14.54","561601","-.41",".9","-5.4","6.29","-21.39","-8.9","-26.6","24.23","13.89","64","Finance","REIT and Equity Trust - Other","-22.16",""
"J.B. Hunt Transport Services","JBHT","27404.29","290.61","1009399","2.69","6.26","16.17","95.35","37.53","-.73","5.31","298.41","130.65","7","Transportation","Transportation - Truck","5.31","1"
"Janus International Group","JBI","731.78","5.27","1375448","1.54","-1.5","-3.3","8.92","-25.89","-8.26","7.6","10.68","4.74","100","Construction","Building Products - Miscellaneous","4.82","3"
"Jabil","JBL","32055.42","305.91","1408928","-4.99","-18.91","-10.24","58.72","23.39","3.18","3.85","385.63","192.49","19","Computer and Technology","Electronics - Manufacturing Services","2.57","1"
"JetBlue Airways","JBLU","2027.5","5.45","28445734","-2.68","-.73","10.32","58.44","10.16","-2.34","-7.69","6.46","4.03","75","Transportation","Transportation - Airline","-7.78","2"
"JBS N.V.","JBS","9335.7","12.03","5586347","1.95",".92","-26.11","6.03","-23.27","11.66","2.04","18.42","11.62","197","Consumer Staples","Food - Miscellaneous","1.98","2"
"JBT Marel Corporation","JBTM","6929.71","133.09","578168","-4.38","1.49",".86","33.23","-18.76","121.34","9.43","168.55","115.44","99","Business Services","Technology Services","4.32","3"
"Jefferson Capital, Inc.","JCAP","1174.35","19.06","366863","1.01","12.32","-8.37","45.1","-21.53","41.53","26.89","23.37","15.52","186","Finance","Financial - Miscellaneous Services","25.42","3"
"Johnson Controls International","JCI","85031.8","139.37","4421072","-3.17","-5.96","-2.8","80.34","7.04","2.81","11.33","148.21","103.24","100","Construction","Building Products - Wood","14.45","2"
"JD.com","JD","38196.74","30.6","8490644","5.96","13.25","2.86","49.27","-1.94","17.91","1.63","36.17","25.19","166","Retail-Wholesale","Internet - Commerce","1.04","3"
"Jefferies Financial Group","JEF","10690.72","55.18","2562911","4.92","-12.15","15.27","55.79","-18.11","53.86","11.73","70.36","36.02","186","Finance","Financial - Miscellaneous Services","7.58","3"
"James Hardie Industries","JHX","14496.81","24.98","6205277","2.84","1.92","12.27","63.92","10.72","24.71","12.32","29.66","16.69","100","Construction","Building Products - Miscellaneous","2.15","2"
"Jack Henry & Associates","JKHY","10882.14","153.16","1367583","1.61","24.1","1.42","42.99","-22.81","7.21","20.64","192.6","123.42","68","Computer and Technology","Computers - IT Services","20.64","2"
"JinkoSolar","JKS","881.39","16.83","655450","10.36","-6.34","-24.43","10.31","-40.03","-25.9","-4.1","30.58","15.25","57","Oils-Energy","Solar","-5.62","3"
"Jones Lang LaSalle","JLL","15121.52","325.94","373608","1.24","10.55","-4.66","69.36","-10.91","11.45","3.59","358.66","251.88","157","Finance","Real Estate - Operations","3.35","3"
"Jumia Technologies","JMIA","783.99","6.33","1494156","-5.66","-4.09","-9.96","18.52","-53.39","12.8","-30.79","14.6","4.45","166","Retail-Wholesale","Internet - Commerce","-30.79",""
"Johnson & Johnson","JNJ","598963.69","248.82","8379067","-3.47","7.58","10.42","82.33","10.58","6.05","27.07","267.24","162.98","230","Medical","Large Cap Pharmaceuticals","21.48","3"
"JPMorgan Chase & Co.","JPM","908005.94","338.87","10042314","1.3","2.23","8.74","87.45","-3.28",".52","31.54","346.91","282.84","26","Finance","Financial - Investment Bank","21.86","1"
"Kaiser Aluminum","KALU","2564.5","156.94","304485","-.85","-15.18","-10.29","68.59","25.66","11.54","3.77","195.63","72.44","216","Industrial Products","Metal Products - Procurement and Fabrication","4.14","3"
"KB Financial Group","KB","40870.67","115.23","347118","-6.51","8.8","7.93","82.47","23.17","-13.69","31.57","123.25","77.5","100","Finance","Banks - Foreign","17.36","3"
"KB Home","KBH","3359.16","54.79","1403699","-.04","4.32","-1.14","42.52","-10.67","-10.01","5.38","67.97","45.04","197","Construction","Building Products - Home Builders","4.94","3"
"KBR","KBR","4383.13","34.57","1706893","-3.3","7.66","-2.04","20.93","-20.91",".57","6.68","51.61","30.06","100","Construction","Engineering - R and D Services","5.21","3"
"Kingsoft Cloud","KC","3033.27","10.04","1428401","-3.37","2.66","-38.93","15.16","-10.7","28.16","-5.82","18.21","8.58","85","Computer and Technology","Internet - Software","-9.38","2"
"Kyndryl Holdings, Inc.","KD","2694.72","12.22","3934987","-.81","15.07","-10.08","5.64","-57.69",".23","2.26","39.47","10.59","99","Business Services","Technology Services","1.31","3"
"Keurig Dr Pepper","KDP","41415.43","30.44","15863144","-2.59","-1.39","8.14","51.92","-.05","8.16","16.28","35.2","25.3","81","Consumer Staples","Beverages - Soft drinks","10.81","3"
"Kelly Services","KELYA","533.21","15.38","381740","7.48","39.69","60.38","99.59","60.74","-1.87",".8","15.41","8.08","205","Business Services","Staffing Firms","-6.44","3"
"Korea Electric Power","KEP","14534.07","11.32","1186973","-3.08","-10.59","-26.73","0","-36.9",".15","8.95","23.26","11.32","154","Utilities","Utility - Electric Power","8.95","5"
"Kirby","KEX","7732.35","144.53","624510","1.24","2.27","-5.15","88.9","20.64","3.01","10.51","152.59","79.95","62","Transportation","Transportation - Shipping","10.51","2"
"KeyCorp","KEY","25170.88","23.32","10397302",".43","2.15","6.44","90.71","3.91","21.57","24.65","23.99","16.78","23","Finance","Banks - Major Regional","17.03","3"
"Keysight Technologies","KEYS","53683.36","314.13","1540713","-2.09","-15.86","-7.78","72.44","42.18","7.95","24.66","373.34","158.51","7","Computer and Technology","Electronics - Measuring Instruments","17.25","2"
"KornFerry International","KFY","3967.86","78.02","665275","3.49","15.13","18","95.6","8.69","6.43","9.66","78.87","59.54","205","Business Services","Staffing Firms","9.44","2"
"Kinross Gold","KGC","26726","22.53","8277524","-4.05","-14.34","-29.9","31.66","-26.42","36.95","34.34","38.07","15.33","230","Basic Materials","Mining - Gold","35.99","5"
"Kodiak Gas Services, Inc.","KGS","5721.29","64.45","1897662","-3.2","-8.87","-2.54","73.83","58.49","12.83","12.35","76.27","31.1","100","Oils-Energy","Oil and Gas - Mechanical and and Equipment","5.13","3"
"Kraft Heinz Company","KHC","30664.21","25.86","12392423","2.5","17.39","17.97","60.15","-1.93","-3.5","12.11","28.94","21.21","197","Consumer Staples","Food - Miscellaneous","-23.05","2"
"Kimco Realty","KIM","17554.37","26.03","3853928","3.66","5.43","9","98.58","18.1","5.06","28.54","26.12","19.78","90","Finance","REIT and Equity Trust - Retail","28.54","3"
"KKR & Co.","KKR","87066.74","96.97","4476498",".06",".07","-3.7","19.17","-30.04","-11.04","81.38","152.16","83.88","72","Finance","Financial - Investment Management","13.94","3"
"KLA","KLAC","271182.72","207.6","13771366","-6.59","-22.87","9.26","56.69","57.13","23.89","36.79","301.71","84.39","66","Computer and Technology","Electronics - Miscellaneous Products","35.66","3"
"Klarna Group plc","KLAR","7082.05","18.76","3967393","-2.65","4.4","34.48","19.34","-40.32","24.83","-5.21","45.82","12.27","85","Business Services","Financial Transaction Services","-5.21","3"
"KinderCare Learning Companies, Inc.","KLC","615.83","5.2","654114","1.76","26.83","43.65","38.71","10.7","2.64","2.31","10.52","1.84","100","Consumer Discretionary","Schools","-15.48","3"
"Kulicke and Soffa Industries","KLIC","5236.43","100.06","1235045","-6.04","-19.45","15.73","66.81","101.98","-7.38","10.92","133.81","32.11","28","Computer and Technology","Electronics - Manufacturing Machinery","7.16","3"
"KimberlyClark","KMB","36008.89","108.48","4558390","-1.54","7.94","10.41","35.29","-1.11","-18","14.8","136.77","93.05","179","Consumer Staples","Consumer Products - Staples","12.8","3"
"Kinder Morgan","KMI","72484.84","32.58","8870366","1.05","1.02","5.27","79.57","9","12.17","18.24","34.31","25.84","216","Oils-Energy","Oil and Gas - Production and Pipelines","18.92","3"
"Kemper","KMPR","1670.26","28.37","1282581","-5.15","13.16","-14.39","13.93","-35.64","3.26","2.79","62.16","22.9","167","Finance","Insurance - Multi line",".89","5"
"Kennametal","KMT","2570.57","33.73","948611",".15","-4.83","-14.93","59.06","9.19","-3.91","6.97","43.27","19.97","190","Industrial Products","Manufacturing - Tools & Related Products","6.41","5"
"Kestra Medical Technologies, Ltd.","KMTS","1361.92","23.24","501147","-6.14","12.11","4.54","64.8","-19.41","59.03","-135.11","28.01","14.46","167","Medical","Medical - Products","-138.36","3"
"CarMax","KMX","7934.25","55.91","2714235","1.9","6.7","46.48","76.66","33.07","-1.79","1.53","63.53","30.88","48","Retail-Wholesale","Automotive - Retail and Wholesale - Parts",".84","2"
"Knowles","KN","3037.4","35.5","1049840","-1.11","-17.06","13.85","70.86","52.35","7.17","17.15","42.8","17.75","39","Computer and Technology","Communication - Components","9.1","3"
"Knife River Corporation","KNF","4459.15","78.57","511539",".2","-10.2","-11.62","53.81","2.71","8.52","4.58","94.57","59.93","100","Construction","Building Products - Miscellaneous","4.58","3"
"Kiniksa Pharmaceuticals International, plc","KNSA","4814.78","62.58","1025757","2.69","9.54","43.5","88.5","39.53","60.09","9.69","67.29","26.33","98","Medical","Medical - Biomedical and Genetics","9.69","1"
"Kinsale Capital Group","KNSL","8074.98","350.13","330592","1.5","18.67","6.83","30.71","-17.67","18.04","25.3","485.37","290.2","154","Finance","Insurance - Property and Casualty","27.48","3"
"KINETIK HLDGS","KNTK","8298.22","51.11","959312","1.15","8.72","7.15","99.18","30.39","18.98","29.28","51.27","31.68","158","Oils-Energy","Oil and Gas - Field Services","28.58","3"
"KnightSwift Transportation","KNX","12292.67","75.65","3427812","1.78",".33","16.94","84.37","33.08",".8","2.32","82.45","38.94","7","Transportation","Transportation - Truck",".45","1"
"Coca-Cola","KO","353319.88","82.12","18292080","-2.53","3.26","8.85","85.46","8.03","1.87","27.48","84.92","65.67","81","Consumer Staples","Beverages - Soft drinks","27.8","3"
"Kodak","KODK","749.97","7.66","763181","-6.01","-23.09","-37.88","24.56","-16.73","2.49","-12.17","14.51","5.43","66","Computer and Technology","Electronics - Miscellaneous Products","-12.6",""
"The Kroger Co.","KR","35754.09","58.36","8058076","-1.6","4.66","-11.44","14.1","-14.1",".35","2.14","75.6","55.53","229","Retail-Wholesale","Retail - Supermarkets",".71","3"
"Kilroy Realty","KRC","4609.29","39.64","1191509","1.75","7.14","21.15","71.29","-2.44","-2.02","19.59","44.44","27.72","64","Finance","REIT and Equity Trust - Other","19.59","2"
"KKR Real Estate Finance Trust","KREF","466.82","7.26","997747","-1.22","4.01","23.47","34.59","-18.77","-22.85","-3.89","9.87","5.88","197","Finance","REIT and Equity Trust","-23.55","2"
"Kite Realty Group Trust","KRG","6029.05","29.69","2638273","4.36","6.26","13.71","100","13.92",".3","34.74","29.69","20.94","90","Finance","REIT and Equity Trust - Retail","34.74","4"
"Karman Holdings Inc.","KRMN","5947.78","44.88","3819793","-.55","-5.91","-37.62",".06","-43.59","36.57","10.86","115.29","44.84","79","Aerospace","Aerospace - Defense Equipment","5.73","3"
"Kearny Financial","KRNY","613.73","9.48","676914","1.17","10.23","16.46","94.53","17.66","5.09","20.08","9.69","5.85","85","Finance","Financial - Savings and Loan","10.39","3"
"Kronos Worldwide","KRO","749","6.51","344816",".77","-4.26","-10.58","61.41","35.46","-1.47","-6.28","7.88","4.33","156","Basic Materials","Chemical - Diversified ","-7.12","1"
"Keros Therapeutics","KROS","209.99","10.61","302320","-4.41","-3.37","-3.63","5.87","-52.07","6774.96","-256.6","21.84","9.91","98","Medical","Medical - Biomedical and Genetics","-256.6","4"
"Kimbell Royalty","KRP","1616.62","15","524362",".33","2.04","1.49","85.65","17.31","7.93","22.76","15.61","11.36","239","Oils-Energy","Oil and Gas - Royalty Trust - United States","22.76","4"
"Kura Sushi USA","KRUS","539.21","44.38","385859","-13.24","-10.13","-19.95","3.21","-22","18.88","-.13","95.83","42.67","207","Retail-Wholesale","Retail - Restaurants","-.65","3"
"Krystal Biotech","KRYS","10000.12","339.22","363896","-6.66","-1.23","24.37","83.99","26.54","33.94","53.92","378.15","134.94","98","Medical","Medical - Biomedical and Genetics","53.92","4"
"Joint Stock Company Kaspi.kz Sponsored ADR","KSPI","16750.9","88.15","304363","-.59","3.94","-1.28","66.89","3.76","59.58","24.89","97.71","68.84","85","Business Services","Financial Transaction Services","24.89","1"
"Kohl's","KSS","1992.44","17.57","3944924","6.16","-.17","15.14","52.81","-20.83","-4.28","1.2","24.71","9.58","100","Retail-Wholesale","Retail - Regional Department Stores","1.76","3"
"KT","KT","8631.25","17.9","1442506","2.99",".28","-16.04","8.79","-13.22","2.63","5.51","24.54","17.26","205","Computer and Technology","Wireless Non-US ","5.51","4"
"Kontoor Brands","KTB","4607.5","83.36","825409","-1.74","9.48","19.92","85.57","25.5","20.9","9.97","88.17","54.83","174","Consumer Discretionary","Textile - Apparel","8.3","3"
"Kratos Defense & Security Solutions","KTOS","8614.67","45.94","5436324","-2.17","-10.08","-27.26","0","-44.34","18.53","7.1","130.72","45.94","79","Aerospace","Aerospace - Defense Equipment","2.08","4"
"Kura Oncology","KURA","948.11","10.68","1630310","-2.11","3.09","17.75","77.88","-5.46","25.24","-411.19","12.14","5.54","98","Medical","Medical - Biomedical and Genetics","-411.19","3"
"Kenvue Inc.","KVUE","36518.57","19.02","20176910","-1.09","6.49","8.5","56.24","1.41","-2.14","14.54","22.84","14.11","179","Consumer Staples","Consumer Products - Staples","10.61","3"
"Klaviyo, Inc.","KVYO","5431.93","18.15","4947710","3.95","41.13","-6.73","22.94","-48.59","31.63","17.45","35.92","12.86","85","Computer and Technology","Internet - Software","-.66","3"
"Kawasaki Heavy Industries","KWHIY","13685.63","6.52","310022","-3.62","-19.01","-15.33","36.52","13.55","9.8","4.74","9.58","4.76","56","Industrial Products","Manufacturing - General Industrial ","4.74",""
"Kymera Therapeutics","KYMR","9135.53","111.06","1123826",".6","11.67","28.13","89.85","31.27","-16.7","-604.46","119.35","37.68","98","Medical","Medical - Biomedical and Genetics","-611.94","3"
"Loews","L","23579.05","114.59","808527","-1.64","5.97","3.08","91.15",".07","5.39","8.83","116.95","90.29","167","Finance","Insurance - Multi line","8.83",""
"Ladder Capital Corp","LADR","1251.98","9.84","1099793","1.23","-3.24","-5.02","7.94","-17.66","-23","49.69","11.81","9.67","197","Finance","REIT and Equity Trust","13.82","4"
"Lamar Advertising","LAMR","16353.74","161.16","621380","2.5","6.2","18.72","97.43","17.09","2.68","24.01","162.38","114.98","64","Finance","REIT and Equity Trust - Other","24.01","3"
"Gladstone Land","LAND","375.29","8.7","655251","1.16","1.28","-12.21","5.24","-12.55","3.66","-6.68","12.5","8.49","64","Finance","REIT and Equity Trust - Other","-6.68","3"
"nLight","LASR","3853.28","68.31","1380466","-.7","4.77","-2.47","74.72","67.49","31.62","9.26","84.95","19.12","47","Computer and Technology","Electronics - Semiconductors","-5.08","3"
"Laureate Education","LAUR","5016.82","35.84","1263350","-10.65","-3.63","14.94","74.13","-2.1","8.64","13.98","40.46","22.6","100","Consumer Discretionary","Schools","16.08","4"
"Lazard, Inc.","LAZ","4706.5","42.14","1818142","2.53","-3.46","-14.49","16.25","-20.19","1.54","8.26","57.75","39.11","186","Finance","Financial - Miscellaneous Services","8.47","5"
"LandBridge Company LLC","LB","5820.23","75.5","396317","-3.86","21.15","9.25","75.69","41.74","81.07","15.71","85.55","44.2","201","Oils-Energy","Oil and Gas - Integrated - United States","15.71","3"
"LIBERTY ENERGY","LBRT","3928.02","24.07","3580358","-4.6","-13.57","-26.73","58.76","19.92","-7.16",".71","33.93","10.02","158","Oils-Energy","Oil and Gas - Field Services","3.71","3"
"Liberty Global Ltd","LBTYA","3485.78","10.31","1829109","-5.41","-6.53","-11.2","14.73","-14.88","12.36","-109.64","13.03","9.84","233","Utilities","Diversified Communication Services","-109.64","3"
"Liberty Global Ltd","LBTYK","3379.28","9.995","938924","-5.17","-5.71","-11.71","0","-16.74","12.36","-109.64","12.67","9.99","100","Consumer Discretionary","Broadcast Radio and Television","-109.64",""
"Lucid Group","LCID","2774.73","7.11","26161576","29.04","37.79","19.9","9.33","-38.14","67.58","-248.09","31.3","4.62","167","Auto-Tires-Trucks","Automotive - Domestic","-248.09","5"
"LCI Industries","LCII","2596.09","106.9","686834","4.76","17.05","-9.85","30.58","-18.98","10.18","4.63","157.13","84.77","100","Auto-Tires-Trucks","Automotive - Original Equipment","4.84","3"
"Leidos","LDOS","13461.56","107.02","1586430",".41","2.08","-25.8","7.05","-45.44","3.07","9.06","199.55","100","68","Computer and Technology","Computers - IT Services","8.15","3"
"Land's End","LE","366.12","11.91","313350","4.2","6.24","4.2","20.09","-24.56","-2.04","1.88","19.15","10.09","239","Retail-Wholesale","Retail - Catalog Shopping","26.24","4"
"Lear","LEA","7021.33","140.16","504396","3.59","-.39","11.58","86.77","12.48","-.2","3.05","147.36","92.93","100","Auto-Tires-Trucks","Automotive - Original Equipment","2.25","2"
"Lincoln Electric","LECO","13446.95","245.44","322304","-2.29","-10.67","-6.03","33.75","-5.81","5.6","13.06","298.88","218.22","190","Industrial Products","Manufacturing - Tools & Related Products","12.38","3"
"Leggett & Platt","LEG","1462.57","10.71","2690803",".09",".47","-5.8","54.68","-10.46","-7.49","3.11","12.89","8.08","23","Consumer Discretionary","Furniture","5.69","3"
"Legend Biotech","LEGN","4311.02","23.21","1952060","-9.86","-20.89","-1.86","23.71","-1.81","64.04","-21.98","44.32","16.65","98","Medical","Medical - Biomedical and Genetics","-21.98","3"
"Lennar","LEN","19970.21","82.9","2322471",".07","-5.19","-11.1","1","-25.83","-3.54","4.79","142.4","82.3","197","Construction","Building Products - Home Builders","4.93","4"
"Centrus Energy","LEU","3076.63","156.39","842640",".22","-14.86","-29.55","3.38","-40.75","1.52","16.38","436","146.61","187","Basic Materials","Mining - Non Ferrous","13.4","3"
"Levi Strauss & Co.","LEVI","9205.63","23.92","3341296","-1.12","1.31","4.77","84.89","6.07","-1.15","8.7","24.99","17.91","62","Retail-Wholesale","Retail - Apparel and Shoes","9.66","2"
"LifeStance Health Group","LFST","4398.04","11.34","4095952","4.23","23.19","55.98","96.92","48.14","13.85","1.55","11.58","3.79","76","Medical","Medical - Outpatient and Home Healthcare","1.55","3"
"Littelfuse","LFUS","10157.29","401.65","371896","-1.37","-17.88","-.34","66.47","46.05","8.92","11.92","489.1","228.31","71","Computer and Technology","Electronics - Miscellaneous Components","-1.61","3"
"LGI Homes","LGIH","1323.31","56.96","327451","-1.39","3.28","25.68","68.37","21.94","-22.57","4.73","67.47","34.24","197","Construction","Building Products - Home Builders","4.22",""
"Ligand Pharmaceuticals","LGND","5891.87","293.99","551075","-4.93","12.14","21.59","85.02","43.01","60.4","63.06","322.61","131.58","98","Medical","Medical - Biomedical and Genetics","55.95",""
"Labcorp Holdings Inc.","LH","23081.36","281.48","603260","1.73","10.63","6.85","80.27","3.19","7.25","9.94","290.93","243.04","85","Medical","Medical Services","6.66","2"
"L3Harris Technologies","LHX","52265.04","280.55","1326660","-2.82","-1.85","-12.45","15.13","-12.11","2.53","9.25","378.48","263.09","90","Aerospace","Aerospace - Defense","7.71","3"
"Li Auto","LI","13253.24","12.37","3960787","1.56","-3.51","-31.09","3.14","-32.8","-18.85","-1.72","31.8","11.74","167","Auto-Tires-Trucks","Automotive - Foreign","-1.72","4"
"Life360, Inc.","LIF","4370.04","53.93","650657","3.27","12.42","21.44","21.75","-22.67","31.76","11.47","110.89","38.1","167","Industrial Products","Security and Safety Services","28.21",""
"Lennox International","LII","18568.57","533.58","441918","-3.19","-.46","6.24","42.22","1.06","-2.73","15.15","664.54","437.87","48","Construction","Building Products - Air Conditioner and Heating","14.89","2"
"Liberty Latin America","LILA","1480.29","7.35","891127","-1.87","39.21","-9.82","62.65","-8.53","-.33","-11.2","8.87","4.8","201","Computer and Technology","Wireless National","-11.2","4"
"Liberty Global","LILAK","1472.23","7.31","1879683","-1.88","37.92","-12.46","60.8","-9.88","-.33","-11.2","8.94","4.79","201","Computer and Technology","Wireless National","-11.2",""
"Linde PLC","LIN","236744.92","512.05","2105425","-2.29","-.9",".25","78","10.44","2.97","22.83","546.64","389.38","95","Basic Materials","Chemical - Specialty","20.44","3"
"Lincoln Educational Services","LINC","1303.09","41.08","592856","-23.74","-16.72","3.16","61.46","56.44","17.76","5.36","55.68","17.8","100","Consumer Discretionary","Schools","4.11","3"
"Lindblad Expeditions","LIND","1809.77","27.6","1074753","4.19","8.02","50.74","89.13","76.03","19.59","-.53","29.57","11.45","84","Consumer Discretionary","Leisure and Recreation Services","-2.86","1"
"Lineage, Inc.","LINE","9840.09","43.22","952542","-1.44","7.01","19.62","85.86","13.57",".28","-2.72","45.1","31.8","64","Finance","REIT and Equity Trust - Other","-2.72","3"
"Lionsgate Studios Corp.","LION","3978.77","13.69","2824971","3.01","-9.99","11.85","74.51","37.9","-17.64","-1.12","16.4","5.77","67","Consumer Discretionary","Media Conglomerates","-7.54","1"
"Lumentum","LITE","59559.79","765.55","4328235","-.34","-14.36","-10.95","69.84","91.02","21.03","20.87","1053.09","99.63","39","Computer and Technology","Communication - Components","17.61","2"
"LivaNova","LIVN","4351.29","79.21","661798","-4.54",".64","24.92","88.76","18.4","10.75","15.43","84.03","41.13","178","Medical","Medical - Instruments","7.48","2"
"Luckin Coffee","LKNCY","9191.59","32.05","1199848","3.15","-.22","3.32","28.52","-12.01","48.92","7.99","43.03","27.67","81","Consumer Staples","Beverages - Soft drinks","6.74","3"
"LKQ","LKQ","6379.96","25.04","2476040","-1.46","-1.46","-19.67","3.55","-23.75","-4.9","5.47","38.61","24.54","190","Auto-Tires-Trucks","Automotive - Replacement Parts","3.71","3"
"Eli Lilly","LLY","1080083.25","1146.9","2879340","-2.96","4.07","32.09","85.46","-1.85","44.7","36.58","1235.56","625.65","230","Medical","Large Cap Pharmaceuticals","34.98","3"
"LeMaitre Vascular","LMAT","2323.69","101.69","327614","1.4","14.76","-11.2","58.27","15.32","13.53","23.11","117.39","79.77","167","Medical","Medical - Products","24.35","3"
"Lemonade","LMND","5181.56","67.45","1437217","-4.49","17.28","2.82","51.7","-12.85","40.15","-16.44","96.57","36.28","167","Finance","Insurance - Multi line","-16.44","3"
"Lockheed Martin","LMT","117481.38","509.54","1081171","-2.14","3.23","-.74","37.15","-3.11","5.64","8.7","676.7","410.74","90","Aerospace","Aerospace - Defense","6.38","2"
"Lincoln National","LNC","7956.38","41.61","1764168","1.86","10.43","10.75","65.03","-14.06","-1.25","8.71","46.46","32.59","200","Finance","Insurance - Life Insurance","9.17","3"
"Cheniere Energy","LNG","55520.77","264.95","2078282",".63","14.77","2.14","70.43","25.35","27.21","21.1","296.91","188.83","201","Oils-Energy","Oil and Gas - Exploration and Production - United States","7.23","1"
"Alliant Energy","LNT","19102.17","73.96","2283489","-3.48","1.02","2.13","72.52","4.63","9.57","18.78","78.03","63.22","154","Utilities","Utility - Electric Power","18.58","4"
"Lantheus","LNTH","6797.08","104.4","913162","-.94","-1.69","24.12","89.25","44.28",".5","26.05","110.94","50.11","167","Medical","Medical - Products","18.05",""
"Loar Holdings Inc.","LOAR","6547.16","69.93","827566","-2.77","-1.52","20.24","57.48","-5.42","23.2","21","81.9","53.75","79","Aerospace","Aerospace - Defense Equipment","12.64","3"
"Logitech International","LOGI","14919.82","101.78","1015369","-.43","-4.73","6.98","39.02","-6.6","6.28","17.69","126.69","85.84","100","Computer and Technology","Computer - Peripheral Equipment","14.69","3"
"Loma Negra Compania Industrial Argentina","LOMA","1329.18","11.39","382983","2.15","-4.37","5.46","71.12","-19.11","-9.74","4.38","13.12","7.13","197","Construction","Building Products - Home Builders","4.38","3"
"Grand Canyon Education","LOPE","3697.68","139.46","358458","-9.07","-1.83","-15.68","0","-22.88","7.07","22.97","220.55","139.46","100","Consumer Discretionary","Schools","19.54","4"
"Lowe's Companies","LOW","114782.35","204.71","2781088","-1.44","-4.52","-15.6","0","-21.93","3.12","7.87","287.39","204.71","82","Retail-Wholesale","Retail - Home Furnishings","7.51","4"
"Dorian LPG","LPG","1843.51","43.09","690277","7.35","7.75","13.51","80.54","62.82","36.27","40.93","47.72","23.93","62","Transportation","Transportation - Shipping","40.22",""
"LPL Financial","LPLA","26231.18","327.96","971702","2.15","10.19","-.74","46.64","-15.55","37.18","9.12","399","265.86","26","Finance","Financial - Investment Bank","4.93","3"
"LightPath Technologies","LPTH","650.5","10.36","2960662","-6.07","-30.05","-25.95","48.72","-11.78","17.26","-12.64","18.15","2.96","71","Computer and Technology","Electronics - Miscellaneous Components","-37.38","3"
"LouisianaPacific","LPX","4982.76","71.32","1174879","-1.22","-5.84","-6.8","12.03","-18.78","-7.92","4.77","102.75","67.02","100","Construction","Building Products - Wood","3.2","4"
"Liquidia Corporation","LQDA","6854.58","77.08","1524492","8.24","2.11","106.43","93.47","105.54","1031.18","7.74","81.45","14.54","98","Medical","Medical - Biomedical and Genetics","7.74","1"
"Lam Research","LRCX","383625.19","306.76","12583451","-7.02","-25.1","18.23","62.61","64.81","23.68","31.14","433.33","94.84","47","Computer and Technology","Electronics - Semiconductors","30.94","2"
"Stride","LRN","3641.83","85.64","681248","-6.93","4.03","-12.43","22.63","21.3","17.9","15.4","169.81","61.02","100","Consumer Discretionary","Schools","12.15","3"
"Lattice Semiconductor","LSCC","17202.71","125.56","1825261","-3.96","-19.13","5.31","72.11","56.94","2.72","29.87","155.27","48.73","47","Computer and Technology","Electronics - Semiconductors","3.46","2"
"Lightspeed POS","LSPD","1428.72","10.37","845392","0","14.08","9.97","36.63","-21.05","13.95","5.04","13.83","8.37","85","Computer and Technology","Internet - Software","-11.77","4"
"Landstar System","LSTR","7164.62","211.17","440130","-.8","1.03","17.23","86.44","35.15","-1.57","3.48","225.37","120.68","7","Transportation","Transportation - Truck","2.62","3"
"LTC Properties","LTC","2145.53","41.92","618615","5.67","14.82","9.14","100","12.14","25.26","108.56","41.92","33.98","64","Finance","REIT and Equity Trust - Other","38.99","3"
"Life Time Group Holdings","LTH","9462.84","42.51","2994121","2.51","13.88","62.44","98.19","47.09","14.28","11.43","42.84","24.59","84","Consumer Discretionary","Leisure and Recreation Services","12.56","3"
"LATAM Airlines Group","LTM","14854.97","51.74","708638","-2.98","-7.16","5.48","38.82","-11.9","12.95","11.03","68.46","41.13","75","Transportation","Transportation - Airline","11.03","1"
"Lantronix","LTRX","233.99","5.32","1295684",".19","-16.75","-19.88","43.71","-16.51","-23.33","4.19","8.45","2.89","174","Computer and Technology","Computer - Networking","-5.52","3"
"lululemon athletica","LULU","13845.21","116.67","2881682","-3.02","10.66","-20.6","8.79","-48.37","4.86","13.03","233.31","105.43","174","Consumer Discretionary","Textile - Apparel","13.03","5"
"Lumen Technologies","LUMN","6573.38","6.38","13122769","-1.09","-21.14","-28.64","32.96","-24.48","-5.39","-3.83","11.83","3.7","233","Utilities","Diversified Communication Services","-14.34","3"
"Intuitive Machines, Inc.","LUNR","3001.4","13.83","10395930","-8.71","-37.11","-47.21","15.35","-21.63","-7.87","-15","45.7","8.05","90","Aerospace","Aerospace - Defense","-32.69","3"
"Southwest Airlines","LUV","23627.32","48.34","5671177",".88","-.47","26.55","74.9","7.57","2.11","2.83","54.8","29.06","75","Transportation","Transportation - Airline","2.83","3"
"Las Vegas Sands","LVS","30355.42","45.81","4028233","-.2","-4.16","-15.9","4.17","-35.27","15.22","16.55","69.49","44.78","182","Consumer Discretionary","Gaming","13.41","4"
"Lamb Weston","LW","6434.19","46.6","1464510","-.81","6.68","7.57","28.91","2.31","-.25","6.48","66.57","38.48","197","Consumer Staples","Food - Miscellaneous","4.61","3"
"LXP Industrial Trust","LXP","3587.26","60.85","687745","11.3","13.02","19.97","100","12.87","-2.3","27.05","60.85","38.75","100","Finance","REIT and Equity Trust - Residential","27.05","2"
"Lsb Industries","LXU","815.79","11.34","740029",".71","2.07","-22.12","43","22.7","17.77","7.16","16.88","7.16","156","Basic Materials","Chemical - Diversified ","7.16","3"
"LyondellBasell Industries","LYB","19602.72","60.73","5167776","4.13","3.78","-14.49","46.01","28.99","-25.18","2.04","82.38","42.28","156","Basic Materials","Chemical - Diversified ","-2.68","3"
"Lyft","LYFT","5858.5","15.43","10923299","-1.53","8.51","6.49","23.32","-26.74","9.16","3.2","24.57","12.65","100","Computer and Technology","Internet - Services","43.82","5"
"Lloyds Banking Group","LYG","85654.66","5.88","17925980","-.17","2.44","10.32","82.13","2.03","-41.55","25.11","6.25","4.18","100","Finance","Banks - Foreign","25.11","3"
"LSI Industries","LYTS","858.7","23.39","318383","-1.52","-10.18","3.22","64.29","17.42","22.09","3.91","26.8","17.25","100","Construction","Building Products - Lighting","3.91","3"
"Live Nation Entertainment","LYV","42601.04","180.86","2206344","-1.3","6.04","15.57","90.6","16.73","8.83","1.54","186.59","125.61","190","Consumer Discretionary","Film and Television Production and Distribution",".15","5"
"LegalZoom.com","LZ","1321.69","7.7","2687471","-.26","40.51","19.19","38.95","-28.69","10.88","14.43","11.18","5.48","159","Industrial Products","Industrial Services","1.46","2"
"LaZBoy","LZB","1597.25","39.92","555292","2.97","-.18","11.1","84.57","-1.49",".83","5.91","41.85","29.34","23","Consumer Discretionary","Furniture","4.8","3"
"Macy's","M","6131.42","23.31","5016528","2.33","-5.47","16.49","81.15","-2.78","-1.67","2.89","25.96","11.9","100","Retail-Wholesale","Retail - Regional Department Stores","2.94","3"
"Mastercard","MA","483709.16","547.44","3530782","1.81","13.09","8.1","59.56","-11.81","16.42","47.47","598.96","471.55","85","Business Services","Financial Transaction Services","45.88","3"
"MidAmerica Apartment Communities","MAA","15561.81","133.71","1004935","-1.6","1.2","6.64","40.27","-11.47",".83","17.6","153.2","120.57","100","Finance","REIT and Equity Trust - Residential","17.6","3"
"The Macerich Company","MAC","7256.28","25.59","3222071","3.39","6.45","18.47","96.63","27.49","10.43","-17.75","25.92","16.14","90","Finance","REIT and Equity Trust - Retail","-18.22","3"
"Magnera Corporation","MAGN","483.3","13.5","407838","3.93","12.31","30.43","75.89","-17.99","46.5","-3.37","15.26","7.96","100","Construction","Engineering - R and D Services","-3.37",""
"Main Street Capital","MAIN","5076.31","54.59","624737","3.96","8.42","1.21","27.69","-16.86","4.69","62.75","67.54","49.63","212","Finance","Financial - SBIC & Commercial Industry","74.86","2"
"Mama's Creations, Inc.","MAMA","689.05","16.83","843898","-11.56","-7.17","19.11","69.85","14.74","39.23","3.63","20.65","7.98","197","Consumer Staples","Food - Miscellaneous","3.21","1"
"ManpowerGroup","MAN","2470","53.11","1752527","30.75","69.52","77.27","100","64.29",".58",".82","53.11","25.75","205","Business Services","Staffing Firms",".56","4"
"Manhattan Associates","MANH","9792.33","165.51","658124","4.55","28.53","20.07","41.69","-12.17","3.75","28.19","227.94","120.88","90","Computer and Technology","Computer - Software","19.68","2"
"Marriott International","MAR","96755.27","366.93","1472468","1.12","-4.49","1.74","75.81","8.77","4.33","10.62","402.54","255.35","207","Consumer Discretionary","Hotels and Motels","9.72","3"
"Marathon Digital","MARA","4449.43","11.67","44540984","-4.27","-21.41","4.38","30.66","19.52","38.2","-104.93","22.84","6.73","186","Finance","Financial - Miscellaneous Services","-234.83","3"
"Masco","MAS","15632.4","77.49","2140235","1.72","5.31","4.38","78.15","12.3","-3.4","11.17","82.77","58.6","100","Construction","Building Products - Miscellaneous","10.9","2"
"Mattel","MAT","4109.08","14.14","5078646","2.17","1.8","-3.94","11.97","-34.45","-.59","7.61","22.16","13.05","7","Consumer Discretionary","Toys - Games - Hobbies","9.27","3"
"Mativ Holdings, Inc.","MATV","439.29","7.97","534091","2.44","1.14","-17.15","19.45","-39.67",".3","2.65","15.05","6.26","95","Basic Materials","Chemical - Specialty","3.86","3"
"Matthews International","MATW","846.21","27.12","345415","1.84","3.83","-4.14","76.28","-4.51","-16.6","2.49","28.69","22.07","100","Consumer Staples","Funeral Services",".8","3"
"Matson","MATX","6609.8","218.41","329445","6.46","10.96","23.58","96.21","62.58","-2.26","12.92","223.55","88.05","90","Transportation","Transportation - Services","12.92","2"
"MediaAlpha","MAX","889.74","14.27","1025963","2.88","40.18","44.58","100","1.34","28.78","5.77","14.27","7.17","99","Business Services","Technology Services","3.37","5"
"MasterBrand, Inc.","MBC","1086.59","8.49","2253430","-3.63","-1.51","-9.1","24.29","-29.27","1.27","3.69","13.82","6.78","23","Consumer Discretionary","Furniture","-.07",""
"Mercedes-Benz Group AG","MBGYY","49339.19","12.81","877276","2.48","-.93","-11.1","9.64","-32.95","-5.08","3.74","18.06","12.25","167","Auto-Tires-Trucks","Automotive - Foreign","3.74","4"
"MBIA","MBI","325.47","6.39","314970","1.43","6.5","4.24","48.37","-17.92","90.48","-38.89","8.13","4.76","167","Finance","Insurance - Multi line","-172.22","3"
"Mobileye Global Inc.","MBLY","7530.75","8.95","6529331","-8.21","7.31","-.67","24.61","-21.16","14.51","15.84","16.27","6.56","100","Auto-Tires-Trucks","Automotive - Original Equipment","-203.97","1"
"Moelis & Company","MC","5266.96","67.04","824297","5.39",".15","-4.61","59.39","-10.31","26.98","15.82","77.75","51.38","26","Finance","Financial - Investment Bank","14.46","3"
"McDonald's","MCD","190159.8","267.64","4512703","-1.82","-.91","-7.78","4.05","-19.46","3.72","32.22","341.06","264.54","207","Retail-Wholesale","Retail - Restaurants","31.62","4"
"Mechanics Bancorp","MCHB","3584.48","16.19","503311","-.18","8.73","2.79","88.78","1.78","188.86","30.64","16.64","12.63","90","Finance","Banks - Southeast","21.71","3"
"Microchip Technology","MCHP","43717.61","80.51","11685204","-4.42","-21.61","-7.29","58.42","16.2","7.08","20.41","102.92","49.02","17","Computer and Technology","Semiconductor - Analog and Mixed","4.88","2"
"McKesson","MCK","97345.46","831.46","1068829","2.36","11.63",".38","51.22","-6.78","12.36","1.2","995.69","659.01","76","Medical","Medical - Dental Supplies","1.18","2"
"Moody's","MCO","88288.13","505.37","918312","1.95","12.98","9.69","73.12","-9.02","8.89","35.08","539.61","412.23","186","Finance","Financial - Miscellaneous Services","31.69","2"
"Mercury General","MCY","5887.81","106.3","304207","-3.68","3.05","8.3","88.88","3.94","9.44","12.53","111.12","67.78","154","Finance","Insurance - Property and Casualty","13.68","2"
"Pediatrix Medical Group, Inc.","MD","2111.35","25.71","802716","-1.65","9.31","9.92","89.1","10.54","-4.92","9.44","27.39","11.98","85","Medical","Medical Services","9.02","3"
"MongoDB","MDB","26008.47","323.36","1470756","-4.32","1.32","22.31","51.07","-29.14","22.79","17.55","440.6","201","85","Computer and Technology","Internet - Software","-1.12","3"
"Madrigal Pharmaceuticals","MDGL","12350.69","535.69","418501",".88","4.45","3","78.55","-15.4","432.05","-27.32","602.83","289.88","100","Medical","Medical - Drugs","-27.32","3"
"Mondelez International","MDLZ","77365.57","60.27","9192149",".68","1.28","4.96","45.53","2.97","5.75","9.37","70.75","51.51","197","Consumer Staples","Food - Miscellaneous","6.64","3"
"Medtronic","MDT","106614.96","83.29","8058313","-.34","5.07",".45","30.19","-20.26","8.43","19.58","105.35","73.75","167","Medical","Medical - Products","13.2","4"
"MDU Resources Group","MDU","4272.21","20.87","1519439","-2.11","-1.56","-4.83","72.23","-1.67","6.66","10.51","22.8","15.85","189","Utilities","Utility - Gas Distribution","10.47","3"
"Mayville Engineering","MEC","596.38","29.1","532290","-11.36","-16.16","33.42","66.21","42.96","-6.04","-.07","37.54","12.56","100","Construction","Engineering - R and D Services","-2.93","3"
"Medpace","MEDP","15077.52","527.93","307301","-.43","15.86","25.29","70.27","-13.55","19.97","17.19","620.59","308.88","85","Medical","Medical Services","17.19","2"
"Methode Electronics","MEI","536.33","15.12","1003981","-4.42","8.46","90.67","70.08","109.42","-2.76","-3.73","19.42","5.05","100","Computer and Technology","Electronics - Connectors","-3.5","5"
"MercadoLibre","MELI","92898.54","1832.42","388220","-1.87","15.29","-.37","29.62","-16.33","39.06","6.04","2510.97","1546.81","166","Retail-Wholesale","Internet - Commerce","6.04","2"
"Methanex","MEOH","4231.83","54.7","985650","7.42","3.62","-9.97","66.87","26.65","-3.52","2.26","65.72","32.46","156","Basic Materials","Chemical - Diversified ","-1.25","2"
"MetLife","MET","59833.19","92.99","3197578","-.04","6.2","19.72","96.16","8.34","8.59","8.04","94","67.7","167","Finance","Insurance - Multi line","4.66","3"
"Meta Platforms","META","1633713.25","645.85","19212196","-1.66","14.54","-4.83","45.46","-10.02","22.17","36.51","790","525.72","85","Computer and Technology","Internet - Software","32.84","3"
"Ramaco Resources","METC","745.6","11.44","1450799","-9.42","-14.69","-21.05","0","-41.55","-19.46","-11.52","54.55","11.44","19","Oils-Energy","Coal","-11.52","5"
"MFA Financial","MFA","943.83","9.29","1628682","-1.28","-.75","-10.24","25","-8.23","2.91","58.74","10.4","8.92","197","Finance","REIT and Equity Trust","17.8",""
"Manulife Financial Corp","MFC","70629.73","42.5","1513206","2.93","5.35","10.16","93.4","7.74","12.17","12.41","43.39","29.9","200","Finance","Insurance - Life Insurance","10.19","5"
"Mizuho Financial Group","MFG","121532.48","9.84","3985422","-6.2","-3.05","18.98","83.92","23.63","1.78","15.45","10.66","5.56","100","Finance","Banks - Foreign","16.35","2"
"MidCap Financial Investment Corporation","MFIC","790.78","9.6","469320","-1.74","-1.44","-16.01","0","-22.82","6.33","45.22","13.45","9.6","186","Finance","Financial - Miscellaneous Services","1.9","3"
"Magna International","MGA","17664.2","66.06","1192800","3.11",".15","6.07","90.44","13.99","-1.93","4.26","68.73","40.79","100","Auto-Tires-Trucks","Automotive - Original Equipment","1.6","4"
"MGM Resorts International","MGM","11856.15","46.34","2733445","-1.91","-.49","14.28","78.22","16.8","1.72","4.72","50.69","30.72","182","Consumer Discretionary","Gaming","1.03","3"
"Magnite","MGNI","2716.79","18.97","2658819","-7.06","8.71","45.59","50.72","7.5","6.85","19.74","26.52","11.2","85","Computer and Technology","Internet - Software","21.96","3"
"MeiraGTx","MGTX","1130.76","12.21","1180196","-1.05","6.36","33.74","68.06","41.25","144.57","-151.12","14.66","6.99","98","Medical","Medical - Biomedical and Genetics","-151.12","2"
"Magnolia Oil & Gas Corp","MGY","4721.72","25.53","2891950","-4.38","-5.9","-12.93","38.58","7.26","-.31","24.8","32.36","21.24","201","Oils-Energy","Oil and Gas - Exploration and Production - United States","24.4","3"
"McGraw Hill, Inc.","MH","1834.34","9.59","963234","-8.84","4.58","-23.4","4.98","-46.55",".07","17.86","17.99","9.15","100","Consumer Discretionary","Schools","1.68","3"
"Mohawk Industries","MHK","6582.94","108","713267",".32","-1.77",".38","30.1","-9.13","-.48","5.29","139.75","94.33","43","Consumer Discretionary","Textile - Home Furnishing","3.77","2"
"The Middleby","MIDD","5857.99","129.56","695475","-3.97","-22.26","-9.23","26.48","-19.85","-17.39","12.73","179.2","111.68","56","Industrial Products","Manufacturing - General Industrial ","-11.46","2"
"Mirion Technologies","MIR","3949.13","15.77","3787680","-2.59","-14.94","-18.08","0","-38.07","7.5","12.66","29.75","15.77","99","Business Services","Technology Services","2.56","4"
"Mirum Pharmaceuticals","MIRM","7111.63","116.62","880095","-2.03","8.21","26.1","84.57","35.78","54.74","-5.47","128.57","51.12","98","Medical","Medical - Biomedical and Genetics","-140.24","2"
"Mitek Systems","MITK","844.47","18.7","975703","-3.51","8.03","32.81","87.47","63.02","4.42","27.55","20.14","8.65","100","Computer and Technology","Computer - Optical Imaging","8.74","3"
"McCormick & Company","MKC","14044.81","52.24","4470571","-2.81","14.24","3.65","24.4","-29.46","1.73","11.55","72.81","45.6","197","Consumer Staples","Food - Miscellaneous","21.91","4"
"MKS Inc.","MKSI","21903.21","324.28","1468229","-7.88","-22.89","16.5","66.07","86.63","9.62","14.1","444.8","89.62","66","Computer and Technology","Electronics - Miscellaneous Products","8.06","1"
"MarketAxess","MKTX","4084.19","114.92","565784","-.39","-1.88","-28.23","5.57","-41.69","3.57","32.62","213.74","109.09","26","Finance","Financial - Investment Bank","35.53","3"
"Melco Resorts & Entertainment Limited","MLCO","2127.84","5.48","3306490","1.11","3.4","-1.97","6.25","-33.42","11.32","5.88","10.13","5.17","182","Consumer Discretionary","Gaming","4.33","4"
"Mueller Industries","MLI","13040.7","58.97","1731526","4.48","-15.46","-13.6","60.18","-5.52","10.87","18.76","70.42","41.67","216","Industrial Products","Metal Products - Procurement and Fabrication","19.37",""
"MillerKnoll","MLKN","1472.11","21.53","946759","6.22","36.53","25.39","85.19","8.32","4.68","3.35","22.86","13.88","23","Consumer Discretionary","Furniture","2.38","3"
"Martin Marietta Materials","MLM","33242.61","553.62","593900","-2.76","-9.22","-9.21","11.95","-18.23","-5.91","15.85","708.11","532.65","174","Construction","Building Products - Concrete and Aggregates","38.67","3"
"3M","MMM","82986.57","159.11","3052082",".89","-2.52","9.15","53.61","-8.6","1.52","18.26","174.61","141.2","160","Conglomerates","Diversified Operations","11.14","2"
"Maximus","MMS","3043.66","57.93","745350","-.74","7.2","-10.92","9.23","-38.28","2.36","8.1","98.93","53.76","5","Business Services","Government Services","7.02","2"
"Merit Medical Systems","MMSI","4484.25","75.17","774120","2.61","13.04","11.48","45.21","-21.57","11.75","15.24","93.18","60.31","76","Medical","Medical - Dental Supplies","9.03","4"
"MakeMyTrip Limited","MMYT","5921.39","53.22","1096780","-6.76","15.47","12.73","25.29","-40.4","6.71","16.39","103.21","36.3","69","Computer and Technology","Internet - Delivery Services","4.96","1"
"monday.com","MNDY","3926.59","76.75","948591","-11.62","9.08","12.83","7.69","-52.16","26.75","17.77","292.24","58.81","85","Computer and Technology","Internet - Software","9.17","3"
"Monro Muffler Brake","MNRO","524.64","16.79","754790","1.7","9.38","-4.06","34.64","-22.95","-3.19","1.21","23.81","13.07","69","Consumer Discretionary","Consumer Services - Miscellaneous",".19","5"
"MINISO Group Holding Limited","MNSO","3961.58","12.79","668674","12","10.83","-14.39","9.72","-37.27","31.71","11.67","26.63","11.3","62","Retail-Wholesale","Retail - Apparel and Shoes","9.03","5"
"Monster Beverage","MNST","93350.88","95.45","5891749","-1.67","2.61","24.19","89.1","14.5","10.7","24.38","99.94","58.75","81","Consumer Staples","Beverages - Soft drinks","23.11","3"
"MNTN Inc.","MNTN","535.09","8.77","1446527","-15.92","9.9","-11.95","4.18","-32.45","28.6","15.52","31.47","7.78","99","Business Services","Technology Services","7.84","3"
"Altria Group","MO","124674.09","74.66","7055966","3.88","7.41","13.12","100","19.08","-3.08","45.49","74.66","54.72","216","Consumer Staples","Tobacco","34.34","2"
"Modine Manufacturing","MOD","12102.06","227.88","1687535","-2.73","-22.9","-6.97","62.94","56.98","23.13","8.46","306.89","93.71","100","Auto-Tires-Trucks","Automotive - Original Equipment","3.82","2"
"Moog","MOG.A","12545.02","395.96","310097","1.01","-1.82","28.63","87.71","49.52","6.97","7.82","425.85","182.56","79","Aerospace","Aerospace - Defense Equipment","6.83","3"
"Molina Healthcare","MOH","11967.89","229.71","1057320","-5.42","16.36","28.17","89.05","21.74","11.75",".82","242.88","122.65","23","Medical","Medical - HMOs",".42","3"
"Momo","MOMO","645.39","6","604696","-1.96","8.7","-2.6","16.76","-15.75","2.44","9.04","8.98","5.4","85","Computer and Technology","Internet - Software","7.27",""
"Morningstar","MORN","6531.69","171.76","418146","-1.03","11.96","-3.38","20.05","-27.31","7.49","17.73","291.06","141.84","28","Business Services","Business - Information Services","16.06",""
"The Mosaic Company","MOS","7115.29","22.41","7962375",".45","1.86","-3.49","14.74","-14.45","8.36","4.66","37.39","19.82","179","Basic Materials","Fertilizers",".36","5"
"MP Materials","MP","8135.61","45.7","4558285","-7.68","-24.2","-29.61",".86","-16.81","10.1","-5.61","98.65","45.24","211","Basic Materials","Mining - Miscellaneous","-28","3"
"Marathon Petroleum","MPC","92050.55","315.31","2099560","6.21","27.51","38.78","100","78.31","-3.7","2.78","315.31","158.59","40","Oils-Energy","Oil and Gas - Refining and Marketing","3.36","3"
"MPLX LP","MPLX","57971.74","57.13","1190195","-.14",".4","4.61","82.06","-1.55","8.92","36.38","59.17","47.8","216","Oils-Energy","Oil and Gas - Production and Pipelines","36.38","3"
"Monolithic Power Systems","MPWR","65283.95","1328.8","1092767","2.9","-13.6","-16.3","63.1","34.83","26.43","30.97","1689.89","711.24","17","Computer and Technology","Semiconductor - Analog and Mixed","22.84","2"
"Marqeta","MQ","1861.49","17.56","1176122","6.88","16.75",".92","20.52","-15","23.25",".33","27.32","15.04","85","Business Services","Financial Transaction Services",".33","4"
"Murata Manufacturing","MRAAY","87538.58","23.94","815776","-13.57","-37.44","55.05","53.85","113.76","6.24","12.8","38.27","7.22","100","Industrial Products","Manufacturing - Electronics","12.8","2"
"EVERSPIN TECH","MRAM","338.35","14.43","1418223","-14.77","-43.48","4.49","22.3","43.01","9.52","13.02","44.01","5.94","99","Business Services","Technology Services",".5",""
"Mercury Systems","MRCY","5687.9","94.73","740125","-3.59","-15.24","22.93","57.86","19.33","9.19","7.17","126.21","51.51","79","Aerospace","Aerospace - Defense Equipment","-1.46","3"
"Merck & Co.","MRK","307246.16","124.4","9765344",".3","7.72","12.85","90.07","8.69","1.31","20.9","129.56","77.6","230","Medical","Large Cap Pharmaceuticals","13.59","4"
"Moderna","MRNA","23604.82","59.49","8103912","-11.22",".24","22.16","62.47","85.53","-39.93","-104.14","81.8","22.36","98","Medical","Medical - Biomedical and Genetics","-143.55","3"
"Marsh","MRSH","87971.77","182.1","2464166",".31","13.73","7.02","45.09","-9.73","10.32","17.79","212.28","157.32","196","Business Services","Business - Services","14.26","4"
"Marten Transport","MRTN","1421.28","17.42","727332",".06","2.96","15.82","90.3","40.78","-8.31","1.68","18.28","9.41","7","Transportation","Transportation - Truck","1.68","2"
"Maravai LifeSciences","MRVI","1804.75","6.99","3299019","9.91","33.14","89.95","95.21","97.8","-28.34","-24.38","7.24","2.03","167","Medical","Medical - Products","-51.07","3"
"Marvell Technology","MRVL","170533.52","194.94","29577962","-10.39","-36.68","23.22","52.19","110.97","42.09","30.33","316.43","62.31","47","Computer and Technology","Electronics - Semiconductors","28.99","3"
"Marex Group PLC","MRX","4567.34","62.62","951552","-3.48","-4.1","17.88","81.76","50.13","26.93","15.5","70.29","28.24","186","Finance","Financial - Miscellaneous Services","15.45","1"
"Morgan Stanley","MS","332712.47","210.94","5857367","-4.59","-7.11","10.92","80.32","9.28","11.54","25.83","228.55","139.09","26","Finance","Financial - Investment Bank","15.65","2"
"MSCI","MSCI","45508.01","625.11","679207",".79","7.62","5.77","85.82",".21","9.75","41.6","643.83","511.84","72","Finance","Financial - Investment Management","40.74","2"
"Morgan Stanley Direct Lending Fund","MSDL","1299.44","15.33","438836","-.78","2.47","1.79","25.29","-14.45","-4.52","44.25","19.79","13.82","212","Finance","Financial - SBIC & Commercial Industry","22.84","4"
"Microsoft","MSFT","2988385.25","402.29","43017956","2.89","9.51","-5.3","26.14","-23.5","14.93","37.93","542.07","352.83","90","Computer and Technology","Computer - Software","39.34","3"
"Madison Square Garden Entertainment Corp.","MSGE","3099.21","76.64","531926","2.2","1.75","19.34","90.34","30.79","-1.72","5.79","80.95","36.33","67","Consumer Discretionary","Media Conglomerates","4.81","3"
"Motorola Solutions","MSI","68129.57","410.43","937441","-1.83","4.64","-4.91","36.85","-1.53","8","22.13","490.3","363.83","48","Computer and Technology","Wireless Equipment","17.61","1"
"MSC","MSM","6934.44","124.17","892419",".15","5.76","19.2","96.72","35.79","-1.35","6.19","125.63","81.08","159","Industrial Products","Industrial Services","5.91","1"
"ArcelorMittal","MT","51033.75","65.85","1613350","-.11","3.29","11.55","85.94","32.9","-1.74","4.37","71.65","30.39","42","Basic Materials","Steel - Producers","4.71","3"
"Metalla Royalty & Streaming","MTA","675.04","7.22","434773","3","-.41","5.25","65.28","-14.65","99.57","-25.98","9.05","3.78","211","Basic Materials","Mining - Miscellaneous","-25.98","3"
"M&T Bank","MTB","36529.25","249.44","1113374","2.84","9.53","14.46","93.9","13.86","-1.67","30.71","254.04","178.63","23","Finance","Banks - Major Regional","22.72","2"
"Match Group","MTCH","9106.73","39.04","3485003","1.3","10.78","5.74","89.03","11.19",".22","25.81","40.29","28.9","85","Computer and Technology","Internet - Software","18.83","3"
"Matador Resources","MTDR","6639.81","53.47","1639468",".68","5.55","-12.62","57.61","15.87","5.46","19.61","65.45","37.19","201","Oils-Energy","Oil and Gas - Exploration and Production - United States","14.41","3"
"MGIC Investment","MTG","6200.9","29.32","1827231","3.17","11.48","1","89.2","-7.72",".49","59.61","29.86","24.86","167","Finance","Insurance - Multi line","59.63","4"
"Meritage Homes","MTH","4747.88","71.18","939370","-3.59","-5.19","2.08","47.01","-.51","-8.4","7.54","85.18","58.76","197","Construction","Building Products - Home Builders","6.86","2"
"Vail Resorts","MTN","5205.35","146.08","703283","-3.56","3.11","21.22","59.12","1.17","2.74","5.38","164.79","119.02","84","Consumer Discretionary","Leisure and Recreation Services","5.38","4"
"Materion","MTRN","5035","242.05","369345","-1.9","-12.83","33.32","73.49","79.06","6.04","6.09","297.39","88.63","211","Basic Materials","Mining - Miscellaneous","3.99","2"
"MACOM Technology Solutions","MTSI","20584.6","269.8","1801207","-8.31","-31.91","-3.45","51.99","44.87","32.58","28.14","409.68","118.35","17","Computer and Technology","Semiconductor - Analog and Mixed","16.46","2"
"METALLUS INC","MTUS","796.34","19.13","363384","-1.85","-2.94","-1.19","65.75","2.53","6.85","1.72","21.51","14.56","7","Basic Materials","Steel - Speciality",".24","3"
"MasTec","MTZ","26598.44","336.61","1272699","-6.55","-17.16","-12.77","61.92","42.42","16.22","3.82","437.51","172.51","48","Construction","Building Products - Heavy Construction","2.94","1"
"Micron Technology","MU","977444.63","865.46","49445304","-7.64","-28.56","64.99","68.6","178.88","48.85","57.41","1213.56","104.88","16","Computer and Technology","Computer - Integrated Systems","55.91","1"
"Mitsubishi UFJ Financial Group","MUFG","254087.67","21.41","3129794","-2.42","2.64","22.76","85.65","24.15","8.51","17.22","22.77","13.29","100","Finance","Banks - Foreign","16.65","3"
"Murphy Oil","MUR","5279.56","36.83","1840305","5.53","7","-6.43","71.32","8.39","-10.22","5.84","42.74","22.13","201","Oils-Energy","Oil and Gas - Exploration and Production - United States","3.02","3"
"Mnchener RckversicherungsGesellschaft","MURGY","73205","11.78","1369465","1.12","8.37","-8.11","41.34","-17.86","3.8","11.28","14.15","10.11","167","Finance","Insurance - Multi line","11.28","4"
"McEwen Inc.","MUX","983.32","16.46","1317071","-5.78","-13.69","-31.01","34.32","-18.22","13.23","31.4","29.05","9.88","211","Basic Materials","Mining - Miscellaneous","31.4","4"
"Mueller Water Products","MWA","3921.17","25.06","1235004","1.87","-3.21","-11.61","28.82","-3.24","8.75","15.11","30.37","22.91","56","Industrial Products","Manufacturing - General Industrial ","14.17","3"
"MaxLinear","MXL","6716.84","75.01","3622570","-16","-22.22","45.23","53.89","295.79","29.71","9.96","128.03","13.05","17","Computer and Technology","Semiconductor - Analog and Mixed","-25.96","3"
"Myers Industries","MYE","1136.86","30.27","606487","-.56","8.22","41.45","75.78","48.71","-1.26","6.34","35.31","14.5","100","Industrial Products","Rubber - Plastics","3.36",""
"Myriad Genetics","MYGN","559.13","5.92","1375189","1.02","31.56","22.57","51.19","-11.47","-1.56",".05","8.18","3.55","98","Medical","Medical - Biomedical and Genetics","-48.24","3"
"The Marzetti Company","MZTI","3024.37","110.29","308716","-3.35","5.32","-13.57","6.59","-38.31","2","9.56","189.18","104.72","197","Consumer Staples","Food - Miscellaneous","9.06",""
"NewAmsterdam Pharma Company N.V.","NAMS","3468.54","29.67","980415","-10.85","-3.73","-2.56","41.6","-22.21","-50.61","-837.79","41.45","21.28","100","Medical","Medical - Drugs","-943.23","3"
"Nordic American Tankers Limited","NAT","1304.38","6.16","4264924","1.15","-.81","9.03","91.82","64.69","-18.91","19.05","6.47","2.68","62","Transportation","Transportation - Shipping","24.19","3"
"NCR Atleos Corporation","NATL","3484","47.21","698713","3.83","8.35","7.69","95.76","13.93",".86","7.15","48.13","26.44","85","Computer and Technology","Internet - Software","3.98","3"
"Navient","NAVI","812.07","8.64","881171","2.49","9.78","-2.81","17.27","-38.88","-27.71","20.19","14.39","7.44","161","Finance","Financial - Consumer Loans","-1.94","3"
"National Bank","NBHC","2049.63","45.76","405048","2.46","7.04","5.88","88.51","10.72","-2.03","28.44","47.08","35.59","90","Finance","Banks - Southeast","17.14","3"
"Nebius Group N.V.","NBIS","46205.96","182.62","16889554","-13.25","-35.61","25.98","55.96","100.65","350.89","-52.99","286.69","50.4","46","Computer and Technology","Internet - Software and Services","95.27","1"
"Neurocrine Biosciences","NBIX","17395.15","173","1071651","-.63","7.04","35.11","86.86","12.18","21.45","22.95","180.55","123.1","100","Medical","Medical - Drugs","21.55","1"
"NBT Bancorp","NBTB","2721.7","52.33","389142","3.4","10.66","18.93","93.89","15.91","14.96","28.31","53.18","39.27","85","Finance","Banks - Northeast","19.59","4"
"Norwegian Cruise Line","NCLH","8948.06","19.49","14584920","-.71","-2.74","7.15","38.68","-19.69","3.67","10.88","26.94","14.79","84","Consumer Discretionary","Leisure and Recreation Services","5.66","2"
"nCino","NCNO","1964.28","17.93","3439157","3.05","22.89","1.93","20.99","-35.69","10.01","23.16","32.69","14.01","85","Computer and Technology","Internet - Software","2.17","1"
"Nasdaq","NDAQ","51956.23","91.87","4684763","2.98","11.21","1.59","62.25","-13.01","11.05","38.86","100.98","76.85","204","Finance","Securities and Exchanges","23.15","3"
"Nordson","NDSN","15892.99","285.24","367494","-.47","-3.33",".64","79.66","9.11","3.78","21.33","304.64","209.25","56","Industrial Products","Manufacturing - General Industrial ","18.19","2"
"Noble Corporation PLC","NE","6477.56","40.6","1693845","-2.85","-4.13","-24.25","51.97","32.22","7.45","3.32","54.37","25.7","82","Oils-Energy","Oil and Gas - Drilling","7.17","3"
"NextEra Energy","NEE","183510.06","88","10920955","-.43","2.23","-7.2","64.85",".81","10.74","28.42","97.88","69.77","154","Utilities","Utility - Electric Power","29.36","2"
"Newmont","NEM","95225.7","89.2","7622689","-4.19","-12.38","-23.16","42.2","-17.84","21.34","37.6","131.95","57.99","230","Basic Materials","Mining - Gold","33.87","4"
"NeoGenomics","NEO","1854.22","14.24","3371250",".92","27.14","65.39","91.08","11.36","10.11","2.24","15.16","4.84","98","Medical","Medical - Biomedical and Genetics","-13.3","3"
"Neogen","NEOG","2178.91","10.01","1777904","3.73","12.22","5.93","80.24","31.7","-3.2","7.21","11.33","4.65","167","Medical","Medical - Products","-69.93","3"
"National Energy Services Reunited","NESR","2746.07","27.23","2371943","-3.44","8.66","9.67","88.72","59.92","1.72","6.61","29.93","6","100","Oils-Energy","Oil and Gas - Mechanical and and Equipment","4.53","1"
"Cloudflare","NET","96291.28","272.42","3050134","1.07","24.75","28.28","92.32","27.08","29.85","16.25","281.75","160.19","85","Computer and Technology","Internet - Software","-3.73","1"
"Nexa Resources","NEXA","1591.91","12.02","689711","-12.77","-13.84","-17.22","61","24.91","8.51","6.42","16.72","4.67","211","Basic Materials","Mining - Miscellaneous","6.44","3"
"Nexxen International Ltd. Sponsored ADR","NEXN","567.34","10.08","458021","2.13","19.01","39.42","75","41.75","-.19","14.11","11.54","5.7","100","Business Services","Advertising and Marketing","4.85","2"
"Northfield Bancorp","NFBK","639.41","15.31","412197","4.72","6.47","9.83","100","23.19","4.44","29.69","15.31","9.99","85","Finance","Financial - Savings and Loan","1.77",""
"National Fuel Gas Company","NFG","7713.07","81.16","702740",".31","6.62","-8.66","25.82","-6.77","17.11","27.83","96.3","75.89","201","Oils-Energy","Oil and Gas - Integrated - United States","27.48","3"
"Netflix","NFLX","281482.31","67.6","49330668","-8.44","-7.24","-26.02","0","-33.69","15.85","23.55","127.42","67.6","100","Consumer Discretionary","Broadcast Radio and Television","28.22","3"
"National Health Investors","NHI","3841.82","79.26","995890","4.43","11.7","2.73","48.19","-4.55","12.07","36.86","91.02","68.32","64","Finance","REIT and Equity Trust - Other","36.86","5"
"Norsk Hydro ASA","NHYDY","17034.79","8.61","718064","-2.93","-14.8","-24.34","37.89","1.91","3.3","5.45","13.02","5.92","211","Basic Materials","Mining - Miscellaneous","3.11","5"
"NiSource","NI","21752.16","45.37","4863902","-3.61","-4.74","-5.91","61.79","-.08","21.76","13.99","49.08","39.37","154","Utilities","Utility - Electric Power","14.15","3"
"Nice","NICE","5922.61","101.34","457124","-2.07","20.54",".38","20.85","-17.55","7.68","25.01","170.37","83.15","85","Computer and Technology","Internet - Software","17.57","3"
"NIQ Global Intelligence plc","NIQ","3169.76","10.74","1439827","-2.98","33.92","-4.96","23.53","-40.1","5.68","2.55","19.74","7.97","100","Business Services","Advertising and Marketing","-7.78","3"
"NewJersey Resources","NJR","5909.97","58.56","675496","-1.1","6.84","4.98","95.18","16.78","13.35","16.61","59.29","44.13","189","Utilities","Utility - Gas Distribution","15.67","2"
"NIKE","NKE","64374.16","43.47","26697882","-.66",".65","-3.7","7.07","-37.25",".19","5.04","79.24","40.75","58","Consumer Discretionary","Shoes and Retail Apparel ","6.7","4"
"Nektar Therapeutics","NKTR","2190.69","64.84","1189776","-5.09","-1.31","-25.24","54.86","41.04","-43.89","-278.97","100.35","21.68","100","Medical","Medical - Drugs","-284.18","3"
"Annaly Capital Management","NLY","16634.02","22.7","7373585",".75","2.44","-.61","63.67","-6.63","23.12","157.11","24.4","19.72","197","Finance","REIT and Equity Trust","34.33","3"
"Newsmax Inc.","NMAX","1057.83","8.19","1023716","-2.5","16.17","37.19","28.97","-2.56","10.67","-44.16","15.62","5.16","100","Consumer Discretionary","Broadcast Radio and Television","-43.17","2"
"New Mountain Finance","NMFC","661.17","7","712148",".14","-.99","-14.22","3.29","-30.1","-12","43.2","10.82","6.87","212","Finance","Financial - SBIC & Commercial Industry","-18.65","3"
"NMI","NMIH","3238.68","42.63","613102","2.65","13.2","2.5","95.04","-3.88","8.52","53.79","43.01","35.35","154","Finance","Insurance - Property and Casualty","53.82","4"
"Nomura","NMR","27548.9","9.39","1121098","-2.39","4.22","21","82.53","2.93","1.62","7.64","10.04","6.32","26","Finance","Financial - Investment Bank","7.64","2"
"Newmark Group","NMRK","2753.46","15.51","1315330","2.78","4.94","-5.54","44.02","-17.74","19.61","12.37","19.58","12.31","157","Finance","Real Estate - Operations","4.3","3"
"NNN REIT, Inc.","NNN","9306.94","48.92","1649378","3.29","8.33","12.18","93.64","13.53","6.55","41.47","49.59","39.05","64","Finance","REIT and Equity Trust - Other","41.38","3"
"Northrop Grumman","NOC","74419.87","523.96","950642","-3.3","3.28","-8.92","10.27","-15.49","2.24","9.52","768.02","496.02","90","Aerospace","Aerospace - Defense","10.8","4"
"Northern Oil and Gas","NOG","2308.4","21.22","3648593","4.22","9.89","-21.03","28.63","-9.1","11.23","19.31","30.82","17.37","201","Oils-Energy","Oil and Gas - Exploration and Production - United States","-33.17","3"
"Nokia","NOK","57881.78","10.08","82754984","-13.77","-30.15","-6.32","47.11","43.28","8.16","9.18","16.85","4.05","48","Computer and Technology","Wireless Equipment","4.02","3"
"Nomad Foods Limited","NOMD","1656.53","11.85","1365550","3.22","19.94","23.31","30.36","-12.88","2.25","7.6","18.18","9.09","197","Consumer Staples","Food - Miscellaneous","4.43","3"
"NOV","NOV","7016.27","19.55","3532423","2.2","4.66","-6.1","80.15","15.03","-1.42","2.46","21.45","11.88","100","Oils-Energy","Oil and Gas - Mechanical and and Equipment","1.05","2"
"Novanta","NOVT","5419.9","143.55","551416","-4.16","-7.78","8.11","63.9","10.95","3.3","12.69","168.59","99.22","71","Computer and Technology","Electronics - Miscellaneous Components","5.35","3"
"ServiceNow","NOW","107945.7","104.7","19099844","-5.9","12.57","15.76","18.67","-37.14","20.88","27.47","199.24","83","68","Computer and Technology","Computers - IT Services","12.59","4"
"NPK INTL INC","NPKI","1219.42","14.44","1092263",".77","-5.74","-10.14","76.1","11.41","27.38","12.63","16.35","8.36","201","Oils-Energy","Oil and Gas - Exploration and Production - United States","13.71","3"
"ENPRO INC","NPO","6858.56","324.64","335579","-.42","-16.25","10.75","66.16","39.43","9.02","14.78","387.65","201.47","99","Business Services","Technology Services","3.7","2"
"Nordea Bank","NRDBY","65946.24","19.38","983918","2.16",".78","4.14","81.02","-5.84","-11.48","42.25","20.61","14.13","100","Finance","Banks - Foreign","22.82","3"
"NerdWallet, Inc.","NRDS","603.38","9.17","623622","-3.37","10.75","-15.79","19.04","-37.76","21.67","8.11","15.93","7.58","186","Finance","Financial - Miscellaneous Services","8.11","3"
"NRG Energy","NRG","27550.61","130.58","2432296","-6.38","-6","-18.46","15.67","-24.58","9.18","4.48","184.03","120.65","154","Utilities","Utility - Electric Power",".74","4"
"Nurix Therapeutics","NRIX","2356.88","22.71","1876688","0","21.77","37.72","87.96","10.1","53.95","-928.44","24.69","8.24","98","Medical","Medical - Biomedical and Genetics","-928.44","3"
"National Storage Affiliates Trust","NSA","3411.25","44.18","1054391","-1.95","-1.25","3.01","89.95","44.03","-2.26","10.48","46.04","27.53","64","Finance","REIT and Equity Trust - Other","10.48","3"
"Norfolk Southern","NSC","75232.25","334.97","934668","2.25","10.13","5.04","92.62","6.7",".47","23.01","340.16","269.81","187","Transportation","Transportation - Rail","21.91","3"
"Insight Enterprises","NSIT","3448.99","114.19","426975","-5.9","7.64","55.53","60.51","28.91","-5.22","4.06","146.66","64.43","4","Retail-Wholesale","Retail - Mail Order","2.17","1"
"Neostellar Capital Corp.","NSLR","284.59","10.75","303102","-1.47","-15.15","-18.68","38","4.73","-63.92","-876.96","14.91","8.2","100","Finance","Financial - Investment Funds","10695.73",""
"Insperity","NSP","1973.35","51.7","643732","6.84","51.57","53.64","76.59","22.8","3.51",".44","61.42","19.9","205","Business Services","Staffing Firms","-.37","5"
"NAPCO Security Technologies","NSSC","1287.97","36.05","361403",".87","-3.87","-21.78","36.69","-20.49","-3.81","25.94","47.23","29.57","167","Industrial Products","Security and Safety Services","18.7","3"
"NetApp","NTAP","31625.12","161.16","2814369","-1.69","1.8","48.62","77.1","38.4","5.37","23.61","181.08","94.11","26","Computer and Technology","Computer- Storage Devices","18.43","3"
"NetScout Systems","NTCT","2969.2","41.53","624419","-3.73","2.92","24.9","86.25","41.15","4.47","21.18","44.84","20.77","174","Computer and Technology","Computer - Networking","11.11","3"
"Nintendo","NTDOY","56433.48","10.96","4579067",".92","2.14","-11.47","5.24","-40.22","100.86","17.13","24.89","10.19","182","Consumer Discretionary","Gaming","18.33","4"
"NetEase","NTES","85676.27","134.2","925852","2.11","10.39","20.51","49.8","-10.32","11.65","32.68","159.34","109.26","46","Computer and Technology","Internet - Software and Services","29.85","1"
"Intellia Therapeutics","NTLA","1525.77","10.92","4668499","-16.13","-30.67","-16.26","14.44","11.71","16.92","-599.07","27.98","8.04","98","Medical","Medical - Biomedical and Genetics","-597.04","4"
"Nutanix","NTNX","14897.36","55.11","3599607","-.2","18.24","35.21","44.32","-1.95","18.11","19.29","81.12","34.41","68","Computer and Technology","Computers - IT Services","10.03","2"
"Nutrien","NTR","31886.65","66.66","2712269","-1.39","7.08","-7.89","42.97","-.67","3.52","8.65","83.94","53.64","179","Basic Materials","Fertilizers","8.58","3"
"Natera","NTRA","37612.66","262.63","1538449","-3.76","14.79","28.5","85.9","5.43","35.9","-8.82","283.8","133.66","85","Medical","Medical Services","-9.05","3"
"Northern Trust","NTRS","33822.94","182.78","886453","-.72","4.11","8.92","87.8","23.07","-10.99","23.01","191.13","122.72","23","Finance","Banks - Major Regional","12.84","2"
"NETSTREIT","NTST","2118.34","21.78","2923378",".51","12.15","6.24","90.63","13.55","19.79","5.29","22.26","17.14","64","Finance","REIT and Equity Trust - Other","5.29","3"
"Nu ","NU","67930.88","13.99","85166648","2.34","9.38","-4.44","33.38","-23.14","36.97","19.45","18.76","11.6","100","Finance","Banks - Foreign","18.2","4"
"Nucor","NUE","52548.95","230.74","1440189","-.97","-5.79","7.32","73.54","30.1","5.73","6.89","266.35","131.78","42","Basic Materials","Steel - Producers","6.82","2"
"Nu Skin Enterprises","NUS","258.77","5.33","724560","1.14","6.6","-28.74","4.94","-49.04","-14.26","4.13","12.84","4.94","174","Consumer Staples","Cosmetics","3.78","3"
"Nuvation Bio","NUVB","2179.75","6.26","9409049","8.49","8.68","37.28","55.13","-35.75","698.96","-102.06","9.54","2.23","98","Medical","Medical - Biomedical and Genetics","-102.06","3"
"Novavax","NVAX","1295.77","7.88","3747064","-11.56","-12.44","-2.35","33.4","7.84","64.69","2.43","11.19","6.22","98","Medical","Medical - Biomedical and Genetics","-14.73","1"
"NovoCure Limited","NVCR","1846.19","15.94","1441783","-.93","17.12","27.72","71.38","13.38","8.28","-25.66","18.31","10.03","98","Medical","Medical - Biomedical and Genetics","-25.66","4"
"NVIDIA","NVDA","4919376","203.28","131312552","-.12","-2.57","-6.15","54",".24","65.47","56.2","235.74","165.17","5","Computer and Technology","Semiconductor - General","62.97","1"
"Navigator Holdings","NVGS","1296.16","21","579136","2.54","-4.11","-1.27","66.73","11.51","3.58","17.26","24.29","14.4","62","Transportation","Transportation - Shipping","18.84","1"
"Nova Ltd.","NVMI","13767.43","433.17","541335","-4.32","-25.71","-18.32","53.19","21.31","30.96","32.45","605.65","237.16","47","Computer and Technology","Electronics - Semiconductors","29.21","2"
"Novo Nordisk","NVO","221508.66","49.61","10153978",".67","8.13","20.41","39.33","-10.33","11.1","35.22","71.7","35.29","230","Medical","Large Cap Pharmaceuticals","37.23","5"
"Novartis","NVS","285383.16","149.56","2183848","-2.48",".42","3.72","65.42","-.23","8.38","30.73","168.62","113.5","230","Medical","Large Cap Pharmaceuticals","24.87","3"
"Envista","NVST","4325.31","26.58","2471657","1.37","4.19","-.71","67.63","12.6","8.32","7.86","30.26","18.89","167","Medical","Medical - Products","2.41","3"
"nVent Electric","NVT","25031.09","154.78","1979290","-2.05","-16.04","9.22","73.06","39.6","29.51","14.27","184.34","74.63","71","Computer and Technology","Electronics - Miscellaneous Components","11.37","1"
"Navitas Semiconductor","NVTS","2697.05","11.54","16584848","-10.33","-51.31","-36.94","22.86","48.64","-44.88","-99.26","31.79","5.54","47","Computer and Technology","Electronics - Semiconductors","-330.67","3"
"Northwest Bancshares","NWBI","2256.17","15.42","1180457","2.46","5.69","14.31","94.28","18.18","16.23","26.49","15.67","11.3","85","Finance","Financial - Savings and Loan","14.72","3"
"NorthWestern","NWE","4421.2","71.88","446297","-1.8","2.74","-.84","92.77","2.43","6.39","13.72","73.42","52.11","154","Utilities","Utility - Electric Power","10.21","2"
"NatWest Group","NWG","70451.3","17.68","4570719","1.03",".97","12.83","75.78","-7.09","6.4","33.26","19.07","13.33","100","Finance","Banks - Foreign","19.11","4"
"Newell Brands","NWL","2177.61","5.125","13445483","-.29","1.89","22.61","61.43","26.7","-4.99","3.13","6.39","3.11","179","Consumer Staples","Consumer Products - Staples","-3.91","2"
"News Corporation","NWS","17633.26","32.21","1577905","2.55","15.36","5.43","68.91","-.02","-16.19","6.51","35.17","25.65","190","Consumer Discretionary","Film and Television Production and Distribution","12.92","3"
"News Corporation","NWSA","15487.27","28.29","4509086","2.02","14.95","7.12","68.25","-.39","-16.19","6.51","31.03","22.4","190","Consumer Discretionary","Film and Television Production and Distribution","12.92","1"
"Quanex Building Products","NX","811.09","17.66","374653","4","4.81","-14.4","56.73","5.6","43.81","4.34","22.55","11.25","100","Construction","Building Products - Miscellaneous","-13.85","2"
"NXP Semiconductors","NXPI","67455.22","267.18","3853480","-4.03","-17.34","12.8","55.89","13.2","-2.74","24.61","332.67","184.19","17","Computer and Technology","Semiconductor - Analog and Mixed","21.03","2"
"Nexstar Media Group, Inc.","NXST","5632.91","184.45","474434","5.12","12.46","-9.94","30.07","-16.46","-8.47","9.76","253.64","154.7","67","Consumer Discretionary","Media Conglomerates","3.23","3"
"Nextpower Inc.","NXT","15062.01","100.23","3994920",".56","-22.34","-18.23","45.25","5.82","20.28","19.31","156.4","53.8","57","Oils-Energy","Solar","16.46","1"
"The New York Times Company","NYT","12186.64","75.29","1553001",".33","4.45","-5.43","69.3","-.25","9.24","15.1","85.86","51.43","1","Consumer Staples","Publishing - Newspapers","13.18","1"
"Realty Income","O","60779.86","65.18","5529519","1.57","7.59","3.87","79.54","6.34","9.07","18.94","67.56","55.93","90","Finance","REIT and Equity Trust - Retail","18.94","2"
"Blue Owl Capital Corporation","OBDC","5394.84","10.87","3479380",".09",".74","-2.86","4.3","-19.57","15.94","40.83","15.1","10.68","186","Finance","Financial - Miscellaneous Services","20.21","3"
"Obsidian Energy","OBE","628.23","9.41","664275","4.44","2.39","-28.06","43.83","41.18","-28.06",".21","14.46","5.47","236","Oils-Energy","Oil and Gas - Exploration and Production - Canadian",".21",""
"Owens Corning","OC","11315.84","140.52","1361524","-.42","12.76","11.95","69.61","15.48","-7.95","8.69","158.96","98.28","100","Construction","Building Products - Miscellaneous","-5.43","3"
"OceanFirst Financial","OCFC","1142.21","19.83","1092524","3.61","9.56","4.98","86.03","1.6","-.75","21.63","20.4","16.32","85","Finance","Financial - Savings and Loan","10.04","3"
"Oaktree Specialty Lending","OCSL","1064.95","12.09","490085",".5","5.87","-1.95","33.59","-12.72","-17","46.19","14.68","10.78","186","Finance","Financial - Miscellaneous Services","16.66","4"
"Ocular Therapeutix","OCUL","1907.15","8.71","2424255","-11.84","-12.64","-8.51","19.83","-34.02","-18.47","-555.88","16.11","6.88","100","Medical","Medical - Drugs","-558.24","4"
"ODDITY Tech Ltd.","ODD","937.9","16.29","1336459","-1.57","32.33","4.76","10.09","-62.71","25.16","11.45","74.04","9.81","85","Computer and Technology","Internet - Software","6.97","5"
"Old Dominion Freight Line","ODFL","48198.73","231.76","1488889","-.49","5.58","5.09","86.14","35.94","-5.48","18.46","248.73","126.29","7","Transportation","Transportation - Truck","18.46","3"
"Orion S.A.","OEC","396.98","7.04","785219","17.33","-1.81","-5.63","37.52","22.63","-3.77",".51","11.52","4.35","95","Basic Materials","Chemical - Specialty","-4.98","4"
"OFG Bancorp","OFG","2112.92","50","371404",".06","5.95","9.1","91.65","12.21","3.29","28.94","51.17","37.15","85","Finance","Banks - Northeast","23.45","1"
"Orthofix Medical","OFIX","467.27","11.56","400838","-1.95","29.16","-6.17","35.85","-29.87","2.85","2.29","16.23","8.95","178","Medical","Medical - Instruments","-7.27","4"
"OGE Energy","OGE","10021.54","48.56","1345067","-.88","1.82","2.04","83.12","4.59","9.21","14.03","49.86","42.16","154","Utilities","Utility - Electric Power","14.03","2"
"Organon & Co.","OGN","3542.6","13.49","2190626","-.07",".67","2.51","99.11","73.04","-2.92","14.23","13.56","5.7","85","Medical","Medical Services","3.99","3"
"ONE Gas","OGS","4986.48","79.45","664902","-1.16","3.95","-9.41","39.38","-5.41","16.5","12.12","90.64","72.18","189","Utilities","Utility - Gas Distribution","11.77","3"
"Omega Healthcare Investors","OHI","14765.02","49.58","1721831","2.35","9.93","6.24","94.92","2.84","13.19","51.14","50.21","37.8","64","Finance","REIT and Equity Trust - Other","51.14","2"
"OI Glass","OI","1367.43","8.92","3432198","-7.08","-2.19","-15.77","11.58","-44.42","-1.61","3.05","16.63","7.91","28","Industrial Products","Glass Products","-2.91","3"
"Oceaneering International","OII","4271.09","42.82","1098485","-.93","18.32","12.71","97.98","63.88","4.62","6.47","43.28","20.47","158","Oils-Energy","Oil and Gas - Field Services","12.12","3"
"Oil States International","OIS","496.6","8.25","668573","-2.6","4.43","-26.34","35.44","12.07","-3.41","3.49","14.39","4.88","100","Oils-Energy","Oil and Gas - Mechanical and and Equipment","-17.03","3"
"ONEOK","OKE","58956.59","93.56","3320031","1.49","8.43","6.62","94.57","17.07","54.99","10.16","95.24","64.31","59","Oils-Energy","Oil and Gas - Production Pipeline - MLB","10.03","2"
"Okta","OKTA","25794.75","148.41","2998445","6.36","28.01","94.92","93.23","57.85","11.84","21.9","154.62","62.93","40","Computer and Technology","Security","8.24","2"
"Universal Display","OLED","3812.07","81.54","687374","4.62","-10.6","-14.15","4.87","-35.78",".45","34.08","151.92","77.94","71","Computer and Technology","Electronics - Miscellaneous Components","34.08","4"
"Ollie's Bargain Outlet","OLLI","4076.36","67.43","2489263","3.21","-8.16","-26.75","7.03","-43.42","16.62","9.09","140.8","61.88","179","Consumer Staples","Consumer Products - Staples","9.13","3"
"Olin","OLN","2526.25","22.18","3282183","4.87","2.97","-17.33","33.17","-2.07","3.68","-1.32","30.14","18.23","156","Basic Materials","Chemical - Diversified ","-1.89","3"
"Omnicom Group","OMC","23475.96","82.37","3665870","-.22","13.53","8.37","81.49","-6.19","10.09","10.16","85.8","67.27","100","Business Services","Advertising and Marketing",".32","3"
"Omnicell","OMCL","2056.56","45.22","657688","-3.13","16.91","20.17","74.83","-8.19","6.53","7.17","51.39","26.88","72","Medical","Medical Info Systems","1.67","3"
"Omada Health, Inc.","OMDA","1420.22","23.89","1194939","1.66","32.87","62.3","81.75","39.24","53.24","2.75","26.78","10.94","85","Medical","Medical Services","-2.22","3"
"OneMain","OMF","6954.96","60.2","1162097","1.6","3.38","2.07","49.48","-18.04","9.25","19.21","71.37","49.26","161","Finance","Financial - Consumer Loans","14.38","4"
"ON Semiconductor","ON","33978.01","86.7","12792279","-4.06","-34.09","-11.57","46.95","47.25","-15.35","16.29","133.93","44.9","17","Computer and Technology","Semiconductor - Analog and Mixed","9.46","3"
"Old National Bancorp","ONB","10242.75","26.51","4723762",".7","6","11.62","89.86","9.28","26.39","32.97","27.29","19.6","76","Finance","Banks - Midwest","18.9","3"
"BeOne Medicines Ltd. - Sponsored ADR ","ONC","34076.38","310.575","336196","2.18","14.27","3.91","42.92","-5.98","40.23","8.94","377.47","260.27","100","Medical","Medical - Drugs","8.94","3"
"ONDAS INC","ONDS","3639.99","6.87","90569760","-1.29","-22.72","-37.26","41.43","-35.26","605.28","-76.9","14.01","1.82","201","Computer and Technology","Wireless National","247.85","3"
"On Holding ","ONON","24025.03","37.65","4202214","-.71","3.98","4.79","25.81","-25.5","38.09","9.51","54.24","31.88","62","Retail-Wholesale","Retail - Apparel and Shoes","7.92","3"
"ONTERRIS INC","ONT","715.92","19.81","635821","-1.1","21.46","-5.85","32.06","-26.63","19.26","7.09","31.06","14.5","79","Business Services","Waste Removal Services",".71","3"
"Onto Innovation","ONTO","13855.57","278.54","1363528","-8.44","-19.93","-6.62","65.36","62.28","1.82","23.24","378.45","90","1","Computer and Technology","Nanotechnology","10.32","1"
"Ooma","OOMA","576.67","20.97","330596","2.74","21.21","27.09","100","64.42","6.52","11.5","20.97","10.58","39","Computer and Technology","Communication - Components","3.17","2"
"Option Care Health","OPCH","3415.35","21.75","2320359",".23","2.11","-22.13","13.06","-37.22","13.03","4.89","36.59","19.52","76","Medical","Medical - Outpatient and Home Healthcare","3.64","3"
"OppFi","OPFI","794.16","9.3","698373",".98","11.24","4.61","37.71","-18.23","13.52","18.79","12.24","7.52","85","Business Services","Financial Transaction Services","10.86","3"
"OPENLANE, Inc.","OPLN","4083.16","38.54","1108214","-2.5","0","21.58","76.72","19.02","8.16","8.66","42.9","24.17","100","Auto-Tires-Trucks","Automotive - Original Equipment","9.47","2"
"Opera Limited","OPRA","1753.45","19.58","325865","4.15","5.16","15.79","88.02","27.17","27.92","16.84","20.64","11.79","184","Computer and Technology","Internet - Content","17.72","3"
"Oportun Financial","OPRT","273.12","5.95","528011","4.2","10.19",".68","61.28","3.44","-4.5","5.97","7.1","4.13","186","Finance","Financial - Miscellaneous Services","1.87","2"
"Syntec Optics Holdings, Inc.","OPTX","298.47","7.41","574879","-10.51","-36.61","-21.17","47.9","138.28","-1.29","-10.95","14.11","1.25","99","Business Services","Technology Services","-10.95",""
"OR Royalties Inc.","OR","5255.74","28.06","1065879","-2.33","-17.2","-27.85","4.75","-27.08","45.1","64.87","47.73","27.08","211","Basic Materials","Mining - Miscellaneous","78.09","5"
"Ormat Technologies","ORA","6363.94","103.56","846493","-3.04","-20.06","-9.21","30.65","-13.78","12.49","15.12","145.1","85.2","95","Oils-Energy","Alternative Energy - Other","10.97","3"
"Oracle","ORCL","349631.56","121.38","38924104","-7.72","-30.67","-29.82","0","-42.73","17.35","33.16","328.33","121.38","90","Computer and Technology","Computer - Software","25.37","2"
"Old Republic International","ORI","10249.72","42.21","1425351",".4","8.01","4.92","59.47","-14.94","10.99","10.58","46.62","35.74","167","Finance","Insurance - Multi line","10.83","3"
"Orla Mining","ORLA","2992.83","8.65","2818660","-8.27","-15.45","-39.85",".31","-40.94","207.61","32.02","21.7","8.61","230","Basic Materials","Mining - Gold","19.45","3"
"O'Reilly Automotive","ORLY","70051.29","84.53","8674978","-3.15","-1.28","-8.09","7.17","-14.77","6.42","14.3","107.82","82.73","48","Retail-Wholesale","Automotive - Retail and Wholesale - Parts","14.3","4"
"Orion Group","ORN","513.28","12.68","485163","-5.02","-18.72","4.02","57.81","17.32","7.01","1.3","17.14","6.57","48","Construction","Building Products - Heavy Construction",".98","3"
"Old Second Bancorp","OSBC","1213.8","23.6","423505","2.34","6.88","15.86","96.18","11.31","17.51","29.7","23.88","16.56","76","Finance","Banks - Midwest","20.07","2"
"Oscar Health","OSCR","8924.19","29.6","5438455","-6.33","3.71","72.29","87.9","89.44","27.5","-.3","32.18","10.85","167","Finance","Insurance - Multi line","-.3","1"
"Octave Specialty Group, Inc.","OSG","276.38","6.14","481025",".16","8.1","35.54","35.83","-27.42","6.53","-1.71","10.08","3.94","167","Finance","Insurance - Multi line","-75.91","3"
"Oshkosh","OSK","8853.89","142","669056","-2.64","-.21","-5.78","39.44","3.95","-3.1","6","177.94","118.59","167","Auto-Tires-Trucks","Automotive - Domestic","5.54","4"
"ONESPAN","OSPN","575","15.51","367074","2.78","16.44","35.58","86.87","11.09","0","22.39","16.32","10.15","85","Computer and Technology","Internet - Software","28.47","3"
"One Stop Systems","OSS","305.8","12.36","1242183","-4.85","-32.05","24.22","51.38","58.32","-41.1","3.55","19.95","4.34","18","Computer and Technology","Computer - Micro Computers","12.44","3"
"OneSpaWorld","OSW","2642.81","26.05","945807","-.19","-3.87","9.27","71.75","15.52","7.37","10.95","28.68","19.37","84","Consumer Discretionary","Leisure and Recreation Services","7.85","3"
"Open Text","OTEX","5648.81","23.33","1419168","-1.02","16.59","3.64","16.87","-34.14","-10.42","20.21","39.69","20.01","90","Computer and Technology","Computer - Software","9.91","3"
"Blue Owl Technology Finance Corp.","OTF","4695.82","10.15","2158030","0","-3.15","-6.19",".89","-35.8","67.45","45.65","15.72","10.1","212","Finance","Financial - SBIC & Commercial Industry","32.78","3"
"Otis Worldwide","OTIS","28195.46","73.48","3239573",".08","1.38","-5.16","13.05","-22.64","1.19","10.77","101.07","69.34","56","Industrial Products","Manufacturing - General Industrial ","10.11","4"
"Ouster","OUST","2183.7","34.77","5033018","-13.14","-27.08","29.16","39.53","47.77","52.46","-29.16","62.52","16.63","71","Computer and Technology","Electronics - Miscellaneous Components","-30.12","2"
"OUTFRONT Media","OUT","5750.23","32.66","1654443","-1.48","4.48","7.5","92.77","24.64",".04","9.98","33.9","16.75","64","Finance","REIT and Equity Trust - Other","9.98","3"
"Ovintiv","OVV","16234.44","57.77","2854927","2.23","5.77","1.46","80.41","35.57","-2.67","15.71","63.08","35.97","236","Oils-Energy","Oil and Gas - Exploration and Production - Canadian","8.51","3"
"Blue Owl Capital","OWL","14535.23","9.35","18886824",".65","1.3","4.82","8.91","-42.44","25.04","48.97","20.8","8.23","72","Finance","Financial - Investment Management","2.96","4"
"Oxford Industries","OXM","607.54","40.69","433404","12.37","7.42","-7.63","45.11","9.42","-2.56","1.67","51.58","31.74","174","Consumer Discretionary","Textile - Apparel","-2.65","3"
"Occidental Petroleum","OXY","54893.89","55.19","9199971",".69","6.13","-3.63","59.55","23.44","-17.88","11.8","66.24","38.92","201","Oils-Energy","Oil and Gas - Integrated - United States","19.98","3"
"Bank OZK","OZK","5753.88","51.43","1260419","1.68","3.19","6.7","83.71","2.78","1.15","40.7","53.14","42.64","85","Finance","Banks - Northeast","25.27","3"
"Everpure, Inc.","P","23245.08","69.93","2582144","-7.21","-9.23","-5.46","34.9","-4.02","15.61","18.96","98.7","54.51","99","Business Services","Technology Services","5.75","2"
"Plains All American Pipeline","PAA","17151.48","24.31","1693808","3.27","13.18","11.11","100","24.49","-11.61","2.94","24.31","15.85","59","Oils-Energy","Oil and Gas - Production Pipeline - MLB","2.53","4"
"Pan American Silver","PAAS","17596.37","42.19","4087307","-1.19","-13.74","-23.61","36.4","-25.11","28.38","31.64","68.7","27.02","161","Basic Materials","Mining - Silver","31.66","5"
"Ranpak Holdings","PACK","561.17","6.56","477572","-5.61","-9.77","59.22","75.46","11.52","7.08","-9.28","7.64","3.24","185","Industrial Products","Containers - Paper and Packaging","-9.28","3"
"PACS Group, Inc.","PACS","7079.52","44.73","976804","3.37","18.43","26.82","96.36","7.16","29.32","4.49","46.13","7.71","85","Medical","Medical Services","4.49","2"
"Plains Group","PAGP","5131.65","25.93","1087360","2.73","11.05","10.86","99.78","24.59","-11.61",".34","25.95","16.85","216","Oils-Energy","Oil and Gas - Production and Pipelines",".43","5"
"PagSeguro Digital","PAGS","2598.47","9.29","2947595",".11","5.45","-9.37","36.24","-11.37","13.54","11.62","12","7.75","85","Business Services","Financial Transaction Services","10.4","4"
"Pangaea Logistics Solutions","PANL","469.02","7.17","481247","1.41","-4.4","-5.16","54.49","-4.15","17.8","3.96","9.35","4.56","62","Transportation","Transportation - Shipping","5.1","3"
"Palo Alto Networks","PANW","284157.91","348.66","7001392","5.56","21.74","90.63","95.38","74.08","14.87","25.94","358.68","141.67","40","Computer and Technology","Security","7.95","3"
"PAR Technology","PAR","675.61","16.38","1037690","-4.71","8.26","16.58","7.68","-58.48","30.16","1.89","71.23","11.82","85","Business Services","Financial Transaction Services","-16.04","3"
"Par Pacific","PARR","3889.19","77.56","897135","9.36","51.93","20.53","100","102.99","-6.39","6.35","77.56","27.09","40","Oils-Energy","Oil and Gas - Refining and Marketing","6.02","1"
"UiPath","PATH","6300.34","12.16","76410248","2.62","19.68","16.25","28.05","-31.77","12.65","24.31","19.29","9.38","85","Computer and Technology","Internet - Software","19.58","2"
"Patrick Industries","PATK","2874.87","87.4","970925","4.76","1.08","-9.26","7.45","-25.87","6.33","3.93","145.75","82.7","100","Auto-Tires-Trucks","Automotive - Original Equipment","3.46","4"
"Patria Investments Limited","PAX","737.74","11.09","761223","1.65","-1.07","-12.75","4.97","-35.81","2","57.5","17.59","10.75","72","Finance","Financial - Investment Management","18.08","3"
"Paymentus","PAY","3732.17","29.67","1447872","2.52","46.81","7","50.53","-13.62","37.25","7.36","38.93","20.21","85","Business Services","Financial Transaction Services","5.78","3"
"Paycom Software","PAYC","7130.9","149.71","817245","2.19","21.06","20.82","28.85","-13.6","8.95","24.95","238.8","113.59","85","Computer and Technology","Internet - Software","22.44","2"
"Payoneer Global","PAYO","2386.97","7.13","3752474",".42","1.57","39.8","90.79","16.68","7.68","7.5","7.42","4.27","85","Business Services","Financial Transaction Services","6.76","3"
"Paysign","PAYS","496.44","8.88","559329","-2.63","20.98","38.75","95.96","58.58","40.49","11.38","9.12","3.18","85","Business Services","Financial Transaction Services","11.38","3"
"Paychex","PAYX","40974.66","115.2","3383684","4.02","20.09","28.1","47.47","-5.56","16.88","30.48","147.99","85.57","85","Computer and Technology","Internet - Software","27.03","3"
"Prosperity Bancshares","PB","7360.38","72.98","1520128",".41","1.97","5.04","78.43","-2.88","-2.84","42.72","76.03","61.89","43","Finance","Banks - Southwest","29.5","3"
"Pembina Pipeline","PBA","29487.8","50.71","944695","2.13","9.24","17","96.33","22.54","3.29","22.74","51.29","35.5","216","Oils-Energy","Oil and Gas - Production and Pipelines","22.22","3"
"PBF Energy","PBF","7554","63.85","2924383","11.16","62.51","56.61","100","116.53","-11.42","-.74","63.85","21.68","40","Oils-Energy","Oil and Gas - Refining and Marketing","1.46","3"
"PRESTIGE CONSMR","PBH","2388.03","50.41","578462","3.24","10.89","-13.53","15.81","-24.85","-4.31","19.6","76.88","45.44","167","Medical","Medical - Products","17.48","4"
"Pitney Bowes","PBI","2507.02","18.51","2330208","2.1","7.99","17.6","100","61.05","-6.61","12.88","18.51","9.02","100","Computer and Technology","Office Automation and Equipment","8.92","3"
"Petroleo Brasileiro","PBR","117223.02","18.19","13851078","1.73","6.94","-13.22","63.39","41.17","-2.43","20.32","22.03","11.54","232","Oils-Energy","Oil and Gas - Integrated - International","21.67","5"
"Petroleo Brasileiro","PBR.A","104527.62","16.22","6173835","2.01","6.29","-14.59","59.43","32.36","-2.43","20.32","19.9","10.83","243","Oils-Energy","Oil and Gas - Integrated - Emerging Markets","21.67",""
"Puma Biotechnology","PBYI","422.46","8.3","395075","2.72","8.36","10.52","95.79","28.29","-.91","13.73","8.53","3.07","98","Medical","Medical - Biomedical and Genetics","10.69","3"
"PACCAR","PCAR","65433.17","124.33","2845599",".06","3.5","-2.26","85.92","4.41","-15.5","9.69","129.48","92.91","167","Auto-Tires-Trucks","Automotive - Domestic","8.91","3"
"PG&E","PCG","46711.85","17.43","15146131",".35","4.81","6.35","71.28","-.25","2.11","14.3","19.11","13.26","154","Utilities","Utility - Electric Power","11.44","4"
"Procore Technologies","PCOR","6981.69","46.27","3223992","5.09","18.67","-16.86","19.3","-41.5","14.83","16.5","79.6","38.3","85","Computer and Technology","Internet - Software","-5.61","4"
"Pacira BioSciences","PCRX","997.47","25.35","472533","-.74","11.63","-.78","76.8","-9.91","3.63","15.89","27.22","19.16","98","Medical","Medical - Biomedical and Genetics",".7","3"
"Paylocity Holding","PCTY","6815.62","127.29","725726","2.24","27.92","25.56","33.79","-23.24","13.74","25.69","190.36","95.1","85","Computer and Technology","Internet - Software","14.94","2"
"PagerDuty","PD","797.45","10.34","1708948","-4.61","25.49","53.41","40.3","-27.46","5.36","22.57","17.17","5.73","85","Computer and Technology","Internet - Software","38.6","2"
"PDD Holdings Inc. Sponsored ADR","PDD","122483.27","86.05","7786448","1.76","10.16","-12.61","19.67","-30.21","14.45","23.52","138.13","73.3","166","Retail-Wholesale","Internet - Commerce","21.86","3"
"PDF Solutions","PDFS","1951.34","48.88","687405","-7.41","-24.74","18.24","57.72","57.57","22.04","18.05","70.79","18.97","59","Computer and Technology","Computer - Services","3.1","4"
"Piedmont Realty Trust, Inc.","PDM","1207.68","9.66","1091930","2.55","7.21","17.23","93.7","6.53","-.93","-15.28","9.88","6.39","64","Finance","REIT and Equity Trust - Other","-15.28","2"
"Palladyne AI Corp.","PDYN","232.94","5.01","1588860","-2.72","-26","-19.71","10.08","8.16","-32.62","-434.93","12.68","4.15","99","Business Services","Technology Services","-358.04","4"
"Pebblebrook Hotel Trust","PEB","2189.16","19.31","2311364","5.4","3.15","36.37","99","56.88","1.53","-4.18","19.41","9.39","64","Finance","REIT and Equity Trust - Other","-4.18","1"
"Phillips Edison & Company","PECO","5506.27","43.77","1050745","3.84","6.52","8.93","97.81","13.17","9.86","15.61","44.01","33.04","90","Finance","REIT and Equity Trust - Retail","15.61","2"
"Public Service Enterprise Group","PEG","38784.36","77.83","2964153","-3.78","-3.45","-2.97","10.15","-10.86","18.25","16.33","90.14","76.44","154","Utilities","Utility - Electric Power","17.69","2"
"Pegasystems","PEGA","5295.91","31.69","2275747","-.78","7.86","-13.82","7.83","-51.2","16.61","19.29","66.64","28.72","90","Computer and Technology","Computer - Software","20.04","3"
"Penumbra","PEN","12507.79","318.01","364649","-.29",".57","-3.04","69.08","-5.93","17.5","10.38","359.4","225.54","178","Medical","Medical - Instruments","11.76","5"
"Penguin Solutions, Inc.","PENG","2727.65","53.23","5045123","-31.06","-21.65","83.24","56.78","150.28","16.91","9.62","81.39","16.24","85","Computer and Technology","Internet - Software","6.44","1"
"PENN Entertainment, Inc.","PENN","2841.5","21.23","3703751","3.66","1.92","19.07","91.94","32.37","5.82",".13","22.06","11.76","182","Consumer Discretionary","Gaming","-13.55","1"
"PepsiCo","PEP","184888.2","135.46","9158307","-2.19","-3.73","-12.1",".17","-13.2","2.25","11.82","170.49","135.4","81","Consumer Staples","Beverages - Soft drinks","10.78","4"
"Perion Network","PERI","375.81","9.63","379351","3.22","11.72","-7.76","51.61","-7.55","-11.71","11.5","11.43","7.71","184","Computer and Technology","Internet - Content","-2.17","3"
"PermaFix Environmental Services","PESI","349.22","16.47","575679","15.58","49.86","29.89","89.32","20.31","4.33","-24.88","17.46","8.19","43","Industrial Products","Pollution Control","-30.06",""
"Pfizer","PFE","141061.25","24.75","47342184","1.1","-1.32","-7.61","27.76","-8.59","-1.65","27.58","28.55","23.29","230","Medical","Large Cap Pharmaceuticals","11.83","3"
"Principal Financial Group","PFG","24206.35","112.06","1440075","-1.36",".75","12.35","95.08","16.83","-3.11","12.26","113.95","75.53","167","Finance","Insurance - Multi line","10.1","3"
"Performance Food Group","PFGC","17173.06","109.32","1630797","-3.52","6.54","23.29","82.07","11.81","8.61","1.06","115.5","81.03","216","Retail-Wholesale","Food - Natural Foods Products",".49","4"
"PennantPark Floating Rate Capital","PFLT","700.48","7.06","1183306","-.84","-2.62","-18.48","0","-29.96","40.28","39.29","10.82","7.06","72","Finance","Financial - Investment Management","23.08","3"
"Provident Financial Services","PFS","3115.8","23.91","1008577","1.7","3.91","4.82","90.56","11.34","21.25","34.57","24.55","17.77","85","Finance","Financial - Savings and Loan","21.95","3"
"PennyMac Financial Services","PFSI","4339.88","83.58","521663","2.58","4.72","-8.04","5.03","-41.7","28.41","21.33","159.46","79.56","213","Finance","Financial - Mortgage & Related Services","23.47","5"
"Procter & Gamble","PG","347264","149.13","8805381",".51",".98",".49","38.03","-4.3",".29","19.45","167.2","138.04","179","Consumer Staples","Consumer Products - Staples","19.16","4"
"Precigen","PGEN","1807.51","5.07","4575771","-1.93","-5.76","28.03","80.68","11.55","146.73","262.49","5.92","1.52","98","Medical","Medical - Biomedical and Genetics","-647","4"
"Progyny","PGNY","2488.62","31.77","1153193","-.66","20.89","72.57","96.33","13.78","10.4","13.08","32.36","16.3","85","Medical","Medical Services","5.23","1"
"The Progressive","PGR","124013.72","212.23","3565237","-9.49","2.34","5.07","35.05","-14.29","16.32","12.08","252.68","190.4","154","Finance","Insurance - Property and Casualty","12.84","3"
"Pagaya Technologies Ltd.","PGY","1416.26","17.09","3697846","-2.84","13.25","28.59","19.44","-24.8","26.07","21.79","43.81","10.64","186","Finance","Financial - Miscellaneous Services","7.39","3"
"ParkerHannifin","PH","119881.68","950.79","553001","-.05","-1.18","-2.42","77.84","-.52","-.4","18.8","1023.02","697.13","56","Industrial Products","Manufacturing - General Industrial ","16.58","3"
"Phathom Pharmaceuticals","PHAT","849.4","10.65","1111064","-2.43","-.37","-8.11","27.51","-40.96","216.93","-42.99","18.08","7.83","98","Medical","Medical - Biomedical and Genetics","-76.77","3"
"Koninklijke Philips","PHG","26292.17","26.75","858544","-2.16","-.85","-2.87","26.4","-9.15","3.44","8.25","32.91","24.54","167","Medical","Medical - Products","5.49","5"
"PHINIA Inc.","PHIN","2857.62","77.19","383958",".01","-5.09","7","78.68","13.24","2.35","5.89","85.16","47.77","100","Auto-Tires-Trucks","Automotive - Original Equipment","3.96","3"
"PulteGroup","PHM","23464.11","123.18","1703803","-.46","-1.94","-3.98","42.85","-3.39","-3.54","12.51","142.56","108.65","197","Construction","Building Products - Home Builders","12.14","3"
"Phreesia","PHR","660.15","10.68","913654","-3.17","19.73","11.02","10.7","-41.95","14.48","3.4","32.55","8.06","72","Medical","Medical Info Systems","1.85","2"
"Impinj","PI","4194.84","137.72","325633","-5.68","4.66","12.77","30.8","-27.21","-1.37","17.24","241.91","91.34","47","Computer and Technology","Electronics - Semiconductors","-7.66","3"
"Polaris","PII","4141.31","72.8","798217","8.77","5.88","19.25","96.36","5.86","-.33",".8","73.78","46.86","167","Auto-Tires-Trucks","Automotive - Domestic","-6.13","3"
"Pinterest","PINS","12777.19","22.81","11852250",".93","16.97","12.2","31.12","-18.97","15.79","25.52","39.17","15.42","85","Computer and Technology","Internet - Software","7.64","3"
"PIPER SANDLR CP","PIPR","5410","76.15","685441","5.79","-6.87","-13.51","25.19","-17.54","24.79","16.1","94.51","69.97","186","Finance","Financial - Miscellaneous Services","13.94","4"
"PJT Partners","PJT","4245.07","164.38","528467","4.61","6.36","5.5","56.65","-9.58","14.77","16.45","191.42","129.05","186","Finance","Financial - Miscellaneous Services","10.32","3"
"Park Hotels & Resorts","PK","2988.21","14.84","5384047","4.65","1.85","32.15","99.21","30.48","-2.23","-8.49","14.88","9.84","64","Finance","REIT and Equity Trust - Other","-8.49","2"
"Park Aerospace","PKE","681.87","32.66","304114","-2.24","-1.92","-3.71","73.16","40.76","18.18","16.7","38.23","17.48","79","Aerospace","Aerospace - Defense Equipment","16.7",""
"Packaging Corporation of America","PKG","20352.8","228.43","532910","1.14","-2.39","7.48","67.43","1.87","7.23","9.71","246.31","191.41","185","Industrial Products","Containers - Paper and Packaging","8.04","3"
"POSCO Holdings Inc.","PKX","15314.72","50.63","449427","-1.15","-12.47","-28.71","11.81","-12.49","-8.71","1.19","91.72","45.13","160","Conglomerates","Diversified Operations","1.19","4"
"Planet Labs PBC","PL","7894.32","22.15","11412086","-14.68","-23.01","-37.52","35.32","3.3","25.94","-5.57","51.4","6.18","179","Computer and Technology","Satellite and Communication","-111.17","4"
"Photronics","PLAB","1706.41","28.94","1258757","1.33","-15.03","-43.7","27.2","-16.83","-2.04","14.46","54.96","19.22","239","Computer and Technology","Semiconductor Equipment - Photomasks","18.47",""
"Dave & Buster's Entertainment","PLAY","351.71","10.11","1412121",".6","-7.25","-20.46","2.31","-42.64","-1.4","-1.41","34.18","9.54","207","Retail-Wholesale","Retail - Restaurants","-3.09","5"
"Prologis","PLD","137501.2","147.48","3819794","3.74","2.54","5.33","94.39","6.25","7.18","49.81","150.06","104.08","64","Finance","REIT and Equity Trust - Other","45.79","2"
"Pelagos Insurance Capital Limited","PLGO","2208.03","25.58","401157",".91","11.31","22.51","100","20.21","3.33","13.92","25.58","14.87","167","Finance","Insurance - Multi line","15.33","2"
"Palomar Holdings","PLMR","3713.72","140.12","343007",".39","25.58","11.13","88.21","-4.37","58.16","23.55","145.29","101.42","154","Finance","Insurance - Property and Casualty","20.11","3"
"Planet Fitness","PLNT","4389.21","55.25","1553865","9.41","8.21","-17.01","16.16","-53.16","12.06","19.36","113.55","44.01","84","Consumer Discretionary","Leisure and Recreation Services","16.52","3"
"Douglas Dynamics","PLOW","1069.77","46.26","304195","7.38","-7.26","2.21","69.8","30.31","15.4","8.84","54.2","27.91","190","Auto-Tires-Trucks","Automotive - Replacement Parts","7.83","5"
"Palantir Technologies","PLTR","323277.53","134.85","41050036","3.7","12.85","-5.77","27.6","-30.23","56.18","46.66","207.18","107.27","85","Computer and Technology","Internet - Software","43.67","2"
"Plexus","PLXS","6758.4","252.59","318750","-2.49","-16.86","1.38","72.39","58.03","1.82","5","303.82","118.29","19","Computer and Technology","Electronics - Manufacturing Services","4.35","3"
"Philip Morris International","PM","300365.47","192.72","4670241","6.95","11.29","19.78","99.47","10.5","4.94","29.37","192.98","144.33","216","Consumer Staples","Tobacco","11.61","4"
"PennyMac Mortgage Investment Trust","PMT","849.35","9.74","1766006","-4.32","-2.01","-19.5","0","-28.62","-8","41.38","13.81","9.74","197","Finance","REIT and Equity Trust","41.38","5"
"The PNC Financial Services Group","PNC","100447.38","250.14","2209314","-1.07","6.57","13.02","93.41","10.22","-1.29","30.7","255.2","178.37","26","Finance","Financial - Investment Bank","21.41","3"
"Pinnacle Financial Partners","PNFP","7711","99.4","1158045","-.74","3.04","1.22","47.04","-4.19","8.13","31.77","118.88","82.1","90","Finance","Banks - Southeast","15.02","3"
"Pentair","PNR","10038.94","62.12","3174567","-18.83","-16.09","-32.68","0","-45.14","2.28","19.74","112.59","62.12","79","Business Services","Waste Removal Services","15.98","4"
"The Pennant Group","PNTG","1430.69","41.15","340346","3.24","22.36","33.22","95.98","34.44","36.31","4.25","41.95","22.07","76","Medical","Medical - Outpatient and Home Healthcare","2.96","3"
"Pinnacle West Capital","PNW","12882.2","106.3","1110426","-2.14","3.78","3.81","86.94","10.22","4.2","11.99","109.37","85.87","154","Utilities","Utility - Electric Power","11.99","3"
"Insulet","PODD","11592.83","167.37","1412427","3.28","20.44","-11.12","13.28","-45.85","30.73","13.12","352.82","138.97","167","Medical","Medical - Products","10.44","4"
"Pony AI Inc. - Sponsored ADR","PONY","2585.31","6.71","3344445",".3","-14.63","-36.4",".74","-57.44","19.96","-172.41","24.06","6.58","64","Transportation","Transportation - Equipment and Leasing","-128.22","2"
"Pool Corp.","POOL","7326.14","201.03","710605","-4.64","2.77","-10.76","16.28","-19.18","-.41","7.55","333.62","175.24","95","Consumer Discretionary","Leisure and Recreation Products","7.57","4"
"Portland General Electric","POR","6076.98","52.51","1140757","-1.02","4.62","2.12","88.2",".63","3.95","8.62","54.22","39.73","154","Utilities","Utility - Electric Power","7.12","3"
"Post Holdings","POST","3958.48","87.34","833943",".74",".76","-15.87","8.83","-18.9","2.97","5.71","114.61","84.7","197","Consumer Staples","Food - Miscellaneous","4.01","4"
"Power Integrations","POWI","3964.48","71.15","883161","2.46","-18.55",".75","71.29","84.12","5.86","14.94","87.35","30.92","239","Computer and Technology","Semiconductors - Power","3.72","4"
"Powell Industries","POWL","8316.62","228.28","891360","1.16","-25.84","-12.38","62.25","97.58","9.08","16.51","322.05","73.64","100","Industrial Products","Manufacturing - Electronics","16.51","3"
"Pilgrim's Pride","PPC","6937.8","29.16","1594933","2.28","9.5","-11.98","10.64","-31.22","3.46","5.67","50.41","26.63","213","Consumer Staples","Food - Meat Products","4.78","5"
"PPG Industries","PPG","25789.53","115.7","1834009","1.63","-2.71","4.9","57.39","3.85",".19","10.77","131.56","94.34","95","Basic Materials","Chemical - Specialty","9.83","3"
"PPL","PPL","26655.77","35.43","8668699","-1.77","-.45","-8.54","33.13","-6.95","6.85","14.8","39.81","33.26","154","Utilities","Utility - Electric Power","13.09","4"
"People Incorporated","PPLI","3067.7","44.72","809712","-2.55","7.73",".27","81.99","5.19","-37.14","4.87","47.62","31.52","67","Consumer Discretionary","Media Conglomerates","1.82","3"
"Permian Resources Corporation","PR","16980.21","20.28","9459635","3.36","6.74","-1.7","78.52","32.94","1.29","23.36","22.52","12.09","201","Oils-Energy","Oil and Gas - Exploration and Production - United States","12.79","3"
"PRA Group","PRAA","662.51","17.37","433852","-5.03","9.52","-20.83","58.85","-9.69","7.83","11.87","22.23","10.42","186","Finance","Financial - Miscellaneous Services","-22.51","3"
"Porch Group","PRCH","1647.53","12.9","2030555","-3.8","5.22","60.25","51.42","29.94","10.18","-3.71","19.04","6.4","85","Computer and Technology","Internet - Software","-3.41","4"
"PROCEPT BIOROBO","PRCT","1093.98","19.22","1582077","-9.43","-8.74","-20.22",".17","-43.81","37.22","-31.82","60.06","19.15","178","Medical","Medical - Instruments","-31.82","4"
"Perdoceo Education","PRDO","1904.92","30.38","718600","-16.88","-7.38","-7.55","28.18","-4.74","24.2","21.4","37.95","27.41","100","Consumer Discretionary","Schools","19.91","3"
"Prog Holdings","PRG","1803.35","45.01","616567",".85","15.44","48.84","88.2","40.37","-2.2","6.3","47.53","26.18","161","Finance","Financial - Consumer Loans","5.88","3"
"Perrigo","PRGO","1465.31","10.59","3981563","4.13","10.31","-7.83","6.99","-30.03","-2.75","8.56","28.43","9.25","167","Medical","Medical - Products","-43.5","3"
"Progress Software","PRGS","1620.01","39.5","972210","3.32","42.81","44.16","56.02","-15.44","29.79","26.69","50.81","25.09","90","Computer and Technology","Computer - Software","8.87","2"
"Primoris Services","PRIM","4700.65","86.64","2354268","1.67","-20.03","-49.92","1.43","-35.81","18.97","3.83","202.92","84.95","48","Construction","Building Products - Heavy Construction","3.31","4"
"UTD PARKS&RESRT","PRKS","2101.3","44.58","616507","-4.74","-3.17","30.12","58.28","12.95","-3.64","9.09","55.21","29.73","84","Consumer Discretionary","Leisure and Recreation Services","9.09","5"
"Perimeter Solutions, SA","PRM","5655.62","34.67","1779249","5.48","-7.37","9.89","85.95","15.82","16.38","29.98","37.78","15.64","95","Basic Materials","Chemical - Specialty","-26.93","5"
"Primo Brands Corporation","PRMB","8821.33","24.31","2808412","2.19","3.31","21","67.65","36.74","29.34","7.07","29.02","14.46","81","Consumer Staples","Beverages - Soft drinks",".88","3"
"Paramount Resources","PRMRF","2971.25","20.36","738571",".01","2.24","-6.09","62.34","6.07","-46.08","7.68","24.17","14.06","236","Oils-Energy","Oil and Gas - Exploration and Production - Canadian","6.65","3"
"Pursuit Attractions and Hospitality, Inc.","PRSU","1418.38","51.92","350210","-1.96","1.98","25.9","85.37","41.78","23.45","7.33","55.97","28.29","84","Consumer Discretionary","Leisure and Recreation Services","6.19","3"
"Prothena","PRTA","453.9","8.67","563251","-1.81","-5.25","-19.65","45.9","-16.51","-92.84","-227.23","11.51","6.26","98","Medical","Medical - Biomedical and Genetics","-260.92","3"
"Priority Technology","PRTH","523.78","6.36","492580","-10.8","-10.04","18.66","45.38","7.33","8.33","9.11","8.43","4.64","99","Business Services","Technology Services","5.85","3"
"Prudential Financial","PRU","40935.59","117.97","1646921","1.55","8.97","23.41","95.94","-3.88","-15.25","8.81","119.07","92","167","Finance","Insurance - Multi line","5.83","3"
"Privia Health Group","PRVA","3309.08","26.26","1271058","-5.84","11.79","7.58","80.09","1.86","22.26",".97","28.1","18.86","72","Medical","Medical Info Systems",".97","3"
"Public Storage","PSA","55389.95","315.53","946072","-1.97","-1.46","3.29","80.18","11.83","2.74","39.16","329.64","258.44","64","Finance","REIT and Equity Trust - Other","39.16","3"
"Power Solutions International","PSIX","689.21","29.9","406175","-7.09","-23.55","-59.74","0","-51.88","51.78","14.48","115.78","29.9","7","Auto-Tires-Trucks","Automotive - Internal Combustion Engines","14.28",""
"Paramount Skydance Corporation","PSKY","9591.31","8.57","8265210","-10.26","-13.35","-19.08","0","-41.18","-1.1","2.21","19.73","8.57","67","Consumer Discretionary","Media Conglomerates","-2.08","3"
"PriceSmart","PSMT","5567.85","180.42","355175","-5.6","-1.4","16.41","81.26","35.27","7.25","2.82","197.9","104.63","21","Retail-Wholesale","Retail - Discount Stores","2.82",""
"Parsons","PSN","5935.17","55.48","1043290","1.13","14.04","7.73","19.96","-17.44","-5.72","5.47","89.29","47.05","99","Business Services","Technology Services","3.62","3"
"Personalis","PSNL","1396.98","13.34","5480211","-11.3","31.17","123.83","78.48","54.13","-17.69","-148.11","15.79","4.41","207","Medical","Medical - Generic Drugs","-148.11","4"
"Postal Realty Trust","PSTL","656.34","23.76","359008","-.38","3.26","8.94","89.18","35.39","25.47","15.84","24.98","13.7","64","Finance","REIT and Equity Trust - Other","15.84","2"
"Phillips 66","PSX","83715.23","208.8","2616605","5.3","23.98","27.24","100","48.81","-6.14","2.32","208.8","118.37","40","Oils-Energy","Oil and Gas - Refining and Marketing","2.99","3"
"PTC","PTC","14418.59","124.83","1569512","-.47","8.55","-8.49","12","-34.1","19.18","38.88","216.53","112.33","90","Computer and Technology","Computer - Software","41.81","3"
"PTC Therapeutics","PTCT","6470.88","78.01","2128990","-4.08","-3.64","12.7","75.05","-5.55","114.51","-22.58","89.55","43.3","98","Medical","Medical - Biomedical and Genetics","-22.58","3"
"PattersonUTI Energy","PTEN","3834.14","10.1","9147414","4.34","-.98","-11.87","64.15","52.03","-10.25","-1.62","12.85","5.18","82","Oils-Energy","Oil and Gas - Drilling","-2.56","2"
"Protagonist Therapeutics","PTGX","8635.09","134.27","872652","3.37","16.73","36.3","92.62","41.39","-89.41","-154.88","140.91","50.96","98","Medical","Medical - Biomedical and Genetics","-154.88","3"
"Peloton Interactive","PTON","2823.11","6.52","8204633","7.24","20.07","22.79","53.12","-2.66","-7.77",".94","9","3.71","95","Consumer Discretionary","Leisure and Recreation Products",".94","3"
"PubMatic","PUBM","607.94","13.09","533582","-3.54","15.84","34.53","90.2","35.72","-2.86","4.66","13.83","6.28","85","Computer and Technology","Internet - Software","-6.21","3"
"ProPetro Holding","PUMP","1581.76","12.9","3966449","-2.12","-14.23","-25.04","61.26","24.75","-12.13","-1.05","18.2","4.52","158","Oils-Energy","Oil and Gas - Field Services","-1.05","2"
"PVH","PVH","3561.85","77.25","971634","-.68","-.92","-17.28","43.17","6.01","3.44","5.87","98.81","60.87","174","Consumer Discretionary","Textile - Apparel","1.76","3"
"Perella Weinberg Partners","PWP","1460.93","15.72","1202117","5.43","-1.84","-28.09","10.49","-16.43","-14.48","6.93","24.34","14.71","186","Finance","Financial - Miscellaneous Services","2.82",""
"Quanta Services","PWR","94922.05","632.56","1308726","-2.19","-14.54","-.74","63.01","37.84","20.31","5.86","785.24","372.5","100","Construction","Engineering - R and D Services","3.67","3"
"PayPal","PYPL","50121.23","56.82","19593256","19.24","34.2","14.16","45.32","-10.49","4.32","14.96","78.22","39.08","85","Business Services","Financial Transaction Services","15","3"
"Papa John's International","PZZA","1098.27","33.38","739822",".39","-2.82","-10.58","10.89","-20.24","-.27","2.28","55.31","30.7","207","Retail-Wholesale","Retail - Restaurants","1.37","5"
"Qualcomm","QCOM","179517.28","170.32","17321098","-7.42","-23.25","13.35","36.43","-8.42","13.66","29.04","251.02","124.07","47","Computer and Technology","Electronics - Semiconductors","22.31","3"
"QuidelOrtho","QDEL","1130.61","16.58","1563076","-7.32","34.03","34.91","26.04","-46.61","-1.89","3.44","35.38","9.96","167","Medical","Medical - Products","-45.57","2"
"Qfin Holdings Inc. - Sponsored ADR","QFIN","1591.3","13.07","1299437","2.11","-13.67","-1.73","4.64","-37.62","16.78","27.48","42.28","11.65","186","Finance","Financial - Miscellaneous Services","27.48","3"
"QIAGEN","QGEN","8341.91","40.48","3134064","-2.32","11.58","6.27","34.09","-21.35","5.65","24.47","55.66","32.63","98","Medical","Medical - Biomedical and Genetics","19.16","4"
"Qualys","QLYS","5506.88","156.37","787439","3.19","44.11","83.62","91.18","8.21","10.13","38.83","164.12","76.2","40","Computer and Technology","Security","29.41","3"
"Quantum","QMCO","432.73","10.99","895236","13.65","-21.72","58.81","57.39","56.7","2.02","-10.62","15.95","4.31","26","Computer and Technology","Computer- Storage Devices","-36.14","2"
"QuinStreet","QNST","983.47","17.12","676066","-2.78","31.79","30.09","91.62","9.57","78.27","5.04","17.72","10.56","69","Computer and Technology","Internet - Delivery Services","5.53","3"
"Qorvo","QRVO","7562.05","85.72","1138399","1.62","-15.94","-.14","30.11","-6.71","-1.09","17.8","108.23","76.02","48","Computer and Technology","Semiconductors - Radio Frequency","9.22","3"
"Restaurant Brands International","QSR","25827.75","73.96","3007215","-2.13","2.94","-6.23","61.08","-.31","12.23","17.71","81.67","61.86","207","Retail-Wholesale","Retail - Restaurants","9.96","4"
"Q2 Holdings","QTWO","3479.33","55.58","786732","5.55","32.05","14.46","27.33","-29.16","14.12","18.88","91.44","42.09","85","Computer and Technology","Internet - Software","8.99","3"
"QuickLogic","QUIK","231.09","12.68","469202","-13.39","-42.19","-19.24","41.33","94.04","-31.51","-61.52","23.74","4.89","47","Computer and Technology","Electronics - Semiconductors","-102.41","3"
"QXO INC","QXO","9820.63","13.54","31340916","-2.52","-19.12","-33.6","0","-35.45","11930.67","1.98","27.07","13.54","99","Business Services","Technology Services","-6.02","3"
"Ryder System","R","10357.2","267.69","350809",".9",".99","7.3","89.47","28.63",".23","4.23","280.34","160.2","64","Transportation","Transportation - Equipment and Leasing","3.91","3"
"Ferrari","RACE","86915.07","371.52","455325","-.39","6.63","6.82","28.02","-7.54","11.86","22.22","517.65","314.63","100","Auto-Tires-Trucks","Automotive - Original Equipment","22.22","4"
"Ralliant Corporation","RAL","7810.69","69.78","1553025","4.07","3.04","57.27","89.07","26.06","-3.99","13.55","73.63","38.39","99","Business Services","Technology Services","-58.55","2"
"LiveRamp","RAMP","2296.51","37.78","1060773","-.11",".45","27.55","98.53","18.3","9.03","18.18","38.01","22.42","99","Business Services","Technology Services","17.95","3"
"Ultragenyx Pharmaceutical","RARE","2809.9","28.53","2901328","-14.12","-1.72","18.92","55.6","14.08","20.13","-91.03","36.54","18.5","98","Medical","Medical - Biomedical and Genetics","-91.03","2"
"RB Global, Inc.","RBA","20561.83","110.59","1060888","1.66","1.8","2.64","65.41","-1.13","7.15","17.34","119.14","94.42","85","Business Services","Financial Transaction Services","9.55","2"
"Roblox","RBLX","35762.47","53.25","8358974","-3.23","12.65","-7.42","11.91","-39.56","35.77","-14.37","141.56","41.31","182","Consumer Discretionary","Gaming","-20.69","3"
"Rubrik, Inc.","RBRK","16091.68","78.18","3105096","-6.75","10.85","46.79","62.85","-5.99","48.46","4.39","98.5","43.81","85","Computer and Technology","Internet - Software","-20.25","3"
"Red Cat","RCAT","952.48","7.76","8989327","-7.4","-27","-33.62","14.44","-10","739.77","-136.92","17.36","6.14","99","Business Services","Technology Services","-138.36","2"
"Rogers Communication","RCI","18826.85","34.85","1245622","4.4","-3.86","-4.6","35.71","-15.05","3.33","12.27","40.97","31.45","233","Utilities","Diversified Communication Services","32","4"
"Royal Caribbean Cruises","RCL","76746.67","286.16","2418286","-.85","-7.5","10.54","33.12","-5.64","8.8","24.57","365.84","246.71","84","Consumer Discretionary","Leisure and Recreation Services","24.36","3"
"Recruit Holdings Co.","RCRUY","117432.2","15.95","620708","4.04","12.48","73.56","99.88","30.39","5.13","13.47","15.96","7.63","28","Business Services","Business - Information Services","13.47","1"
"Arcus Biosciences","RCUS","3543.03","28.17","1341954",".36","3.45","12.91","86.79","8.72","-4.26","-156.36","31.08","9.06","98","Medical","Medical - Biomedical and Genetics","-156.36","3"
"Reddit Inc.","RDDT","34967.34","181.64","3801631","-9.6","6.57","13.38","40.17","-27.33","69.4","28.6","270.71","121.84","85","Computer and Technology","Internet - Software","28.6","3"
"Radian Group","RDN","5168.75","38.87","1419092","2.26","10.71","8.67","93.39","-.67","-7.22","45.7","39.38","31.67","167","Finance","Insurance - Multi line","40.5","2"
"RadNet","RDNT","4771.53","60.68","898438","-4.15","8.82","5.07","27.02","-21.79","11.51","1.68","84.48","51.87","76","Medical","Medical - Outpatient and Home Healthcare","-.66","3"
"Redwire Corporation","RDW","2053.9","8.6","19448374","-10.32","-33.95","-7.82","16.99","4.07","10.29","-31.35","25.9","5.06","90","Aerospace","Aerospace - Defense","-80.9","3"
"Dr. Reddys Laboratories","RDY","10458.37","12.53","2966779","-3.02","-9.92","-10.31","2.4","-17.92","-6.06","13.48","15.38","12.46","207","Medical","Medical - Generic Drugs","12.9","3"
"The RealReal","REAL","1386.81","11.51","3044604","7.77","-6.8","-1.29","53.77","-32.92","15.38","-8.2","16.9","5.24","182","Consumer Discretionary","Consumer Products - Discretionary","-9.03","3"
"Regency Centers","REG","15039.57","82.14","1309761","2.75","6.18","2.74","96.52","9.44","6.85","34.47","82.68","67.16","90","Finance","REIT and Equity Trust - Retail","34.47","3"
"Regeneron Pharmaceuticals","REGN","71059.57","672.15","755279","1.37","9.74","-9.71","48.06","-19.91",".99","33.51","812.27","542.52","98","Medical","Medical - Biomedical and Genetics","29.65","3"
"Remitly Global","RELY","5023.99","23.86","3237857",".76","15.49","12.23","89.49","59.01","29.37","6.24","25.23","12.2","85","Business Services","Financial Transaction Services","6.12","3"
"RPC","RES","1296.58","5.85","1611591","1.21","-9.58","-25.29","42.97","-1.1","14.95","3.02","8","4.23","158","Oils-Energy","Oil and Gas - Field Services","1.2","3"
"Rexford Industrial Realty","REXR","8331.26","36.91","2553398","6.22","10.61","2.56","37.66","-12.33","7.13","23.25","44.26","32.47","64","Finance","REIT and Equity Trust - Other","23.25","3"
"Reynolds Consumer Products","REYN","5492.6","26.06","1267934","-.91","9.45","25.05","83.08","4.57",".7","9.39","27.18","20.56","182","Consumer Discretionary","Consumer Products - Discretionary","8.7","3"
"Resideo Technologies","REZI","5380.17","35.53","1765816",".37","14.13","-12.27","56.37","-6.96","10.52","5.71","44.5","23.94","167","Industrial Products","Security and Safety Services","-6.71","3"
"Regions Financial","RF","26548.64","31.11","10383723",".13","8.21","10.09","85.75","5.58","2.51","29.79","32.4","23.35","90","Finance","Banks - Southeast","23.33","3"
"Reinsurance Group of America","RGA","15780.81","240.88","352596","1.21","15.17","14.89","98.59","8.88","7.2","6.79","241.79","177.1","200","Finance","Insurance - Life Insurance","4.92","3"
"Repligen","RGEN","8206.76","145.49","958604",".42","14.95","22.99","61.42","-18.34","16.36","13.34","172.26","102.87","98","Medical","Medical - Biomedical and Genetics","6.73","3"
"Royal Gold","RGLD","15900.61","187.36","654282","-3.16","-12.71","-23.86","23.51","-22.48","43.24","51.75","304.29","151.42","230","Basic Materials","Mining - Gold","48.59","5"
"REGENXBIO","RGNX","533.52","10.32","2682211","-19.06","13.78","19.72","45.21","-34.09","104.54","-330.23","15.98","5.65","98","Medical","Medical - Biomedical and Genetics","-330.23","4"
"RH","RH","3476.83","183.95","852876","13.68","25.38","35.21","51.47","-5.57","8.14","2.47","251","112.85","179","Consumer Staples","Consumer Products - Staples","3.01","3"
"Robert Half Inc.","RHI","4278.94","41.83","2194831","17.53","43.7","59.96","95.96","41.64","-7.2","2.43","42.67","21.86","205","Business Services","Staffing Firms","2.43","3"
"Ryman Hospitality Properties","RHP","8068.52","127.85","666151","2.81","2.15","25.5","90.74","24.27","10.17","9.45","132.13","85.91","64","Finance","REIT and Equity Trust - Other","9.45","2"
"Transocean","RIG","5604.54","5.02","36201956","-6.52","-7.21","-23.01","48.59","11.79","12.51","1.79","7.58","2.6","82","Oils-Energy","Oil and Gas - Drilling","-66.79","3"
"Rigel Pharmaceuticals","RIGL","733.98","39.67","365583","-3.95","11.03","30.02","64.89","-14.82","64.15","39.66","50.96","18.8","100","Medical","Medical - Drugs","121.5","4"
"BRC Group Holdings, Inc.","RILY","254.72","6.86","878367","-4.32","-26.47","-11.54","45.12","35.1","15.38","36.94","10.68","3.72","186","Finance","Financial - Miscellaneous Services","46.81",""
"Riot Platforms, Inc.","RIOT","7525.21","19.9","15761395","-1.44","-30.49","8.86","50.23","44.45","71.89","-132.76","28.69","11.03","186","Finance","Financial - Miscellaneous Services","-132.76","5"
"RITHM CAP CP","RITM","5136.42","9.2","5487442","1.43",".66","-9.09","11.17","-22.38","-11.9","28.42","12.62","8.77","186","Finance","Financial - Miscellaneous Services","14.44","4"
"Rivian Automotive","RIVN","23465.68","17.24","41568556","-.4","14.17","3.11","51.8","-19.56","8.39","-56.6","22.45","11.64","167","Auto-Tires-Trucks","Automotive - Domestic","-63.62","3"
"Raymond James Financial","RJF","32802.71","168.32","1399092",".8","7.45","9.09","77.18","-3.6","6.63","15.14","176.43","140.89","26","Finance","Financial - Investment Bank","13.04","3"
"Rocket Lab Corporation","RKLB","38047.09","65.74","22492136","-14.32","-34.45","-20.11","23.71","-13.33","37.96","-15.82","150.23","39.48","79","Aerospace","Aerospace - Defense Equipment","-26.87","4"
"Rocket Companies","RKT","39583.72","13.99","33507252",".58","4.87","-9.45","14.79","-33.54","31.25","11.58","23.44","12.35","213","Finance","Financial - Mortgage & Related Services","2.78","4"
"Ralph Lauren","RL","22406.71","376.48","602683",".53","-8.38","1.65","71.15","-2.08","14.63","12.73","414.25","283.34","174","Consumer Discretionary","Textile - Apparel","11.6","2"
"RLI","RLI","5673.51","61.71","846218",".41","17.01","19.94","61.74","-11.29","6.33","17.75","70.35","47.77","154","Finance","Insurance - Property and Casualty","20.81","3"
"RLJ Lodging Trust","RLJ","1823.16","12","2009173","5.17","5.63","49.07","99.45","48.14","-1.43","1.84","12.03","6.6","64","Finance","REIT and Equity Trust - Other","1.84","1"
"REMAX","RMAX","229.31","10.8","347684","1.89","12.5","8.65","86.53","30.86","-5.23","16.27","11.6","5.66","157","Finance","Real Estate - Operations",".13",""
"Rambus","RMBS","10905.61","100.85","3612547","-2.19","-28.14","-28.63","35.25",".94","27.13","38.76","170.66","62.85","47","Computer and Technology","Electronics - Semiconductors","31.9","3"
"ResMed","RMD","28809.65","198.61","1516925",".06","5.39","-10.54","14.24","-24.17","9.84","28.5","293.73","182.82","167","Medical","Medical - Products","27.44","3"
"Ringcentral","RNG","3416.4","40.74","1511250","-3.12","16.93",".74","67.19","29.74","4.78","16.07","49.1","23.62","46","Computer and Technology","Internet - Software and Services","3.31","3"
"RenaissanceRe","RNR","13706.95","321.51","350860",".27","6.84","3.38","94.95","5.17","9.86","22.97","326.29","231.59","154","Finance","Insurance - Property and Casualty","24.25","3"
"Renasant","RNST","3988","43.22","767537","1.65","2.64","8.08","90.51","12.86","32.32","28.81","44.25","33.4","90","Finance","Banks - Southeast","14.47","4"
"ReNew Energy Global","RNW","2241.91","6.18","1248189",".49","-3.89","18.85","45.53",".6","41.29","7.18","8.19","4.5","95","Oils-Energy","Alternative Energy - Other","7.18","3"
"Construction Partners","ROAD","5791.98","102.45","900468","9.56","-19.36","-15.18","19.17","-13.2","54.2","4.34","140.48","93.43","100","Construction","Building Products - Miscellaneous","3.9","4"
"Gibraltar Industries","ROCK","1292.96","43.59","311914","5.57","8.95","9.22","23.97","-18.91","-13.24","8.33","74.58","33.82","100","Construction","Building Products - Miscellaneous","-10.68","3"
"Rockwell Automation","ROK","51042.47","458.71","865452","-.38","-4.05","12.73","78.14","8.43",".94","15.69","495.08","328.67","66","Computer and Technology","Electronics - Miscellaneous Products","12.36","3"
"Roku","ROKU","21248.77","144.13","3870151","1.26","6.61","26.01","99.54","22.18","15.18","4.06","144.43","79.98","100","Consumer Discretionary","Broadcast Radio and Television","4.06","3"
"Rollins","ROL","21540.69","44.74","4539586","-.4",".74","-20.06","12.57","-31.45","10.99","14.3","65.6","41.74","239","Business Services","Building Products - Maintenance Service","13.77","4"
"Roper Technologies","ROP","36616.86","362.84","982944",".62","11.61","2.95","19.05","-25.03","12.26","26.93","563.84","315.53","68","Computer and Technology","Computers - IT Services","21.12","2"
"Ross Stores","ROST","75633.77","235.78","3041339","7.44","-.5","4.25","96.05","20.38","7.67","9.74","240.13","129.94","21","Retail-Wholesale","Retail - Discount Stores","9.74","2"
"Ridgepost Capital, Inc.","RPC","939.31","8.58","500790","10.28","6.85","10.71","28.26","-19.56",".3","36.42","12.82","6.91","186","Finance","Financial - Miscellaneous Services","7.99","4"
"Rapid7","RPD","798.63","11.95","2811052",".25","88.49","99.83","38.74","-27.7","1.87","16.77","22.86","5.05","85","Computer and Technology","Internet - Software","2.61","3"
"RPM International","RPM","12970.68","101.63","819311","-.86","-5.51","-3.2","24","-10.13",".51","8.93","128.23","93.23","95","Basic Materials","Chemical - Specialty","8.63","3"
"Royalty Pharma","RPRX","32992.3","57.295","3044330","1.5","6.95","15.4","94.77","36.37","5.04","84.88","58.53","34.9","98","Medical","Medical - Biomedical and Genetics","33.88","3"
"Range Resources","RRC","8640.27","36.67","2959147","1.19","-.3","-13.15","26.11","-4.35","28.9","25.84","47.65","32.79","201","Oils-Energy","Oil and Gas - Exploration and Production - United States","26.09","5"
"Red Rock Resorts","RRR","6820.44","64.94","685283",".82","7.43","19.31","85.7","-3.59","3.74","9.21","67.26","51.04","182","Consumer Discretionary","Gaming","9.21","4"
"REGAL REXNORD","RRX","13685.37","205.58","1145338","-1.38","-11.11","-3.61","70.2","34.74","-1.65","10.75","238.19","128.75","56","Industrial Products","Manufacturing - General Industrial ","4.78","4"
"Reliance, Inc.","RS","19560.26","383.17","331669","-.58","-5.04","6.18","79.49","21.99","3.32","5.53","413.43","265.93","211","Basic Materials","Mining - Miscellaneous","5.42","3"
"Republic Services","RSG","67849.16","220.53","1324838","-1.28","7.91","7","47.22","-4.3","3.49","13.31","246.01","197.73","79","Business Services","Waste Removal Services","13","3"
"Rush Street Interactive","RSI","8032.77","34.52","2395012",".99","13.11","42.17","100","63.4","22.76","5.92","34.52","14.51","182","Consumer Discretionary","Gaming","2.98","2"
"Riskified","RSKD","776.32","5.24","978450",".38","7.82","17.23","79.67","-3.03","5.23","10.37","5.61","3.79","85","Computer and Technology","Internet - Software","-5.17","3"
"RTX Corporation","RTX","261849.11","194.44","4122535","-.99","6.93","12.15","71.87","-2.49","9.74","9.92","212.16","149.17","90","Aerospace","Aerospace - Defense","8.03","2"
"RUM Group Inc.","RUM","2541.17","5.83","2833845","-1.69","-14.27","-19.14","21.68","-15.16","5.38","-118.35","10.02","4.67","184","Computer and Technology","Internet - Content","-106.91","3"
"Sunrun","RUN","2729","11.44","12258203","-7.82","-16.01","-12.2","19.21","-42.82","45.11","17.88","21.41","9.07","57","Oils-Energy","Solar","17.88","4"
"Rush Enterprises","RUSHA","5822.21","74.92","542688","-.43","6.1","-1.68","85.63","27.74","-4.75","3.65","79.66","46.68","167","Retail-Wholesale","Automotive - Retail and Whole Sales","3.65","4"
"Revolve Group","RVLV","1862.59","26.03","706434","7.47","25.2","-1.14","61.12","-20.7","8.48","4.78","31.45","17.51","174","Consumer Discretionary","Textile - Apparel","5.05","3"
"Revvity, Inc.","RVTY","11874.42","106.44","1387676","-4.2","7.47","22.63","68.13","1.18","3.67","20.23","117.75","82.26","85","Medical","Medical Services","8.26","5"
"Runway Growth Finance Corp.","RWAY","239.5","5.64","658224","6.62","5.22","-11.74","6.28","-41.91","-5.05","39.53","11.31","5.26","212","Finance","Financial - SBIC & Commercial Industry","-2","5"
"Redwood Trust","RWT","626.08","5","4469880","-1.38",".4","-13.04","23.64","-16.85","25.16","151.34","6.68","4.48","197","Finance","REIT and Equity Trust","-7.23","3"
"","RXO","4761.25","28.87","1612890","6.57","11.81","48.58","97.77","110.06","26.2","-.31","29.29","10.48","90","Transportation","Transportation - Services","-1.83","3"
"RxSight","RXST","232.24","5.61","1510115","10.87","13.1","-23.05","12","-50.49","-3.89","-11.15","13.09","4.59","178","Medical","Medical - Instruments","-36.58","3"
"Royal Bank Of Canada","RY","291698.91","210.37","1600643","-.15","3.76","19.08","91.61","13.48","-.6","32.37","217.87","128.46","100","Finance","Banks - Foreign","15.92","3"
"Ryanair","RYAAY","30609.31","58.91","1612995","-7.82","-6.1","6.09","27.55","-24.95","20.35","12.68","73.82","53.24","75","Transportation","Transportation - Airline","12.14","3"
"Rayonier Advanced Materials","RYAM","551.65","8.18","1002683","15.21","-.24","-16.1","56.03","27.73","-10.06","-9.28","11.75","3.63","228","Basic Materials","Paper and Related Products","-32.86","3"
"Ryan Specialty Holdings Inc.","RYAN","11065.79","41.97","2179456",".5","26.19","20.81","33.31","-25.24","21.28","16","67.16","29.39","164","Finance","Insurance - Brokerage","8.21","3"
"Rayonier","RYN","6393.89","21.26","2318786","-.89","1.67","-.56","23.13","-9.69","-61.64","16.1","27.11","19.5","100","Construction","Building Products - Wood","68.61","3"
"Rhythm Pharmaceuticals","RYTM","7168.51","104.6","832243","-2.69","3.17","22.77","68.85","-10.13","45.83","-93.33","117.62","75.82","98","Medical","Medical - Biomedical and Genetics","-93.33","3"
"Ryerson","RYZ","1508.41","29.07","449755","8.63","6.68","9.53","86.24","6.26","-.6","-.63","30.54","19.86","238","Industrial Products","Metal Products - Distribution","-.93","5"
"SentinelOne","S","6670.96","19.46","6939686","4.91","32.02","33.01","94.24","19.31","21.89","7.04","19.92","11.94","40","Computer and Technology","Security","-30.39","2"
"SAFEHOLD INC","SAFE","1173.69","16.39","338207",".24","7.76","2.76","82.31","10.11","5.43","29.14","17.17","12.76","100","Finance","REIT and Equity Trust - Residential","28.58","4"
"Saia","SAIA","11415.81","428.02","370458","-.94","-1.84","-3.67","75.02","20.56",".79","7.5","487.14","250.48","7","Transportation","Transportation - Truck","7.84","3"
"Science Applications International","SAIC","4762.91","112.66","500631","-.57","11.99","20.12","79.31","2.93","-2.9","7.54","120.6","82.22","68","Computer and Technology","Computers - IT Services","5.55","2"
"SailPoint, Inc. ","SAIL","8632.53","15.22","4497579","8.64","20.51","28.22","36","-30.81","24.35","14.08","23.63","10.49","85","Computer and Technology","Internet - Software","-14.04","3"
"The Boston Beer Company","SAM","1880.56","180.59","341187","4.76","1.68","-24.8","19.71","-14.88","-2.36","5.21","260.05","161.08","215","Consumer Staples","Beverages - Alcohol","-2.96","4"
"Banco Santander","SAN","195661.73","13.32","7888649","-2.49","-2.84","11","82.41","4.44","-.89","22.45","14.37","8.4","100","Finance","Banks - Foreign","26.92","3"
"Sanmina","SANM","10819.77","201.87","1057771",".03","-20.35","7.33","56.75","23.71","7.4","4.24","282.72","95.79","19","Computer and Technology","Electronics - Manufacturing Services","2.29","3"
"SAP","SAP","194533.64","158.35","2426368","-1.01","5.91","-8.7","6.41","-40.05","12.55","20.15","308.61","148.06","90","Computer and Technology","Computer - Software","20.08","4"
"StandardAero, Inc.","SARO","8860.38","26.65","3482987","-3.27","-2.24","8.82","26.89","-14.54","15.76","5.16","33.12","24.27","90","Aerospace","Aerospace - Defense","4.71","3"
"Safe Bulkers","SB","732.18","7.16","1013994","2.87","2.14","8.48","95.1","36.62","-10.37","20.15","7.33","3.86","62","Transportation","Transportation - Shipping","18.73",""
"SBA Communications","SBAC","19300.29","181.97","940976","-2.74","-3","-15.36","22.67","-13.48","5.06","35.66","239.35","165.15","64","Finance","REIT and Equity Trust - Other","35.66","3"
"Seacoast Banking Corp. of Florida","SBCF","3257.77","33.5","1188296","1.61","7.48","5.91","79.27","-1.94","15.64","28.88","35.09","27.42","90","Finance","Banks - Southeast","14.42","2"
"Sinclair, Inc.","SBGI","1017.53","14.1","591778","-1.05","3.6","-10.42","42.86","-15.24","-10.68","-1.31","17","11.93","67","Consumer Discretionary","Media Conglomerates","2","3"
"Sally Beauty","SBH","1420.63","14.89","1358764","1.29","14.45","4.49","72.45","-3.97","-.42","5.39","17","9.34","59","Retail-Wholesale","Retail - Miscellaneous","4.93","2"
"Star Bulk Carriers","SBLK","2959.25","26.09","1210138","-1.7","-1.62","6.14","81.44","24.84","-17.62","16.76","28.21","16.79","62","Transportation","Transportation - Shipping","13.01","3"
"Sabra Healthcare REIT","SBRA","5043.8","20","3201364","1.21","9.47","-1.41","69.77","-2.88","10.15","19.22","21.2","17.23","64","Finance","REIT and Equity Trust - Other","19.22","3"
"Companhia de saneamento Basico Do Estado De Sao Paulo  Sabesp","SBS","20233.5","5.75","5719410","-3.04","6.09","-15.66","60.4","10.86","1.75","19.14","7.08","3.72","167","Utilities","Utility - Water Supply","24.25","1"
"Starbucks","SBUX","119451.95","104.81","6716663","-2.36","4.65","7.07","88.1","14.47","2.79","6.19","108.37","78.46","207","Retail-Wholesale","Retail - Restaurants","3.89","3"
"Southern Copper","SCCO","144619.2","175.07","1186040",".31","-7.81","-1.71","65.88","12.23","17.38","34.13","218.85","90.54","187","Basic Materials","Mining - Non Ferrous","34.13","3"
"Scholastic","SCHL","1008.41","46.38","301331","-.06","9.05","13.9","96.31","43.96","2.25","1.39","47.34","21.32","100","Consumer Staples","Publishing - Books","3.88","4"
"Charles Schwab","SCHW","178330.95","102.54","9446117",".16","11.42","12.98","78.64","-5.61","22.01","39.6","107.21","85.35","26","Finance","Financial - Investment Bank","37.99","2"
"Service Corporation International","SCI","10761.74","78","1228407","-2.06","6.62","-9.62","48.68","-8","2.93","12.57","87.73","68.77","100","Consumer Staples","Funeral Services","12.36","3"
"SandRidge Energy","SD","504.67","13.67","311363","-.22","-1.58","-10.54","45.42","-12.88","24.8","37.8","18.08","10","201","Oils-Energy","Oil and Gas - Integrated - United States","46.37",""
"Schrodinger","SDGR","1107.38","15","1330900","-8.59","-1.51","27.77","32.86","-22.85","23.29","-40.61","23.03","11.07","72","Medical","Medical Info Systems","-40.61","3"
"Seadrill Limited","SDRL","2656.92","42.49","998793",".54","6.52","-13.06","54.41","12.94","3.75","-3.6","54.8","27.8","82","Oils-Energy","Oil and Gas - Drilling","-4.79","3"
"Sea Limited","SE","64580.2","105.69","4496513","-4.49","18.7","23.63","23.26","-23.81","36.38","8.1","196.5","78.16","85","Computer and Technology","Internet - Software","6.41","4"
"SolarEdge Technologies","SEDG","2956.37","48.61","2239581","-6.75","-15.53","2.6","44.72","54.96","31.39","-7.8","78.51","24.42","57","Oils-Energy","Solar","-28.56","3"
"Solaris Energy Infrastructure, Inc.","SEI","4452.23","60.54","2916489","-9.84","-26.32","-14.29","61.46","21.12","98.73","17.2","82.88","24.92","100","Oils-Energy","Oil and Gas - Mechanical and and Equipment","6.69","5"
"SEI Investments","SEIC","11951.53","99.37","710044","3.32","9.79","9.13","96.45","11.42","8.1","31.39","100.26","75.18","72","Finance","Financial - Investment Management","31.17","2"
"Senseonics","SENS","213.61","5.11","825590","-3.4","-19.65","-29.71","1.65","-14.86","56.89","-213.87","11.68","5","72","Medical","Medical Info Systems","-213.87","3"
"Septerna, Inc.","SEPN","1451.88","32.21","575789","-6.26","-7.58","28.38","79.08","6.25","4174.51","-67.18","37.84","10.93","98","Medical","Medical - Biomedical and Genetics","-49.88","3"
"Sezzle Inc.","SEZL","5775.78","171.76","638840","7.18","9.77","114.86","87.8","148.86","66.08","29.66","188.55","50.97","85","Business Services","Financial Transaction Services","30.83","2"
"Stifel Financial","SF","11884.04","77.47","1342671","3.02","4.96","-.4","45.55","-14.65","11.26","16.77","88.81","67.98","26","Finance","Financial - Investment Bank","15.34","4"
"ServisFirst Bancshares","SFBS","4678.04","85.58","360746",".78","4.47","7.34","82.96","9.64","3.72","52.34","89.24","67.76","85","Finance","Financial - Savings and Loan","30.95","3"
"Smithfield Foods, Inc.","SFD","10191.06","25.9","1284864","4.73","5.59","-9.85","56.38","6.67","9.82","6.59","29.59","21.13","213","Consumer Staples","Food - Meat Products","6.48","4"
"SFL","SFL","1625.11","11.24","1543177","1.17","-.09",".63","73.83","32.36","-18.95",".36","12.8","6.84","62","Transportation","Transportation - Shipping","4.37",""
"Sprouts Farmers Market","SFM","7016.65","74.61","2151379","-6.35","-7.71","4.17","8.7","-13.87","14.08","5.7","169.61","65.56","216","Retail-Wholesale","Food - Natural Foods Products","5.7","3"
"Simmons First National","SFNC","3279.9","22.61","1632952","-1.61","1.98","6","89.32","10.31","-2.12","29.23","23.25","17.26","90","Finance","Banks - Southeast","-24.64","3"
"SoftBank Group","SFTBY","195345.2","17.1","4536273","-9.28","-23.08","-4.58","41.09","10.95","8.91","64.12","28.68","9.02","205","Computer and Technology","Wireless Non-US ","64.12","3"
"Sweetgreen","SG","790.2","6.65","5142503","-19.59","-20.07","-1.34","16.87","-9.53",".39","-20.36","16.26","4.7","207","Retail-Wholesale","Retail - Restaurants","2.49","3"
"Super Group (SGHC)","SGHC","7881.41","15.58","2986438","2.7","13.06","24.84","100","19.91","21.49","13.5","15.58","8.52","182","Consumer Discretionary","Gaming","10.58","3"
"Somnigroup International Inc.","SGI","14788.7","70.3","2416009","-2.03","-3.65","-11.62","24.14","-27.58","51.63","7.72","97.99","61.49","82","Retail-Wholesale","Retail - Home Furnishings","6.8","2"
"SIGMA LITHIUM","SGML","1144.81","10.19","1481877","-12.31","-23.38","-50.8","29.05","-28.95","-27.79","-41.84","23.65","4.68","211","Basic Materials","Mining - Miscellaneous","-41.84","3"
"Surgery Partners","SGRY","2096.53","16.03","1234926",".31","10.17","10.25","36.76","-4.58","6.24","1.5","23.84","11.49","85","Medical","Medical Services","-2.28","1"
"Shake Shack","SHAK","2437.26","56.97","1755406","-8.38","2.26","-43.84","5.23","-35.45","15.38","3.49","140.91","52.34","207","Retail-Wholesale","Retail - Restaurants","2.76","5"
"Sotera Health","SHC","4967.61","17.42","2738540","-4.13","10.67","10.18","76.86","-9.18","5.74","21.76","19.35","11.01","85","Medical","Medical Services","9.91","3"
"Shell","SHEL","241664.53","86.2","5966313","2.64","8.21","-.82","66.69","7.89","-5.29","7.26","94.15","70.28","232","Oils-Energy","Oil and Gas - Integrated - International","6.85","4"
"Shenandoah Telecommunications Co","SHEN","614.63","11.11","466227","-12.31","-19.78","-30.99","16.81","-11.61","9.08","-11.35","17.1","9.9","233","Utilities","Diversified Communication Services","-11.35","3"
"Shoals Technologies Group","SHLS","1610.87","9.62","5900794","2.34","-12.07","23.33","62.09","4.09","19.07","12.62","12.77","4.46","57","Oils-Energy","Solar","6.27","2"
"Sunstone Hotel Investors","SHO","2196.37","11.79","3131834","4.34","-.59","21.67","96.05","21.29","6","3.84","11.92","8.63","64","Finance","REIT and Equity Trust - Other","3.84","2"
"Shoe Station Group Inc.","SHOE","403.47","14.86","663048","-3.38","-6.48","-21.29","4.75","-19.04","-5.62","4.36","25.89","14.31","58","Consumer Discretionary","Shoes and Retail Apparel ","3.31","3"
"Steven Madden","SHOO","3162.41","43.27","1105698","2.16","1.26","14.38","86.97","-4.43","10.45","4.2","46.23","23.52","58","Consumer Discretionary","Shoes and Retail Apparel ","2.89","1"
"Shopify","SHOP","161532.06","124.48","7880917","-.21","15.28",".2","34.78","-28.88","30.14","15.83","179.01","95.4","100","Computer and Technology","Internet - Services","10.77","1"
"SherwinWilliams","SHW","79811.29","323.6","2373523","-1.63","2.11","-3.72","37.21","-8.15","2.06","12.04","375.23","293","95","Basic Materials","Chemical - Specialty","10.86","2"
"SiBone","SIBN","759.26","17.12","633286","-4.09","8.22","30.19","56.28","-20.16","20.19","-8.1","21.4","11.61","178","Medical","Medical - Instruments","-8.1","3"
"Signet Jewelers","SIG","3556.99","90.44","780834","6.9","4.28","3.04","51.47",".36","1.64","6.04","106","73.94","28","Retail-Wholesale","Retail - Jewelry","4.29","2"
"Selective Insurance Group","SIGI","5791.78","96.74","587697","-.98","4.65","13.52","87.1","6.34","9.77","8.39","100.15","73.72","154","Finance","Insurance - Property and Casualty","8.39","2"
"Silicon Motion Technology","SIMO","8565.46","252.61","737285","-15.66","-25.02","71.21","68.2","150.62","10.21","14.45","336.9","71.86","16","Computer and Technology","Computer - Integrated Systems","16.02","1"
"Sirius XM","SIRI","10300.57","30.6","3845130","-.23","9.52","15.25","94.51","40.75","-1.62","12.36","31.22","19.92","100","Consumer Discretionary","Broadcast Radio and Television","9.86","3"
"SiteOne Landscape Supply","SITE","4554","102.78","722967","-2.42","-3.64","-28.05","1.21","-24.11","3.62","3.24","163.25","102.04","159","Industrial Products","Industrial Services","3.24","4"
"SiTime","SITM","14654.2","555.15","607068","-7.87","-26.29","1.31","51.31","44.56","61.16","30.34","901.48","190.16","66","Computer and Technology","Electronics - Miscellaneous Products","-6.38","3"
"The J. M. Smucker Co.","SJM","11999.49","112.5","1436729","1.78","4.95","18.01","83.47","5.78","3.72","10.8","117.05","89.53","197","Consumer Staples","Food - Miscellaneous","-1.53","3"
"SK Telecom Co.","SKM","12053.59","31.41","2231870","-.35","-8.69","-15.75","44.57","40.71","-8.47","2.03","46","19.68","205","Computer and Technology","Wireless Non-US ","2.03","3"
"TANGER INC","SKT","4782.28","41.63","950659","4.41","5.93","13.22","98.78","14.73","10.55","21.91","41.78","29.52","90","Finance","REIT and Equity Trust - Retail","20.76","2"
"Skyward Specialty Insurance Group, Inc.","SKWD","2461.37","60.71","766906","1.59","19.46","34.08","91.96","9.24","23.16","11.94","62.41","41.26","154","Finance","Insurance - Property and Casualty","11.36","3"
"Champion Homes, Inc.","SKY","4481.02","81.63","729569","1.83","-.39",".9","56.7","-11.16","7.26","8.18","97.46","60.9","247","Construction","Building Products - Mobile Homes and RV Builders","7.77","5"
"SkyWater Technology","SKYT","1515.5","30.8","685367","-3.18","-17.49","-3.21","70.74","55.98","29.18","-.44","39.91","8.78","47","Computer and Technology","Electronics - Semiconductors","21.04","3"
"SkyWest","SKYW","3939.85","99.34","410728","1.6","6.7","18.93","46.21","-9.01","15.03","10.13","123.72","78.4","75","Transportation","Transportation - Airline","10.42","4"
"Silicon Laboratories","SLAB","7168.93","217.36","464415","-.64","-1.1","1.1","97.14","52.95","34.29","6.18","220.34","116.08","17","Computer and Technology","Semiconductor - Analog and Mixed","-6.13","3"
"SLB Limited","SLB","69355.72","46.39","12988426","-2.05","-3.25","-16.01","55.8","11.16","-1.6","11.14","58.01","31.72","99","Business Services","Technology Services","9.26","4"
"Slide Insurance Holdings, Inc.","SLDE","2410.33","21.04","1490843","-1.59","24.2","11.15","96.07","-.67","36.5","38.86","21.38","12.74","167","Finance","Insurance - Multi line","38.86","3"
"Sun Life Financial","SLF","44949.8","80.65","535770","2.78","4","14.07","95.52","18.87","5.9","11.97","81.78","56.54","200","Finance","Insurance - Life Insurance","7.85","3"
"SL Green Realty","SLG","3628.44","50.8","1015257","5.05","2.48","19.61","50.99","1.85","13.18","-25.72","65.67","35.33","64","Finance","REIT and Equity Trust - Other","-15.77","3"
"Silgan Holdings","SLGN","4868.67","46.07","981038","2.51","11.09","17.89","49.7","4.95","10.73","5.95","56.02","36.24","100","Industrial Products","Containers - Metal and Glass","4.31","2"
"SLM","SLM","4777.06","25.33","2907048","1.77","10.9","8.11","45.76","-13.91",".31","49.81","33.14","18.74","161","Finance","Financial - Consumer Loans","26.42","3"
"Simulations Plus","SLP","368.29","18.21","481688","-.22",".61","24.64","72.26","-8.13","13.09","21.59","20.84","11.36","90","Computer and Technology","Computer - Software","9.88",""
"SLR Investment","SLRC","705.39","12.93","416830","-.08","5.46","-16.37","15.69","-23.08","-5.97","38.52","16.8","12.21","212","Finance","Financial - SBIC & Commercial Industry","41.81","4"
"Sylvamo","SLVM","1478.98","37.22","325888","-5.24","-4","-13.42","7.45","-28.91","-11.18","2.89","54.74","35.81","228","Basic Materials","Paper and Related Products","3.11","5"
"SM Energy","SM","7499.34","31.28","3571924","4.65","13.5","7.49","79.52","53.84","17.24","19.29","34.81","17.57","201","Oils-Energy","Oil and Gas - Exploration and Production - United States","3.45","3"
"Smartstop Self Storage REIT Inc","SMA","1868.58","33.75","735016","1.81","4.23","6.17","44.02",".32","18.62","4.38","38.99","29.63","64","Finance","REIT and Equity Trust - Other","4.38","4"
"Super Micro Computer","SMCI","14331.8","23.83","38968232","-13.85","-32.8","-14.43","8.21","-25.12","47.04","4.6","60.71","20.53","26","Computer and Technology","Computer- Storage Devices","3.7","4"
"Siemens Energy AG Unsponsored ADR","SMERY","147940.84","34.46","906410","1.71","-11.93","-17.28","59.9","13.07","15.55","5.54","44.34","19.7","95","Oils-Energy","Alternative Energy - Other","5.54","3"
"Sumitomo Mitsui Financial Group","SMFG","158777.38","24.89","1799667","-4.12","-.56","22.31","86.55","18.42","7.28","16.16","26.5","14.53","100","Finance","Banks - Foreign","15.68","1"
"Scotts MiracleGro","SMG","4032.01","69.3","931165","8.43","10.51","2.24","80.23","9.23","-3.93","7.72","73.47","52.38","164","Consumer Staples","Agriculture - Operations","3.27","4"
"Simply Good Foods","SMPL","965.99","10.92","2608171","-17.96","-7.93","-18.14","2.09","-49.99","8.98","11.78","33.36","10.44","216","Consumer Staples","Food - Confectionery","-14.28","3"
"Semtech","SMTC","11725.87","125.88","3591645","-4.74","-27.96","24.28","61.31","57.1","15.47","15.8","174.73","48.47","17","Computer and Technology","Semiconductor - Analog and Mixed","-3.05","1"
"Similarweb","SMWB","586.05","6.69","1033530","-6.17","30.41","148.7","54.03","-17.85","13.08","3.04","10.4","2.33","184","Computer and Technology","Internet - Content","-10.38","2"
"SharkNinja, Inc.","SN","21628.56","152.83","1464984","2.03","10.3","30.88","97.57","25.61","15.75","11.85","154.53","84.57","182","Consumer Discretionary","Consumer Products - Discretionary","10.7","2"
"SnapOn","SNA","21059.03","406.53","328180","1.35","4.05","5.74","91.32","8.5","-7.15","20.94","414.97","317.79","100","Consumer Discretionary","Tools - Handheld","21.28","3"
"Sonida Senior Living","SNDA","1920.74","40.55","738915",".72","10.91","11.4","90.92","14.36","25.24","-25.08","42.21","23.92","85","Medical","Medical Services","-24.15","2"
"Sandisk Corporation","SNDK","205985.44","1390.95","12943374","-16.91","-38.83","29.97","58.85","438.9","10.39","36.9","2335","40.69","26","Computer and Technology","Computer- Storage Devices","34.19","1"
"Schneider National","SNDR","6561.91","37.47","959854","2.15","5.64","22.61","93.03","29.89","7.25","1.84","38.76","20.25","90","Transportation","Transportation - Services","1.73","1"
"Syndax Pharmaceuticals","SNDX","1975.12","22.29","2073144","-2.62","15.37","6.14","81.77","-2.43","627.84","-111.88","25.15","9.46","98","Medical","Medical - Biomedical and Genetics","-111.88","2"
"StoneX Group","SNEX","8405.81","70.71","1453104","-5.62","-23.58","-.07","60.96","53.81","32.53","8.84","92.67","36.42","186","Finance","Financial - Miscellaneous Services",".3","3"
"Snowflake","SNOW","95086.24","274.34","5704318","2.12","21.07","90.18","96.34","15.02","29.16","10.46","280.16","121.11","85","Computer and Technology","Internet - Software","-23.79","3"
"Synopsys","SNPS","72467.27","378.46","1880394","-12.76","-18.54","-24.09","0","-25.9","15.12","28.28","645.35","378.46","90","Computer and Technology","Computer - Software","8.91","1"
"TD SYNNEX CORP","SNX","19073.36","238.54","965578","-5.08","-15.79","5.68","65.44","46.03","6.94","1.98","290.14","140.85","68","Computer and Technology","Computers - IT Services","1.63","1"
"Sanofi","SNY","106626.23","43.98","4022670","-.05","5.27","-4.18","24.07","-16.53","11","21.68","52.34","41.33","230","Medical","Large Cap Pharmaceuticals","16.95","4"
"The Southern Company","SO","106484.87","94.46","4981607","-2.08","1.1",".74","66.37","-.37","10.59","16.17","99.72","84.08","154","Utilities","Utility - Electric Power","14.46","3"
"South Bow Corporation","SOBO","7780.34","37.3","873867",".19","3.9","16.13","93.19","24.88","-6.32","20.47","38.18","25.26","216","Oils-Energy","Oil and Gas - Production and Pipelines","21.32","3"
"SoFi Technologies","SOFI","21819.43","17.01","80781456","-6.18","-.53","-9.33","10.9","-40.25","35.09","14.77","32.21","15.15","186","Finance","Financial - Miscellaneous Services","14.65","3"
"Solventum Corporation","SOLV","13724.1","79.25","1116618","2.36","7.74","13.57","70.87","-8.02",".86","13.27","86.14","62.49","85","Medical","Medical Services","17.33","3"
"Sonoco","SON","5397.24","54.59","1115183","1.75","8.18","8.64","83.44","15.05","41.72","7.6","57.63","39.27","185","Industrial Products","Containers - Paper and Packaging","13.57","3"
"Sonos","SONO","1810.76","15.2","2272372","1.06","6.15","3.83","55","-20.39","-4.93","8.8","19.16","10.36","100","Consumer Discretionary","Audio Video Production","1.62","3"
"Sony","SONY","124955.49","21.15","4669398","2.27","8.41","5.01","16.73","-24.02","-2.57","8.34","30.26","19.32","100","Consumer Discretionary","Audio Video Production","-2.61","3"
"SOPHiA GENETICS","SOPH","531.06","6.33","331995","10.66","18.54","30.25","100","24.66","18.56","-44.48","6.33","3.01","72","Medical","Medical Info Systems","-44.48",""
"SoundHound AI","SOUN","2730.78","6.31","27919140","-2.77","-8.28","-22.67","2.65","-41.79","99.45","-31.95","21.4","5.9","68","Computer and Technology","Computers - IT Services","-91.84","3"
"Spectrum Brands","SPB","2034.88","88.49","345606","4.49","6.24","5.72","97.17","37.75","-5.23","5.55","89.6","50.35","182","Consumer Discretionary","Consumer Products - Discretionary","4.47","4"
"Simon Property Group","SPG","73999.72","228.19","2171943","3.96","6.35","13.36","99.25","13.37","6.72","70.6","228.7","160.68","90","Finance","REIT and Equity Trust - Retail","70.6","3"
"S&P Global","SPGI","132711.61","448.35","2335130","2.4","10.05","2.55","33.21","-21.1","7.94","35.45","564.15","390.76","204","Finance","Securities and Exchanges","30.37","5"
"Sphere Entertainment Co.","SPHR","4882.96","137.54","634771","-5.13","-12.53","2.61","73.58","33.04","18.81","-8.55","173.03","38.7","67","Consumer Discretionary","Media Conglomerates","8.05","2"
"Spire","SPIR","424.28","10.96","1010898","-21.66","-36.54","-33.21","21.34","34.4","-35.22","-37.25","25.48","7.02","90","Aerospace","Aerospace - Defense","77.12","3"
"SiriusPoint","SPNT","2898.59","24.66","825714","-2.07","8.21","5.25","93.25","3.61","23.09","11.05","25.18","17.48","167","Finance","Insurance - Multi line","15.38","3"
"Spotify Technology","SPOT","101359.99","492.32","1493356","2.6","7.18","-.71","24.42","-22.03","14.61","15.56","738.53","412.75","85","Computer and Technology","Internet - Software","15.56","4"
"ARS Pharmaceuticals, Inc.","SPRY","639.51","6.44","2023431","-16.8","-35.47","-18.99","0","-49.16","-5.46","-200","18.35","6.44","100","Medical","Medical - Drugs","-200","2"
"SPS Commerce","SPSC","2412.76","65.72","696677","3.77","19.8","19.75","17.08","-32.19","17.83","21.69","142.5","49.91","196","Business Services","Business - Services","11.92","2"
"Sprout Social","SPT","505.49","8.41","1187528","-1.75","31.41","39.93","23.85","-31.37","12.72","10.51","19.33","4.99","100","Computer and Technology","Internet - Services","-8.18","3"
"SPX Technologies, Inc.","SPXC","10656.8","212.86","974950","-1.06","-13.62","-4.31","53.78","-2.15","14.17","14.83","246.41","173.83","48","Construction","Building Products - Air Conditioner and Heating","10.76","2"
"Sociedad Quimica y Minera","SQM","19335.76","67.69","924155","-5.91","-13.94","-25.85","53.59","-9.51","1.05","15.38","95.31","35.8","95","Basic Materials","Chemical - Specialty","15.38","3"
"Spire","SR","4799.69","81.19","634697","-1.49","6.91","-10.2","37.39","-9.71","-4.5","12.15","95.19","72.83","189","Utilities","Utility - Gas Distribution","13.97","3"
"Sportradar Group","SRAD","4464.95","14.91","1940424","-4.36","2.26","7.04","13.17","-42.31","21.85","5.2","31.79","12.35","85","Computer and Technology","Internet - Software","5.2","5"
"Sempra","SRE","59284.73","90.69","3253284","-3.94","-1.02","-1.91","61.38","-5.53","3.92","23.28","99.75","76.29","95","Oils-Energy","Alternative Energy - Other","14.31","3"
"Sarepta Therapeutics","SRPT","1776.85","16.83","3870342","-10.57","-4.65","-19.78","39.14","-28.08","15.58","9.7","24.45","11.93","98","Medical","Medical - Biomedical and Genetics","-2.94","4"
"Strata Critical Medical, Inc.","SRTA","437.82","5.06","1094458","1","-12","2.22","47.78","-3.25","-20.73","-4.75","6.47","3.77","85","Medical","Medical Services","20.56","3"
"SouthState Bank Corporation","SSB","9996.32","102.35","836930","1.9","5.37","4.61","75.7",".02","53.76","35.79","107.82","85.31","90","Finance","Banks - Southeast","24.75","3"
"Simpson Manufacturing","SSD","7638.56","185.68","341702",".04","-6.35","-.45","53.17","5.76","4.51","14.92","210.06","158","100","Construction","Building Products - Miscellaneous","14.92","4"
"SS&C Technologies","SSNC","16740.37","69.51","1717251","2.13","6.72","1.28","26.5","-26.87","6.63","25.03","90.2","62.05","90","Computer and Technology","Computer - Software","12.65","4"
"Silver Standard Resources","SSRM","5170.21","25.05","3351446","-10.18","-18.46","-18.54","55.35","5.1","63.68","33.31","35.74","11.8","211","Basic Materials","Mining - Miscellaneous","12.17","3"
"Shutterstock","SSTK","282.15","7.68","1093464","-6.91","-51.11","-56.41","1.42","-63.02","5.84","13.2","26.41","7.41","184","Computer and Technology","Internet - Content","-2.19","3"
"Stratasys","SSYS","696.27","8.08","537620","-2.53","-6.37","-6.16","13.15","-14.39","-3.73","1.56","12.44","7.42","216","Industrial Products","Commercial Printing","-21.01","4"
"Sensata Technologies Holding","ST","6481.91","44.57","1620231",".38","-13.79","5.49","64.11","23.13","-5.8","13.72","53.55","28.53","48","Computer and Technology","Instruments - Control","1.28","2"
"STAAR Surgical","STAA","1193.43","23.97","833728","-13.72","-16.86","-10.16","45.65","-4.53","-23.72","14.07","33.34","16.1","76","Medical","Medical - Dental Supplies","-7.24","3"
"Stag Industrial","STAG","7996.2","41.82","1654473","7.01","8.4","5.93","97.17","4.63","10.14","28.25","42.04","34.28","64","Finance","REIT and Equity Trust - Other","28.25","3"
"STERIS","STE","20901.75","214.47","743898","-1.19","7.02","-3.47","21.76","-22.2","8.73","16.91","268.65","199.4","178","Medical","Medical - Instruments","13.18","3"
"StepStone Group","STEP","5042.3","42.25","1561771","-1.31","-7.06","-15.37","7.38","-39.45","69.69","20.04","76.27","39.54","186","Finance","Financial - Miscellaneous Services","-26.88","4"
"Stagwell Inc.","STGW","1836.6","7.41","1365597","-5.85","11.26","8.97","86.74","39.36","2.39","7.69","7.87","4.4","100","Business Services","Advertising and Marketing",".64","3"
"Steel Dynamics","STLD","33357.03","230.49","1157810","-1.56","-8.16","2.42","67.61","25.1","3.63","7.83","282.76","121.36","42","Basic Materials","Steel - Producers","7.83","3"
"STMicroelectronics","STM","55489.28","61.78","10644198","-9.77","-22.69","22.19","69.12","119.04","-11.07","4.41","79.91","21.2","5","Computer and Technology","Semiconductor - General","1.19","1"
"Stantec","STN","7769.07","69.12","491313",".51",".91","-23.95","3.26","-32.63","6.48","9.4","113.7","67.62","161","Business Services","Consulting Services","5.92","4"
"StoneCo","STNE","2767.82","11.12","3997662","-.27","3.54","-7.26","15.33","-30.85","3.08","16.64","19.46","9.61","85","Computer and Technology","Internet - Software","23.82","4"
"Scorpio Tankers","STNG","3931.59","77.98","893527",".91","-5.42","-2.21","80.27","41.09","-24.58","37.13","86.62","42.82","62","Transportation","Transportation - Shipping","48.44","3"
"Stoke Therapeutics","STOK","1723.96","27.68","961456","-6.04","-10.62","-17.89","59.03","-19.8","404.5","-529.2","38.35","12.31","98","Medical","Medical - Biomedical and Genetics","-529.2","3"
"Sterling Infrastructure, Inc.","STRL","19952.62","650.22","876475","-1.49","-30.29","28.64","54.3","95.28","17.69","13.79","993.74","242.01","100","Construction","Engineering - R and D Services","12.02","1"
"Sutro Biopharma","STRO","374.33","22.59","461711","-18.86","-28.4","-32.75","45.5","79.57","65.18","-154.21","40.91","7.3","98","Medical","Medical - Biomedical and Genetics","-154.21","3"
"State Street","STT","50532.13","182.58","2603243","2.48","5.11","18.54","94.93","30.16","2.24","24.65","186.59","107.48","23","Finance","Banks - Major Regional","15.02","1"
"Starwood Property Trust","STWD","6154.43","16.6","3788369",".85","-.24","-9.44","6.16","-15.23","-5.27","31.29","20.71","16.33","197","Finance","REIT and Equity Trust","18.11","4"
"Seagate Technology","STX","179932.55","802.45","4785703","-6.76","-26.65","34.67","69.22","167.99","38.86","25.2","1094.04","146.59","16","Computer and Technology","Computer - Integrated Systems","21.6","1"
"Constellation Brands","STZ","22945.79","134.36","2458163","-.11","-5.05","-13.36","13.85","-10.43","-10.96","23.11","176.09","127.65","215","Consumer Staples","Beverages - Alcohol","18.87","4"
"Suncor Energy","SU","73501.41","62.25","4137503","1.6","10.71","-3.44","76.3","29.06","-5.44","12.23","69.73","38.17","216","Oils-Energy","Oil and Gas - Integrated - Canadian","12.29","3"
"Sun Communities","SUI","14812.34","120.2","1360377","-.5","1.61","-5.83","17.49","-10.79","-28.41",".5","137.18","116.6","100","Finance","REIT and Equity Trust - Residential","62.29","4"
"Sunoco","SUN","15337.13","74.88","384341","5.76","19.33","13.45","100","31.4","11.05","3.07","74.88","48.42","21","Oils-Energy","Oil and Gas - Refining and Marketing - Master Limited Partnerships","3.07","3"
"Supernus Pharmaceuticals","SUPN","2752.24","47.42","937375",".15","6.61","-4.12","61.15","-12.25","8.63","25.15","57","32.34","207","Medical","Medical - Generic Drugs","-3.74","3"
"Grupo Supervielle","SUPV","844.82","9.65","473059","1.26","-6.49","9.29","60.71","-24.92","-19.44","-4.49","12.86","4.69","100","Finance","Banks - Foreign","-3.46","3"
"Suzano","SUZ","10217.6","8.24","2890440","1.6",".37","-9.45","15.04","-18.86","2.08","22.9","11.46","7.67","228","Basic Materials","Paper and Related Products","22.9","3"
"Service Properties Trust","SVC","1133.91","8.76","2207457","-1.13","5.54","14.51","30.75","-12.43","-4.33","-13.59","15.2","5.9","64","Finance","REIT and Equity Trust - Other","-13.59","5"
"Silvaco Group, Inc.","SVCO","256.55","7.85","496441","-22.2","-40.53","-25.73","43.75","78.26","5.67","-12.06","13.79","3.23","47","Computer and Technology","Electronics - Semiconductors","-41.65","3"
"Silvercorp Metals","SVM","1970.95","8.91","2809086","-3.36","-20.23","-28.72","40.4","-1.75","46.58","34.42","15.71","4.3","211","Basic Materials","Mining - Miscellaneous","-2.27","3"
"Seven and I Holdings Co.","SVNDY","30473.36","12.8","320563","3.31","10.82","9.31","33.49","-18.31","-11.37","2.86","15.54","11.42","59","Retail-Wholesale","Retail - Miscellaneous","3.03","3"
"Savers Value Village, Inc.","SVV","1502.91","9.76","752357",".83","1.24","11.67","40.24","-3.9","9.19","4.18","13.71","7.1","174","Consumer Discretionary","Textile - Apparel","1.29","4"
"Smurfit Westrock PLC","SW","22625.38","43.14","5500148","-.02","-4.96","7.74","54.33","2.6","47.7","2.91","51.84","32.79","228","Basic Materials","Paper and Related Products","1.22","3"
"Smith & Wesson Brands","SWBI","671.35","15.01","658670","-4.15","-8.75","-1.25","81.41","39.86","10.36","3.51","16.67","7.74","95","Consumer Discretionary","Leisure and Recreation Products","3.53","3"
"Latham Group","SWIM","717.39","6.11","751372","3.21","6.08","2.17","38.68","-11.51","7.35","2.79","8.25","4.76","100","Construction","Building Products - Miscellaneous","1.55","3"
"Stanley Black & Decker","SWK","13602.36","87.5","1498593","1.12","1.38","9.57","79.31","8.34","-1.53","4.71","94.12","62.12","190","Industrial Products","Manufacturing - Tools & Related Products","2.44","3"
"Skyworks Solutions","SWKS","8994.28","59.8","5199394","2.68","-21.5","-3.73","23.61","-13.27","-2.18","21.49","83.42","52.5","48","Computer and Technology","Semiconductors - Radio Frequency","8.93","3"
"Southwest Gas","SWX","6638.95","91.73","590896","-.1","3.59","1.54","86.86","5.43","-62.05","11.18","94.05","76.39","189","Utilities","Utility - Gas Distribution","19.95","3"
"SunCoke Energy","SXC","709.37","8.36","1190088","-.71","-.12","27.05","68.45","6.79","-5.07","1.61","9.6","5.67","19","Oils-Energy","Coal","-3.55","3"
"Sensient Technologies","SXT","4670.24","109.71","500968","-3.76","-7.86","-11.98","64.18","7.4","3.52","9.41","124.64","82.96","95","Basic Materials","Chemical - Specialty","8.71","3"
"Synchrony Financial","SYF","24692.94","73.41","3572915",".27","-3.04","-4.35","39","-19.08","-.19","19.45","88.47","63.78","186","Finance","Financial - Miscellaneous Services","15.8","3"
"Stryker","SYK","122345.77","319.14","2570320","-3.71","4.74","-3","30.23","-16.49","11.16","20.48","403.53","282.58","167","Medical","Medical - Products","13.2","3"
"SYMBOTIC INC","SYM","24608.52","40.83","1791163","-3.77","1.57","-31.4","4.64","-36.89","23.31","6.45","87.3","38.57","99","Business Services","Technology Services","-.2","3"
"Synaptics","SYNA","4389.24","113.6","1416018","-4.66","-21","23.84","61.85","41.15","11.98","14.96","147.57","58.52","47","Computer and Technology","Electronics - Semiconductors","-4.1","3"
"Sysco","SYY","38627.59","80.78","3254022","-3.21","3.59","7.19","52.52",".82","3.2","2.63","91.16","69.3","197","Consumer Staples","Food - Miscellaneous","2.08","3"
"AT&T","T","152516.05","21.95","76673728","1.86","-.68","-13.99","16.08","-18.73","2.71","12.34","29.62","20.48","201","Computer and Technology","Wireless National","16.94","3"
"TransAlta","TAC","4335.27","13.72","1395673","-1.51","-.94","8.98","32.6","-.17","-17.11","2.63","17.73","11.78","154","Utilities","Utility - Electric Power","-9.46","4"
"Takeda Pharmaceutical Co.","TAK","54629.82","17.05","3203915","3.4","10.21","4.22","68.58",".58","-5.86","18.36","18.8","13.23","100","Medical","Medical - Drugs","4.31","5"
"TAL Education Group","TAL","5711.63","10.31","2856950","-.29","8.87","-3.73","34.34","-13.09","33.72","19.07","12.91","8.95","100","Consumer Discretionary","Schools","17.64","3"
"Talkspace","TALK","872.74","5.21","2345249","-.38","0",".58","98.99","32","22",".49","5.24","2.27","72","Medical","Medical Info Systems",".49","3"
"Talos Energy","TALO","2373.69","14.22","1954462","-.07","1.14","-6.32","73.07","18.67","-9.8","-9.72","16.59","7.79","201","Oils-Energy","Oil and Gas - Exploration and Production - United States","-42.58","3"
"Molson Coors","TAP","7804.01","41.61","3121916","4.34","4.97","-2.3","19.94","-18.02","-5.05","9.81","54.38","38.43","215","Consumer Staples","Beverages - Alcohol","-16.14","3"
"Tarsus Pharmaceuticals","TARS","2420.1","56.25","1480679","-5.16","-11.5","-7.68","39.9","-36.82","146.71","-9.02","82.51","38.82","98","Medical","Medical - Biomedical and Genetics","-9.02","4"
"TaskUs","TASK","532.98","5.82","560169","3.56","16.63","-7.18","9.16","-54.6","18.95","12.25","18.21","4.57","68","Computer and Technology","Computers - IT Services","8.7","2"
"BBB Foods Inc.","TBBB","4889.71","41.24","573919","-1.15","-1.08","13.8","92.74","13.59","29.35","-3.95","42.58","24.12","179","Consumer Staples","Consumer Products - Staples","-3.95","2"
"The Bancorp","TBBK","2798.67","67.22","415843","1.1","18.24","14.2","54.54","-8.44","24.06","33.5","80.34","51.48","85","Finance","Banks - Northeast","26.92","3"
"TrueBlue","TBI","260.56","8.57","317557","-.35","36.03","81.18","97.95","73.22","3.1","-1.28","8.68","3.31","205","Business Services","Staffing Firms","-3.25","3"
"Taboola.com","TBLA","1294.28","5.32","3511911","-4.49","19.82","38.18","90.11","6.13","8.26","7.27","5.58","2.95","68","Computer and Technology","Computers - IT Services","5.64","3"
"Theravance Biopharma","TBPH","866.61","16.81","904580","-.53","1.51","0","60.06","-17.37","66.92","1.65","20.74","10.9","100","Medical","Medical - Drugs","104.34","4"
"Texas Capital Bancshares","TCBI","4519.94","103.5","519965","1.6","3.92","3.18","86.17","5.13","3.03","27.29","107.74","77.08","43","Finance","Banks - Southwest","17.71","3"
"TriCo Bancshares","TCBK","1908.25","59.8","528785","-.45","15.99","18.2","91.48","16.1","1.48","30.05","61.62","40.26","48","Finance","Banks - West","23.71","3"
"Tencent","TCEHY","557189.38","61.28","3894685","5.64","10.79",".41","23.41","-26.38","13.87","34.65","87.33","53.32","100","Computer and Technology","Internet - Services","30.6","4"
"Trip.com Group Limited","TCOM","28705.1","44.19","3638040","4.32","-4.8","-16.94","11.12","-43.48","22.42","48.44","78.96","39.84","84","Consumer Discretionary","Leisure and Recreation Services","48.26","5"
"The Toronto Dominion Bank","TD","198691.78","120.5","3010166","-.11",".77","14.07","91.77","17.65","-1.06","25.57","124.8","72.55","100","Finance","Banks - Foreign","13.2","3"
"USA TODAY Co., Inc.","TDAY","1235.23","8.42","1394918","-1.98","8.51","15.98","91.81","50.37","-8.25","1.73","8.86","3.49","67","Consumer Discretionary","Media Conglomerates","1.27",""
"Teradata","TDC","2879.46","30.6","3586105","-9.89","3.13","15.6","59.03","-7.55","-4.97","16.01","37.88","20.11","26","Computer and Technology","Computer- Storage Devices","24.93","3"
"Transdigm Group","TDG","67384.87","1204.73","356723","-2.45","-7.04","4","14.73","-16.68","11.22","24.2","1620.83","1132.88","79","Aerospace","Aerospace - Defense Equipment","20.24","3"
"Teladoc Health","TDOC","1741.95","9.65","4173256","0","27.31","64.96","98.67","26.79","-1.54","-6.3","9.72","4.47","85","Medical","Medical Services","-6.81","3"
"Telephone and Data Systems","TDS","3845.3","33.79","1106647","1.2","-13.23","-23.41","2.82","-24.2","-75.26","11.26","47.59","33.39","100","Utilities","Wireline - National","6.15","3"
"ThredUp","TDUP","850.38","6.59","1618541","6.63","11.51","56.53","38.8","-5.15","19.53","-4.49","12.08","3.11","179","Consumer Staples","Consumer Products - Staples","-6.68","3"
"Tidewater","TDW","3751.18","75.43","748276","1.45","13.69","-17.22","64.2","37.34",".52","8.17","91.12","47.29","201","Oils-Energy","Oil and Gas - Integrated - United States","22.16","3"
"Teledyne Technologies","TDY","29029.38","626.59","336130",".43","1.61","-4.41","69.63","12.83","7.86","17.34","688.59","484.47","79","Aerospace","Aerospace - Defense Equipment","14.99","2"
"T1 Energy Inc","TE","1684.01","6.03","31332330","-7.94","-42.02","13.56","44.76","-16.98","25572.84","-32.85","12.04","1.16","57","Oils-Energy","Solar","-42.3","3"
"Atlassian","TEAM","24470.83","96.43","3559089",".28","20.6","39.31","26.93","-45.3","19.66","21.2","203","57.15","85","Computer and Technology","Internet - Software","-3.5","4"
"BioTechne Corp","TECH","11216.59","71.64","8261229",".39","28.83","30","98.33","12.03","5.23","25.06","72.12","43.3","98","Medical","Medical - Biomedical and Genetics","9.05","4"
"Teck Resources","TECK","26311.15","54.5","3111302","-6.79","-14.23","-9.5","59.12","4.66","18.81","16.82","70.56","31.27","211","Basic Materials","Mining - Miscellaneous","14.91","2"
"TE Connectivity","TEL","59295.71","203.14","2181725","2.5","-4.49","-3.05","35.7","-17.88","8.94","16.13","249","177.68","71","Computer and Technology","Electronics - Miscellaneous Components","15.54","2"
"Tempus AI, Inc.","TEM","8692.73","48.41","5573325","-13.45","1.17","-8.11","9.92","-24.6","83.41","-6.37","103.25","42.37","72","Medical","Medical Info Systems","-22.21","3"
"Tenable Holdings","TENB","4163.87","37.76","3559710","-3.67","43.36","84.46","81.62","47.59","11.04","20.13","42.65","16.04","85","Computer and Technology","Internet - Software","-1.15","4"
"Telecom Argentina Stet  France Telecom","TEO","5672.81","13.17","308074","-2.23","-.15","17.38","70.3","4.33","49.78","3.33","15.98","6.52","190","Utilities","Wireline Non-US","3.33","3"
"Teradyne","TER","52247.51","333.76","4388878","-2.15","-26.97","-16.98","61.88","58.58","13.13","24.12","483.84","90.15","66","Computer and Technology","Electronics - Miscellaneous Products","22.55","2"
"Teva Pharmaceutical Industries","TEVA","35644.2","31","4826779","-3.67","-3.73","-.83","74.52","-8.65","4.32","19.77","36.34","15.38","207","Medical","Medical - Generic Drugs","9.01","3"
"Terex","TEX","7185.46","62.92","1455530","-4.1","-8.73",".4","64.45","8.41","5.73","6.18","74.58","41.78","100","Industrial Products","Manufacturing - Construction and Mining","1.87","3"
"Truist Financial","TFC","63539.84","51","8354357","-1.83","4.59","-.45","67.32","-4.69","25.5","28.72","55.81","41.09","23","Finance","Banks - Major Regional","19.13","3"
"TFI International","TFII","12440.74","151.36","317871","2.53","3.07","9.42","85.48","34.69","-6.1","4.55","163.36","80.71","90","Transportation","Transportation - Services","3.79","2"
"Triumph Financial, Inc.","TFIN","1853.32","77.85","315917","-.59","6.61","13.82","91.8","14.32","6.34","7.94","80.61","46.95","186","Finance","Financial - Miscellaneous Services","6.07","1"
"Triple Flag Precious Metals Corp.","TFPM","5658.88","27.39","690519","-.72","-8.27","-18.48","24.65","-24.17","44.5","56.79","41.36","22.82","230","Basic Materials","Mining - Gold","68.68","3"
"TFS Financial","TFSL","5112.28","18.23","777046","3.23","9.75","21.86","96.4","25.31","4.37","27.65","18.44","12.61","85","Finance","Financial - Savings and Loan","11.42","3"
"Teleflex","TFX","5933.54","134.03","404297","-1.74","10.16","-.77","87.57","1","-34.61","16.87","138.81","100.34","178","Medical","Medical - Instruments","-35.89","2"
"Trekor Metals Limited","TGB","2567.23","7.02","4641708","0",".86","-6.02","68.1","14.07","10.8","7.98","8.88","3.05","211","Basic Materials","Mining - Miscellaneous","1.98","3"
"Target","TGT","63400.54","139.59","4456786","3.58","7.6","7.61","97.2","31.33","-1.68","3.42","141.2","83.68","21","Retail-Wholesale","Retail - Discount Stores","3.24","2"
"TG Therapeutics","TGTX","8260.39","53.96","2339604","-1.91","-.81","52.52","84.39","66.48","87.32","66.99","59.06","26.39","98","Medical","Medical - Biomedical and Genetics","65.95","3"
"Target Hospitality","TH","1641.69","16.39","1258029","-2.09","-18.62","14.61","71.12","88.19","-16.99","-13.47","20.52","6.22","84","Consumer Discretionary","Leisure and Recreation Services","-13.47","2"
"Tenet Healthcare","THC","16743.31","194.38","1153674","-.22","8.74","4.77","47.71","-10.04","3.12","7.14","244.8","148.38","216","Medical","Medical - Hospital","7.94","4"
"The Hanover Insurance Group","THG","7499.42","214.35","344252","-1.16","6.49","19.61","87.57","7.86","5.72","11.05","221.61","163.22","154","Finance","Insurance - Property and Casualty","10.77","2"
"Thor Industries","THO","3945.43","75.79","706837","5.32","4.49","-3.67","7.99","-32.11","-4.62","2.48","120.34","71.92","247","Construction","Building Products - Mobile Homes and RV Builders","2.67","5"
"Gentherm","THRM","1090.83","35.57","336755","-1.52",".91","19.28","70.61","-10.05","2.92","5.22","39.05","27.21","100","Auto-Tires-Trucks","Automotive - Original Equipment","1.47","3"
"Acuren Corporation","TIC","1445.62","6.54","1835180","-8.15","-18.96","-24.83","0","-40.51","39.45","-2.82","14.49","6.54","99","Business Services","Technology Services","-5.77","3"
"Millicom International Cellular","TIGO","16457.22","97.38","1512775","1.71","14.1","17.57","98.38","61.54",".26","8.66","98.34","39.14","205","Computer and Technology","Wireless Non-US ","19.16","4"
"Interface","TILE","1860.7","32.05","535071","-.77","-.96","14.71","74.98","5.57","5.41","8.74","35.94","20.39","43","Consumer Discretionary","Textile - Home Furnishing","8.92","3"
"TIM","TIMB","10767.74","22.24","416942","1.6","3.88","-13.97","43.87","5.16","1.02","16.09","27.96","17.77","205","Computer and Technology","Wireless Non-US ","16","4"
"The TJX Companies","TJX","172002.47","155.7","5651083","3.43","-5.16","-1.13","72.51","-6.78","7.12","9.13","168.41","122.17","21","Retail-Wholesale","Retail - Discount Stores","9.4","2"
"Teekay Corporation Ltd.","TK","933.74","10.76","569010","-.65","-12.66","-19.16","51.22","9.59","-22.19","13.03","14.15","7.2","232","Oils-Energy","Oil and Gas - Integrated - International","13.03",""
"Turkcell Iletisim Hizmetleri","TKC","5121.6","5.82","2128610",".34","-4.12","-9.49","22.67","-2.15","20.62","7.34","7.15","5.43","205","Computer and Technology","Wireless Non-US ","7.27","3"
"TKO Group Holdings, Inc.","TKO","35484.1","182.79","1297092","1.01","-7.34","-1.83","39.19","-19.57","68.85","4.61","224.96","155.61","190","Consumer Discretionary","Film and Television Production and Distribution","4.47","4"
"The Timken Company","TKR","9338.67","134.38","833535","-2.86","-5.35","23.63","85.32","46.9",".19","8.41","145.32","70.79","66","Computer and Technology","Electronics - Miscellaneous Products","6.6","3"
"PT Telekomunikasi Indonesia","TLK","14819.71","14.96","865623","7.01","5.95","-11.16","15.3","-34.64","-6.81","11.1","23.43","13.43","233","Utilities","Diversified Communication Services","11.1","2"
"Talen Energy Corporation","TLN","17257.4","360.32","809658","-9.09","-17.76","-2.53","52.97","-11.59","22.03","15.28","445.84","264","95","Oils-Energy","Alternative Energy - Other","-.63","2"
"Toyota Motor","TM","232685.05","178.53","460816","2.16","5.18","-7.1","14.71","-23.3","6.74","7.59","248.29","166.5","167","Auto-Tires-Trucks","Automotive - Foreign","7.59","3"
"TransMedics Group","TMDX","2539.19","73.47","984315","-3","-2.7","-32.05","12.93","-44.46","37.13","14.43","150.42","62.04","178","Medical","Medical - Instruments","27.04","5"
"Tencent Music Entertainment Group","TME","14432.71","9.17","5905650","3.85","9.95","-2.03","5.55","-51.89","20.92","29.25","26.36","8.16","67","Consumer Discretionary","Media Conglomerates","26.45","3"
"Taylor Morrison Home","TMHC","6767.9","72.44","2542790",".79","1.17","15.06","100","13.17","-.57","9.35","72.44","54.79","197","Construction","Building Products - Home Builders","8.77","3"
"Thermo Fisher Scientific","TMO","195558.36","526.23","1937136","-.43","13.41","12.43","51.72","-16.48","3.91","19.29","639.45","404.94","178","Medical","Medical - Instruments","15.15","4"
"TMobile US","TMUS","211722.53","195.64","5091307","3.84","8.65","7.05","30.58","-11.38","8.49","12.72","259.01","167.73","201","Computer and Technology","Wireless National","11.65","3"
"Tandem Diabetes Care","TNDM","1240.38","18.1","1759627","11.39","26.22","-8.68","44.01","-24.27","7.93","-7.26","28.26","10.11","178","Medical","Medical - Instruments","-9.2","4"
"TriNet","TNET","2788.38","60.69","323235","5.44","40.81","50.6","69.59","-5.6","-.85","20.67","72.42","33.85","100","Business Services","Outsourcing","3.22","3"
"TEEKAY TANK LTD","TNK","2484.33","71.91","364015","1.68","-7.31","-7.46","72.67","23.8","-22.58","45.57","83.03","42.35","62","Transportation","Transportation - Shipping","42.6","3"
"Travel  Leisure Co.","TNL","4529.31","72.56","625541","-.68","-2.86","11.05","72.1","-5.38","4.06","10.92","78.74","56.59","84","Consumer Discretionary","Leisure and Recreation Services","5.85","2"
"Tokyo Electron","TOELY","188907.38","201.81","414283","-7.53","-18.27","37.38","74.53","67.06","1.66","18.72","247.8","67.27","66","Computer and Technology","Electronics - Miscellaneous Products","23.4","1"
"The Oncology Institute","TOI","543.61","5.5","2132443","-12","9.78","65.17","79.97","42.09","27.79","-7.31","6.28","2.38","85","Medical","Medical Services","-7.42","3"
"Toll Brothers","TOL","13734.63","146.94","1002530","-.82","-3.28","-.29","61.23","-.06","1.11","11.66","166.12","116.65","197","Construction","Building Products - Home Builders","11.66","3"
"Toast","TOST","15918.6","30.85","13695605","2.97","27.16","7.68","31.59","-20.1","24.05","9.69","49.3","22.33","85","Computer and Technology","Internet - Software","6.39","3"
"Towne Bank","TOWN","2875.08","36.41","707035","1.56","4.03","1.82","77.97",".35","9.04","27.63","37.65","32.02","90","Finance","Banks - Southeast","13.51","4"
"Turning Point Brands","TPB","1561.41","80.62","340343","-.37","6.85",".93","13.86","-31.6","28.39","14.73","142.98","70.59","216","Consumer Staples","Tobacco","11.53","5"
"Tutor Perini","TPC","4237.59","80.54","556711","7.76","-1.18","-7.95","67.54","10.52","28.11","4.4","97.31","45.65","48","Construction","Building Products - Heavy Construction","1.37","3"
"TPG Inc.","TPG","16513.9","42.97","2097325","1.15","4.32",".09","15.88","-38.1","33.43","48.78","69.66","37.93","72","Finance","Financial - Investment Management","3.81","4"
"Texas Pacific Land","TPL","27994.65","405.87","357048","-.75","12.4","-7.1","49.7","29.96","13.09","60.03","539.79","273.56","95","Oils-Energy","Alternative Energy - Other","60.03","3"
"Tapestry","TPR","28512.55","141.12","2586993","3.67","-5.42","-3.65","70.11","1.58","5.09","18.22","160.49","95.69","62","Retail-Wholesale","Retail - Apparel and Shoes","8.44","2"
"Tootsie Roll Industries","TR","2933.18","39.02","338149","2.63","7.79","-6.34","46.87",".91","1.28","13.7","44.81","33.91","216","Consumer Staples","Food - Confectionery","13.7",""
"Trex","TREX","4486.35","43.18","1950848","-5.93","-6.94","1.72","34.02","13.2","1.98","16.95","68.49","30.13","100","Construction","Building Products - Wood","16.25","1"
"Targa Resources","TRGP","60604.71","282.35","1227280","1.06","6.74","17.02","99.59","40.74","3.95","12.87","282.91","146.3","21","Oils-Energy","Oil and Gas - Refining and Marketing - Master Limited Partnerships","12.87","3"
"Thomson Reuters","TRI","41556.01","95.43","1846220","1.21","24.66","5.53","13.88","-34.48","3","23.53","212.56","76.55","196","Business Services","Business - Services","19.93","2"
"Trinity Capital","TRIN","1590.11","17.69","1039491",".74","4.8","11.19","94.36","11.05","23.54","49.05","17.9","14.18","212","Finance","Financial - SBIC & Commercial Industry","43.45","3"
"TripAdvisor","TRIP","1676.76","14.41","3033297",".07","16.59","28.78","52.22","-8.98","3.05","7.03","19.14","9.24","166","Retail-Wholesale","Internet - Commerce",".99","3"
"Trimble","TRMB","12403.86","53.21","2701842","1.76","8.08","-20.78","11.93","-37.54","-2.61","21.48","85.24","48.87","56","Industrial Products","Manufacturing - General Industrial ","12.38","2"
"TORM","TRMD","2967.24","29.08","900643",".76","-3.93","-7","66.67","36.59","-14.09","34.99","34.87","17.5","62","Transportation","Transportation - Shipping","24.45",""
"Trustmark","TRMK","2729.85","46.58","458359",".41","3.28","3.33","90.36","9.98","18.31","27.66","47.66","36.46","90","Finance","Banks - Southeast","20.12","4"
"Trinity Industries","TRN","2897.98","36.45","742457","-.16","3.76","15.39","95.08","26.79","-29.95","12.71","37.13","23.3","64","Transportation","Transportation - Equipment and Leasing","12.37",""
"Terreno Realty","TRNO","7878.43","74.11","1107528","5.45","14.39","12.37","95.61","16.09","24.51","86.44","75.08","53.01","64","Finance","REIT and Equity Trust - Other","86.44","2"
"T. Rowe Price","TROW","24959.92","116.49","2145192","2.5","7.87","14.93","89.2","4.64","3.12","30.34","120.16","86.19","72","Finance","Financial - Investment Management","28.28","2"
"Tronox","TROX","949.17","5.95","2484089","-2.78","-18.94","-41.32","40.4","31.23","-5.73","-10.31","10.48","2.88","156","Basic Materials","Chemical - Diversified ","-15.82","4"
"TC Energy","TRP","71362.13","68.49","2580067",".81",".09","10.63","89.95","14.51","8.51","24.19","70.91","46.82","95","Oils-Energy","Alternative Energy - Other","22.22","3"
"TriMas","TRS","1430.6","39.93","385326","-1.48","-9.99","6.25","65.98","3.59","12.66","7.78","45.03","30.04","216","Industrial Products","Metal Products - Procurement and Fabrication","93.79","2"
"TPG RE Finance Trust","TRTX","670.26","8.67","724799","3.34","1.52","2.73","50.24","-7.39","-5.51","57.53","9.72","7.61","157","Finance","Real Estate - Operations","19.38","3"
"TransUnion","TRU","15233.13","79.01","2423672","3.67","22.63","10.98","41.91","-15.26","9.38","18.37","99.22","64.43","28","Business Services","Business - Information Services","14.91","3"
"Trupanion","TRUP","1166.41","26.74","348455","-2.3","15.01","-1.87","17.78","-34.19","11.95","1.74","51.16","21.46","72","Finance","Insurance - Accident and Health","1.74","2"
"The Travelers Companies","TRV","76859.9","368.5","1904708","7.9","18.64","21.32","99.58","16.84","5.18","16.85","368.98","254.91","154","Finance","Insurance - Property and Casualty","16.95","3"
"Tenaris","TS","30064.1","56.09","973379",".43","-3.54","-11.22","73.85","34.16","-4.33","16.17","64.02","33.69","100","Industrial Products","Steel - Pipe and Tube","16.17","3"
"Tractor Supply Co.","TSCO","15890.82","30.3","10247619",".2","1.64","-15.06","3.46","-44.28","4.31","6.91","62.65","29.14","59","Retail-Wholesale","Retail - Miscellaneous","6.91","4"
"Tower Semiconductor","TSEM","25549.76","227.21","1760418","-1.08","-28.29","11.74","67.07","77.96","9.05","17.51","316.85","44.67","47","Computer and Technology","Electronics - Semiconductors","15.13",""
"Tesla","TSLA","1388002.88","369.57","38327384","-6.38","-8.76","-2.4","35.75","-24.42","-2.93","6.52","489.88","302.63","167","Auto-Tires-Trucks","Automotive - Domestic","3.95","3"
"Sixth Street Specialty Lending","TSLX","1622.94","17.08","636253",".12","5.11","-9.2","9.89","-27.68","-6.94","44.67","25.1","16.2","212","Finance","Financial - SBIC & Commercial Industry","25.25","3"
"Taiwan Semiconductor","TSM","2086530.88","402.3","14667944","-4.57","-13.98","-.66","69.92","21.75","35.9","50.31","477.57","227.33","1","Computer and Technology","Semiconductor - Circuit Foundry","50.31","1"
"Tyson Foods","TSN","20423.51","58","2830305",".14","4.49","-8.82","40.38","-9","2.12","2.49","68.75","50.72","213","Consumer Staples","Food - Meat Products",".81","3"
"TSS","TSSI","254.91","9.08","781332","-19","-31.73","-39.83","9.67","18.12","66.03","7.14","29.26","6.92","100","Construction","Engineering - R and D Services","7.14","3"
"Trane Technologies","TT","103489.33","468.16","1254544","-2.45","-4.77","-3.65","72.21","10.63","7.48","13.74","503.46","376.43","99","Business Services","Technology Services","13.41","3"
"ServiceTitan Inc.","TTAN","7580.29","79.46","1820974","-1.11","26.99","31.82","37.57","-31.38","24.5","11.88","119.62","55.29","85","Computer and Technology","Internet - Software","-13.44","3"
"Toro","TTC","8913.48","93.6","618444",".27","1.53","-2.19","75.84","9.35","-1.6","9.44","101.76","67.99","100","Consumer Discretionary","Tools - Handheld","7.29","3"
"The Trade Desk","TTD","8762.82","18.64","13890749","-5.81","3.44","-19.45","1.81","-54.84","18.47","28.37","89.76","17.33","100","Computer and Technology","Internet - Services","14.57","3"
"TDK","TTDKY","35883.65","18.46","445503","-6.63","-27.36","8.33","49.01","20.41","14.93","7.87","25.91","11.3","71","Computer and Technology","Electronics - Miscellaneous Components","7.87","2"
"TotalEnergies","TTE","193732.53","80.8","1675503","-.5",".16","-8.95","64.65","13.59","-6.22","9.13","93.6","57.39","40","Oils-Energy","Oil and Gas - Refining and Marketing","7.43","3"
"Tetra Tech","TTEK","8115.34","31.27","2725388",".32","15.18","-.89","30.98","-14.26","4.69","9.4","42.61","26.18","100","Construction","Engineering - R and D Services","8.58","3"
"Tetra Technologies","TTI","1180.36","8.87","1770635","-3.38","-14.22","-9.03","61.62","-12.94","5.31","4.8","12.32","3.33","158","Oils-Energy","Oil and Gas - Field Services","1.15","3"
"TTM Technologies","TTMI","13829.71","133.17","3024463","-2.33","-39.87","-7.63","51.33","77.5","18.98","9.23","221.47","40.06","71","Computer and Technology","Electronics - Miscellaneous Components","6.29","3"
"TakeTwo Interactive Software","TTWO","44370.62","238.98","2381764","-2.1","-.25","11.79","67.89","-14.16","18.16","11.3","262.29","189.69","182","Consumer Discretionary","Gaming","-4.48","3"
"TELUS","TU","16180.72","10.28","5737233","-2.47","-9.35","-15.32","1.4","-28.21","-1.14","6.74","16.63","10.19","233","Utilities","Diversified Communication Services","4.54","4"
"Travere Therapeutics","TVTX","5158.32","55.47","1621920","-1.46",".65","35.92","91.86","33.51","110.45","-3.9","59.03","15.32","98","Medical","Medical - Biomedical and Genetics","-4","3"
"Tradeweb Markets","TW","23687.32","100.52","1656004",".84","2.36","-9.8","16.51","-14.04","18.92","40.49","146.12","91.5","26","Finance","Financial - Investment Bank","40.25","3"
"Titan International","TWI","486.65","7.56","545114","2.86","0","-8.25","19.5","-11.2","-.95","-.89","11.4","6.63","100","Auto-Tires-Trucks","Automotive - Original Equipment","-4.72",""
"Twilio","TWLO","31150.07","205.24","1786274","-5.96","11.76","43.94","78.22","32.7","13.66","15.74","236.64","92.44","85","Computer and Technology","Internet - Software","1.96","1"
"Two Harbors Investments Corp","TWO","1271.06","12.1","1969656",".17","-.98","9.8","61.46","5.98","-8.48","-266.01","14.1","8.91","197","Finance","REIT and Equity Trust","-87.72","3"
"Twist Bioscience","TWST","5445.63","87.45","1684054","-3.21","2.68","43.36","80.4","153.55","20.32","-30.39","102.88","24.16","98","Medical","Medical - Biomedical and Genetics","-19.85","3"
"Ternium","TX","8923.11","44.51","464062","-.71","-4.55","3.54","67.77","7.19","-11.56","3.89","51.24","30.36","42","Basic Materials","Steel - Producers","3.66","1"
"10x Genomics","TXG","5487.05","43.22","3209912","3.47","31.21","93.99","92.54","143.71","5.25","-3.55","45.79","11.34","72","Medical","Medical Info Systems","-3.55","3"
"Texas Instruments","TXN","258530.06","284.07","8616863","-4.86","-14.51","5.41","73.06","50.59","13.05","29.11","332.28","153.33","5","Computer and Technology","Semiconductor - General","29.11","1"
"TXNM Energy, Inc.","TXNM","6398.88","57.8","1618084","1.24",".78","-1.9","45.46","-9.72","9.86","11.19","59.48","56.4","95","Oils-Energy","Alternative Energy - Other","6.96","3"
"Texas Roadhouse","TXRH","12900.09","196.26","1004475","2.2","9.17","24.32","96.9","8.73","9.39","6.85","197.55","155.88","207","Retail-Wholesale","Retail - Restaurants","6.85","3"
"Textron","TXT","15787.38","90.79","1451452","1.53","4.43","2.61","57.98","-4.21","8.01","7.38","100.77","77.02","90","Aerospace","Aerospace - Defense","6.15","3"
"Tyler Technologies","TYL","13407.56","317.96","721426","1.19","15.51","-5.81","12.69","-35.58","9.1","21.29","611.76","275.27","46","Computer and Technology","Internet - Software and Services","13.26","2"
"Unity Software","U","13013.11","29.81","6405754","-2.84","9.84","11.9","39.21","-37.93","2.01","10.15","49.47","17.13","85","Computer and Technology","Internet - Software","-34.99","1"
"Under Armour","UA","3039.7","7.13","3730414","7.87","24.43","15","80.87","36.61","-3.83","1","7.88","3.96","174","Consumer Discretionary","Textile - Apparel","-9.98",""
"Under Armour","UAA","3103.65","7.28","9008954","7.85","23.18","13.4","78.34","34.72","-3.83","1","8.14","4.17","174","Consumer Discretionary","Textile - Apparel","-9.98","3"
"United Airlines","UAL","38145.08","117.52","5055460","-3","-.98","27.88","63.93","-3.34","3.52","4.71","136.11","84.57","75","Transportation","Transportation - Airline","5.56","2"
"United States Antimony","UAMY","794.28","5.36","6088134","-10.22","-31.28","-52.06","16.77","-1.8","162.81","-17.62","17.47","2.92","187","Basic Materials","Mining - Non Ferrous","-41.45","4"
"Uber Technologies","UBER","146909.17","72.17","18775654","-2.81","1.04","-5.38","11.31","-18.77","18.28","20.43","100.1","68.61","100","Computer and Technology","Internet - Services","15.91","3"
"UBS","UBS","160884.17","51.5","1625267","-.83",".7","22.13","81.26","2.28","-9.98","17.78","55.07","36.02","100","Finance","Banks - Foreign","12.66","1"
"United Bankshares","UBSI","6501.34","47.18","1092496","2.23","4.96","7.3","92.56","13","12.01","39.81","48.22","34.31","90","Finance","Banks - Southeast","27.45","3"
"United Community Banks","UCB","4312.31","36.03","1003656","1.38","7.94","6.95","86.99","6.14","2.3","31.85","37.09","28.94","90","Finance","Banks - Southeast","22.05","3"
"Ultra Clean","UCTT","4113.45","91.76","1593446","-6.61","-25.48","13.16","57.98","233.16","-2.08","2.39","142.59","21.63","28","Computer and Technology","Electronics - Manufacturing Machinery","-9.38","1"
"United Dominion Realty Trust","UDR","12912.15","39.74","3046202","-1.1","5.3","15.06","79.13","-.36","2.42","28.8","41.37","33.56","100","Finance","REIT and Equity Trust - Residential","28.6","3"
"Urban Edge Properties","UE","2963.99","23.52","1033820","3.11","5.23","7.79","92.62","12.72","6.06","22.65","23.92","18.5","90","Finance","REIT and Equity Trust - Retail","22.2","4"
"UFP Industries","UFPI","4823.98","85.41","453701","1.02","-.04","-11.02","17.13","-13.73","-4.99","4.31","115.62","79.17","100","Construction","Building Products - Wood","4.31","5"
"UGI","UGI","7874.68","36.73","1289896","1.16","8.7","-1.34","56.08","-9.75","1.07","9.43","40.63","31.75","189","Utilities","Utility - Gas Distribution","8.71","4"
"Ultrapar Participacoes","UGP","6949.61","6.23","4282461","3.83","27.4","7.41","99.42","51.98","3.05","2.06","6.25","2.83","216","Oils-Energy","Oil and Gas - Production and Pipelines","2.04","3"
"U-Haul Holding Company","UHALB","10953.5","62.07","456638","3.88","12.02","27.64","94.66","22.13","3.59","1.38","63.32","39.91","90","Transportation","Transportation - Services","1.38",""
"Universal Health Services","UHS","9119.2","150.64","824421","-1.39","5.61","-16.08","9.19","-36.45","9.71","8.04","244.18","141.17","216","Medical","Medical - Hospital","8.56","4"
"Frontier Group","ULCC","1426.99","6.21","3861436","-5.48","-13.03","61.72","62.7","21.26","-1.35","-4.26","8.06","3.1","75","Transportation","Transportation - Airline","-9.62","2"
"UL Solutions Inc.","ULS","17261.87","85.64","1225290","-2.16","-4.54","-3.33","54.45","-.12","6.38","13.78","104.89","62.63","196","Business Services","Business - Services","11.24","3"
"Ulta Beauty","ULTA","20982.22","488.08","635177","3.12","4.95","-9.56","14.58","-25.81","9.71","9.36","706.82","450.75","59","Retail-Wholesale","Retail - Miscellaneous","9.36","3"
"Unusual Machines, Inc.","UMAC","830.66","17.38","3954897",".93","-23","17.27","37.49","25.47","101.24","-37.06","33.42","7.76","48","Computer and Technology","Wireless Equipment","-32.71","3"
"UMB Financial","UMBF","10982.73","144.55","707681",".18","5.56","16.42","92.12","15.56","48.06","33.17","148.02","103.99","76","Finance","Banks - Midwest","20.42","3"
"United Microelectronics","UMC","51107.91","20.3","16944276","-13.47","-26.18","73.65","64.02","137.53","6.74","20.71","28.01","6.58","47","Computer and Technology","Electronics - Semiconductors","20.71","3"
"UMH Properties","UMH","1328.59","15.6","599896","1.23","4.21",".65","48.68","-9.82","8.81","11.03","17.16","14.12","100","Finance","REIT and Equity Trust - Residential","11.03","3"
"UniCredit","UNCRY","138882.47","46.05","554586","-1.64",".41","21.86","89.47","2.13","-14.59","34.34","47.51","33.65","100","Finance","Banks - Foreign","34.34","4"
"United Natural Foods","UNFI","2942.44","48.62","616908","-.74","-4.7","1.04","77.36","32.8","2.6",".37","55.52","25.05","197","Consumer Staples","Food - Miscellaneous","-.12","1"
"UnitedHealth Group","UNH","382828.25","421.55","5999633","-1.76","3.66","18.85","94.78","17.44","11.81","3.76","431.68","237.77","23","Medical","Medical - HMOs","3.14","1"
"Uniti Group","UNIT","2661.26","10.96","2376450","-.72","-2.14","-7.12","75.78","43.79","91.49","-12.57","12.75","5.36","201","Computer and Technology","Wireless National","39.61","3"
"Unum Group","UNM","14196.12","88.85","1288091","-.63","-1.91","15.19","83.95","5.44","1.46","10.43","92.73","68.55","72","Finance","Insurance - Accident and Health","5.86","3"
"Union Pacific","UNP","175887.53","296.25","2604772","2.46","13.98","10.17","93.67","17.78","1.07","28.62","301.75","214.91","187","Transportation","Transportation - Rail","29.2","3"
"Upbound Group, Inc.","UPBD","1264.39","21.69","1032193","2.55","18.4","13.15","49.69","13.6","8.67","5.22","27.35","16.1","100","Finance","Financial - Leasing Companies","1.78","3"
"United Parcel Service","UPS","96178.21","113.15","4313012",".23","5.51","4.54","81.69","4.91","-2.65","6.48","120","82.58","100","Transportation","Transportation - Air Freight and Cargo","5.94","3"
"Upstart","UPST","2758.41","28.82","3760012","-8.39","-7.98","-12.96","7.68","-39.39","63.99","16.1","84.13","24.22","186","Finance","Financial - Miscellaneous Services","4.34","3"
"Upwork","UPWK","1152.42","9.33","3037443","2.3","19","-12.39","10.44","-56.71","2.4","15.73","22.11","7.84","100","Computer and Technology","Internet - Services","13.81",""
"Urban Outfitters","URBN","6408.07","74.83","1126582","7.13","2.86","3.44","65.97","-8.56","11.07","8.02","82.7","59.57","62","Retail-Wholesale","Retail - Apparel and Shoes","7.48","2"
"Urogen Pharma","URGN","2003.44","41.12","775461","4.07","17.52","72.99","100","61.48","21.45","-94.83","41.12","15.27","98","Medical","Medical - Biomedical and Genetics","-94.83","2"
"United Rentals","URI","63442.8","1012.71","419236","-6.69","-7.32","5.51","70.45","15.08","4.91","16.79","1139.51","710.47","100","Construction","Building Products - Miscellaneous","15.32","2"
"U.S. Bancorp","USB","97938.41","63.14","8664371","1.28","7.6","12.81","95.67","8.83",".35","27.24","64.01","43.94","23","Finance","Banks - Major Regional","18.49","2"
"US Foods","USFD","20927.66","95.03","2736843","-6.2","2.45","4.43","72.96","16.04","4.08","2.34","104.29","70.05","197","Consumer Staples","Food - Miscellaneous","1.71","3"
"United Therapeutics","UTHR","22468.75","529.34","433080","-1.16","-1.66","-6.64","79.07","-.09","10.61","40.62","596.76","274.7","100","Medical","Medical - Drugs","40.62","3"
"Universal Technical Institute","UTI","2087.38","37.91","888627","-21.1","-5.27","4.78","54.84","33.43","14.05","4.91","51.2","21.77","100","Consumer Discretionary","Schools","4.91","3"
"Utz Brands","UTZ","1071.95","7.45","1910018","-2.74","8.76","-4.49","8.45","-33.99","2.09","8.06","14.49","6.8","197","Consumer Staples","Food - Miscellaneous","-.58","3"
"Energy Fuels","UUUU","2934.06","11.74","8003546","-10.04","-27.17","-44.93","16.99","-25.74","-15.61","-83.26","27.72","8.47","187","Basic Materials","Mining - Non Ferrous","-83.26","2"
"Visa","V","646777.75","360.57","8780582",".79","10.4","16.44","93.44","-5.45","11.34","56.02","365.14","295.52","85","Business Services","Financial Transaction Services","51.68","2"
"MARRIOTT VAC WW","VAC","3351.2","97.58","401556","-.07","1.95","34.83","90.51","55.56","1.31","4.99","103.04","45.49","84","Consumer Discretionary","Leisure and Recreation Services","-6.72","3"
"Valaris","VAL","5185.57","74.88","857084","-5.89","-6.31","-23.08","44.28","36.64",".27","15.46","113.42","44.25","82","Oils-Energy","Oil and Gas - Drilling","45.37","3"
"VALE","VALE","64000","14.1","20893228","-.56","-10.25","-17.4","55.13","-.48",".91","20.63","17.82","9.53","28","Basic Materials","Mining - Iron","7.21","3"
"Visteon","VC","2712.38","101.61","694830","-1.86","-15.33","-10.19","38.73","-1.74","-2.53","6.68","128.76","84.45","100","Auto-Tires-Trucks","Automotive - Original Equipment","5.99","2"
"Vericel","VCEL","2343.01","45.88","614186","-3.39","13.37","24.27","87.19","17.18","16.45","7.35","48.31","29.34","98","Medical","Medical - Biomedical and Genetics","7.35","3"
"Victory Capital Holdings","VCTR","6139.93","98.19","484158","6.75","12.62","29.01","94","43.14","46.19","36.76","100.58","60.76","72","Finance","Financial - Investment Management","25.79","1"
"Veracyte","VCYT","4568.93","57.26","1225105","-.38","7.65","69.16","91.38","25.09","16.01","29.69","60.49","23.03","178","Medical","Medical - Instruments","16.25","4"
"Veeco Instruments","VECO","3093.79","50.69","1421890","-9.09","-34.56","1.91","48.73","63.12","-7.39","10.21","83.04","19.94","28","Computer and Technology","Electronics - Manufacturing Machinery","3.53","3"
"Veeva Systems","VEEV","32067.93","197.41","2125201",".3","28.89","23.03","29.7","-18.67","16.34","42.05","306.22","151.43","72","Medical","Medical Info Systems","28.37","3"
"Velo3D, Inc.","VELO","297.41","9.98","2783700","-17.25","-58.95","-30.36","25.36","-33.2","12.12","-73.79","30.61","2.97","159","Industrial Products","Industrial Services","-107.94","3"
"Vertex","VERX","2085.82","12.89","1622572","-.69","21.83","2.63","9.12","-40.64","12.25","14.32","35.91","10.58","85","Computer and Technology","Internet - Software","-.84","3"
"Vermilion Energy","VET","1489.72","9.74","1138600","-.2","-1.32","-22.76","36.33","7.41","-9.9","-3.11","14.42","7.07","100","Oils-Energy","Oil and Gas - Exploration and Production - International","-43.49",""
"V.F. Corporation","VFC","6622.82","16.88","5558694","0","-.88","-12.81","52.78","-14.14","1.06","3.51","21.55","11.66","174","Consumer Discretionary","Textile - Apparel","2.65","4"
"Venture Global, Inc.","VG","35501.48","14.29","12762334","6.96","26.91","17.23","72.09","92.7","176.93","16.94","17.53","5.92","201","Oils-Energy","Oil and Gas - Exploration and Production - United States","16.94","1"
"Viavi Solutions","VIAV","9222.99","39.43","6321895","-3.64","-25.52","-12.22","65.11","103.5","8.39","13.32","55.33","9.76","39","Computer and Technology","Communication - Components","-4.03","3"
"VICI Properties","VICI","28692.77","26.84","10261576","1.67","2.87","-5.63","11.38","-12.22","4.08","76.83","33.93","25.93","64","Finance","REIT and Equity Trust - Other","76.83","2"
"Vicor","VICR","10528.85","230.99","902051","-8.4","-36.81","-14.01","55.71","93.83","26.08","28.98","379.78","43.85","71","Computer and Technology","Electronics - Miscellaneous Components","28.98","2"
"Viking Holdings Ltd.","VIK","43186.24","96.9","2184255","-1.31","-3.15","19.9","83.36","24.8","21.89","18.34","104.95","56.58","84","Consumer Discretionary","Leisure and Recreation Services","18","2"
"Vipshop","VIPS","6991.16","14.6","2461403","4.89","10.27","1.11","21.65","-24.1","1.97","8.24","20.68","12.92","69","Computer and Technology","Internet - Delivery Services","7.08","3"
"Vir Biotechnology","VIR","1556.66","9.23","1914337","-5.04","-3.55","-13.25","72.69","40.78","-7.61","-675.96","11.09","4.28","98","Medical","Medical - Biomedical and Genetics","-638.88","3"
"Virtu Financial","VIRT","8787.19","56.66","1240182","-12.39","-8.77","18.93","70.5","56.39","26.25","43.61","66.82","32.38","186","Finance","Financial - Miscellaneous Services","14.17","3"
"Vistance Networks, Inc.","VISN","2686.53","11.91","5956008","-1.81","-7.53","-39.02","33.33","-39.58","-54.07","10.91","20.55","7.59","100","Computer and Technology","Communication - Network Software","175.01","3"
"Vista Energy, S.A.B. de C.V. - Sponsored ADR","VIST","6663.03","63.91","852423","-2.38","-6.24","-11.19","66.32","20.79","50.15","15.87","79.25","33.7","232","Oils-Energy","Oil and Gas - Integrated - International","23.56","5"
"Vital Farms","VITL","589.59","13.76","1770428","7.67","36.51","4.48","12.42","-60.38","25.26","6.1","52.41","8.28","197","Consumer Staples","Food - Miscellaneous","6.1","5"
"Telefonica Brasil","VIV","22822.36","14.03","1059192","3.54","7.92","-12.2","51.02","8.8","3.04","10.49","17.14","10.79","233","Utilities","Diversified Communication Services","10.49","4"
"Valero Energy","VLO","93032.01","313.31","3037579","5.92","28.52","31.5","100","77.01","-5.54","3.42","313.31","131.77","40","Oils-Energy","Oil and Gas - Refining and Marketing","3.37","2"
"Controladora Vuela Compania de Aviacion, B. de C.V.","VLRS","905.96","7.77","606696","-1.4","-14.43","6.15","54.02","-19.53","-3.31","-3.96","10.63","4.41","75","Transportation","Transportation - Airline","-3.96","3"
"Veralto Corporation","VLTO","22877.57","93.15","2073596",".26","12.3","6.88","39.68","-14.14","5.97","17.99","109.75","82.23","79","Business Services","Waste Removal Services","17.33","2"
"Valley National Bancorp","VLY","8129.11","14.67","6198227",".82","3.02","8.35","91.35","15.51","-2.44","30.59","15.19","9.18","85","Finance","Banks - Northeast","18.61","3"
"Vulcan Materials","VMC","36411.82","280.62","1065280","-4.15","-7.81","-3.67","32.17","-9.51","7.06","13.73","330.37","257.02","174","Construction","Building Products - Concrete and Aggregates","13.81","3"
"Viemed Healthcare","VMD","458.89","11.97","349119","-2.92","10.12","21.15","94.38","48.17","20.52","5.2","12.33","5.93","167","Medical","Medical - Products","5.2","3"
"Vanda Pharmaceuticals","VNDA","319.92","5.32","818710","-11.33","-11.33","-21.65","21.04","-44.53","8.72","-57.79","9.56","4.19","98","Medical","Medical - Biomedical and Genetics","-109.99","3"
"VNET Group, Inc. - Unsponsored ADR","VNET","2076","7.675","4090485","-.58","-10.23","-13.18","5.01","-16.57","25.74","-18.81","14.03","7.34","85","Computer and Technology","Internet - Software","-22.02","3"
"Vornado Realty Trust","VNO","7475","39.74","1484066","3.73","5.75","33.09","82.31","9.82","1.27","43.99","42.97","24.71","64","Finance","REIT and Equity Trust - Other","43.99","2"
"Viper Energy Inc.","VNOM","15926.38","44.36","1729026","2.66","1.84","-7.2","56.39","5.61","62.14","16.01","50.95","35.84","201","Oils-Energy","Oil and Gas - Exploration and Production - United States","-2.77","3"
"Vontier","VNT","4194.43","29.79","1545852","1.53","-2.2","-17.37","12.51","-26.31","3.24","15.24","43.71","27.8","99","Business Services","Technology Services","13.37","4"
"Voya Financial","VOYA","8940.61","98.61","1025042","-.35","6.77","20.67","94.36","21.75","1.73","67.43","100.59","65.51","200","Finance","Insurance - Life Insurance","8.24","3"
"Voyager Technologies, Inc.","VOYG","1335.45","24.96","1863276","-15.85","-27.8","-8.34","20.63","-12.18","15.42","-49.67","51.77","17.99","79","Aerospace","Aerospace - Defense Equipment","-72.9","3"
"Vishay Precision Group","VPG","1363.89","102.54","550648","-2.96","-27.24","75.04","61.83","144.95",".22","2.39","149.91","25.8","71","Computer and Technology","Electronics - Miscellaneous Components","1.85","3"
"Viridian Therapeutics","VRDN","1913.07","18.56","2377875","-2.26","5.28","37.48","25.68","-45.15","23359.93","-490.31","33.78","13.3","98","Medical","Medical - Biomedical and Genetics","-490.31","3"
"VAREX IMAGING","VREX","447.1","10.62","471341","-1.67","2.12","-16.44","49.46","-16.16","4.14","4.62","14.36","6.96","167","Medical","Medical - Products","-9.64","1"
"Varonis Systems","VRNS","5447.93","47.45","2633826","4.56","45.06","89.42","63.22","33.05","13.17","4.68","63.31","20.19","40","Computer and Technology","Security","-19.75","3"
"Verisk Analytics","VRSK","26438.89","201.79","2039624","4.16","19.41","15.37","30.84","-17.04","6.63","32.38","302.6","156.84","28","Business Services","Business - Information Services","29.34","3"
"VeriSign","VRSN","25262.51","277.61","713986","2.7","12.08","3.62","67.12","5.09","6.37","49.95","310","211.49","46","Computer and Technology","Internet - Software and Services","49.95","3"
"Vertiv","VRT","112033.02","291.67","6055117","-4.64","-18.52","-9.54","66.76","65.57","27.69","17.05","376.23","121.82","68","Computer and Technology","Computers - IT Services","14.37","2"
"Vertex Pharmaceuticals","VRTX","121953.51","480.5","1858905",".05","2.94","12.79","69.89","-2.53","8.9","39.61","529.59","366.54","98","Medical","Medical - Biomedical and Genetics","35.51","3"
"Viasat","VSAT","9492.91","69.51","2879118","-.04","8.22","18.5","73.06","85.51","2.67","3.09","89.81","14.47","48","Computer and Technology","Wireless Equipment","-.73","5"
"VSE","VSEC","5459.92","194.6","532787","-5.19","-9.72","8.15","59.94","3.59","2.98","8.43","238.01","129.64","100","Construction","Engineering - R and D Services","4.95","2"
"Vishay Intertechnology","VSH","5086.27","37.37","7227569","-10.9","-41.86","34.57","48.13","137.19","4.48",".15","64.9","11.82","100","Computer and Technology","Semiconductor - Discretes",".07","3"
"Vistra","VST","53271.46","157.99","3913921","-.08","-5.54","-5.16","27.98","-9.94","2.98","14.77","217.92","134.71","154","Utilities","Utility - Electric Power","11.52","1"
"Verastem","VSTM","505.27","5.75","3109561","7.08","35.29","3.79","31.42","-31.5","209.14","-391.17","10.77","3.45","98","Medical","Medical - Biomedical and Genetics","-391.17","4"
"Vestis Corporation","VSTS","2132.18","16.14","1405993","9.5","23.11","67.43","97.11","122.54","-2.53","1.69","16.5","4.06","28","Industrial Products","Uniform and Related","-.63","3"
"Victoria's Secret","VSXY","6942.6","87.41","1790946","10.67","8.49","66.37","98.45","48.4","5.2","4.34","88.5","18.38","62","Retail-Wholesale","Retail - Apparel and Shoes","3.11","1"
"Ventas","VTR","46793.84","96.25","3648948","4.55","15.91","13.64","100","14.4","18.47","4.25","96.25","65.23","64","Finance","REIT and Equity Trust - Other","4.25","3"
"Viatris","VTRS","19785.75","16.99","8913450","3.66","10.47","14.72","95.38","25.51","-2.98","19.66","17.39","8.74","85","Medical","Medical Services","-2.04","3"
"Vitesse Energy, Inc.","VTS","657.8","15.77","484772","-.94","-1.38","-13.59","6.44","-24.7","13.22","8.09","26.82","15.01","201","Oils-Energy","Oil and Gas - Exploration and Production - United States","-7.15","3"
"Valvoline","VVV","5042.78","39.54","1916216","2.57","5.33","19.85","90.42","25.14","5.64","11.75","40.67","28.87","40","Oils-Energy","Oil and Gas - Refining and Marketing","5.03","2"
"V2X, Inc.","VVX","2384.29","76.15","514659","1.86","-7.13","19.96","66.43","28.39","3.65","3.89","90.81","47.14","99","Business Services","Technology Services","1.88","1"
"Volkswagen","VWAGY","42409.58","8.46","508603","2.61","-8.93","-18.73","6.67","-36.17","3.64","1.96","12.8","8.15","167","Auto-Tires-Trucks","Automotive - Foreign","1.96","3"
"NCR Voyix Corporation","VYX","1114.86","8.09","2246601","-.74","15.24","15.74","22.88","-27.06","-4.92","4.86","14.63","6.15","16","Computer and Technology","Computer - Integrated Systems","2.2","3"
"Verizon Communications","VZ","181636.81","43.5","32406502","1.92","-4.1","-7.64","39.29","-1.78","2.52","14.57","51.38","38.4","201","Computer and Technology","Wireless National","12.46","3"
"Wayfair","W","11584.01","87.76","2657933","1.61","3.2","15.82","50.04","-19.62","5.11","3.23","119.05","56.42","166","Retail-Wholesale","Internet - Commerce","-2.41","4"
"Wabtec","WAB","43751.3","257.85","789386","-1.15","-6.83","-3.51","74.59","11.1","7.51","13.97","282.45","185.65","64","Transportation","Transportation - Equipment and Leasing","10.52","2"
"WaFd, Inc.","WAFD","2722.05","36.84","636286","-3.28",".11","3.77","78.42","5.78","-1.52","31.18","39.32","27.83","48","Finance","Banks - West","18.47","4"
"Western Alliance Ban","WAL","8840.74","80.97","946605",".6","2.81","-.01","48.57","-11.42","5.64","26.44","96.08","66.7","48","Finance","Banks - West","17.03","4"
"Waters","WAT","35105.37","357.54","813761","-4.2","-.2","19.26","59.21","-13.43","6.99","23.11","412.54","277.72","178","Medical","Medical - Instruments","11.91","3"
"Waystar Holding Corp.","WAY","4237.15","22.09","2786913","-4.08","27.61","-14.05","20.27","-37.97","16.5","24.67","40.89","17.31","85","Computer and Technology","Internet - Software","10.9","3"
"Weibo","WB","1964.4","8","937684","4.3","8.7","-3.96","14.21","-28.01",".14","23.14","12.83","7.2","184","Computer and Technology","Internet - Content","21.15","5"
"Warner Bros. Discovery","WBD","64834.56","25.86","20960692","-4.54","-4.04","-3.58","78.54","-17.48","-5.15","-4.67","29.98","10.78","100","Consumer Discretionary","Broadcast Radio and Television","-4.67","4"
"Webster Financial","WBS","12208.7","75.35","3332302","-1.14","-1.02","4.89","90.43","10.1","5.83","35.46","77.6","54.1","85","Finance","Banks - Northeast","22.95","2"
"WEBTOON Entertainment Inc.","WBTN","1334.77","9.87","350636","-16","-12.96","-16.57","10.13","-30.34","2.54","4.76","21.31","8.58","184","Computer and Technology","Internet - Content","-24.12","4"
"WESCO International","WCC","15539.29","319.05","741943","-3.56","-13.71","1.1","67.59","19.94","7.76","2.81","374.52","203.35","28","Computer and Technology","Electronics - Parts Distribution","2.79","3"
"Waste Connections","WCN","43117.85","170.87","1400222","-.18","11.37","5.78","51.03","-10.39","6.14","14.05","191.84","149.02","79","Business Services","Waste Removal Services","10.97","3"
"Workday","WDAY","36363.34","147.22","4164216","1.62","30.24","24.94","25.68","-36.96","13.09","25.85","247.69","112.5","85","Computer and Technology","Internet - Software","8.6","3"
"Western Digital","WDC","168004.97","487.42","8867189","-12.26","-33.47","21.63","61.9","160.22","-26.79","27.09","746.23","67.02","26","Computer and Technology","Computer- Storage Devices","55.29","1"
"Weave Communications","WEAV","568.89","7.15","1127877","-1.79","38.57","46.82","73.94","-13.36","16.99","3.58","8.13","4.37","85","Computer and Technology","Internet - Software","-10.05","3"
"WEC Energy Group","WEC","36660.43","112.55","1874282","-2.87","-.43","-2.23","59.01","-1.85","13.96","17.72","118.85","103.48","154","Utilities","Utility - Electric Power","16.25","4"
"Welltower","WELL","172836.09","244.84","3016320","4.39","15.79","16.59","100","21.32","35.63","11.96","244.84","157.63","64","Finance","REIT and Equity Trust - Other","11.96","2"
"Wendy's","WEN","1495.27","7.85","32392858","4.67","27.23","13.77","32.62","-13.33","-3.1","7.08","11.32","6.17","207","Retail-Wholesale","Retail - Restaurants","6.77","4"
"Werner Enterprises","WERN","2776.29","46.31","1035797","5.04","13.34","35.65","100","41.92","-1.84",".3","46.31","23.15","7","Transportation","Transportation - Truck","-.28","2"
"Western Midstream Partners","WES","18354.15","46.61","684602","1.9","8.45","13.08","92.85","8.52","6.61","29.98","47.33","37.26","21","Oils-Energy","Oil and Gas - Refining and Marketing - Master Limited Partnerships","29.98","2"
"Westrock Coffee Company","WEST","706.25","7.29","726872","-1.88","-19.45","29.95","59.47","64.73","39.76","-3.17","9.73","3.71","81","Consumer Staples","Beverages - Soft drinks","-5.59","3"
"WEX","WEX","5667.9","163.49","565781","2.14","25.71","9.65","63.08",".93","1.24","21.69","184.93","126.86","85","Business Services","Financial Transaction Services","11.5","3"
"Wells Fargo & Company","WFC","264186.16","86.33","15756760","-1.53","2.97","7.16","56.2","-14.81","-1.49","26.52","96.39","73.42","26","Finance","Financial - Investment Bank","17.55","2"
"Weatherford International","WFRD","5609.6","78.2","1506295","-3.58","-14.8","-28.71","42.69","-8.1","-10.79","9.49","111.42","53.45","158","Oils-Energy","Oil and Gas - Field Services","9.49","3"
"Winnebago Industries","WGO","862.48","30.51","936008","3.21","7.73","-5.16","14.35","-30.75","-5.9","2.02","49.85","27.27","247","Construction","Building Products - Mobile Homes and RV Builders","1.36","5"
"GENEDX HOLDINGS","WGS","1800.58","60.65","775295","-5.01","9.44","-8.34","19.65","-57.11","39.97","5.85","167.51","34.51","85","Medical","Medical Services","-17.58","3"
"Wyndham Hotels & Resorts","WH","5732.07","76.57","1342026","-.8","-6.64","-10.28","32","-6.8","1.49","24.93","92","69.31","207","Consumer Discretionary","Hotels and Motels","13.4","3"
"Cactus","WHD","4300.69","53.64","854936",".32","-1.07","-5.8","68.98","7.99","-4.49","18.14","62.74","33.4","201","Oils-Energy","Oil and Gas - Integrated - United States","6.17","2"
"Whirlpool","WHR","2392.62","36.91","2318926","-4.99",".93","-33.82","1.13","-52.95","-6.52","1.48","99.74","36.19","100","Consumer Discretionary","Household Appliances","1.08","5"
"Wingstop","WING","3842.51","141.1","1090006","-8.41","-9.98","-20.61","8.57","-45.59","11.35","16.72","377.34","118.96","207","Retail-Wholesale","Retail - Restaurants","15.77","3"
"Wix.com","WIX","3111.64","53.36","1165687","1.81","27.47","-30.28","8.99","-52.76","13.2","18.94","184.24","40.43","68","Computer and Technology","Computers - IT Services","-1.97","3"
"Workiva","WK","3209.47","57.19","858492","4.86","24.38","6.1","26.29","-39.02","19.75","15.61","93.31","44.31","85","Computer and Technology","Internet - Software","1.53","3"
"World Kinect Corporation","WKC","1833.39","35.7","1064596","-.7","12.69","36","91.29","40.13","-12.45",".32","36.95","22.59","40","Oils-Energy","Oil and Gas - Refining and Marketing","-1.53","3"
"Willdan Group","WLDN","1097.79","72.65","329547","1.88","-12.47","8.58","8.44","-35.54","20.46","21.15","134.94","66.91","196","Business Services","Business - Services","8.24","3"
"Westlake Corporation","WLK","9853.94","76.91","1115294","1.1","-1.33","-30.83","30.64","-4.34","-8.01","-1.68","123.39","56.38","182","Consumer Discretionary","Consumer Products - Discretionary","-14.91","4"
"John Wiley & Sons","WLY","2537","49.98","621112",".36","11.09","21.78","88.4","50.07","-.06","13.29","52.76","28.79","100","Consumer Staples","Publishing - Books","13.22","2"
"Waste Management","WM","95996.68","239.05","2016495",".99","12.07","5.68","85",".06","14.24","12.15","246.51","196.77","79","Business Services","Waste Removal Services","10.99","3"
"The Williams Companies","WMB","90591.13","74.16","7328426","-.4","-1.05","3.56","77.11","13.47","13.78","22.93","79.4","56.51","216","Oils-Energy","Oil and Gas - Production and Pipelines","23.39","3"
"Warner Music Group","WMG","14636.53","28.06","1967043","-2.4","2.15","-2.13","39.84","-15.86","4.37","7.03","34.72","23.65","190","Consumer Discretionary","Film and Television Production and Distribution","6.34","3"
"Advanced Drainage Systems","WMS","10963.36","143.04","696417","-3.1","1.16","-6.2","49.78","-9.17","5.03","16.09","175.38","110.99","100","Construction","Building Products - Miscellaneous","13.98","5"
"Walmart","WMT","892896.44","112.2","21582668","-2.25","-4.25","-12.06","43.81","-7.38","4.73","2.97","134.2","95.05","229","Retail-Wholesale","Retail - Supermarkets","3.13","3"
"Wabash National","WNC","539.74","13.27","1396454","1.84","10.03","51.31","89.29","41.09","-20.75","-7.69","14.05","6.77","100","Auto-Tires-Trucks","Automotive - Original Equipment","-4.41","3"
"Worthington Enterprises, Inc.","WOR","2658.68","53.98","354227",".24","-12.21","-3.23","34.26","-3.73","19.72","12.01","67.39","46.99","100","Construction","Building Products - Wood","11.3","4"
"W.P. Carey","WPC","16743.3","75.17","1533881","3.64","5.24","3.83","90.01","7.42","8.43","30.24","76.71","61.29","64","Finance","REIT and Equity Trust - Other","29.35","2"
"Wheaton Precious Metals","WPM","46982.85","103.45","1745777","-4.06","-15.01","-24.22","19.55","-19.04","80.18","62.09","165.72","88.32","211","Basic Materials","Mining - Miscellaneous","65.55","3"
"W.R. Berkley","WRB","27075.69","72.73","1991105","-1.5","8.33","9.86","61.6","-4.61","7.84","12.77","78.46","63.54","154","Finance","Insurance - Property and Casualty","12.94","4"
"Warby Parker","WRBY","2633.45","24.59","2666114","-10.29","-8.89","5.76","58.48","3.79","13.04","4.07","30.34","16.49","179","Consumer Staples","Consumer Products - Staples",".15","3"
"WeRide Inc.","WRD","1848.57","5.95","2314682","3.66","-1.33","-27.17","8.14","-36.96","97.87","-228.47","12.38","5.38","100","Auto-Tires-Trucks","Automotive - Original Equipment","-228.47","3"
"Worthington Steel, Inc.","WS","1790.42","35.24","355080","7.44","-12.38","-6.55","34.68","-6.38","11.33","3.2","48.69","28.1","7","Basic Materials","Steel - Speciality",".5","2"
"WesBanco","WSBC","3898.2","40.53","1179329","3.63","10.44","17.21","94.46","12.14","50.87","35.2","41.18","29.44","90","Finance","Banks - Southeast","21.13","3"
"WillScot Holdings Corporation","WSC","4718.49","26.09","1817294","-.84","-10.13","14.53","66.65","27.43","-4.77","8.69","31.65","14.98","157","Finance","Real Estate - Operations","-2.99","3"
"WSFS","WSFS","4107.32","78.92","508833","1.45","5.09","10.16","95.62","31.39","-3.2","28.1","80.23","50.35","85","Finance","Financial - Savings and Loan","22.55","2"
"WilliamsSonoma","WSM","26297.53","223.34","1066147","3.09","-1.2","16.29","76.47","15.01","1.24","13.81","240.17","168.64","82","Retail-Wholesale","Retail - Home Furnishings","13.81","2"
"Watsco","WSO","15074.59","370.77","327152","-5.83","-6.64","-18.84","28.39","1.2","-4.98","6.85","489.97","323.51","56","Industrial Products","Manufacturing - General Industrial ","6.85","2"
"West Pharmaceutical Services","WST","24890.56","352.32","734364","-2.05","6.86","16.58","91.38","17.77","6.25","17.94","365.74","210.08","76","Medical","Medical - Dental Supplies","16.85","1"
"WisdomTree, Inc.","WT","3095.53","20.24","2917786","6.69","8.47","21.56","100","52.7","15.43","26.08","20.24","10.73","186","Finance","Financial - Miscellaneous Services","11.26","3"
"Wintrust Financial","WTFC","11038.5","163.66","623836","1.34","5.07","9.66","93.06","7.65","6.66","32.07","166.9","120.24","76","Finance","Banks - Midwest","20.72","3"
"Essential Utilities","WTRG","11172.3","39.39","2135905","2.07","7.39","-.05","55.28","-5.56","18.62","22.28","41.93","36.25","167","Utilities","Utility - Water Supply","21.82","3"
"Watts Water Technologies","WTS","11369.93","340.51","474471","-1.82","-2.71","12.06","64.32","13.46","8.27","14.74","391.45","248.68","56","Industrial Products","Manufacturing - General Industrial ","14.32","2"
"Select Water Solutions, Inc.","WTTR","2819.54","20.41","1937591","4.4","10.44","23.55","100","78.43","-3.08","1.54","20.41","7.91","79","Business Services","Waste Removal Services","1.54","3"
"Willis Towers Watson","WTW","27701.59","293.3","559197","-.76","15.94","1.37","47.47","-17.91","-2.24","17.45","349.93","242.12","164","Finance","Insurance - Brokerage","16.84","3"
"Western Union","WU","2705.69","8.66","7521845","10.04","22.14","-7.58","50.15","-14.45","-3.78","12.7","10.28","7.03","85","Business Services","Financial Transaction Services","10.88","3"
"TeraWulf","WULF","9345.75","18.86","36685224","-9.72","-33.38","-11.99","58.22","50.96","20.28","-211.46","28.98","4.76","186","Finance","Financial - Miscellaneous Services","-611.46","5"
"WAVE Life Sciences","WVE","1102.46","5.73","2758765","-3.7","-7.13","-17.44",".45","-69","-60.55","-255.7","21.31","5.66","98","Medical","Medical - Biomedical and Genetics","-255.7","2"
"Woodward","WWD","23282","390.75","698284","-1.56","-8.45","6.58","77.05","18.87","7.3","12.77","436.44","237.33","79","Aerospace","Aerospace - Defense Equipment","12.85","2"
"Wolverine World Wide","WWW","1526.65","18.62","835208","3.22","7.51","6.58","22.37","-5.65","6.8","6.14","32.4","14.65","58","Consumer Discretionary","Shoes and Retail Apparel ","5.41","3"
"Weyerhaeuser","WY","17276.19","23.96","5382009","2.35","-1.2","-4.24","45.39","-6.98","-3.07","1.99","27.1","21.35","100","Construction","Building Products - Wood","5.78","4"
"WhiteFiber, Inc.","WYFI","1047.6","27.13","3154744","-25.24","-39.4","66.14","48.1","57.92","66.17","-45.24","44.77","10.78","99","Business Services","Technology Services","-45.24","3"
"Wynn Resorts","WYNN","9928.24","95.66","1334096","-1.51","-7.68","-9.34","2.28","-26.89",".14","6.23","133.34","94.78","182","Consumer Discretionary","Gaming","5.14","5"
"Xcel Energy","XEL","49111.29","78.67","4989867","-2.25","-.18","-.93","63.25","-2.04","9.14","15.71","83.91","69.65","154","Utilities","Utility - Electric Power","14.14","4"
"Xeris Pharmaceuticals","XERS","1484.72","8.6","2226174","5.39","24.64","40.52","73.47",".76","43.72","3.81","9.9","5","100","Medical","Medical - Drugs","3.81","4"
"Xenia Hotels & Resorts","XHR","1946.39","21.1","753444","5.5","4.98","31.22","100","37.24","3.8","6.2","21.1","12.3","64","Finance","REIT and Equity Trust - Other","6.2",""
"XPLR Infrastructure, LP","XIFR","1141.64","12.11","912535","-.16","3.59","17.69","83.29","11.37","-3.41","9.06","12.77","8.82","95","Oils-Energy","Alternative Energy - Other","8.81","3"
"XMax Inc.","XMAX","538.71","8.47","1504118","-.82","3.55","15.4","90.92","29.83","72.63","-18.2","9.15","1.66","23","Consumer Discretionary","Furniture","-18.2",""
"Xometry","XMTR","5188.66","100.12","812219","3.57","9.35","110.29","100","54.83","25.87","3.63","100.12","30.97","56","Industrial Products","Manufacturing - General Industrial ","-7.01","3"
"Xencor","XNCR","1394.6","18.81","1016985","25.74","34.26","43.59","100","12.99","13.65","-177.1","18.81","7","100","Medical","Medical - Drugs","-177.1","3"
"ExxonMobil Holdings Corporation","XOM","614944.38","148.36","14824688","2.66","7.14",".11","64.79","13.38","-4.96","8.16","171.47","105.83","232","Oils-Energy","Oil and Gas - Integrated - International","7.57","3"
"XP","XP","9028.71","16.8","5690831","2.63","5.07","-14.2","23.22","-5.62","4.09","27.98","22.95","14.94","186","Finance","Financial - Miscellaneous Services","27.4","3"
"Xperi Inc.","XPER","352.38","7.3","384034","-6.53","-8.41","9.61","62.04","14.57","-9.23","8.91","8.64","5.11","99","Business Services","Technology Services","-10.22","3"
"XPeng","XPEV","12594.84","13.19","7019498","1.85","-1.2","-20.35","6.88","-40.18","95.95","-3.09","28.07","12.09","167","Auto-Tires-Trucks","Automotive - Foreign","-3.09","3"
"XPO, Inc.","XPO","24727.72","210.61","1074317",".55","4.68","-4.27","83.79","42.52","1.05","5.77","228.37","118.79","7","Transportation","Transportation - Truck","4.19","2"
"Xponential Fitness","XPOF","319.64","6.5","603314","-3.56","-1.66","-2.26","33.19","-27.36","-1.71","3.92","11.01","4.26","84","Consumer Discretionary","Leisure and Recreation Services","-11.28","3"
"Expro Group Holdings","XPRO","1816.59","16.02","1334856","2.82","15.5","-10","76.39","10.36","-6.17","5.06","18.39","8.35","216","Oils-Energy","Oil and Gas - Production and Pipelines","2.32","4"
"Dentsply Sirona","XRAY","2696.4","13.46","6092322","5.32","32.61","12.54","52.98","8.3","-2.98","7.8","16.85","9.64","76","Medical","Medical - Dental Supplies","-17.06","4"
"Xylem","XYL","28670.59","120.62","1801453","-.49","7.92","-2.34","30.64","-18.54","5.52","13.86","152.95","106.34","79","Business Services","Waste Removal Services","10.79","3"
"Block","XYZ","47191.9","79.29","5328550",".72","8.51","11.24","92.3","12.03",".3","6.69","81.81","49.09","85","Computer and Technology","Internet - Software","3.3","2"
"Yelp","YELP","1447.91","26.33","1201355","-.11","17.18","-9.55","42.31","-20.32","3.75","9.7","35.26","19.78","184","Computer and Technology","Internet - Content","9.47","3"
"YETI","YETI","3850.04","50.82","978737","5.15","6.01","29.05","97.98","5.82","2.11","10.35","51.21","31.86","95","Consumer Discretionary","Leisure and Recreation Products","8.36","3"
"Yext","YEXT","546.35","5.45","1302374","4.61","38.33","41.19","36.25","-37.81","6.09","15.44","9.16","3.34","99","Business Services","Technology Services","8.93","2"
"Full Truck Alliance","YMM","9644.39","9.25","6377258","7.93","17.24","7.43","26.47","-20.72","16","36.11","14","7.54","99","Business Services","Technology Services","32.68","2"
"CLEAR Secure","YOU","7623.33","57.18","1319805","7.72","10.05","4.46","84.55","49.91","16.91","13.01","62.36","28.84","85","Computer and Technology","Internet - Software","13.01","3"
"YPF Sociedad Anonima","YPF","19838.7","50.44","1419130","1.9","1.96","17.3","81.97","28.29","-4.38",".68","56.35","23.57","232","Oils-Energy","Oil and Gas - Integrated - International","-2.16","3"
"Yum Brands","YUM","40618.3","147.37","2671457","-8.85","-2.24","-5.03","30.58","-10.41","8.81","20.65","168.16","138.21","207","Retail-Wholesale","Retail - Restaurants","20.48","3"
"Yum China","YUMC","15338.04","43.93","1477717",".07","5.78","-7.96","21.1","-15.37","4.37","7.83","57.95","40.18","207","Retail-Wholesale","Retail - Restaurants","7.83","2"
"Zillow Group Class C","Z","7557.32","33.03","3581761","2.61","8.97","-27.55","5.94","-55.47","15.52","16.38","90.32","29.41","100","Computer and Technology","Internet - Services","2.27","3"
"Zimmer Biomet","ZBH","17357.45","89.72","2240671","-4.63","3.02","-3.1","36.05","-8.24","7.2","19.95","107.71","79.58","167","Medical","Medical - Products","9.05","3"
"Zebra Technologies","ZBRA","12608.08","264.69","673192","-.76","7.73","19.77","46.03",".25","8.33","15.01","341.36","199.3","100","Industrial Products","Manufacturing - Thermal Products","7.49","3"
"Ziff Davis","ZD","2003.11","54.38","662698","4.84","19.99","12.75","100","42.28","3.54","18.07","54.38","26.51","85","Computer and Technology","Internet - Software","3.26",""
"Zeta Global","ZETA","5319.16","21.34","8645205","-2.42","15.54","17.97","63.46","-3.56","29.72","13.21","25.25","14.55","99","Business Services","Technology Services","-1.62","4"
"Zillow Group Class A","ZG","7513.85","32.84","1147037","2.82","7.81","-28.12","6.42","-55.73","15.52","16.38","86.76","29.14","213","Finance","Financial - Mortgage & Related Services","2.27","3"
"ZIM Integrated Shipping Services","ZIM","2929.83","24.31","1089125","2.14","-3.8","-6.82","70.53","5.31","-18.07","-.16","29.27","12.44","62","Transportation","Transportation - Shipping","1.56","1"
"Zions Bancorporation","ZION","10574.43","71.89","1622837","2.17","7.11","14.82","94.62","12.94","-1.02","28.08","73.31","46.93","48","Finance","Banks - West","23.92","2"
"Zai Lab Limited","ZLAB","2334.82","20.52","886211","4.59","11.04","-6.22","17.43","6.98","15.33","-39.3","40.51","16.3","98","Medical","Medical - Biomedical and Genetics","-39.3","3"
"Zoom Communications, Inc.","ZM","26657.74","90.91","3134838","-1.06","7.79",".09","50.2","-3.11","4.36","37.22","111.88","69.77","85","Computer and Technology","Internet - Software","41.99","3"
"Zscaler","ZS","24227.32","149.82","2586652","5.64","20.76","11.71","14.56","-38.74","23.31","20.57","336.27","118.05","40","Computer and Technology","Security","-2.44","2"
"ZTO Express Cayman","ZTO","13615.79","24.15","1369459",".5","8.64","-5","78.4","6.32","15.74","18.41","25.88","17.87","90","Transportation","Transportation - Services","17.87","3"
"Zoetis","ZTS","31945.18","76.2","6122179","1.07",".41","-35.35","5.11","-44.3","2.28","29.77","156.76","71.86","100","Medical","Medical - Drugs","27.8","4"
"Zevra Therapeutics, Inc.","ZVRA","711.15","12.03","1343187","-8.73","-4.9","22.63","63.83","23.48","350.91","128.01","14.75","7.23","100","Medical","Medical - Drugs","101.58","4"
"Zurn Elkay Water Solutions Cor","ZWS","7976.48","47.8","1101963","1.85","-3.71","-9.47","68.77","-5.44","8.26","15.91","52.8","36.79","79","Business Services","Waste Removal Services","12.26","3"
"Zymeworks","ZYME","1735","23.76","573281","-4.73","2.15","-16.81","70.98","-17.01","38.87","-126.92","28.56","12.02","98","Medical","Medical - Biomedical and Genetics","-126.92","3"
