Company Name,Ticker,Market Cap (mil),Last Close,Avg Volume,% Price Change (1 Week),% Price Change (4 Weeks),% Price Change (12 Weeks),Price as a % of 52 Wk H-L Range,Relative Price Change (YTD),Sales Growth F(0)/F(-1),Operating Margin 12 Mo %,52 Week High,52 Week Low,Zacks Industry Rank,Sector,Industry,Net Margin %,Zacks Rank
"Agilent Technologies","A","39483.99","139.8","2200683","1.39","7.04","25.43","62.95","-7.46","6.73","22.83","157.2","110.24","157","Medical","Medical - Products","19.55","2"
"American Airlines","AAL","10618","16.04","116251248","7.29","-9.63","25.41","73.53","-5.76",".78","-.3","18.15","10.18","150","Transportation","Transportation - Airline","-.56","3"
"Acadian Asset Management Inc.","AAMI","3198.77","89.78","420978","8.36","13.43","24.04","100","72.05","11.49","24.38","89.78","39.58","157","Finance","Financial - Miscellaneous Services","15.17","1"
"Applied Optoelectronics","AAOI","8843.56","110.21","8869213","12.67","-10.66","-40.4","44.56","184.74","82.75","-3.91","223.1","19.49","41","Computer and Technology","Electronics - Semiconductors","-8.55","3"
"AAON","AAON","7581.75","92.56","1095726","-8.37","-15.35","-34.68","26.89","9.33","20.11","7.45","148.25","72.07","31","Construction","Building Products - Air Conditioner and Heating","7.3","3"
"Advance Auto Parts","AAP","3362.22","55.68","1674632","-3.55","-1.15","7.43","66.6","27.61","-5.42","2.28","64.17","38.75","48","Retail-Wholesale","Automotive - Retail and Wholesale - Parts",".51","3"
"Apple","AAPL","4428166","303.42","54740320","-9.94","-2.96","3.67","73.38",".52","6.43","27.27","340.08","202.38","29","Computer and Technology","Computer - Micro Computers","27.62","3"
"American Assets Trust","AAT","1465.72","23.87","394010","-1.89","-5.13","13.77","75.53","13.57","-4.73","4.09","25.85","17.76","88","Finance","REIT and Equity Trust - Retail","4.09","2"
"Allied Gold Corporation","AAUC","2417.06","19.1","903010","-8.39","-20.62","-36.21","36.81","-24.81","82.35","12.12","32.01","11.58","233","Basic Materials","Mining - Gold","-9.08","3"
"ABB","ABBNY","180711.08","99.12","483608","2.22","-7.92","-8.01","76.52","20.69","1.13","13.74","109.73","64.55","93","Industrial Products","Manufacturing - Electronics","13.86","3"
"AbbVie","ABBV","433040.94","245.1","5919909","-4.6","-3.79","20.87","75.5","-3.39","8.57","30.03","263.3","189.02","230","Medical","Large Cap Pharmaceuticals","9.8","3"
"Ameris Bancorp","ABCB","5934.53","88.19","491641","2.5","-2.91","3.69","81.73","6.95","-.36","34.33","93.17","65.91","53","Finance","Banks - Southeast","21.98","4"
"ABCELLERA BIOLG","ABCL","1780.34","5.83","5342817","11.05","-25.92","11.05","57.12","53.53","160.56","-181.75","8.12","2.78","101","Medical","Medical - Biomedical and Genetics","-181.75","3"
"ABM Industries","ABM","2855.23","48.74","423478",".58","9.77","23.74","92.5","3.78","4.62","2.32","49.66","37.39","198","Business Services","Business - Services","1.75","3"
"Airbnb","ABNB","90791.47","150.64","3389440","2.57","2.03","9.92","94.06","-.03","10.26","19.9","153.11","111.54","83","Consumer Discretionary","Leisure and Recreation Services","19.9","3"
"Arbor Realty Trust","ABR","962.64","5.16","3904576","1.57","3.61","-22.52","4.82","-40.11","-19.51","20.51","12.46","4.79","157","Finance","REIT and Equity Trust","6.24","4"
"Abbott Laboratories","ABT","185358.66","107.12","12360063","2.52","12.02","29.75","45.43","-23","5.67","19.79","136.62","82.56","157","Medical","Medical - Products","11.65","3"
"Abacus Global Management, Inc.","ABX","1019.66","10.63","615782","1.63","-11.42","15.17","80.37","11.98","110.18","33.72","12","5.02","157","Finance","Financial - Miscellaneous Services","15.63","2"
"Arcosa","ACA","7134.68","145.32","738894",".01","-.04","12.13","99.9","23.1","12.2","7.84","145.38","83.66","98","Construction","Building Products - Miscellaneous","7.88","3"
"ACADIA Pharmaceuticals","ACAD","4385.35","25.61","1425453",".87","-.62","17.48","69.38","-13.64","11.87","9.24","28.06","20.06","101","Medical","Medical - Biomedical and Genetics","34.3","2"
"Air Canada","ACDVF","5180.39","18.4975","327485","7.86","4.56","31.47","96.22","18.75","-1.43","2.63","18.75","12.07","150","Transportation","Transportation - Airline","3.45","3"
"Arch Capital Group","ACGL","35330.28","101.12","1830770","-2.66","-.68","7.77","75.37","-5.05","14.27","21.65","106.48","84.72","152","Finance","Insurance - Property and Casualty","24.4","3"
"Acadia Healthcare","ACHC","2847.94","30.59","3186136","-5.88","-1.61","22.31","79.02","94.16","5.04","4.14","35.61","11.68","193","Medical","Medical - Hospital","-33.44","3"
"ACI Worldwide","ACIW","5832.32","57.37","987480","-.88","2.57","35.43","87.06","8.08","10.38","17.1","60.18","38.47","88","Computer and Technology","Computer - Software","11.51","2"
"Axcelis Technologies","ACLS","4029.83","131.12","438479","2.35","-6.32","-20.57","51.19","46.99","-17.57","16.89","191.6","67.69","15","Computer and Technology","Electronics - Manufacturing Machinery","11.93","3"
"AECOM","ACM","9613.51","74.8","1517615","5.41","7.46","-5.91","11.77","-29.33",".21","9.55","134.35","66.86","90","Construction","Engineering - R and D Services","3.16","4"
"ACM Research","ACMR","4815.37","78.64","1089983","-1.66","-20.18","21.6","53.14","79.54","15.24","10.75","126.89","23.92","102","Computer and Technology","Semiconductor Equipment - Material Services","9.48","3"
"Accenture","ACN","110696.32","165.76","8068217","7.59","21.03","-3.82","25.18","-44.36","7.36","11.72","288.54","124.44","152","Computer and Technology","Computers - IT Services","10.66","4"
"Aclaris Therapeutics","ACRS","772.34","5.53","1765459","2.98",".73","11.72","95.69","65.47","-58.19","-832.58","5.71","1.53","147","Medical","Medical - Drugs","-832.58","3"
"Enact Holdings","ACT","6684.08","47.88","380663","1.68","4.79","11.71","96.61","8.79","2.83","54.87","48.34","34.76","175","Finance","Insurance - Multi line","54.49","4"
"ACV Auctions","ACVA","1360.02","7.79","3049365","-3.11","4.85","27.92","35.76","-12.52","19.22","3.8","14.33","4.15","204","Business Services","Auction and Valuation Services","-7.97","3"
"Adamas Trust, Inc.","ADAM","848.47","9.44","872939","8.38","2.94","9.01","97.8","16.47","50.01","73.83","9.51","6.33","157","Finance","REIT and Equity Trust","29.82","1"
"Adobe","ADBE","99907.65","251.34","5653617","5.72","15.26","2.11","33.28","-35.32","10.53","37.44","367.46","193.41","88","Computer and Technology","Computer - Software","28.69","3"
"Agree Realty","ADC","9566.01","76.91","1144607","-4.4","-.34",".68","57.18","-3.83","16.42","30.3","81.92","70.22","88","Finance","REIT and Equity Trust - Retail","28.84","3"
"ADEIA INC","ADEA","3065.06","27.79","1270632","6.6","-5.25","-12.72","73.32","45.1","17.91","44.9","33.63","11.74","148","Business Services","Technology Services","26.05","3"
"Analog Devices","ADI","176267.06","361.88","3901372","-2.69","-6.93","-14.4","62.81","20.18","16.89","38.18","445.48","220.68","31","Computer and Technology","Semiconductor - Analog and Mixed","26.01","2"
"Archer Daniels Midland","ADM","37621.52","78.06","3599468","-6.17",".17","-2.23","72.33","22.29","-6.15","2.07","87.32","53.85","102","Consumer Staples","Agriculture - Operations","1.34","2"
"Adient","ADNT","1647.46","21.01","883307","1.4","8.24","-5.02","34.55","-1.29","-1.04","1","27.09","17.8","180","Auto-Tires-Trucks","Automotive - Original Equipment",".39","3"
"Automatic Data Processing","ADP","107840.31","269.78","2442532","5.8","12.65","27.45","67.1","-5.54","6.74","20.44","309.5","188.79","148","Computer and Technology","Internet - Software","20.11","3"
"Adaptive Biotechnologies","ADPT","3698.63","23.11","2749311","2.53","7.49","70.68","92.32","28.17","54.77","-24.02","24.18","10.24","101","Medical","Medical - Biomedical and Genetics","-20.73","2"
"Autodesk","ADSK","49523.81","234.71","2222669","3.9","13.09","-.58","33.79","-28.59","17.53","31.67","326.79","187.72","148","Computer and Technology","Internet - Software","19.49","3"
"ADT","ADT","5777.99","7.88","7787624","10.21","16.74","16.05","61.96","-12.05","4.72","14.42","8.85","6.3","96","Industrial Products","Security and Safety Services","11.85","3"
"ADTRAN Holdings, Inc.","ADTN","721.67","8.86","2221200","-6.74","-31.27","-43.5","13.25","-8.17","17.46","2.19","19.4","7.25","73","Computer and Technology","Communication - Components","-3.18","4"
"Aebi Schmidt Holding AG","AEBI","1031.61","13.31","318564","1.14","13.86","8.56","63.89","-5.23","40.58",".48","15.61","9.24","78","Auto-Tires-Trucks","Automotive - Domestic",".48","3"
"Ameren","AEE","30304.3","109.5","1490223","-2.33","-3.09","-.45","58.14","-1.24","15.43","16.88","118.32","97.25","175","Utilities","Utility - Electric Power","17.86","2"
"Aehr Test Systems","AEHR","2991.62","91.71","3375696","18.37","26.8","-12.29","75.07","309.11","-15.21","1.82","116.58","16.84","18","Computer and Technology","Electronics - Measuring Instruments","-14.25","1"
"Advanced Energy Industries","AEIS","11271.53","296.38","714178","1.52","-4.65","-16.51","63.49","27.5","21.37","16.54","389.05","135.25","8","Computer and Technology","Semiconductor Equipment - Wafer Fabrication","10.77","1"
"American Eagle Outfitters","AEO","2994.54","17.87","4248798",".56","8.3","15.14","40.86","-38.97","3.16","6.08","28.19","10.74","83","Retail-Wholesale","Retail - Apparel and Shoes","5.01","2"
"American Electric Power","AEP","69857.08","128.32","3951090","-3.94","-5.63","-1.82","67.85",".23","10.93","14.19","138.69","106.44","175","Utilities","Utility - Electric Power","13.78","3"
"Aercap","AER","25640.58","153.65","1046010","1.49",".13","5.08","97.52","-3.74","6.5","35.97","154.83","107.25","166","Transportation","Transportation - Equipment and Leasing","37.85","1"
"AES","AES","10490.55","14.71","7919448","-.81",".96","2.51","46.12","-7.61","-.37","15.68","17.28","12.51","175","Utilities","Utility - Electric Power","10.78","3"
"Atlas Energy Solutions Inc.","AESI","1365.22","10.93","3286294","-4.46","-20.91","-41.99","24.29","4.5","3.73","-10.56","19.75","8.1","203","Oils-Energy","Oil and Gas - Integrated - United States","-11.08","4"
"Aeva Technologies","AEVA","1160.58","18.41","1422766","18.55","-23.93","18.55","45.87","24.86","99.44","-482.33","29.29","9.19","180","Auto-Tires-Trucks","Automotive - Original Equipment","-693.94","4"
"American Financial Group","AFG","11791.58","141.92","403214","-1.36","-.08","7.54","74.17","-6.48","-1.8","11.49","148.71","122.42","152","Finance","Insurance - Property and Casualty","10.76","4"
"Aflac","AFL","64493.48","126.71","1902463",".12","5.18","9.72","90.97","3.49","-9.31","21.77","129.55","98.09","180","Finance","Insurance - Accident and Health","25.6","3"
"Affirm","AFRM","25328.38","75.63","3604622","3.53","-11.83","13.81","66.67","-8.48","39.66","9.63","92.18","42.53","148","Computer and Technology","Internet - Software","9.63","2"
"First Majestic Silver","AG","7734.71","15.7","10670824","-3.21","-9.3","-33.42","32.55","-15.12","124.25","26.2","32.01","7.83","211","Basic Materials","Mining - Silver","21.18","3"
"AGCO","AGCO","7277.7","103.92","863423","-13.57","-12.17","-12.55","9.37","-10.28","-13.55","4.18","140.49","100.14","33","Industrial Products","Manufacturing - Farm Equipment","5.15","3"
"Agenus","AGEN","349.96","7.82","10987089","27.57","129.33","139.88","98.25","124.31","10.37","71.76","7.91","2.77","101","Medical","Medical - Biomedical and Genetics","50.49","3"
"Alamos Gold","AGI","12013.51","28.7","4325287","-3.43","-9.09","-34.62","14.18","-33","34.29","38.71","55.33","24.3","233","Basic Materials","Mining - Gold","52.64","4"
"Agios Pharmaceuticals","AGIO","1823.3","30.54","1279035","-17.39","-18.32","9.11","35.42","1.05","48.03","-418.24","45.49","22.34","101","Medical","Medical - Biomedical and Genetics","-418.24","3"
"Agilon Health","AGL","1570.11","94.11","315276","-4.39","-12.54","57.88","70.7","392.3","-2.11","-6.42","129.84","7.91","80","Medical","Medical Services","-6.09","3"
"AGNC Investment","AGNC","12613.52","10.64","19795104","0","-4.74","-1.48","46.13","-10.61","19.46","186.81","12.17","9.33","157","Finance","REIT and Equity Trust","57.94","3"
"Assured Guaranty","AGO","3711.05","83.95","316787","-1.58",".38","6.39","56.64","-15.87","27.29","48.95","92.18","73.2","175","Finance","Insurance - Multi line","40.45","3"
"Adecoagro","AGRO","1351.63","9.48","671764","-7.42","0","-29.73","28.94","7.67","-6","-2.59","15.25","7.13","102","Consumer Staples","Agriculture - Operations",".95","3"
"Argan","AGX","8308.65","592.66","340100","9.24","-18.28","-13.29","65.38","70.36","8.06","15.48","798.55","203.84","98","Construction","Building Products - Miscellaneous","15.48","1"
"AdaptHealth","AHCO","1471.96","10.83","1063966","-1.19","5.45","-3.65","45.74","-2.07","-.49","1.9","13.38","8.68","157","Medical","Medical - Products","-2.42","3"
"American Healthcare REIT, Inc.","AHR","10622.85","55.12","2364680","-4.06","2.4","9.41","86.37","5.49","9.15","4.24","57.72","38.64","61","Finance","REIT and Equity Trust - Other","4.23","2"
"AH Realty Trust Inc","AHRT","698.95","6.94","647356","-1.7","-1.42","7.1","74.27","-5.58","-59.74","-1.97","7.56","5.15","61","Finance","REIT and Equity Trust - Other","-18.23","3"
"C3.ai","AI","1512.52","9.73","5351556","10.32","4.85","2.64","12.47","-34.99","-35.67","-75.79","23.56","7.76","152","Computer and Technology","Computers - IT Services","-187.95","4"
"American International Group","AIG","41774.95","78.79","3287024","-.47","-2.43","3.59","46.94","-17.05","-1.75","16.14","86.59","71.89","175","Finance","Insurance - Multi line","11.86","3"
"Arteris","AIP","1390.24","30.11","650845","-.53","-13.53","-9.12","53.8","74.96","22.27","-14.23","48.59","8.59","148","Computer and Technology","Internet - Software","-44.92","3"
"AAR","AIR","5707.02","143.06","473954","4.48","-.38","21.68","99.24","55.63","18.97","5.89","143.61","71.73","61","Aerospace","Aerospace - Defense Equipment","5.67","1"
"AIRO Group Holdings, Inc.","AIRO","224.52","7.14","372785",".71","-6.18","-9.96","6.47","-21.39","4.57","-19.98","25.79","5.85","98","Aerospace","Aerospace - Defense","-19.98","3"
"Assurant","AIZ","13991.76","282.39","350060","1.99","1.11","15.67","99.29","5.6","7.89","8.85","283.08","186.48","175","Finance","Insurance - Multi line","7.6","3"
"Arthur J. Gallagher & Co.","AJG","63657.25","247.79","1446634","-2.2","-.79","24.79","47.09","-13.76","22.29","20.04","310.48","192","102","Finance","Insurance - Brokerage","9.96","3"
"Akamai Technologies","AKAM","17138.04","117.88","3483575","4.46","4.57","-22.96","52.26","21.68","5.44","24.13","161.14","70.53","164","Computer and Technology","Internet - Services","10.2","3"
"Acadia Realty Trust","AKR","3069.39","22.35","1279877","-.18","4.88","2.57","91.46","-2","14.2","12.14","22.72","18.39","88","Finance","REIT and Equity Trust - Retail","12.14","3"
"Astera Labs, Inc.","ALAB","55030.51","321.05","4428536","13.64","-25.81","54.83","57.68","73.82","115.13","38.05","483.02","100.27","148","Computer and Technology","Internet - Software","26.72","3"
"Albemarle","ALB","14000.02","118.71","2135602","2.18","-11.28","-43.47","34.66","-24.41","-4.37","7.53","215.62","67.3","98","Basic Materials","Chemical - Diversified ","-5","3"
"Alcon","ALC","34727.01","70.21","2324432","4.35","2.75","13.2","29.15","-19.76","4.94","14.89","90.12","62.02","155","Medical","Medical - Instruments","7.7","3"
"Allegro MicroSystems","ALGM","7739.41","41.52","2644820","-11.28","-26.59","-14.2","39.98","41.76","22.77","13.38","69.62","22.8","41","Computer and Technology","Electronics - Semiconductors","1.5","2"
"Align Technology","ALGN","12382.06","172.89","951734","2.88","-8.23","5.03","66.1","-.28",".9","19.3","197.51","124.88","74","Medical","Medical - Dental Supplies","9.99","3"
"Allegiant","ALGT","1907.89","103.48","451546","4.38","-10.5","30.36","77.93","9.3","3.74","4.02","119.16","48.12","150","Transportation","Transportation - Airline","-1.3","2"
"Alignment Healthcare","ALHC","3020.26","14.56","5469237","-22.01","-40.72","-15.15","13.72","-33.6","46.06",".89","24.56","12.97","80","Medical","Medical Services",".89","2"
"Alight","ALIT","524.61","19.63","664809","-.51","17.48","18.52","10.09","-54.67","-3","11.08","107.2","9.8","148","Computer and Technology","Internet - Software","-137.5","3"
"Alaska Air Group","ALK","5594.85","50.21","3216785","5.71","-.4","28.55","53.99","-10.1","21.34","-.82","63.86","34.19","150","Transportation","Transportation - Airline","-1.19","3"
"Alkermes","ALKS","8309.31","49.53","1807421","-6.07","-10.17","39.64","80.19","59.44","-5.25","5.67","55.22","26.49","101","Medical","Medical - Biomedical and Genetics","3.96","3"
"Alkami Technology","ALKT","2010.51","18.8","1325362","5.8","-.79","9.18","35.26","-26.6","32.89","8.23","26.53","14.59","148","Computer and Technology","Internet - Software","-9.21","3"
"Allstate","ALL","67619.33","262.68","1604475",".54","5.76","22.86","86.12","13.66","5.58","16.48","274.39","190","152","Finance","Insurance - Property and Casualty","17.81","3"
"Allegion","ALLE","13714.73","161.28","1462660","1.99","15.09","21.86","65.83","-8.77","7.82","17","179.77","125.65","96","Industrial Products","Security and Safety Services","15.36","2"
"Ally Financial","ALLY","13406.08","44.07","3219830",".89","-4.67","3.11","71.83","-12.36","-3.26","17.86","47.25","35.96","90","Finance","Financial - Consumer Loans","16.75","4"
"Almonty Industries Inc.","ALM","3618.65","12.56","6831753","-5.92","-22.52","-39.96","44.96","28.4","10.56","-49.16","23.42","3.69","197","Basic Materials","Mining - Miscellaneous","-262.29","3"
"Alnylam Pharmaceuticals","ALNY","29482.16","220.33","2287941","-20.86","-29.62","-22.65","5.2","-50.1","65.19","22.7","491.22","205.48","101","Medical","Medical - Biomedical and Genetics","15.26","3"
"Alarm.com","ALRM","2747.04","55.54","432969","3.58","11.37","27.04","78.74","-1.95","7.59","14.46","59.16","42.13","96","Industrial Products","Security and Safety Services","12.36","2"
"Allison Transmission Holdings","ALSN","9646.28","116.31","857546","-4.59","-.25","-5.99","65.29","7","-6.67","16.46","136","79.27","180","Auto-Tires-Trucks","Automotive - Original Equipment","12.02","3"
"Autoliv","ALV","9065.3","123.78","800102","3.48","3.3","2.7","74.77","-6.08","4.09","6.81","131.69","100.34","180","Auto-Tires-Trucks","Automotive - Original Equipment","5.79","4"
"Antero Midstream","AM","10433.33","21.98","2091353",".05","-.45","3.14","74.88","11.28","7.43","32.41","23.6","17.15","203","Oils-Energy","Oil and Gas - Integrated - United States","32.41","3"
"Applied Materials","AMAT","411437.72","518.21","8325739",".26","-12.58","16.81","63.87","81.61","4.39","27.24","723","156.25","41","Computer and Technology","Electronics - Semiconductors","29.31","2"
"Ambarella","AMBA","3627.02","82.68","2084520","21.18","3.7","3.71","72.62","5.12","37.15","7.13","95.51","48.65","41","Computer and Technology","Electronics - Semiconductors","-17.19","3"
"Ambiq Micro, Inc.","AMBQ","1387.5","64.91","535621","-4.94","-22.56","42.13","62.24","105.13","-4.67","-25.35","90.48","22.76","41","Computer and Technology","Electronics - Semiconductors","-46.86","3"
"Amcor","AMCR","21277.15","46.02","3677110","1.72","3.14","14.48","67.17","-.6","10.04","7.67","50.58","36.69","187","Industrial Products","Containers - Paper and Packaging","3.06","4"
"AMC Global Media Inc.","AMCX","478.81","10.9","725684","7.6","7.5","33.09","94.61","3.12","-4.52","1.69","11.2","5.63","169","Consumer Discretionary","Media Conglomerates","-.88","3"
"Advanced Micro Devices","AMD","790254.31","484.64","27587436","-2.08","-12.21","5.63","77.6","103.82","34.34","20.1","580.91","151.14","18","Computer and Technology","Computer - Integrated Systems","13.37","1"
"AMETEK","AME","55872.82","243.77","1062259",".27","2.8","5","100","6.94","6.63","23.23","243.77","179.28","21","Computer and Technology","Electronics - Testing Equipment","20.11","2"
"Amgen","AMGN","204479.28","378.87","2379528",".69","3.39","14.95","88.33","4.25","9.95","32.21","393.1","271.18","101","Medical","Medical - Biomedical and Genetics","20.96","3"
"American Homes 4 Rent","AMH","12444.15","34.51","2007312","3.17","2.22","7.68","84.48","-3.17","7.03","25.53","35.82","27.38","74","Finance","REIT and Equity Trust - Residential","25.53","3"
"Amkor Technology","AMKR","12631.32","50.84","6312223","-16.26","-27.25","-33.71","40.51","15.98","6.18","7.45","93.55","21.75","41","Computer and Technology","Electronics - Semiconductors","7.45","1"
"AMN Healthcare Services","AMN","1279.94","33","759005","-1.35","-7.74","9.02","86.6","88.59","-8.49","3.43","35.77","15.1","198","Business Services","Business - Services","-.95","3"
"Ameriprise Financial","AMP","49629.48","552.07","598620","2.61","8.78","19.06","100","1.41","7.04","21.38","552.07","430.4","67","Finance","Financial - Investment Management","20.24","2"
"Amplitude","AMPL","988.82","9.52","1954199","9.8","6.85","49.69","55.94","-25.96","14.68","1.83","12.6","5.61","148","Business Services","Technology Services","-25.11","3"
"Amprius Technologies, Inc.","AMPX","1433.27","10.12","5905302","4.22","-22.69","-42.76","22.72","15.52","202.11","-19.03","22.91","6.36","148","Business Services","Technology Services","-43.98","3"
"Ameresco","AMRC","1203.59","22.73","526207","7.78","-15.97","-25.67","25.07","-30.11","9.16","1.63","43.23","15.87","160","Oils-Energy","Alternative Energy - Other","1.4","2"
"Amneal Pharmaceuticals","AMRX","6013.58","18.85","1900737","4.2","11.41","47.5","97.78","34.74","8.05","9.98","19.1","7.82","147","Medical","Medical - Drugs","5.05","3"
"Amrize Ltd","AMRZ","28251.43","51.08","2766353","2.24","-5.42","-1.84","23.06","-14.93",".95","10.67","65.86","46.65","98","Construction","Building Products - Miscellaneous","9.7","4"
"American Superconductor","AMSC","1501.85","30.99","756825","1.51","-18.73","-47.22","12.37","-3.02","34.26","52.85","66.68","25.95","54","Computer and Technology","Electronics - Miscellaneous Components","44.73","3"
"American Tower","AMT","80599.5","173","3118638","3.75","6.72","-2.52","21.41","-11.25","5.11","31.08","212.98","162.11","61","Finance","REIT and Equity Trust - Other","31.08","2"
"Amerant Bancorp","AMTB","1167.66","29.67","444177",".51","13.9","28.5","93.44","36.97","11.65","18.25","30.58","16.7","53","Finance","Banks - Southeast","8.76","1"
"Amentum Holdings, Inc.","AMTM","5663.25","23.18","1714829","1.36","4.18","-3.17","17.72","-28.01","71.59","4","37.53","20.09","90","Construction","Engineering - R and D Services","1.04","3"
"America Movil, S.A.B. de C.V. Unsponsored ADR","AMX","75004.8","24.96","1767901","-2.88","-4.51","-8.97","71.5","8.76","3.21","9.38","27.75","17.96","80","Computer and Technology","Wireless Non-US ","9.38","2"
"Amazon.com","AMZN","3063528.75","284.02","48090824","22.75","16.33","5.59","100","10.82","12.38","10.29","284.02","198.79","179","Retail-Wholesale","Internet - Commerce","17.44","3"
"AutoNation","AN","7122.29","215.43","480544","1.52","12.96","7.46","71.69","-6.03","3.24","2.66","229.98","178.59","193","Retail-Wholesale","Automotive - Retail and Whole Sales","2.82","3"
"AnaptysBio","ANAB","1588.79","53.66","773881",".09","-13.88","-21","67.41","-.31","157.01","-11.53","70.22","19.4","101","Medical","Medical - Biomedical and Genetics","-11.53","3"
"Arista Networks","ANET","232813.95","184.89","7443073","8.27","6.7","35.52","97.08","27.09","28.6","41.61","186.96","116.13","148","Computer and Technology","Internet - Software","38.32","2"
"Abercrombie & Fitch","ANF","4835.06","108.82","994544","9.53","21.22","50.45","67.26","-22.13","6.42","8.8","129.85","65.61","83","Retail-Wholesale","Retail - Apparel and Shoes","9.34","2"
"Angi","ANGI","239.86","5.93","555961","0","-4.97","15.82","8.14","-58.69","-13.04","1.93","18.9","4.78","102","Computer and Technology","Internet - Content","1.93","3"
"AngioDynamics","ANGO","627.01","15.17","569342","11.05","16.87","39.94","100","6.41","9.46","-3.13","15.17","8.4","155","Medical","Medical - Instruments","-11.48","4"
"Aon","AON","75862.42","357.63","1411705","-2.6",".2","14.6","67.63","-8.72","9.45","22.3","381.26","308.27","102","Finance","Insurance - Brokerage","22.27","3"
"Artivion","AORT","1333.49","27.47","545331","5.25","11.4","15.37","26.77","-45.76","13.59","6.85","47.63","20.1","155","Medical","Medical - Instruments","2.55","3"
"A. O. Smith","AOS","8370.33","60.73","1882826","-2.74","-2.75","3.78","20.05","-18.22",".32","13.6","80.47","55.78","93","Industrial Products","Manufacturing - Electronics","13.15","4"
"Alpha and Omega Semiconductor","AOSL","941.88","31.47","633071","2.11","-17.7","-18.51","39.05","43.08","5.92","-1.2","53.32","17.47","41","Computer and Technology","Electronics - Semiconductors","-15.51","3"
"APA","APA","13029.87","36.87","5328426","6.13","13.59",".46","71.44","35.76","-5.31","16.52","44.39","18.06","216","Oils-Energy","Oil and Gas - Exploration and Production - United States","17.38","4"
"Air Products and Chemicals","APD","65233.5","292.94","1159692",".12","-5.15","-3.8","74.53","6.81","-.52","23.4","314.19","230.76","98","Basic Materials","Chemical - Diversified ","-.38","3"
"American Public Education","APEI","974.96","53.15","355681","7.5","-7.41","-5.71","76.51","26.64","3.89","6.13","60.86","28.03","83","Consumer Discretionary","Schools","6.13","2"
"APi Group","APG","17217.27","39.84","2874259","-.23","-6.98","-9.7","39.34","-6.21","12.72","15.24","49.4","33.64","198","Business Services","Business - Services","3.99","3"
"Amphenol","APH","201395.5","163.34","6919924","9.42","-2.08","33.37","81.97","8.86","51.71","19.17","176.32","104.31","102","Computer and Technology","Electronics - Connectors","17.73","1"
"Applied Digital Corporation","APLD","8595.42","29.49","20922164","11.81","-11.97","-33.86","45.7","8.32","323.95","-42.69","49.65","12.52","157","Finance","Financial - Miscellaneous Services","-37.78","3"
"Apple Hospitality REIT","APLE","3909.28","16.56","2929781","-1.9","-.12","20.09","91.36","25.86","-1.33","12.08","17.07","11.17","61","Finance","REIT and Equity Trust - Other","12.08","2"
"Apollo Global Management","APO","74612.9","129.42","3993558","4.17","5.93","-.8","55.57","-19.48","22.73","127.65","152.7","100.3","67","Finance","Financial - Investment Management","3.62","3"
"AppLovin","APP","136445.39","406.16","6120311","-1.59","-25.31","-15.1","10.7","-45.71","16.38","63.52","733.6","366.91","148","Business Services","Technology Services","64.29","3"
"AppFolio","APPF","6789.08","191.69","411658","13.6","8.88","20.14","27.18","-25.79","19.72","20.77","321.25","143.34","148","Computer and Technology","Internet - Software","15.13","1"
"Appian","APPN","2034.25","27.71","793225","8.45","13.66","34.97","33.4","-29.54","17.81","7.29","45.64","18.72","148","Computer and Technology","Internet - Software",".12","3"
"Digital Turbine","APPS","1088.42","9","2674237","4.77","-19.5","125.56","58.91","62.12","15.24","11.28","13.31","2.82","148","Computer and Technology","Internet - Software","-6.68","3"
"APTIV PLC","APTV","12111.04","57.23","2445535","-.38","-4.19","3.28","12.91","-32.26","3.47","8.23","88.67","52.57","148","Business Services","Technology Services","1.77","3"
"Algonquin Power & Utilities","AQN","4418.35","5.74","3918862","-4.49","2.87","-3.85","22.98","-15.94","4.92","10.05","6.98","5.37","175","Utilities","Utility - Electric Power","6.62","4"
"Antero Resources","AR","11215.37","36.48","4728175","7.77","5.19","-.3","43.26","-4.65","21.97","12.58","45.15","29.87","216","Oils-Energy","Oil and Gas - Exploration and Production - United States","17.68","4"
"ArcBest","ARCB","3074.88","137.57","393504","-7.59","-3.37","16.28","68.62","67.01","-4.04","2.44","173.22","59.62","6","Transportation","Transportation - Truck",".39","2"
"Ares Capital","ARCC","13764.5","19.17","4533417","1.48","3.29","2.62","32.82","-14.65","2.07","44.65","22.69","17.45","169","Finance","Financial - SBIC & Commercial Industry","30.91","3"
"Arcos Dorados","ARCO","1746.4","8.29","1245502","-.12",".12","-4.05","59.12","1.72","4.66","1.56","9.5","6.54","163","Retail-Wholesale","Retail - Restaurants","4.86","3"
"Ardent Health, Inc.","ARDT","1541.01","10.75","523410","-1.83","-.65","8.04","39.57","9.65","6.01","3.61","15.21","7.83","80","Medical","Medical Services","2.09","3"
"Ares Management","ARES","45706.99","138.57","2152312","8.46","13.74","11.2","43.71","-22.78","44.19","36.93","192.76","96.5","67","Finance","Financial - Investment Management","10.63","4"
"Arhaus, Inc.","ARHS","1118.17","7.9","1029517",".25","-3.07","29.08","30.5","-36.53","8.51","4.67","12.8","5.75","155","Retail-Wholesale","Retail - Miscellaneous","4.67","3"
"ARKO","ARKO","851.49","7.59","564218","-5.13","-4.53","11.78","78.22","50.57","-12.47",".38","8.64","3.82","199","Consumer Staples","Consumer Products - Staples",".38","3"
"Arlo Technologies","ARLO","1628.06","14.99","1100964","8","13.65","10.3","45.8","-3.5","3.6","16.35","19.44","11.23","148","Computer and Technology","Internet - Software","5.47","3"
"ARM Holdings PLC Sponsored ADR","ARM","255334.91","239.06","6339458","-10.24","-25.81","12.42","40.16","96.97","22.79","38.85","439.46","104.55","41","Computer and Technology","Electronics - Semiconductors","20.25","2"
"Aramark","ARMK","14919.99","56.74","2459054","-2.04","1.32","27.33","93.62","38.64","6.35","2.79","58.15","36.04","163","Retail-Wholesale","Retail - Restaurants","1.84","4"
"Archrock","AROC","6155.19","35.12","1561584","-1.6","-3.86","-4.33","65.76","21.57","28.7","22.04","41.95","22","187","Oils-Energy","Oil and Gas - Field Services","21.45","3"
"Arcutis Biotherapeutics","ARQT","3244.66","25.94","1357635","-6.82","-.5","22.13","69.2","-19.55","91.34","-.57","31.2","14.12","101","Medical","Medical - Biomedical and Genetics","-.57","2"
"ARMOUR Residential REIT","ARR","2311.56","16.33","4256616",".74","-4.95","-7.84","44.97","-16.86","45.28","148.59","19.12","14.05","157","Finance","REIT and Equity Trust","44.9","3"
"Array Technologies","ARRY","872.97","5.675","6706028","2.99","-19.16","-34.99","12.1","-44.56","40.22","12.69","11.96","4.81","65","Oils-Energy","Solar","-5.56","1"
"Arvinas","ARVN","520.04","8.06","596659","-1.95","-4.62","-16.56","23.98","-38.79","-.3","-247.54","13.83","6.24","101","Medical","Medical - Biomedical and Genetics","-247.54","3"
"Arrow Electronics","ARW","11086.35","216.81","515986","1.68","9.6","7.03","86.45","77.23","10.49","2.24","234.83","101.87","8","Computer and Technology","Electronics - Parts Distribution","2.17","3"
"Accelerant Holdings","ARX","2622.78","12.02","2521885","-17.73","-9.28","-10.03","12.86","-33.79","51.49","26.6","30.05","9.36","102","Finance","Insurance - Brokerage","-135.47","2"
"Amer Sports, Inc.","AS","20049.2","36.2","3652568","2.9","3.9","4.93","53.62","-12.71","26.68","8.74","41.96","29.54","78","Consumer Discretionary","Leisure and Recreation Products","6.5","3"
"Asana","ASAN","1966.25","8.53","5775950","10.06","18.31","34.54","31.55","-43.96","9.25","9.57","15.19","5.46","148","Computer and Technology","Internet - Software","-20.21","3"
"Assa Abloy","ASAZY","41810.61","18.79","530854","4.74","6.34",".56","42.52","-12.36","9.67","10.81","21.94","16.46","96","Industrial Products","Security and Safety Services","10.82","4"
"Associated BancCorp","ASB","5922.3","31.4","2028607","2.48","2.45","12.5","95.37","9.79","2.81","32.31","31.77","23.78","47","Finance","Banks - Midwest","19.66","3"
"ASHLAND INC","ASH","3285.68","71.75","738068","8.09","7.57","32.67","95.7","10.15","-13.68","8.19","72.84","47.49","83","Basic Materials","Chemical - Specialty","2.82","3"
"AerSale","ASLE","306.67","6.49","334979","-.15","-.61","-.31","18.77","-17.79","-2.83","5.45","9","5.91","61","Aerospace","Aerospace - Defense Equipment","3.06","3"
"Avino Silver","ASM","939.37","5.53","3001026","-2.81","-15.96","-26.46","29.07","-19.8","39.36","55.49","11.24","3.19","211","Basic Materials","Mining - Silver","32.74","4"
"ASML Holding","ASML","645976.38","1642.52","1991639","-.77","-10","4.9","73.31","38.28","20.81","30.11","1989.44","689.63","8","Computer and Technology","Semiconductor Equipment - Wafer Fabrication","30.11","3"
"Ascendis Pharma","ASND","15185.64","243.45","517850","-3.93","-9.13","2","67.47","2.83","106.99","-13.32","277.18","173.5","101","Medical","Medical - Biomedical and Genetics","57.87","3"
"Academy Sports and Outdoors","ASO","3011.61","48.56","1275231","-2.69","3.58","-5.78","35.1","-12.46","2.02","6.56","61.19","41.73","78","Consumer Discretionary","Leisure and Recreation Products","6.24","2"
"Astrana Health, Inc.","ASTH","2000.77","35.91","551778","-5.97","-23.45","-5.43","56.08","30.36","56.39","2.07","49.81","18.16","102","Medical","Medical - Outpatient and Home Healthcare",".86","3"
"AST SpaceMobile","ASTS","24653.67","63.52","15158821","8.97","-21.23","-23.05","27.67","-21.23","1505.21","-573.67","133.09","36.91","68","Computer and Technology","Wireless Equipment","-573.67","3"
"ASE Technology","ASX","81558.52","36.68","9844277",".36","-15.33","3.91","76.31","105.19","11.82","8.52","45.12","9.5","41","Computer and Technology","Electronics - Semiconductors","8.52","1"
"Amtech Systems","ASYS","228.55","15.7","376926","1.88","-16.53","-30.78","57.62","12.67","-21.59","5.31","23.99","4.43","15","Computer and Technology","Semiconductor - General","3.11","3"
"Atour Lifestyle Holdings Limited Sponsored ADR","ATAT","4833.1","35.16","830661","4.8","8.48","-8.94","34.79","-19.63","40.99","17.22","42.9","31.03","83","Consumer Discretionary","Leisure and Recreation Services","17.22","3"
"Alphatec","ATEC","1560.96","10.15","2152263","17.07","8.79","45.21","20.14","-56.55","24.95","2.1","22.68","6.99","155","Medical","Medical - Instruments","-15.93","3"
"A10 Networks","ATEN","2156.34","29.95","1282092","-10.52","-17.81","6.89","62.15","52.49","11.03","23.04","38.11","16.55","148","Computer and Technology","Internet - Software","14.9","3"
"Anterix","ATEX","1865.03","95.65","353358","2.02","-9.8","71.66","86.08","294.63","7.79","-398.86","108.21","17.99","48","Computer and Technology","Communication - Infrastructure","1394.17","3"
"Autohome","ATHM","2677.72","23.25","766563","8.8","24.8","21.28","50.74","-5.93","-4.33","22.14","29.92","16.38","164","Computer and Technology","Internet - Services","17.91","4"
"ATI INC","ATI","26355.17","193.12","1397982",".25",".55","19.83","91.74","51.56","5.16","10.77","204.09","71.34","61","Aerospace","Aerospace - Defense Equipment","9.26","2"
"Atkore","ATKR","3158.93","93.55","773127","24.25","32.79","25.35","100","33.21","-10.98","5.4","93.55","53.85","218","Industrial Products","Wire and Cable Products","-5.55","3"
"Atlas Copco","ATLKY","104157.52","21.385","437248","2.32","5.24","9.16","93.51","7.54","2.9","15.66","21.83","14.98","52","Industrial Products","Manufacturing - General Industrial ","15.66","3"
"Atmus Filtration Technologies Inc.","ATMU","4400.51","53.88","561799","-.63","3.62","-4.81","58.37","-6.52","5.67","12.64","65.57","37.49","180","Auto-Tires-Trucks","Automotive - Original Equipment","11.56","2"
"Atmos Energy","ATO","28858.77","172.89","1012774","-2.99","-.54","-5.07","46.82","-7.11","12.91","27.58","192.29","155.81","175","Utilities","Utility - Gas Distribution","27.58","2"
"AptarGroup","ATR","8695.99","136.77","492357","2.55","8.54","14.01","54.93","1","5.42","9.11","157.14","111.94","187","Industrial Products","Containers - Paper and Packaging","9.22","3"
"AtriCure","ATRC","1969.54","38.72","948359","3.61","19.54","47.22","77.73","-11.85","14.88","2.03","42.4","25.86","157","Medical","Medical - Products","1.85","3"
"Astronics","ATRO","3058.76","71.12","525422","1.25","-.93","12.61","74.2","41.72","8.39","9.49","87.15","25.01","61","Aerospace","Aerospace - Defense Equipment","5.12","1"
"Atlantic Union Bankshares","AUB","6121.06","42.77","1148625","1.42","1.35","15.63","96.01","9.13","51.58","34.06","43.25","31.23","41","Finance","Banks - Northeast","21.97","3"
"Aurinia Pharmaceuticals","AUPH","1873.73","14.57","1213158","-4.27","-5.94","-7.32","56.8","-17.73","20.38","41.27","18.62","9.24","147","Medical","Medical - Drugs","99.97","4"
"Avista","AVA","3268.35","39.55","577748","-4.81","-2.73","-2.78","53.12","-7.57","1.34","11.2","43.08","35.55","175","Utilities","Utility - Electric Power","11.83","3"
"Aveanna Healthcare","AVAH","2092.63","9.61","2017578","-.62",".84","45.83","89.89","5.94","20.19","5.9","10.27","3.74","102","Medical","Medical - Outpatient and Home Healthcare","10.37","2"
"AeroVironment","AVAV","8055.79","159.18","1452710","3.2","-9.99","-4.37","8.24","-40.73","140.89","8.18","409.83","136.68","61","Aerospace","Aerospace - Defense Equipment","-9","3"
"AvalonBay Communities","AVB","26957.4","188.78","777373",".65","-2.87",".81","77.65","-6.22","4.36","33.33","196.83","160.81","74","Finance","REIT and Equity Trust - Residential","33.33","3"
"Broadcom","AVGO","1866065.63","392.23","20227710","2.35","4.9","-8.45","53.69","2.07","23.87","53.5","481.57","288.64","41","Computer and Technology","Electronics - Semiconductors","38.85","3"
"Avient","AVNT","3429.04","37.39","739011","2.61","-3.86","3.89","62.72","7.8",".61","8.1","43.28","27.48","98","Basic Materials","Chemical - Diversified ","4.81","2"
"Mission Produce","AVO","1133.14","12.83","949393","1.02","-3.46",".86","52.01","-.38","12.68","3.89","15.34","10.11","102","Consumer Staples","Agriculture - Operations","1.83","3"
"AvePoint","AVPT","2832.55","13.36","2253670","4.29","10.92","27.6","43.31","-13.37","26.93","18.31","19.08","8.99","148","Computer and Technology","Internet - Software","10.55","3"
"Avnet","AVT","7290.3","88.88","975743",".57","7.79","7.27","91.66","66.5","-6.55","1.4","92.93","44.37","8","Computer and Technology","Electronics - Parts Distribution",".86","3"
"Avantor","AVTR","9245.83","13.67","12898110","16.24","31.82","71.52","76.43","7.44","-3.41","8.45","15.6","7.41","80","Medical","Medical Services","-8.81","2"
"Avery Dennison","AVY","13177","172.27","852720","5.67","3.75","6.33","43.34","-14.69","1.14","8.49","197.45","153.01","187","Industrial Products","Containers - Paper and Packaging","7.62","2"
"Armstrong World Industries","AWI","7584.49","179.46","604709","8.62","12.44","12.56","53.62","-15.42","12.11","19.65","203.71","151.43","98","Construction","Building Products - Miscellaneous","18.6","3"
"American Water Works","AWK","26093.12","131.3","2166549","-2.42","-1.34","4.2","39.31","-9.38","9.74","21.46","147","121.13","211","Utilities","Utility - Water Supply","21.35","3"
"American States Water","AWR","3321.58","84.75","312703","-1.56","1.94","9.85","76.38","5.31","10.52","19.66","89.28","70.1","211","Utilities","Utility - Water Supply","19.66","3"
"Axos Financial","AX","5896.66","103.66","359416","8.11","2.91","21.25","100","8.36","12.54","34.24","103.66","75.6","157","Finance","Financial - Miscellaneous Services","22.39","2"
"AxoGen","AXGN","2458.51","45.73","1300251","11.16","-.52","12.11","98.63","25.84","20.21","8.34","46.19","12.55","155","Medical","Medical - Instruments","-13.36","3"
"Axon Enterprise","AXON","46417.13","575.88","817395","9.59","-7.47","46.03","43.8","-8.67","33.47","19.51","870.97","345.94","61","Aerospace","Aerospace - Defense Equipment","6.9","3"
"American Express","AXP","232792.8","344.72","3162923","2.78","-3.18","10.37","56.63","-16.08","9.52","15.07","384.89","292.27","157","Finance","Financial - Miscellaneous Services","15.07","3"
"Axis Capital Holdings","AXS","7724.94","105.87","810805","-9.55","-6.36","7.47","56.8","-10.96","10.17","14.76","119.27","88.25","152","Finance","Insurance - Property and Casualty","16.23","3"
"Axsome Therapeutics","AXSM","10860.07","211.04","723738","-11.47","-13.01","-2.51","71.31","4.07","65.55","-27.32","255.17","101.38","101","Medical","Medical - Biomedical and Genetics","-26.59","4"
"Axalta Coating Systems","AXTA","7764.65","36.28","1637976","7.53","3.63","27.79","100","1.13","-3.01","10.58","36.28","25.44","83","Basic Materials","Chemical - Specialty","6.78","2"
"AXT","AXTI","4492.61","68.67","9874626","43.42","8.11","-45.42","48.05","278.28","-11.11","6.27","140.83","1.92","41","Computer and Technology","Electronics - Semiconductors","3.23","3"
"Acuity, Inc.","AYI","10013.14","334.49","318203","-.44","-5.57","15.49","64.51","-16.33","13.14","13.16","376.69","257.79","148","Business Services","Technology Services","10.25","3"
"AstraZeneca","AZN","244996.94","157.97","3613936","-6.88","-16.93","-13.14","18.63","-22.62","8.63","24.66","209.48","146.18","101","Medical","Medical - Biomedical and Genetics","17.02","3"
"AZZ","AZZ","4483.08","149.18","342492",".36","-2.21",".36","82.42","25.36","4.58","11.28","160.17","97.64","93","Industrial Products","Manufacturing - Electronics","11.83","3"
"Barrick Mining Corporation","B","61490.24","37.36","7835641","-.05","-1.97","-20.51","50.97","-22.74","31.22","27.22","52.98","21.12","233","Basic Materials","Mining - Gold","32.14","4"
"Boeing","BA","184543.52","233.49","5897643","10.4","-.45","-1.98","74.45","-3.14","34.5","-8.56","252.15","179.12","98","Aerospace","Aerospace - Defense","2.41","3"
"Alibaba","BABA","305146.38","127.3","12462347","10.7","30.02","-7.28","34.37","-21.78","8.09","6.13","189.34","94.81","179","Retail-Wholesale","Internet - Commerce","10.31","4"
"Bank of America","BAC","436906.94","62.48","33256356",".56","4.31","23.6","99.21","2.32","-.45","28.55","62.62","44.92","20","Finance","Financial - Investment Bank","17.56","2"
"Booz Allen Hamilton","BAH","8558.28","71.15","2384599","-.68","14.19","-5.07","21.93","-24.04","-6.37","7.48","111.87","59.71","68","Business Services","Consulting Services","7.01","3"
"Ball","BALL","17345.96","65.15","1842452",".74","3.49","12.87","87.78","10.78","11.58","7.44","67.76","46.41","55","Industrial Products","Containers - Metal and Glass","6.86","3"
"Brookfield Asset Management Ltd.","BAM","83040.7","50.69","2183503","6.58","7.85","3.6","38.98","-12.86","21.03","48.87","62.93","42.87","157","Finance","Financial - Miscellaneous Services","49.69","3"
"Banc of California","BANC","2966.85","19.24","3649422","-7.46","-6.42","2.07","66.23","-10.17","-3.76","20.95","21.83","14.16","55","Finance","Banks - Southwest","-1.44","3"
"Bandwidth","BAND","1391.79","43.47","1401931","-23.98","-28.35","-12.97","46.71","153.41",".71","5.95","78.44","12.82","48","Computer and Technology","Communication - Infrastructure",".27","2"
"Banner","BANR","2396.44","70.55","450728",".46","4.36","8.89","86.91","1.41","5.38","30.84","72.43","58.07","65","Finance","Financial - Savings and Loan","23.55","3"
"Baxter International","BAX","14527.59","28.1","6968213","20.39","24.45","60.3","100","32.44","5.72","9.22","28.1","15.8","157","Medical","Medical - Products","-9.27","3"
"Bayer","BAYRY","53330.1","13.57","796746","1.34","-6.74","24.72","79.65","12.96","2.21","11.14","15.19","7.25","230","Medical","Large Cap Pharmaceuticals","-4.75","4"
"BlackBerry","BB","4993.89","8.52","20004290","1.19","-25.13","36.98","55.59","102.47","2.65","19.02","12.81","3.15","148","Computer and Technology","Internet - Software","10.31","2"
"BBVA Banco Frances","BBAR","3862.12","18.91","492074","-1.36","-8.91","21.53","78.55","-5.75","2.25","5.77","21.9","7.96","93","Finance","Banks - Foreign","3.44","3"
"Bed Bath & Beyond, Inc.","BBBY","393.35","5.32","1873852","-.93","-4.32","8.57","12.5","-12.24","-25.12","-4.91","12.11","4.35","179","Retail-Wholesale","Internet - Commerce","-5.76","3"
"Barings BDC","BBDC","880.59","8.41","548124","1.45","-1.41","-2.32","21.99","-17.49","-2.43","42.62","9.9","7.99","169","Finance","Financial - SBIC & Commercial Industry","32.45","3"
"BridgeBio Pharma","BBIO","15631.08","79.96","3279340","-4.95","2.84","23.62","77.49","-5.85","126.26","-124.42","90.17","44.81","227","Medical","Medical - Generic Drugs","-124.42","3"
"Beta Bionics, Inc.","BBNX","600.61","13.35","1286117","-16.51","-20.16","35.53","19.41","-60.54","53.94","-61.32","31.99","8.86","155","Medical","Medical - Instruments","-61.32","3"
"Beacon Financial Corporation","BBT","2674.57","31.91","789020","7.66","5.52","11.73","93.61","8.99","26.81","28.3","32.51","23.12","41","Finance","Banks - Northeast","8.96","4"
"Brookfield Business Partners","BBUC","6435.86","31.09","344673","-.99","-1.92","-2.26","54.08","-20.45","-32.41","1.13","37.17","23.93","198","Business Services","Business - Services","1.13","4"
"Banco Bilbao Viscaya Argentaria","BBVA","161906.34","28.36","1326525","6.66","8.49","29.26","100","9.58","8.79","27.76","28.36","16.66","93","Finance","Banks - Foreign","27.75","4"
"BuildABear Workshop","BBW","423.89","33.81","313220","-.91","8.99","-8.82","8.63","-50.3","6.73","9.46","75.85","29.84","155","Retail-Wholesale","Retail - Miscellaneous","10.48","3"
"Bath & Body Works, Inc.","BBWI","4226.75","20.97","4915778","2.34","-4.33","9.45","35.96","-5.94","-.22","8.68","31.87","14.85","155","Retail-Wholesale","Retail - Miscellaneous","10.03","3"
"Best Buy","BBY","17967.9","85.25","3416426","-3.62","9.29","47.95","85.8","14.72",".39","3.32","90.17","55.52","237","Retail-Wholesale","Retail - Consumer Electronics","2.73","4"
"Brunswick","BC","5158.32","79.39","731157","-1.56",".15","-.18","69.83","-3.69","2.4","4.44","89.22","56.64","78","Consumer Discretionary","Leisure and Recreation Products","-1.53","3"
"Boise Cascade","BCC","2921.8","83.03","430015","6.15","10.3","19.99","68.19","1.61","-4.75","1.73","91.22","65.47","58","Construction","Building Products - Wood","1.64","2"
"BCE","BCE","20319.74","21.79","3778330","2.59","4.41","-10.26","16.49","-17.61","-1.71","10.49","26.45","20.87","229","Utilities","Diversified Communication Services","25.66","4"
"Brink's","BCO","4760.94","115.61","579885","-1.98","10.57","9.9","60.37","-10.8","4.97","6.41","135.58","85.19","154","Business Services","Financial Transaction Services","3.35","3"
"BioCryst Pharmaceuticals","BCRX","2239.17","8.81","3717575","-8.04","-13.37","2.68","52.77","1.73","94.1","31.95","11.11","6.24","147","Medical","Medical - Drugs","-51.71","2"
"Barclays","BCS","94861.02","27.83","5677296","-2.56","-2.04","20.11","92.28","-1.51","12.23","22.27","28.56","19.1","93","Finance","Banks - Foreign","22.27","3"
"Belden","BDC","4796.07","122.73","569140","15.98","8.38","10.66","45.16","-5.16","10.33","11.29","150.91","99.52","73","Computer and Technology","Communication - Components","8.52","2"
"Becton, Dickinson and Company","BDX","46899.73","170.21","1744156","7.1","9.43","18.9","42.56","-21.01","8.24","17.97","210.02","140.71","74","Medical","Medical - Dental Supplies","5.33","4"
"Bloom Energy","BE","62099.79","218.32","17562332","16.02","-26.01","-23.11","58.83","126.3","37.33","17.85","345.85","36.1","160","Oils-Energy","Alternative Energy - Other","7.87","1"
"Beam Therapeutics","BEAM","2665.6","25.91","2301939","3.35","-26.64","-18.39","45.19","-15.82","120.01","-195.22","37.92","16.01","101","Medical","Medical - Biomedical and Genetics","-39.66","3"
"KE Hodlings","BEKE","19345.18","17.29","3543199","5.49","15.11","-9.9","49.67","-1.19","5.63","5.81","20.36","14.26","164","Computer and Technology","Internet - Services","3.77","3"
"Franklin Resources","BEN","17904.63","35.24","5008063","6.08","2.32","11.7","100","32.86","3.45","16.16","35.24","21.18","67","Finance","Financial - Investment Management","8.72","2"
"Brookfield Renewable","BEPC","5154.05","34.16","1768482","4.79","-6.72","-8.49","16.57","-19.75","-36.56","-44.05","44.43","32.12","160","Oils-Energy","Alternative Energy - Other","-44.05","4"
"BrownForman","BF.B","12761.01","27.81","2528536","1.5","8","3.65","59.22","-3.89","-1.18","18.2","31.26","22.8","225","Consumer Staples","Beverages - Alcohol","18.2","3"
"Bright Horizons Family Solutions","BFAM","4012.31","76.27","879654","-2.03",".74","11.05","25.92","-32.26","9.22","8.79","125.1","59.18","198","Business Services","Business - Services","5.78","3"
"Bread Financial","BFH","4256.85","110.8","713654","4.42","7.03","30.46","100","34.8","-2.06","15.52","110.8","54.08","157","Finance","Financial - Miscellaneous Services","11.95","3"
"Butterfly Network","BFLY","2093.08","8.22","8010546","16.27","-.12","95.71","90.9","94.83","18.96","-42.24","8.91","1.33","68","Medical","Medical Info Systems","-66.74","3"
"BUNGE GLOBAL SA","BG","20249.36","105.4","1370131","-10.3","-3.11","-16.44","52.07","6.57","32.43","1.73","131.41","77.14","24","Basic Materials","Agriculture - Products","1.1","1"
"BGC Group, Inc.","BGC","5456.46","11.39","2443929","-3.39","2.61","1.33","70.97","14.88","29.99","20.12","12.65","8.31","20","Finance","Financial - Investment Bank","6.04","3"
"Brighthouse Financial","BHF","3552.45","61.84","589619","-2.09","-4.69","1.19","79.48","-14.03","43.23","12.09","66.61","43.36","192","Finance","Insurance - Life Insurance","-1.1","4"
"Biogen","BIIB","29819.71","201.82","1456280",".84","-3.19","1.96","83.34","3.29","2.22","20.61","216.63","127.75","101","Medical","Medical - Biomedical and Genetics","8.32","4"
"Bilibili","BILI","7979.18","19.24","2107889","7.79","7.49","-12.86","16.43","-29.53","18.06","9.15","35.92","15.96","166","Consumer Discretionary","Broadcast Radio and Television","4.58","3"
"BILL Holdings, Inc.","BILL","4702.96","47.22","2355560","5.17","17.38","13.78","62.67","-22.02","13.36","17.65","56.31","31.96","148","Computer and Technology","Internet - Software",".01","4"
"BioRad Laboratories","BIO","8957.37","334.71","302231","5.78","13.4","37.29","94.86","-.5",".65","9.67","339.75","241.71","157","Medical","Medical - Products","6.52","3"
"Brookfield Infrastructure Partners","BIP","18456.39","40.08","1101554","-.82","7.42","7.05","80.17","3.91","9.8","3.51","42.62","29.81","61","Finance","REIT and Equity Trust - Other","3.51","2"
"Brookfield Infrastructure","BIPC","4970.65","40.41","959679","-1.17","2.64","2.25","31.72","-19.83",".05","9.3","51","35.49","175","Utilities","Utility - Gas Distribution","-9.41","3"
"BJ's Wholesale Club","BJ","12399.09","97.1","1604155","2.51","10.93","6.57","50.76","-2.86","4.66","2.61","109.98","83.82","199","Consumer Staples","Consumer Products - Staples","2.62","3"
"BJ's Restaurants","BJRI","1452.79","68.29","519627","-.81","15.37","62.17","86.9","56.11","3.08","3.37","74.26","28.69","163","Retail-Wholesale","Retail - Restaurants","2.86","1"
"Brookdale Senior Living","BKD","3431.41","14.37","5207669","-7.11","-7.71","12.18","75.1","19.95","2.19","-4.18","16.77","7.13","33","Medical","Medical - Nursing Homes","-6.51","3"
"Black Hills","BKH","5422.64","71.23","718272","-4.59","-1.29","-3.01","70.6","-7.59","8.57","13.18","76.83","57.78","175","Utilities","Utility - Electric Power","12.61","3"
"Booking Holdings","BKNG","149326.84","192.71","5693257","3.17","6.45","22.12","51.64","-18.98","13.39","27.17","228.84","154.13","179","Retail-Wholesale","Internet - Commerce","22.23","4"
"Baker Hughes","BKR","60364.51","60.81","9692520",".36","14.2","-5.87","67.38","20.27","-.34","9.6","69.67","42.51","187","Oils-Energy","Oil and Gas - Field Services","11.17","3"
"BlackSky Technology","BKSY","978.03","23.9","1179914","8.29","-12","-42.24","27.95","14.81","4.39","-67.05","51.63","13.14","148","Business Services","Technology Services","-89.07","3"
"BankUnited","BKU","3421.85","47.08","1088290","1.86","-4.81","1.53","75.27","-4.86","-6.22","24.64","50.93","35.36","24","Finance","Banks - Major Regional","14.76","4"
"BKV Corporation","BKV","2673.41","24.44","784116","-1.21","-9.65","-13.76","37.64","-18.92","73.64","10.02","32.16","19.78","160","Oils-Energy","Alternative Energy - Other","21.71","3"
"BlackLine","BL","1922.91","32.78","913268","6.91","12.65","19.2","22.47","-46.6","7.21","22.37","58.83","25.23","148","Computer and Technology","Internet - Software","3.71","3"
"Blue Bird","BLBD","2358.62","74.53","420130","-1.99","-4.39","5.93","81.74","42.82","9.87","9.85","81.5","43.33","78","Auto-Tires-Trucks","Automotive - Domestic","8.91","3"
"Bausch + Lomb","BLCO","5987.85","16.77","448224","3.01","-1.99","4.62","64.12","-11.57","6.47","5.03","18.6","13.5","80","Medical","Medical Services","-3.21","3"
"BioLife Solutions","BLFS","1570.77","32.15","1570045","7.92","15.69","47.95","100","19.75","16.97","6.2","32.15","18.15","157","Medical","Medical - Products","-2.8","1"
"BlackRock","BLK","174622.45","1126.63","799856","6.07","11.41","4.19","72.84","-5.2","18.67","30.92","1202.59","922.9","67","Finance","Financial - Investment Management","24.09","1"
"Blackbaud","BLKB","2013.96","44.37","749287","28.42","51.59","29.13","40.87","-36.89","-2.35","19.37","70.17","26.54","88","Computer and Technology","Computer - Software","13.12","3"
"Bloomin' Brands","BLMN","773.95","9.04","1624585","5.85","12.44","8","96.92","31.96",".14","2.62","9.16","5.26","163","Retail-Wholesale","Retail - Restaurants",".55","4"
"Bullish","BLSH","3458.62","22.93","1421842",".57","-13.7","-47.92","2.16","-45.47","-99.88","17.86","74.63","21.79","148","Computer and Technology","Internet - Software","-314.4","4"
"Backblaze","BLZE","936.96","15.59","2208266","26.65","1.9","118.04","84.57","201.32","14.27","8.34","17.83","3.31","148","Computer and Technology","Internet - Software","-13.07","3"
"Badger Meter","BMI","3969.75","136.95","555887","7","-8.57","17.38","29.54","-29.28","10.9","14.27","193.09","113.41","204","Computer and Technology","Instruments - Control","14.27","4"
"Bank Of Montreal","BMO","125581.13","179.72","843749",".68","2.06","17.4","94.63","24.72","-4.05","27.01","183.65","110.44","93","Finance","Banks - Foreign","12.6","3"
"BioMarin Pharmaceutical","BMRN","11596.1","59.995","1596846","-.46","2.05","14.1","71.65","-9.08","12.87","16.75","64.08","49.67","101","Medical","Medical - Biomedical and Genetics","8.29","3"
"Bristol Myers Squibb","BMY","133736.53","65.47","12200818","4.65","15.47","17.6","100","9.32","-.22","27.04","65.47","42.6","101","Medical","Medical - Biomedical and Genetics","18.87","2"
"Brookfield Corporation","BN","106726.28","43.53","3876581","3.45","-.98","-6.06","48.3","-14.57","-12.68","8.16","49.17","38.26","93","Finance","Real Estate - Operations","1.76","3"
"Barnes & Noble Education","BNED","446.9","12.9","364810",".47","12.47","23.92","88.98","26.43","6.5","1.3","13.74","6.12","199","Consumer Discretionary","Consumer Products - Discretionary",".98","3"
"Broadstone Net Lease","BNL","4069.66","21.26","1827294","-5.05",".81","6.3","76.1","10.24","5.17","30.61","22.84","16.23","74","Finance","REIT and Equity Trust - Residential","30.61","2"
"Bank of Nova Scotia","BNS","107838.06","88.3","2348817","1.63","1.39","14.62","94.29","7.92","-5.72","26.53","90.29","55.44","93","Finance","Banks - Foreign","13.38","4"
"BioNTech","BNTX","23328.57","92.25","787285","1.27","-1.79","-1.17","23.58","-12.72","9.03","-35.01","119.34","83.89","101","Medical","Medical - Biomedical and Genetics","-44.39","4"
"BNY","BNY","105982.34","156.2","3853354","-1","4.16","17.9","90.17","21.18","2.12","29.9","162.35","99.81","24","Finance","Banks - Major Regional","15.52","1"
"Bank of Hawaii","BOH","3161.95","80.15","494251",".16","-3.5","2.15","78.1","5.58","2.96","30.93","85.85","59.82","204","Finance","Banks - West","21.84","4"
"Boot Barn","BOOT","4803.18","158.6","725929","2.24","-.11","3.59","32.19","-19.05","17.93","10.35","207.98","135.16","83","Retail-Wholesale","Retail - Apparel and Shoes","10.35","1"
"Box","BOX","4388.85","31.7","2765019","5.14","11.82","29.39","84.81","-4.54","7.99","20.71","33.55","21.37","148","Computer and Technology","Internet - Software","10.35","3"
"BP","BP","115928.78","44.26","7898404","4.61","18.37",".09","78.78","14.78","-1.07","4.7","47.63","31.75","226","Oils-Energy","Oil and Gas - Integrated - International","1.62","3"
"Popular","BPOP","11206.97","173.65","517734","1.31","2.94","18.17","97.64","25.6","2.51","28.63","175.21","109.24","53","Finance","Banks - Southeast","21.37","2"
"Broadridge Financial Solutions","BR","18197.68","157.34","941256","2.98","8.68","5.51","16.66","-36.5","5.88","15.06","266.89","135.44","148","Computer and Technology","Internet - Software","15.03","3"
"BellRing Brands","BRBR","1505.8","12.95","4161546","-.92","-3.72","37.77","10.82","-56.37","16.05","8.37","54.58","7.9","210","Consumer Staples","Food - Miscellaneous","6.78","3"
"Berkshire Hathaway","BRK.B","1106768.25","513.14","4082097","3.21","1.29","7","98.78","-8.05","0","12.31","513.81","459.11","152","Finance","Insurance - Property and Casualty","19.31","2"
"Bruker","BRKR","9789.63","64.31","1893718","7.09","4.84","48.63","99.91","22.95","2.08","7.72","64.34","29.35","8","Computer and Technology","Instruments - Scientific","-.65","2"
"Brown & Brown","BRO","24018.33","71.78","2899274","2.98","4.9","29.68","40.87","-18.88","22.83","24.34","96.95","54.38","102","Finance","Insurance - Brokerage","17.75","3"
"Dutch Bros","BROS","11348.64","64.98","2574500","-1.1","-4.57","27.09","66.39","-4.4","27.88","5.62","74.24","46.69","163","Retail-Wholesale","Retail - Restaurants","4.61","2"
"Brightstar Lottery","BRSL","1889.07","10.11","1540659","-3.53","-9.08","-20.83",".85","-41.18","-.04","7.43","18.31","10.04","185","Consumer Discretionary","Gaming","6.24","3"
"BrightSpire Capital","BRSP","649.07","5.13","1571176","-2.1","-4.65","-11.86","12.17","-17.49","-20.38","110.48","6.14","4.99","157","Finance","REIT and Equity Trust","-20.43","3"
"Brixmor Property Group","BRX","9675.68","31.53","2244602","-2.53","1.68","5.66","85.54","8.31","6.73","30.82","32.69","24.67","88","Finance","REIT and Equity Trust - Retail","30.82","3"
"Braze","BRZE","2893.51","25.69","2403853","9.27","6.38","23.93","48.53","-32.52","24.4","5.85","36.19","15.79","148","Computer and Technology","Internet - Software","-15.51","3"
"Banco Santander Chile","BSAC","16352.41","34.71","310273",".73","4.36","16.52","80.97",".49","-4.66","42.98","37.46","23.01","93","Finance","Banks - Foreign","27.04","3"
"Black Stone Minerals","BSM","3198.11","15.05","304096",".94","11.15","12.48","88.92","1.99","8.35","73.1","15.44","11.92","204","Oils-Energy","Energy and Pipeline - Master Limited Partnerships","61.72","3"
"Bentley Systems","BSY","10489.98","35.89","2635122","6.47","10.09","9.96","25.27","-15.3","10.99","25.96","57.98","28.42","148","Computer and Technology","Internet - Software","18.12","3"
"BITDEER TEC GRP","BTDR","2678.23","11.37","9330454",".18","-20.21","-13.67","21.97","-8.65","77.33","-68.11","25.9","7.28","148","Business Services","Technology Services","-68.11","3"
"BrightSpring Health Services, Inc.","BTSG","11963.86","60.465","4704308","-16","-14.31","9.8","76.76","45.42","14.59","2.25","72.91","19.36","80","Medical","Medical Services","2.55","1"
"AnheuserBusch InBev","BUD","169717.3","84.05","1735678","3.93","5.88","5.25","91.73","18.21","-.75","13.05","86.48","57.1","225","Consumer Staples","Beverages - Alcohol","14.9","3"
"Webull Corporation","BULL","3861","7.26","8738054","-3.71",".69","2.69","23.12","-15.85","46.32","12.4","16","4.63","157","Finance","Financial - Miscellaneous Services","-1.64","3"
"Burlington Stores","BURL","23177.21","368.23","623707","2.85","17.89","26.02","96.95","14.82","8.76","5.54","372.19","242.43","43","Retail-Wholesale","Retail - Discount Stores","5.24","3"
"First Busey","BUSE","2644.73","31.27","918827","5.11","6.04","19.08","99.89","18.39","57.36","32.24","31.28","22.08","47","Finance","Banks - Midwest","21","2"
"BrightView","BV","1257.27","13.49","869404","-5.13","-6.45","3.45","43.06","-4.1","-3.41","3.89","16.28","11.38","24","Basic Materials","Agriculture - Products","1.7","3"
"Buenaventura Mining","BVN","7730.7","30.47","804583","-3.94","1.7","-19.29","50.49","-1.39","49.98","51.27","43.67","17.01","211","Basic Materials","Mining - Silver","50.88","3"
"Bioventus","BVS","1125.21","13.47","696733","8.19","14.35","32.19","100","63.06","-.91","11.33","13.47","6.14","147","Medical","Medical - Drugs","4.94","2"
"Babcock","BW","1416.95","9.52","3446347","1.28","-15.9","-49.66","41.05","35.24","-18.07","-1.47","21.85",".93","231","Computer and Technology","Electronics - Power Generation","-13.63","3"
"BorgWarner","BWA","12985.83","63.31","2127959","-.58","-3.94",".25","65.9","26.55","1.63","7.52","77.03","36.8","180","Auto-Tires-Trucks","Automotive - Original Equipment","2.53","4"
"Baldwin Insurance Group, Inc.","BWIN","4202.89","29.48","1218006","7.59","8.82","46.23","63.81","10.49","8.34","13.27","36.84","16.5","192","Finance","Insurance - Life Insurance","-4.67","2"
"BWX Technologies","BWXT","15921.71","173.79","917396","-1.55","-11.73","-17.56","27.32","-9.44","18.3","11.16","238.42","149.5","61","Aerospace","Aerospace - Defense Equipment","10.11","3"
"The Blackstone Group","BX","100051.05","134.68","4952347","1.57","9.12","10.94","37.62","-21.3","9.22","33.44","188.68","102.12","157","Finance","Financial - Miscellaneous Services","21.84","3"
"Blackstone Mortgage Trust","BXMT","2455.68","14.57","1969912","-12.34","-16.55","-20.56",".49","-31.4","-23.33","82.95","20.63","14.54","157","Finance","REIT and Equity Trust","1.57","3"
"BXP, Inc.","BXP","11228.8","70.41","1530989","1.73",".63","19.46","69.47","-6.02","2.19","9.08","78.93","51.02","61","Finance","REIT and Equity Trust - Other","8.44","3"
"Blackstone Secured Lending Fund","BXSL","5478.95","23.55","1506613","2.39","1.46","-.3","6.65","-19.44","6.93","52.68","31.55","22.98","169","Finance","Financial - SBIC & Commercial Industry","31.63","3"
"Boyd Gaming","BYD","6163.36","84.83","1034893","-5","-4.51","2.51","55.5","-10.37","4.12","14.16","91.26","76.81","185","Consumer Discretionary","Gaming","44.34","3"
"Kanzhun","BZ","6751.04","16.46","3127483","4.64","20.41","15.02","31.08","-27.26","17.32","44.73","24.91","12.65","148","Computer and Technology","Internet - Software","40.21","3"
"Beazer Homes USA","BZH","901.2","32.97","406748","-.24","18.85","31.04","97.2","46.5","1.77",".58","33.4","18.03","169","Construction","Building Products - Home Builders","-.18","3"
"Citigroup","C","227813.92","133.57","12490772",".35","-7.15","6.13","77.77","3.1","-1.44","21.57","145.67","91.23","20","Finance","Financial - Investment Bank","10.23","1"
"CAE","CAE","8500.92","26.45","540031","2.52","-.82","1.38","30.21","-21.69","8.45","7.86","34.05","23.16","61","Aerospace","Aerospace - Defense Equipment","6.36","4"
"Cardinal Health","CAH","55178.9","235.6","2268854","2.73","-.81","29.1","95.61","3.26","-1.87",".99","239.71","146.04","74","Medical","Medical - Dental Supplies",".62","2"
"Caris Life Sciences,?Inc.","CAI","4613.35","16.32","3670702","4.41","-8.37","2.38","7.15","-45.52","96.97","56.93","39.3","14.55","80","Medical","Medical Services","3.75","4"
"The Cheesecake Factory","CAKE","5211.5","104.89","1781319","20.52","36.42","71.47","100","87.14","4.75","5.22","104.89","43.14","163","Retail-Wholesale","Retail - Restaurants","4.61","1"
"Caleres","CAL","470.26","14","451204","11.91","18.75","16.09","74.6","3.61","1.29","1.61","15.75","8.86","63","Consumer Discretionary","Shoes and Retail Apparel ",".02","2"
"Calix","CALX","2352.33","37.36","1443974","1.38","-2.89","-12.57","6.56","-36.43","20.26","10.41","68.42","35.18","148","Computer and Technology","Internet - Software","4.61","3"
"Callaway Golf Company","CALY","3431.57","19.09","1822959","4.49","4.43","18.5","95.06","47.33","-51.4","3.28","19.66","8.12","78","Consumer Discretionary","Leisure and Recreation Products","1.05","2"
"Camtek","CAMT","6522.12","139.79","519258","-7.71","-1.45","-32.62","48.24","18.39","15.57","31.18","207.46","76.73","18","Computer and Technology","Electronics - Measuring Instruments","9.63","3"
"Carter Bankshares","CARE","787.33","35.43","391136","3.99","6.72","33.35","100","62.31","4.74","13.71","35.43","16.94","41","Finance","Banks - Northeast","36.79","3"
"CarGurus","CARG","3330.61","36.93","1111264","5.64","3.56","14.02","82.6","-13.27","1.41","24.01","39.03","26.96","179","Retail-Wholesale","Internet - Commerce","15.57","3"
"Carrier Global","CARR","52072.61","63.17","7271835","-8.89","-9.89","-4.11","49.96","7.67","-3.29","9.34","76","50.36","31","Construction","Building Products - Air Conditioner and Heating","5.52","1"
"Cars.com","CARS","675.87","12.09","654382","2.46","6.05","10.61","72.63","-10.75",".57","15.3","13.79","7.58","179","Retail-Wholesale","Internet - Commerce","3.73","3"
"Maplebear Inc.","CART","10668","45.39","3675103","3.02","-4.14","12.32","66.14","-9.11","10.78","14.1","51.77","32.93","179","Retail-Wholesale","Internet - Commerce","12.5","3"
"Casey's General Stores","CASY","31837.92","860.37","345485",".82","6.59","-1.9","86.74","40.2","10.16","4.07","916.28","494.52","102","Retail-Wholesale","Retail - Convenience Stores","4.07","3"
"Caterpillar","CAT","382305.19","830.03","3026269","-4.95","-14.42","-10.44","64.26","30.5","4.29","13.51","1064.9","407.79","102","Industrial Products","Manufacturing - Construction and Mining","13.33","3"
"Cathay General Bancorp","CATY","4283.57","63.9","556476","2.14","2.16","12.03","100","18.93","-.43","39.89","63.9","44.78","204","Finance","Banks - West","24.66","2"
"CAVA Group, Inc.","CAVA","7509.07","64.47","3402705","-.11","-10.35","-19.4","38.81","-1.06","22.41","4.79","97.39","43.59","163","Retail-Wholesale","Retail - Restaurants","4.79","3"
"Chubb Limited","CB","134347.09","348.23","2044307","-2.98","-2.33","8.73","84.33",".49","6.54","18.41","363.5","266.04","152","Finance","Insurance - Property and Casualty","18.1","3"
"CeriBell, Inc.","CBLL","694.73","18.31","351920",".99","-7.48","-8.72","59.07","-24.8","36.09","-63.51","23.43","10.92","157","Medical","Medical - Products","-63.51","3"
"Cboe Global Markets","CBOE","31102.69","297.83","1170224","3.1","21.52","-15.02","49.06","6.87","15.13","49.87","366.7","231.51","161","Finance","Securities and Exchanges","26.68","3"
"CBRE Group","CBRE","42981.66","148.43","1807680","3.16","5.61","1.59","50.65","-16.86","13.37","5.13","171.61","124.64","93","Finance","Real Estate - Operations","2.98","3"
"Cracker Barrel Old Country Store","CBRL","1291.47","57.78","957409","10.2","14.26","84.19","87.29","104.88",".37",".37","62.55","25.02","163","Retail-Wholesale","Retail - Restaurants",".79","2"
"Commerce Bancshares","CBSH","8698.52","59.67","1245292","1.14","1.58","17.05","79.14","2.68","2.44","31.29","62.88","47.49","47","Finance","Banks - Midwest","26.07","2"
"Cabot","CBT","4624.25","89.58","419094",".23","2.26","5.95","88.99","21.73","-7.04","9.57","93.4","58.71","98","Basic Materials","Chemical - Diversified ","5.23","3"
"CBIZ","CBZ","2954.44","55.07","1852003","23.86","55.74","81.87","72.26","-1.69","52.08","8.24","66.56","25.14","68","Business Services","Consulting Services","4.73","2"
"Chemours","CC","2572.96","17.11","2202822",".77","-5.94","-32.26","37.97","30.71",".45","2.27","27.94","10.48","98","Basic Materials","Chemical - Diversified ","-6.82","2"
"Coastal Financial","CCB","650.06","42.63","310305","-41.09","-45.99","-39.73","3.44","-66.49","-5.99","-.63","118.97","39.91","204","Finance","Banks - West","-.53","3"
"CCC Intelligent Solutions","CCC","3710.67","6.3","10704872","5.53","10.72","29.1","35.8","-28.63","11.88","22.73","10.03","4.22","148","Computer and Technology","Internet - Software","3.81","2"
"Crown Castle Inc.","CCI","33493.32","76.74","4316129","3.52","2.43","-15.36","7.89","-22.23","-35.08","25.78","107.19","74.13","61","Finance","REIT and Equity Trust - Other","20.71","3"
"Cameco","CCJ","39076.02","89.72","3918734",".41","-7.98","-25.32","30.26","-11.68","8.87","15.23","134.09","70.47","160","Oils-Energy","Alternative Energy - Other","10.2","3"
"Crown Holdings","CCK","13037.12","119.87","1171479","1.2","5.82","19.42","95.71","4.85","4.78","7.09","121.2","90.21","55","Industrial Products","Containers - Metal and Glass","5.91","2"
"Carnival","CCL","39363.72","28.74","18971882","5.97","4.47","12.97","48.02","-15.24","6.4","12.01","33.99","23.89","83","Consumer Discretionary","Leisure and Recreation Services","11.24","3"
"Cogent Communications","CCOI","662.53","13.23","1105809","8.27","8.58","-19.33","6.51","-44.73","-5.82","-17.53","45.7","10.97","102","Computer and Technology","Wireless National","-17.53","3"
"CareDx","CDNA","2475.48","47.85","1316376","31.6","64.66","122.04","100","128.75","13.79","12.88","47.85","11.57","80","Medical","Medical Services","24.23","3"
"Cadence Design Systems","CDNS","92573.36","336.15","2357181","-.73","-10.54","-7.7","46.77","-3.14","14.12","37.5","416.39","265.66","88","Computer and Technology","Computer - Software","23.6","3"
"COPT DEFENSE PR","CDP","4256.17","37.54","926509","-1.91",".27","18.65","92.68","21.62","1.41","20.94","38.35","27.28","61","Finance","REIT and Equity Trust - Other","20.94","3"
"Cadre Holdings, Inc.","CDRE","1320.3","30.85","315982","-5.97","1.88","-1.63","18.65","-31.97","7.53","6.46","46.07","27.36","96","Industrial Products","Security and Safety Services","5.8","3"
"CDW","CDW","18869.18","147.7","1843716","7","10.07","44.04","64.46","-2.33","6.79","5.81","174.38","99.3","152","Computer and Technology","Computers - IT Services","4.7","3"
"Celanese","CE","4813.09","43.89","1797088","-1.15","-7.87","-26.3","24.8","-6.5","-7.16","4.98","69.24","35.53","83","Basic Materials","Chemical - Specialty","-11.54","3"
"CECO Environmental","CECO","2451.2","68.33","858306","-7.37","-15.31","-16.16","43.78","2.83","38.79","5.35","99.67","43.93","29","Industrial Products","Pollution Control","1.7","1"
"Constellation Energy Corporation","CEG","98289.81","273.71","2704247","1.37","11.32","-8.67","22.22","-30.22","8.34","10.85","403.95","236.5","160","Oils-Energy","Alternative Energy - Other","12.69","4"
"Celsius","CELH","7216.73","28.23","7708189","-1.95","-14.56","-7.87","2.94","-44.41","85.54","15.67","64.86","27.12","210","Consumer Staples","Food - Miscellaneous","5.85","4"
"Capstone Green Energy","CEPL","263.12","8.08","367812","-1.22","-10.32","-19.44","56.33","44.39","23.89","15.32","13.6",".96","160","Oils-Energy","Alternative Energy - Other","2.66","3"
"Certara","CERT","1272.52","8.18","3635958","5.55","14.73","59.45","40.57","-16.37","8.75","15.05","13.6","4.48","101","Medical","Medical - Biomedical and Genetics","-3.6","3"
"Ceva, Inc.","CEVA","926.88","33.27","714186","-5.4","-25.47","-8.75","48.89","39.24","2.49","9.35","50.06","17.21","148","Computer and Technology","Internet - Software","-10.47","3"
"CF Industries","CF","18174.34","118.3","2293364","-1.24","4.51","-4.96","68.62","37.77","19.34","22.29","137.6","76.09","180","Basic Materials","Fertilizers","23.73","3"
"Citizens Financial Group","CFG","30743.52","72.7","4923993","2.25",".82","16.96","93.88","12.1","-2.47","24.36","74.4","46.64","41","Finance","Banks - Northeast","17.18","2"
"Cullen/Frost Bankers","CFR","10499.42","168.94","646565","3.09","8.11","24.54","100","20.16","2.46","28.66","168.94","119.85","55","Finance","Banks - Southwest","23.34","3"
"Carlyle Group","CG","17606.35","48.91","2877791","5.68","11.06","-1.11","29.1","-25.48","-11.91","40.62","69.35","40.52","67","Finance","Financial - Investment Management","13.46","4"
"Centerra Gold","CGAU","3454","17.61","1529861","6.92","6.66","-5.98","75.97","10.37","14.01","18.39","21.03","6.8","233","Basic Materials","Mining - Gold","36.92","3"
"Carlyle Secured Lending","CGBD","713.04","10.26","616593",".49","-2.56","-9.84","6.75","-26.01","9.88","60.51","13.99","9.99","169","Finance","Financial - SBIC & Commercial Industry","19.52","3"
"Cognyte Software","CGNT","677.67","9.17","477932","5.28","-1.5","-15.56","47.97","-12.14","14.09","4.41","12.24","6.34","148","Computer and Technology","Internet - Software","-.66","3"
"Cognex","CGNX","11223.33","67.44","1857925","10.03","-2.95",".27","86.76","68.82","8.73","19.33","72.42","34.8","21","Computer and Technology","Electronics - Testing Equipment","13.62","2"
"Chagee Holdings Limited - Sponsored ADR","CHA","2046.58","11.15","421591","-5.03","-1.06","6.8","13.98","-13.65","8.6","13.26","23.4","9.16","68","Consumer Staples","Beverages - Soft drinks","7.25","3"
"Church & Dwight Co.","CHD","23722.76","100.01","1832892","1.33","2.63","10.24","77.81","7.42","1.57","13.52","105.26","81.6","199","Consumer Staples","Consumer Products - Staples","11.96","3"
"Churchill Downs","CHDN","5817.88","83.47","1018930","-5.33","-6.47","-3.13","3.75","-33.93","7.01","15.79","117.59","82.14","185","Consumer Discretionary","Gaming","13.82","3"
"The Chef's Warehouse","CHEF","4540.6","111.3","676819","16.33","17.17","37.94","93.33","60.83","9.36","2.35","115.35","54.6","210","Consumer Staples","Food - Miscellaneous","2.09","2"
"Choice Hotels International","CHH","4934.9","108.47","577811","-4.11",".74","4.07","55.58","2.56",".75","19.43","127.71","84.4","216","Consumer Discretionary","Hotels and Motels","21.55","3"
"Check Point Software Technologies","CHKP","12555.31","122.97","1434005","-7.37","-11.45","6.54","11.12","-40.31","6.25","48.05","206.91","112.47","83","Computer and Technology","Security","37.93","3"
"Chord Energy Corporation","CHRD","7844.17","139.33","779382","5.71","24.86","-.53","84.04","35.37","-7.12","12.6","149.65","84.99","216","Oils-Energy","Oil and Gas - Exploration and Production - United States","-1.25","4"
"C.H. Robinson Worldwide","CHRW","17177.13","147","2457393","-15.74","-22.05","-13.52","34.68","-17.64","-8.42","3.97","209.42","113.86","161","Transportation","Transportation - Services","3.73","3"
"Charter Communications","CHTR","17187.89","144.1","3098318","9.49","6.39","-2.5","13.04","-37.83","-.56","9.05","282.74","123.31","55","Consumer Discretionary","Cable Television","9.05","3"
"Chewy","CHWY","9404.47","22.97","7796178","5.37","7.89","2.13","22","-37.4","6.24","4.45","42.33","17.51","179","Retail-Wholesale","Internet - Commerce","1.99","4"
"Chime Financial, Inc.","CHYM","9243.52","24.26","5103355","10.98","13.1","33.08","43.52","-13.19","30.69","-41.87","34.41","16.44","157","Finance","Financial - Miscellaneous Services","-41.87","3"
"Cigna Group","CI","74531.67","282.06","1619951","-3.08",".03","-2.43","56.54","-7.7","11.24","2.96","311","244.41","15","Medical","Medical - HMOs","2.27","3"
"Ciena","CIEN","55313.23","390.76","1994513","3.58","-9.93","-32.8","56.28","50.49","18.79","11.97","627","86.64","73","Computer and Technology","Communication - Components","7.87","3"
"Cipher Digital Inc.","CIFR","9882.63","24.16","27386852","11.59","11.18","19.13","79.48","47.43","48.04","-427.79","29.18","4.72","148","Business Services","Technology Services","-427.79","3"
"Cincinnati Financial","CINF","27323.7","178.03","974798","-3.37","-6.1","9","69.46","-1.82","11.41","13.13","192.03","146.19","152","Finance","Insurance - Property and Casualty","23.84","3"
"CION Investment Corporation","CION","311.18","6.25","497399","4.51","0","-8.49","6.87","-41.79","-4.6","36.99","10.86","5.91","169","Finance","Financial - SBIC & Commercial Industry","-.41","3"
"ColgatePalmolive","CL","71649.89","89.88","4559653","-2.28","-3.76","3.62","61.67","2.44","1.4","14.65","99.14","74.98","199","Consumer Staples","Consumer Products - Staples","9.68","3"
"CORE LABS INC","CLB","491.42","10.71","829879","-4.63","-3.43","-19.47","9.77","-39.83",".51","5.33","19.67","9.74","187","Oils-Energy","Oil and Gas - Field Services","5.1","4"
"Columbia Financial","CLBK","2435.74","10.64","7515302","-1.94","9.33","20.41","90.91","35.67","3.85","22.13","11.08","6.24","157","Finance","Financial - Miscellaneous Services","11.19","4"
"Cellebrite DI Ltd.","CLBT","3759.06","15.07","1278706","2.94","-9.27","15.48","47.36","-24.72","18.56","27.18","19.56","11.03","148","Computer and Technology","Internet - Software","14.48","3"
"Chatham Lodging Trust REIT","CLDT","613.86","13.15","336948","-4.57","3.3","33.1","91.66","73.92","-6.98","3.14","13.78","6.23","61","Finance","REIT and Equity Trust - Other","3.14","2"
"ClevelandCliffs","CLF","6401.46","11.22","26862996","-8.41","14.84","-.18","40.67","-23.91","-3","-4.16","16.18","7.82","96","Basic Materials","Steel - Producers","-4.56","2"
"Clean Harbors","CLH","16415.78","310.98","492884","3.06","5.57","5.97","87.67","19.45","2.39","7.03","326.34","201.73","102","Business Services","Waste Removal Services","7.03","3"
"Calumet, Inc.","CLMT","3692.42","42.37","1161730","2.64","14.92","31.09","94.12","92.05","-1.25","-6.22","44.19","13.23","203","Oils-Energy","Oil and Gas - Integrated - United States","-4.52","2"
"Coloplast A/S Sponsored ADR","CLPBY","15324.96","6.8","312430","5.1","11.66","7.43","26","-27.95","5.1","17.22","9.93","5.7","155","Medical","Medical - Instruments","7.46","4"
"ClearPoint Neuro","CLPT","461.24","15.38","506616","5.34","-14.56","24.94","32.09","1.26","17.78","-81.76","29.6","8.66","155","Medical","Medical - Instruments","-81.76","3"
"Celestica","CLS","39310.46","341.91","2622992","7.44","-2.37","-10.26","55.17","4.17","28.46","6.07","472.4","181.34","5","Computer and Technology","Electronics - Manufacturing Services","7.16","1"
"Cleanspark","CLSK","3759.32","14.65","24129668","4.46","8.44","2.45","43.08","30.38","102.21","15.97","23.2","8.18","157","Finance","Financial - Miscellaneous Services","-67.66","3"
"Clorox","CLX","11881.73","98.26","2484142",".87","1.04","10.53","29.58","-12.23","-5.41","10.04","127.16","86.12","199","Consumer Staples","Consumer Products - Staples","8.74","4"
"Canadian Imperial Bank of Commerce","CM","108875.08","119.27","1104500",".86","3.39","7.52","96.04","18.56","-5.81","30.2","121.24","71.44","93","Finance","Banks - Foreign","15.84","4"
"Commercial Metals","CMC","7766.94","70.21","1100736","3.19","11.98","-1.34","60.52","-8.65","-1.61","7.73","83.21","50.28","96","Basic Materials","Steel - Producers","6.72","3"
"Columbus McKinnon","CMCO","580.75","20.12","793177","22.83","43.71","27.99","71.75","5.05","23.93","5.15","23.27","12.12","102","Industrial Products","Manufacturing - Material Handling","-21.25","3"
"Comcast","CMCSA","87154.52","24.56","33892056","7.72","5.05","-1.88","21.59","-25.99","-.02","11.02","34.15","21.92","55","Consumer Discretionary","Cable Television","8.97","3"
"CME Group","CME","95709.22","266.17","2704720","4.23","13.38","-5.81","44.11","-12.21","6.37","63.38","326.46","218.58","161","Finance","Securities and Exchanges","63.3","3"
"Chipotle Mexican Grill","CMG","47402.55","37.46","17439286","12.83","10.24","17.36","58.51","-8.81","5.41","11.72","44.04","28.18","163","Retail-Wholesale","Retail - Restaurants","11.43","3"
"Cummins","CMI","89534.21","648.85","923642","-1.96","-4.33","-7.66","78.82","14.49","-1.27","9.82","727.59","355.84","102","Auto-Tires-Trucks","Automotive - Internal Combustion Engines","7.89","3"
"Compass Minerals International","CMP","1206.72","28.76","335399","-3.39","-3.49","-1.71","72.01","31.89","11.32","1.77","33.51","16.54","98","Basic Materials","Chemical - Diversified ",".55","3"
"CMS Energy","CMS","22496.02","71.74","3702984","-3.41","-5.96","-1.98","23.86","-7.6","13.63","11.81","79.94","69.17","175","Utilities","Utility - Electric Power","11.64","4"
"CNA Financial","CNA","14497.78","53.59","494378","-1.09","3.7","24.25","87.17","1.1","5.04","9.32","55.31","41.9","152","Finance","Insurance - Property and Casualty","8.16","3"
"Centene","CNC","31497.12","63.76","4987287","-.5","-3.47","13.13","88.6","39.55","19.44","1.27","68.72","25.21","15","Medical","Medical - HMOs","-2.51","1"
"CNH Industrial","CNH","13391.47","10.8","12524841","-2.53","-.64","-1.55","40.83","5.5","-8.78","2.9","13.09","9.22","33","Industrial Products","Manufacturing - Farm Equipment","1.71","3"
"Canadian National Railway","CNI","76243.39","125.81","1669190","-2.38","3.41","13.75","87.98","14.63","-.46","26.94","130.58","90.91","58","Transportation","Transportation - Rail","26.92","3"
"Cinemark","CNK","4389.58","37.87","2822908","12.51","26.44","41.52","100","46.76","2.15","6.44","37.87","21.93","80","Consumer Discretionary","Film and Television Production and Distribution","6.44","2"
"Core & Main","CNM","8853.54","45.75","1883117","4.81","-.5","-6.46","13.73","-20.71","2.77","7.12","66.98","42.37","193","Industrial Products","Manufacturing - Tools & Related Products","5.87","2"
"CONMED","CNMD","1553.27","51.86","841997","19.19","47.71","47.2","83.33","15.05","5.18","10.69","55.81","32.11","74","Medical","Medical - Dental Supplies","4.12","3"
"CNO Financial Group","CNO","5158.44","55.26","708252","4.01","4.98","20.97","100","17.19",".85","10.29","55.26","35.49","175","Finance","Insurance - Multi line","6.02","4"
"ConnectOne Bancorp","CNOB","1683.16","33.47","490831","1.98","2.29","12.58","94.61","14.97","27.18","35.1","34.11","22.24","41","Finance","Banks - Northeast","20.21","2"
"CenterPoint Energy","CNP","27613.55","41.92","6340742","-4.75","-4.73","-.83","59.58","-1.52","8.26","13.09","45.04","37.32","175","Utilities","Utility - Electric Power","11.61","2"
"Canadian Natural Resources Limited","CNQ","95925.34","46.36","7885413","3.51","17.81","2.59","80.27","23.35","4.33","19.31","50.55","29.31","236","Oils-Energy","Oil and Gas - Exploration and Production - Canadian","22.04","3"
"Core Natural Resources, Inc.","CNR","4045.21","80.25","504626","-2.73","-.72","-6.76","24.82","-18.34","86.23","-1.49","113.23","69.36","28","Oils-Energy","Coal","-1.49","3"
"CNX Resources","CNX","5331.89","36.04","1750109","6.79","7.97","-.19","54.69","-11.72","76.76","24.98","42.61","28.11","216","Oils-Energy","Oil and Gas - Exploration and Production - United States","36.53","3"
"Vita Coco Company","COCO","3638.4","63.39","1220381","-5.88","-5.08","-12.52","60.11","7.7","18.17","15.5","84.02","32.3","68","Consumer Staples","Beverages - Soft drinks","15.5","1"
"Compass Diversified Holdings","CODI","795.24","10.57","607302","5.28","3.53","-13.43","75.61","98.33","-14.77",".9","12.48","4.65","102","Finance","Financial - Investment Funds","-12.3","3"
"Capital One Financial","COF","133543.38","217.68","4613439","5.13","5.41","18.35","50.81","-19.11","28.39","20.61","257.94","176.1","90","Finance","Financial - Consumer Loans","13.37","3"
"COHERENT CORP","COHR","56371.52","288.14","4739283","6.2","-14.17","-24.11","59.23","40.61","23.42","14.2","426.89","86.55","148","Business Services","Technology Services","7.1","3"
"Cohu","COHU","2312.01","48.84","1183403","2.15","-16.8","-4.76","55.27","89.04","12.74",".88","73.91","17.86","15","Computer and Technology","Electronics - Manufacturing Machinery","-7.43","2"
"Coinbase Global","COIN","38597","146.5","7385335","-12.53","-13.25","-32.36","2.2","-41.65","9.4","7.13","387.27","141.09","157","Finance","Financial - Miscellaneous Services","-15.72","4"
"Americold Realty Trust","COLD","4025.67","14.11","3993417","-3.55","-12.47","-3.09","63.13","-1.18","-2.43","-4.29","16.44","10.12","61","Finance","REIT and Equity Trust - Other","-4.29","4"
"Collegium Pharmaceutical","COLL","1153.99","35.58","355430",".17","-5.04","-.64","29.02","-30.79","23.62","37.81","49.84","29.75","147","Medical","Medical - Drugs","9.41","3"
"Columbia Sportswear","COLM","2999.41","58.65","590077","-7.58","-7.35","-1","51.46","-4.11",".85","5.38","67.79","48.96","169","Consumer Discretionary","Textile - Apparel","6.05","4"
"Compass","COMP","8779.05","11.75","11779405","-.42","-9.55","34.13","73.48",".12","23.67",".17","13.58","6.68","148","Computer and Technology","Internet - Software",".17","1"
"Concentra Group Holdings Parent, Inc.","CON","4056.39","31.7","806323","-.6","-.44","26.8","92.92","45.08","13.85","8.3","32.69","18.71","80","Medical","Medical Services","7.97","3"
"The Cooper Companies","COO","14477.12","74.23","2055978","5.61","2.23","25.86","60.18","-18.43","5.06","21.34","84.32","58.98","74","Medical","Medical - Dental Supplies","5.57","3"
"ConocoPhillips","COP","145171.92","119.16","6315642","3.1","15.04","3.12","69.59","14.65","8.07","12.21","133.8","85.66","203","Oils-Energy","Oil and Gas - Integrated - United States","12.1","4"
"Cencora, Inc.","COR","59996.79","308.37","1337427","-.89","3.29","18.74","45.6","-17.77","9.31",".99","374.75","252.74","80","Medical","Medical Services",".78","2"
"Corcept Therapeutics","CORT","12193.5","112.8","1420446","23.79","23.13","120.31","93.59","191.94","12.79","6.52","118.32","32.15","147","Medical","Medical - Drugs","6.52","3"
"Core Scientific, Inc.","CORZ","7336.2","22.83","12983829","10.08",".13","-.52","61.66","41.22","-37.53","-71.01","29.16","12.65","157","Finance","Financial - Miscellaneous Services","-325.5","3"
"Costco Wholesale","COST","423114.28","954.08","2202297",".26",".4","-4.54","42.6","-.35","8.17","2.99","1094.32","850","43","Retail-Wholesale","Retail - Discount Stores","3.01","3"
"Coursera","COUR","999.07","5.9","7359487","4.8","-.51","4.24","10.64","-27.8","9.04","9.1","12.7","5.09","148","Business Services","Technology Services","-15.39","1"
"Canadian Pacific Kansas City Limited","CP","79933.56","90.65","2522492","-.82","3.01","6.94","87.68","10.89","1.64","27.5","93.71","68.88","58","Transportation","Transportation - Rail","25.02","4"
"Corpay, Inc.","CPAY","25215.32","385.78","501094","1.6","8.2","12.94","94.87","15.46","13.93","33.29","392.85","255","154","Business Services","Financial Transaction Services","24.6","3"
"Coupang","CPNG","29474.96","16.42","18728508","3.08","-14.26","1.8","7.06","-37.31","14.09","-.47","33.53","15.12","179","Retail-Wholesale","Internet - Commerce","-.47","4"
"Capri Holdings","CPRI","1879.21","16.37","3369986","3.09","-13.11","-7.2","7.61","-39.57","-21.79","5.21","27.66","15.44","83","Retail-Wholesale","Retail - Apparel and Shoes","3.94","3"
"Copart","CPRT","27172.57","29.35","12039044","-1.48",".38","-11.78","9.56","-32.48","9.68","33.48","49.97","27.17","204","Business Services","Auction and Valuation Services","33.48","4"
"Camden Property Trust","CPT","11131.72","110.72","1051753","-1.88","-5.33","5.53","66.73","-9.41","1.92","20.8","117.58","96.96","74","Finance","REIT and Equity Trust - Residential","20.8","4"
"Crane Company","CR","12676.77","219.32","512657","-3.14","-.34","20.13","89.14","7.11","8.16","14.97","226.44","160.86","52","Industrial Products","Manufacturing - General Industrial ","12.97","2"
"Corebridge Financial, Inc.","CRBG","13957.01","31.31","3962504","-1.32","1.62","18.87","67.95","-6.53","4.52","11.71","35.56","22.3","175","Finance","Insurance - Multi line","1.2","4"
"Circle Internet Group, Inc.","CRCL","15001.56","60.35","12364807","-8.1","-12.09","-54.2","7.59","-31.46","63.86","17.89","183.52","50.23","157","Finance","Financial - Miscellaneous Services","-2.76","4"
"Credo Technology Group","CRDO","40717.45","218.35","5923511","4.91","-17.77","3.87","60.8","36.67","205.68","49.55","302.52","87.81","41","Computer and Technology","Electronics - Semiconductors","35.37","3"
"Crescent Energy Company","CRGY","3774.78","11.43","5705731","9.06","25.06","-8.49","59.64","22.7","22.14","15.24","13.92","7.75","160","Oils-Energy","Alternative Energy - Other","1.27","4"
"CRH","CRH","65877.85","98.59","4042719","-4.15","-8.36","-12.42","9.84","-28.85","5.27","10.04","131.38","95.01","98","Construction","Building Products - Miscellaneous","9.93","3"
"Carter's","CRI","1464.41","39.89","1047215","2.94","2.02","21.88","78.38","10.78","1.91","4.02","44.37","23.65","63","Consumer Discretionary","Shoes and Retail Apparel ","6.55","2"
"Comstock Resources","CRK","3937.45","13.41","2587103","3.15","-5.3","-11.02","6.87","-47.9","77.12","5.58","27.37","12.38","216","Oils-Energy","Oil and Gas - Exploration and Production - United States","23.31","4"
"Charles River Laboratories International","CRL","11120.48","230.87","825930","2.93","-.24","37.05","89.92","4.24","-.85","12.29","240.43","145.57","80","Medical","Medical Services","-4.59","2"
"Salesforce, Inc.","CRM","152293.05","185.95","12885674","7.11","12.26","4.77","30.86","-36.78","9.58","30","266.23","150.12","148","Computer and Technology","Internet - Software","18.73","3"
"CorMedix","CRMD","592.31","7.55","902528","-.66","-14.11","-1.44","15.15","-41.53","617.03","40.93","14.83","6.25","101","Medical","Medical - Biomedical and Genetics","45.25","3"
"Cerence","CRNC","403.08","8.92","710841","7.6","-18.76","-9.67","39.15","-24.85","-24.05","19.23","13.52","5.96","152","Computer and Technology","Computers - IT Services","-6.5","3"
"Crocs","CROX","6467.31","134.89","1077803",".26","7.24","34.33","93.86","42.06","-1.5","16.1","138.91","73.39","169","Consumer Discretionary","Textile - Apparel","14.64","2"
"Carpenter Technology","CRS","27003.63","543.49","701331","-6.34","-12.23","26.67","80.42","55.48","8.59","17.34","619.25","232.4","6","Basic Materials","Steel - Speciality","16.96","1"
"Corsair Gaming","CRSR","1154.33","10.8","1444404","2.56","19.07","36.54","82.28","63.76","11.86","6.03","12.14","4.58","185","Consumer Discretionary","Gaming",".71","2"
"Criteo","CRTO","1073.73","21.37","478029","2.49","-7.77","32.65","61.43","-6.61",".6","19.39","24.83","15.86","90","Computer and Technology","Internet - Software and Services","6.06","3"
"Cirrus Logic","CRUS","6424.15","127.33","671152","-6.46","-14.45","-26.92","36.84","-3.22","5.34","24.5","178.9","97.25","41","Computer and Technology","Electronics - Semiconductors","20.75","4"
"CrowdStrike","CRWD","206238.23","202.54","8445330","12.45","1.58","49.4","93.35","55.66","21.71","20.72","210.73","87.56","83","Computer and Technology","Security","-.89","4"
"CoreWeave Inc.","CRWV","38383.94","85.76","26473084","21.15","-.81","-25.23","28.36","7.86","167.94","-16.78","148.75","60.82","148","Computer and Technology","Internet - Software","-25.57","3"
"Cisco Systems","CSCO","456654.63","115.86","20457562","1.13","1.65","17.36","77.84","35.47","5.3","26.89","130","66.2","199","Computer and Technology","Computer - Networking","20.14","2"
"CoStar Group","CSGP","12168.08","30.03","7993239","2.95","4.63","-8.78","4.15","-59.78","18.67","12.65","96.83","27.14","152","Computer and Technology","Computers - IT Services","2.08","3"
"Canadian Solar","CSIQ","1053.76","15.52","2267694","12.55","2.44","-21.81","24.97","-41.19","-6.65","-3.05","33.58","9.51","65","Oils-Energy","Solar","-1.87","3"
"Carlisle Companies","CSL","14768.1","371.86","568995","9.16","1.28","3.99","61.99","4.71",".33","16.47","418.74","295.41","175","Conglomerates","Diversified Operations","14.21","3"
"Castle Biosciences","CSTL","928.4","30.39","429904","24.34","25.53","59.61","55.44","-29.64","3.66","-5.43","43.04","14.65","101","Medical","Medical - Biomedical and Genetics","-5.43","3"
"Constellium","CSTM","3851.7","28.42","1745501","-3.69","-5.86","-16.9","66.49","35.79","15.19","5.69","36.15","13.08","234","Industrial Products","Metal Products - Distribution","5.69","3"
"Capital Southwest","CSWC","1487.65","23.94","636974","1.66",".67","1.7","92.55","-2.66","13.53","58.71","24.3","19.47","67","Finance","Financial - Investment Management","46.68","3"
"CSX","CSX","92308.83","49.83","13915714","-3.8","2.09","11.38","83.95","23.81","-3.08","23.06","53.23","32.05","58","Transportation","Transportation - Rail","22.21","2"
"Cintas","CTAS","81638.59","204.01","2650563","-3.3","14.46","23.89","64.51","-2.3","8.94","17.86","226.27","163.55","169","Consumer Discretionary","Textile - Apparel","17.75","2"
"CTO Realty Growth","CTO","827.3","22.07","339399",".18","2.99","8.93","93.67","7.97","20.1","32.63","22.53","15.26","61","Finance","REIT and Equity Trust - Other","32.63","1"
"Custom Truck One Source","CTOS","2409.03","10.63","1120939","-.75","6.73","8.03","79.79","66.22","7.86","1.05","11.97","5.34","180","Auto-Tires-Trucks","Automotive - Original Equipment","1.05","3"
"CareTrust REIT","CTRE","9737.82","41.22","2106067","-4.05","-.41","1.65","81.21","2.67","60.79","64.1","43.4","31.8","61","Finance","REIT and Equity Trust - Other","64.1","3"
"Centuri Holdings, Inc.","CTRI","2812.04","27.86","1570732","1.98","1.42","-16.08","37.85","-.62","13.1","1.52","41.8","19.37","175","Utilities","Utility - Electric Power",".98","3"
"Cognizant Technology Solutions","CTSH","26143.38","55.17","9508338","17.26","33.36","12.02","34.27","-40.13","6.95","12.16","86.7","38.73","152","Computer and Technology","Computers - IT Services","10.26","3"
"Corteva","CTVA","50733.59","76.04","4051915","-13.18","-11.98","-8.2","50.97","2.17","2.92","14.27","90.51","61","102","Consumer Staples","Agriculture - Operations","5.66","3"
"CubeSmart","CUBE","9420.79","41.84","2304399","-1.04","4","2.5","90.76","4.53","20.88","29.41","42.5","35.36","61","Finance","REIT and Equity Trust - Other","29.41","3"
"Curbline Properties Corp.","CURB","3479.9","30.25","1398475","-4.09",".43","8.11","84.79","17.39","51.3","13.1","31.75","21.89","88","Finance","REIT and Equity Trust - Retail","13.1","2"
"Cousins Properties","CUZ","5168.5","31.4","1632482","-2.06","2.48","19.44","91.79","9.7","16",".63","32.3","21.34","61","Finance","REIT and Equity Trust - Other",".62","3"
"CVB Financial","CVBF","4033.77","22.86","1551378","1.6",".44","13.73","91.62","10.69","-5.28","40.37","23.3","18.05","204","Finance","Banks - West","29.02","3"
"Cenovus Energy","CVE","54687.32","29.57","7387517","5.46","21.39","1.51","87.11","57.4","-10.22","12.37","31.8","14.5","102","Oils-Energy","Oil and Gas - Integrated - Canadian","12.37","3"
"CVR Energy","CVI","3306.43","32.89","1012825","-3.46","13.89","-5.71","63.09","16.44","-5.89","-1.53","40.01","20.72","21","Oils-Energy","Oil and Gas - Refining and Marketing",".81","3"
"CommVault Systems","CVLT","5177.67","124.93","725672","-16.41","-16.74","20.13","41.38","-10.24","18.89","17.1","195.41","75.18","88","Computer and Technology","Computer - Software","5.62","3"
"Carvana","CVNA","72533.74","66.13","10836223","3.26","-6.04","-13.25","25.04","-29.43","48.63","6.26","95.69","56.26","179","Retail-Wholesale","Internet - Commerce","6.26","3"
"CVS Health","CVS","134444.45","105.37","7573447","-1.59","3.22","14.26","89.36","19.58","7.85","2.21","110.6","61.45","80","Medical","Medical Services",".72","2"
"Covista Inc.","CVSA","4338.6","127.49","356969","6.05","-1.6","-2.1","58.58","10.98","12.85","14.89","154.45","89.36","83","Consumer Discretionary","Schools","12.26","3"
"Chevron","CVX","384736.81","193.18","7571287","1.67","14.92","4.57","72.1","14.16","-6.79","9.95","211.15","146.75","226","Oils-Energy","Oil and Gas - Integrated - International","9.57","3"
"Camping World","CWH","692.07","6.72","2622967","9.8","-3.17","-.59","8.88","-37.8","4.41",".38","17.91","5.63","180","Auto-Tires-Trucks","Automotive - Original Equipment","-1.55","3"
"Cushman & Wakefield","CWK","3179.46","13.57","1953371","3.43","-1.6","-1.38","32.78","-24.51","8.91","2.84","17.2","11.8","93","Finance","Real Estate - Operations",".7","2"
"Casella Waste Systems","CWST","5851.48","91.99","702862","3.01","-4.45","10.63","50.42","-15.41","17.95","4.33","108.73","74.97","102","Business Services","Waste Removal Services",".38","3"
"California Water Service Group","CWT","3053.61","49.38","481864","-2.78","-.18","15.16","70","2.64","-3.54","12.63","52.44","42.24","211","Utilities","Utility - Water Supply","12.63","3"
"Cemex","CX","17153.54","11.84","6240049","-2.95","-3.9","-10.91","67.98","-7.19","-.42","3.02","13.55","8.21","169","Construction","Building Products - Concrete and Aggregates","2.83","3"
"Crexendo","CXDO","234.04","7.22","453988","4.34","-8.03","-23.76","37.14",".51","12.05","16.43","10.47","5.3","164","Computer and Technology","Internet - Services","6.15","3"
"Sprinklr","CXM","1527.17","6.52","3085368","7.41","20.74","25.39","40.1","-24.52","7.64","14.07","9.03","4.84","148","Business Services","Technology Services","3.29","3"
"Crane NXT, Co.","CXT","3087.15","53.65","596208","-1.05","3.21","20.62","53.45","2.66","11.43","13.93","68.91","36.13","148","Business Services","Technology Services","7.57","3"
"CryoPort","CYRX","780.73","15.49","628173","2.24","1.71","17.62","89.01","45.33","-22.86","-20.14","16.57","6.74","80","Medical","Medical Services","41.57","3"
"Cytokinetics","CYTK","9512.87","76.45","1722515","-5.17","-10.66","2.53","79.99","8.37","376.56","-669.43","87.26","33.23","101","Medical","Medical - Biomedical and Genetics","-784.02","3"
"Caesars Entertainment","CZR","6056.61","29.73","3626630","-.8","-1.36","7.06","94.46","14.48","2.14","-2.43","30.41","18.14","83","Consumer Discretionary","Leisure and Recreation Services","-3.99","4"
"Dominion Energy","D","60467.41","68.75","4296446","-2.16","-.74","9.89","79.88","5.68","14.16","17.06","71.69","57.08","175","Utilities","Utility - Electric Power","13.98","4"
"Daktronics","DAKT","999.98","20.71","479701","4.65","3.97",".15","40.96","-5.65","10.87","6.16","27.73","15.84","46","Computer and Technology","Electronics - Miscellaneous Products","5.41","2"
"Delta Air Lines","DAL","60231.69","91.59","6874755","5.68","-.1","28.64","95.13","18.86","2.79","5.55","93.66","51.15","150","Transportation","Transportation - Airline","5.79","3"
"Darling Ingredients","DAR","9497.5","59.76","2222202","-1.27","3.23","-6.36","85.53","49.51","7.36","9.83","64.84","29.74","210","Consumer Staples","Food - Miscellaneous","9.13","1"
"DoorDash","DASH","87361.6","200.5","3564845","8.75","6.39","27.44","39.88","-20.27","27.93","6.29","281.74","146.6","164","Computer and Technology","Internet - Services","6.29","3"
"DAVE INC","DAVE","5074.89","399.15","440123","-1.6",".8","60.03","84.86","62.37","59.67","35.21","442.53","155.92","148","Business Services","Technology Services","37.22","2"
"Deutsche Bank","DB","72109.8","37.17","1964786","4.7",".35","17","73.58","-13.18","-4.17","21.08","40.33","28.37","93","Finance","Banks - Foreign","11.53","4"
"Designer Brands","DBI","331.07","6.52","492943","11.26","16.85","-.76","60.46","-20.97","-3.87",".85","9.11","2.56","83","Retail-Wholesale","Retail - Apparel and Shoes",".35","2"
"Deutsche Boerse","DBOEY","55292.52","30.7","379367","2.47","5.46","5.39","92.46","5.17","-10.63","35.24","31.29","23.47","161","Finance","Securities and Exchanges","33.04","3"
"Dropbox","DBX","7710.59","33.05","3676556","8.22","15.92","24.76","97.52","7.08","-1.07","29.64","33.33","22.06","164","Computer and Technology","Internet - Services","18.71","3"
"Dauch Corporation","DCH","1376.73","5.8","2949458","4.13","5.26","-13.3","31.77","-18.51","-4.71","1.77","9","4.31","180","Auto-Tires-Trucks","Automotive - Original Equipment","-1.87","3"
"Donaldson","DCI","11129.78","96.02","710029","3.04","5.09","12.19","63.35","-2.46","2.92","11.95","110.57","70.87","29","Industrial Products","Pollution Control","11.52","2"
"Ducommun","DCO","2758.09","182.83","307619","-.42","-3.36","29.96","92.85","73.1","4.85","6.73","190.25","86.41","61","Aerospace","Aerospace - Defense Equipment","-4.11","3"
"Dime Community Bancshares","DCOM","1819.69","41.21","308012","2.51","2.56","12.38","99.55","23.35","13.03","27.7","41.28","25.78","53","Finance","Banks - Southeast","17.17","3"
"Delcath Systems","DCTH","450.16","13.04","357668","9.21","-3.26","17.9","90.99","16.28","129.08",".62","13.52","8.19","155","Medical","Medical - Instruments",".62","3"
"DuPont de Nemours","DD","19073.63","141.28","1580106",".94",".16","-6.9","26.12","5.5","-44.7","13.86","246.51","104.08","98","Basic Materials","Chemical - Diversified ","-.3","3"
"Datadog","DDOG","97390.71","273.6","4191776","8.63","7.14","35.23","97.78","81.21","27.68","21.7","277.49","102.61","148","Computer and Technology","Internet - Software","3.69","2"
"Deere & Company","DE","163328.34","605.06","1079883","-3.19","-4.75","2.77","74.29","17.05","-11.66","11.75","662.49","439.11","33","Industrial Products","Manufacturing - Farm Equipment","10.09","3"
"Easterly Government Properties","DEA","1174.7","25.29","354174",".32",".84","10.68","93.29","7.49","11.27","2.86","25.63","20.56","61","Finance","REIT and Equity Trust - Other","2.86","3"
"Deckers Outdoor","DECK","13550.09","99.5","2320461","1.81","-5.84","2.95","44.99","-13.56","9.76","18.54","123.91","79.54","83","Retail-Wholesale","Retail - Apparel and Shoes","18.54","2"
"Douglas Emmett","DEI","1993.07","11.9","1959768","-1.82","-5.33","-1.9","35.19","-2.48","1.77","-2.59","16.91","9.18","61","Finance","REIT and Equity Trust - Other","-2.59","2"
"Dell Technologies","DELL","278051.28","429.02","6601713",".49","4.18","73.66","89.59","206.96","18.8","6.83","465.96","111.07","29","Computer and Technology","Computer - Micro Computers","6.28","2"
"Dollar General","DG","28173.33","127.72","2377148","3.65","9.85","22.07","52.7","-13.36","5.2","3.63","156.24","95.94","43","Retail-Wholesale","Retail - Discount Stores","3.63","3"
"Digi International","DGII","2654.24","70.4","357577","4","-3.85","12.1","89.61","46.47","1.46","18.25","74.95","31.14","199","Computer and Technology","Computer - Networking","9.1","3"
"Quest Diagnostics","DGX","25601.1","231.95","1129740",".05","8.67","22.2","94.18","20.39","11.78","10.37","235.94","167.41","102","Medical","Medical - Outpatient and Home Healthcare","9.18","2"
"Diversified Healthcare Trust","DHC","2132.96","8.81","1326535","-6.38","-2.97","4.63","86.97","63.6","2.84","-17.73","9.64","3.27","61","Finance","REIT and Equity Trust - Other","-17.73","2"
"D.R. Horton","DHI","41020.99","146.66","2697697","-.67","-6.51","1.17","27.43","-8.29","-6.93","9.15","184.04","132.53","169","Construction","Building Products - Home Builders","9.15","4"
"Danaher","DHR","138839.73","197.5","6586965",".51","2","18.6","44.41","-22.3","2.9","23","242.05","161.91","80","Medical","Medical Services","15.95","3"
"HF Sinclair","DINO","15760.54","88.65","3067817","-2.35","19.07","21.75","92.43","73.27","-5.99","5.66","92.44","42.36","21","Oils-Energy","Oil and Gas - Refining and Marketing","6.13","2"
"Diodes","DIOD","3771.6","82.09","456311","-4.44","-15.93","-26.7","49.42","49.85","13.04","4.35","122.76","42.36","41","Computer and Technology","Electronics - Semiconductors","5.5","3"
"Disney","DIS","170421.23","98.14","10861197","1.54",".75","-6.28","21.24","-22.31","3.35","10.5","119.35","92.42","169","Consumer Discretionary","Media Conglomerates","11.54","3"
"Delek US Holdings","DK","4045.59","66.01","1195302","2.44","24.62","40.99","96.11","100.45","-9.53",".85","67.87","20.04","21","Oils-Energy","Oil and Gas - Refining and Marketing","-.48","1"
"DraftKings","DKNG","11659.03","23.5","10923227","-2.53","-10.34","-4.12","10.1","-38.58","26.99","6.03","48.23","20.72","185","Consumer Discretionary","Gaming",".93","3"
"DICK'S Sporting Goods","DKS","17973.9","200.82","1154674","-2.32","-12.31","-8.82","25.38","-8.64","28.06","5.79","239.17","187.78","155","Retail-Wholesale","Retail - Miscellaneous","4.71","3"
"Dolby Laboratories","DLB","5650.35","59.73","961240","16.5","19.36","3.72","41.39","-16.23","5.92","29.18","75.62","48.51","187","Consumer Discretionary","Audio Video Production","16.7","4"
"DLocal Limited","DLO","4515.41","15.31","1856129","2.34",".39","15.46","91.07","-2.48","46.6","17.64","15.83","10.01","154","Business Services","Financial Transaction Services","15.85","2"
"Digital Realty Trust","DLR","70758.32","191.22","3088224","-2.32","10.09","-2.56","77.33","11.32","10.04","11.8","203.91","147.93","61","Finance","REIT and Equity Trust - Other","11.8","3"
"Dollar Tree","DLTR","24857.79","129.35","2558584","3.03","6.5","43.69","78.89","-5.29","10.43","6.39","141.21","85.04","43","Retail-Wholesale","Retail - Discount Stores","6.51","2"
"Deluxe","DLX","1226.1","26.78","346654",".15","10.94","3.8","68.61","8.02",".54","8.52","31.9","15.59","102","Business Services","Business - Office Products","5.01","3"
"DNOW INC","DNOW","2599.46","14.24","2114977",".35","11.16","8.45","54.26","-3.2","18.84","2.44","16.87","11.12","52","Industrial Products","Manufacturing - General Industrial ","-4.14","3"
"Healthpeak Properties, Inc.","DOC","14919.04","21.64","6040746","-3.91","-.51","9.51","83.24","21.21","4.52","7.73","22.82","15.78","61","Finance","REIT and Equity Trust - Other","7.73","3"
"DigitalOcean","DOCN","13271.99","127.17","3672362","5.8","-3.2","-21.85","65.21","138.02","15.48","22.16","181.29","25.74","148","Computer and Technology","Internet - Software","24.97","2"
"Doximity","DOCS","3961.01","21.66","2851318","3.19","-5.25","-17.52","6.39","-55.94","13.05","46.94","75.12","18.01","68","Medical","Medical Info Systems","30.4","3"
"Docusign","DOCU","10526.78","55.13","3190222","4.2","17.55","21.19","30.93","-27.41","8.16","25.17","85.01","41.75","148","Computer and Technology","Internet - Software","9.59","3"
"Dole","DOLE","1359.82","14.29","883642","1.71","2.44","-6.05","43.63","-14.14","8.23","1.2","16.37","12.68","102","Consumer Staples","Agriculture - Operations",".46","3"
"Dover","DOV","27706.42","205.72","1278759","-.06","-4.2","-6.48","61.76","-5.1","4.48","16.46","233.31","161.16","52","Industrial Products","Manufacturing - General Industrial ","13.48","2"
"Dow","DOW","21590.77","29.89","10663258","3.97","9.37","-22.88","43.54","15.15","-6.97","1.4","41.87","20.65","98","Basic Materials","Chemical - Diversified ","-3.13","4"
"Amdocs","DOX","5977.17","55.37","1282830","4.28","8.02","-11.51","13.91","-38.06","-9.43","16.89","89.41","49.87","152","Computer and Technology","Computers - IT Services","11.81","3"
"Domino's Pizza","DPZ","12055.32","364.41","1030852","6.08","19.12","16.34","44","-21.26","4.96","11.86","467.98","283.03","163","Retail-Wholesale","Retail - Restaurants","11.86","3"
"DAQO New Energy","DQ","930.41","13.75","797899","14.11","11.52","-28.42","8.81","-58.02","-35.34","-32.92","35.69","11.63","65","Oils-Energy","Solar","-32.92","3"
"DiamondRock Hospitality","DRH","2737.62","13.38","2628301","3.64","12.25","26.23","100","34.5","-.83","13.52","13.38","7.5","61","Finance","REIT and Equity Trust - Other","13.52","3"
"Darden Restaurants","DRI","23527.44","206.24","1426955","1.05","1.49","5.33","74.88",".94","9.39","9.37","218.66","169.21","163","Retail-Wholesale","Retail - Restaurants","9.13","4"
"Leonardo DRS, Inc.","DRS","12226.3","45.81","870026","-5.45",".97","10.41","77.36","21.03","12.8","9.39","49.69","32.55","61","Aerospace","Aerospace - Defense Equipment","8.52","2"
"Driven Brands Holdings","DRVN","2404.23","14.575","665221","1.43","-3.35","10","47.98","-11.42","-20.39","10.92","19.21","10.3","48","Retail-Wholesale","Automotive - Retail and Wholesale - Parts","9.08","2"
"DISCO CORP","DSCSY","41636.05","38.38","413384","3.87","-20.32","-18.51","43.64","13.48","12.37","31.83","55.39","25.21","102","Industrial Products","Manufacturing - Material Handling","31.65","3"
"Distribution Solutions Group","DSGR","1597.89","34.59","313000",".2","27.83","26.8","99.74","13.74","9.75","2.76","34.63","19.31","164","Industrial Products","Industrial Services",".27","3"
"The Descartes Systems Group","DSGX","6560.21","76.59","508677","7.75","4.73","11.19","30.62","-21.31","11.98","23.35","107.79","62.82","88","Computer and Technology","Computer - Software","23.35","3"
"Dynatrace","DT","12926.79","44.54","3995132","1.88","-2.15","10.71","60.15","-7.44","18.82","25.64","52.61","32.36","152","Computer and Technology","Computers - IT Services","8.06","3"
"DTE Energy","DTE","29490.24","141.72","1301120","-3.74","-6.37","-.5","52.56","-1.04","26.95","9.06","154.43","127.64","175","Utilities","Utility - Electric Power","8","3"
"Deutsche Telekom","DTEGY","159148.91","32.445","658978","5.89","11.76",".29","39.73","-10.64","7.51","8.27","40.28","27.28","229","Utilities","Diversified Communication Services","7.38","3"
"DT Midstream","DTM","13805.73","135.33","802076","-3.61","-6.17","-6.86","68.61","1.84","26.71","35.72","151.12","100.82","203","Oils-Energy","Oil and Gas - Integrated - United States","35.72","3"
"Duke Energy","DUK","96888.22","124.28","3590437","-3.53","-1.34","-.5","52.83","-4.5","6.19","15.41","133.46","114","175","Utilities","Utility - Electric Power","15.49","3"
"Duolingo","DUOL","6327.35","135.8","967307","2.24","4.69","29.15","15.22","-30.31","38.71","16.08","390.84","90.03","148","Business Services","Technology Services","38.44","2"
"Duos Technologies Group, Inc.","DUOT","265.96","9.07","874706","12.81","-11.38","4.73","35.53","-27.39","271.16","-45.37","14.64","6","148","Business Services","Technology Services","-45.36","3"
"DoubleVerify","DV","1803.2","11.75","1906091","7.31",".69","12.66","40.99","-7.49","13.92","16.24","16.27","8.61","148","Computer and Technology","Internet - Software","7.16","3"
"DaVita","DVA","15002.25","233.68","677821","-1.11","-.86","17.47","94.69","85.25","6.46","6.17","240.96","103.87","102","Medical","Medical - Outpatient and Home Healthcare","5.65","3"
"Devon Energy","DVN","27695.8","44.57","10313772","3.27","10.43","-4.62","63.11","9.59","7.83","14.16","52.07","31.74","216","Oils-Energy","Oil and Gas - Exploration and Production - United States","13.71","3"
"DXC Technology","DXC","1752.77","10.97","4133553","5.89","9.26","23.54","38.14","-32.56","-1.76","4.15","15.43","8.22","152","Computer and Technology","Computers - IT Services",".99","3"
"DexCom","DXCM","32947.37","87.31","5085470","19","20.63","47.16","100","18.48","15.6","19.98","87.31","54.84","155","Medical","Medical - Instruments","20.12","3"
"Dycom Industries","DY","12462.45","414.98","464923","-2.18","-3.72","-3.71","58.53","10.61","17.95","6.38","535.2","245.31","58","Construction","Building Products - Heavy Construction","4.98","3"
"Eni","E","91994.26","54.5","411059","7.64","17.2","-1.73","86.84","29.38","-4.17","7.21","57.61","33.97","226","Oils-Energy","Oil and Gas - Integrated - International","6.51","4"
"Electronic Arts","EA","52977.89","209.91","2676777",".4","2.29","4.84","100","-7.47",".91","24.85","209.91","152.49","185","Consumer Discretionary","Gaming","11.78","4"
"Airbus SE - Unsponsored ADR","EADSY","189534.39","60.06","531978",".91",".28","17.05","78.67","-6.61","10.85","7.71","64.09","45.2","61","Aerospace","Aerospace - Defense Equipment","7.71","3"
"Brinker International","EAT","9662.62","225.3","1099217","15.28","27.81","61.38","100","41.39","21.95","8.06","225.3","102.29","163","Retail-Wholesale","Retail - Restaurants","8.07","3"
"eBay","EBAY","47565.72","107.13","3627000","-5.37","-5.75","-.92","70.09","10.78","7.95","23.16","118.96","79.41","179","Retail-Wholesale","Internet - Commerce","17.58","3"
"Eastern Bankshares","EBC","5337.09","23.09","2990409","-.04","1.67","17.51","94.6","12.84","22.11","32.41","23.55","15.03","41","Finance","Banks - Northeast","25.12","3"
"Ecopetrol","EC","34126.86","16.6","2344077","5.06","14.72","29.79","94.97","49.21","-9.86","8.84","17.04","8.29","226","Oils-Energy","Oil and Gas - Integrated - International","8.84","3"
"Everus Construction Group, Inc.","ECG","6769.14","132.62","559558","3.97","-7.81","-19.06","63.09","39.6","31.47","5.65","169.16","70.17","98","Construction","Building Products - Miscellaneous","5.65","3"
"EchoStar","ECHO","24816.73","85.63","5354947","-1.22","-12.88","-33.69","51.35","-29.05","-5.18","-.71","141.8","26.33","193","Computer and Technology","Satellite and Communication","-38.71","4"
"Ecolab","ECL","78642.08","279.43","1223153","2.97","-1.51","11.28","53.82","-4.13","2.16","13.38","308.35","245.73","83","Basic Materials","Chemical - Specialty","12.57","4"
"Okeanis Eco Tankers Corp.","ECO","2396.56","61.38","400383","6.64","15.05","9.74","100","63.37","-.43","52.82","61.38","23.6","40","Transportation","Transportation - Shipping","41.26","3"
"Encore Capital Group","ECPG","2064.28","96.28","334336","1.94","7.56","16.94","100","59.55","34.37","16","96.28","35.97","90","Finance","Financial - Consumer Loans","16","3"
"Ecovyst Inc.","ECVT","1318.92","12.05","1285398","-1.55","2.03","-16.44","59.05","11.54","2.7","9.79","14.97","7.84","83","Basic Materials","Chemical - Specialty","-7.71","3"
"Consolidated Edison","ED","39782.78","107.95","2159563","-3.18","-3.56","1.64","62.54","-2.11","10.89","11.83","115.46","95.41","175","Utilities","Utility - Electric Power","12.52","3"
"New Oriental Education & Technology Group","EDU","9333.19","59.06","937939","18.33","21.72","13.29","77.06","-3.34","15.53","10.09","63.51","44.11","83","Consumer Discretionary","Schools","8.39","3"
"Euronet Worldwide","EEFT","2797.38","73.47","722509","-7.21","-5.76","5.56","28.16","-13.06","6.38","9.6","98.32","63.73","154","Business Services","Financial Transaction Services","6.63","4"
"Ellington Financial","EFC","1671.5","13.33","1147648","-.22","-1.84","-.97","74.63","-11.59","39.26","101.6","14.02","11.3","157","Finance","REIT and Equity Trust","72.08","3"
"Everforth Inc.","EFOR","1221.8","29.8","1104537","38.22","71.86","57.67","34.26","-44.28","-2.91","4.35","54.25","17.06","148","Business Services","Technology Services","2.09","2"
"Equifax","EFX","20455.29","174.11","1840061","-1.8","1.26","3.75","20.09","-27.73","6.92","15.54","262.33","151.93","68","Business Services","Consulting Services","10.73","3"
"Enerflex Ltd.","EFXT","2658.18","21.77","480667","-3.2","-3.84","-18.43","67.88","27.07","6.5","6.3","28.39","7.78","160","Oils-Energy","Alternative Energy - Other","3.19","4"
"Everest Group, Ltd.","EG","14722.62","372.05","371714","-4.44","-.24","6.06","71.58","-1.25","1.24","12.51","398.7","304.91","175","Finance","Insurance - Multi line","11.41","3"
"EastGroup Properties","EGP","11210.66","208.48","520400","-1.12","-1.77","2.21","76.69","5.41","12.67","40.47","223.38","159.46","61","Finance","REIT and Equity Trust - Other","40.47","2"
"Vaalco Energy","EGY","549.44","5.27","1122811","2.13","4.77","-13.04","57.58","30.4","-24.99","-18.46","6.67","3.37","166","Oils-Energy","Oil and Gas - Exploration and Production - International","-45.86","3"
"Ehang Holdings","EH","407.16","5.42","895254","3.24","-6.15","-46.92","3.58","-62.96","16.59","-3.06","19.44","4.9","61","Aerospace","Aerospace - Defense Equipment","-54.89","4"
"Encompass Health","EHC","11156.92","112.47","866451","-1.24","5.12","7.3","55.89","-4.56","10.46","9.56","127.18","93.83","102","Medical","Medical - Outpatient and Home Healthcare","10.04","4"
"Edison International","EIX","27498.81","71.46","2548896","-9.13","-4.52","1.25","68.44","7.23","9.76","14.84","80.38","52.12","175","Utilities","Utility - Electric Power","20.3","3"
"The Estee Lauder Companies","EL","30636.79","84.68","2122639","1.78","-.26","2.33","33.31","-27.17","-8.21","5.49","119.61","67.23","169","Consumer Staples","Cosmetics","-1.67","2"
"Elanco Animal Health","ELAN","12845.84","25.72","4619461","1.22","2.35","18.42","91.49","2.36","6.22","10.08","26.84","13.68","102","Medical","Medical - Outpatient and Home Healthcare","-4.95","3"
"e.l.f. Beauty","ELF","4870.56","82.64","2240707","-1.63","12.45","49.74","34.06","-2.12","24.59","11.36","146.67","49.57","169","Consumer Staples","Cosmetics","1.61","3"
"Equity Lifestyle Properties","ELS","12744.22","65.67","1761596",".95","1.06","3.6","70.87","-2.41",".34","25.92","68.37","59.1","74","Finance","REIT and Equity Trust - Residential","25.92","3"
"Elevance Health, Inc.","ELV","83011.05","382.77","1494340","1.17","-6.22",".27","71.06","-1.66","12.49","3.26","426.79","274.66","80","Medical","Medical Services","2.47","3"
"Electrovaya Inc.","ELVA","434.18","8.77","2200631","4.4","-9.31","-21.77","56.54","-.01","43.06","7.03","12.26","4.23","46","Computer and Technology","Electronics - Miscellaneous Products","7.03","4"
"EmbraerEmpresa Brasileira de Aeronautica","EMBJ","12818.26","70.94","1008876","4.34","5.5","17.53","65.67","-.74","18.5","2.91","79.89","53.82","98","Aerospace","Aerospace - Defense","3.94","2"
"EMCOR Group","EME","36056.32","817.42","499683","10.05","3.83","-12.25","65.12","20.34","16.62","7.14","943.75","581.58","58","Construction","Building Products - Heavy Construction","7.74","1"
"Eastman Chemical","EMN","8232.89","71.98","1301357","6.35","4.47","-3.56","62.47","1.57","-6.71","6.44","81.36","56.37","98","Basic Materials","Chemical - Diversified ","4.99","3"
"Emerson Electric Co.","EMR","86731.49","154.85","2665193","3.72","9.39","11.06","82.18","5.08","3","18.95","161.69","123.3","93","Industrial Products","Manufacturing - Electronics","13.35","4"
"Enbridge","ENB","118157.3","54.1","3293697","-2.26","1.18","-.66","69.24","1.87","22.08","8.08","58.04","45.23","187","Oils-Energy","Oil and Gas - Production and Pipelines","7.2","4"
"Enovis","ENOV","1808.62","31.42","1018849","11.22","21.31","26.8","85.69","6.23","6.66","8.58","33.32","20.04","68","Medical","Medical Info Systems","-49.92","3"
"Enphase Energy","ENPH","5199.89","39.35","4563319","3.53","-11.67","4.52","28.63","10.58","10.72","25.18","72.33","26.12","65","Oils-Energy","Solar","10.09","3"
"Energizer","ENR","1446.16","21.12","989777",".38","-1.03","20.14","35.88","-4.36","2.28","8.08","29.86","16.23","199","Consumer Staples","Consumer Products - Staples","6.55","3"
"Enersys","ENS","6884.38","188.84","424387","-.74","-11.47","-20.26","64.64","15.9","3.7","10.74","243.34","89.2","93","Industrial Products","Manufacturing - Electronics","7.83","3"
"The Ensign Group","ENSG","10329.4","177.23","492234","-.47","6.23","4.62","43.81","-8.37","18.72","7.82","215.83","147.13","33","Medical","Medical - Nursing Homes","6.9","2"
"Entegris","ENTG","19093","125.2","3000437","-.93","-13.76","-16.06","48.96","33.84","-1.38","13.89","184","68.8","41","Computer and Technology","Electronics - Semiconductors","8.18","2"
"Enova International","ENVA","6437.97","258.57","374834","2.62","10.13","53.09","100","48.15","18.58","11.47","258.57","100.56","90","Finance","Financial - Consumer Loans","10.31","1"
"EOG Resources","EOG","77593.32","145.68","2933956","3.83","12.59","9.28","91.25","24.95","-4.5","24.23","149.89","101.78","216","Oils-Energy","Oil and Gas - Exploration and Production - United States","23.01","3"
"Evolus","EOLS","398.42","6.05","737727","-2.1","-13.45","-4.27","40.5","-18.06","11.61","-8.89","9.15","3.94","157","Medical","Medical - Products","-14.39","3"
"EPAM Systems","EPAM","5603.74","107.26","1658008","13.9","23.5","10.18","21.48","-52.85","15.42","11.95","221.4","76.04","152","Computer and Technology","Computers - IT Services","6.96","4"
"Edgewell Personal Care","EPC","1271.38","27.59","675196","-.79","3.45","40.26","84.94","45.74","-1.34","4.53","29.66","15.91","199","Consumer Staples","Consumer Products - Staples","-3.69","4"
"Enterprise Products Partners","EPD","81865.88","37.87","3269733","-.66","3.84","-.08","79.92","6.39","-6.44","10.79","39.8","30.19","74","Oils-Energy","Oil and Gas - Production Pipeline - MLB","10.79","3"
"EPR Properties","EPR","4689.23","61.21","696044","-3.5","3.38","4.17","80.08","10.48","2.91","41.39","64.32","48.71","88","Finance","REIT and Equity Trust - Retail","35.45","3"
"Essential Properties Realty Trust","EPRT","6736.9","31.15","1581279","-2.44",".87","-.64","36.18","-5.41","24.82","43.51","34.59","29.2","88","Finance","REIT and Equity Trust - Retail","43.51","4"
"Equitable Holdings","EQH","13101.99","48","2667406","-1.21","1.1","17.1","64.92","-9.27","-6.21","12.1","54.84","35.34","175","Finance","Insurance - Multi line","-7.26","3"
"Equinix","EQIX","101773.91","1031.4399","535995","-1.47","3.26","-5.04","78.32","21.25","5.36","15.64","1115.94","726.09","88","Finance","REIT and Equity Trust - Retail","15.64","3"
"Equinor","EQNR","95414.8","39.91","4175850","3.72","24.49","4.42","87.54","52.12","2.59","8.66","42.4","22.41","21","Oils-Energy","Oil and Gas - Refining and Marketing","7.92","3"
"Equity Residential","EQR","25334.99","67.57","2997947",".49","-3.37","2.1","78.8","-3.46","3.82","28.32","70.15","57.98","74","Finance","REIT and Equity Trust - Residential","27.97","3"
"Equinox Gold","EQX","7244.45","9.18","12356160","-3.57","-10.96","-38.22","24.51","-41.11","20.02","20.58","18.76","6.07","233","Basic Materials","Mining - Gold","21.72","3"
"Ericsson","ERIC","33979.68","10.08","17454424","4.24","-7.44","-19.3","43.87","-5.92","3.17","9.49","13.74","7.22","68","Computer and Technology","Wireless Equipment","10.72","4"
"Erie Indemnity","ERIE","10940.95","236.86","313493","3.77","-7.88","9.11","18.32","-25.58","7.17","12.05","368.96","207.24","102","Finance","Insurance - Brokerage","14.01","2"
"Energy Recovery","ERII","459.27","8.91","789621","4.58","-1","2.41","9.72","-40.51","-6.87","23.55","18.11","7.92","29","Industrial Products","Pollution Control","15.07","3"
"Ero Copper","ERO","2854.76","27.37","845617","4.47","3.67","-5.52","56.7","-12.86","67.1","27.8","38.03","13.41","187","Basic Materials","Mining - Non Ferrous","31.63","3"
"Eversource Energy","ES","27058.96","71.95","2253254","-3.67","-1.75","7","68.09","-3.75","13.83","13.17","76.21","62.86","175","Utilities","Utility - Electric Power","10.35","4"
"ESAB Corporation","ESAB","5542.67","91.04","626110","3.08","-6.18","-5.73","15.65","-26.61","3.71","11.85","134.82","82.92","102","Industrial Products","Metal Products - Procurement and Fabrication","7.11","3"
"Element Solutions","ESI","9184.71","37.69","6834037","-.4","-10.94","-16.36","56.32","35.84","3.84","12.91","49.09","22.99","83","Basic Materials","Chemical - Specialty","5.67","3"
"Essent Group","ESNT","6149.36","66.73","522162",".54","3.41","8.56","88.68","-7.55","1.45","53.64","68.12","55.84","152","Finance","Insurance - Property and Casualty","53.64","4"
"Essex Property Trust","ESS","18373.06","285.88","524348","-1.65","-4.07","6.37","78.8","-1.6","6.36","21.48","298.33","239.61","74","Finance","REIT and Equity Trust - Residential","21.48","3"
"Establishment Labs","ESTA","2731.14","92.8","453313",".76","1.35","29.79","95.4","14.68","27.14","-18.45","95.65","33.62","80","Medical","Medical Services","-19.05","3"
"Elastic","ESTC","7145.63","68.74","1671220","12.25","17.42","36.44","49.72","-17.93","17.26","15.83","94.47","43.3","148","Computer and Technology","Internet - Software","21.14","2"
"Energy Transfer","ET","69786.71","20.28","8652139","1.86","5.35","3.42","96.68","10.77","3.47","4.66","20.42","16.21","74","Oils-Energy","Oil and Gas - Production Pipeline - MLB","4.66","3"
"Eaton","ETN","170208.53","438.23","2451750","9.93","6","4.59","100","23.92","10.33","16.05","438.23","315.82","93","Industrial Products","Manufacturing - Electronics","12.75","2"
"Eton Pharmaceuticals","ETON","1236.49","45.14","545631","6.69","18.73","51.27","88.85","140.43","104.94","-1.7","49.03","14.13","101","Medical","Medical - Biomedical and Genetics","-1.7","3"
"eToro Group Ltd.","ETOR","3017.45","36.42","652221","-3.68","-11.84","-6.01","33.13","-6.63","10.33","29.76","59.96","24.76","102","Finance","Insurance - Brokerage","1.9","3"
"Entergy","ETR","50424.2","108.06","2803232","-5.01","-5.07","-4.35","68.31","5.3","8.98","13.51","117.91","86.83","175","Utilities","Utility - Electric Power","13.4","3"
"Etsy","ETSY","7892.52","83.17","2420268","-.8","10.81","38.94","92.22","35.12","2.68","11.17","86.47","44.05","179","Retail-Wholesale","Internet - Commerce","9.94","3"
"EverQuote","EVER","868.32","24.1","715231","-8.19","-8.16","22.02","72.28","-19.61","38.45","15.75","27.87","14.27","148","Computer and Technology","Internet - Software","15.16","3"
"Evolv Technologies","EVLV","1021.67","5.68","1727228","4.22","-10.97","-17.92","20.21","-28.55","40.48","-22.75","8.76","4.9","152","Computer and Technology","Computers - IT Services","-22.75","3"
"Evercore","EVR","12314.2","318.34","518798","-6.4","-10.45","-5.08","44.12","-15.73","29.41","17.87","383.12","267.19","20","Finance","Financial - Investment Bank","15.74","3"
"Evergy","EVRG","19185.6","83.23","2064712","-3.04","-3.52","-.24","71.77","3.41","1.95","15.38","88.13","70.77","175","Utilities","Utility - Electric Power","14.63","2"
"Evertec","EVTC","1917.01","31.11","402857","2.07","8.02","35.14","57.24","-3.68","10.21","24.5","37.66","22.34","154","Business Services","Financial Transaction Services","13.95","3"
"Edwards Lifesciences","EW","51142.55","88.82","5296980","6.96","-6.68","15.1","71.77","-6.16","11.55","25.04","95.18","72.65","155","Medical","Medical - Instruments","15.43","3"
"East West Bancorp","EWBC","18104.05","132.15","858558","1.74",".41","8.4","90.46","5.9","3.18","46.27","136.14","94.31","204","Finance","Banks - West","30.45","3"
"Exelon","EXC","47101.75","45.63","9011511","-3.22","-3.02","3.26","38.36","-5.72","5.34","11.23","50.29","42.73","175","Utilities","Utility - Electric Power","10.99","2"
"Expand Energy Corporation","EXE","21914.15","94.66","4162432","4.59","6.49","-2.11","21.45","-22.75","186.28","21.02","122.89","86.95","160","Oils-Energy","Alternative Energy - Other","20.46","3"
"Endeavour Silver","EXK","2289.2","7.73","6463805","-2.64","-9.17","-31.71","30.24","-25.94","98.9","15.12","14.12","4.96","211","Basic Materials","Mining - Silver","9.3","3"
"EXL Service","EXLS","5191.21","34.24","2625924","19.89","26.21","13.41","45.65","-27.34","13.56","12.48","44.98","25.22","152","Computer and Technology","Computers - IT Services","11.17","2"
"Eagle Materials","EXP","6587.22","214.74","527005","-.9","-1.29","4.79","60.22","-6.42","2.13","17.32","242.26","173.07","169","Construction","Building Products - Concrete and Aggregates","17.32","3"
"Expeditors International of Washington","EXPD","22311.66","170.59","1301576","-.44","2.95","9.68","82.47","3.11","4.42","7.48","182.8","113.13","161","Transportation","Transportation - Services","7.48","2"
"EXPEDIA GROUP","EXPE","36519.07","298.03","1513200","7.06","11.72","34.58","95.06","-5.25","7.61","14.71","304.27","178.06","83","Consumer Discretionary","Leisure and Recreation Services","9.81","3"
"Exponent","EXPO","3311.89","68.27","590691","8.78","11.59","13.48","55.9","-11.48","4.21","19.71","79.79","53.67","68","Business Services","Consulting Services","17.67","2"
"Extra Space Storage","EXR","31633.39","149.73","1305903",".97","2.46","3.56","88.07","3.56","3.7","27.8","152.85","126.69","61","Finance","REIT and Equity Trust - Other","27.8","3"
"Extreme Networks","EXTR","3920.73","29.98","1726917",".1","-4.31","23.32","81.32","62.17","2.05","10.64","33.71","13.74","199","Computer and Technology","Computer - Networking","1.3","3"
"National Vision","EYE","1796.22","22.42","1792841","8.1","12.27","2.84","49.79","-21.79","9","3.67","29.46","15.44","199","Consumer Staples","Consumer Products - Staples","2.31","4"
"EZCORP","EZPW","1860.85","30.24","862191","-.53","-14.26","-12.73","75.25","40.25","9.7","9.63","35.59","13.97","90","Finance","Financial - Consumer Loans","9.91","3"
"Ford Motor","F","57499.12","14.43","54530932","-1.7","4.34","19.75","54.53","-.94","1.23","3.87","17.44","10.82","78","Auto-Tires-Trucks","Automotive - Domestic","-3.93","2"
"First Advantage Corporation","FA","3497.64","20.39","1831080","1.9","1.19","27.12","85.37","26.39","83.02","12.23","22.35","8.95","148","Computer and Technology","Internet - Software",".53","3"
"First American Financial","FAF","7698.34","75.4","788468","-1.15","7.58","10.15","83.15","10.53","21.61","9.17","79.16","56.85","152","Finance","Insurance - Property and Casualty","9.33","3"
"Diamondback Energy","FANG","55911.02","198.75","1891562","1.51","14.4","1.33","81.13","19.08","35.79","25.87","213.69","134.53","216","Oils-Energy","Oil and Gas - Exploration and Production - United States","8.58","3"
"Fanuc","FANUY","38210.4","19.45","603884","-4.66","-16.99","-19.53","44.11","-10.03","8.86","20.11","26.61","13.8","237","Industrial Products","Industrial Automation and Robotics","20.11","4"
"Fastenal","FAST","55206.11","48.11","9013202",".99","-.41","11.11","79.71","7.98","8.67","15.45","50.39","39.15","164","Industrial Products","Industrial Services","15.45","2"
"Fortune Brands Innovations, Inc.","FBIN","6223.54","52.17","2153824","1.34","1.14","38.09","60.48","-6.06","-3.16","9.44","64.44","33.39","31","Construction","Building Products - Air Conditioner and Heating","6.12","3"
"FB Financial","FBK","3148.08","61.1","423378","3.77","7.8","15.81","96.43","-1.38","14.81","33.84","61.62","47.05","41","Finance","Banks - Northeast","19","3"
"FIRST BANCORP","FBP","4484.3","28.99","1582301",".73","9.4","22.17","97.01","25.95","2.38","34.28","29.29","19.25","93","Finance","Banks - Foreign","29.24","1"
"Franklin BSP Realty Trust","FBRT","642.77","7.74","1215440","-1.15","-1.28","-11.95","5.07","-30.5","28.33","28.17","11.67","7.53","157","Finance","REIT and Equity Trust","20.49","3"
"FuelCell Energy","FCEL","1706.22","21.34","11595839","-.7","-28.22","33.88","54.28","162.93","41.05","-61.63","36.01","3.92","160","Oils-Energy","Alternative Energy - Other","-132.41","2"
"First Commonwealth Financial","FCF","2210.62","21.74","868031","4.17","6.1","18.6","99.23","16.14","4.26","30.67","21.79","15.29","41","Finance","Banks - Northeast","22.62","3"
"FirstCash ","FCFS","9079.89","209.35","468404","1.26","-6.66","-10.15","76.8","18.31","8.04","10.85","233","131.08","154","Business Services","Financial Transaction Services","9.42","2"
"FTI Consulting","FCN","4373.67","158.4","376078","-2.15","1.74","-.43","38.6","-16.49","2.44","6.57","187.03","140.4","68","Business Services","Consulting Services","6.44","3"
"Four Corners Property Trust","FCPT","2776.84","25.3","729608","-2.01","1.16",".64","66.94","-1.18","9.72","38.7","26.49","22.89","61","Finance","REIT and Equity Trust - Other","38.7","3"
"FreeportMcMoRan","FCX","91486.3","63.64","14868648","1.47","4.33","-1.13","77.79","12.85","1.81","12.83","71.72","35.34","187","Basic Materials","Mining - Non Ferrous","11.39","3"
"4D Molecular Therapeutics","FDMT","527.47","10.09","657749","-2.79","-20.68","-6.49","63.52","21.17","230194.59","-182.34","13.3","4.5","147","Medical","Medical - Drugs","-182.34","3"
"FactSet Research Systems","FDS","9591.32","269.68","912892","1.42","6.93","23.03","37.41","-16.3","5.39","26.79","402.9","190.06","43","Business Services","Business - Information Services","23.21","3"
"FedEx","FDX","73163.25","309.24","1560417","-.5","-.22","-18.39","47.33","-3.58","7.73","5.11","411.78","217.1","102","Transportation","Transportation - Air Freight and Cargo","4.68","3"
"FirstEnergy","FE","28023.53","48.43","4679007","-1.8","1.51","8.59","62.17","-2.57","12.01","9.4","51.91","42.71","175","Utilities","Utility - Electric Power","6.86","4"
"Franklin Electric Co.","FELE","4728.86","106.96","311697","1.45","1.5","8.03","85.48",".84","5.44","9.26","109.86","89.89","93","Industrial Products","Manufacturing - Electronics","7.06","2"
"Ferguson plc","FERG","48499.97","250.08","1765493","6.83","9.24","2.5","68.57","1.17","5.67","7","267.71","211.61","52","Industrial Products","Manufacturing - General Industrial ","6.98","3"
"First Financial Ban","FFBC","3582.29","34.14","1254955","1.67","-1.42","13.38","84.21","22.9","-22.25","31.11","36.18","23.26","47","Finance","Banks - Midwest","20.77","3"
"First Financial Bankshares","FFIN","5075.05","35.42","806316","2.85","1.93","12.52","72.74","6.8","10.66","39.54","37.98","28.59","55","Finance","Banks - Southwest","31.03","2"
"F5","FFIV","22925.96","406.35","678278","-.39","-3.03","13.41","87.98","43.38","9.66","30.54","431.26","223.99","148","Computer and Technology","Internet - Software","21.95","3"
"F&G Annuities & Life, Inc.","FG","3850.01","29.06","675863","-1.92","2.4","4.76","56.52","-15.16","-.23","8.55","35.5","20.69","192","Finance","Insurance - Life Insurance","8.89","3"
"First Hawaiian","FHB","3407.39","28.01","2959152",".79","-7.68","4.67","69.22","-.29",".21","31.52","30.34","22.77","204","Finance","Banks - West","24.41","3"
"Federated Hermes","FHI","4853.85","63.94","587834","7.97","10.41","14.75","100","10.6","10.33","21.3","63.94","47.3","67","Finance","Financial - Investment Management","21.3","3"
"First Horizon","FHN","12245.14","25.8","6113628","1.26","-.19","7.32","93.16","-2.77","-.68","30.35","26.23","19.94","55","Finance","Banks - Southwest","21.12","3"
"First Interstate BancSystem","FIBK","3746.8","38.57","1269460","2.15","-2.06","9.89","86.03",".4","-4.67","30.18","40.22","28.41","47","Finance","Banks - Midwest","29.44","3"
"Fair Isaac","FICO","22579.46","1045.46","339379","-18.36","-18.74","-4.26","12.86","-44.3","15.91","39.1","1879.55","922.37","152","Computer and Technology","Computers - IT Services","34.05","3"
"Figma, Inc.","FIG","11106.41","24.92","22974770","8.63","18.22","24.29","7.68","-39.94","40.96","15.64","122","16.84","148","Computer and Technology","Internet - Software","-123.83","2"
"FIGS","FIGS","1817.47","10.88","3041742","9.57","10.12","-8.88","43.01","-13.74","13.6","6.1","17.12","6.17","83","Retail-Wholesale","Retail - Apparel and Shoes","6.1","2"
"Fidelity National Information Services","FIS","23145.85","44.78","6137417","3.75","8.51","5.71","16.93","-39.31","5.43","26.96","79.41","37.72","154","Business Services","Financial Transaction Services","23.35","3"
"Fiserv","FISV","28982.35","54.35","6819773","3.9","4.96","-.07","7.72","-27.12","3.6","22.82","140","47.18","154","Business Services","Financial Transaction Services","15.17","4"
"Fifth Third Bancorp","FITB","51569.13","56.9","6288290","-.18","-1.71","16.96","87.01","9.48","-2.54","29.09","59.37","40.36","24","Finance","Banks - Major Regional","15.77","3"
"Five Below","FIVE","11982.5","216.7","1111716","4.62","22.85","4.11","73.21","3.62","22.9","8.77","247.71","131.94","155","Retail-Wholesale","Retail - Miscellaneous","8.67","2"
"Five9","FIVN","2216.53","28.95","3157049","13.31","20.12","35.22","100","30.05","10.28","20.42","28.95","13.61","148","Computer and Technology","Internet - Software","4.87","3"
"Comfort Systems USA","FIX","62327.75","1770.96","538659","2.34","-1.23","-12.89","78.67","70.9","29.52","12.77","2066.51","680.86","31","Construction","Building Products - Air Conditioner and Heating","12.77","1"
"Flex","FLEX","43386.38","117.45","5018875","1.19","-15.29","-19.04","60.54","75.08","8.14","4.61","162.07","49","46","Computer and Technology","Electronics - Miscellaneous Products","3.32","2"
"Flagstar Bank, National Association","FLG","5927.11","14.22","4445607","3.34","-4.18","1.21","75.43","1.73","-24.33","3.59","15.36","10.72","53","Finance","Banks - Southeast","1.08","4"
"Fulgent Genetics","FLGT","484.54","17.61","307508","-10.06","-17.67","11.31","22.39","-39.62","13.83","-5.39","30.85","13.79","68","Medical","Medical Info Systems","-26.05","3"
"Fluence Energy","FLNC","2683.56","14.56","7599711","7.77","-18.29","-42.29","30.65","-33.7","-16.15","-1.62","32.23","6.75","160","Oils-Energy","Alternative Energy - Other","-1.62","2"
"Flowers Foods","FLO","1530.59","7.22","5017726","-5.5","-16.14","-12.17","2.15","-40.23","3","4.13","16.76","7.01","210","Consumer Staples","Food - Miscellaneous","1.38","4"
"Flowco Holdings Inc.","FLOC","1827.69","20.23","485581","5.86","6.64","-23.2","43.21","-2.77","41.93","16.95","28.09","14.25","226","Oils-Energy","Oil and Gas - Integrated - International","5.49","4"
"Flowserve","FLS","9729.21","76.54","2073717","5.31","2.45","8.15","63.91","-.64","3.76","10.62","92.04","49.09","52","Industrial Products","Manufacturing - General Industrial ","8.01","2"
"Firefly Aerospace, Inc.","FLY","3507.55","21.89","3353774","10.11","-21.82","-42.76","11.73","-11.87","162.95","-128.8","60.35","16.78","98","Aerospace","Aerospace - Defense","-181.16","4"
"FLYWIRE CORP","FLYW","2052.44","16.63","1942365","3.04","-9.27","1.03","74.56","5.78","26.59","4.75","18.78","10.33","148","Computer and Technology","Internet - Software","4.45","3"
"Freddie Mac","FMCC","3419.31","5.26","1607966","-5.78","-7.23","-24.32","11.89","-53.28","6.36","54.79","14.15","4.06","185","Finance","Financial - Mortgage & Related Services","9.58","3"
"Farmers National Banc","FMNB","946.26","15.98","429300","4.1","11.36","14.31","99.46","8.05","3.89","33.67","16","12.3","47","Finance","Banks - Midwest","20.52","2"
"Fresenius Medical Care AG & Co.","FMS","13567.89","25.26","602105","1.57","6.99","16.08","70.22","-4.49","7.63","6.63","27.41","20.19","155","Medical","Medical - Instruments","4.83","4"
"Fomento Economico Mexicano","FMX","43451.66","125.75","534685","-4.84","-3.45","2.14","85.01","12.06","2.29","2.62","133.17","83.67","68","Consumer Staples","Beverages - Soft drinks","3.6","2"
"Fabrinet","FN","16336.21","455.94","792781","-3.16","-8.95","-29.81","38.11","-9.8","18.6","10.8","746.47","277.04","54","Computer and Technology","Electronics - Miscellaneous Components","9.94","4"
"F.N.B.","FNB","6830.95","19.19","6685920","1.86",".1","9.34","93.8","1.07","4.92","33.66","19.49","14.65","53","Finance","Banks - Southeast","22.29","4"
"Floor & Decor","FND","6157.52","57.08","2496464","3.01",".42","17.06","28.96","-15.57","5.12","4.23","90.42","43.49","213","Retail-Wholesale","Retail - Home Furnishings","4.93","3"
"FIDELITY NAT FI","FNF","13885.84","51.59","1481052","-.83","5.91","6.83","53.29","-14.88","5.58","9.29","58.89","43.26","175","Finance","Insurance - Multi line","5.1","4"
"Fannie Mae","FNMA","6693.75","5.78","3764997","-5.09","-6.32","-25.71","10.77","-51.48","4.26","75.54","15.31","4.63","185","Finance","Financial - Mortgage & Related Services","4.59","3"
"FrancoNevada","FNV","41394.57","214.62","683053",".09",".87","-9.67","45.51","-6.74","63.69","63.08","280.82","159.33","233","Basic Materials","Mining - Gold","65.12","3"
"FormFactor","FORM","8481.48","108.8","1483897","10.12","-8.32","-28.14","61.36","75.68","2.8","19.04","159.93","27.62","41","Computer and Technology","Electronics - Semiconductors","12.8","1"
"Fossil Group","FOSL","348.11","5.89","912388","39.9","41.93","32.36","100","41.09","-12.28","-5.45","5.89","1.59","83","Retail-Wholesale","Retail - Apparel and Shoes","-6.19","3"
"Shift4 Payments","FOUR","4305.97","54.28","1049351","8.63","5.64","30.89","27.68","-22.36","25.5","22.28","103","35.63","154","Business Services","Financial Transaction Services","2.63","3"
"Fox","FOX","22110.2","52.62","1212761","3.56","5.45","-13.99","35.22","-27.01","16.6","13.56","67.76","44.39","166","Consumer Discretionary","Broadcast Radio and Television","10.56","1"
"Fox","FOXA","24664.94","58.7","4619964","3.64","5.07","-13.32","36.27","-27.65","16.6","13.56","76.11","48.79","166","Consumer Discretionary","Broadcast Radio and Television","10.56","2"
"Fox Factory Holdings","FOXF","785.46","18.73","482776",".86","12.02","7.64","32.25","-1.41","5.27","2.85","30.37","13.19","78","Auto-Tires-Trucks","Automotive - Domestic","-20.25","4"
"Farmland Partners","FPI","417.55","9.57","402980","-.52",".53","-8.16","5.96","-11.05","-10.39","49.85","13.04","9.35","61","Finance","REIT and Equity Trust - Other","49.85","4"
"First Industrial Realty Trust","FR","8686.18","65.52","1296017","-1.41","3.93","5.03","84.3","3.04","8.58","47.97","68.86","47.58","61","Finance","REIT and Equity Trust - Other","47.97","3"
"First Merchants","FRME","2740.03","43.63","482179","2.25",".46","9.32","84.38","4.85","-2.04","32.51","45.23","34.99","47","Finance","Banks - Midwest","17.05","4"
"JFrog","FROG","9980.27","82.4","2171648","1.44","-16","19.4","75.22","18.82","24.12","19.68","98.1","34.75","148","Computer and Technology","Internet - Software","-10.93","3"
"Freshpet","FRPT","2929.89","59.62","1072415",".2","10.22","20.1","32.09","-11.87","13.01","6.46","85.5","47.39","210","Consumer Staples","Food - Miscellaneous","17.63","4"
"Freshworks","FRSH","3253.63","11.77","16309226","8.78","15.73","36.7","68.97","-13.46","16.43","19.64","13.97","6.88","148","Computer and Technology","Internet - Software","20.69","3"
"Federal Realty Investment Trust","FRT","10682.02","123.65","807913","-2.74","2.56","7.13","90.47","10.48","6.36","32.67","127.13","90.61","88","Finance","REIT and Equity Trust - Retail","32.67","3"
"FS KKR Capital Corp.","FSK","3105.94","11.09","2326114","2.21","7.36","3.07","10.73","-32.56","-11.74","17.86","20.91","9.91","169","Finance","Financial - SBIC & Commercial Industry","-38.65","3"
"First Solar","FSLR","25007.62","232.73","2029733","13.07","-.14","-.23","40.41","-19.76","24.09","32.47","318.25","174.73","65","Oils-Energy","Solar","32.47","3"
"Fastly","FSLY","3604.2","23.03","4971710","14.92","26.19","17.62","61.42","103.75","14.78","7.54","33.5","6.36","148","Computer and Technology","Internet - Software","-15.79","3"
"Fortuna Mining Corp.","FSM","2565.95","8.67","5213625","1.28","-.12","-20.31","32.93","-20.4","-10.83","25.21","13.66","6.22","197","Basic Materials","Mining - Miscellaneous","31.07","4"
"Federal Signal","FSS","7881.69","129.12","507416","9.13","-3.54","10","83.71","7.09","17.14","12.32","133.86","104.77","78","Auto-Tires-Trucks","Automotive - Domestic","11.66","2"
"FTAI Aviation Ltd.","FTAI","23124.5","225.15","1788315","5.14","-6.79","-19.69","51.21","3.01","44.53","15.94","310.04","136.06","61","Aerospace","Aerospace - Defense Equipment","15.94","3"
"Frontdoor","FTDR","5337.15","75.99","516968","4.71","-3.9","19.14","89.72","18.64","13.56","14.68","79.07","49.1","98","Construction","Building Products - Miscellaneous","12.22","3"
"TechnipFMC","FTI","27133.86","69.19","3454509","-7.8","2.87","-2.75","81.53","39.85","9.35","11.77","76.99","34.76","187","Oils-Energy","Oil and Gas - Field Services","11.28","3"
"Flotek Industries","FTK","968.11","26.76","343209","9.85","15.2","57.88","96.8","39.88","26.86","8.5","27.28","11.04","83","Basic Materials","Chemical - Specialty","11.83","3"
"Fortinet","FTNT","119749.41","163.21","5496868","7.11",".53","41.38","96.08","85.11","14.17","32.34","166.83","74.39","83","Computer and Technology","Security","28.17","2"
"Fortrea Holdings Inc.","FTRE","1801.19","18.94","1513409","-1.35","6.11","26.35","88.45","-1.11","1","2.2","20.7","5.46","101","Medical","Medical - Biomedical and Genetics","-3.18","3"
"Fortis","FTS","28878.73","56.53","754831","-3.05","-.65",".53","76.9","-1.97","3.7","14.42","58.84","48.84","175","Utilities","Utility - Electric Power","14.17","4"
"Fortive","FTV","17957.93","59.46","2894187","-5.5","-6.51","-1.41","73.6","-3","-33.26","22.32","64.09","46.55","21","Computer and Technology","Electronics - Testing Equipment","12.38","2"
"fuboTV","FUBO","282.95","9.61","1354201","10.59","-6.06","-3.42","3.26","-71.39","-76.76",".15","54.74","8.09","166","Consumer Discretionary","Broadcast Radio and Television","-.9","3"
"Subaru Corporation","FUJHY","11821.68","8.24","413655","2.04","3","11.81","23.17","-30.83","3.3","1.96","11.49","7.26","150","Auto-Tires-Trucks","Automotive - Foreign","1.96","3"
"H. B. Fuller","FUL","3066.42","57.01","728111",".85","-2.36","-5.53","42.42","-13.65","-2.67","7.1","67.49","49.29","83","Basic Materials","Chemical - Specialty","5.29","2"
"Fulton Financial","FULT","4707.62","24.63","1957584",".94","1.23","16.73","93.33","14.76","1.92","30.92","25.19","16.79","41","Finance","Banks - Northeast","20.63","3"
"Six Flags Entertainment Corporation","FUN","1800.83","17.62","1938113",".17","-9.87","-12.56","26.81","3.45","14.45","1.33","30.7","12.83","83","Consumer Discretionary","Leisure and Recreation Services","-52.76","1"
"Futu Holdings","FUTU","15003.54","107.04","1390078","2.66","9.04","-23.47","15.81","-41.29","67.78","41.87","199.04","89.76","157","Finance","Financial - Miscellaneous Services","41.87","3"
"Fiverr International","FVRR","340.09","9.46","850570","-14.47","-14.93","-14.39","2.99","-56.88","10.07","24.81","26.67","8.93","179","Retail-Wholesale","Internet - Commerce","7.18","3"
"Forward Air","FWRD","463.94","14.67","733229","-.34","12.93","40.25","27.12","-47.15",".84","-2.91","31.76","8.31","6","Transportation","Transportation - Truck","-3.71","2"
"First Watch Restaurant Group","FWRG","770.56","12.5","943492","-2.99","-3.33","7.02","26.38","-25.34","20.34","1.38","19.17","10.11","163","Retail-Wholesale","Retail - Restaurants","1.38","3"
"Genpact","G","5959.85","35.16","2125375","9.26","21.41","12.33","36.48","-32.31","6.56","12.89","48.5","27.5","152","Computer and Technology","Computers - IT Services","11.04","4"
"The Gap","GAP","7375.97","20.49","6703440","4.33","5.78","-5.75","19.85","-27.91","1.86","4.99","29.13","18.35","83","Retail-Wholesale","Retail - Apparel and Shoes","6.25","3"
"Glacier Bancorp","GBCI","6570.9","50.49","1217149","3.04","-3.9","6.9","71.95","3.23","13.32","27.41","54.51","40.18","204","Finance","Banks - West","19.72","3"
"Golub Capital BDC","GBDC","3435.93","13.19","912411","2.41","2.49","1.77","40.8","-12.46","20.16","47.69","14.96","11.97","169","Finance","Financial - SBIC & Commercial Industry","21.45","2"
"Global Business Travel Group, Inc.","GBTG","4917.33","9.43","1428718",".21",".32",".43","98.24","11.02","12.17","1.28","9.51","4.97","148","Computer and Technology","Internet - Software","2.93","3"
"The Greenbrier Companies","GBX","1539.56","49.76","485684","-1.03","2.96","-.84","48.18","-4.11","-8.59","4.2","58.87","41.29","166","Transportation","Transportation - Equipment and Leasing","4.07","4"
"GCM Grosvenor","GCMG","2660.99","13.17","552436","5.19","-3.23","15.93","85.32","4.79","8.47","30.02","13.81","9.45","67","Finance","Financial - Investment Management","9.05","3"
"GigaCloud Technology Inc.","GCT","1653.23","44.94","602716","14.73","31.87","14.06","77.75","3.04","11.1","10.77","51.8","20.97","148","Business Services","Technology Services","10.77","3"
"General Dynamics","GD","103469.19","382.43","1175795","-1.72","1.47","11.16","86.95","2.31","10.13","8.18","393.19","310.74","98","Aerospace","Aerospace - Defense","8.18","2"
"GoDaddy","GDDY","11711.65","88.45","2005150","-8.26","3.32",".42","15.55","-35.8","8.26","17.83","161.58","74.99","102","Computer and Technology","Internet - Delivery Services","17.83","3"
"Green Dot","GDOT","754.45","13.31","300910","1.14",".38","7.17","65.42","-6.42","20.69","3.99","15.25","9.64","154","Business Services","Financial Transaction Services","-3.25","3"
"GDS Holdings","GDS","6552.35","32.7","1701675","4.24","5.86","-27.25","19.89","-15.61","15.61","34.11","47.52","29.02","148","Business Services","Technology Services","23.83","3"
"Grid Dynamics","GDYN","570.33","6.82","1825534","10.89","15.2",".74","33.2","-31.98","17.47","7.89","10.06","5.21","152","Computer and Technology","Computers - IT Services",".68","4"
"GE Aerospace","GE","382787.94","368.93","3928290","2.02","-2.57","22.66","91.35","7.87","18.48","15.84","378.68","265.93","98","Aerospace","Aerospace - Defense","17.72","3"
"GE HealthCare Technologies Inc.","GEHC","31496.08","69.73","6049346","14.09","7.54","13.02","35.73","-23.43","4.84","9.95","88.16","59.49","157","Medical","Medical - Products","9.33","3"
"GEN DIGITAL INC","GEN","16861.92","28.17","3873954","5.35","5.9","25.76","72.04","-6.69","27.06","31.74","32.16","17.89","148","Business Services","Technology Services","19.46","3"
"Genius Sports Limited","GENI","1741.39","7.07","5457479","-2.75","6.8","60.32","32.71","-42.22","31.04","-20.41","13.55","3.92","102","Computer and Technology","Internet - Content","-22.27","2"
"The Geo Group","GEO","4187.6","31.34","1471056","1.33","5.45","46.38","100","75.1","8.58","5.09","31.34","13.26","48","Business Services","Government Services","10","2"
"GE Vernova Inc.","GEV","268134","1006.76","2983001","1.02","-12.61","-6.18","73.19","38.74","8.97","12.87","1174.86","547.96","160","Oils-Energy","Alternative Energy - Other","23.03","3"
"GFL Environmental","GFL","15064.94","42","2820482","7.72","3.73","14.6","48.37","-11.93","-15.74","4.5","51.03","33.54","102","Business Services","Waste Removal Services","-3.28","3"
"GlobalFoundries","GFS","27440.53","50.01","3717795","-5.96","-27.43","-33.31","31.52","28.99",".61","14.66","89.96","31.62","41","Computer and Technology","Electronics - Semiconductors","11.4","3"
"Gerdau","GGB","10124.45","5.06","15433616","4.76","19.62","5.2","100","23.51",".63","5.27","5.06","2.86","96","Basic Materials","Steel - Producers","2.4","3"
"Graco","GGG","13004.89","80.3","1474794","-.17","6.12","3.76","33.06","-11.77","5.83","22.68","94.82","73.13","52","Industrial Products","Manufacturing - General Industrial ","23.53","3"
"Guardant Health","GH","21314.38","158.83","2209985","9.18","-5.92","64.23","90.8","40.06","32.88","-19.18","170.77","40.98","101","Medical","Medical - Biomedical and Genetics","-38.33","4"
"CGI Group","GIB","15438.56","73.01","520535","5.1","10.04","11.53","32.36","-28.76","5.47","11.52","97.53","61.28","74","Computer and Technology","Computer - Services","10.54","4"
"GIII Apparel Group","GIII","1535.74","36.4","453003","1.31","8.33","20.29","96.98","13.2","-7.04","3.4","36.81","23.25","169","Consumer Discretionary","Textile - Apparel","4.34","3"
"Gildan Activewear","GIL","10222.43","55.2","1489095","8.92","6.58","-4.3","25.92","-20.4","10.66","13.09","72.58","49.12","169","Consumer Discretionary","Textile - Apparel","1.28","3"
"Gilead Sciences","GILD","162831.89","131.15","6430147",".48","1.19","-1.78","45.85","-3.76","2.4","35.29","155.8","110.28","101","Medical","Medical - Biomedical and Genetics","30.99","3"
"Gilat Satellite Networks","GILT","863.83","11.7","522133","6.27","-10.62","-43.89","32.22","-18.56","47.87","10.8","20.85","7.35","193","Computer and Technology","Satellite and Communication","6.8","3"
"General Mills","GIS","19213.5","36","9592851","-1.67","-.33","6.51","20.22","-30.27","-5.45","10.32","51.11","32.17","210","Consumer Staples","Food - Miscellaneous","-.48","4"
"Glaukos","GKOS","10078.58","170.87","893122","12.48","14.91","26.22","100","36.3","32.33","-7.22","170.87","74.67","155","Medical","Medical - Instruments","-30.69","3"
"Globe Life","GL","14293.62","184.09","692188","5.57","4.02","19.65","98.77","18.55","3.74","19.79","184.76","130.37","180","Finance","Insurance - Accident and Health","19.58","3"
"Globale Online","GLBE","6822.99","40.2","1401539","6.46","7.75","34.4","90.11","-7.89","27.82","11.37","41.59","27.54","179","Retail-Wholesale","Internet - Commerce","11.37","3"
"GCI Liberty, Inc. - Series C GCI Group","GLIBK","849.01","23.68","528485","5.01","5.71","-16.44","18.93","-42.68","2.95","19.21","40.04","19.86","102","Utilities","Wireline - National","-31.47","3"
"Golar LNG Limited","GLNG","4980.86","49.16","1242807",".37","-.81","-13.48","62.78","18.99","51.14","32.24","57.36","35.33","226","Oils-Energy","Oil and Gas - Integrated - International","30.1","3"
"Globant","GLOB","1628.05","37.14","1771532","13.79","20","-.19","16.65","-48.83","1.62","11.16","84.26","27.73","90","Computer and Technology","Internet - Software and Services","4.46","4"
"Gaming and Leisure Properties","GLPI","13036.13","44.81","2567282","-.51","2.92","-6.7","40.99","-9.69","4.13","59.01","49.82","41.33","61","Finance","REIT and Equity Trust - Other","59.01","2"
"Monte Rosa Therapeutics","GLUE","1299.29","15.38","1551771","-31.83","-33.85","-24.09","52.98","-11.66","63.54","-302.69","25.31","4.19","101","Medical","Medical - Biomedical and Genetics","-302.69","3"
"Corning","GLW","126313.99","146.64","13747094","2.29","-24.72","-29.29","43.68","50.84","19.14","14.08","255.69","62.05","73","Computer and Technology","Communication - Components","11.2","3"
"General Motors","GM","76934.95","87.68","7284210",".74","12.63","16.46","93.07","-2.89","-1.29","6.38","90.3","52.47","78","Auto-Tires-Trucks","Automotive - Domestic","1.05","3"
"Genmab","GMAB","17882.91","28.68","2066121","-.42","2.39","9.55","53.3","-16.13","19.14","22.2","35.34","21.08","101","Medical","Medical - Biomedical and Genetics","21.05","3"
"Globus Medical","GMED","11057.76","81.46","1608032","4.1","1.19","6.23","65.24","-15.97","16.65","19.53","96.82","52.63","155","Medical","Medical - Instruments","18.92","3"
"Generac Holdings","GNRC","11844.97","201.21","1179077","1.86","-21.95","-25.86","40.74","32.89","-2.02","10.89","295.54","136.37","52","Industrial Products","Manufacturing - General Industrial ","5.82","1"
"Gentex","GNTX","4993.72","23.45","2657252","2.31","-4.17","1.08","32.9","-9.24","9.55","16.01","29.06","20.7","180","Auto-Tires-Trucks","Automotive - Original Equipment","15.5","2"
"Genworth Financial","GNW","3761.15","9.82","2828990","-.81","2.93","8.39","86.4","-2.05",".08","2.35","10.13","7.85","192","Finance","Insurance - Life Insurance","2.96","2"
"Grocery Outlet","GO","964.5","9.75","2085801","3.5","-6.07","24.2","30.77","-13.06","7.26","1.41","18.66","5.79","199","Consumer Staples","Consumer Products - Staples","-8.08","4"
"Gold.com Inc.","GOLD","1221.95","42.13","379157","2.48","-4.36","-2.88","49.48","11.44","13.19",".58","64.14","20.57","157","Finance","Financial - Miscellaneous Services",".35","3"
"Gladstone Commercial","GOOD","603.64","12.47","416166","-3.71","-1.97","-.48","68.08","5.26","8","12.74","13.45","10.38","61","Finance","REIT and Equity Trust - Other","12.74","3"
"Alphabet","GOOG","4555308","372.47","20381524","14.06","2.07","-3.7","87.29","6.91","15.09","63.76","399.04","189.95","164","Computer and Technology","Internet - Services","54.77","2"
"Alphabet","GOOGL","4568027.5","373.51","30603338","14.38","1.92","-3.89","86.36","7.48","15.09","63.76","402.62","189.13","164","Computer and Technology","Internet - Services","54.77","2"
"Genuine Parts","GPC","17717.74","128.52","1828840",".64","-.11","26.72","63.48","-5.86","3.46","4.12","149.26","92.47","48","Retail-Wholesale","Automotive - Retail and Wholesale - Parts",".13","3"
"Graphic Packaging Holding Company","GPK","3358.32","11.35","4982347","1.79","6.97","11.06","17.17","-32.12","-2.16","4.77","23.12","8.91","187","Industrial Products","Containers - Paper and Packaging","3.17","4"
"Global Payments","GPN","23576.72","86.19","3087456","2.53","11.34","25.33","86.13",".29","-23.75","31.11","90.01","62.47","154","Business Services","Financial Transaction Services","-7.99","4"
"Gulfport Energy","GPOR","2944.15","163.84","314481","6.3","-.84","-9.09","18.88","-29.05","48.47","26.52","222.49","150.19","216","Oils-Energy","Oil and Gas - Exploration and Production - United States","32.28","4"
"Green Plains","GPRE","1166.48","16.64","1399627","1.22","5.65","-2.97","78.27","52.93","-14.93","1.13","19.23","7.31","83","Basic Materials","Chemical - Specialty","-.8","4"
"GRAIL, Inc.","GRAL","3015.75","70.27","514441","5.24","1.91","14.71","45.9","-26.06","17.18","-253.22","116.06","31.42","101","Medical","Medical - Biomedical and Genetics","-253.22","2"
"Guardian Pharmacy Services, Inc.","GRDN","2031.57","40.81","308345","-1.57","-1.38","14.47","88.99","22.15","17.93","4.96","43.4","19.88","147","Medical","Medical - Drugs","3.64","3"
"Grifols","GRFS","5349.32","7.86","786328","1.42","9.62",".77","22.34","-24.29","9.04","6.35","10.78","7.02","147","Medical","Medical - Drugs","5.54","3"
"Garmin","GRMN","58773.74","304.76","1042394","25.69","24.28","25.74","100","35.31","15.06","24.4","304.76","187.1","46","Computer and Technology","Electronics - Miscellaneous Products","24.47","1"
"GRINDR INC","GRND","3181.29","17.9","1675525","15.63","12.44","23.19","91.58","19.07","27.64","19.85","18.64","9.85","148","Computer and Technology","Internet - Software","19.85","2"
"Groupon","GRPN","1050.26","27.65","1450884",".44","4.06","63.9","66.09","41.42","1.19","-20.74","36.89","9.64","179","Retail-Wholesale","Internet - Commerce","-20.78","3"
"The Goldman Sachs Group","GS","302990.34","1027.0601","2007100","-2.02","-2.68","8.7","71.75","5.24","-1.38","31.68","1152.07","709.57","20","Finance","Financial - Investment Bank","15.53","1"
"Globalstar","GSAT","10841.45","84.18","1086822","6.52","4.96","2.35","99.59","24.21","9.04","-4.72","84.43","23.15","193","Computer and Technology","Satellite and Communication","-6.84","3"
"Goldman Sachs BDC","GSBD","992.86","8.82","899823","1.38","-3.92","-1.45","9.18","-14.4","-15.84","45.36","11.49","8.55","169","Finance","Financial - SBIC & Commercial Industry","21.32","3"
"Goosehead Insurance","GSHD","2331.8","65.655","669210","5.9","23.88","63.48","55.33","-19.71","16.15","14.47","90.91","34.37","175","Finance","Insurance - Multi line","8.78","3"
"GSK PLC Sponsored ADR","GSK","104189.16","51.51","4641231","-.9","-2.98","3.41","60.42","-5.4","7.42","21.54","61.18","36.75","101","Medical","Medical - Biomedical and Genetics","14.56","3"
"Goodyear","GT","2020.69","7.03","8263576","-1.13","1.44","18.15","29.23","-27.72","-3.17",".2","10.54","5.58","218","Auto-Tires-Trucks","Rubber - Tires","-11.64","3"
"Green Thumb Industries Inc.","GTBIF","1391.6","7.125","569138",".21","-1.99","-11.27","41.66","-20.15","3.36","9","9.69","5.29","157","Medical","Medical - Products","10.14","3"
"Gran Tierra Energy","GTE","246.46","6.97","309716","3.57","16.75","-21.51","58.22","48.06","-4.04","-11.17","9.51","3.43","236","Oils-Energy","Oil and Gas - Exploration and Production - Canadian","-48.53","3"
"Gates Industrial","GTES","7437.58","29.38","1960144","10.66","8.21","13.09","100","23.25","1.03","11.44","29.38","21.04","52","Industrial Products","Manufacturing - General Industrial ","10.37","3"
"Gitlab","GTLB","6010.31","35.585","4164273","8.23","8.33","38.79","51.12","-14.6","25.81","17.43","51.04","19.42","148","Computer and Technology","Internet - Software","-2.49","3"
"GARRETT MOTION","GTX","5706.7","30.6","2200015","-.65","-7.8","5.01","76.31","58.12","3.14","9.51","36.23","12.47","180","Auto-Tires-Trucks","Automotive - Original Equipment","9.51","3"
"Getty Realty","GTY","2102.61","33.95","485195","-3.14","-.15","2.88","75.82","11.72","9.02","43.1","36.61","25.61","61","Finance","REIT and Equity Trust - Other","42.74","3"
"Granite Construction","GVA","5429.86","124.07","1056932","-1.16","-16.4","-12.14","46.67","-3.12","10.4","6.09","160.39","92.28","58","Construction","Building Products - Heavy Construction","-3.32","3"
"Guidewire Software","GWRE","13098.72","157.33","1284376","5.39","14.35","17.13","34.32","-29.51","22.64","21.07","261.88","102.69","148","Computer and Technology","Internet - Software","11.25","3"
"GXO Logistics","GXO","5823.76","50.62","1410308","-5.01","-1.06","-.39","25.41","-13.39","12.55","2.34","65.59","45.52","102","Transportation","Transportation - Air Freight and Cargo",".98","3"
"Hyatt Hotels","H","16156.25","171.58","841588","-10.25","-11.32","3.89","54.52","-3.61","6.81","3.72","202.09","135.01","216","Consumer Discretionary","Hotels and Motels","1.1","3"
"Haemonetics","HAE","3944.26","86.79","624843","8.61","15.69","66.14","99.06","-2.47","-1.97","17.59","87.16","47.67","157","Medical","Medical - Products","7.29","4"
"Halliburton","HAL","26568.53","31.89","12247733","-.75","-3.36","-20.79","50.67","1.64","-3.31","8.91","42.98","20.5","187","Oils-Energy","Oil and Gas - Field Services","7.16","3"
"Halozyme Therapeutics","HALO","9758.29","82.27","1727670",".97","1.84","23.88","95.19","10.1","37.55","37.29","83.44","59.02","101","Medical","Medical - Biomedical and Genetics","23.13","3"
"Happen Inc.","HAPN","2358.93","20.44","1643298","9.01","3.6","23.35","86.2","-2.8","26.92","18.67","21.58","13.32","55","Finance","Banks - Southwest","18.67","2"
"Hasbro","HAS","12901.34","91.47","2491230",".95","17.3","-3.91","58.65",".47","13.68","17.05","105.94","70.95","24","Consumer Discretionary","Toys - Games - Hobbies","15.97","2"
"HA Sustainable Infrastructure Capital, Inc.","HASI","4954.94","38.58","810625",".42",".78","-5.86","75.01","10.56","4.41","416.4","43.31","24.38","157","Finance","Financial - Miscellaneous Services","13.08","3"
"Hayward Holdings","HAYW","3283.61","15.48","3215940","6.39","-7.97","7.65","56.74","-9.76","6.71","15.74","17.31","13.08","46","Computer and Technology","Electronics - Miscellaneous Products","13.83","2"
"Huntington Bancshares","HBAN","35074.4","17.36","25852364","1.17","-2.96","8.77","55.06","-9.88","4.38","28.76","19.27","15.02","47","Finance","Banks - Midwest","16.64","3"
"HudBay Minerals","HBM","10392.99","23.4","4929865","4.32",".26","-8.24","62.87","6.17","9.39","14.94","31.87","9.06","197","Basic Materials","Mining - Miscellaneous","27.48","3"
"Horizon Bancorp IN","HBNC","1066.12","20.77","669954","2.01","4.16","14.56","100","10.3","12.8","32.27","20.77","15.01","41","Finance","Banks - Northeast","-36.38","3"
"HCA HEALTHCARE","HCA","88031.68","406.61","1817520","4.36","-2.51","-4.63","27.53","-21.56","7.08","8.72","545.13","353.99","80","Medical","Medical Services","8.77","3"
"Warrior Met Coal","HCC","4250.56","80.5","662123","-.2","-.9","-7.66","49.44","-17.77","-14.11","9.36","110.28","51.38","28","Oils-Energy","Coal","9.36","1"
"The Hackett Group","HCKT","284.89","11.31","403134","11.65","3.86","9.06","14.75","-48.11","-2.62","13.8","23.39","9.22","68","Business Services","Consulting Services","4.75","3"
"Healthcare Services Group","HCSG","1606.68","23.41","754904","2","-4.91","4.74","84.55","10.27","7.08","5.19","25.31","13.01","198","Business Services","Business - Services","6.59","1"
"Home Depot","HD","339039.59","340.02","3831130","1.17","-3.03","9.19","33.76","-11","3.24","8.7","423.42","297.51","213","Retail-Wholesale","Retail - Home Furnishings","8.41","4"
"HDFC Bank Limited","HDB","122945.7","24.1","9392340","3.79","-12.04","-.41","7.04","-40.6","-2.77","25.52","38.49","23.01","93","Finance","Banks - Foreign","15.96","4"
"Hudson Technologies","HDSN","262.09","6.23","469411","-.16","3.49","21.92","24.82","-18.09","4","6.95","10.44","4.84","164","Industrial Products","Industrial Services","5.66","3"
"Hawaiian Electric Industries","HE","2192.47","12.7","1565055","-3.93","-5.37","-8.83","31.13","-7","-4.13","4.63","17.08","10.72","175","Utilities","Utility - Electric Power","4.19","3"
"Heico","HEI","50338.79","360.44","432491",".92","-1.33","24.39","95.33",".32","16.26","16.08","365.31","260.99","61","Aerospace","Aerospace - Defense Equipment","16.08","2"
"Helen of Troy","HELE","676.17","29.03","579028","2.69","5.45","19.37","94.81","23.04","-6.36","4.21","29.86","13.88","169","Consumer Staples","Cosmetics","-22.71","3"
"Hess Midstream Partners","HESM","8405.89","40.77","901281","2.41","6.78","4.03","76.59","6.43","8.41","23.23","43.53","31.74","204","Oils-Energy","Energy and Pipeline - Master Limited Partnerships","23.23","4"
"Heritage Financial","HFWA","1236.98","30.01","447887",".7",".67","11.4","87.32","14.29","5.92","30.23","31.25","21.47","65","Finance","Financial - Savings and Loan","20.44","3"
"Hamilton Insurance Group, Ltd.","HG","3536.11","35.62","471293","-1.82","3.34","15.27","89.71","14.99","24.7","21.86","37.28","21.15","175","Finance","Insurance - Multi line","21.73","3"
"Hilton Grand Vacations","HGV","3520.13","45.29","1138345","-10.55","-11.78","-1.63","46.89","-8.85","1.33","5.4","54.69","36.99","216","Consumer Discretionary","Hotels and Motels","2.86","3"
"The Hartford Insurance Group, Inc.","HIG","38707.61","142.9","1726277","1.97","3.82","8.17","88.08","-6.6","6.91","19.57","145.68","122.36","152","Finance","Insurance - Property and Casualty","15","4"
"Huntington Ingalls Industries","HII","12843.93","325.95","541930","13.08","10.83","2.58","32.41","-13.67","8.23","5.01","453.73","264.69","98","Aerospace","Aerospace - Defense","5.01","4"
"Hims & Hers Health","HIMS","7133.53","30.82","14668594","1.92","-19.49","5.77","31.55","-14.51","59","1.37","66.18","14.52","68","Medical","Medical Info Systems","-.56","3"
"Himax Technologies","HIMX","2229.16","12.78","1647509",".43","-10.69","-38.11","33.89","40.54","-8.23","3.91","24.19","6.93","41","Computer and Technology","Electronics - Semiconductors","3.91","3"
"Highwoods Properties","HIW","3675.4","33.32","1612499","-1.54","4.19","31.13","92.18","16.23","-2.39","20.74","34.4","20.58","61","Finance","REIT and Equity Trust - Other","20.74","3"
"Hecla Mining","HL","9678.38","14.43","39219236","-5","-12.33","-30.19","33.46","-32.27","53.03","26.63","31.81","5.69","211","Basic Materials","Mining - Silver","17.41","3"
"Herbalife Ltd","HLF","1319.71","12.73","1352819","4.52","-1.09","-5.77","40.79","-11.05",".89","4.45","19.96","7.75","102","Retail-Wholesale","Retail - Pharmacies and Drug Stores","4.67","3"
"Houlihan Lokey","HLI","8665.57","125.48","1069369","-11.17","-11.91","-15.7","0","-35.12","9.55","18.28","209.19","125.48","157","Finance","Financial - Miscellaneous Services","16.1","4"
"Harmonic","HLIT","1280.26","11.8","1397203","3.96","-15.41","-8.03","39.38","7.46","-15.9","10.6","17.11","8.35","73","Computer and Technology","Communication - Components","-7.5","3"
"Hillman Solutions Corp.","HLMN","1630.5","8.31","1148428","3.23","4.53","7.64","34.32","-13.57","5.41","6.96","10.74","7.04","98","Construction","Building Products - Miscellaneous","2.57","3"
"Hamilton Lane","HLNE","5270.71","94.91","717848","8.21","15.1","7.17","24.25","-36.36","6.46","42.32","160.88","73.79","67","Finance","Financial - Investment Management","32.83","2"
"Hilton Worldwide","HLT","70746.91","314.34","2162472","-4.99","-7.39","-.38","61.61","-1.44","7.74","15.82","350.22","256.75","216","Consumer Discretionary","Hotels and Motels","12.69","3"
"Helix Energy Solutions Group","HLX","1364.76","9.26","1355474","-3.94","8.81","-7.12","73.4","33.02","-4.94","2.2","10.55","5.7","187","Oils-Energy","Oil and Gas - Field Services","1.1","4"
"Honda Motor Co.","HMC","46201.3","29.6","1100808","1.61","-.1","23.44","53.78","-9.57","1.66","-1.75","34.85","23.49","150","Auto-Tires-Trucks","Automotive - Foreign","-1.75","3"
"Hinge Health Inc.","HNGE","6008.57","77.65","1565580","3.38","-12.28","41.85","79.01","50.56","50.58","21.05","90","31.17","68","Medical","Medical Info Systems","-78.95","1"
"HNI","HNI","3396.06","47.65","624853","10.94","15.21","46.89","78.97","2.09","12.37","4.86","52.55","29.25","102","Business Services","Business - Office Products",".1","3"
"Hallador Energy","HNRG","704.13","14.94","715823","-1.78","-9.34","-22.67","12.27","-29.33","16.09","4.98","23.81","13.7","160","Oils-Energy","Alternative Energy - Other","4.98","3"
"HarleyDavidson","HOG","2664.34","25.31","2729753","2.1","-.04","-.86","58.67","11.25","-13.76","5.56","31.03","17.19","78","Auto-Tires-Trucks","Automotive - Domestic","4.78","3"
"Home BancShares","HOMB","6300.21","31.28","2005932",".97","8.84","19.16","96.55","1.41",".61","43.17","31.48","25.68","53","Finance","Banks - Southeast","32.1","3"
"Robinhood Markets","HOOD","81351.63","90.34","21114236","-5.55","-23.15","11.84","28.84","-28.06","51.58","42.01","152.46","65.16","20","Finance","Financial - Investment Bank","42.01","2"
"Hope Bancorp","HOPE","1814.03","14.19","1068484","2.68","4.88","16.89","100","16.61","-3.34","22.59","14.19","9.71","204","Finance","Banks - West","12.53","3"
"Helmerich & Payne","HP","3413.64","34.16","1013009","1.58","11.89","-11.57","71.77","7.28","35.89","-.8","41.53","15.42","202","Oils-Energy","Oil and Gas - Drilling","-9.38","3"
"Hewlett Packard","HPE","66527.98","50.24","17162224","4.25","16.43","62.75","83.74","88.38","13.84","9.1","56.15","19.81","18","Computer and Technology","Computer - Integrated Systems","3.94","3"
"HighPeak Energy","HPK","888.3","7.03","459921","3.84","8.66","17.75","51.65","33.58","-19.27","-1.35","9.97","3.89","216","Oils-Energy","Oil and Gas - Exploration and Production - United States","-18.78","2"
"Hudson Pacific Properties","HPP","785.97","14.49","643633","-.96","-10.94","27.89","56.22","20.5","-1.3","-67.89","21.48","5.51","61","Finance","REIT and Equity Trust - Other","-67.89","1"
"HP","HPQ","24801.86","27.12","15032307","2.15","20","25.15","80","9.63","3.24","5.46","29.35","18.2","29","Computer and Technology","Computer - Micro Computers","4.45","3"
"HealthEquity","HQY","8724.72","104.36","753679","5.36","8.07","27.81","96.65","2.6","9.47","27.6","105.44","73.21","80","Medical","Medical Services","17.25","2"
"Healthcare Realty Trust Incorporated","HR","7117.55","20.54","3953528","-4.6",".69","2.55","79.57","9.14","-6.92","-7.67","21.87","15.36","61","Finance","REIT and Equity Trust - Other","-7.59","2"
"H&R Block","HRB","5728.29","45.19","1887708","6.76","15.22","25.32","62.38","-6.61","4.17","17.71","55.35","28.34","63","Consumer Discretionary","Consumer Services - Miscellaneous","18.9","3"
"Herc Holdings","HRI","5480.42","163.93","593423","2.46","20.82","20.43","80.92","-.49","22.65","4.08","181.12","91.04","166","Transportation","Transportation - Equipment and Leasing","1.01","3"
"Hormel Foods","HRL","13884.45","25.23","3643235","-3.15","3.91","25.15","57.73","-4.12","1.55","6.37","29.25","19.74","234","Consumer Staples","Food - Meat Products","3.82","4"
"Harmony Biosciences","HRMY","2060.98","35.6","852774","-1.14","-3.81","17.96","66.39","-14.31","21.51","16.2","40.51","25.9","101","Medical","Medical - Biomedical and Genetics","16.2","1"
"Harrow, Inc.","HROW","1457.08","39.09","539317","4.35","-13","2.76","39.04","-28.15","36.41","3.21","54.8","29.03","147","Medical","Medical - Drugs","-5.57","3"
"Hesai Group Sponsored ADR","HSAI","2490.6","17.79","1634240","15.3","1.83","-18.39","20.99","-28.47","52.14","14.75","29.8","14.6","180","Auto-Tires-Trucks","Automotive - Original Equipment","14.75","3"
"HSBC","HSBC","370683.84","107.86","1324380","3.74","9.24","19.12","100","23.49","-7.34","38.34","107.86","61.3","93","Finance","Banks - Foreign","16.06","2"
"Henry Schein","HSIC","9854.94","86.51","1339261","2.25","-.13","25.4","93.33","3.09","4.03","4.59","88.26","62.03","74","Medical","Medical - Dental Supplies","2.95","3"
"Host Hotels & Resorts","HST","17183.62","25.09","9050925",".48","7.91","15.2","95.62","27.45","7.57","16.4","25.54","15.27","61","Finance","REIT and Equity Trust - Other","16.4","2"
"Hershey","HSY","36039.18","177.67","1829766","-1.4",".09","-6.11","20.76","-12.07","4.38","12.14","236.28","162.31","218","Consumer Staples","Food - Confectionery","12.24","3"
"Heartflow, Inc.","HTFL","2307.8","26.76","1118333","5.48","-1.29","-8.95","32.29","-17.32","39.92","-23.82","39.91","20.49","68","Medical","Medical Info Systems","-58.42","3"
"Hercules Capital","HTGC","3146.23","16.81","1513051","6.46","4.74","4.74","51.77","-19.55","7.88","62.98","19.53","13.89","169","Finance","Financial - SBIC & Commercial Industry","67.68","3"
"Hitachi","HTHIY","154118.36","33.98","786394","11.92","12.52","8.11","65.32","-1.91","9.47","7.3","38.18","26.07","175","Conglomerates","Diversified Operations","7.3","4"
"H World Group Limited Sponsored ADR","HTHT","13109.74","42.63","1480143","1.91","1.33","-10.12","47.5","-18.4","10.51","20.17","56.06","30.48","216","Consumer Discretionary","Hotels and Motels","19.22","2"
"Heartland Express","HTLD","949.25","12.25","663696","-10.52","-17.79","-3.31","56.56","22.18","-23.08","-.95","16.22","7.08","6","Transportation","Transportation - Truck","-2.98","1"
"H2O America","HTO","2556.61","61.08","507879","-3.81","-.21","6.43","79.28","12.29","6.97","13.53","65.43","44.44","102","Business Services","Waste Removal Services","12.91","4"
"Hubbell","HUBB","25154.8","476.04","595525","-4.4","-3.95","-2.88","45.64","-3.46","3.84","16.61","557.85","407.36","8","Industrial Products","Manufacturing - Electrical Utilities ","14.49","2"
"HubSpot","HUBS","12288.16","239.92","1542062","7.58","23.77","25.39","19.75","-46.15","19.17","17.07","522.97","170.28","148","Computer and Technology","Internet - Software","3.04","2"
"Humana","HUM","44970.08","374.5","1519391","-1.74","-4.67","36.55","85.79","31.69","10.11","1.43","409.42","163.67","15","Medical","Medical - HMOs",".88","3"
"Huntsman","HUN","1757.29","10.02","4158316","-14.65","-5.29","-32.48","30.7","-9.75","-5.85","-1.75","15.89","7.42","98","Basic Materials","Chemical - Diversified ","-3.05","3"
"Huron Consulting Group","HURN","2385.88","149.96","389568","28.71","49.94","29.34","62.67","-21.89","11.65","8.25","185.58","90.16","68","Business Services","Consulting Services","6.38","1"
"Hut 8 Corp.","HUT","12619.55","112.08","4269175","7.16","8","9.68","81.56","119.74","44.79","-1.96","133.02","19.45","157","Finance","Financial - Miscellaneous Services","-109.77","3"
"Hancock Whitney","HWC","6310.84","77.76","974592","3.05","3.61","14.77","94.32","9.98","-1.75","34.4","79.16","54.52","53","Finance","Banks - Southeast","21.81","3"
"Howmet Aerospace","HWM","114566.77","286.34","1942099","-.56","3.03","4.66","97.53","25.79","11.06","17.78","289.26","171","98","Aerospace","Aerospace - Defense","20.23","2"
"Hexagon AB Unsponsored ADR","HXGBY","26870.62","10.01","824796","15.46","17.76","-1.67","40.38","-23.21","4.98","20.27","12.8","8.12","152","Computer and Technology","Computers - IT Services","11.66","4"
"Hexcel","HXL","7734.77","102.28","1196037","-6.78",".97","8.64","84.23","24.66","-.48","8.39","110.28","59.55","61","Aerospace","Aerospace - Defense Equipment","7.76","3"
"Iamgold","IAG","8471.22","14.75","4832061",".27","-10.93","-22.33","44.86","-19.44","74.7","30.69","24.57","6.76","233","Basic Materials","Mining - Gold","29.49","4"
"Integra LifeSciences","IART","1390.57","17.88","1053789","-8.45","-1.65","27.99","82.01","29.66","1.53","11.57","19.85","8.9","155","Medical","Medical - Instruments","-.44","3"
"Interactive Brokers","IBKR","148855.05","87.75","4306654","-4.9","-8.58","3.34","74.07","22.89","101.04","16.37","97.41","60.16","20","Finance","Financial - Investment Bank","9.94","1"
"International Business Machines","IBM","213214.44","226.31","14373490","4.64","-24.44","1.23","16.64","-31.19","7.62","16.55","329.23","205.77","18","Computer and Technology","Computer - Integrated Systems","15.52","3"
"ICICI Bank","IBN","108547.06","30.26","7206698","1.24",".6","15.94","59.53","-8.54",".19","42.85","33.7","25.2","93","Finance","Banks - Foreign","25.6","3"
"Installed Building Products","IBP","6154.6","228.45","392113","-.04","1.2","10.79","22.08","-20.68","1","10.29","344.19","195.65","98","Construction","Building Products - Miscellaneous","8.65","2"
"ImmunityBio","IBRX","7488.58","7.15","9290498","2.29","-19.75","-11.84","54.02","225.24","668.31","-218.47","11.55","1.98","101","Medical","Medical - Biomedical and Genetics","-606.15","3"
"Intercontinental Exchange","ICE","85219.68","151.8","4247979","2.06","12.52","-3.81","44.08","-15.58","7.47","41.36","188.45","122.91","161","Finance","Securities and Exchanges","30.08","3"
"Ichor Holdings","ICHR","2797.38","80.23","1013010","2.46","-16.14","4.26","67.37","292.08","11.61","1.98","112.28","14.06","41","Computer and Technology","Electronics - Semiconductors","-3.97","4"
"ICL Group","ICL","6556.62","5.08","1132434","-1.36",".59","-21.85","13.73","-19.87","4.56","6.67","6.84","4.8","180","Basic Materials","Fertilizers","3.52","3"
"ICON","ICLR","12129.03","158.41","832176","-6.14","-7.33","33.16","63.77","-21.7","-.37","10.24","202.92","80.08","80","Medical","Medical Services","3.99","3"
"IDACORP","IDA","8317.11","143.79","470134","-2.86","-4.83","-1.11","65.22","2.33","-.75","18.78","154.55","123.61","175","Utilities","Utility - Electric Power","18.78","2"
"Industria de Diseno Textil","IDEXY","206696.36","16.58","442910","6.69","3.37","13.56","89.31","-9.5","7.85","15.6","17.14","11.9","83","Retail-Wholesale","Retail - Apparel and Shoes","15.6","4"
"IDEXX Laboratories","IDXX","44792.93","567.84","609073","2.09",".51","6.74","17.23","-24.4","10.42","24.63","766.68","526.44","155","Medical","Medical - Instruments","24.63","3"
"IDEX","IEX","17154.62","232.7","775858","3.96","3.67","8.73","98.6","17.78","5.77","17.6","233.77","157.53","52","Industrial Products","Manufacturing - General Industrial ","14.49","2"
"International Flavors & Fragrances","IFF","20572.35","80.58","1794618","5.47","-2.65","2.32","86.61","7.69","-5.17","10.11","83.83","59.55","83","Basic Materials","Chemical - Specialty","7.78","3"
"Infineon Technologies","IFNNY","92787.05","71.2","406124",".32","-19.05","-1.93","52.57","45.81","-.05","12.59","102.41","36.61","41","Computer and Technology","Electronics - Semiconductors","7.84","3"
"Insteel Industries","IIIN","602.04","31.1","310440","-3.54","4.86","15.19","44.08","-11.56","22.39","5.14","39.5","24.48","6","Basic Materials","Steel - Speciality","5.14","1"
"Innovative Industrial Properties","IIPR","1685.9","58.59","314359","-4.61","-5.29","3.72","69.74","11.42","-13.8","52.27","64.67","44.58","61","Finance","REIT and Equity Trust - Other","52.27","2"
"Illumina","ILMN","29922.16","198.16","1868367","4.59","1.97","39.05","93.92","36.08","-.66","17.63","205.1","91","101","Medical","Medical - Biomedical and Genetics","18.36","1"
"Industrial Logistics Properties Trust","ILPT","584.03","8.75","447882","-2.89",".46","13.19","85.85","42.25","1.48","-10.37","9.36","5.05","61","Finance","REIT and Equity Trust - Other","-10.37","3"
"IMAX","IMAX","2796.95","51","1662540","13.06","36.62","50.71","100","24.28","16.47","22.25","51","24.51","80","Consumer Discretionary","Film and Television Production and Distribution","9.84","3"
"Immunocore","IMCR","1649.57","32.43","578510","-3.97","1.53","12.41","37.34","-15.85","28.95","-6.68","40.22","27.79","101","Medical","Medical - Biomedical and Genetics","-6.68","3"
"Immersion","IMMR","248.27","7.48","705118","-3.3","10.32","14.55","88.79","-.93","11.24",".26","7.74","5.46","204","Computer and Technology","Computer - Peripheral Equipment",".26","3"
"Imperial Oil","IMO","61101.97","126.35","522550",".45","11.98","-2.98","78.51","31.85","-10.42","10.01","138.33","82.57","102","Oils-Energy","Oil and Gas - Integrated - Canadian","8.03","3"
"Immatics","IMTX","1209.32","9.02","385703","4.52","-9.71","-21.84","57.97","-22.63","-67.63","-572.35","11.87","5.09","101","Medical","Medical - Biomedical and Genetics","-572.35","3"
"International Money Express","IMXI","368.81","12.255","360036","-4.56","-13.51","-22.49","49.03","-28.14","-7.72","7.32","15.94","8.71","154","Business Services","Financial Transaction Services","4.34","3"
"Incyte","INCY","24005.49","118.43","1912994","-.37","2.43","18.05","79.11","7.99","21.22","31.65","129.93","74.89","101","Medical","Medical - Biomedical and Genetics","27.71","4"
"Independent Bank","INDB","4107.8","85","424369",".33",".33","10.81","91.36","4.76","19.41","32.45","87.17","62.06","41","Finance","Banks - Northeast","20.31","3"
"Indivior Pharmaceuticals Inc.","INDV","4556.23","37.37","1769896","-6.65","-6.55","-3.78","79.38","-6.19","4.29","34.91","41.83","20.2","147","Medical","Medical - Drugs","26.65","3"
"Infosys","INFY","49575.03","12.25","27254342","4.7","12.59","-.41","18.09","-38.09","4.57","16.91","20.22","10.49","152","Computer and Technology","Computers - IT Services","16.38","4"
"ING Group","ING","101104.02","35.35","2328960","5.55","7.25","17.44","100","13.71","6.46","28.15","35.35","22.71","93","Finance","Banks - Foreign","28.15","2"
"Ingram Micro Holding Corporation","INGM","6435.47","27.9","992599","-4.29","6.2","3.33","70.96","17.75","9.53","1.36","31.64","18.76","148","Business Services","Technology Services",".77","2"
"Ingredion","INGR","6332.39","100.42","649884","-1.02","1.14","-5.44","15.5","-17.97","-2.84","9.46","131.54","94.71","210","Consumer Staples","Food - Miscellaneous","9.36","4"
"Summit Hotel Properties","INN","748.8","6.91","918784",".14","5.5","27.96","94.74","27.79","-.32","-1.75","7.07","4.03","61","Finance","REIT and Equity Trust - Other","-1.75","2"
"Innodata Inc","INOD","2065.78","63.26","947946","6.48","-13.49","-39.07","33.1","11.83","47.64","13.86","121.5","34.45","90","Construction","Engineering - R and D Services","13.86","1"
"Infinity Natural Resources Inc.","INR","824.01","12.97","303846","-3.5","5.96","-18.94","22.04","-20.7","37.61","19.79","19.23","11.2","216","Oils-Energy","Oil and Gas - Exploration and Production - United States","11.05","3"
"Insmed","INSM","21339.28","98.45","2395287","-6","-11.74","-5.24","5.5","-49.05","66.73","-144.44","211.41","91.88","101","Medical","Medical - Biomedical and Genetics","-144.44","3"
"Inspire Medical Systems","INSP","1504.62","52.22","849549","2.53","5.6","20.46","11.71","-49.01","13.6","7.36","143.99","40.05","68","Medical","Medical Info Systems","15.03","3"
"International Seaways","INSW","4714.33","95.23","484360","5.01","11.69","6.15","98.31","76.66","-11.38","42.96","96.18","39.9","40","Transportation","Transportation - Shipping","55.39","1"
"Intel","INTC","459004","91","117244240","-.73","-25.53","-29.7","58.94","122.11","-.47","9.59","140.94","19.31","15","Computer and Technology","Semiconductor - General","-19.79","2"
"Inter & Co. Inc.","INTR","2484.64","5.63","3999234","1.26","-1.05","-6.17","7.85","-40.2","46.76","15.78","10.21","5.24","157","Finance","Financial - Miscellaneous Services","12.24","3"
"Intuit","INTU","87091.45","318.39","4188552","4.76","17","-19.04","11.95","-56.71","15.63","30.64","785.13","255.07","88","Computer and Technology","Computer - Software","21.91","3"
"Invitation Home","INVH","18008.1","30.49","4061177","2.9","1.57","5.43","88.41","-1.18","4.21","23.69","31.29","24.39","74","Finance","REIT and Equity Trust - Residential","23.13","2"
"Innovex International, Inc.","INVX","1945.9","28.3","336211","6.63","19.86","4.58","82","16.55","48.04","7.47","31.05","15.77","180","Oils-Energy","Oil and Gas - Mechanical and and Equipment","6.17","3"
"IonQ","IONQ","14501.54","38.85","19590638","8.16","-20.5","-31.71","22.09","-22.02","201.85","-311.67","82.09","26.59","18","Computer and Technology","Computer - Integrated Systems","174.88","3"
"Ionis Pharmaceuticals","IONS","9055.38","54.49","4732731","-2.63","-34.49","-27.71","30.12","-37.96","33.9","-46.22","86.5","40.69","147","Medical","Medical - Drugs","-64.76","3"
"Samsara Inc.","IOT","21636.03","37.13","5540273","5.07","-1.01","27.73","61.42","-5.67","29.57","20.9","45.22","24.25","148","Computer and Technology","Internet - Software","3.32","2"
"International Paper","IP","21948.48","41.45","5940143","-2.26","7.44","27.66","59.46","-5.22","26.93","-.69","49.68","29.38","215","Basic Materials","Paper and Related Products","-14.21","3"
"IPG Photonics","IPGP","3701.08","87.2","366866","-2.79","-16.71","-15.73","18.95","9.69","2.73","5.77","153.91","71.6","102","Computer and Technology","Lasers Systems and Components","2.78","3"
"IQVIA","IQV","38411.06","233.36","1479431","9.45","13.3","34.46","84.38","-6.76","5.87","12.49","247.56","156.66","155","Medical","Medical - Instruments","8.1","3"
"Ingersoll Rand","IR","34058.59","87.78","4431339","3.69","8.87","17.51","63.67","-.2","5.75","17.21","98.76","68.54","52","Industrial Products","Manufacturing - General Industrial ","12.08","3"
"Iridium Communications","IRDM","5120","48.32","1711721","5.13","-8.12","11.98","81.44","150.4","4.93","11.83","55.72","15.84","193","Computer and Technology","Satellite and Communication","10.55","3"
"IREN Limited","IREN","14205.8","39.75","47039756","9.53","-9.47","-27.92","39.91","-5.21","165.43","-42.78","76.41","15.4","157","Finance","Financial - Miscellaneous Services","20.9","3"
"Iron Mountain","IRM","36916.86","124.08","2073753","-2.29","6.62","-4.52","83.43","34.72","12.23","9.16","133.06","78.86","43","Business Services","Business - Information Services","3.76","3"
"Independence Realty Trust","IRT","3951.1","16.76","2479096","2.07","-2.27","1.88","59.7","-13.64","2.76","6.52","18.11","14.76","74","Finance","REIT and Equity Trust - Residential","6.52","3"
"IRHYTHM HLDGS","IRTC","4096.63","124.66","536389","11.15","-1.09","6.69","26.15","-36.72","26.24","-1.76","189.25","101.79","68","Medical","Medical Info Systems","-3.53","3"
"Intuitive Surgical","ISRG","132624.11","375.41","4064928","5.21","-13.27","-10.63","16.64","-40.3","20.51","33.39","592.85","332.02","155","Medical","Medical - Instruments","28.45","3"
"Gartner","IT","10145.22","151.53","1334819","2.77","12.15","-1.48","12.12","-45.9","3.13","15.41","338.65","125.73","68","Business Services","Consulting Services","11.44","4"
"Integer Holdings","ITGR","4225.68","124.45","1151125","25.2","33.24","46.67","100","42.91","7.98","11.98","124.45","63.32","155","Medical","Medical - Instruments","6.97","3"
"Itron","ITRI","4420.27","100.95","1075750","19.07","16.38","23.55","38.12","-2.09","-3.02","14.05","138.18","78.02","21","Computer and Technology","Electronics - Testing Equipment","11.9","3"
"ITT","ITT","17740.54","198.44","920561",".32","4.4","-4.06","59.67","3.01","8.48","13.97","221.69","164.04","175","Conglomerates","Diversified Operations","10.8","4"
"Itau Unibanco","ITUB","94038.01","8.49","18825132","1.43","2.41","3.79","68.99","6.8","-51.69","25.14","9.57","6.09","93","Finance","Banks - Foreign","27.27","3"
"Illinois Tool Works","ITW","82998.57","288.49","1565442","1.29","5.18","14.44","81.02","5.49",".92","19.39","299.6","241.07","52","Industrial Products","Manufacturing - General Industrial ","19.39","3"
"Invesco Mortgage Capital","IVR","685.96","7.39","2824838","-.67","-6.1","-9.77","9.82","-20.86","3.05","191.2","9.41","7.17","157","Finance","REIT and Equity Trust","38.01","3"
"InvenTrust Properties","IVT","2718.4","34.88","598904","-3.94","-1.22","11.4","81.01","11.36","9.2","4.8","36.73","26.99","61","Finance","REIT and Equity Trust - Other","4.8","3"
"Invesco","IVZ","13702.3","30.91","5135706","2.66","11.07","10.43","100","5.97","5.11","27.43","30.91","20.45","67","Finance","Financial - Investment Management","-.93","1"
"JACOBS SOLUTNS","J","16380.18","138.72","860922","2.58","7.55","18.54","55.01","-5.68","4.6","6.01","164.44","107.27","98","Construction","Building Products - Miscellaneous","2.92","2"
"Jack In The Box","JACK","324.25","17","799408","8.49","7.46","26.87","53.84","-19.2","-6.75","4.71","23.52","9.4","163","Retail-Wholesale","Retail - Restaurants","2.82","3"
"Jazz Pharmaceuticals","JAZZ","15803.66","251.58","729792","-1.51","3.03","12.51","95.54","33.29","4.88","37.76","258.38","105.93","101","Medical","Medical - Biomedical and Genetics","20.45","3"
"J.B. Hunt Transport Services","JBHT","25066.83","266.91","1120010","-5","-3.9","10.87","81.22","23.7","-.73","5.31","298.41","130.65","6","Transportation","Transportation - Truck","5.31","1"
"Janus International Group","JBI","752.61","5.42","1088290",".93","2.46","6.69","11.45","-25.36","-8.26","7.6","10.68","4.74","98","Construction","Building Products - Miscellaneous","4.82","3"
"Jabil","JBL","33363.16","318.39","1101029","2.22","-5.86","-12.83","65.19","25.76","3.18","3.85","385.63","192.49","5","Computer and Technology","Electronics - Manufacturing Services","2.57","1"
"JetBlue Airways","JBLU","2350.66","6.23","38318428","14.73","2.81","25.6","90.54","23.32","-2.34","-9.41","6.46","4.03","150","Transportation","Transportation - Airline","-9.32","3"
"JBS N.V.","JBS","10678.24","13.76","4740441","1.55","13.44","-11.74","31.47","-14.06","11.66","2.04","18.42","11.62","210","Consumer Staples","Food - Miscellaneous","1.98","3"
"JBT Marel Corporation","JBTM","7406.65","142.25","448887",".52","-3.92","7.86","50.48","-14.97","121.34","9.94","168.55","115.44","148","Business Services","Technology Services","4.89","3"
"Jefferson Capital, Inc.","JCAP","1271.7","20.64","306219","1.03","11.27","6.78","65.22","-16.79","41.53","26.89","23.37","15.52","157","Finance","Financial - Miscellaneous Services","25.42","3"
"Johnson Controls International","JCI","88674.49","146.39","3494090","2.09","2.57","3.25","95.93","10.1","2.81","11.77","148.21","103.52","58","Construction","Building Products - Wood","14.32","1"
"JD.com","JD","41217.53","33.02","7897965","6.69","23.3","8.16","71.31","3.62","17.91","1.63","36.17","25.19","179","Retail-Wholesale","Internet - Commerce","1.04","3"
"Jefferies Financial Group","JEF","10789.53","55.69","1792669","-.98","1.55","6.22","57.28","-19.06","53.86","11.73","70.36","36.02","157","Finance","Financial - Miscellaneous Services","7.58","3"
"James Hardie Industries","JHX","16057.92","27.67","7158297","3.79","8","35.5","84.66","20.1","24.71","12.32","29.66","16.69","98","Construction","Building Products - Miscellaneous","2.15","3"
"Jack Henry & Associates","JKHY","11121.58","156.53","1133654","2.32","6.93","8.97","47.86","-22.74","7.21","20.64","192.6","123.42","152","Computer and Technology","Computers - IT Services","20.64","2"
"JinkoSolar","JKS","824.31","15.74","667295","3.21","-1.44","-39.02","7.25","-45.07","-25.9","-4.1","30.58","14.58","65","Oils-Energy","Solar","-5.62","3"
"Jones Lang LaSalle","JLL","16841.58","366.06","402288","9.88","10.97","13.37","100","-2.01","11.45","3.82","366.06","265.35","93","Finance","Real Estate - Operations","3.64","2"
"Johnson & Johnson","JNJ","613102.25","254.41","8174681","-4.34","-1.9","14.89","87.48","10.72","6.05","27.07","267.24","164.74","230","Medical","Large Cap Pharmaceuticals","21.48","2"
"JPMorgan Chase & Co.","JPM","944902.88","352.64","9257107","-1","4.42","17.55","93.73","-1.43",".52","31.54","357.31","282.84","20","Finance","Financial - Investment Bank","21.86","1"
"KB Financial Group","KB","42601.55","120.11","314636","1.6","5.44","10.21","93.14","25.73","-13.69","31.57","123.25","77.5","93","Finance","Banks - Foreign","17.36","1"
"Kayne Anderson BDC, Inc.","KBDC","907.01","13.67","304893",".44",".29","-6.37","20.62","-14.02","10.66","49.37","15.71","13.14","169","Finance","Financial - SBIC & Commercial Industry","37.3","3"
"KB Home","KBH","3450.51","56.28","1074581","-2.33","-5.85","17.57","49.02","-10.14","-10.01","5.38","67.97","45.04","169","Construction","Building Products - Home Builders","4.94","3"
"KBR","KBR","4675.85","37.09","1783453",".73","-.91","14.23","32.62","-16.9",".57","6.55","51.61","30.06","90","Construction","Engineering - R and D Services","5.49","3"
"Kingsoft Cloud","KC","3595.22","11.9","1613525","19.84","30.34","-27.22","34.48","3.65","28.16","-5.82","18.21","8.58","148","Computer and Technology","Internet - Software","-9.38","3"
"Kyndryl Holdings, Inc.","KD","3069.6","13.92","3903620","9.09","13.35","17.97","12.25","-52.8",".23","2.26","37.77","10.59","148","Business Services","Technology Services","1.31","3"
"Keurig Dr Pepper","KDP","42054.89","30.91","12191420","2.62","-2.65","7.66","56.67","-.61","8.16","16.28","35.2","25.3","68","Consumer Staples","Beverages - Soft drinks","10.81","3"
"Kelly Services","KELYA","520.39","15.01","350113","-4.52","15.82","53.95","85.87","53.63","-1.87",".8","16.15","8.08","102","Business Services","Staffing Firms","-6.44","3"
"Kirby","KEX","6983.35","130.53","639652","-10.03","-1.84","-10.65","69.63","6.7","3.01","10.18","152.59","79.95","40","Transportation","Transportation - Shipping","10.18","2"
"KeyCorp","KEY","24620.4","22.81","10765017","1.33","-2.65","7.04","83.63","-.46","21.57","25.35","23.99","16.78","24","Finance","Banks - Major Regional","17.83","3"
"Keysight Technologies","KEYS","55009.51","321.89","1253701","2.62",".68","-12.14","76.05","42.68","7.95","24.66","373.34","158.51","18","Computer and Technology","Electronics - Measuring Instruments","17.25","2"
"KornFerry International","KFY","4214.01","82.86","415753","2.08","16.54","24.47","92.72","13.04","6.43","9.66","84.69","59.54","102","Business Services","Staffing Firms","9.44","2"
"Kodiak Gas Services, Inc.","KGS","5154.05","58.06","1751209",".55","-12.34","-23.12","59.51","39.82","12.83","12.35","76.27","31.3","180","Oils-Energy","Oil and Gas - Mechanical and and Equipment","5.13","3"
"Kraft Heinz Company","KHC","31328.25","26.42","12851714",".76","6.45","13.59","76.06","-1.87","-3.5","12.11","28.06","21.21","210","Consumer Staples","Food - Miscellaneous","-23.05","2"
"Kimco Realty","KIM","17136.25","25.41","4160260","-3.68","1.44","8.27","85.3","12.9","5.06","28.54","26.38","19.78","88","Finance","REIT and Equity Trust - Retail","28.54","2"
"KKR & Co.","KKR","95677.34","106.56","3846400","4.85","11.03","7.14","34.65","-24.71","-11.04","82.52","149.34","83.88","67","Finance","Financial - Investment Management","14.41","3"
"KLA","KLAC","238721.78","182.75","12474805","-10.14","-21.67","-.96","45.26","35.46","11.71","36.52","301.71","84.39","46","Computer and Technology","Electronics - Miscellaneous Products","35.57","1"
"Klarna Group plc","KLAR","7474.66","19.8","3635098","7.08","-.4","37.6","22.44","-38.32","24.83","-5.21","45.82","12.27","154","Business Services","Financial Transaction Services","-5.21","3"
"KinderCare Learning Companies, Inc.","KLC","640.7","5.41","476385","6.29","9.74","46.61","44.57","12.79","2.64","2.31","9.85","1.84","83","Consumer Discretionary","Schools","-15.48","3"
"Kulicke and Soffa Industries","KLIC","4718.33","90.16","1009304","-8.21","-24.62","-13.54","57.08","78.24","-7.38","10.92","133.81","32.11","15","Computer and Technology","Electronics - Manufacturing Machinery","7.16","3"
"KimberlyClark","KMB","35703.5","107.56","3698453","-3.48","-4.82","12.33","33.19","-3.98","-18","14.8","136.77","93.05","199","Consumer Staples","Consumer Products - Staples","12.8","3"
"Kinder Morgan","KMI","69921.59","31.4","9612927","-1.1","-.92","-2.64","65.64","2.88","12.17","18.92","34.31","25.84","187","Oils-Energy","Oil and Gas - Production and Pipelines","19.31","2"
"Kestra Medical Technologies, Ltd.","KMTS","1405.89","23.99","394497","5.13","-13.95","9.89","70.33","-18.53","59.03","-135.11","28.01","14.46","157","Medical","Medical - Products","-138.36","3"
"CarMax","KMX","8291.87","58.43","2769859",".05","16.37","49.51","88.05","36.19","-1.79","1.53","62.17","30.88","48","Retail-Wholesale","Automotive - Retail and Wholesale - Parts",".84","2"
"Knowles","KN","3201.18","37.48","1026253",".32","1.93","3.36","77.15","57.52","7.17","17.75","42.8","19.52","73","Computer and Technology","Communication - Components","10.63","2"
"Knife River Corporation","KNF","4474.47","78.84","439202",".38","-7.3","-7.98","54.59",".94","8.52","4.58","94.57","59.93","98","Construction","Building Products - Miscellaneous","4.58","3"
"Kiniksa Pharmaceuticals International, plc","KNSA","5648.02","73.41","801728","15.54","16.95","25.77","85.18","60.29","60.09","9.59","80.92","30.26","101","Medical","Medical - Biomedical and Genetics","9.59","3"
"Kinsale Capital Group","KNSL","8210.26","360.44","321705","-.31","3.8","20.26","37.21","-17","18.04","25.04","478.99","290.2","152","Finance","Insurance - Property and Casualty","28.49","3"
"KINETIK HLDGS","KNTK","8018.96","49.39","861069","1.15","4.09","2.81","88.42","23.4","18.98","29.28","51.71","31.68","187","Oils-Energy","Oil and Gas - Field Services","28.58","3"
"KnightSwift Transportation","KNX","11117.84","68.42","4392771","-3.27","-8.54","10.5","67.75","17.87",".8","2.75","82.45","38.94","6","Transportation","Transportation - Truck",".56","2"
"Coca-Cola","KO","373719.41","86.86","17552266","3.32","4.7","10.43","90.52","11.9","1.87","27.84","89.08","65.67","68","Consumer Staples","Beverages - Soft drinks","28.56","2"
"The Kroger Co.","KR","35668.32","58.22","7498441",".41","-.05","-10.15","13.4","-16.07",".35","2.14","75.6","55.53","227","Retail-Wholesale","Retail - Supermarkets",".71","3"
"Kilroy Realty","KRC","4536.05","39","1311939","-1.04","-.86","13.84","67.46","-6.01","-2.02","15.47","44.44","27.72","61","Finance","REIT and Equity Trust - Other","15.47","3"
"KKR Real Estate Finance Trust","KREF","423.52","7.23","1225562","-1.23","2.7","11.75","33.83","-20.78","-22.85","-11.33","9.87","5.88","157","Finance","REIT and Equity Trust","-47.33","2"
"Kite Realty Group Trust","KRG","5611.72","28.01","2561119","-4.99","-1.65","5.02","79.53","5.25",".3","41.8","29.83","20.94","88","Finance","REIT and Equity Trust - Retail","41.8","3"
"Karman Holdings Inc.","KRMN","6684.63","50.44","3667157","-.26","-5.47","-14.25","7.95","-37.91","36.57","10.86","115.29","44.84","61","Aerospace","Aerospace - Defense Equipment","5.73","3"
"Kearny Financial","KRNY","627.97","9.7","516021","2.65","3.08","22.63","100","17.9","1.05","20.93","9.7","5.85","65","Finance","Financial - Savings and Loan","10.45","3"
"Kronos Worldwide","KRO","707.58","6.15","385267",".33","5.31","-16.44","51.27","25.32","-1.47","-6.28","7.88","4.33","98","Basic Materials","Chemical - Diversified ","-7.12","2"
"Kura Sushi USA","KRUS","580.16","47.75","324790","1.81","-14.9","-14.61","11.15","-17.82","18.88","-.13","88.19","42.67","163","Retail-Wholesale","Retail - Restaurants","-.65","3"
"Krystal Biotech","KRYS","9214.49","312.57","643684","-11.16","-16.58","-.1","73.04","14.19","33.94","54.82","378.15","134.94","101","Medical","Medical - Biomedical and Genetics","54.82","3"
"Joint Stock Company Kaspi.kz Sponsored ADR","KSPI","17482.51","92","319823","6.38","2.01","7.18","80.22","6.06","59.58","24.89","97.71","68.84","154","Business Services","Financial Transaction Services","24.89","3"
"Kohl's","KSS","2279.34","20.1","3286322","8.71","18.93","53.55","67.02","-11.3","-4.28","1.2","24.71","10.73","102","Retail-Wholesale","Retail - Regional Department Stores","1.76","3"
"KT","KT","8862.71","18.38","1450406","-1.87","4.2","-12.81","15.39","-12.74","2.63","5.51","24.54","17.26","80","Computer and Technology","Wireless Non-US ","5.51","2"
"Kontoor Brands","KTB","4679.36","84.66","669845","-1.31","-2.86","23.54","89.47","24.82","20.9","9.97","88.17","54.83","169","Consumer Discretionary","Textile - Apparel","8.3","3"
"Kratos Defense & Security Solutions","KTOS","9227.86","49.21","3445504","-.49","-8.09","-13.65","6.14","-41.61","18.53","7.1","130.72","43.88","61","Aerospace","Aerospace - Defense Equipment","2.08","4"
"Kura Oncology","KURA","815.84","9.19","1375796","-9.46","-16.76","-3.36","55.3","-20.34","25.24","-411.19","12.14","5.54","101","Medical","Medical - Biomedical and Genetics","-411.19","3"
"Kenvue Inc.","KVUE","36499.36","19.01","19434172","-2.41","-2.81","10.72","60.72","-.74","-2.14","14.54","22.18","14.11","199","Consumer Staples","Consumer Products - Staples","10.61","3"
"Klaviyo, Inc.","KVYO","5416.96","18.1","4259238","2.09","6.47","16.62","22.72","-49.79","31.63","17.45","35.92","12.86","148","Computer and Technology","Internet - Software","-.66","3"
"Kyivstar Group Ltd.","KYIV","3158.22","13.68","471245",".18","-15.24","-1.72","63.6","-5.08","25.9","25.39","16.17","9.33","102","Utilities","Wireline Non-US","12.73","2"
"Kymera Therapeutics","KYMR","8251.26","100.31","595453","-8.85","-12.59","19.27","76.69","16.11","-16.7","-604.46","119.35","37.68","101","Medical","Medical - Biomedical and Genetics","-611.94","3"
"Lithia Motors","LAD","8618.55","377.91","381297","9.39","22.29","31.83","73.13","2.42","3.86","2.1","427.48","243","193","Retail-Wholesale","Automotive - Retail and Whole Sales","1.88","3"
"Ladder Capital Corp","LADR","1225.52","9.66","1190715","-.72","-.92","-4.36","5.29","-20.83","-23","50.44","11.81","9.54","157","Finance","REIT and Equity Trust","12.62","4"
"Lamar Advertising","LAMR","15993.51","157.61","622205","-2.1","-.25","3.51","86.38","12.15","2.68","24.01","164.33","114.98","61","Finance","REIT and Equity Trust - Other","24.01","3"
"Gladstone Land","LAND","347.68","8.06","592161","-5.18","-5.73","-14.62","0","-20.66","3.66","-6.68","12.5","8.06","61","Finance","REIT and Equity Trust - Other","-6.68","3"
"nLight","LASR","3954.81","70.11","1093862","3.44","7.37","-17.47","77.27","68.34","31.62","9.26","84.95","19.67","41","Computer and Technology","Electronics - Semiconductors","-5.08","3"
"Laureate Education","LAUR","5267.38","37.63","1092463",".4","-4.95","15.08","84.15",".66","8.64","14.46","40.46","22.6","83","Consumer Discretionary","Schools","17.57","2"
"LIBERTY ENERGY","LBRT","3097.37","18.98","5544509","12.57","-18.51","-43.16","37.47","-7.4","-7.16",".55","33.93","10.02","187","Oils-Energy","Oil and Gas - Field Services","2.92","3"
"Liberty Global Ltd","LBTYA","3711.03","10.88","2514721","10.68",".09","-9.78","35.63","-12.04","12.36","-62.12","13.03","9.69","229","Utilities","Diversified Communication Services","-62.12","4"
"LCI Industries","LCII","2513.52","103.5","399100","-.02","-.91","-8.52","25.88","-23.18","10.18","4.63","157.13","84.77","180","Auto-Tires-Trucks","Automotive - Original Equipment","4.84","3"
"Leidos","LDOS","14933.25","118.72","1373123","3.28","9.2","-7.02","18.81","-40.73","3.07","9.06","199.55","100","152","Computer and Technology","Computers - IT Services","8.15","3"
"Lear","LEA","6170.04","125.09","664657","-13.73","-6.43","-8.95","57.69","-1.69","-.2","3.15","148.68","92.93","180","Auto-Tires-Trucks","Automotive - Original Equipment","2.35","2"
"Lincoln Electric","LECO","14596.1","267.79","389978","4.26","1.85","-1.27","60.26",".65","5.6","13.02","298.88","220.64","193","Industrial Products","Manufacturing - Tools & Related Products","12.35","2"
"Leggett & Platt","LEG","1366.98","10.01","2073668","-8.75","-15.17","3.73","40.13","-18.04","-7.49","3.11","12.89","8.08","33","Consumer Discretionary","Furniture","5.69","2"
"Legend Biotech","LEGN","3530.91","19.01","2670684","-1.35","-32.2","-25.68","10.53","-21.24","64.04","-21.98","39.07","16.65","101","Medical","Medical - Biomedical and Genetics","-21.98","3"
"Centrus Energy","LEU","3634.75","184.76","848276","4.99","6.04","-13.35","13.18","-31.45","1.52","16.38","436","146.61","187","Basic Materials","Mining - Non Ferrous","13.4","4"
"Levi Strauss & Co.","LEVI","9475.02","24.62","3137378","-3.56","-.24","12.68","88.06","6.92","-1.15","8.7","25.53","17.91","83","Retail-Wholesale","Retail - Apparel and Shoes","9.66","3"
"LifeStance Health Group","LFST","4087.77","10.54","2902169","-3.13","-4.09","37.42","86.65","34.84","13.85","1.55","11.58","3.79","102","Medical","Medical - Outpatient and Home Healthcare","1.55","3"
"Littelfuse","LFUS","11307.52","445.2","439212","10.47","5.49","-4.43","82.73","58.54","8.92","12.73","489.1","234.94","54","Computer and Technology","Electronics - Miscellaneous Components","-.31","1"
"Labcorp Holdings Inc.","LH","25208.44","307.42","807132","2.08","8.1","20.52","88.23","10.36","7.25","10.11","315.53","246.64","80","Medical","Medical Services","6.99","2"
"L3Harris Technologies","LHX","51741.59","277.86","1515890","-8.44","-7.77","-8.1","7.48","-14.75","2.53","9.41","378.48","269.72","98","Aerospace","Aerospace - Defense","8.17","3"
"Li Auto","LI","14056.8","13.12","3851472","3.96","9.15","-30.47","9.23","-30.2","-18.85","-1.72","26.69","11.74","150","Auto-Tires-Trucks","Automotive - Foreign","-1.72","3"
"Life360, Inc.","LIF","4562.89","56.31","553074","4.61","-.74","30.11","25.02","-20.93","31.76","11.47","110.89","38.1","96","Industrial Products","Security and Safety Services","28.21","3"
"Lennox International","LII","15033.89","435","557939","-20.53","-23.42","-16.58","9.68","-19.32","-2.73","14.86","613.47","415.88","31","Construction","Building Products - Air Conditioner and Heating","14.61","3"
"Liberty Latin America","LILA","1693.77","8.41","586236","7.96","11.69","9.08","88.7","2.5","-.33","-11.2","8.87","4.8","102","Computer and Technology","Wireless National","-11.2","3"
"Linde PLC","LIN","221482.53","480.46","2106883","-5.24","-11.11","-4.75","57.92","1.49","2.97","22.75","546.64","389.38","83","Basic Materials","Chemical - Specialty","20.43","3"
"Lincoln Educational Services","LINC","1368.75","43.15","584268","6.28","-20.26","-12.83","66.92","60.93","17.76","5.36","55.68","17.8","83","Consumer Discretionary","Schools","4.11","3"
"Lindblad Expeditions","LIND","2171.72","33.12","820728","17.91","29.98","70.02","100","106.87","19.59",".16","33.12","11.45","83","Consumer Discretionary","Leisure and Recreation Services","-2.08","1"
"Lineage, Inc.","LINE","9535","41.88","1008494","-1.57","-3.7","6.51","75.79","7.77",".28","-2.72","45.1","31.8","61","Finance","REIT and Equity Trust - Other","-2.72","3"
"Lionsgate Studios Corp.","LION","3938.78","13.24","2463131","-.23","-7.99","8.26","70.27","30.61","-17.64","-1.12","16.4","5.77","169","Consumer Discretionary","Media Conglomerates","-7.54","4"
"Lumentum","LITE","60675.45","779.89","4340947","9.54","6.65","-25.94","71.13","90.57","21.03","20.87","1053.09","106.68","73","Computer and Technology","Communication - Components","17.61","2"
"LivaNova","LIVN","4529.82","82.46","563514","2.33","-1.87","17.65","96.34","20.7","10.75","15.43","84.03","41.13","155","Medical","Medical - Instruments","7.48","2"
"Luckin Coffee","LKNCY","10637.01","37.09","1532905","17.63","18.84","10.72","61.33","-.28","48.92","8.16","43.03","27.67","68","Consumer Staples","Beverages - Soft drinks","6.78","2"
"Eli Lilly","LLY","1056031.13","1121.36","2381936","-6.36","-6.56","15.96","81.28","-6.02","44.7","36.58","1235.56","625.65","230","Medical","Large Cap Pharmaceuticals","34.98","3"
"Lemonade","LMND","4075.34","53.05","1670689","-14.42","-32.59","-3.63","27.67","-32.87","40.15","-14.2","96.57","36.4","175","Finance","Insurance - Multi line","-14.2","3"
"Lockheed Martin","LMT","135310.31","586.29","1215239","1.08","8.98","14.45","64.64","9.18","5.64","8.65","676.7","420.98","98","Aerospace","Aerospace - Defense","8.16","3"
"Lincoln National","LNC","8823.81","46.09","2184569","11.87","20.06","32.56","97.33","-6.78","-1.25","8.69","46.46","32.59","192","Finance","Insurance - Life Insurance","12.21","3"
"Cheniere Energy","LNG","54081.14","258.08","1795407",".86","4.87","7.22","64.07","19.58","27.21","21.1","296.91","188.83","216","Oils-Energy","Oil and Gas - Exploration and Production - United States","7.23","3"
"Alliant Energy","LNT","18479.22","71.27","2464441","-3.6","-6.93","-1.66","53.09","-1.26","9.57","18.65","78.03","63.62","175","Utilities","Utility - Electric Power","18.45","2"
"Loar Holdings Inc.","LOAR","6737.22","71.96","624575",".32","-11.48","17.54","64.69","-4.69","23.2","21","81.9","53.75","61","Aerospace","Aerospace - Defense Equipment","12.64","3"
"Logitech International","LOGI","15407.96","105.11","1313577","-2.51","7.88","-1.67","47.17","-5.54","6.28","19.05","126.69","85.84","204","Computer and Technology","Computer - Peripheral Equipment","16.28","3"
"Loma Negra Compania Industrial Argentina","LOMA","1331.51","11.41","345320","-1.81","-3.31","4.2","71.45","-20.64","-9.74","4.38","13.12","7.13","169","Construction","Building Products - Home Builders","4.38","3"
"Grand Canyon Education","LOPE","3932.69","150.88","384344","4.16","-1.66","-6.84","16.89","-18.29","7.07","23.01","220.55","136.72","83","Consumer Discretionary","Schools","19.63","3"
"Lowe's Companies","LOW","118903.55","212.06","3138938",".24","-5.24","-6.19","11.86","-20.8","3.12","7.87","287.39","201.92","213","Retail-Wholesale","Retail - Home Furnishings","7.51","4"
"LPL Financial","LPLA","28821.83","360.35","724936","8.63","18.24","24.67","72.76","-9.13","37.18","9.05","395.73","265.86","20","Finance","Financial - Investment Bank","5.13","3"
"LightPath Technologies","LPTH","701.99","11.18","2798561","2.38","-20.71","-12.76","54.12","-6.76","17.26","-12.64","18.15","2.96","54","Computer and Technology","Electronics - Miscellaneous Components","-37.38","3"
"Liquidia Corporation","LQDA","7456.62","83.85","1391106","-.68","5.86","57.82","92.74","118.96","1031.18","7.74","89.03","17.68","101","Medical","Medical - Biomedical and Genetics","7.74","1"
"Lam Research","LRCX","368430.72","294.61","11573084","1.03","-15.87","-.49","59.02","55.01","26.02","31.57","433.33","94.84","41","Computer and Technology","Electronics - Semiconductors","31.27","1"
"Stride","LRN","3406.24","80.1","888131","-11.08","-11.28","-8.29","17.54","11.11","17.9","15.4","169.81","61.02","83","Consumer Discretionary","Schools","12.15","3"
"Lattice Semiconductor","LSCC","17424.66","127.18","1738132","3.47","-7.38","-1.38","73.63","55.68","2.72","29.87","155.27","48.73","41","Computer and Technology","Electronics - Semiconductors","3.46","2"
"Lightspeed POS","LSPD","1415.06","10.27","854502","-.39","-3.39","10.31","37.47","-23.43","13.95","5.73","13.44","8.37","148","Computer and Technology","Internet - Software","-7.81","4"
"Landstar System","LSTR","5998.69","176.76","541315","-7.76","-13.18","-1.21","53.57","10.79","-1.57","3.47","225.37","120.68","6","Transportation","Transportation - Truck","2.64","1"
"LTC Properties","LTC","1991.47","38.91","608628","-7.22",".36","1.17","55.83","1.93","25.26","108.56","42.81","33.98","61","Finance","REIT and Equity Trust - Other","38.99","3"
"Life Time Group Holdings","LTH","9870.31","44.17","2651454",".94","7.39","36.58","92.75","49.67","14.28","11.86","45.7","24.59","83","Consumer Discretionary","Leisure and Recreation Services","13.07","1"
"LATAM Airlines Group","LTM","15650.26","54.51","723358","4.21","-5.1","9.72","48.1","-9.1","12.95","11.03","68.46","41.58","150","Transportation","Transportation - Airline","11.03","2"
"Lantronix","LTRX","248.95","5.66","751964","3.66",".89","-9.44","49.82","-13.01","-23.33","4.19","8.45","2.89","199","Computer and Technology","Computer - Networking","-5.52","3"
"Lumen Technologies","LUMN","6645.51","6.45","10443063","3.04","-.46","-22.66","33.83","-25.23","-5.39","-3.83","11.83","3.7","229","Utilities","Diversified Communication Services","-14.34","3"
"Intuitive Machines, Inc.","LUNR","2842.98","13.1","8911588","-1.58","-30.65","-59.59","13.41","-27.3","-7.87","-15","45.7","8.05","98","Aerospace","Aerospace - Defense","-32.69","3"
"Southwest Airlines","LUV","23027.03","47.07","5637797","3.72","-7.36","17.7","69.97","2.58","2.11","3.49","54.8","29.06","150","Transportation","Transportation - Airline","2.78","2"
"Lamb Weston","LW","7285.23","52.99","2021166","-.23","14.97","31.36","51.65","13.93","2.5","6.35","66.57","38.48","210","Consumer Staples","Food - Miscellaneous","4.39","3"
"Luxfer","LXFR","458.65","17.14","398810",".12","-1.21","10.51","74.81","14.1","-1.86","8.48","19.08","11.38","52","Industrial Products","Manufacturing - General Industrial ","2.2","3"
"LXP Industrial Trust","LXP","3562.79","60.43","846950","-.38","8.61","16.64","96.79","9.78","-2.3","18.66","61.15","38.75","74","Finance","REIT and Equity Trust - Residential","18.66","2"
"Lsb Industries","LXU","707.02","9.82","782573","-14.31","-8.82","-34.09","27.37","4.05","17.77","5.58","16.88","7.16","98","Basic Materials","Chemical - Diversified ","5.58","3"
"LyondellBasell Industries","LYB","19582.56","60.62","5046421","3.41","14.44","-17.56","45.74","26.09","-25.18","5.79","82.38","42.28","98","Basic Materials","Chemical - Diversified ","-1.13","3"
"Lloyds Banking Group","LYG","91190.17","6.26","16292754","2.12","1.46","16.79","100","6.38","-41.55","24.97","6.26","4.22","93","Finance","Banks - Foreign","24.97","3"
"Live Nation Entertainment","LYV","42812.32","181.69","2053135","1.28","-.87","11.47","91.96","14.84","8.83","1.69","186.59","125.61","80","Consumer Discretionary","Film and Television Production and Distribution",".34","3"
"LegalZoom.com","LZ","1416.09","8.25","2458374","9.13","17.19","35.25","48.6","-25.17","10.88","14.43","11.18","5.48","164","Industrial Products","Industrial Services","1.46","2"
"LaZBoy","LZB","1640.46","41","372577","1.54","4.06","15.69","93.21","-.92",".83","5.91","41.85","29.34","33","Consumer Discretionary","Furniture","4.8","3"
"Macy's","M","6825.83","25.95","4838887","3.97","9.59","38.84","99.93","6","-1.67","2.89","25.96","11.9","102","Retail-Wholesale","Retail - Regional Department Stores","2.94","2"
"Mastercard","MA","504499.84","570.97","3051308","3.49","7.1","14.7","78.03","-9.92","16.42","47.87","598.96","471.55","154","Business Services","Financial Transaction Services","46.34","3"
"MidAmerica Apartment Communities","MAA","15485.45","133.47","1172159",".01","-5.19","2.89","51.09","-13.46",".83","18.17","145.82","120.57","74","Finance","REIT and Equity Trust - Residential","18.17","3"
"The Macerich Company","MAC","7335.68","25.87","2225388","-1","2.33","19.55","93.83","26.22","10.43","-17.75","26.51","16.14","88","Finance","REIT and Equity Trust - Retail","-18.22","3"
"Main Street Capital","MAIN","5184.18","55.75","598841","3.62","6.62","6.6","34.17","-16.85","4.69","62.75","67.54","49.63","169","Finance","Financial - SBIC & Commercial Industry","74.86","3"
"Mama's Creations, Inc.","MAMA","773.39","18.89","610862","6.42","1.29","40.65","86.11","26.12","39.23","3.63","20.65","7.98","210","Consumer Staples","Food - Miscellaneous","3.21","4"
"ManpowerGroup","MAN","2516.05","54.1","1646879",".8","40.74","86.87","94.15","63.9",".58",".82","55.86","25.75","102","Business Services","Staffing Firms",".56","3"
"Manhattan Associates","MANH","10917.02","187.24","926433","17.55","21.74","35.95","66.82","-2.69","3.75","27.72","220.19","120.88","88","Computer and Technology","Computer - Software","18.67","2"
"Marriott International","MAR","91455.13","346.83","1519721","-9.46","-8.67","-1.84","62.15",".69","4.33","10.92","402.54","255.35","216","Consumer Discretionary","Hotels and Motels","9.62","3"
"Marathon Digital","MARA","4479.93","11.75","49685296","-.17","-9.27","-12.25","31.16","17.85","38.2","-104.93","22.84","6.73","157","Finance","Financial - Miscellaneous Services","-234.83","3"
"Masco","MAS","14735.82","74.73","2823177","-7.92","-7.79","5.86","66.74","6.06","-3.4","11.94","82.77","58.6","98","Construction","Building Products - Miscellaneous","11.61","3"
"Mattel","MAT","4324.13","14.88","4944934",".54","14.02","-.73","20.09","-32.45","-.59","7.61","22.16","13.05","24","Consumer Discretionary","Toys - Games - Hobbies","9.27","3"
"Mativ Holdings, Inc.","MATV","499.92","9.07","464688","9.94","21.58","3.66","31.97","-32.77",".3","2.65","15.05","6.26","83","Basic Materials","Chemical - Specialty","3.86","3"
"Matson","MATX","6278.12","207.45","308133",".97","1.43","14.04","88.12","51.23","-2.26","13.41","223.55","88.05","161","Transportation","Transportation - Services","13.41","2"
"MediaAlpha","MAX","794.97","12.75","1120274","-6.04","-8.93","43.1","78.59","-11.33","28.78","7.94","14.27","7.17","148","Business Services","Technology Services","7.94","4"
"Mercedes-Benz Group AG","MBGYY","52959.7","13.75","695256","6.51","6.1","-6.53","25.82","-29.52","-5.08","3.89","18.06","12.25","150","Auto-Tires-Trucks","Automotive - Foreign","3.89","3"
"MBIA","MBI","266.39","5.23","400531","-5.43","-22.86","-14.26","3.65","-34.21","90.48","-38.89","8.13","5.12","175","Finance","Insurance - Multi line","-172.22","3"
"Mobileye Global Inc.","MBLY","6786.99","8.08","8508594",".87","-19.2","-12.55","16.93","-30.29","14.51","18.45","15.54","6.56","180","Auto-Tires-Trucks","Automotive - Original Equipment","-201.49","2"
"Moelis & Company","MC","5386.38","68.56","975868","1.15","-4.7","7.38","65.15","-10.17","26.98","15.92","77.75","51.38","20","Finance","Financial - Investment Bank","14.5","3"
"McDonald's","MCD","188447.48","265.23","4423464","-2.01","-5.11","-3.41","3.11","-21.84","3.72","32.22","341.06","262.8","163","Retail-Wholesale","Retail - Restaurants","31.62","4"
"Mechanics Bancorp","MCHB","3766.03","17.01","779674","8.9","4.94","17.31","100","4.72","188.86","32.76","17.01","12.63","53","Finance","Banks - Southeast","23.98","2"
"Microchip Technology","MCHP","40845.09","75.22","10597545","-3.44","-14.12","-24.04","48.61","6.32","7.08","20.41","102.92","49.02","31","Computer and Technology","Semiconductor - Analog and Mixed","4.88","2"
"McKesson","MCK","96839.69","827.14","942869","-2.7","5.47","14.06","49.94","-9.18","12.36","1.2","995.69","659.01","74","Medical","Medical - Dental Supplies","1.18","2"
"Moody's","MCO","83717.95","483.36","872907","-.54","-3.09","7.8","55.84","-14.78","8.89","36.01","539.61","412.23","157","Finance","Financial - Miscellaneous Services","34.25","3"
"Pediatrix Medical Group, Inc.","MD","2155.7","26.25","738543",".42","-4.16","12.32","92.6","10.53","-4.92","9.44","27.39","11.98","80","Medical","Medical Services","9.02","3"
"MongoDB","MDB","28792.22","357.97","1325582","15.58",".02","21.49","65.51","-23.18","22.79","17.55","440.6","201","148","Computer and Technology","Internet - Software","-1.12","3"
"Madrigal Pharmaceuticals","MDGL","11136.19","482","383816","-12.56","-8.97","-3.02","59.81","-25.45","432.05","-25.32","602.83","302.17","147","Medical","Medical - Drugs","-25.32","3"
"Mondelez International","MDLZ","79239.7","61.73","9704801","1.75","4.33",".52","75.82","3.28","5.75","9.28","64.99","51.51","210","Consumer Staples","Food - Miscellaneous","8.86","3"
"Medtronic","MDT","110954.31","86.68","7412141","2.92","4.36","16.29","40.92","-18.73","8.43","19.58","105.35","73.75","157","Medical","Medical - Products","13.2","4"
"MDU Resources Group","MDU","4116.64","20.11","1306400","-3.73","-1.28","-11.8","61.29","-7.21","6.66","10.51","22.8","15.85","175","Utilities","Utility - Gas Distribution","10.47","3"
"Mayville Engineering","MEC","544.12","26.55","546726","-9.85","-22.84","-2.6","56.01","27.74","-6.04","-.07","37.54","12.56","90","Construction","Engineering - R and D Services","-2.93","3"
"Medpace","MEDP","16001.47","573.29","397199","-2.73","1.45","37.38","79.18","-8.07","19.97","17.67","620.59","393.42","80","Medical","Medical Services","17.67","2"
"MercadoLibre","MELI","96263.31","1898.79","352277","4.34","5.16","21.93","36.51","-15.1","39.06","6.04","2510.97","1546.81","179","Retail-Wholesale","Internet - Commerce","6.04","2"
"Methanex","MEOH","4201.65","54.31","1139982",".24","23.94","-14.27","65.69","23.15","-3.52","7.43","65.72","32.46","98","Basic Materials","Chemical - Diversified ","2.07","2"
"MetLife","MET","61969.4","96.31","3860673","1.18","6.47","23.51","96.04","9.88","8.59","8.04","97.49","67.7","175","Finance","Insurance - Multi line","4.66","3"
"Meta Platforms","META","1493044.75","590.24","19423108","-.61","-1.67","-1.44","24.41","-19.46","22.17","33.3","790","525.72","148","Computer and Technology","Internet - Software","29.83","3"
"Ramaco Resources","METC","580.06","8.9","1753168","-12.49","-28.46","-41.33","0","-55.47","-19.46","-11.52","54.55","8.9","28","Oils-Energy","Coal","-11.52","4"
"Mizuho Financial Group","MFG","126719.84","10.26","4299709","-2.93","-.87","16.46","91.7","26.24","1.78","16.32","10.66","5.84","93","Finance","Banks - Foreign","17.15","2"
"MidCap Financial Investment Corporation","MFIC","800.66","9.72","433165","1.36","-2.7","-12.43","6.75","-23.48","6.33","45.22","13.31","9.46","157","Finance","Financial - Miscellaneous Services","1.9","3"
"Magna International","MGA","18148.19","67.87","1336492","1.06","3.33","8.52","93.14","14.69","-1.93","4.46","69.85","41","180","Auto-Tires-Trucks","Automotive - Original Equipment","1.8","4"
"MGM Resorts International","MGM","11195.88","44.5","2440109","-3.89","-5.08","19.3","69","9.84","1.72","4.38","50.69","30.72","185","Consumer Discretionary","Gaming","2.4","3"
"Magnite","MGNI","2802.72","19.57","2201623","2.51","-6.09","46.37","54.63","8.6","6.85","19.74","26.52","11.2","148","Computer and Technology","Internet - Software","21.96","3"
"MeiraGTx","MGTX","1100.2","11.88","727843","-3.41","-14.47","20","63.76","34.59","144.57","-151.12","14.66","6.99","101","Medical","Medical - Biomedical and Genetics","-151.12","2"
"Magnolia Oil & Gas Corp","MGY","4647.74","25.13","6719933","4.62",".48","-10.92","34.98","3.4","-.31","24.8","32.36","21.24","216","Oils-Energy","Oil and Gas - Exploration and Production - United States","24.4","3"
"McGraw Hill, Inc.","MH","2197.76","11.49","568777","11.44","8.81",".61","26.88","-37.28",".07","17.86","17.99","9.1","83","Consumer Discretionary","Schools","1.68","3"
"Mohawk Industries","MHK","9008.5","132.99","910042","15.03","14.46","31.71","85.12","9.59","-.48","5.65","139.75","94.33","102","Consumer Discretionary","Textile - Home Furnishing","4.15","3"
"The Middleby","MIDD","6140.58","135.81","560538","-.14","-24.21","-13.08","35.74","-17.72","-17.39","12.73","179.2","111.68","52","Industrial Products","Manufacturing - General Industrial ","-11.46","2"
"Mirion Technologies","MIR","3926.59","15.68","4340260","-6.94","-7.27","-15.11","7.31","-39.7","7.5","12.72","29.75","14.57","148","Business Services","Technology Services","2.39","3"
"Mirum Pharmaceuticals","MIRM","6378.03","104.59","611493","-8.42","-14.21","-1.49","68.81","19.26","54.74","-5.47","128.57","51.68","101","Medical","Medical - Biomedical and Genetics","-140.24","2"
"Mitek Systems","MITK","767.25","16.99","652076","-.12","-14.49","13.42","72.58","45.04","4.42","27.55","20.14","8.65","102","Computer and Technology","Computer - Optical Imaging","8.74","3"
"McCormick & Company","MKC","13851.23","51.52","3545498","1.8","-.5","9.45","22.21","-31.87","1.73","11.55","72.26","45.6","210","Consumer Staples","Food - Miscellaneous","21.91","4"
"MKS Inc.","MKSI","20937.33","309.98","1355689","-1.81","-15.78","-3.04","62.04","74.71","9.62","14.1","444.8","89.62","46","Computer and Technology","Electronics - Miscellaneous Products","8.06","2"
"MarketAxess","MKTX","5767.34","162.28","1226428","37.56","39.37","11.76","53.01","-19.36","3.57","32","209.43","109.09","20","Finance","Financial - Investment Bank","35.22","4"
"Melco Resorts & Entertainment Limited","MLCO","2166.67","5.58","2769791","-.71","6.69","5.08","8.27","-33.61","11.32","5.88","10.13","5.17","185","Consumer Discretionary","Gaming","4.33","4"
"MillerKnoll","MLKN","1643.13","24.12","689628","6.91","15.35","55.41","100","18.84","4.68","3.35","24.12","13.88","33","Consumer Discretionary","Furniture","2.38","3"
"Martin Marietta Materials","MLM","32571.9","542.27","606847","-5.2","-10.41","-7.46","9.36","-21.56","-5.91","15.11","708.11","525.14","169","Construction","Building Products - Concrete and Aggregates","36.73","3"
"3M","MMM","91401.48","177.23","3840971","-.56","11.36","23.64","87.28","-.3","1.52","18.35","182.48","141.2","175","Conglomerates","Diversified Operations","11.9","2"
"Maximus","MMS","3268.54","62.21","599347","2.1","11.01","1.12","18.71","-35.09","2.36","8.1","98.93","53.76","48","Business Services","Government Services","7.02","3"
"Merit Medical Systems","MMSI","5107.03","85.53","917464","12.39","19.71","41.82","76.73","-12.6","11.75","15.54","93.18","60.31","74","Medical","Medical - Dental Supplies","9.22","4"
"MakeMyTrip Limited","MMYT","5810.94","61.78","886282","18.04","7.72","33.46","38.08","-32.24","6.71","16.33","103.21","36.3","102","Computer and Technology","Internet - Delivery Services","3.23","3"
"monday.com","MNDY","4549.22","88.92","1515316","8.31","7.78","15.62","14.8","-45.73","26.75","17.77","262.29","58.81","148","Computer and Technology","Internet - Software","9.17","3"
"Monro Muffler Brake","MNRO","398.62","12.75","952043","-24.73","-25.96","-24.02","4.33","-42.7","-3.19",".41","23.81","12.25","63","Consumer Discretionary","Consumer Services - Miscellaneous",".71","3"
"MINISO Group Holding Limited","MNSO","3980.16","12.85","688941","3.13","7.98","-10.2","10.11","-38.27","31.71","11.67","26.63","11.3","83","Retail-Wholesale","Retail - Apparel and Shoes","9.03","3"
"Monster Beverage","MNST","91492.66","93.55","5721767","-1.87","-3.92","8.26","84.49","9.9","10.7","24.38","99.94","58.75","68","Consumer Staples","Beverages - Soft drinks","23.11","3"
"MNTN Inc.","MNTN","581.46","9.53","882058","2.25","-16.33","15.1","7.39","-28.11","28.6","15.52","31.47","7.78","148","Business Services","Technology Services","7.84","3"
"Altria Group","MO","113976.72","68.26","8065908","-6.35","-5.04","-.51","67.03","6.62","-3.08","45.6","74.92","54.72","218","Consumer Staples","Tobacco","33.99","3"
"Modine Manufacturing","MOD","10405.84","195.92","1676234","-14.97","-16.7","-31.21","40.72","32.17","23.13","8.73","306.89","119.68","180","Auto-Tires-Trucks","Automotive - Original Equipment","4.28","3"
"Moog","MOG.A","12542.49","395.88","303804","-5.16","-6.73","26.49","87.42","46.4","6.97","8.57","425.85","187.66","61","Aerospace","Aerospace - Defense Equipment","8.73","2"
"Molina Healthcare","MOH","10166.99","194.77","1616377","-2.36","-14.46","5.17","59.99","1.08","11.75",".35","242.88","122.65","15","Medical","Medical - HMOs","-.02","2"
"The Mosaic Company","MOS","6924.79","21.81","7299589","-2.37","2.97",".09","12.29","-18.46","8.36","4.66","36.01","19.82","180","Basic Materials","Fertilizers",".36","4"
"MP Materials","MP","7804.49","43.84","5700187","1.65","-17.3","-34.97","9.48","-21.84","10.1","-5.61","98.65","38.1","197","Basic Materials","Mining - Miscellaneous","-28","3"
"Marathon Petroleum","MPC","89633.3","307.03","2050048","-1.7","14.14","21.61","92.1","70.04","-3.7","2.78","319.76","158.59","21","Oils-Energy","Oil and Gas - Refining and Marketing","3.36","3"
"MPLX LP","MPLX","59777.96","58.91","1576945",".94","3.41","9.03","97.46","-.58","8.92","36.38","59.2","47.8","187","Oils-Energy","Oil and Gas - Production and Pipelines","36.38","3"
"Monolithic Power Systems","MPWR","66048.9","1344.37","957287",".4","-.13","-19.07","64.69","33.59","26.43","31.58","1689.89","711.24","31","Computer and Technology","Semiconductor - Analog and Mixed","24.41","2"
"Marqeta","MQ","1892.23","17.85","1039058","1.42","6.06","10.05","22.88","-15.39","23.25",".33","27.32","15.04","154","Business Services","Financial Transaction Services",".33","4"
"Murata Manufacturing","MRAAY","83516.34","22.84","798986","-5.78","-28.22","19.77","49.98","99.72","6.24","13.86","38.27","7.42","93","Industrial Products","Manufacturing - Electronics","13.86","2"
"Mercury Systems","MRCY","6351.98","105.79","613613","1.92","-14.04","15.05","72.42","30.5","9.19","7.17","126.21","52.17","61","Aerospace","Aerospace - Defense Equipment","-1.46","3"
"Merck & Co.","MRK","315569.47","127.77","8658267","-2.29",".78","14.82","92.53","9.33","1.31","20.9","131.82","77.6","230","Medical","Large Cap Pharmaceuticals","13.59","4"
"Moderna","MRNA","22013.87","55.14","5567382","-.88","-32.59","4.27","55.15","68.4","-39.93","-102.07","81.8","22.36","101","Medical","Medical - Biomedical and Genetics","-141.43","3"
"Marsh","MRSH","92025.42","192.84","2746769","5.2","10.36","19.35","65.91","-6.38","10.32","17.8","211.21","157.32","198","Business Services","Business - Services","14.24","2"
"Marten Transport","MRTN","1216.49","14.91","682255","-3.74","-13.42","-.86","62.01","18","-8.31","1.47","18.28","9.41","6","Transportation","Transportation - Truck","1.47","2"
"Maravai LifeSciences","MRVI","1657.58","6.42","2793383","-4.04","8.81","35.44","84.28","77.92","-28.34","-24.38","7.24","2.03","157","Medical","Medical - Products","-51.07","3"
"Marvell Technology","MRVL","169514.36","193.775","24515702","2.43","-22.26","13.43","51.73","105.37","42.09","30.33","316.43","62.31","41","Computer and Technology","Electronics - Semiconductors","28.99","3"
"Marex Group PLC","MRX","4669.46","64.02","716036","-.9","-3.5","14.81","85.09","50.31","26.93","15.5","70.29","28.24","157","Finance","Financial - Miscellaneous Services","15.45","1"
"Morgan Stanley","MS","333169.88","211.23","5945379","-1.55","-4.89","10.53","80.64","7.16","11.54","25.83","228.55","139.09","20","Finance","Financial - Investment Bank","15.65","2"
"MSCI","MSCI","41761.06","574.43","736580",".6","-6.45","-1.74","47.42","-9.82","9.75","41.53","643.83","511.84","67","Finance","Financial - Investment Management","40.74","3"
"Morgan Stanley Direct Lending Fund","MSDL","1272.32","15.01","461075","-2.15","-2.41","-1.05","24.39","-17.97","-4.52","44.25","18.7","13.82","169","Finance","Financial - SBIC & Commercial Industry","22.84","3"
"Microsoft","MSFT","3621067.5","487.65","37873052","25.33","26.09","18.17","71.24","-9.18","17.79","38.81","542.07","352.83","88","Computer and Technology","Computer - Software","40.31","3"
"Madison Square Garden Entertainment Corp.","MSGE","3112.55","76.97","372174","-.45","1.45","20.36","91.08","28.64","-1.72","5.79","80.95","36.33","169","Consumer Discretionary","Media Conglomerates","4.81","3"
"Motorola Solutions","MSI","72571.61","437.19","875233","3.16","3.4","11.48","58.01","2.72","8","22.13","490.3","363.83","68","Computer and Technology","Wireless Equipment","17.61","2"
"MSC","MSM","6975.76","124.91","704736","-1.33","3.11","16.39","94.87","33.77","-1.35","6.19","127.28","81.08","164","Industrial Products","Industrial Services","5.91","2"
"ArcelorMittal","MT","55668.25","71.83","1704822","6.37","9.92","15.22","100","41.97","-1.74","3.8","71.83","30.39","96","Basic Materials","Steel - Producers","2.88","3"
"Metalla Royalty & Streaming","MTA","701.22","7.5","379121","-2.09","1.63","-.79","69.61","-13.18","99.57","-25.98","9.05","3.95","197","Basic Materials","Mining - Miscellaneous","-25.98","3"
"M&T Bank","MTB","36535.11","249.48","1209506",".48","3.98","19.95","93.95","11.52","-1.67","30.71","254.04","178.63","24","Finance","Banks - Major Regional","22.72","3"
"Match Group","MTCH","9456.63","40.54","2727483","4.48","7.62","13.34","100","13.08",".22","25.81","40.54","28.9","148","Computer and Technology","Internet - Software","18.83","3"
"Matador Resources","MTDR","6063.62","48.83","1964657","3.52","-2.07","-13.31","41.19","3.63","5.46","19.61","65.45","37.19","216","Oils-Energy","Oil and Gas - Exploration and Production - United States","14.41","3"
"MGIC Investment","MTG","6272.72","30.58","1881953","1.93","8.4","17.17","100","-5.74",".49","59.15","30.58","24.86","175","Finance","Insurance - Multi line","59.2","3"
"Meritage Homes","MTH","4712.09","72.3","940997","-1.43","-9.51","13.34","51.25","-1.04","-8.4","6.86","85.18","58.76","169","Construction","Building Products - Home Builders","6.11","3"
"Vail Resorts","MTN","5317.59","149.23","758227",".64","5","20.64","67.13","1.21","2.74","5.38","164.02","119.02","83","Consumer Discretionary","Leisure and Recreation Services","5.38","3"
"Materion","MTRN","4445.9","213.73","339380","-11.62","-18.36","5.27","56.5","54.84","6.04","6.09","297.39","105.07","197","Basic Materials","Mining - Miscellaneous","3.99","2"
"MACOM Technology Solutions","MTSI","19539.35","256.1","1480698","-2.65","-21.84","-30","47.28","34.67","32.58","28.14","409.68","118.35","31","Computer and Technology","Semiconductor - Analog and Mixed","16.46","3"
"METALLUS INC","MTUS","851.29","20.45","381829","-2.01","11.2","11.69","84.75","7.33","6.85","1.89","21.51","14.56","6","Basic Materials","Steel - Speciality",".66","3"
"MasTec","MTZ","20977.26","261.22","1474186","-22.44","-31.37","-38.01","33.47","8.24","16.22","3.99","437.51","172.51","58","Construction","Building Products - Heavy Construction","3.07","1"
"Micron Technology","MU","936831.63","829.5","46890008","-7.85","-15.77","4.3","65.36","161.76","48.85","57.41","1213.56","104.88","18","Computer and Technology","Computer - Integrated Systems","55.91","1"
"Mitsubishi UFJ Financial Group","MUFG","266904.78","22.49","3557048","-2.64","6.24","23.64","93.46","27.72","8.51","22.21","23.1","13.78","93","Finance","Banks - Foreign","17.63","2"
"Murphy Oil","MUR","5551.93","38.73","1476749","3.28","22.1","2.95","80.54","11.63","-10.22","5.84","42.74","22.13","216","Oils-Energy","Oil and Gas - Exploration and Production - United States","3.02","3"
"Mnchener RckversicherungsGesellschaft","MURGY","74510.02","11.99","720445","1.01","5.18","3.01","46.53","-18.13","3.8","11.28","14.15","10.11","175","Finance","Insurance - Multi line","11.28","4"
"McEwen Inc.","MUX","1065.17","17.83","783539","2.53","-5.36","-28.88","41.47","-13.24","13.23","31.4","29.05","9.88","197","Basic Materials","Mining - Miscellaneous","31.4","4"
"Mueller Water Products","MWA","4035.39","25.79","1126095","2.5","1.74","-.23","38.61","-2.48","8.75","15.11","30.37","22.91","52","Industrial Products","Manufacturing - General Industrial ","14.17","2"
"MaxLinear","MXL","6086.42","67.11","4141216","3.47","-29.86","-34.38","47.02","246.78","29.71","14.63","128.03","13.05","31","Computer and Technology","Semiconductor - Analog and Mixed","-18.24","2"
"MYR Group","MYRG","5264.59","338.14","303165","-8.36","-23.62","-26.24","50.21","39.38","8.79","4.13","501.13","173.81","102","Utilities","Electric Construction","4.13","3"
"Nable","NABL","953.19","5.06","1814778","15.79","19.91","23.72","37.46","-39.07","9.71","13.9","8.5","3","148","Business Services","Technology Services","-1.99","3"
"NewAmsterdam Pharma Company N.V.","NAMS","3213.69","27.49","936966","-9.03","-21.23","-30.56","30.79","-29.42","-50.61","-837.79","41.45","21.28","147","Medical","Medical - Drugs","-943.23","3"
"Nordic American Tankers Limited","NAT","1361.56","6.43","3291437","-.46","10.29","10.48","94.12","68.35","-18.91","19.05","6.66","2.75","40","Transportation","Transportation - Shipping","24.19","3"
"NCR Atleos Corporation","NATL","3439.72","46.61","567980","-.89","3.67","6.39","91.5","10.15",".86","7.15","48.13","30.25","148","Computer and Technology","Internet - Software","3.98","3"
"Navient","NAVI","829.93","8.83","790107","2.56","5.24","6.13","21.96","-38.82","-27.71","20.19","13.77","7.44","90","Finance","Financial - Consumer Loans","-1.94","3"
"NB Bancorp, Inc.","NBBK","1033.61","23.12","337496","3.08","9.94","14.97","100","5.06","15.69","28.91","23.12","16.87","41","Finance","Banks - Northeast","14.27","1"
"National Bank","NBHC","1934.52","43.19","437006","1.55","-2.64","2.96","66.14","2.34","-2.03","27.09","47.08","35.59","53","Finance","Banks - Southeast","15.11","4"
"Nebius Group N.V.","NBIS","53786.35","212.58","22192692","13.15","-.21","14.23","68.42","128.74","350.89","-52.99","286.69","52","90","Computer and Technology","Internet - Software and Services","95.27","4"
"Neurocrine Biosciences","NBIX","16897.14","166.23","1359307","-5.77","-4.52","10.39","69.12","5.56","21.45","26.71","185.5","123.1","147","Medical","Medical - Drugs","20.91","2"
"NBT Bancorp","NBTB","2751.86","52.91","436225",".74","5.48","18.05","90.99","14.77","14.96","28.79","54.26","39.27","41","Finance","Banks - Northeast","22.58","3"
"Norwegian Cruise Line","NCLH","9072.02","19.76","14941362","-1.35","2.6","19.18","40.9","-20.26","3.67","10.4","26.94","14.79","83","Consumer Discretionary","Leisure and Recreation Services","7.49","3"
"nCino","NCNO","2103.42","19.2","2307233","8.78","5.84","14.69","27.78","-32.56","10.01","23.16","32.69","14.01","148","Computer and Technology","Internet - Software","2.17","3"
"Nasdaq","NDAQ","52622.13","94.14","4093933",".21","11.45","6.4","71.66","-12.71","11.05","39.53","100.98","76.85","161","Finance","Securities and Exchanges","22.6","1"
"Nordson","NDSN","16861.37","302.62","328115","1.76","3.05","7.37","97.88","13.36","3.78","21.33","304.64","209.25","52","Industrial Products","Manufacturing - General Industrial ","18.19","3"
"NextEra Energy","NEE","180526.28","86.55","10455306","-2.57","-1.02","-8.74","59.69","-2.9","10.74","28.44","97.88","69.77","175","Utilities","Utility - Electric Power","32.4","3"
"Newmont","NEM","100490.63","95.37","7162576","2.03","-2.88","-20.97","47.63","-13.98","21.34","38.95","131.95","62.1","233","Basic Materials","Mining - Gold","33.36","4"
"NeoGenomics","NEO","2035.05","15.84","3138935","20.55","4.49","82.91","99.64","21.31","10.11","2.59","15.88","4.84","101","Medical","Medical - Biomedical and Genetics","-6.77","2"
"Neogen","NEOG","2594.87","11.9","2082422","27.41","25.13","37.57","98.11","53.33","-2.71","8.06","12.04","4.65","157","Medical","Medical - Products","-.91","3"
"National Energy Services Reunited","NESR","2801.54","27.78","1817188","3.39",".54","9.24","90.87","59.77","1.72","6.61","29.93","6.37","180","Oils-Energy","Oil and Gas - Mechanical and and Equipment","4.53","2"
"Cloudflare","NET","99939.05","282.74","3098895","6.45","14.22","46.1","99.47","29.17","29.85","16.25","283.39","160.19","148","Computer and Technology","Internet - Software","-3.73","2"
"Nexa Resources","NEXA","1701.83","12.85","545950","-.31","-2.73","-3.46","67.88","30.77","8.51","6.42","16.72","4.67","197","Basic Materials","Mining - Miscellaneous","6.44","3"
"Nexxen International Ltd. Sponsored ADR","NEXN","579.16","10.29","498299",".39","10.41","37.75","94.44","41.71","-.19","14.11","10.56","5.7","102","Business Services","Advertising and Marketing","4.85","2"
"National Fuel Gas Company","NFG","7865.93","82.76","725954","2.5","5.79","4.18","33.66","-6.9","17.11","27.43","96.3","75.89","203","Oils-Energy","Oil and Gas - Integrated - United States","26.97","3"
"Netflix","NFLX","305341.69","73.33","48513856","4.16","-3.54","-14.18","9.76","-29.56","15.85","23.55","126.32","67.6","166","Consumer Discretionary","Broadcast Radio and Television","28.22","3"
"NiSource","NI","21349.43","44.53","4487830","-2.79","-5.36","-5.32","53.14","-3.96","21.76","13.99","49.08","39.37","175","Utilities","Utility - Electric Power","14.15","3"
"Nice","NICE","5882.29","100.65","567683","5.94","3.58","10.13","24","-19.81","7.68","25.01","156.05","83.15","148","Computer and Technology","Internet - Software","17.57","2"
"NIQ Global Intelligence plc","NIQ","3411.78","11.56","1497789","4.43","17.72","14.57","34.26","-36.86","5.68","2.55","18.45","7.97","102","Business Services","Advertising and Marketing","-7.78","3"
"NewJersey Resources","NJR","5861.52","58.08","559183","-2.42","3.23","4.05","87.63","13.42","13.35","16.47","60.05","44.13","175","Utilities","Utility - Gas Distribution","16.42","3"
"NIKE","NKE","63256.39","42.64","17921686","1.19","-1.62",".59","4.92","-39.72",".19","5.04","79.17","40.75","63","Consumer Discretionary","Shoes and Retail Apparel ","6.7","4"
"Nektar Therapeutics","NKTR","2384.96","70.59","776523","-1.07","-3.5","-10.33","62.17","50.37","-43.89","-278.97","100.35","21.68","147","Medical","Medical - Drugs","-284.18","2"
"Annaly Capital Management","NLY","17169.62","22.78","7180070",".93","-.91","1.52","61.34","-8.24","23.12","144.68","24.4","20.21","157","Finance","REIT and Equity Trust","43.66","1"
"Newsmax Inc.","NMAX","1019.08","7.89","688081","2.07","-12.82","23.67","26.1","-8.07","10.67","-44.16","15.62","5.16","166","Consumer Discretionary","Broadcast Radio and Television","-43.17","2"
"New Mountain Finance","NMFC","682.89","7.23","568097","5.24","1.54","-10.41","10.68","-29.3","-12","43.05","10.66","6.82","169","Finance","Financial - SBIC & Commercial Industry","-16.78","4"
"NMI","NMIH","3353.21","44.58","477675","3.55","7.73","18.94","100","-1.57","8.52","54.05","44.58","35.35","152","Finance","Insurance - Property and Casualty","54.1","3"
"Nomura","NMR","28135.67","9.59","1095247","-2.04","3.01","21.39","86.73","2.95","1.62","8.09","10.04","6.65","20","Finance","Financial - Investment Bank","8.09","1"
"Newmark Group","NMRK","2716.17","15.3","1355788","-3.71","-1.92","-7.44","25.17","-20.53","19.61","12.73","19.58","13.86","93","Finance","Real Estate - Operations","4.11","1"
"NNN REIT, Inc.","NNN","9034.89","47.49","1451769","-3.5","1.11","7.2","80.08","7.93","6.55","41.47","49.59","39.05","61","Finance","REIT and Equity Trust - Other","41.38","3"
"Northrop Grumman","NOC","77901.09","548.47","928168",".16",".13",".05","19.28","-13.37","2.24","9.56","768.02","496.02","98","Aerospace","Aerospace - Defense","10.48","3"
"Northern Oil and Gas","NOG","2248.57","20.67","2937727","1.97","19","-12.53","24.53","-13.29","11.23","19.31","30.82","17.37","216","Oils-Energy","Oil and Gas - Exploration and Production - United States","-33.17","3"
"Nokia","NOK","53747.36","9.36","99060200",".86","-25.18","-32.76","41.48","30.3","8.16","10.03","16.85","4.05","68","Computer and Technology","Wireless Equipment","3.49","3"
"Nomad Foods Limited","NOMD","1684.48","12.05","1372627","1.09","5.42","27.11","36.86","-13.25","2.25","7.6","17.12","9.09","210","Consumer Staples","Food - Miscellaneous","4.43","3"
"NOV","NOV","6944.19","19.48","3616764","-4.84","9.5","-1.47","79.42","12.25","-1.42","2.52","21.45","11.88","180","Oils-Energy","Oil and Gas - Mechanical and and Equipment","1.1","3"
"Novanta","NOVT","5600.75","148.34","443879","5.36","-10.04","5.97","70.81","12.28","3.3","12.69","168.59","99.22","54","Computer and Technology","Electronics - Miscellaneous Components","5.35","3"
"ServiceNow","NOW","118072.46","114.19","24813550","8.18","5.8","24.81","28.55","-32.86","20.88","26.55","192.23","83","152","Computer and Technology","Computers - IT Services","11.34","4"
"Neptune Insurance Holdings Inc.","NP","4340.68","31.63","768992","2.63","-5.27","3.1","80.63","-2.3","33.74","36.89","35.11","17.14","175","Finance","Insurance - Multi line","21.45","3"
"NPK INTL INC","NPKI","1121.66","13.21","897487","-6.58","-6.58","-13.6","59.06","-.19","27.38","13.32","16.35","8.68","216","Oils-Energy","Oil and Gas - Exploration and Production - United States","14.19","2"
"NerdWallet, Inc.","NRDS","598.77","9.1","549197","-2.26","-4.01","8.08","18.2","-39.51","21.67","8.11","15.93","7.58","157","Finance","Financial - Miscellaneous Services","8.11","3"
"NRG Energy","NRG","29215.3","138.47","2259193","1.44","-1.8",".85","28.12","-21.68","9.18","4.48","184.03","120.65","175","Utilities","Utility - Electric Power",".74","3"
"Nurix Therapeutics","NRIX","2409.81","23.22","1176100","-.9","-3.41","42.63","91.06","10.24","53.95","-928.44","24.69","8.24","101","Medical","Medical - Biomedical and Genetics","-928.44","3"
"Norfolk Southern","NSC","75614.41","336.65","1147560","-1.95","4.58","8.21","82.11","5.02",".47","22.77","350.66","272.35","58","Transportation","Transportation - Rail","21.02","2"
"Insight Enterprises","NSIT","3976.95","131.67","365130","7.11","17.87","49.24","96.32","45.56","-5.22","4.06","134.24","64.43","8","Retail-Wholesale","Retail - Mail Order","2.17","2"
"Insperity","NSP","2048.41","53.63","723374","6.73","21.23","65.37","85","24.75","3.51",".49","59.58","19.9","102","Business Services","Staffing Firms","-.23","3"
"NAPCO Security Technologies","NSSC","1360.85","38.09","301051","4.64","-2.78","-5.27","48.24","-17.73","-3.81","25.94","47.23","29.57","96","Industrial Products","Security and Safety Services","18.7","2"
"NetApp","NTAP","35895.17","182.92","2564245","7.73","11.84","55.37","100","53.84","5.37","23.61","182.92","94.11","23","Computer and Technology","Computer- Storage Devices","18.43","4"
"NetScout Systems","NTCT","2976.41","40.94","536361","2.4","-2.78",".66","83.8","36.26","4.47","21.18","44.84","20.77","199","Computer and Technology","Computer - Networking","11.11","3"
"Nintendo","NTDOY","62457.86","12.13","5262905","5.85","11.28","9.58","13.2","-35.2","100.86","17.13","24.89","10.19","185","Consumer Discretionary","Gaming","18.33","4"
"NetEase","NTES","84244.12","131.58","917154","6.31",".45","13.23","44.57","-13.89","11.65","32.68","159.34","109.26","90","Computer and Technology","Internet - Software and Services","29.85","3"
"NETGEAR","NTGR","648.18","24.15","369041","-4.77","9.33","-8.59","26.52","-11.33","3.84","2.12","36.01","19.87","73","Computer and Technology","Communication - Components","-3.58","3"
"Intellia Therapeutics","NTLA","1504.81","10.77","4198454",".94","-39.63","-25.31","13.69","7.9","16.92","-599.07","27.98","8.04","101","Medical","Medical - Biomedical and Genetics","-597.04","4"
"Nutanix","NTNX","16505.77","61.06","2933352","7.41","16.48","35.21","57.05","6.39","18.11","19.29","81.12","34.41","152","Computer and Technology","Computers - IT Services","10.03","2"
"Nutrien","NTR","31551.81","65.96","2202790","-2.14","2.2","-7.48","40.66","-3.75","3.52","8.65","83.94","53.64","180","Basic Materials","Fertilizers","8.58","3"
"Natera","NTRA","38719.71","270.36","1096687","4.78","-4.74","35.76","91.05","6.29","35.9","-8.82","283.8","133.66","80","Medical","Medical Services","-9.05","3"
"Northern Trust","NTRS","33334.52","182.2","1114868","-.18",".59","13.17","86.95","20.14","-10.99","22.96","191.13","122.72","24","Finance","Banks - Major Regional","14.76","1"
"NETSTREIT","NTST","2171.68","21.39","1380658","-2.15","-.37","3.33","83.01","9.21","19.79","6.35","22.26","17.14","61","Finance","REIT and Equity Trust - Other","6.35","3"
"Nu ","NU","70115.93","14.44","104905040","-.62","2.7","6.96","39.67","-22.31","36.97","19.45","18.76","11.6","93","Finance","Banks - Foreign","18.2","4"
"Nucor","NUE","59504.15","261.28","1337295","5.41","16.68","12.62","96.23","44.27","5.73","7.92","266.35","131.78","96","Basic Materials","Steel - Producers","7.99","3"
"Nu Skin Enterprises","NUS","250.52","5.16","531699",".39","2.38","-22.17","2.78","-51.69","-14.26","4.13","12.84","4.94","169","Consumer Staples","Cosmetics","3.78","3"
"Nuvation Bio","NUVB","2144.92","6.16","6416055","-7.51","10","29.41","53.76","-38.08","698.96","-102.06","9.54","2.23","101","Medical","Medical - Biomedical and Genetics","-102.06","2"
"Novavax","NVAX","1218.49","7.41","3108911","-1.07","-20.75","-22","23.94","-.69","64.69","2.43","11.19","6.22","101","Medical","Medical - Biomedical and Genetics","-14.73","1"
"NovoCure Limited","NVCR","1783.95","15.32","1868338","-10.04","-11.55","-15.36","53.11","6.71","8.28","-21.25","19.99","10.03","101","Medical","Medical - Biomedical and Genetics","-21.25","2"
"NVIDIA","NVDA","5000688","206.64","129189360","5.16","5.67","-5.83","58.76","-.21","65.47","56.2","235.74","165.17","15","Computer and Technology","Semiconductor - General","62.97","1"
"Navigator Holdings","NVGS","1345.54","21.8","414901",".41","9.77","-6.76","74.82","13.36","3.58","17.26","24.29","14.4","40","Transportation","Transportation - Shipping","18.84","1"
"Nova Ltd.","NVMI","12512.64","393.69","577449","-8.21","-15.63","-25.16","42.48","7.98","30.96","32.45","605.65","237.16","41","Computer and Technology","Electronics - Semiconductors","29.21","2"
"Novartis","NVS","293225.69","153.67","1778061","-1.56","-1.17","5.81","72.88",".39","8.38","30.31","168.62","113.5","230","Medical","Large Cap Pharmaceuticals","23.29","3"
"Envista","NVST","4453.86","27.37","2723510","2.74","-.51","13.1","74.58","13.55","8.32","7.86","30.26","18.89","157","Medical","Medical - Products","2.41","3"
"nVent Electric","NVT","25801.78","159.41","2265356","6.78","1.61","-8.06","76.46","40.8","29.51","14.76","184.34","78.42","54","Computer and Technology","Electronics - Miscellaneous Components","12.38","2"
"Navitas Semiconductor","NVTS","3007.8","11.52","15512427",".96","-24.36","-49.14","22.78","45.32","-44.88","-108.69","31.79","5.54","41","Computer and Technology","Electronics - Semiconductors","-856.85","2"
"Northwest Bancshares","NWBI","2323.48","15.88","1110797","3.05","5.1","15.91","99.57","19.19","16.23","27.52","15.9","11.3","65","Finance","Financial - Savings and Loan","16.26","2"
"NorthWestern","NWE","4238.58","68.9","349023","-4.57","-1.13","-2.64","77.28","-3.85","6.39","13.73","73.42","53.53","175","Utilities","Utility - Electric Power","10.13","3"
"NatWest Group","NWG","77384.86","19.42","4196883","6.06","5.72","23.22","100","-.05","6.4","34.4","19.42","13.62","93","Finance","Banks - Foreign","20.1","4"
"Newell Brands","NWL","2708.72","6.36","10507315","22.78","14.18","55.88","99.08","53.99","-4.99","4.2","6.39","3.11","199","Consumer Staples","Consumer Products - Staples","-3.05","1"
"News Corporation","NWS","17403.33","31.79","1099548","2.81","5.9","1.99","64.5","-3.37","-16.19","6.51","35.17","25.65","80","Consumer Discretionary","Film and Television Production and Distribution","12.92","3"
"News Corporation","NWSA","15295.66","27.94","3223505","2.38","4.88","3.44","64.19","-3.66","-16.19","6.51","31.03","22.4","80","Consumer Discretionary","Film and Television Production and Distribution","12.92","3"
"Quanex Building Products","NX","882.73","19.22","325971","2.29","11.87","-3.66","70.53","12.55","43.81","4.34","22.55","11.25","98","Construction","Building Products - Miscellaneous","-13.85","2"
"NXP Semiconductors","NXPI","56527.64","224.17","4380241","-16.25","-20.09","-26.74","26.93","-6.98","-2.74","25.28","332.67","184.19","31","Computer and Technology","Semiconductor - Analog and Mixed","22.56","3"
"Nextpower Inc.","NXT","13625.39","90.67","3221842","-12.59","-21.18","-28.19","35.94","-6.25","20.28","19.23","156.4","53.8","65","Oils-Energy","Solar","16.36","2"
"The New York Times Company","NYT","12210.92","75.44","1504814","4.24","2.96","-2.44","69.33","-2.12","9.24","15.1","85.86","51.89","102","Consumer Staples","Publishing - Newspapers","13.18","3"
"Realty Income","O","59194.63","63.48","5031656","-3.08",".46","1.8","64.92","1.43","9.07","18.94","67.56","55.93","88","Finance","REIT and Equity Trust - Retail","18.94","2"
"Blue Owl Capital Corporation","OBDC","5459.36","11","3565630",".73",".73","-1.08","8.65","-20.3","15.94","40.83","14.38","10.68","157","Finance","Financial - Miscellaneous Services","20.21","3"
"Owens Corning","OC","11532.46","143.21","871713","-.17","-2.44","19.49","74.04","15.26","-7.95","8.69","158.96","98.28","98","Construction","Building Products - Miscellaneous","-5.43","3"
"OceanFirst Financial","OCFC","1132.42","19.66","863114",".31","3.2","7.37","81.86","-1.35","-.75","22.33","20.4","16.32","65","Finance","Financial - Savings and Loan","6.38","3"
"Oaktree Specialty Lending","OCSL","1051.74","11.94","419075","1.36","-.75","-1.32","33.92","-15.59","-17","46.19","14.2","10.78","157","Finance","Financial - Miscellaneous Services","16.66","4"
"Ocular Therapeutix","OCUL","1839.27","8.4","2097872","-2.78","-13.04","-9.48","16.47","-37.68","-18.47","-579.3","16.11","6.88","147","Medical","Medical - Drugs","-579.1","4"
"Old Dominion Freight Line","ODFL","43989.45","211.52","1713818","-6.72","-2.27","8.41","69.61","21.5","-5.48","19.44","248.73","126.29","6","Transportation","Transportation - Truck","19.44","1"
"Orion S.A.","OEC","385.13","6.83","611765","1.49","24.86","-8.2","37.98","16.51","-3.77",".51","10.88","4.35","83","Basic Materials","Chemical - Specialty","-4.98","3"
"OFG Bancorp","OFG","2243.07","53.08","331758","1.34","6.82","18.72","100","16.66","3.29","29.57","53.08","37.15","41","Finance","Banks - Northeast","24.08","1"
"Orthofix Medical","OFIX","495.57","12.26","304028","3.03","5.96","5.06","45.47","-27.16","2.85","2.29","16.23","8.95","155","Medical","Medical - Instruments","-7.27","2"
"OGE Energy","OGE","9785.75","47.37","1406436","-3.88","-1.84","-.06","66.88","-.08","9.21","14.44","49.95","42.16","175","Utilities","Utility - Electric Power","14.44","2"
"Organon & Co.","OGN","3560.98","13.56","2579865",".15","0","1.73","100","70.33","-2.92","13.81","13.56","5.7","80","Medical","Medical Services","3.41","3"
"ONE Gas","OGS","4920.58","78.4","531443","-1.96","3.64","-7.72","32.49","-8.59","16.5","12.12","90.64","72.51","175","Utilities","Utility - Gas Distribution","11.77","3"
"Omega Healthcare Investors","OHI","14850.67","49.01","1871133","-4.65","-.02","4.25","78.86","-.45","13.19","66.96","51.72","38.9","61","Finance","REIT and Equity Trust - Other","66.96","2"
"OI Glass","OI","1144.77","7.45","4013701","-19.02","-25.8","-17.68","3.16","-54.54","-1.61","2","16.63","7.15","33","Industrial Products","Glass Products","-18.13","3"
"Oceaneering International","OII","4849.08","48.72","1190956","-6.61","25.31","28.45","87.29","82.61","4.62","6.84","52.73","21.17","187","Oils-Energy","Oil and Gas - Field Services","12.19","3"
"Oil States International","OIS","497.06","8.24","664926","-3.06","7.15","-7.73","35.33","9.62","-3.41","4","14.39","4.88","180","Oils-Energy","Oil and Gas - Mechanical and and Equipment","-16.78","3"
"ONEOK","OKE","55604.21","88.24","3469713","-1.36",".93",".51","77.37","8.13","54.99","9.4","95.24","64.31","74","Oils-Energy","Oil and Gas - Production Pipeline - MLB","9.29","3"
"Okta","OKTA","24605.91","141.57","2844041","3.01","-4.73","73.3","85.77","47.46","11.84","21.9","154.62","62.93","83","Computer and Technology","Security","8.24","2"
"Universal Display","OLED","3667.23","79.78","752609","-2.17","-.92","-12.18","2.51","-38.47",".45","32.24","151.38","77.94","54","Computer and Technology","Electronics - Miscellaneous Components","32.24","4"
"Ollie's Bargain Outlet","OLLI","4514.05","74.67","2086846","11.83","7.95","-1.4","16.21","-38.64","16.62","9.09","140.8","61.88","199","Consumer Staples","Consumer Products - Staples","9.13","3"
"Olin","OLN","2122.35","18.62","3445294","-14.9","-5.72","-34.48","3.27","-19.49","3.68","-1.3","30.14","18.23","98","Basic Materials","Chemical - Diversified ","-2.08","3"
"Omnicell","OMCL","1712.28","37.65","828177","-9.26","-16.78","-13.05","37.35","-25.14","6.53","8.85","51.39","29.46","68","Medical","Medical Info Systems","3.13","3"
"Omada Health, Inc.","OMDA","1219.29","20.51","1295150","-.34","-10.24","39.62","60.42","17.06","53.24","2.75","26.78","10.94","80","Medical","Medical Services","-2.22","3"
"OneMain","OMF","7440.88","64.68","1110465","5.58","7.66","21.65","69.74","-13.76","9.25","18.4","71.37","49.26","90","Finance","Financial - Consumer Loans","13.92","4"
"ON Semiconductor","ON","31509.02","80.4","9575203","-9.7","-15.09","-25.03","39.87","33.73","-15.35","17.11","133.93","44.9","31","Computer and Technology","Semiconductor - Analog and Mixed","10.17","3"
"Old National Bancorp","ONB","10272","26.85","4987043","1.67","1.51","11.13","94.28","8.39","26.39","34.07","27.29","19.6","47","Finance","Banks - Midwest","21.6","3"
"BeOne Medicines Ltd. - Sponsored ADR ","ONC","34426.94","313.77","372650","-3.72","1.39",".97","45.65","-6.98","40.23","8.94","377.47","260.27","147","Medical","Medical - Drugs","8.94","3"
"ONDAS INC","ONDS","4769.72","8.37","106829104","4.36","7.03","-11.15","52.56","-22.76","605.28","-76.9","14.01","2.12","102","Computer and Technology","Wireless National","247.85","3"
"On Holding ","ONON","24216.46","37.95","3960666","2.4","2.93","11.49","32.37","-26.46","38.09","9.51","50.63","31.88","83","Retail-Wholesale","Retail - Apparel and Shoes","7.92","3"
"Onterris, Inc.","ONT","795.42","22.01","458067","10.83","-.32","38.25","45.35","-20.16","19.26","7.09","31.06","14.5","43","Business Services","Business - Information Services",".71","3"
"Onto Innovation","ONTO","13355.65","268.49","1176890","2.35","-11.64","-6.62","61.88","53.19","1.82","23.24","378.45","90","1","Computer and Technology","Nanotechnology","10.32","1"
"Ooma","OOMA","590.7","21.48","386186","3.37","8.48","13.11","94.29","64.93","6.52","11.5","22.14","10.58","73","Computer and Technology","Communication - Components","3.17","3"
"Option Care Health","OPCH","3549.91","23.7","2523743","8.67","10.95","19.52","24.49","-33","13.03","4.89","36.59","19.52","102","Medical","Medical - Outpatient and Home Healthcare","3.68","3"
"OppFi","OPFI","847.1","9.92","525659","5.31","-.9","6.78","50.85","-14.58","13.52","18.79","12.24","7.52","154","Business Services","Financial Transaction Services","10.86","3"
"OPENLANE, Inc.","OPLN","4361.8","41.17","782517","2.62",".07","11.12","90.76","24.51","8.16","8.66","42.9","24.17","180","Auto-Tires-Trucks","Automotive - Original Equipment","9.47","2"
"Opera Limited","OPRA","1747.18","19.51","329735","3.39","-5.01","6.9","87.23","24.1","27.92","16.84","20.64","11.79","102","Computer and Technology","Internet - Content","17.72","3"
"Oportun Financial","OPRT","266.23","5.8","445510","1.58","-.68","6.03","56.23","-1.25","-4.5","5.97","7.1","4.13","157","Finance","Financial - Miscellaneous Services","1.87","2"
"Ormat Technologies","ORA","6023.5","98.02","821839","-4.01","-13.46","-20.72","21.4","-20.08","12.49","15.12","145.1","85.2","160","Oils-Energy","Alternative Energy - Other","10.97","3"
"Oracle","ORCL","408594.81","141.85","39276696","18.31","-1.33","-26.82","12.59","-34.45","17.35","33.16","328.33","114.99","88","Computer and Technology","Computer - Software","25.37","3"
"Old Republic International","ORI","10461.29","43.33","1273386",".6","4.23","10.48","69.28","-14.49","10.99","10.2","46.62","35.91","175","Finance","Insurance - Multi line","11.71","3"
"O'Reilly Automotive","ORLY","74385.47","89.76","8323192","-.92","6.55","-1.74","28.02","-11.37","6.42","14.27","107.82","82.73","48","Retail-Wholesale","Automotive - Retail and Wholesale - Parts","14.27","3"
"Orion Group","ORN","404.55","9.99","678357","-19.57","-32.91","-34.06","32.36","-9.48","7.01","1.09","17.14","6.57","58","Construction","Building Products - Heavy Construction",".4","3"
"Old Second Bancorp","OSBC","1325.93","25.78","454998","4.29","11.02","23.47","100","19.07","17.51","29.83","25.78","16.56","47","Finance","Banks - Midwest","20.22","1"
"Oscar Health","OSCR","9267.89","30.74","4195151","8.47","-2.23","39.73","93.25","92.67","27.5","-.3","32.18","10.85","175","Finance","Insurance - Multi line","-.3","1"
"Octave Specialty Group, Inc.","OSG","254.78","5.66","333619","-1.39","-11.84","1.62","28.01","-34.48","6.53","-1.71","10.08","3.94","175","Finance","Insurance - Multi line","-75.91","3"
"Oshkosh","OSK","9159.71","148.36","946233","-4.25","2.87","10.69","50.16","6.36","-3.1","5.51","177.94","118.59","78","Auto-Tires-Trucks","Automotive - Domestic","5.24","3"
"ONESPAN","OSPN","588.35","15.87","367689","4.75","5.17","34.04","92.71","11.32","0","22.39","16.32","10.15","148","Computer and Technology","Internet - Software","28.47","3"
"One Stop Systems","OSS","323.12","13.06","1140282","3.57","-16.07","-17.97","55.86","63.83","-41.1","3.55","19.95","4.34","29","Computer and Technology","Computer - Micro Computers","12.44","3"
"OneSpaWorld","OSW","2674.26","26.36","861295","-3.12","-4.77","9.88","75.08","14.47","7.37","11.12","28.68","19.37","83","Consumer Discretionary","Leisure and Recreation Services","8.02","4"
"Open Text","OTEX","6321.92","26.11","1413654","10.54","15.69","7.01","31","-27.82","-10.42","20.21","39.69","20.01","88","Computer and Technology","Computer - Software","9.91","3"
"Blue Owl Technology Finance Corp.","OTF","4769.84","10.31","2250426","2.38","-.58","-4.18","7.79","-36.14","67.45","45.65","15.52","9.87","169","Finance","Financial - SBIC & Commercial Industry","32.78","3"
"Otis Worldwide","OTIS","27480.52","72.19","3945237","-1.37","-1.77","-2.45","11.74","-25.57","1.19","10.4","93.62","69.34","52","Industrial Products","Manufacturing - General Industrial ","10.17","4"
"Ouster","OUST","2667.91","42.48","3711745","20.89","-14.75","58.51","56.33","76.8","52.46","-29.16","62.52","16.63","54","Computer and Technology","Electronics - Miscellaneous Components","-30.12","2"
"OUTFRONT Media","OUT","5612.9","31.88","1383717","-1.15","-1.94","-1.12","88.22","19.14",".04","9.98","33.9","16.75","61","Finance","REIT and Equity Trust - Other","9.98","4"
"Ovintiv","OVV","17048.16","61.88","3376039","3","16.1","4.72","95.4","42.21","-2.67","16.91","63.13","35.97","236","Oils-Energy","Oil and Gas - Exploration and Production - Canadian","9.43","3"
"Blue Owl Capital","OWL","17349","11.16","17684070","15.29","17.6","10.71","24.24","-32.72","25.04","49.15","20.32","8.23","67","Finance","Financial - Investment Management","2.71","3"
"Oxford Industries","OXM","568.12","38.05","408097","-5.56","10.1","-12.91","31.8",".21","-2.56","1.67","51.58","31.74","169","Consumer Discretionary","Textile - Apparel","-2.65","3"
"Occidental Petroleum","OXY","55172.39","55.47","9126831",".98","13.65",".6","60.58","21.5","-17.88","11.8","66.24","38.92","203","Oils-Energy","Oil and Gas - Integrated - United States","19.98","3"
"Bank OZK","OZK","5788.56","51.74","1328512","2.7","4.21","8.79","86.67","1.26","1.15","39.76","53.14","42.64","41","Finance","Banks - Northeast","24.95","4"
"Everpure, Inc.","P","26638.93","80.14","2307776","7.99","3.1","-8.24","58","7.71","15.61","18.96","98.7","54.51","148","Business Services","Technology Services","5.75","4"
"Plains All American Pipeline","PAA","17073.87","24.2","2171123","-.37","8.67","10.05","92.37","21.36","-11.61","2.94","24.89","15.85","74","Oils-Energy","Oil and Gas - Production Pipeline - MLB","2.53","3"
"Ranpak Holdings","PACK","463.65","5.42","560615","-18.98","-18","-14.24","49.54","-9.77","7.08","-9.09","7.64","3.24","187","Industrial Products","Containers - Paper and Packaging","-9.09","4"
"PACS Group, Inc.","PACS","7043.12","44.5","854523","-5.48","-1.11","39.5","93.45","4.4","29.32","4.49","47.08","7.71","80","Medical","Medical Services","4.49","2"
"Penske Automotive Group","PAG","14281.67","217.5","545537",".83","18.58","25.53","92.83","23.76","4.44","2.65","223.44","140.6","193","Retail-Wholesale","Automotive - Retail and Whole Sales","2.81","3"
"Plains Group","PAGP","5145.51","26","1367118","-.34","7.57","10.59","93.27","22.35","-11.61",".34","26.66","16.85","187","Oils-Energy","Oil and Gas - Production and Pipelines",".43","3"
"PagSeguro Digital","PAGS","2685.18","9.6","2823916","2.35","7.5","-1.44","43.53","-10.31","13.54","11.62","12","7.75","154","Business Services","Financial Transaction Services","10.4","4"
"Pangaea Logistics Solutions","PANL","497.81","7.61","355220","2.01","11.26","-1.04","63.67","-.38","17.8","3.96","9.35","4.56","40","Transportation","Transportation - Shipping","5.1","3"
"Palo Alto Networks","PANW","282910.97","347.13","6510319","9.39","-2.91","62.47","94.68","69.73","14.87","25.94","358.68","141.67","83","Computer and Technology","Security","7.95","3"
"PAR Technology","PAR","715.21","17.34","799743","4.9","-6.47","12.67","11.27","-56.95","30.16","1.89","60.78","11.82","154","Business Services","Financial Transaction Services","-16.04","2"
"Par Pacific","PARR","4155.46","82.87","999205","5.38","36.43","28.48","94.64","112.4","-6.39","6.35","86.03","27.09","21","Oils-Energy","Oil and Gas - Refining and Marketing","6.02","3"
"UiPath","PATH","6761.47","13.05","83918248","12.31","10.31","22.42","37.03","-28.29","12.65","24.31","19.29","9.38","148","Computer and Technology","Internet - Software","19.58","3"
"Patria Investments Limited","PAX","743.06","11.17","960051",".99",".18","-4.94","7.09","-36.69","2","56.9","17.59","10.68","67","Finance","Financial - Investment Management","16.31","3"
"Paymentus","PAY","4342.25","34.52","1029251","9.66","22.63","29.43","76.44","-1.58","37.25","7.88","38.93","20.21","154","Business Services","Financial Transaction Services","6.24","3"
"Paycom Software","PAYC","8034","168.67","776997","11.48","20.57","21.84","45.79","-4.67","8.95","24.95","233.89","113.59","148","Computer and Technology","Internet - Software","22.44","2"
"Payoneer Global","PAYO","2380.28","7.11","4221631","-.14","-.28","39.14","90.16","13.94","7.68","7.5","7.42","4.27","154","Business Services","Financial Transaction Services","6.76","3"
"Paysign","PAYS","517.13","9.25","497389","4.05","10.78","38.06","100","61.77","40.49","11.38","9.25","3.18","154","Business Services","Financial Transaction Services","11.38","3"
"Paychex","PAYX","41853.2","117.67","3255082","1.9","11.65","25.34","54.63","-5.53","16.88","30.48","144.33","85.57","148","Computer and Technology","Internet - Software","27.03","3"
"Prosperity Bancshares","PB","7589.31","75.25","1032466","3.74","5.87","9.93","94.48","-1.93","-2.84","42.22","76.03","61.89","55","Finance","Banks - Southwest","29.95","3"
"Pembina Pipeline","PBA","27958.46","48.08","909733","-3.67","3.04","3.84","79.27","13.78","3.29","21.69","51.37","35.5","187","Oils-Energy","Oil and Gas - Production and Pipelines","22.41","4"
"PBF Energy","PBF","8034.33","67.91","3299211","8.21","37.86","59.71","89.91","125.53","-11.42","1.89","73.1","21.68","21","Oils-Energy","Oil and Gas - Refining and Marketing","3.94","1"
"PRESTIGE CONSMR","PBH","2459.56","51.92","479661","3.02","6.26","2.51","21.8","-24.2","-4.31","19.6","75.16","45.44","157","Medical","Medical - Products","17.48","4"
"Pitney Bowes","PBI","2477.22","18.07","1856030","-.44","7.56","13.65","95.36","53.97","-6.61","13.53","18.51","9.02","24","Computer and Technology","Office Automation and Equipment","10.04","1"
"Puma Biotechnology","PBYI","391.42","7.69","337996","-3.75","-6.45","7.7","83.85","16.41","-.91","13.73","8.58","3.07","101","Medical","Medical - Biomedical and Genetics","10.69","3"
"PACCAR","PCAR","69511.75","132.06","3669856","-1.03","4.88","16.91","86.4","8.61","-15.5","9.79","138.21","93","78","Auto-Tires-Trucks","Automotive - Domestic","9","2"
"PG&E","PCG","46714.33","17.43","20553416","-.97","3.63","7.53","66.99","-2.31","2.11","15.25","19.11","14.02","175","Utilities","Utility - Electric Power","12.25","4"
"Procore Technologies","PCOR","8397.05","55.26","3123070","18.64","25.48","10.3","41.06","-31.58","14.83","17.26","79.6","38.3","148","Computer and Technology","Internet - Software","-2.73","3"
"Pacira BioSciences","PCRX","1059.25","26.92","548910","1.7","5.2","18.38","96.28","-6.31","3.63","15.89","27.22","19.16","101","Medical","Medical - Biomedical and Genetics",".7","3"
"Paylocity Holding","PCTY","7483.85","139.77","648869","7.38","22.85","27.2","48.7","-17.45","13.74","25.69","186.82","95.1","148","Computer and Technology","Internet - Software","14.94","3"
"PagerDuty","PD","856.06","11.1","1579274","13.73","11.56","60.87","46.94","-23.74","5.36","22.57","17.17","5.73","148","Computer and Technology","Internet - Software","38.6","3"
"PDD Holdings Inc. Sponsored ADR","PDD","128319.2","90.15","6472127","6.25","7.65","-8.76","25.99","-28.39","14.45","23.52","138.13","73.3","179","Retail-Wholesale","Internet - Commerce","21.86","3"
"PDF Solutions","PDFS","1916.21","48","515338",".59","-15.42","-12.87","56.02","51.53","22.04","18.05","70.79","18.97","74","Computer and Technology","Computer - Services","3.1","3"
"Piedmont Realty Trust, Inc.","PDM","1236.31","9.88","713056","1.02","2.7","19.18","97.76","6.7","-.93","-14.18","9.96","6.39","61","Finance","REIT and Equity Trust - Other","-14.18","2"
"Palladyne AI Corp.","PDYN","261.3","5.62","1117535","8.7","-1.58","-14.72","23.9","18.82","-32.62","-434.93","10.3","4.15","148","Business Services","Technology Services","-358.04","4"
"Pebblebrook Hotel Trust","PEB","2188.02","19.39","2219700",".41","3.97","34.93","96.53","54.28","1.53","-3.11","19.75","9.39","61","Finance","REIT and Equity Trust - Other","-3.11","1"
"PEOPLES BANCORP","PEBO","1500.23","41.74","329442","2.66","7.61","23.86","96.64","25.19","-.28","27.92","42.23","27.67","53","Finance","Banks - Southeast","19.17","2"
"Phillips Edison & Company","PECO","5431.14","42.2","861780","-2.61",".98","6.27","83.5","6.85","9.86","19.14","44.01","33.04","88","Finance","REIT and Equity Trust - Retail","19.14","2"
"Public Service Enterprise Group","PEG","38181.39","76.62","2899444","-3.27","-5.16","-1.36","1.31","-14.06","18.25","16.33","90.14","76.44","175","Utilities","Utility - Electric Power","17.69","3"
"Pegasystems","PEGA","5157.38","31.37","3866934","9.69",".29","-8.44","13.23","-52.69","16.61","19.43","66.64","25.99","88","Computer and Technology","Computer - Software","18.66","4"
"Penguin Solutions, Inc.","PENG","2695.37","52.6","4958531",".21","-22.32","20.81","55.81","142.2","16.91","9.62","81.39","16.24","148","Computer and Technology","Internet - Software","6.44","1"
"PENN Entertainment, Inc.","PENN","2674.19","19.98","2741814","-5.67","-5.53","25.34","79.81","22","5.82",".13","22.06","11.76","185","Consumer Discretionary","Gaming","-13.55","1"
"PepsiCo","PEP","190579.8","139.63","8767531","-.11","-2.55","-6.55","13.17","-12.38","2.25","11.82","170.49","134.95","68","Consumer Staples","Beverages - Soft drinks","10.78","4"
"Pfizer","PFE","142657.09","25.03","38537688","1.46","5.52","-3.02","33.08","-9.46","-1.65","27.58","28.55","23.29","230","Medical","Large Cap Pharmaceuticals","11.83","3"
"Principal Financial Group","PFG","24649.87","115.13","1660770","3.45","2.29","14.91","100","17.55","-3.11","12.38","115.13","75.53","175","Finance","Insurance - Multi line","9.93","3"
"Performance Food Group","PFGC","17964.8","114.36","1609103",".05",".55","21.57","93.57","14.55","8.61","1.06","116.65","81.03","102","Retail-Wholesale","Food - Natural Foods Products",".49","3"
"PennantPark Floating Rate Capital","PFLT","709.41","7.15","1201795","2.58","-2.05","-18.19","7.97","-30.53","40.28","39.29","10.5","6.86","67","Finance","Financial - Investment Management","23.08","2"
"Provident Financial Services","PFS","3281.3","25.18","1060326","5.53","6.65","13.99","100","14.83","21.25","34.47","25.18","17.77","65","Finance","Financial - Savings and Loan","22.15","2"
"Procter & Gamble","PG","337577.03","144.97","8663282","-2.46","-2.91","1.12","23.76","-8.89","3.26","19.17","167.2","138.04","199","Consumer Staples","Consumer Products - Staples","18.44","4"
"Precigen","PGEN","2356.54","6.61","3943008","21.96","18.04","57.38","100","42.43","146.73","262.49","6.61","1.67","101","Medical","Medical - Biomedical and Genetics","-647","3"
"Progyny","PGNY","2469.82","31.53","1075338","-.19","1.94","39.82","94.83","10.58","10.4","13.08","32.36","16.3","80","Medical","Medical Services","5.23","1"
"The Progressive","PGR","122979.45","210.46","3010596","-2.46","-9.16","6.88","32.21","-16.76","16.32","12.08","252.68","190.4","152","Finance","Insurance - Property and Casualty","12.84","3"
"Pagaya Technologies Ltd.","PGY","1842.63","22.235","3171787","31.1","18.84","52.92","34.96","-4.18","26.07","24.46","43.81","10.64","157","Finance","Financial - Miscellaneous Services","9.12","3"
"ParkerHannifin","PH","125773.7","997.52","552981","1.03","2.69","14.09","92.18","2.22","-.4","18.8","1023.02","697.13","52","Industrial Products","Manufacturing - General Industrial ","16.58","3"
"Phathom Pharmaceuticals","PHAT","726.49","8.98","1557190","-24.85","-21.09","-26.51","6.47","-51.25","216.93","-13.23","18.08","8.35","101","Medical","Medical - Biomedical and Genetics","-41.34","3"
"Koninklijke Philips","PHG","25781.07","26.23","1370851","4.84","-6.85","-1.87","15.34","-12.76","3.44","8.99","32.91","25.02","157","Medical","Medical - Products","6.3","3"
"PulteGroup","PHM","24235.74","129.29","1895022","-1","-1.59","11.99","59.11","-.69","-3.54","12","142.56","110.11","169","Construction","Building Products - Home Builders","11.62","2"
"Phreesia","PHR","698.47","11.3","733143","6.3","1.8","18.08","13.23","-39.85","14.48","3.4","32.55","8.06","68","Medical","Medical Info Systems","1.85","3"
"Impinj","PI","4932.71","161.44","416904","23.91","9.08","5.01","46.56","-16.44","-1.37","17.43","241.91","91.34","41","Computer and Technology","Electronics - Semiconductors","-7.26","1"
"Polaris","PII","4019.67","70.64","851212","-5.44","9.81","6.58","84.86",".59","-.33","2.02","74.7","47.88","78","Auto-Tires-Trucks","Automotive - Domestic","-3.5","1"
"Pinterest","PINS","13533.4","24.16","10559314","2.81","8.58","16.38","36.8","-15.95","15.79","25.52","39.17","15.42","148","Computer and Technology","Internet - Software","7.64","4"
"PIPER SANDLR CP","PIPR","5395.08","75.94","622741","-.35","4.11","-5.05","24.33","-19.47","24.79","16.49","94.51","69.97","157","Finance","Financial - Miscellaneous Services","14.51","3"
"PJT Partners","PJT","4404.15","170.54","463485","1.02","-.86","11.22","66.52","-8.13","14.77","16.67","191.42","129.05","157","Finance","Financial - Miscellaneous Services","10.57","2"
"Park Hotels & Resorts","PK","3044.59","15.12","3943098",".6","5.73","37.08","96.35","30.19","-2.23","-8.49","15.32","9.84","61","Finance","REIT and Equity Trust - Other","-8.49","2"
"Packaging Corporation of America","PKG","22371.78","251.09","757328","-.51","6.22","13.35","94.76","9.66","7.23","9.24","254.39","191.41","187","Industrial Products","Containers - Paper and Packaging","7.25","3"
"POSCO Holdings Inc.","PKX","16013.45","52.94","363795","-.3","1.89","-40.26","16.76","-10.39","-8.71","1.79","91.72","45.13","175","Conglomerates","Diversified Operations","1.79","2"
"Planet Labs PBC","PL","7673.35","21.53","7765134","2.52","-30.23","-48.54","33.94","-1.67","25.94","-5.57","51.4","6.18","193","Computer and Technology","Satellite and Communication","-111.17","4"
"Prologis","PLD","134502.91","144.15","4394248","-2.11","2.82",".06","87.15","1.7","7.18","49.81","150.06","104.08","61","Finance","REIT and Equity Trust - Other","45.79","2"
"Pelagos Insurance Capital Limited","PLGO","2184.72","25.31","313180","-2.39","2.76","22.21","93.97","16.48","3.33","13.92","25.98","14.87","175","Finance","Insurance - Multi line","15.33","3"
"Planet Fitness","PLNT","4467.07","56.23","1739722","3.71","7.27","16.18","17.98","-53.31","12.06","19.36","111.97","44.01","83","Consumer Discretionary","Leisure and Recreation Services","16.52","4"
"Palantir Technologies","PLTR","301222.25","125.65","36059380","-4.47","-5.2","-8.21","18.4","-36.33","56.18","50.03","207.18","107.27","148","Computer and Technology","Internet - Software","49.01","2"
"Plexus","PLXS","6977.27","260.77","333060","2.92","-5.24","-4.05","75.9","59.77","1.82","4.93","303.82","125.16","5","Computer and Technology","Electronics - Manufacturing Services","4.03","3"
"Philip Morris International","PM","292099.75","187.41","5112487","-4.22","1.43","2.91","77.15","5.23","4.94","29.74","200.17","144.33","218","Consumer Staples","Tobacco","11.06","4"
"The PNC Financial Services Group","PNC","101081.85","251.72","2001003",".83","-.58","17.3","95.47","8.62","-1.29","30.7","255.2","178.37","20","Finance","Financial - Investment Bank","21.41","3"
"Pinnacle Financial Partners","PNFP","8342.46","107.54","1309741","4.35","7.24","11.41","100","1.52","8.13","31.89","107.54","82.1","53","Finance","Banks - Southeast","15.4","4"
"Pentair","PNR","10706.92","67.07","3861118","6.16","-11.2","-11.55","10.94","-41.99","2.28","19.54","112.59","61.48","102","Business Services","Waste Removal Services","16.24","4"
"Pinnacle West Capital","PNW","12216.88","100.81","1239143","-4.34","-5.71","1.1","63.57","2.36","4.2","11.99","109.37","85.87","175","Utilities","Utility - Electric Power","11.99","2"
"Insulet","PODD","11754.21","169.7","1271540","2.85","6.22","10.07","14.37","-46.23","30.73","13.12","352.82","138.97","157","Medical","Medical - Products","10.44","4"
"Pony AI Inc. - Sponsored ADR","PONY","3497.03","8.05","3494157","9.08","15","-11.64","8.41","-50","19.96","-172.41","24.06","6.58","166","Transportation","Transportation - Equipment and Leasing","-128.22","3"
"Pool Corp.","POOL","7107.52","195.58","906010","5.94","-9.13","5.85","12.84","-22.99","-.41","7.52","333.62","175.24","78","Consumer Discretionary","Leisure and Recreation Products","7.4","4"
"Portland General Electric","POR","5898.03","50.15","1038342","-2.11","-3.56","3.7","68.93","-5.88","3.95","8.63","54.22","41.12","175","Utilities","Utility - Electric Power","7.27","3"
"Post Holdings","POST","4091.27","90.27","830955","-1.14","2","-10.21","18.62","-17.92","2.97","5.71","114.61","84.7","210","Consumer Staples","Food - Miscellaneous","4.01","4"
"Power Integrations","POWI","3365.49","60.4","720451","-4.75","-17.33","-18.75","52.24","53.07","5.86","14.94","87.35","30.92","102","Computer and Technology","Semiconductors - Power","3.72","3"
"Powell Industries","POWL","8004.76","219.72","829305",".22","-11.42","-31.78","58.43","86.24","9.08","16.49","322.05","75.89","93","Industrial Products","Manufacturing - Electronics","16.49","3"
"PPG Industries","PPG","25344.42","114.01","2138571","-3.76","-8.09","5.61","52.85",".22",".19","10.55","131.56","94.34","83","Basic Materials","Chemical - Specialty","9.57","3"
"PPL","PPL","26482.73","35.2","7240457","-2.25","-2.52","-2.87","29.62","-9.47","6.85","14.8","39.81","33.26","175","Utilities","Utility - Electric Power","13.09","4"
"People Incorporated","PPLI","2885.23","42.06","825191","-.66","-10.97","1.13","65.47","-3.12","-37.14","19.52","47.62","31.52","169","Consumer Discretionary","Media Conglomerates","16.05","3"
"Permian Resources Corporation","PR","17499.32","20.9","8342070","3.21","14.9","3.72","84.47","34.17","1.29","23.36","22.52","12.09","216","Oils-Energy","Oil and Gas - Exploration and Production - United States","12.79","3"
"PRA Group","PRAA","665.56","17.45","323473","-2.57","-4.8","1.81","59.53","-11.16","7.83","11.87","22.23","10.42","157","Finance","Financial - Miscellaneous Services","-22.51","3"
"Porch Group","PRCH","2052.39","16.07","1961644","26.44","8","52.61","76.5","58.53","10.18","-2.87","19.04","6.4","148","Computer and Technology","Internet - Software","-2.67","4"
"PROCEPT BIOROBO","PRCT","1046.17","18.38","1568283","3.9","-13.34","-30.51","5.08","-47.38","37.22","-31.82","49.96","16.69","155","Medical","Medical - Instruments","-31.82","4"
"Perdoceo Education","PRDO","2042.24","32.57","820755","2.68","-6.94","-8.59","48.96",".02","24.2","21.4","37.95","27.41","83","Consumer Discretionary","Schools","19.91","3"
"Prog Holdings","PRG","1834.6","45.79","518760","5.78","5.87","29.68","91.85","39.85","-2.2","6.3","47.53","26.18","90","Finance","Financial - Consumer Loans","5.57","1"
"Perrigo","PRGO","1477.77","10.68","2886004","5.33","-3.7","-3.52","8.07","-30.9","-2.75","8.56","26.96","9.25","157","Medical","Medical - Products","-43.5","3"
"Progress Software","PRGS","1702.04","41.5","606428","7.35","7.12","46.28","71.38","-12.99","29.79","26.69","48.08","25.09","88","Computer and Technology","Computer - Software","8.87","2"
"Primoris Services","PRIM","4765.75","87.84","1362943","2.7","-2.62","-23.21","10.21","-36.27","18.97","3.83","202.92","74.76","58","Construction","Building Products - Heavy Construction","3.31","4"
"Primo Brands Corporation","PRMB","8102.85","22.33","2430876","-2.28","-11.67","-5.46","59.85","23.01","29.34","7.07","27.61","14.46","68","Consumer Staples","Beverages - Soft drinks",".88","2"
"Paramount Resources","PRMRF","3036.93","20.81","564075","-.62","7.38","-2.53","66.79","6.18","-46.08","7.68","24.17","14.06","236","Oils-Energy","Oil and Gas - Exploration and Production - Canadian","6.65","3"
"Prothena","PRTA","436.1","8.33","572385","-4.25","-12.32","-13.86","32.34","-21.44","-92.84","-227.23","11.51","6.81","101","Medical","Medical - Biomedical and Genetics","-260.92","3"
"Prudential Financial","PRU","42674.06","122.98","1791510",".89","7.61","21.62","97.03","-1.87","-15.25","8.81","123.93","92","175","Finance","Insurance - Multi line","5.83","3"
"Privia Health Group","PRVA","2997.83","23.79","1114537","-3.57","-12.51","4.53","53.35","-9.63","22.26",".97","28.1","18.86","68","Medical","Medical Info Systems",".97","3"
"Public Storage","PSA","57210.36","325.9","1304084",".58",".59","4.61","93.65","13.11","2.74","41.8","330.47","258.44","61","Finance","REIT and Equity Trust - Other","41.8","3"
"Paramount Skydance Corporation","PSKY","9199.6","8.22","11201913","2.37","-18.53","-24.59","3.44","-44.75","-1.1","2.21","19.73","7.81","169","Consumer Discretionary","Media Conglomerates","-2.08","3"
"Parsons","PSN","5085","47.61","1823658","-19.94","-17.13","-2.32","14.89","-30.61","-5.72","4.03","89.29","40.32","148","Business Services","Technology Services","2.5","3"
"Personalis","PSNL","1382.32","13.2","5263449","10.18","-7.95","128.37","77.25","49.36","-17.69","-148.11","15.79","4.41","227","Medical","Medical - Generic Drugs","-148.11","4"
"Phillips 66","PSX","82668.79","206.19","2530689","-.78","16.27","17.58","93.53","43.92","-6.14","2.32","212.27","118.37","21","Oils-Energy","Oil and Gas - Refining and Marketing","2.99","3"
"PTC","PTC","15175.14","139.855","1607534","11.7","11.9","-4.16","26.42","-27.7","19.18","38.92","216.53","112.33","88","Computer and Technology","Computer - Software","41.67","3"
"PTC Therapeutics","PTCT","5684.93","68.115","1374963","-10.14","-20.28","-11.37","53.65","-19.24","114.51","-3.8","89.55","43.3","101","Medical","Medical - Biomedical and Genetics","-3.8","2"
"PattersonUTI Energy","PTEN","3898.67","10.27","9376374","9.14","19.98","-13.41","66.36","51.39","-10.25","-1.15","12.85","5.18","202","Oils-Energy","Oil and Gas - Drilling","-1.92","2"
"Protagonist Therapeutics","PTGX","8507.11","132.28","690866","-2.42",".59","27.81","90.41","36.41","-89.41","-154.88","140.91","50.96","101","Medical","Medical - Biomedical and Genetics","-154.88","2"
"Peloton Interactive","PTON","2792.8","6.45","7168880","3.04","9.88","21.47","51.8","-5.69","-7.77",".94","9","3.71","78","Consumer Discretionary","Leisure and Recreation Products",".94","3"
"PubMatic","PUBM","601.91","12.96","412797","1.33","-4.14","31.17","88.48","31.6","-2.86","4.66","13.83","6.28","148","Computer and Technology","Internet - Software","-6.21","3"
"ProPetro Holding","PUMP","1370.71","11.16","4433633","3.43","-9.19","-32.97","48.54","5.69","-12.13","-1.15","18.2","4.52","187","Oils-Energy","Oil and Gas - Field Services","-1.15","3"
"PVH","PVH","4094.4","88.8","855128","5.8","15.58","6.6","73.62","19.34","3.44","5.87","98.81","60.87","169","Consumer Discretionary","Textile - Apparel","1.76","3"
"Quanta Services","PWR","102263.58","680.2","1158492","9.66",".91","-12.95","74.55","45.15","20.31","6.19","785.24","372.5","90","Construction","Engineering - R and D Services","4.03","3"
"PayPal","PYPL","49505.52","57.87","18954226","3.21","28.34","28.4","50.72","-10.72","4.32","14.35","76.13","39.08","154","Business Services","Financial Transaction Services","14.36","3"
"Qualcomm","QCOM","159183.95","151.57","13276038","-10.86","-18.72","-36.19","21.66","-20.19","13.66","27.76","251.02","124.07","41","Computer and Technology","Electronics - Semiconductors","21.01","3"
"QuidelOrtho","QDEL","1207.66","17.71","1117025","5.23","-1.61","77.81","30.49","-44.15","-1.89","3.44","35.38","9.96","157","Medical","Medical - Products","-45.57","2"
"Qfin Holdings Inc. - Sponsored ADR","QFIN","1687.48","13.86","1170844","2.21","-9.23","5.16","9.52","-35.22","16.78","27.48","34.86","11.65","157","Finance","Financial - Miscellaneous Services","27.48","2"
"QIAGEN","QGEN","8723.14","42.33","2910599","3.04","8.12","29.73","42.12","-19.46","5.65","24.47","55.66","32.63","101","Medical","Medical - Biomedical and Genetics","19.16","4"
"Qualys","QLYS","5454.76","154.89","745065","14.91","-2.13","69.22","89.5","4.97","10.13","38.83","164.12","76.2","83","Computer and Technology","Security","29.41","3"
"Quantum","QMCO","416.07","10.56","917538","-3.74",".28","7.98","53.69","47.46","2.02","-10.62","15.95","4.31","23","Computer and Technology","Computer- Storage Devices","-36.14","2"
"QuinStreet","QNST","896.72","15.61","676272",".45","-4.76","22.58","70.53","-2.16","78.27","5.04","17.72","10.56","102","Computer and Technology","Internet - Delivery Services","5.53","3"
"Qorvo","QRVO","7894.95","89.49","1184333","-.3","2.71","-4.2","41.82","-4.63","-1.09","19.62","108.23","76.02","102","Computer and Technology","Semiconductors - Radio Frequency","10.95","4"
"Restaurant Brands International","QSR","25471.56","72.94","2502961","-1.98","-.42","-6.76","55.93","-3.72","12.23","17.71","81.67","61.86","163","Retail-Wholesale","Retail - Restaurants","9.96","4"
"Q2 Holdings","QTWO","3894.05","62.45","953137","7.39","16.93","32.03","48.3","-22.05","14.12","19.66","84.24","42.09","148","Computer and Technology","Internet - Software","10.87","1"
"QuickLogic","QUIK","244.21","13.4","314471","4.12","-17.44","-35.23","45.15","100.81","-31.51","-61.52","23.74","4.89","41","Computer and Technology","Electronics - Semiconductors","-102.41","3"
"QXO INC","QXO","14618.11","14.09","25995476","-.28","-10.88","-23.59","5.74","-34.21","11930.67","1.98","27.07","13.3","148","Business Services","Technology Services","-6.02","3"
"Ryder System","R","10060.68","262.36","365713","-2.35","-.05","12.86","85.03","23.46",".23","4.24","280.34","160.2","166","Transportation","Transportation - Equipment and Leasing","3.88","3"
"Ferrari","RACE","93877.27","401.28","459026","5.6","2.4","21.87","45.74","-2.2","11.86","22.29","504.09","314.63","180","Auto-Tires-Trucks","Automotive - Original Equipment","22.29","3"
"Ralliant Corporation","RAL","7208.2","65.15","1827393","-6.7","-5.93","31.46","75.94","15.26","-3.99","13.17","73.63","38.39","148","Business Services","Technology Services","-56.38","1"
"LiveRamp","RAMP","2303.19","37.89","896863",".19",".93","29.1","99.23","16.19","9.03","18.18","38.01","22.42","148","Business Services","Technology Services","17.95","3"
"Ultragenyx Pharmaceutical","RARE","2464.2","25.02","1911813","-6.95","-25.76","-4.87","36.14","-2.02","20.13","-91.03","36.54","18.5","101","Medical","Medical - Biomedical and Genetics","-91.03","2"
"RB Global, Inc.","RBA","20775.94","112.22","913895","-3.55","-1.64","7.46","72.01","-1.75","7.15","17.34","119.14","94.42","154","Business Services","Financial Transaction Services","9.55","2"
"Roblox","RBLX","24568.64","36.67","11387366","-24.27","-35.7","-11.23","1.01","-59.24","35.77","-12.86","141.56","35.6","185","Consumer Discretionary","Gaming","-17.6","3"
"Rubrik, Inc.","RBRK","15383.63","74.74","2430852","-.11","-14.45","20.22","56.56","-11.98","48.46","4.39","98.5","43.81","148","Computer and Technology","Internet - Software","-20.25","3"
"Red Cat","RCAT","1013.85","8.26","7510541","6.03","-18.3","-26.58","18.9","-6.19","739.77","-136.92","17.36","6.14","148","Business Services","Technology Services","-138.36","3"
"Rogers Communication","RCI","18394.67","34.05","1557622","3.78","8.27","-6.79","27.31","-18.72","3.33","12.15","40.97","31.45","229","Utilities","Diversified Communication Services","27.54","4"
"Royal Caribbean Cruises","RCL","86654.48","324","2493142","6.22","12.59","22.98","64.88","4.62","8.8","23.8","365.84","246.71","83","Consumer Discretionary","Leisure and Recreation Services","23.54","3"
"Recruit Holdings Co.","RCRUY","116548.7","15.83","776453","3.4","7.32","61.7","96.7","26.73","5.13","13.47","16.11","7.63","43","Business Services","Business - Information Services","13.47","1"
"Arcus Biosciences","RCUS","3473.85","27.62","1019870","-.79","-7.87","11.1","84.29","4.39","-4.26","-156.36","31.08","9.06","101","Medical","Medical - Biomedical and Genetics","-156.36","3"
"Reddit Inc.","RDDT","29783.07","154.71","5888746","-13.68","-22.98","-3.01","22.08","-39.38","69.4","31.35","270.71","121.84","148","Computer and Technology","Internet - Software","31.35","2"
"Radian Group","RDN","5224.6","39.29","1303945",".8","2.88","4.61","94.78","-1.68","-7.22","45.7","39.71","31.67","175","Finance","Insurance - Multi line","40.5","3"
"RadNet","RDNT","5252.77","66.8","665234","8.6","-3.08","19.5","45.78","-15.68","11.51","1.68","84.48","51.87","102","Medical","Medical - Outpatient and Home Healthcare","-.66","3"
"Redwire Corporation","RDW","2302.28","9.64","15490637","9.17","-15.14","-20.72","21.98","14.24","10.29","-31.35","25.9","5.06","98","Aerospace","Aerospace - Defense","-80.9","3"
"Dr. Reddys Laboratories","RDY","10074.43","12.07","3107810","2.55","-15.95","-8.14","17.25","-22.57","-6.06","10.76","15.38","11.38","227","Medical","Medical - Generic Drugs","10.15","4"
"The RealReal","REAL","1509.71","12.53","2670186","7.46","9.34","25.68","62.52","-28.48","15.38","-8.2","16.9","5.24","199","Consumer Discretionary","Consumer Products - Discretionary","-9.03","3"
"Regency Centers","REG","14702.67","80.3","1314629","-2.48",".58","3.32","84.67","4.77","6.85","34.38","82.68","67.16","88","Finance","REIT and Equity Trust - Retail","34.38","3"
"Regeneron Pharmaceuticals","REGN","80266.71","759.24","791953","13.8","16.84","6.52","80.12","-11.41",".99","32.95","812.27","545.46","101","Medical","Medical - Biomedical and Genetics","27.86","3"
"Richardson Electronics","RELL","286.04","19.65","321164","6.33","16.14","27.51","82.49","62.67","9.41","2.49","21.82","9.43","8","Computer and Technology","Electronics - Parts Distribution","2.79","1"
"Remitly Global","RELY","5049.25","23.98","2607142","5.83","-1.03","-1.24","90.41","56.51","29.37","6.24","25.23","12.2","154","Business Services","Financial Transaction Services","6.12","3"
"RPC","RES","1276.74","5.76","1413934","5.3","4.73","-17.95","40.58","-4.64","14.95","2.97","8","4.23","187","Oils-Energy","Oil and Gas - Field Services","1.28","2"
"Rexford Industrial Realty","REXR","8404.42","37.69","3059487","-2.64","10.01","5.02","44.28","-12.33","7.13","-39.22","44.26","32.47","61","Finance","REIT and Equity Trust - Other","-39.22","3"
"Reynolds Consumer Products","REYN","5318.26","25.23","1169929","-1.06","-4.65","16.81","70.54","-.86",".7","9.54","27.18","20.56","199","Consumer Discretionary","Consumer Products - Discretionary","9.11","3"
"Resideo Technologies","REZI","5486.17","36.23","1798189","2.81","12.9","-3.31","56.66","-7.09","10.52","5.71","44.5","25.42","96","Industrial Products","Security and Safety Services","-6.71","3"
"Regions Financial","RF","26864.39","31.48","10231267","2.41","3.28","17.33","89.83","4.62","2.51","29.79","32.4","23.35","53","Finance","Banks - Southeast","23.33","3"
"Reinsurance Group of America","RGA","15485.35","236.37","355402","-1.1","5.48","12.84","90.43","4.63","7.2","6.79","242.64","177.1","192","Finance","Insurance - Life Insurance","4.92","3"
"Repligen","RGEN","8299.42","147.06","1231659","12.21","3.96","26.87","63.68","-19.17","16.36","14.2","172.26","102.87","101","Medical","Medical - Biomedical and Genetics","5.29","1"
"REGENXBIO","RGNX","514.91","9.96","1981010","2.57","-32.84","-1.19","41.72","-37.7","104.54","-330.23","15.98","5.65","101","Medical","Medical - Biomedical and Genetics","-330.23","4"
"RH","RH","3283.85","173.74","766329","-3.25","2.8","34.47","44.08","-12.65","8.14","2.47","251","112.85","199","Consumer Staples","Consumer Products - Staples","3.01","3"
"Robert Half Inc.","RHI","3961.83","38.73","2729279","-2.54","16.38","45.93","84.48","28.43","-7.2","2.17","41.83","21.86","102","Business Services","Staffing Firms","2.17","3"
"Ryman Hospitality Properties","RHP","8312.12","131.71","497267","-2.39","2.87","21.17","91.45","25.37","10.17","9.45","135.99","85.91","61","Finance","REIT and Equity Trust - Other","9.45","2"
"Transocean","RIG","5749.67","5.15","42605256","-2.46","4.46","-21.37","49.16","12.31","12.51","1.79","7.58","2.8","202","Oils-Energy","Oil and Gas - Drilling","-66.79","4"
"Rigel Pharmaceuticals","RIGL","692.53","37.43","325474",".11","-7.02","42.86","54.75","-21.29","64.15","39.66","50.96","21.06","147","Medical","Medical - Drugs","121.5","4"
"RITHM CAP CP","RITM","5616.56","10.06","6443143","8.99","8.99","3.71","33.51","-16.87","-11.9","29.16","12.62","8.77","157","Finance","Financial - Miscellaneous Services","9.2","3"
"Rivian Automotive","RIVN","20899.97","15.355","38728132","-6.83","-23.76","9.06","34.37","-29.83","8.39","-48.17","22.45","11.64","78","Auto-Tires-Trucks","Automotive - Domestic","-54.96","3"
"Raymond James Financial","RJF","34626.82","177.68","1260618","2.35","6.77","17.64","100","-.35","6.63","15.73","177.68","140.89","20","Finance","Financial - Investment Bank","13.57","3"
"Rocket Lab Corporation","RKLB","40761.43","70.43","18786152","5.21","-24.34","-39.98","27.95","-9.07","37.96","-15.82","150.23","39.48","61","Aerospace","Aerospace - Defense Equipment","-26.87","4"
"Rocket Companies","RKT","38706.6","13.68","28941978","1.41","-12.03","-7.75","11.99","-36.36","31.25","11.58","23.44","12.35","185","Finance","Financial - Mortgage & Related Services","2.78","4"
"Ralph Lauren","RL","22626.33","380.17","543747",".06","-4.08","10.8","73.97","-3.17","14.63","12.73","414.25","283.34","169","Consumer Discretionary","Textile - Apparel","11.6","3"
"RLI","RLI","5624.77","61.29","924692","-4.31","-.79","26.79","65.03","-13.72","6.33","17.47","68.56","47.77","152","Finance","Insurance - Property and Casualty","22.22","3"
"RLJ Lodging Trust","RLJ","1874.81","12.34","1753848","-1.12","6.1","40.23","97.62","49.18","-1.43","1.84","12.48","6.6","61","Finance","REIT and Equity Trust - Other","1.84","3"
"Rambus","RMBS","10001.24","92.21","2968469","-4.37","-18.58","-31.45","22.31","-9.62","27.13","39.28","170.66","69.68","41","Computer and Technology","Electronics - Semiconductors","31.69","2"
"ResMed","RMD","31214.68","215.19","1300503","5.96","-1.47","8.27","29.19","-19.54","9.84","28.5","293.73","182.82","157","Medical","Medical - Products","27.44","3"
"Ringcentral","RNG","4784.9","57.3","2482788","6.7","46.02","28.42","99.18","78.7","4.78","16.18","57.58","23.62","90","Computer and Technology","Internet - Software and Services","4.27","2"
"RenaissanceRe","RNR","13353.53","321.37","368459","-2.28","-.54","8.59","87.46","2.95","9.86","23.02","334.24","231.59","152","Finance","Insurance - Property and Casualty","23.65","3"
"Renasant","RNST","4053.51","43.93","654835","1.43","2.19","10.46","97.05","12.34","32.32","30.57","44.25","33.4","53","Finance","Banks - Southeast","19.94","3"
"ReNew Energy Global","RNW","2281.82","6.29","1256488","4.31","5.36","11.13","48.51",".27","41.29","7.18","8.19","4.5","160","Oils-Energy","Alternative Energy - Other","7.18","3"
"Construction Partners","ROAD","6112.54","108.12","1319235","2.92",".03","-20.18","31.22","-10.29","54.2","4.34","140.48","93.43","98","Construction","Building Products - Miscellaneous","3.9","4"
"Gibraltar Industries","ROCK","1371.86","46.25","323016",".74","6.99","17.86","30.5","-15.75","-13.24","8.33","74.58","33.82","98","Construction","Building Products - Miscellaneous","-10.68","3"
"Rockwell Automation","ROK","53520.55","480.98","753542","3.21","-.39","5.33","91.53","11.34",".94","15.69","495.08","328.67","46","Computer and Technology","Electronics - Miscellaneous Products","12.36","3"
"Roku","ROKU","21500.87","145.84","2597885","2.04","2.52","13.88","100","21.07","15.18","4.06","145.84","79.98","166","Consumer Discretionary","Broadcast Radio and Television","4.06","4"
"Roper Technologies","ROP","38825.52","392.57","893940","4.68","7.77","19.4","32.8","-20.57","12.26","26.55","550.4","315.53","152","Computer and Technology","Computers - IT Services","30.24","3"
"Ross Stores","ROST","81128.75","252.91","2279872","3.93","19.66","17.88","100","26.45","7.67","9.74","252.91","136.54","43","Retail-Wholesale","Retail - Discount Stores","9.74","2"
"Ridgepost Capital, Inc.","RPC","999.52","9.13","501402","4.94","16.45","8.43","37.56","-16.18",".3","36.42","12.82","6.91","157","Finance","Financial - Miscellaneous Services","7.99","3"
"Rapid7","RPD","680.34","10.18","2783160","5.82","-3.05","59.81","31.26","-39.68","1.87","16.77","21.46","5.05","148","Computer and Technology","Internet - Software","2.61","4"
"RPM International","RPM","14241.89","111.49","1086876","3.45","1.05","12.01","52.17","-3.45","6.66","9.03","128.23","93.23","83","Basic Materials","Chemical - Specialty","8.41","3"
"Royalty Pharma","RPRX","32920.33","57.17","2696629","-2.66",".44","10.69","88.83","33.26","5.04","84.88","59.97","34.9","101","Medical","Medical - Biomedical and Genetics","33.88","3"
"Range Resources","RRC","9431.31","40.36","3290220","6.55","8.2","-1.49","50.94","3.09","28.9","26.19","47.65","32.79","216","Oils-Energy","Oil and Gas - Exploration and Production - United States","25.04","3"
"Red Rock Resorts","RRR","6890.81","65.61","596170",".83",".88","24.83","89.83","-4.61","3.74","9.21","67.26","51.04","185","Consumer Discretionary","Gaming","9.21","4"
"REGAL REXNORD","RRX","14060.16","211.21","974654",".16","-3.07","-.06","75.35","35.57","-1.65","10.75","238.19","128.75","52","Industrial Products","Manufacturing - General Industrial ","4.78","3"
"Reliance, Inc.","RS","20901.22","409.39","331863","1.25","8.43","11.1","96.67","27.64","3.32","5.74","414.33","265.93","197","Basic Materials","Mining - Miscellaneous","5.65","1"
"Republic Services","RSG","64492.55","209.62","1353918","-3.36","-2.31","6.01","30.25","-10.92","3.49","13.31","237.03","197.73","102","Business Services","Waste Removal Services","13","3"
"Rush Street Interactive","RSI","6552.81","28.16","2818571","-10.94","-12.6",".11","65.86","30.53","22.76","6.12","34.52","15.89","185","Consumer Discretionary","Gaming","2.33","2"
"Riskified","RSKD","773.36","5.22","593228","-.57","-.57","11.54","89.94","-5.4","5.23","10.37","5.38","3.79","148","Computer and Technology","Internet - Software","-5.17","3"
"RTX Corporation","RTX","291991.81","216.65","5024529","-.81","7.59","21.3","97.11","6.4","9.74","10.08","218.58","151.75","98","Aerospace","Aerospace - Defense","8.28","2"
"RUM Group Inc.","RUM","2698.09","6.19","2118935","2.48","-4.92","-24.14","29.92","-11.79","5.38","-118.35","9.75","4.67","102","Computer and Technology","Internet - Content","-106.91","3"
"Sunrun","RUN","2488.07","10.43","9844959","4.51","-19.58","-27.92","11.02","-48.95","45.11","17.88","21.41","9.07","65","Oils-Energy","Solar","17.88","4"
"Rush Enterprises","RUSHA","6291.2","80.955","504219","5.14","8.64","11.68","98.1","35.17","-4.75","3.67","81.62","46.68","193","Retail-Wholesale","Automotive - Retail and Whole Sales","3.67","4"
"Revolve Group","RVLV","1861.88","26.02","768004","1.09","14.88","39.67","61.05","-22.37","8.48","4.78","31.45","17.51","169","Consumer Discretionary","Textile - Apparel","5.05","2"
"Revvity, Inc.","RVTY","12853.92","115.22","1420908","6.62","2.01","16.44","92.87","7.26","3.67","20.23","117.75","82.26","80","Medical","Medical Services","8.26","3"
"","RXO","3420.45","20.74","1923961","-13.98","-22",".19","54.52","47.78","26.2","-.31","29.3","10.48","161","Transportation","Transportation - Services","-1.83","3"
"RxSight","RXST","260.39","6.29","1055053","11.52","12.32","10.35","20","-45.63","-3.89","-11.15","13.09","4.59","155","Medical","Medical - Instruments","-36.58","3"
"Royal Bank Of Canada","RY","291837.56","210.47","1424075",".46","1.16","16.38","91.72","11.19","-.6","32.37","217.87","128.46","93","Finance","Banks - Foreign","15.92","4"
"Rayonier Advanced Materials","RYAM","608.3","9.02","816180","6.12","27.76","-2.28","66.38","37.93","-10.06","-9.28","11.75","3.63","215","Basic Materials","Paper and Related Products","-32.86","3"
"Ryan Specialty Holdings Inc.","RYAN","11503.46","43.63","2174076","1.02","5.87","39.44","44.78","-23.89","21.28","16.13","61.19","29.39","102","Finance","Insurance - Brokerage","7.55","3"
"Rayonier","RYN","6478.1","21.54","2205382","-.65","-.28","6.06","26.81","-10.39","-61.64","16.1","27.11","19.5","58","Construction","Building Products - Wood","68.61","2"
"Rhythm Pharmaceuticals","RYTM","7043.78","102.78","625630","-3.16","-7.97","17.61","64.5","-13.52","45.83","-93.33","117.62","75.82","101","Medical","Medical - Biomedical and Genetics","-93.33","3"
"SentinelOne","S","6873.21","20.05","6877297","10.53","10.47","22.78","100","20.39","21.89","7.04","20.05","11.94","83","Computer and Technology","Security","-30.39","2"
"Safety Insurance Group","SAFT","1515.18","103.19","356196",".18","33.67","45.65","99.44","19.29","12.83","4.35","103.39","67.37","152","Finance","Insurance - Property and Casualty","4.94","3"
"Sonic Automotive","SAH","2756.83","87.23","302009","-15.29","1.54","7.93","53.24","27","6.53","1.39","112.66","58.28","193","Retail-Wholesale","Automotive - Retail and Whole Sales","1.37","3"
"Saia","SAIA","9605.54","360.1","502548","-14.25","-13.83","-19.29","46.32","-.67",".79","7.87","487.14","250.48","6","Transportation","Transportation - Truck","8.19","3"
"Science Applications International","SAIC","5078.29","120.12","406957","1.38","4.73","29.65","96.27","7.48","-2.9","7.54","121.59","82.22","152","Computer and Technology","Computers - IT Services","5.55","2"
"SailPoint, Inc. ","SAIL","9755.55","17.2","4071391","12.13","8.52","46.13","51.06","-23.42","24.35","14.08","23.63","10.49","148","Computer and Technology","Internet - Software","-14.04","3"
"Banco Santander","SAN","212260.67","14.45","9813611","3.29",".56","19.13","100","10.95","-.89","23.08","14.45","8.4","93","Finance","Banks - Foreign","26.94","3"
"Sanmina","SANM","10356.62","193.23","855006","-7.5","-11.2","-21.27","48.31","15.97","7.4","4.55","282.72","109.61","5","Computer and Technology","Electronics - Manufacturing Services","2.41","1"
"SAP","SAP","232985.8","189.65","3519690","10.9","18.17","11.49","29.02","-29.68","12.55","19.85","295.46","146.38","88","Computer and Technology","Computer - Software","20.88","4"
"StandardAero, Inc.","SARO","9964.18","29.97","3188715","1.49","-3.07","11.83","64.41","-5.88","15.76","5.16","33.12","24.27","98","Aerospace","Aerospace - Defense","4.71","3"
"SBA Communications","SBAC","19042.55","179.54","1041304","4.01","-.57","-17.36","22.05","-16.4","5.06","34.51","230.4","165.15","61","Finance","REIT and Equity Trust - Other","34.51","3"
"Seacoast Banking Corp. of Florida","SBCF","3394.89","34.91","1103768","4.96","5.21","14.91","97.65",".07","15.64","29.45","35.09","27.42","53","Finance","Banks - Southeast","15.11","2"
"Sinclair, Inc.","SBGI","1004.54","13.92","486771","3.19","-8.06","-2.45","39.31","-18.06","-10.68","-1.31","17","11.93","169","Consumer Discretionary","Media Conglomerates","2","3"
"Sally Beauty","SBH","1538.94","16.13","1370547","7.53","13.91","24.27","88.16","1.88","-.42","5.43","17","9.65","155","Retail-Wholesale","Retail - Miscellaneous","5.16","2"
"Star Bulk Carriers","SBLK","3258.69","28.73","1215870","6.01","9.99","7.44","96.6","34.63","-17.62","16.76","29.15","16.79","40","Transportation","Transportation - Shipping","13.01","2"
"Sabra Healthcare REIT","SBRA","5197.64","20.61","3105775","-7.95","4.46","-.34","65.5","-1.99","10.15","7.61","22.39","17.23","61","Finance","REIT and Equity Trust - Other","7.61","3"
"Companhia de saneamento Basico Do Estado De Sao Paulo  Sabesp","SBS","19107.46","5.43","5739180","-4.4","-6.54","-13.26","50.49","2.53","1.75","19.14","7.08","3.75","211","Utilities","Utility - Water Supply","24.25","4"
"Starbucks","SBUX","117841.8","103.37","7766493","-.27","1.23","-2.24","83.28","10.56","2.79","7.25","108.37","78.46","163","Retail-Wholesale","Retail - Restaurants","5.17","3"
"Southern Copper","SCCO","153573.75","185.91","1146156","3.67","6.92",".37","74.1","16.71","17.38","35.87","218.85","91.66","187","Basic Materials","Mining - Non Ferrous","35.87","3"
"Charles Schwab","SCHW","184122.28","105.87","8330157","1.62","5.22","20.54","93.87","-4.56","22.01","40.46","107.21","85.35","20","Finance","Financial - Investment Bank","38.79","1"
"Service Corporation International","SCI","11711.54","85.93","1264528","3.87","10.48","11.05","90.51","-.74","2.93","12.45","87.73","68.77","48","Consumer Staples","Funeral Services","12.3","3"
"Schrodinger","SDGR","1128.05","15.28","891195","0","-10.12","20.13","36.77","-23.03","23.29","-40.61","22.52","11.07","68","Medical","Medical Info Systems","-40.61","3"
"Seadrill Limited","SDRL","2663.8","42.6","729776","-.88","11.08","-14.73","54.81","10.89","3.75","-3.6","54.8","27.8","202","Oils-Energy","Oil and Gas - Drilling","-4.79","3"
"Sea Limited","SE","67916.45","111.15","4588976","6.48","5.86","30.97","27.88","-21.53","36.38","8.1","196.5","78.16","148","Computer and Technology","Internet - Software","6.41","4"
"SolarEdge Technologies","SEDG","2744.12","45.12","2188010","4.71","-20.72","7.97","38.27","40.86","31.39","-7.8","78.51","24.42","65","Oils-Energy","Solar","-28.56","3"
"SEI Investments","SEIC","12504.8","104.19","821238","2.63","9.69","13.76","100","14.41","8.1","29.4","104.19","75.18","67","Finance","Financial - Investment Management","28.85","3"
"Senseonics","SENS","218.42","5.225","479644","4.29","-7.19","-9.45","5.67","-14.75","56.89","-213.87","11.3","4.86","68","Medical","Medical Info Systems","-213.87","3"
"Septerna, Inc.","SEPN","1576.74","34.98","388477","4.45","4.51","48.41","89.37","13","4174.51","-67.18","37.84","10.93","101","Medical","Medical - Biomedical and Genetics","-49.88","4"
"Sezzle Inc.","SEZL","5484.23","163.09","568461","4.02","-8.91","61.32","81.49","131.41","66.08","29.66","188.55","50.97","154","Business Services","Financial Transaction Services","30.83","2"
"Stifel Financial","SF","12819.79","83.57","1253922","1.46","11.29","12.02","74.83","-9.84","11.26","17.03","88.81","67.98","20","Finance","Financial - Investment Bank","16.11","2"
"Smithfield Foods, Inc.","SFD","10222.54","25.98","1220785","-2.26","5.82","2.12","57.33","4.79","9.82","6.59","29.59","21.13","234","Consumer Staples","Food - Meat Products","6.48","4"
"Sprouts Farmers Market","SFM","8281.32","88.81","2219594","15.58","2.59","8.86","26.26",".4","14.08","5.58","154.08","65.56","102","Retail-Wholesale","Food - Natural Foods Products","5.58","3"
"Simmons First National","SFNC","3461.23","23.86","1592841","3.87","4.79","13.89","100","14.01","-2.12","29.23","23.86","17.26","53","Finance","Banks - Southeast","-24.64","3"
"SoftBank Group","SFTBY","189519.13","16.59","4748155","2.03","-10.95","-11.38","37.06","5.41","8.91","64.12","28.68","9.47","80","Computer and Technology","Wireless Non-US ","64.12","2"
"Sweetgreen","SG","703.46","5.92","5837796","-4.05","-26.46","-12.17","14.91","-21.13",".39","-20.36","12.88","4.7","163","Retail-Wholesale","Retail - Restaurants","2.49","2"
"Super Group (SGHC)","SGHC","6925.32","13.69","2520404","-6.62","-6.68","3.87","73.13","3.18","21.49","13.5","15.59","8.52","185","Consumer Discretionary","Gaming","10.58","3"
"Somnigroup International Inc.","SGI","14018.76","66.64","2182375","-8.6","-14.78",".12","14.11","-32.77","51.63","7.72","97.99","61.49","213","Retail-Wholesale","Retail - Home Furnishings","6.8","3"
"SIGMA LITHIUM","SGML","1177.46","10.46","1546910","5.13","-15.44","-48.47","30.47","-28.58","-27.79","-41.84","23.65","4.68","197","Basic Materials","Mining - Miscellaneous","-41.84","3"
"Surgery Partners","SGRY","2100.46","16.06","1475640","5.87","-5.53","16.55","37","-6.38","6.24","1.5","23.84","11.49","80","Medical","Medical Services","-2.28","1"
"Shake Shack","SHAK","2771.39","64.78","1848589","5.21","19.56",".43","18.29","-28.12","15.38","3.49","120.34","52.34","163","Retail-Wholesale","Retail - Restaurants","2.76","3"
"Sotera Health","SHC","5130.15","17.99","2974981","4.35",".73","16.59","83.6","-8.15","5.74","21.76","19.35","11.06","80","Medical","Medical Services","9.91","3"
"ShinEtsu Chemical Co.","SHECY","72889.05","18.36","666526","-1.92","-20.04","-24.04","43.22","6.69","1.66","18.39","24.56","13.64","98","Basic Materials","Chemical - Diversified ","18.39","3"
"Shell","SHEL","255345.78","91.08","6950349","5.45","16.56","6.7","87.12","11.64","-5.29","8.38","94.15","70.31","226","Oils-Energy","Oil and Gas - Integrated - International","8.55","3"
"Shenandoah Telecommunications Co","SHEN","689.29","12.45","519540","8.07","-5.03","-22.19","35.42","-3","9.08","-10.83","17.1","9.9","229","Utilities","Diversified Communication Services","-10.83","2"
"Shoals Technologies Group","SHLS","1569.01","9.37","5533397","-.16","-11.44",".54","59.08","-.72","19.07","12.62","12.77","4.46","65","Oils-Energy","Solar","6.27","2"
"Sunstone Hotel Investors","SHO","2179.61","11.7","2336008","-1.02","4.65","13.92","93.31","17.87","6","3.84","11.92","8.63","61","Finance","REIT and Equity Trust - Other","3.84","3"
"Shoe Station Group Inc.","SHOE","418.67","15.42","809763","2.05","4.54","-9.45","9.66","-17.72","-5.62","4.36","25.89","14.3","63","Consumer Discretionary","Shoes and Retail Apparel ","3.31","3"
"Steven Madden","SHOO","3489.08","47.68","1019364","9.55","20.07","22.6","99.38","3.13","10.45","4.69","47.83","23.52","63","Consumer Discretionary","Shoes and Retail Apparel ","5.23","3"
"Shopify","SHOP","151838.58","117.01","8210018","-7.78","-2.61","14.11","25.85","-34.53","30.14","15.83","179.01","95.4","164","Computer and Technology","Internet - Services","10.77","2"
"SherwinWilliams","SHW","85989.79","354.22","2117459","8.23","1.46","13.28","74.45","-1.54","2.06","12.05","375.23","293","83","Basic Materials","Chemical - Specialty","11.01","3"
"SiBone","SIBN","818.24","18.45","553528","8.21","4.36","58.92","69.87","-15.73","20.19","-6.85","21.4","11.61","155","Medical","Medical - Instruments","-6.85","3"
"Signet Jewelers","SIG","3734.76","94.96","710751","-.81","16","14.23","65.57","3.19","1.64","6.04","106","73.94","68","Retail-Wholesale","Retail - Jewelry","4.29","3"
"Selective Insurance Group","SIGI","5684.08","95.42","614878","2.85","-2.9","12.51","82.1","2.71","9.77","9","100.15","73.72","152","Finance","Insurance - Property and Casualty","9.1","3"
"Silicon Motion Technology","SIMO","8528.5","251.52","975269","2.89","-21.12","-4.02","67.57","144.37","10.21","16.26","336.9","73.66","18","Computer and Technology","Computer - Integrated Systems","22.06","1"
"Sirius XM","SIRI","10236.72","30.37","3994525","-2.72","-1.24","13.38","82.48","36.8","-1.62","12.73","32.59","19.92","166","Consumer Discretionary","Broadcast Radio and Television","10.23","4"
"SiTime","SITM","14526.7","550.32","442155","5.29","-10.58","-38.95","50.43","40.34","61.16","30.34","901.48","193.09","46","Computer and Technology","Electronics - Miscellaneous Products","-6.38","3"
"The J. M. Smucker Co.","SJM","12532.8","117.5","1535363","-2.93","5.23","18.42","75.96","8.2","3.72","10.8","126.35","89.53","210","Consumer Staples","Food - Miscellaneous","-1.53","3"
"SK Telecom Co.","SKM","12372.1","32.24","2689637","-8.51","1.8","-17.55","47.72","41.44","-8.47","2.03","46","19.68","80","Computer and Technology","Wireless Non-US ","2.03","2"
"TANGER INC","SKT","4681.19","40.75","922594","-2.51","3.53","13.16","89.2","9.99","10.55","21.91","42.11","29.52","88","Finance","REIT and Equity Trust - Retail","20.76","2"
"Skyward Specialty Insurance Group, Inc.","SKWD","2467.86","60.87","507491","-.94","1.11","32.79","91.17","7.27","23.16","11.94","62.77","41.26","152","Finance","Insurance - Property and Casualty","11.36","3"
"Champion Homes, Inc.","SKY","4437.1","80.83","596792","-1.75","-3.41","16.52","54.51","-13.85","7.26","8.18","97.46","60.9","244","Construction","Building Products - Mobile Homes and RV Builders","7.77","3"
"SkyWest","SKYW","4324.7","111.38","469141",".99","12.79","29.42","72.77","-.09","15.03","9.5","123.72","78.4","150","Transportation","Transportation - Airline","9.78","3"
"SLB Limited","SLB","73183.1","49.31","13003040","-4.31","7.85","-10.23","66.91","15.72","-1.6","10.51","58.01","31.72","148","Business Services","Technology Services","8.53","4"
"Slide Insurance Holdings, Inc.","SLDE","2412.16","20.65","1174307","-.96","-1.53","11.26","84.15","-4.52","36.5","40.02","22.14","12.74","175","Finance","Insurance - Multi line","40.02","1"
"Sun Life Financial","SLF","45958.59","82.46","554489","-.57","4.39","16.92","94.15","19.02","5.9","11.97","84.07","56.54","192","Finance","Insurance - Life Insurance","7.85","3"
"SL Green Realty","SLG","3869.86","54.18","1087137",".63","5.12","22.52","62.13","6.38","13.18","-27.13","65.67","35.33","61","Finance","REIT and Equity Trust - Other","-16.92","3"
"Silgan Holdings","SLGN","4371.97","41.37","1695226","-11.19","-10.4","4.47","40.55","-7.7","10.73","5.79","48.89","36.24","55","Industrial Products","Containers - Metal and Glass","4.05","3"
"SLM","SLM","5093.36","27.1","3172835","6.61","6.15","24.54","58.26","-9.8",".31","50.44","33.09","18.74","90","Finance","Financial - Consumer Loans","26.09","3"
"SLR Investment","SLRC","709.21","13","389260",".54","1.17","-2.03","17.21","-24.27","-5.97","38.52","16.8","12.21","169","Finance","Financial - SBIC & Commercial Industry","41.81","4"
"SM Energy","SM","7655.18","31.93","3407613","5.38","21.18","4.11","83.29","53.79","17.24","19.29","34.81","17.57","216","Oils-Energy","Oil and Gas - Exploration and Production - United States","3.45","3"
"Smartstop Self Storage REIT Inc","SMA","1861.38","33.62","747723","-4.3","2.5","3.99","42.63","-2.13","18.62","4.38","38.99","29.63","61","Finance","REIT and Equity Trust - Other","4.38","4"
"Super Micro Computer","SMCI","17224.63","28.64","43014236","-3.92","5.33","-14.56","21.1","-11.87","47.04","4.6","58.97","20.53","23","Computer and Technology","Computer- Storage Devices","3.7","3"
"Siemens Energy AG Unsponsored ADR","SMERY","146223.61","34.06","1087322","-.76","-10.13","-18.68","58.28","9.44","15.55","5.54","44.34","19.7","160","Oils-Energy","Alternative Energy - Other","5.54","3"
"Sumitomo Mitsui Financial Group","SMFG","161143.13","25.25","1861989","-4.14","-1.02","15.93","89.06","17.65","7.28","16.71","26.5","15.07","93","Finance","Banks - Foreign","16.24","2"
"Scotts MiracleGro","SMG","3965.68","68.16","1065315","-2.43","1.61","13.54","74.82","5.21","-3.93","8.21","73.47","52.38","102","Consumer Staples","Agriculture - Operations","2.19","3"
"Simply Good Foods","SMPL","1001.37","11.32","2850230","6.19","-12.65","-.44","5.57","-49.23","8.98","11.78","30.66","10.18","218","Consumer Staples","Food - Confectionery","-14.28","3"
"Semtech","SMTC","11092.44","119.08","2397039","-2.01","-14.26","-12.78","55.92","45.54","15.47","15.8","174.73","48.47","31","Computer and Technology","Semiconductor - Analog and Mixed","-3.05","2"
"Similarweb","SMWB","637.73","7.28","920532","6.59","16.29","128.21","61.34","-12.46","13.08","3.04","10.4","2.33","102","Computer and Technology","Internet - Content","-10.38","2"
"SharkNinja, Inc.","SN","22723.93","160.57","1512482","4.82","7.82","49.38","96.5","29.24","15.75","11.85","163.33","84.57","199","Consumer Discretionary","Consumer Products - Discretionary","10.7","2"
"SnapOn","SNA","21177.6","409.41","379544",".49","-1.02","10.51","90.25","7.01","-7.15","20.92","419.31","317.79","33","Consumer Discretionary","Tools - Handheld","21.25","3"
"Sonida Senior Living","SNDA","1905.11","40.22","444586","-6.07","-2.33","8.82","85.12","11.09","25.24","-25.08","43.07","23.92","80","Medical","Medical Services","-24.15","3"
"Sandisk Corporation","SNDK","190744.05","1288.03","16390498",".77","-26.16","-16.77","54.37","388.7","10.39","36.9","2335","40.69","23","Computer and Technology","Computer- Storage Devices","34.19","1"
"Schneider National","SNDR","6113.59","34.91","1028210","-5.08","-2.27","16.99","79.2","18.52","7.25","2.02","38.76","20.25","161","Transportation","Transportation - Services","1.92","1"
"Syndax Pharmaceuticals","SNDX","1704.86","19.24","1604780","-6.24","-12.86","-10.01","61.19","-17.52","627.84","-111.88","25.15","9.92","101","Medical","Medical - Biomedical and Genetics","-111.88","2"
"StoneX Group","SNEX","9057.26","76.19","1090605","2.36","-6.54","-6.2","70.7","62.3","32.53","8.84","92.67","36.42","157","Finance","Financial - Miscellaneous Services",".3","3"
"Snowflake","SNOW","106589.9","307.53","4891622","12.68","17.34","102.99","100","26.27","29.16","10.46","307.53","121.11","148","Computer and Technology","Internet - Software","-23.79","3"
"Synopsys","SNPS","75073.3","392.07","1990706",".79","-11.35","-24.05","7.49","-24.82","15.12","28.28","636.02","372.33","88","Computer and Technology","Computer - Software","8.91","2"
"TD SYNNEX CORP","SNX","20295.13","253.82","792448","3.65","6.24","7.09","75.67","52.17","6.94","1.98","290.14","140.85","152","Computer and Technology","Computers - IT Services","1.63","1"
"Sanofi","SNY","104129.07","42.95","3349276","-2.39",".8","1.06","14.71","-20.17","11","22.13","52.34","41.33","230","Medical","Large Cap Pharmaceuticals","8.66","4"
"The Southern Company","SO","106914.74","92.94","4841759","-3.67","-3.18","-.17","56.65","-4","10.59","17.08","99.72","84.08","175","Utilities","Utility - Electric Power","15.43","3"
"South Bow Corporation","SOBO","7555.06","36.22","686568","-3.05","4.8","2.35","81.73","18.75","-6.32","20.47","38.67","25.26","187","Oils-Energy","Oil and Gas - Production and Pipelines","21.32","3"
"SoFi Technologies","SOFI","23127.82","18.03","87150136","6.81","-3.12","10.89","16.88","-37.97","35.09","15.05","32.21","15.15","157","Finance","Financial - Miscellaneous Services","14.78","3"
"Solstice Advanced Materials Inc.","SOLS","9885.07","62.23","4744778","2.71","-8.55","-27.15","44.1","15.37","3.08","6.64","88.6","41.43","83","Basic Materials","Chemical - Specialty","5.13","1"
"Solventum Corporation","SOLV","15251.5","88.07","1056383","9.44","13","18.82","98.16",".1",".86","13.27","88.55","62.49","80","Medical","Medical Services","17.33","2"
"Sonoco","SON","5578.53","56.42","1324216","-3.85","-1.02","10.48","80.55","16.44","41.72","7.82","60.56","39.27","187","Industrial Products","Containers - Paper and Packaging","8.41","3"
"Sonos","SONO","1865.5","15.77","2276828",".7","15.96","3.61","61.48","-19.12","-4.93","9.32","19.16","10.36","187","Consumer Discretionary","Audio Video Production","3.82","3"
"Sony","SONY","133699.42","22.63","5346970","1.53","6.95","6.29","30.26","-20.38","-2.57","8.81","30.26","19.32","187","Consumer Discretionary","Audio Video Production","-2","3"
"SoundHound AI","SOUN","2639.9","6.1","35173500","-4.84","-12.36","-27.81","2.55","-44.89","99.45","-31.95","21.4","5.7","152","Computer and Technology","Computers - IT Services","-91.84","3"
"Simon Property Group","SPG","74314.28","229.16","1462711","-1.08","1.85","14.01","90.08","11.5","6.72","70.6","236.7","160.68","88","Finance","REIT and Equity Trust - Retail","70.6","3"
"Sphere Entertainment Co.","SPHR","5229.11","147.29","704561","5.24","-2.79","16.06","80.84","39.52","18.81","-2.25","173.03","38.7","169","Consumer Discretionary","Media Conglomerates","-6.19","3"
"Spire","SPIR","475.38","12.28","845586","9.94","-30.43","-34.19","28.49","47.47","-35.22","-37.25","25.48","7.02","98","Aerospace","Aerospace - Defense","77.12","3"
"SiriusPoint","SPNT","2746.14","23.64","753971","-7.8","-3.71","2.74","69.76","-2.73","23.09","10.67","26.31","17.48","175","Finance","Insurance - Multi line","15.56","2"
"Spotify Technology","SPOT","100126.76","486.33","1736267","-1.7",".69","15.93","22.59","-24.57","14.61","15.56","738.53","412.75","148","Computer and Technology","Internet - Software","15.56","4"
"ARS Pharmaceuticals, Inc.","SPRY","542.2","5.46","2346572","-5.21","-34.45","-36.51","2.57","-57.79","-5.46","-200","17.98","5.13","147","Medical","Medical - Drugs","-200","2"
"SPS Commerce","SPSC","2719.45","75.54","596999","15.06","25.8","43.12","38.89","-23.67","17.83","22.49","115.82","49.91","198","Business Services","Business - Services","10.1","3"
"Sprout Social","SPT","513.9","8.55","915928","2.76","3.76","30.33","29.28","-31.67","12.72","10.51","17.15","4.99","164","Computer and Technology","Internet - Services","-8.18","3"
"SPX Technologies, Inc.","SPXC","10724.89","214.13","643483","-2.3","-7.78","5.36","50.87","-3.6","14.17","15.06","246.41","180.71","31","Construction","Building Products - Air Conditioner and Heating","11.27","2"
"Sociedad Quimica y Minera","SQM","19147.23","67.03","992929","-2.56","-8.83","-28.25","52.48","-12.25","1.05","15.38","95.31","35.8","83","Basic Materials","Chemical - Specialty","15.38","3"
"Spire","SR","4734.66","80.09","418733","-2.85","2.08","-6.61","27.96","-12.78","-4.5","12.15","95.19","74.23","175","Utilities","Utility - Gas Distribution","13.97","3"
"Sempra","SRE","57349.75","87.73","2757760","-3.86","-5.62","-5.49","40.9","-10.51","3.92","23.28","99.75","79.41","160","Oils-Energy","Alternative Energy - Other","14.31","3"
"Sarepta Therapeutics","SRPT","1676.55","15.88","3138547","-.06","-17.21","-18.14","10.64","-33.54","15.58","9.7","24.45","14.86","101","Medical","Medical - Biomedical and Genetics","-2.94","4"
"Strata Critical Medical, Inc.","SRTA","480.22","5.55","963730","7.98","2.02","-1.94","65.93","3.92","-20.73","-4.75","6.47","3.77","80","Medical","Medical Services","20.56","2"
"SouthState Bank Corporation","SSB","10458.7","107.85","861171","2.56","6.95","14.87","100","3.22","53.76","35.54","107.85","85.31","53","Finance","Banks - Southeast","25.09","3"
"Simpson Manufacturing","SSD","7905.55","192.17","300019","-.55","-2.76","3.53","65.64","7.19","4.51","15.65","210.06","158","98","Construction","Building Products - Miscellaneous","15.65","3"
"SS&C Technologies","SSNC","18626.91","79.38","1955334","5.78","21.52","18.41","61.56","-18.22","6.63","25.33","90.2","62.05","88","Computer and Technology","Computer - Software","13.16","3"
"Silver Standard Resources","SSRM","5570.62","26.99","2967045","2.66","-11.91","-22.31","63.22","10.9","63.68","33.31","35.74","11.95","197","Basic Materials","Mining - Miscellaneous","12.17","3"
"Sumitomo","SSUMY","50290.45","10.52","310136","7.57","5.73","-8.46","71.2","9.66","1.79","8.23","12.18","6.43","175","Conglomerates","Diversified Operations","8.23","3"
"Stratasys","SSYS","700.58","8.13","445772",".87","-4.01","-4.8","14.14","-15.64","-3.73","1.56","12.44","7.42","102","Industrial Products","Commercial Printing","-21.01","2"
"Sensata Technologies Holding","ST","6813.99","46.82","1812140",".93","1.52","3.38","73.1","26.67","-5.8","13.98","53.55","28.53","204","Computer and Technology","Instruments - Control","2.37","3"
"STAAR Surgical","STAA","1211.85","24.34","1010760","6.06","-10.97","-12.54","47.8","-5.06","-23.72","14.07","33.34","16.1","74","Medical","Medical - Dental Supplies","-7.24","3"
"Stag Industrial","STAG","7436.62","38.57","1937200","-5.09","-1.36",".03","55.28","-5.5","10.14","28.04","42.04","34.28","61","Finance","REIT and Equity Trust - Other","28.04","3"
"STERIS","STE","22672.55","232.64","722288","6.52","9.08","15.25","48","-17.35","8.73","16.91","268.65","199.4","155","Medical","Medical - Instruments","13.18","3"
"StepStone Group","STEP","5560.26","46.59","1113200","4.34","6.01","-16.42","19.19","-34.61","69.69","20.04","76.27","39.54","157","Finance","Financial - Miscellaneous Services","-26.88","3"
"Stagwell Inc.","STGW","2156.33","8.7","1317770","12.55","14.78","39.2","100","60.24","2.39","8.02","8.7","4.4","102","Business Services","Advertising and Marketing",".53","3"
"Steel Dynamics","STLD","37033.11","258.38","1166148","3.24","13.79","9.5","84.89","37.33","3.63","7.83","282.76","121.36","96","Basic Materials","Steel - Producers","7.83","3"
"STMicroelectronics","STM","46875.77","52.19","12724321","-2.36","-26.9","-13.19","52.78","81.21","-11.07","5.96","79.91","21.2","15","Computer and Technology","Semiconductor - General","3.56","3"
"Stantec","STN","8053.44","71.65","419826","1.5","1.36","-16.61","10.44","-31.61","6.48","9.4","113.7","66.75","68","Business Services","Consulting Services","5.92","4"
"StoneCo","STNE","2825.07","11.35","3676683","4.22","3.65","8.93","17.67","-30.88","3.08","16.64","19.46","9.61","148","Computer and Technology","Internet - Software","23.82","4"
"Scorpio Tankers","STNG","3921.01","77.77","685842","-.8","5.57","-8.67","79.2","37.8","-24.58","46.81","86.62","44.07","40","Transportation","Transportation - Shipping","67.16","3"
"Stoke Therapeutics","STOK","1841.05","29.56","742788",".85","-8.85","-9.44","65.53","-16.12","404.5","-753.6","38.35","12.85","101","Medical","Medical - Biomedical and Genetics","-753.6","3"
"Strategic Education","STRA","1858.77","83.7","327023","6.56","1.76","7.85","74.6","-6","3.96","11.47","87.62","72.19","83","Consumer Discretionary","Schools","10.46","3"
"Sterling Infrastructure, Inc.","STRL","18763.54","611.47","808294","-3.65","-14.73","-29.57","47.68","79.84","17.69","14.42","993.74","263.05","90","Construction","Engineering - R and D Services","12.55","1"
"State Street","STT","50454.47","183.67","2444727","-.54","4.38","22.31","96.26","28.23","2.24","24.65","186.59","108.59","24","Finance","Banks - Major Regional","15.02","1"
"Stevanato Group","STVN","6235.53","20.59","327728","3.99","6.79","12.64","50.49","-7.83","12.31","12.4","27.61","13.43","147","Medical","Medical - Drugs","11.76","2"
"Starwood Property Trust","STWD","5920.85","15.97","3539649","-3.68","-4.43","-7.31","0","-20.14","-5.27","31.29","20.71","15.97","157","Finance","REIT and Equity Trust","18.11","3"
"Seagate Technology","STX","186347.75","831.06","5562637","1.72","-4.28","-.35","72.22","171.8","34.06","29.01","1094.04","147.27","18","Computer and Technology","Computer - Integrated Systems","26.11","1"
"Constellation Brands","STZ","22433.46","131.36","2048420","1.27",".52","-7.76","8.14","-14.24","-10.96","23.11","173.22","127.65","225","Consumer Staples","Beverages - Alcohol","18.87","3"
"Suncor Energy","SU","77905.6","65.98","3854538","3.09","20.16","1.32","88.12","33.96","-5.44","12.23","69.73","38.17","102","Oils-Energy","Oil and Gas - Integrated - Canadian","12.29","3"
"Sun Communities","SUI","14915.75","122.46","1911262",".84",".23","-2.65","22.08","-10.99","-28.41","8.21","137.18","118.29","74","Finance","REIT and Equity Trust - Residential","-39.03","4"
"Sunoco","SUN","15855.33","77.41","499060","3.89","14.58","16.41","100","33.03","11.05","3.07","77.41","48.42","43","Oils-Energy","Oil and Gas - Refining and Marketing - Master Limited Partnerships","3.07","3"
"Supernus Pharmaceuticals","SUPN","2669.83","46","877123","-2.09","-2.62","-6.83","49.77","-16.64","8.63","21.06","57","35.1","227","Medical","Medical - Generic Drugs","-13.23","3"
"Grupo Supervielle","SUPV","818.56","9.35","406388","-4.49","-7.79","14.3","57.04","-28.76","-19.44","-4.49","12.86","4.69","93","Finance","Banks - Foreign","-3.46","3"
"Suzano","SUZ","10577.2","8.53","2482298","3.77","6.89","-2.4","22.69","-17.74","2.08","22.9","11.46","7.67","215","Basic Materials","Paper and Related Products","22.9","3"
"Silvaco Group, Inc.","SVCO","267.01","8.17","387365","4.61","-27.05","-26.6","46.78","81.69","5.67","-12.06","13.79","3.23","41","Computer and Technology","Electronics - Semiconductors","-41.65","3"
"Silvercorp Metals","SVM","2114.73","9.56","2356048","-2.05","-4.02","-35.19","46.1","3.24","46.58","34.42","15.71","4.3","197","Basic Materials","Mining - Miscellaneous","-2.27","3"
"Seven and I Holdings Co.","SVNDY","30348.98","13.08","330434",".08","3.48","7.65","40.29","-18.25","-11.37","2.86","15.54","11.42","155","Retail-Wholesale","Retail - Miscellaneous","3.03","3"
"Savers Value Village, Inc.","SVV","1636.87","10.63","731033","10.27","8.58","40.98","53.4","2.51","9.19","4.18","13.71","7.1","169","Consumer Discretionary","Textile - Apparel","1.29","4"
"Smurfit Westrock PLC","SW","24589.63","46.88","5497941","-6.41","2.72","14.62","73.96","9.19","47.7","2.68","51.84","32.79","215","Basic Materials","Paper and Related Products","1.59","3"
"Smith & Wesson Brands","SWBI","660.17","14.76","457276","-.87","-3.91","2.5","78.61","34.69","10.36","3.51","16.67","7.74","78","Consumer Discretionary","Leisure and Recreation Products","3.53","3"
"Latham Group","SWIM","662.2","5.64","608753",".18","-9.03","5.03","25.22","-20","7.35","2.79","8.25","4.76","98","Construction","Building Products - Miscellaneous","1.55","3"
"Stanley Black & Decker","SWK","14816.24","98.11","1833956","4.18","6","24.08","100","18.96","-1.53","5.18","98.11","62.12","193","Industrial Products","Manufacturing - Tools & Related Products","4.07","3"
"Skyworks Solutions","SWKS","9222.48","61.29","5988835","-3.39","-1","-12.61","28.43","-12.95","-2.18","20.74","83.42","52.5","102","Computer and Technology","Semiconductors - Radio Frequency","7.23","3"
"Southwest Gas","SWX","6497.09","89.77","449381","-2.43","1.25",".72","75.76","1.04","-62.05","11.18","94.05","76.39","175","Utilities","Utility - Gas Distribution","19.95","2"
"SunCoke Energy","SXC","713.8","8.41","1655535","-6.76","6.46","12.58","69.72","5.2","-5.07","2.16","9.6","5.67","28","Oils-Energy","Coal","-2.88","3"
"Sensient Technologies","SXT","5367.52","126.09","648524",".93","1.31","7.47","98.4","20.88","3.52","9.81","126.79","82.96","83","Basic Materials","Chemical - Specialty","9.27","1"
"Synchrony Financial","SYF","25326.87","77.84","4218830","3.36","1.03","10.76","56.95","-15.97","-.19","18.93","88.47","63.78","157","Finance","Financial - Miscellaneous Services","15.44","3"
"Stryker","SYK","130875.13","341.2","2500812","1.32","5.07","20.75","52.45","-12.57","11.16","20.85","394.34","282.58","157","Medical","Medical - Products","14.43","3"
"SYMBOTIC INC","SYM","27634.11","45.85","1434275","10.51","3.13","-11.33","14.94","-30.6","23.31","6.45","87.3","38.57","148","Business Services","Technology Services","-.2","3"
"Synaptics","SYNA","4084.78","105.72","757060","-9.19","-14.89","-16.46","53","28.64","11.98","14.96","147.57","58.52","41","Computer and Technology","Electronics - Semiconductors","-4.1","3"
"Sysco","SYY","40683.36","84.98","3201693","1.06",".89","17.1","71.73","3.87","3.2","2.63","91.16","69.3","210","Consumer Staples","Food - Miscellaneous","2.08","3"
"AT&T","T","161647.78","23.59","77974368","-3.4","14.63","-5.15","34.03","-14.47","2.71","12.77","29.62","20.48","102","Computer and Technology","Wireless National","16.94","3"
"TransAlta","TAC","3899.75","12.34","1466362","-8.25","-9.33","-3.59","9.41","-12.07","-17.11","2.57","17.73","11.78","175","Utilities","Utility - Electric Power","-2.76","4"
"TAL Education Group","TAL","6692.18","12.08","4627744","14.39","21.9","6.34","79.04","-.27","33.72","29.8","12.91","8.95","83","Consumer Discretionary","Schools","28.43","3"
"Talkspace","TALK","872.74","5.21","1482835","-.19","-.57",".39","98.99","29.27","22",".49","5.24","2.27","68","Medical","Medical Info Systems",".49","3"
"Talos Energy","TALO","2482.19","14.87","1934762","5.24","12.65","-3","80.46","21.53","-9.8","-9.72","16.59","7.79","216","Oils-Energy","Oil and Gas - Exploration and Production - United States","-42.58","3"
"Molson Coors","TAP","7862.15","41.92","3093608","1.92","7.87","1.16","21.88","-19.12","-5.05","9.81","54.38","38.43","225","Consumer Staples","Beverages - Alcohol","-16.14","4"
"Tarsus Pharmaceuticals","TARS","2638.23","61.32","1208424","2","-8.55","2.8","51.5","-32.55","146.71","-9.02","82.51","38.82","101","Medical","Medical - Biomedical and Genetics","-9.02","4"
"TaskUs","TASK","582.44","6.36","875739","9.66","22.78","8.72","13.12","-51.42","18.95","12.25","18.21","4.57","152","Computer and Technology","Computers - IT Services","8.7","3"
"BBB Foods Inc.","TBBB","5080.6","42.85","527266","5.46","2.22","17.4","100","15.58","29.35","-3.95","42.85","24.12","199","Consumer Staples","Consumer Products - Staples","-3.95","2"
"The Bancorp","TBBK","2956.04","71","464594","5.34","9.33","28.83","67.64","-5.29","24.06","34.51","80.34","51.48","41","Finance","Banks - Northeast","32.91","3"
"Taboola.com","TBLA","1262.65","5.19","2359363","4.85","-6.15","1.17","85.17","1.4","8.26","7.27","5.58","2.95","152","Computer and Technology","Computers - IT Services","5.64","3"
"Theravance Biopharma","TBPH","869.7","16.87","590707",".06","-.76","2.12","60.67","-18.79","66.92","1.65","20.74","10.9","147","Medical","Medical - Drugs","104.34","3"
"Texas Capital Bancshares","TCBI","4403.52","101.29","521272","2.94","-3.83","3.25","78.96",".76","3.03","27.25","107.74","77.08","55","Finance","Banks - Southwest","17.9","4"
"TriCo Bancshares","TCBK","1852.09","58.04","599372",".82","7.22","15.71","83.24","10.35","1.48","31","61.62","40.26","204","Finance","Banks - West","24.67","2"
"Tencent","TCEHY","569009.63","62.58","3807258","9.46","8.4","5.21","27.23","-26.37","13.87","34.65","87.33","53.32","164","Computer and Technology","Internet - Services","30.6","4"
"The Toronto Dominion Bank","TD","199269.44","121.15","3085586","1.25",".42","13.13","93.01","15.83","-1.06","25.57","124.8","72.55","93","Finance","Banks - Foreign","13.2","4"
"Teradata","TDC","3019.67","32.09","2931794","7.72","-11.94","-.68","67.42","-5.05","-4.97","16.01","37.88","20.11","23","Computer and Technology","Computer- Storage Devices","24.93","3"
"Transdigm Group","TDG","71905.98","1285.5601","348744","-.06","-4.5","7.25","32.07","-12.93","11.22","24.2","1608.98","1132.88","61","Aerospace","Aerospace - Defense Equipment","20.24","3"
"Teladoc Health","TDOC","1213.65","6.68","5747158","-25.03","-28.1","-3.47","42.1","-14.05","-1.54","-6.62","9.72","4.47","80","Medical","Medical Services","-7.13","2"
"Telephone and Data Systems","TDS","3915.86","34.41","960809","2.26","-2.66","-20.55","7.18","-24.41","-75.26","11.26","47.59","33.39","102","Utilities","Wireline - National","6.15","3"
"ThredUp","TDUP","801.34","6.21","1389794","5.97","-10.26","36.48","34.56","-12.47","19.53","-4.49","12.08","3.11","199","Consumer Staples","Consumer Products - Staples","-6.68","3"
"Tidewater","TDW","3554.75","71.48","632952","-8.99","4.82","-12.11","55.19","27.46",".52","5.23","91.12","47.29","203","Oils-Energy","Oil and Gas - Integrated - United States","18.34","3"
"Teledyne Technologies","TDY","31084.26","670.56","441723","2.9","2.38","6","91.17","18.25","7.86","17.69","688.59","484.47","61","Aerospace","Aerospace - Defense Equipment","15.29","1"
"Atlassian","TEAM","26318.26","103.71","3822324","8.18","21.3","18.78","34.58","-42.39","19.66","21.2","191.78","57.15","148","Computer and Technology","Internet - Software","-3.5","4"
"BioTechne Corp","TECH","11294.87","72.14","3949321",".73","1.72","52.13","100","10.48","5.23","25.06","72.14","43.3","101","Medical","Medical - Biomedical and Genetics","9.05","4"
"Teck Resources","TECK","29075.01","60.2","3695225",".75","-2.03","-7.8","73.63","13.22","18.81","20.35","70.56","31.27","197","Basic Materials","Mining - Miscellaneous","17.85","2"
"TE Connectivity","TEL","59341.52","204.97","2805811","-1.26","2.41","-.56","17.17","-18.86","8.94","16.56","249","195.84","54","Computer and Technology","Electronics - Miscellaneous Components","15.61","2"
"Tempus AI, Inc.","TEM","8268.96","46.05","5166118","7.32","-24.14","-4.97","7.29","-29.76","83.41","-4","103.25","41.55","68","Medical","Medical Info Systems","-17.77","3"
"Tenable Holdings","TENB","3856.21","34.97","3785473","7.8","-15.31","64.1","71.14","33.86","11.04","21.3","42.65","16.04","148","Computer and Technology","Internet - Software",".65","3"
"Teradyne","TER","57189.44","365.8","3874522","9.27","-3.62","-.23","68.91","70.21","13.13","27.13","483.84","104.16","46","Computer and Technology","Electronics - Miscellaneous Products","25.77","1"
"Teva Pharmaceutical Industries","TEVA","39622.55","34.46","5753597","10.88","-2.35","-3.85","91.03","-.55","4.32","15.49","36.34","15.38","227","Medical","Medical - Generic Drugs","4.08","4"
"Terex","TEX","7359.71","64.41","1436310","-6.73","-7.43",".44","68.99","8.68","5.73","6.35","74.58","41.78","102","Industrial Products","Manufacturing - Construction and Mining","2.23","3"
"Truist Financial","TFC","63426.83","51.92","8014215","-.38",".97","8.23","73.57","-4.97","25.5","28.72","55.81","41.09","24","Finance","Banks - Major Regional","19.13","3"
"TFI International","TFII","11079.62","134.8","401783","-7.59","-4.31","-1.91","65.44","17.47","-6.1","4.9","163.36","80.71","161","Transportation","Transportation - Services","4.14","1"
"Triumph Financial, Inc.","TFIN","1831.04","76.63","328281","1.66","-2.61","18.17","86.96","10.2","6.34","9.25","81.08","46.95","157","Finance","Financial - Miscellaneous Services","7.17","3"
"Triple Flag Precious Metals Corp.","TFPM","6027.65","29.26","446833",".76","-2.73","-17.62","34.74","-20.67","44.5","56.79","41.36","22.82","233","Basic Materials","Mining - Gold","68.68","3"
"TFS Financial","TFSL","5171.17","18.44","921489","1.99","3.19","24.01","99.31","24.13","4.37","29.69","18.48","12.67","65","Finance","Financial - Savings and Loan","12.36","2"
"Teleflex","TFX","6184.55","139.7","457084","6.6","4.01","7.69","100","3.1","-34.61","16.87","139.7","100.34","155","Medical","Medical - Instruments","-35.89","2"
"Trekor Metals Limited","TGB","2549.84","6.97","5854493","-1.97","0","-7.93","67.24","10.91","10.8","7.98","8.88","3.05","197","Basic Materials","Mining - Miscellaneous","1.98","2"
"Target","TGT","67833.45","149.35","3727104","6.42","18.44","26.1","100","37.61","-1.68","3.42","149.35","83.68","43","Retail-Wholesale","Retail - Discount Stores","3.24","3"
"TG Therapeutics","TGTX","7067.87","46.17","2244037","-17.18","-16.77","7.02","60.54","39.5","87.32","56.12","59.06","26.39","101","Medical","Medical - Biomedical and Genetics","55.22","3"
"Target Hospitality","TH","1581.59","15.79","932228","-1.93","-10.99","-12.67","66.92","77.55","-16.99","-13.47","20.52","6.22","83","Consumer Discretionary","Leisure and Recreation Services","-13.47","2"
"Tenet Healthcare","THC","21533.39","249.99","1460958","2.72","21.24","30.42","87.91","13.3","3.12","7.69","262.63","158.09","193","Medical","Medical - Hospital","10.27","2"
"The Hanover Insurance Group","THG","8089.78","232.33","350471","5.84","5.51","22.35","99.54","14.49","5.72","11.39","232.63","167.57","152","Finance","Insurance - Property and Casualty","11.17","2"
"Gentherm","THRM","1275.19","41.53","530739","-1.28","19.41","36.21","77.83","2.84","2.92","5.49","45.61","27.21","180","Auto-Tires-Trucks","Automotive - Original Equipment","1.68","1"
"Acuren Corporation","TIC","1732.97","7.84","2074350","7.84","-4.16","-19.34","16.35","-30.16","39.45","-2.82","14.49","6.54","148","Business Services","Technology Services","-5.77","3"
"Millicom International Cellular","TIGO","15936.7","94.3","1371960","-1.13","-.54","20.13","92.65","53.2",".26","8.66","98.61","39.94","80","Computer and Technology","Wireless Non-US ","19.16","3"
"Interface","TILE","2029.64","34.96","394049","3.65",".43","21.81","93.6","12.78","5.41","8.74","35.94","20.62","102","Consumer Discretionary","Textile - Home Furnishing","8.92","3"
"TIM","TIMB","9160.32","18.92","565104","-9.39","-13.33","-18.87","5.64","-12.39","1.02","16.06","27.96","18.38","80","Computer and Technology","Wireless Non-US ","15.73","3"
"The TJX Companies","TJX","173990.94","157.5","4850210",".72","4.09","5.77","75.14","-7.65","7.12","9.13","168.41","124.53","43","Retail-Wholesale","Retail - Discount Stores","9.4","2"
"Turkcell Iletisim Hizmetleri","TKC","4857.6","5.52","2636437",".36","-5.64","-18.1","7.91","-9.11","20.62","7.34","7.15","5.38","80","Computer and Technology","Wireless Non-US ","7.27","3"
"TKO Group Holdings, Inc.","TKO","35701.52","183.91","1075280",".57","-4.36","-.32","40.81","-20.75","68.85","4.46","224.96","155.61","80","Consumer Discretionary","Film and Television Production and Distribution","4.33","3"
"The Timken Company","TKR","9850.85","141.75","781732",".46","-.43","20.75","95.21","51.75",".19","8.41","145.32","70.79","46","Computer and Technology","Electronics - Miscellaneous Products","6.6","3"
"Talen Energy Corporation","TLN","16499.23","344.49","660103","-.74","-8.81","-10.16","29.06","-17.23","22.03","15.28","445.84","302.97","160","Oils-Energy","Alternative Energy - Other","-.63","2"
"Toyota Motor","TM","242642.55","186.17","458644","2.21","3.54","1.29","24.05","-21.67","6.74","7.59","248.29","166.5","150","Auto-Tires-Trucks","Automotive - Foreign","7.59","3"
"Tencent Music Entertainment Group","TME","14999.31","9.53","5897255","2.14","8.67","3.7","7.53","-51.04","20.92","29.25","26.36","8.16","169","Consumer Discretionary","Media Conglomerates","26.45","4"
"Thermo Fisher Scientific","TMO","212246.05","574.03","2223121","2.59","10.9","26.83","67.47","-10.78","3.91","19.28","639.45","438.34","155","Medical","Medical - Instruments","15.04","3"
"TMobile US","TMUS","189959.42","177.09","4922761","-.07","-2.59","-7.21","10.25","-21.45","8.49","12.68","259.01","167.73","102","Computer and Technology","Wireless National","11.45","3"
"Tandem Diabetes Care","TNDM","1378.12","20.11","1754082","17.12","30.42","36.15","55.08","-17.6","7.93","-7.26","28.26","10.11","155","Medical","Medical - Instruments","-9.2","4"
"TriNet","TNET","3235.37","70.48","399075","10.02","28.85","68.25","94.97","7.35","-.85","21.73","72.42","33.85","213","Business Services","Outsourcing","3.58","3"
"TEEKAY TANK LTD","TNK","2780.4","80.48","322815","5.94","17.05","-1.32","93.73","35.69","-22.58","54.51","83.03","42.35","40","Transportation","Transportation - Shipping","51.35","2"
"Travel  Leisure Co.","TNL","4715.17","77.04","887629",".96","2.03","21.11","91.8","-1.62","4.06","11.02","78.74","58","83","Consumer Discretionary","Leisure and Recreation Services","5.81","3"
"Tokyo Electron","TOELY","164625.83","175.87","353228","-4.68","-21.66","4.4","60.16","42.57","1.66","19.31","247.8","67.27","46","Computer and Technology","Electronics - Miscellaneous Products","23.58","1"
"The Oncology Institute","TOI","507.05","5.13","1921962","-1.16","-5.7","27.93","70.47","29.79","27.79","-7.31","6.28","2.38","80","Medical","Medical Services","-7.42","3"
"Toll Brothers","TOL","14063.65","150.46","912044","-.36","-3.01","11.33","67.21",".22","1.11","11.66","166.12","118.36","169","Construction","Building Products - Home Builders","11.66","3"
"Toast","TOST","16919.64","32.79","9709622","6.32","11.23","35.55","38.78","-16.83","24.05","9.69","49.3","22.33","148","Computer and Technology","Internet - Software","6.39","3"
"Towne Bank","TOWN","3011.69","38.14","708977",".95","5.07","10.33","90.8","2.94","9.04","27.63","38.76","32.02","53","Finance","Banks - Southeast","25.64","4"
"Turning Point Brands","TPB","1557.54","80.42","336578","2.25","-5.99","-13.26","13.58","-33.18","28.39","14.73","142.98","70.59","218","Consumer Staples","Tobacco","11.53","4"
"Tutor Perini","TPC","4510.66","85.73","1061554","-.05","7.28","3.55","77.58","15.21","28.11","4.4","97.31","45.65","58","Construction","Building Products - Heavy Construction","1.37","3"
"TPG Inc.","TPG","17801.35","46.32","1915200","7.82","8.76","6.26","26.44","-34.65","33.43","48.78","69.66","37.93","67","Finance","Financial - Investment Management","3.81","4"
"Tapestry","TPR","31444.22","155.63","2185704","5.56","6.97","16.72","92.5","9.71","5.09","18.22","160.49","95.69","83","Retail-Wholesale","Retail - Apparel and Shoes","8.44","3"
"LendingTree","TREE","448.28","31.93","311107","-20.97","-30.39","-14.07",".47","-45.83","24.12","4.71","76.51","31.72","185","Finance","Financial - Mortgage & Related Services","14.33","3"
"Trex","TREX","4657.78","44.83","2211743","1.89","-7.18","13.49","41.18","15.1","1.98","16.95","65.83","30.13","58","Construction","Building Products - Wood","16.25","1"
"Targa Resources","TRGP","56794.78","264.6","1101460","-1.14",".41","4.51","84.94","29.17","3.95","12.87","285.58","146.3","43","Oils-Energy","Oil and Gas - Refining and Marketing - Master Limited Partnerships","12.87","3"
"Thomson Reuters","TRI","44262.89","101.61","2218100","3.94","15.65","13.89","19.21","-31.68","3","23.53","207.01","76.55","198","Business Services","Business - Services","19.93","2"
"Trinity Capital","TRIN","1602.7","17.83","935117","3.3","1.13","6.19","97.33","9.62","23.54","49.05","17.93","14.18","169","Finance","Financial - SBIC & Commercial Industry","43.45","3"
"TripAdvisor","TRIP","1687.24","14.5","2817620","1.54","4.47","50.1","53.13","-10.31","3.05","7.03","19.14","9.24","179","Retail-Wholesale","Internet - Commerce",".99","2"
"Trimble","TRMB","13471.52","57.79","2566790","3.62","10.14","-.43","25.06","-33.57","-2.61","21.48","84.47","48.87","52","Industrial Products","Manufacturing - General Industrial ","12.38","2"
"Trustmark","TRMK","2814.24","48.02","478825","3.69","3.16","8.89","100","11.04","18.31","27.43","48.02","36.46","53","Finance","Banks - Southeast","20.75","3"
"Terreno Realty","TRNO","7622.23","71.7","843004","-1.77","4.84","9.12","84.68","9.99","24.51","86.44","75.08","53.01","61","Finance","REIT and Equity Trust - Other","86.44","2"
"T. Rowe Price","TROW","24213.48","113.51","2129054","-4.78","-4.71","8.36","76.98","-.14","3.12","30.37","121.68","86.19","67","Finance","Financial - Investment Management","29.26","3"
"Tronox","TROX","909.29","5.7","2410534","-6.56","-5.47","-38.91","37.1","23.11","-5.73","-10.31","10.48","2.88","98","Basic Materials","Chemical - Diversified ","-15.82","4"
"TC Energy","TRP","68622.11","65.86","2528838","-3.63","-1.63",".53","78.07","7.83","8.51","24.73","70.91","47.88","160","Oils-Energy","Alternative Energy - Other","22.91","3"
"TriMas","TRS","1450.74","40.44","427560","-.3","-2.15","-2.77","67.1","2.74","12.66","7.98","45.03","31.08","102","Industrial Products","Metal Products - Procurement and Fabrication","104.22","2"
"TPG RE Finance Trust","TRTX","618.76","8.06","752320","-5.84","-3.36","-4.16","21.33","-15.69","-5.51","57.46","9.72","7.61","93","Finance","Real Estate - Operations","17.03","4"
"TransUnion","TRU","15324.17","79.98","2357658","3.55",".88","14.27","50.55","-15.99","9.38","18.23","95.19","64.43","43","Business Services","Business - Information Services","15.08","2"
"Trupanion","TRUP","1087.02","24.92","325577",".2","-7.26","4.53","11.85","-39.94","11.95","1.74","50.66","21.46","180","Finance","Insurance - Accident and Health","1.74","2"
"The Travelers Companies","TRV","77969.52","373.82","2170298","-4.23","10.22","25.81","83.15","16.08","5.18","16.85","397.22","258.32","152","Finance","Insurance - Property and Casualty","16.95","1"
"Tenaris","TS","30632.26","57.15","1043821","1.31","6.23","-7.63","77.35","33.87","-4.33","16.17","64.02","33.69","33","Industrial Products","Steel - Pipe and Tube","16.17","3"
"Tesla","TSLA","1272070.25","322.08","40220704","4.16","-23.27","-27.62","12.4","-35.5","-2.93","5.92","489.88","298.32","78","Auto-Tires-Trucks","Automotive - Domestic","3.67","3"
"Sixth Street Specialty Lending","TSLX","1683.75","17.72","483179","3.44","3.02","1.84","17.74","-26.52","-6.94","44.67","24.77","16.2","169","Finance","Financial - SBIC & Commercial Industry","25.25","3"
"Taiwan Semiconductor","TSM","2106291.5","406.11","15078622","1.76","-10.11",".39","71.44","20.36","35.9","50.31","477.57","227.33","1","Computer and Technology","Semiconductor - Circuit Foundry","50.31","1"
"Tyson Foods","TSN","20990.43","59.61","3145322","-1.81","1.46","-11.14","49.31","-8.41","2.12","2.54","68.75","50.72","234","Consumer Staples","Food - Meat Products","1.03","3"
"TSS","TSSI","300.95","10.72","706766","9.16","-8.14","-12.13","17.01","36.56","66.03","7.14","29.26","6.92","90","Construction","Engineering - R and D Services","7.14","3"
"Trane Technologies","TT","101476.89","461.21","1301344","-4.58","-5.34","-3.21","66.74","6.73","7.48","13.75","503.46","376.43","148","Business Services","Technology Services","13.28","3"
"ServiceTitan Inc.","TTAN","7953.3","83.37","1423647","11.28","7.17","38.28","43.65","-29.49","24.5","11.88","119.62","55.29","148","Computer and Technology","Internet - Software","-13.44","3"
"Toro","TTC","9063.95","95.18","577822",".62","-1.94",".23","80.51","8.9","-1.6","9.44","101.76","67.99","33","Consumer Discretionary","Tools - Handheld","7.29","2"
"The Trade Desk","TTD","8602.98","18.3","13693395","2.35","-5.23","-14.96","2.07","-56.58","18.47","28.37","89.76","16.79","164","Computer and Technology","Internet - Services","14.57","3"
"TDK","TTDKY","38080.22","19.59","388105","8.65","-10.14","3.87","53.7","25.14","14.93","7.87","25.91","12.26","54","Computer and Technology","Electronics - Miscellaneous Components","7.87","3"
"TotalEnergies","TTE","209077.66","87.2","1764734","3.61","14.27","-3.85","82.32","20.05","-6.22","9.8","93.6","57.39","21","Oils-Energy","Oil and Gas - Refining and Marketing","8.29","3"
"Tetra Tech","TTEK","8661.98","33.83","2960296","6.08","8.6","14.33","46.56","-9.15","4.69","9.4","42.61","26.18","90","Construction","Engineering - R and D Services","8.6","2"
"Tetra Technologies","TTI","1037.97","7.8","1628763","1.43","-17.02","-23.38","46.57","-25.03","5.31","4.51","12.32","3.86","187","Oils-Energy","Oil and Gas - Field Services",".97","3"
"TTM Technologies","TTMI","12587.67","121.21","2538380","-2.02","-18.86","-25.63","44.73","58.22","18.98","9.23","221.47","40.06","54","Computer and Technology","Electronics - Miscellaneous Components","6.29","4"
"TakeTwo Interactive Software","TTWO","45838.26","245.15","1773430",".49","-5.13","10.69","76.39","-13.76","18.16","11.3","262.29","189.69","185","Consumer Discretionary","Gaming","-4.48","1"
"TELUS","TU","15094.66","9.59","7951205","-7.79","-6.16","-23.77",".43","-34.42","-1.14","6.36","16.6","9.56","229","Utilities","Diversified Communication Services","-4.51","3"
"Travere Therapeutics","TVTX","5112.75","54.98","1260389","-3","-4.35","26.36","90.71","29.6","110.45","-3.9","59.03","15.45","101","Medical","Medical - Biomedical and Genetics","-4","3"
"Tradeweb Markets","TW","23800.44","101","1811021","-.99","-1.38","-8.13","19.17","-15.41","18.92","40.64","141.05","91.5","20","Finance","Financial - Investment Bank","40.66","3"
"Twilio","TWLO","29837.22","196.59","1678856","1.09","-5.97","-1.01","72.23","24.48","13.66","15.74","236.64","92.44","148","Computer and Technology","Internet - Software","1.96","2"
"Two Harbors Investments Corp","TWO","1266.87","12.05","2293938","-.58","-.33","-4.52","60.5","3.36","-8.48","-302.91","14.1","8.91","157","Finance","REIT and Equity Trust","-6.09","1"
"Twist Bioscience","TWST","6293.14","101.06","1434744","16.78","1.13","79.79","97.69","186.95","20.32","-30.34","102.88","24.16","101","Medical","Medical - Biomedical and Genetics","-31.66","3"
"Ternium","TX","9971.59","49.74","642738","4.19","17.23","8.08","92.7","17.31","-11.56","3.89","51.24","30.7","96","Basic Materials","Steel - Producers","3.66","3"
"10x Genomics","TXG","5968.21","47.01","2932762","2.37","17.52","129.32","93.65","159.6","5.25","-3.55","49.43","11.34","68","Medical","Medical Info Systems","-3.55","2"
"Texas Instruments","TXN","245700.16","269.04","8125299","-3.71","-11.35","-9.65","64.66","39.67","13.05","31.11","332.28","153.33","15","Computer and Technology","Semiconductor - General","31.11","1"
"TXNM Energy, Inc.","TXNM","5935.46","57.6","925539","-.96","1.69","-2.78","38.96","-11.89","9.86","12.73","59.48","56.4","160","Oils-Energy","Alternative Energy - Other","9.04","3"
"Texas Roadhouse","TXRH","13847.26","210.67","808577","4.79","13.26","14.78","100","14.3","9.39","6.85","210.67","155.88","163","Retail-Wholesale","Retail - Restaurants","6.85","3"
"Textron","TXT","14857.95","86.39","1775052","-10.13","-7.94","-5.75","39.45","-10.74","8.01","7.34","100.77","77.02","98","Aerospace","Aerospace - Defense","6.12","3"
"Tyler Technologies","TYL","12512.56","305.54","807789","-3.27","-4.22","-2.16","9","-39.38","9.1","20.9","611.76","275.27","90","Computer and Technology","Internet - Software and Services","13.36","2"
"Unity Software","U","14571.54","33.38","7614722","9.66","12.58","24.23","50.25","-31.94","2.01","10.15","49.47","17.13","148","Computer and Technology","Internet - Software","-34.99","2"
"Under Armour","UAA","2890.48","6.78","7271197","-4.24","-.44","11.88","65.74","22.87","-3.83","1","8.14","4.17","169","Consumer Discretionary","Textile - Apparel","-9.98","4"
"United Airlines","UAL","41673.31","128.39","4475763","6.49","-3.1","32.88","85.02","3.41","3.52","4.71","136.11","84.57","150","Transportation","Transportation - Airline","5.56","3"
"United States Antimony","UAMY","838.73","5.66","5410984","3.85","-22.04","-46.85","18.61","1.55","162.81","-17.62","17.47","2.96","187","Basic Materials","Mining - Non Ferrous","-41.45","4"
"Uber Technologies","UBER","145769.25","71.61","16017968","5.03","-1.12","-5.96","16.6","-21.07","18.28","20.43","100.1","65.94","164","Computer and Technology","Internet - Services","15.91","3"
"UBS","UBS","164789.13","52.75","1945055",".4","1.15","17.64","87.57","2.59","-9.98","18.01","55.07","36.41","93","Finance","Banks - Foreign","13.1","1"
"United Bankshares","UBSI","6739.73","48.91","1055677","2.02","5.21","14.87","99.39","14.72","12.01","40.08","49","34.31","53","Finance","Banks - Southeast","27.97","3"
"United Community Banks","UCB","4288.37","35.83","967105","1.88",".5","9.47","84.54","3.37","2.3","31.65","37.09","28.94","53","Finance","Banks - Southeast","24.43","3"
"Ultra Clean","UCTT","3997.34","89.17","1492062","2.53","-15.5","4.35","55.84","217.06","-2.08","3.18","142.59","21.63","15","Computer and Technology","Electronics - Manufacturing Machinery","-1.07","1"
"United Dominion Realty Trust","UDR","12429.71","38.69","3404556","-1.48","-5.54","4.15","66.8","-5","2.42","30.64","41.24","33.56","74","Finance","REIT and Equity Trust - Residential","30.43","3"
"Urban Edge Properties","UE","2848.05","22.6","756070","-3.13","-.04","3.81","75.65","6.07","6.06","22.65","23.92","18.5","88","Finance","REIT and Equity Trust - Retail","22.2","4"
"UFP Industries","UFPI","5178.11","91.68","468378","3.93","5.03","10.34","34.33","-9.31","-4.99","3.99","115.62","79.17","58","Construction","Building Products - Wood","3.99","3"
"UGI","UGI","7784.64","36.31","1228004","-1.57","3.98","11.9","51.35","-12.63","1.07","9.43","40.63","31.75","175","Utilities","Utility - Gas Distribution","8.71","4"
"Ultrapar Participacoes","UGP","7239.64","6.49","4746009","3.34","19.96","7.81","98.03","55.05","3.05","2.06","6.56","3.01","187","Oils-Energy","Oil and Gas - Production and Pipelines","2.04","3"
"Universal Health Services","UHS","10233.06","169.04","1035380","6.11","6.95",".48","27.06","-30.17","9.71","7.94","244.18","141.17","193","Medical","Medical - Hospital","8.42","4"
"Frontier Group","ULCC","1770.36","7.69","4526750","26.07","-1.54","52.88","92.54","47.05","-1.35","-2.74","8.06","3.1","150","Transportation","Transportation - Airline","-9.29","1"
"UL Solutions Inc.","ULS","18352.32","91.05","792073","1.1","1.99","-6.84","67.25","3.99","6.38","13.78","104.89","62.63","198","Business Services","Business - Services","11.24","4"
"Ulta Beauty","ULTA","22973.92","534.41","560615","11.22","18.1","4.38","32.67","-20.44","9.71","9.36","706.82","450.75","155","Retail-Wholesale","Retail - Miscellaneous","9.36","3"
"Unusual Machines, Inc.","UMAC","1103.08","23.08","3273394","12.04","6.61","50.46","59.7","63.17","101.24","-37.06","33.42","7.76","68","Computer and Technology","Wireless Equipment","-32.71","3"
"UMB Financial","UMBF","11167.69","147.04","661764","4.31","1.82","12.83","97.22","15.12","48.06","33.89","148.27","103.99","47","Finance","Banks - Midwest","21.64","3"
"United Microelectronics","UMC","47054.53","18.69","16933474","-2.04","-27.64","19.89","56.51","114.17","6.74","33.18","28.01","6.58","41","Computer and Technology","Electronics - Semiconductors","33.18","1"
"UMH Properties","UMH","1300.49","15.27","456416","-1.61","-.91","-1.93","45.63","-13.56","8.81","11.03","16.64","14.12","74","Finance","REIT and Equity Trust - Residential","11.03","3"
"UniCredit","UNCRY","145879.38","48.37","468371","3.31","2.59","16.86","100","5.05","-14.59","34.34","48.37","33.95","93","Finance","Banks - Foreign","34.34","4"
"United Natural Foods","UNFI","2866.79","47.37","502976","-3.43","1.52","-9.37","73.25","26.71","2.6",".37","55.52","25.05","210","Consumer Staples","Food - Miscellaneous","-.12","3"
"UnitedHealth Group","UNH","377206.84","415.36","5493741","-.55","-.63","8.04","89.43","13.33","11.81","3.76","436.35","237.77","15","Medical","Medical - HMOs","3.14","1"
"Uniti Group","UNIT","2339.87","9.64","2277825","-10.49","-12.68","-15.22","57.92","23.86","91.49","-14.51","12.75","5.36","102","Computer and Technology","Wireless National","28.68","3"
"Unum Group","UNM","14265.03","90.11","1552756","4.27",".67","10.55","89.17","4.72","1.46","10.32","92.73","68.55","180","Finance","Insurance - Accident and Health","5.26","4"
"Union Pacific","UNP","173012.61","291.23","3202043","-2.7","3.06","10.59","82.59","13.39","1.07","28.7","307.32","214.91","58","Transportation","Transportation - Rail","28.85","2"
"United Parcel Service","UPS","90840.17","106.87","5392294","-5.38","-2.86","6.87","64.91","-2.96","-2.65","6.57","120","82.58","102","Transportation","Transportation - Air Freight and Cargo","5.08","3"
"Upstart","UPST","2816.79","29.43","3538710","7.06","-14.27","2.58","8.89","-39.39","63.99","16.1","82.83","24.22","157","Finance","Financial - Miscellaneous Services","4.34","3"
"Urban Outfitters","URBN","6652.99","77.69","1053358","7","11.99","13.58","78.34","-7.03","11.07","8.02","82.7","59.57","83","Retail-Wholesale","Retail - Apparel and Shoes","7.48","2"
"Urogen Pharma","URGN","1880.17","38.59","748269","-6.92","3.15","23.17","81.03","48.41","21.45","-94.83","43.78","16.42","101","Medical","Medical - Biomedical and Genetics","-94.83","2"
"United Rentals","URI","69457.64","1115.92","506506","-1.06","1.48","18.95","94.05","24.19","4.91","17.03","1141.59","710.47","98","Construction","Building Products - Miscellaneous","15.67","1"
"U.S. Bancorp","USB","99179.32","63.94","8177315",".71","1.77","17.34","97.42","7.92",".35","27.24","64.47","43.94","24","Finance","Banks - Major Regional","18.49","2"
"US Foods","USFD","21949.49","99.67","2371187",".38","-3.1","19.21","86.51","19.18","4.08","2.34","104.29","70.05","210","Consumer Staples","Food - Miscellaneous","1.71","2"
"United Therapeutics","UTHR","21915.67","516.31","404339","-2.2","-5.65","-9.4","75.02","-4.56","10.61","40.62","596.76","274.7","147","Medical","Medical - Drugs","40.62","2"
"Universal Technical Institute","UTI","2275.14","41.32","913690","7.49","-17.24","12.44","66.43","42.42","14.05","4.91","51.2","21.77","83","Consumer Discretionary","Schools","4.91","3"
"Utz Brands","UTZ","2038.86","14.17","6842345",".64","74.51","96.53","100","22.95","2.09","8.06","14.17","6.8","210","Consumer Staples","Food - Miscellaneous","-.58","3"
"Energy Fuels","UUUU","3036.53","12.15","6836425","3.76","-11.77","-44.87","19.12","-24.74","-15.61","-83.26","27.72","8.47","187","Basic Materials","Mining - Non Ferrous","-83.26","2"
"Visa","V","655925.94","365.67","7422001",".87","2.36","12.91","95.82","-6.09","11.34","55.22","368.73","295.52","154","Business Services","Financial Transaction Services","50.78","3"
"MARRIOTT VAC WW","VAC","3345.01","97.4","394299","-1.49","-.48","29.54","90.2","52.06","1.31","4.99","103.04","45.49","83","Consumer Discretionary","Leisure and Recreation Services","-6.72","2"
"Valaris","VAL","5319.92","76.82","888669","-2.1","4.47","-21.07","47.09","37.28",".27","15.46","113.42","44.25","202","Oils-Energy","Oil and Gas - Drilling","45.37","4"
"Visteon","VC","2815.83","105.48","511950","-.06","-2.2","-9.08","47.46","-.1","-2.53","6.32","128.76","84.45","180","Auto-Tires-Trucks","Automotive - Original Equipment","5.58","3"
"Vericel","VCEL","2358.06","46.05","509704","1.61","-1.1","39.88","88.09","15.18","16.45","7.91","48.31","29.34","101","Medical","Medical - Biomedical and Genetics","7.91","3"
"Victory Capital Holdings","VCTR","6488.85","103.77","451709","4.11","14.31","20.9","100","48.14","46.19","36.76","103.77","60.76","67","Finance","Financial - Investment Management","25.79","1"
"Veracyte","VCYT","3605.52","44.85","1303868","-19.35","-22.67","12.97","57.71","-4.05","16.01","30.29","60.49","23.51","155","Medical","Medical - Instruments","20.37","4"
"Veeco Instruments","VECO","3110.88","50.97","965135","5.11","-6.34","-16.73","49.18","60.63","-7.39","10.21","83.04","19.94","15","Computer and Technology","Electronics - Manufacturing Machinery","3.53","3"
"Veeva Systems","VEEV","33503.93","206.25","1577579","6.06","7.42","29.45","35.42","-16.78","16.34","42.05","306.22","151.43","68","Medical","Medical Info Systems","28.37","3"
"Velo3D, Inc.","VELO","339.14","11.38","1731927","11.02","-24.18","-21.36","30.43","-25.4","12.12","-73.79","30.61","2.97","164","Industrial Products","Industrial Services","-107.94","3"
"Vertex","VERX","2168.35","13.4","2047213","6.01","4.28","-3.67","12.48","-39.57","12.25","15.03","33.17","10.58","148","Computer and Technology","Internet - Software",".45","3"
"V.F. Corporation","VFC","5865.57","14.92","8162976","-12.85","-9.58","-16.83","32.96","-25.68","1.06","3.42","21.55","11.66","169","Consumer Discretionary","Textile - Apparel","2.88","4"
"Venture Global, Inc.","VG","32495.4","13.08","16573554","2.03","20.55","12.56","61.67","72.74","176.93","16.94","17.53","5.92","216","Oils-Energy","Oil and Gas - Exploration and Production - United States","16.94","3"
"Viavi Solutions","VIAV","8830.02","37.75","4769146","-1.07","-11.01","-31.28","61.42","90.8","8.39","13.32","55.33","9.76","73","Computer and Technology","Communication - Components","-4.03","3"
"VICI Properties","VICI","29222.6","26.54","9068449","-.79","-.6","-8.23","7.63","-14.99","4.08","67.5","33.93","25.93","61","Finance","REIT and Equity Trust - Other","67.5","3"
"Vicor","VICR","9733.45","213.54","909894","3.44","-25.16","-31.77","50.51","75.48","26.08","30.65","379.78","43.85","54","Computer and Technology","Electronics - Miscellaneous Components","30.65","2"
"Viking Holdings Ltd.","VIK","47451.38","106.47","1890455","3.23","5.89","31.59","100","34.29","21.89","18.34","106.47","56.58","83","Consumer Discretionary","Leisure and Recreation Services","18","2"
"Vipshop","VIPS","7446.06","15.55","1813237","5.5","16.65","6.22","33.89","-20.83","1.97","8.24","20.68","12.92","102","Computer and Technology","Internet - Delivery Services","7.08","3"
"Vir Biotechnology","VIR","1501","8.9","1557994","1.14","-11.18","-4.2","67.84","32.93","-7.61","-675.96","11.09","4.28","101","Medical","Medical - Biomedical and Genetics","-638.88","3"
"Virtu Financial","VIRT","9129.93","58.87","1183735",".03","-6.51","14.22","76.92","59.13","26.25","42.91","66.82","32.38","157","Finance","Financial - Miscellaneous Services","13.5","3"
"Vistance Networks, Inc.","VISN","2718.11","12.05","5438159","1.69","-2.67",".33","33.39","-40.14","-54.07","10.91","20.55","7.79","204","Computer and Technology","Communication - Network Software","175.01","3"
"Vital Farms","VITL","548.03","12.79","1451385","-3.76","-.39","46.34","10.22","-63.93","25.26","6.1","52.41","8.28","210","Consumer Staples","Food - Miscellaneous","6.1","4"
"Telefonica Brasil","VIV","20691.4","12.72","1277587","-9.85","-5.57","-13.7","25.34","-3.4","3.04","10.64","17.14","11.22","229","Utilities","Diversified Communication Services","10.64","3"
"Valero Energy","VLO","91318.7","307.54","2777171",".86","13.77","23.94","96.03","70.15","-5.54","5.21","314.8","131.77","21","Oils-Energy","Oil and Gas - Refining and Marketing","5.17","2"
"Controladora Vuela Compania de Aviacion, B. de C.V.","VLRS","942.11","8.08","577232","3.46","-13.4","7.02","49.51","-18.05","-3.31","-5.71","10.63","5.58","150","Transportation","Transportation - Airline","-5.71","3"
"Veralto Corporation","VLTO","23116.49","94.82","1791892",".57","2.53","9.53","45.75","-14.41","5.97","18.4","109.75","82.23","102","Business Services","Waste Removal Services","17.35","2"
"Valley National Bancorp","VLY","8034.91","14.5","6966197","1.05","-1.96","9.27","88.52","11.81","-2.44","31.54","15.19","9.18","41","Finance","Banks - Northeast","19.49","3"
"Vulcan Materials","VMC","36747.23","283.59","1097823","-.32","-6.97",".31","36.22","-10.45","7.06","13.78","330.37","257.02","169","Construction","Building Products - Concrete and Aggregates","13.75","3"
"Vanda Pharmaceuticals","VNDA","314.51","5.23","839739",".19","-16.05","-16.59","19.37","-46.59","8.72","-57.79","9.56","4.19","101","Medical","Medical - Biomedical and Genetics","-109.99","3"
"VNET Group, Inc. - Unsponsored ADR","VNET","1934","7.15","3883222","-.28","-8.45","-21.77","11.11","-23.88","25.74","-18.81","14.03","6.29","148","Computer and Technology","Internet - Software","-22.02","3"
"Vornado Realty Trust","VNO","7510.74","39.93","1717777","1.09","-1.89","28.64","83.35","8.06","1.27","3.71","42.97","24.71","61","Finance","REIT and Equity Trust - Other","3.71","3"
"Viper Energy Inc.","VNOM","15685.83","43.69","1483330","1.51","7.93","-8.04","51.95","1.86","62.14","17.64","50.95","35.84","216","Oils-Energy","Oil and Gas - Exploration and Production - United States","2.89","4"
"Vontier","VNT","4619.65","32.81","1380703","3.05","12.87","9.48","31.49","-20.52","3.24","15.24","43.71","27.8","148","Business Services","Technology Services","13.37","3"
"Voya Financial","VOYA","9072.98","100.07","964084","1.07","3.94","24.89","98.52","21","1.73","67.43","100.59","65.51","192","Finance","Insurance - Life Insurance","8.24","3"
"Voyager Technologies, Inc.","VOYG","1498.64","28.01","1442050","6.7","-17.38","-9.12","29.66","-3.49","15.42","-63.91","51.77","17.99","61","Aerospace","Aerospace - Defense Equipment","-78.61","3"
"Vishay Precision Group","VPG","1218.37","91.6","484952","-10.47","-25.53","37.54","53.02","114.29",".22","2.39","149.91","25.8","54","Computer and Technology","Electronics - Miscellaneous Components","1.85","3"
"Viridian Therapeutics","VRDN","1990.37","19.31","1753289","-1.98","1.69","12.27","29.35","-44.11","23359.93","-490.31","33.78","13.3","101","Medical","Medical - Biomedical and Genetics","-490.31","3"
"VAREX IMAGING","VREX","501.83","11.92","359246","8.56","10.99","22.82","67.03","-7.85","4.14","4.62","14.36","6.96","157","Medical","Medical - Products","-9.64","3"
"Varonis Systems","VRNS","4729.96","41.18","2070051","-11.76","-9.83","47.07","48.68","13.08","13.17","4.71","63.31","20.19","83","Computer and Technology","Security","-20.55","3"
"Verra Mobility","VRRM","852.2","5.61","5592112","33.89","29.26","-59.32","8.11","-77.45","11.36","20.7","25.54","3.85","148","Computer and Technology","Internet - Software","13.38","4"
"Verisk Analytics","VRSK","25134.43","193.11","1818555","-6.56","2.83","14.56","29.76","-22.25","6.63","31.86","278.71","156.84","43","Business Services","Business - Information Services","28.24","3"
"VeriSign","VRSN","26989.77","298.89","838738","8.76","15.34","4.34","88.72","10.81","6.37","49.76","310","211.49","90","Computer and Technology","Internet - Software and Services","49.76","2"
"Vertiv","VRT","101039.82","263.05","6280479","-8.54","-17.4","-28.5","55.51","46.24","27.69","18.08","376.23","121.82","152","Computer and Technology","Computers - IT Services","15.09","1"
"Vertex Pharmaceuticals","VRTX","119471.29","470.72","1452821","-1.73","-11.12","8.17","63.89","-6.48","8.9","38.75","529.59","366.54","101","Medical","Medical - Biomedical and Genetics","35","3"
"Viasat","VSAT","11198.14","81.29","2131864","8.57","-3","11.25","88.39","112.46","2.67","3.09","89.81","16.43","68","Computer and Technology","Wireless Equipment","-.73","3"
"VSE","VSEC","5810.92","207.11","423155","3.08","-12.98","8.32","66.32","7.97","2.98","8.43","238.01","146.27","90","Construction","Engineering - R and D Services","4.95","2"
"Vishay Intertechnology","VSH","4818.15","35.4","5489977","-4.79","-23.33","1.64","44.42","120.04","4.48",".15","64.9","11.82","102","Computer and Technology","Semiconductor - Discretes",".07","3"
"Vistra","VST","52580.23","155.94","4095672","-.73","-.81","2.56","25.51","-12.94","2.98","14.77","217.92","134.71","175","Utilities","Utility - Electric Power","11.52","3"
"Verastem","VSTM","500","5.69","2494020","-6.41","27.58","16.6","30.6","-33.62","209.14","-391.17","10.77","3.45","101","Medical","Medical - Biomedical and Genetics","-391.17","4"
"Vestis Corporation","VSTS","1885.14","14.27","1216756","-7.04","5","53.44","82.07","92.69","-2.53","1.69","16.5","4.06","33","Industrial Products","Uniform and Related","-.63","3"
"Victoria's Secret","VSXY","7077.62","89.11","1607399","4.44","14.43","93.55","99.72","48.16","5.2","4.34","89.31","18.72","83","Retail-Wholesale","Retail - Apparel and Shoes","3.11","1"
"Ventas","VTR","46601.18","90.85","3419335","-9.25","-1.47","3.6","71.02","5.74","18.47","4.08","100.53","67.13","61","Finance","REIT and Equity Trust - Other","4.08","2"
"Viatris","VTRS","20531.06","17.63","9180797","-.03","4.94","4.2","97.48","27.54","-2.98","19.66","17.86","8.74","80","Medical","Medical Services","-2.04","4"
"Valvoline","VVV","4947.13","38.79","1834038","-1.95",".52","12.44","84.07","20.22","5.64","11.75","40.67","28.87","21","Oils-Energy","Oil and Gas - Refining and Marketing","5.03","2"
"V2X, Inc.","VVX","2704.6","86.38","791345","-1.07","12.31","24.86","89.81","42.62","3.65","3.94","90.81","47.34","148","Business Services","Technology Services","1.88","3"
"NCR Voyix Corporation","VYX","1190.65","8.64","1827002","5.24","-1.37","11.05","32.89","-23.71","-4.92","4.86","13.72","6.15","18","Computer and Technology","Computer - Integrated Systems","2.2","3"
"Verizon Communications","VZ","196770.17","47.36","27160684",".08","12.57",".28","69.03","4.73","2.52","14.8","51.38","38.4","102","Computer and Technology","Wireless National","11.64","3"
"Wayfair","W","11788.61","89.31","3208997","-5.52","-4.15","45.5","51.76","-19.89","5.11","3.23","119.05","57.4","179","Retail-Wholesale","Internet - Commerce","-2.41","3"
"Wabtec","WAB","50077","296.47","1041823","-1.47","13.45","10.57","92.24","25.1","7.51","14.08","305.79","185.65","166","Transportation","Transportation - Equipment and Leasing","10.59","2"
"WaFd, Inc.","WAFD","2760.47","37.36","599971","2.55","-2.1","5.33","82.94","5.05","-1.52","31.18","39.32","27.83","204","Finance","Banks - West","18.47","3"
"Western Alliance Ban","WAL","9035.73","82.82","1024527",".07",".39","7.63","54.87","-11.27","5.64","25.71","96.08","66.7","204","Finance","Banks - West","17.2","4"
"Waters","WAT","36794.16","374.74","806794",".95","-1.1","7.66","71.96","-11.14","6.99","23.11","412.54","277.72","155","Medical","Medical - Instruments","11.91","3"
"Waystar Holding Corp.","WAY","4345.02","22.66","2755430","-2.01","-5.23","13.87","22.69","-37.68","16.5","25.13","40.89","17.31","148","Computer and Technology","Internet - Software","11.18","3"
"Weibo","WB","2006.14","8.17","758997","4.61","7.93","-2.62","17.23","-28",".14","23.14","12.83","7.2","102","Computer and Technology","Internet - Content","21.15","3"
"Webster Financial","WBS","12625.65","77.92","4035367","1.26",".41","8","100","11.5","5.83","35.31","77.92","54.1","41","Finance","Banks - Northeast","22.78","4"
"WEBTOON Entertainment Inc.","WBTN","1282.03","9.48","345914","2.27","-17.85","-28.78","7.07","-34.47","2.54","4.76","21.31","8.58","102","Computer and Technology","Internet - Content","-24.12","4"
"WESCO International","WCC","17598.54","361.33","790697","6.86","13.99","-1.36","92.29","33.03","7.76","3.02","374.52","203.49","8","Computer and Technology","Electronics - Parts Distribution","2.84","1"
"Waste Connections","WCN","42345.68","167.81","1367005","-.91",".11","11.15","45.21","-13.81","6.14","14.32","190.58","149.02","102","Business Services","Waste Removal Services","10.86","3"
"Workday","WDAY","40767.35","165.05","4731638","11.87","19.61","35.93","38.87","-30.79","13.09","25.85","247.69","112.5","148","Computer and Technology","Internet - Software","8.6","3"
"Western Digital","WDC","181723.3","527.22","7387749","5.88","-8.7","2.21","67.43","175.64","-26.79","27.09","746.23","73.78","23","Computer and Technology","Computer- Storage Devices","55.29","1"
"Weave Communications","WEAV","537.07","6.75","1051364","1.5",".75","22.95","64.15","-19.9","16.99","3.58","8.08","4.37","148","Computer and Technology","Internet - Software","-10.05","3"
"WEC Energy Group","WEC","35595.3","109.28","1956295","-3.99","-6.3","-3.09","37.74","-6.67","13.96","18.16","118.85","103.48","175","Utilities","Utility - Electric Power","16.69","4"
"Welltower","WELL","168005.66","233.1","2919580","-6.14",".18","8.5","78.97","13.11","35.63","12.15","252.07","161.88","61","Finance","REIT and Equity Trust - Other","12.15","3"
"Wendy's","WEN","1434.32","7.53","8097820","3.01","-4.68","11.39","30.16","-18.58","-3.1","7.08","10.68","6.17","163","Retail-Wholesale","Retail - Restaurants","6.77","4"
"Werner Enterprises","WERN","2225.95","37.13","1437227","-8.16","-13.63","4.86","57.91","11.44","-1.84",".49","47.29","23.15","6","Transportation","Transportation - Truck","-1.42","3"
"Western Midstream Partners","WES","19311.68","46.74","770720",".02","6.98","6.35","88.85","6.57","6.61","29.98","47.93","37.26","43","Oils-Energy","Oil and Gas - Refining and Marketing - Master Limited Partnerships","29.98","2"
"Westrock Coffee Company","WEST","801.19","8.27","430865","4.95","18.31","-5.49","75.75","83.01","39.76","-3.17","9.73","3.71","68","Consumer Staples","Beverages - Soft drinks","-5.59","3"
"WEX","WEX","6383.15","187.29","857877","5.23","25.14","33.3","98.18","13.23","1.24","22.76","188.41","126.86","154","Business Services","Financial Transaction Services","12.56","3"
"Wells Fargo & Company","WFC","265779.28","87.89","16642805",".71",".5","19.45","62.99","-15.07","-1.49","26.52","96.39","73.42","20","Finance","Financial - Investment Bank","17.55","2"
"GENEDX HOLDINGS","WGS","2014.63","67.86","734092","12.09","-1.5","71.32","25.07","-53.01","39.97","2.49","167.51","34.51","80","Medical","Medical Services","-23.41","3"
"Wyndham Hotels & Resorts","WH","5585.87","75.27","1398226",".12","-7.92","-8.27","27.35","-10.28","1.49","25.88","91.1","69.31","216","Consumer Discretionary","Hotels and Motels","14.67","3"
"Cactus","WHD","5118.49","63.84","823072","18.46","26.44","12.93","96.3","25.87","-4.49","17.4","65.01","33.4","203","Oils-Energy","Oil and Gas - Integrated - United States","6.01","2"
"Wingstop","WING","3552.16","130.39","1278123","-4.99","-23.56","2.4","4.42","-50.76","11.35","17.04","377.34","118.96","163","Retail-Wholesale","Retail - Restaurants","16.15","4"
"Wix.com","WIX","3314.58","56.84","1447479",".89","13.2","-28.33","11.41","-50.72","13.2","18.94","184.24","40.43","152","Computer and Technology","Computers - IT Services","-1.97","3"
"Workiva","WK","3434.5","61.2","745408","9.78","18.74","31.84","34.47","-36.09","19.75","15.61","93.31","44.31","148","Computer and Technology","Internet - Software","1.53","3"
"World Kinect Corporation","WKC","1997.98","39.06","1441705","-1.83","17.76","43.71","93.26","50.15","-12.45",".36","40.25","22.59","21","Oils-Energy","Oil and Gas - Refining and Marketing","-.43","1"
"John Wiley & Sons","WLY","2695.38","53.1","493452","4.1","1.09","31.4","90.27","56.14","-.06","13.29","55.72","28.79","218","Consumer Staples","Publishing - Books","13.22","2"
"Waste Management","WM","90507.52","226.43","1838513","-4.82","-1.11","5.75","59.63","-7.18","14.24","12.18","246.51","196.77","102","Business Services","Waste Removal Services","11.11","3"
"The Williams Companies","WMB","86034.69","70.43","6527289","-.51","-3.28","-5.06","60.81","5.53","13.78","22.81","79.4","56.51","187","Oils-Energy","Oil and Gas - Production and Pipelines","25.17","3"
"Warner Music Group","WMG","13092.55","25.1","2177708","-9.09","-8.39","-23.8","13.1","-26.29","4.37","7.03","34.72","23.65","80","Consumer Discretionary","Film and Television Production and Distribution","6.34","3"
"Advanced Drainage Systems","WMS","11125.08","145.15","613195","1.37","-4.09",".93","51.51","-9.73","5.03","16.09","175.38","113.04","98","Construction","Building Products - Miscellaneous","13.98","3"
"Walmart","WMT","881038.94","110.71","20836954","-.92",".05","-13.23","38.43","-10.5","4.73","2.97","134.2","96.05","227","Retail-Wholesale","Retail - Supermarkets","3.13","4"
"Wabash National","WNC","507.58","12.46","1615376","-5.75","-4.15","72.82","78.16","29.74","-20.75","-9","14.05","6.77","180","Auto-Tires-Trucks","Automotive - Original Equipment","-5.48","4"
"W.P. Carey","WPC","16610.13","72.91","1436311","-4.33","3.35","-1.54","69.89","2.03","8.43","36.49","76.71","64.09","61","Finance","REIT and Equity Trust - Other","36.34","2"
"Wheaton Precious Metals","WPM","50802.34","111.86","1555513","-.13","-2.93","-22.21","27.9","-14.27","80.18","62.09","165.72","91.02","197","Basic Materials","Mining - Miscellaneous","65.55","3"
"W.R. Berkley","WRB","26761.79","72.09","2044223","-4.77","1.65","8.55","57.31","-7.4","7.84","12.77","78.46","63.54","152","Finance","Insurance - Property and Casualty","12.94","3"
"Warby Parker","WRBY","3028.62","28.28","2382037","13.76","-3.22","-1.77","85.13","16.89","13.04","4.07","30.34","16.49","199","Consumer Staples","Consumer Products - Staples",".15","4"
"WeRide Inc.","WRD","1833.04","5.9","2007234","4.8","4.8","-23.97","8.22","-38.78","97.87","-228.47","12.38","5.32","180","Auto-Tires-Trucks","Automotive - Original Equipment","-228.47","3"
"WesBanco","WSBC","4009.82","41.81","1012134","2.03","4.13","24.88","98.41","13.29","50.87","35.04","42.01","29.44","53","Finance","Banks - Southeast","23.35","3"
"WillScot Holdings Corporation","WSC","4651.58","25.72","2002274","-3.96","-2.94","-3.71","74.74","23.02","-4.77","8.69","29.35","14.98","93","Finance","Real Estate - Operations","-2.99","3"
"WSFS","WSFS","4244.19","81.55","481778","1.17","4.67","14.92","99.21","32.96","-3.2","28.99","81.8","50.35","65","Finance","Financial - Savings and Loan","23.34","2"
"WilliamsSonoma","WSM","28235.64","239.8","874023","2.31","7.13","36.17","99.48","20.94","1.24","13.81","240.17","168.64","213","Retail-Wholesale","Retail - Home Furnishings","13.81","2"
"Watsco","WSO","12929.5","318.01","510799","-12.72","-20.31","-25.13","5.9","-15","-4.98","6.53","456.86","309.3","52","Industrial Products","Manufacturing - General Industrial ","6.53","3"
"West Pharmaceutical Services","WST","24486.54","347.94","850148","5.04","-2.71","7.96","86.79","13.9","6.25","18.45","365.74","230.95","74","Medical","Medical - Dental Supplies","16.98","2"
"WisdomTree, Inc.","WT","3210.24","20.99","2596862","6.49","13.77","8.2","100","55.09","15.43","26.96","20.99","10.73","157","Finance","Financial - Miscellaneous Services","13.27","3"
"Wintrust Financial","WTFC","10910.35","161.76","704563","1.82","-.63","7.5","88.98","4.2","6.66","32.07","166.9","120.24","47","Finance","Banks - Midwest","20.72","3"
"Essential Utilities","WTRG","10999.29","38.78","1977015","-1.92",".31","3.22","44.54","-8.95","18.62","22.28","41.93","36.25","211","Utilities","Utility - Water Supply","21.82","3"
"Select Water Solutions, Inc.","WTTR","2539.1","18.38","1540312","-2.29","1.55","4.31","77.9","57.36","-3.08","1.54","21.35","7.91","102","Business Services","Waste Removal Services","1.54","3"
"Willis Towers Watson","WTW","31727.84","341.63","586457","12.88","18.76","36.81","92.3","-6.36","-2.24","17.4","349.93","242.12","102","Finance","Insurance - Brokerage","15.49","3"
"Western Union","WU","2042.81","6.55","11730367","-19.83","-17.92","-26.98","4.85","-36.63","-3.78","11.69","10.28","6.36","154","Business Services","Financial Transaction Services","9.79","4"
"WAVE Life Sciences","WVE","1131.06","5.74","2338567","-3.04","-9.18","-18.81","1.46","-69.59","-60.55","-309.73","21.31","5.51","101","Medical","Medical - Biomedical and Genetics","-309.73","3"
"Woodward","WWD","21467.29","363.57","679033","-13.39","-14.15","-1.8","63.4","8.31","7.3","13.25","436.44","237.33","61","Aerospace","Aerospace - Defense Equipment","13.17","2"
"Wolverine World Wide","WWW","1620.93","19.77","768501","3.67","16.29","22.04","28.84","-1.89","6.8","6.14","32.4","14.65","63","Consumer Discretionary","Shoes and Retail Apparel ","5.41","3"
"Weyerhaeuser","WY","18184.17","25.23","5119723","5.52","7.82","7.73","67.48","-4.08","-3.07","2.06","27.1","21.35","58","Construction","Building Products - Wood","6.89","4"
"WhiteFiber, Inc.","WYFI","1002.04","25.95","2798248","12.1","-26.98","-3.82","44.63","47.93","66.17","-45.24","44.77","10.78","148","Business Services","Technology Services","-45.24","3"
"Wynn Resorts","WYNN","10208.46","98.36","1378510","-1.34","2.58","-1.02","10.24","-26.38",".14","6.23","133.34","94.37","185","Consumer Discretionary","Gaming","5.14","4"
"Xcel Energy","XEL","48527.84","77.69","4966565","-3.74","-3.33","-3.61","48.85","-5.26","9.14","16.88","83.91","71.75","175","Utilities","Utility - Electric Power","15.28","3"
"Xeris Pharmaceuticals","XERS","1403.58","8.13","1681943","-.97","-2.87","32.41","63.2","-6.72","43.72","3.81","9.9","5.09","147","Medical","Medical - Drugs","3.81","4"
"XPLR Infrastructure, LP","XIFR","1119.96","11.88","1170880","-5.79","-4.5","-1.66","75.31","7","-3.41","5.49","12.88","8.83","160","Oils-Energy","Alternative Energy - Other","5.24","4"
"Xometry","XMTR","4509.24","87.01","850120","1.27","-7.73","7.77","75.85","31.77","25.87","3.63","104.85","30.97","52","Industrial Products","Manufacturing - General Industrial ","-7.01","3"
"Xencor","XNCR","1438.35","19.4","1098560","-2.32","30.29","51.68","85.58","14.13","13.65","-177.1","21.49","7","147","Medical","Medical - Drugs","-177.1","3"
"ExxonMobil Holdings Corporation","XOM","642715.5","155.06","14615013",".19","13.65","3.59","75","16.05","-4.96","9.46","171.47","105.83","226","Oils-Energy","Oil and Gas - Integrated - International","8.88","3"
"XP","XP","9152.32","17.03","5051195","1.73","3.84","-8.76","26.09","-6.3","4.09","27.98","22.95","14.94","157","Finance","Financial - Miscellaneous Services","27.4","2"
"Xperi Inc.","XPER","377","7.81","322785","2.63","-3.34","-2.74","76.49","20.04","-9.23","8.91","8.64","5.11","148","Business Services","Technology Services","-10.22","3"
"XPeng","XPEV","11811.84","12.37","6366266","-3.21","-8.78","-23.41","1.75","-45.06","95.95","-3.09","28.07","12.09","150","Auto-Tires-Trucks","Automotive - Foreign","-3.09","4"
"XPO, Inc.","XPO","23067.2","197.01","1011926","-5.37","-4.72","-2.28","71.38","30.56","1.05","6.47","228.37","118.79","6","Transportation","Transportation - Truck","4.71","1"
"Xponential Fitness","XPOF","327.01","6.65","655325","0","-2.35","28.38","37.7","-27.23","-1.71","3.92","10.6","4.26","83","Consumer Discretionary","Leisure and Recreation Services","-11.28","3"
"Expro Group Holdings","XPRO","1793.09","15.96","1037701","1.85","13.84",".63","71.41","7.67","-6.17","5.14","18.39","9.89","187","Oils-Energy","Oil and Gas - Production and Pipelines","1.33","4"
"Dentsply Sirona","XRAY","2830.62","14.13","5126969","8.53","14.69","29.51","89.09","11.34","-2.98","7.8","14.68","9.64","74","Medical","Medical - Dental Supplies","-17.06","3"
"Xylem","XYL","27803.61","119.08","2071748","-.9","-.28","6.32","27.33","-21.24","5.52","14.22","152.95","106.34","102","Business Services","Waste Removal Services","11.15","3"
"Block","XYZ","48858.4","82.09","4624001","1.05","4.02","12.19","97.03","13.59",".3","6.69","83.1","49.09","148","Computer and Technology","Internet - Software","3.3","3"
"Yelp","YELP","1474.3","26.81","964184","1.51","1.78","6.05","47.99","-20.54","3.75","9.7","34.43","19.78","102","Computer and Technology","Internet - Content","9.47","3"
"YETI","YETI","3846.25","50.77","1051015","-.29","4.85","24.07","94.5","3.52","2.11","10.35","51.87","31.86","78","Consumer Discretionary","Leisure and Recreation Products","8.36","3"
"Yext","YEXT","569.41","5.68","1054917","2.71","13.83","50.26","40.21","-36.53","6.09","15.44","9.16","3.34","148","Business Services","Technology Services","8.93","3"
"Full Truck Alliance","YMM","10134.43","9.72","6507914","4.4","12.11","10.58","33.75","-18.41","16","36.11","14","7.54","148","Business Services","Technology Services","32.68","2"
"CLEAR Secure","YOU","7352.69","55.15","1109717","3.61","-2.8","-3.06","78.49","41.6","16.91","13.01","62.36","28.84","148","Computer and Technology","Internet - Software","13.01","3"
"YPF Sociedad Anonima","YPF","20082.55","51.06","1254603",".31","10.71","13.64","83.86","27.18","-4.38",".68","56.35","23.57","226","Oils-Energy","Oil and Gas - Integrated - International","-2.16","3"
"Yum Brands","YUM","41012.44","148.8","2863282",".68","-10.36","-.99","35.36","-11.41","8.81","20.58","168.16","138.21","163","Retail-Wholesale","Retail - Restaurants","25.42","3"
"Yum China","YUMC","16881.28","48.35","1762762","8.12","13.79","1.92","45.98","-8.78","4.37","7.84","57.95","40.18","163","Retail-Wholesale","Retail - Restaurants","7.84","2"
"Zillow Group Class C","Z","8035.52","35.12","3279415","9.75","6.55","-13.16","9.37","-53.63","15.52","16.38","90.32","29.41","164","Computer and Technology","Internet - Services","2.27","3"
"Zimmer Biomet","ZBH","18761.99","96.98","2242574","5.33","8.04","21.86","61.86","-2.86","7.2","19.95","107.71","79.58","157","Medical","Medical - Products","9.05","3"
"Zebra Technologies","ZBRA","13891.8","291.64","714057","10.22","7.9","34.42","65","8.17","8.33","15.01","341.36","199.3","102","Industrial Products","Manufacturing - Thermal Products","7.49","3"
"Zeta Global","ZETA","5623.25","22.56","7594056","8.78","3.39","36.64","74.86","-.15","29.72","13.21","25.25","14.55","148","Business Services","Technology Services","-1.62","4"
"Zillow Group Class A","ZG","8191.1","35.8","1191081","11.91","8.65","-11.93","11.56","-52.74","15.52","16.38","86.76","29.14","185","Finance","Financial - Mortgage & Related Services","2.27","3"
"ZIM Integrated Shipping Services","ZIM","3141.95","26.07","883899","6.15","9.95","-1.51","80.99","10.6","-18.07","-.16","29.27","12.44","40","Transportation","Transportation - Shipping","1.56","1"
"Zions Bancorporation","ZION","10419.98","70.84","1802224","3.39",".34","16.51","90.64","8.99","-1.02","28.08","73.31","46.93","204","Finance","Banks - West","23.92","3"
"Zai Lab Limited","ZLAB","2068.57","18.18","731830","-2.47","-4.72","-7.2","8.1","-7.18","15.33","-39.3","39.51","16.3","101","Medical","Medical - Biomedical and Genetics","-39.3","3"
"Zoom Communications, Inc.","ZM","28810.06","98.25","3169894","7.71","15.64","-8.28","67.63","2.55","4.36","37.22","111.88","69.77","148","Computer and Technology","Internet - Software","41.99","3"
"Zscaler","ZS","24977.65","154.46","2398294","4.86","2.69","3.76","16.68","-38.15","23.31","20.57","336.27","118.05","83","Computer and Technology","Security","-2.44","4"
"ZTO Express Cayman","ZTO","13880.77","24.62","1605759","3.19","6.9","-1.56","84.27","6.15","15.74","18.41","25.88","17.87","161","Transportation","Transportation - Services","17.87","3"
"Zoetis","ZTS","32322.49","77.1","5428069",".23","2.23",".56","6.17","-44.81","2.28","29.77","156.76","71.86","147","Medical","Medical - Drugs","27.8","4"
"Zevra Therapeutics, Inc.","ZVRA","594.4","10.055","1623390","3.55","-28.02","-6.9","37.57","1.07","350.91","128.01","14.75","7.23","147","Medical","Medical - Drugs","101.58","4"
"Zurn Elkay Water Solutions Cor","ZWS","8492.24","51.2","1069581","4.98","4.17",".35","82.42","-.81","8.26","16.28","52.8","43.7","102","Business Services","Waste Removal Services","15.45","1"
"Zymeworks","ZYME","1593","21.81","438689","-5.17","-13.9","-9.24","59.19","-25.4","38.87","-126.92","28.56","12.02","101","Medical","Medical - Biomedical and Genetics","-126.92","2"
