Company Name,Ticker,Market Value (mil),Price as a % of 52 Wk H-L Range,Performance 1D (%),Performance 1M (%),Performance 1W (%),Performance 3M (%),Performance 6M (%),Performance 1Y (%),Investment Strategy,Investment Category
"Amplius Aggressive Asset Allocation ETF","AAAA","283.6","89.17032309533306741124850418827283605903",".1266","-.2748","-1.463","1.876","17.538","16.6197","Strategy - Aggressive Growth","Total Portfolio ETFs"
"Goldman Sachs Physical Gold ETF","AAAU","2503.26","20.51451187335092348284960422163588390501","1.2546","-6.3161","-4.3236","3.9656","-7.5679","8.8601","Precious Metals - Gold","Precious Metals ETFs"
"Alpha Architect US Equity 2 ETF","AAEQ","510.61","94.00019385480275273819908888242706213046","-.1763",".0364","-1.1148","4.168","20.9907","0","Style Box - All Cap Blend","Style Box - All Cap Blend"
"Tradr 2X Long AAOI Daily ETF","AAOX","207.44","2.77526053466243769823289533303126415949","7.9909","-14.8515","-12.4074","-70.9281","0","0","Derivative Based ETF","Single Stock ETF"
"Alpha Architect US Equity 3 ETF","AAUA","365.67","94.55656508804374045187746241054916780574","-.1443",".0357","-1.1383","4.2572","23.5035","0","Style Box - All Cap Blend","Style Box - All Cap Blend"
"Alpha Architect US Equity 4 ETF","AAUB","854.37","80.5704099821746880570409982174688057041","-.0312",".5747","-1.4661","0","0","0","Style Box - All Cap Blend","Style Box - All Cap Blend"
"Alpha Architect U.S. Equity ETF","AAUS","504.57","93.87327631349275615290626636411241054285","-.1602",".013","-1.1253","4.1538","20.7104","14.7591","Style Box - Large Cap Blend","Style Box - Large Cap Blend"
"iShares MSCI All Country Asia ex Japan ETF","AAXJ","3986.16","81.79494461800624822493609769951718261857",".4777",".813","-2.07",".2809","25.7668","31.2352","Geographic - Broad Pacific","Asia-Pacific (Emerging) ETFs"
"Abacus FCF Leaders ETF","ABFL","533.02","70.04479283314669652855543113101903695409","-.1713","-1.7767","-1.3078","-4.3958","14.9104","11.9411","Style Box - All Cap Blend","Style Box - All Cap Blend"
"VictoryShares Pioneer Asset-Based Income ETF","ABI","522.17","1.75438596491228070175438596491228070175",".0408","-.3616","-.2035",".0871","1.8804","4.2502","Total Bond Market - Broad","Total Bond Market ETFs"
"Aptus Collared Investment Opportunity ETF","ACIO","2398.73","90.71762870514820592823712948517940717629","-.064",".021","-.9268","2.6769","13.9748","9.0113","Derivative Based ETF","Hedge Fund ETFs"
"American Century Large Cap Equity ETF","ACLC","327.64","87.03472395703222583062702972770422183362",".0573","-1.1818","-.8468","2.8273","19.2556","11.9243","Strategy - Socially Responsible","Style Box - Large Cap Blend"
"TCW AAA CLO ETF","ACLO","591.3","80.76009501187648456057007125890736342043",".0297",".3464",".0297","1.1986","2.7031","4.9742","Asset Backed - MBS","Mortgage-Backed Security ETFs"
"iShares MSCI ACWI ETF","ACWI","33021.82","89.32484977023683280311063980205019441499","-.1378","-1.0119","-1.6893","2.336","19.264","17.4499","Global Large-Cap Blend Equity ETF","Global Large-Cap Blend Equity ETF"
"iShares MSCI Global Min Vol Factor ETF","ACWV","3302.26","54.77707006369426751592356687898089171975","-.3477","-3.2575","-1.5103","2.3161","6.0451","5.1427","Global Large-Cap Blend Equity ETF","Global Large-Cap Blend Equity ETF"
"iShares MSCI ACWI ex U.S. ETF","ACWX","16306.53","84.02203856749311294765840220385674931129","-.118","-1.8425","-2.1326",".914","16.1351","20.5701","Foreign Large Blend ETF","Foreign Large Blend ETF"
"FT Vest Laddered Autocallable Barrier & Income ETF","ACYN","2195.46","90.90909090909090909090909090909090909091",".1442","1.1203","-.2393","3.2352","7.5606","0","Derivative Based ETF","Defined Outcome"
"FT Vest Laddered Autocallable Barrier & Resilient Income ETF","ACYS","490.98","82.6086956521739130434782608695652173913",".0976",".4998","-.146","2.0551","0","0","Derivative Based ETF","Defined Outcome"
"Aptus Drawdown Managed Equity ETF","ADME","308.75","90.09029345372460496613995485327313769752","-.1671","-.16","-1.0658","2.3219","16.1484","11.254","Style Box - Large Cap Growth","Style Box - Large Cap Growth"
"Anfield U.S. Equity Sector Rotation ETF","AESR","254.63","76.34920634920634920634920634920634920635","-.01",".5427","-1.3412","-.4577","22.4105","16.2933","Style Box - Large Cap Blend","Style Box - Large Cap Blend"
"First Trust Active Factor Large Cap ETF","AFLG","777.47","85.72888718538392743068864188066947744985","-.1806","-1.3219","-1.1676","2.6057","17.4879","15.1052","Style Box - Large Cap Blend","Style Box - Large Cap Blend"
"First Trust Active Factor Mid Cap ETF","AFMC","217.56","77.29408080175383651738177262762292514876","-.2255","-2.6923","-.9754","-2.3824","14.0884","17.2874","Style Box - Mid Cap Blend","Style Box - Mid Cap Blend"
"ARS Focused Opportunity Strategy ETF","AFOS","297.56","85.16132844817397470748138517905684907221",".1964","-1.1383","-2.2319","-2.1552","26.0096","48.5509","Style Box - All Cap Value","Style Box - All Cap Value"
"abrdn Emerging Markets Dividend Active ETF","AGEM","370.06","83.10278641869084651532199351379972201999","-.2308",".6723","-2.0275","1.0699","24.9987","35.2369","Geographic - Broad Emerging Markets","Broad Emerging Market ETFs"
"KraneShares Public-Private AI & Technology ETF","AGIX","1146.54","90.53384700055035773252614199229499174463",".846","5.885","-1.9132","3.4947","49.7958","31.1644","Artificial Intelligence and Robotics ETF","Artificial Intelligence and Robotics ETF"
"Adaptive Alpha Opportunities ETF","AGOX","378.62","77.85787847579814624098867147270854788877",".2105","-1.1771","-2.3383","-3.865","23.9494","12.0609","Target Outcome","Total Portfolio ETFs"
"ProShares Ultra Silver","AGQ","1249.58","2.89795559205702050274249846009444754055","1.9234","-16.0276","-17.0807","5.3254","-32.8821","-9.7034","Derivative Based ETF","Leveraged Commodity ETFs"
"iShares Agency Bond ETF","AGZ","629.59",".9411764705882352941176470588235294117647",".0375","-1.2733","-.7069","-1.6465","-.6895",".5005","Asset Backed - U.S. Agency","Government Bond ETFs"
"iShares Asia 50 ETF","AIA","4963.02","88.90569843671205244578920827029752899647",".4392","3.9616","-2.0199","3.6624","39.6547","55.1296","Geographic - Asia Developed","Asia-Pacific (Developed) ETFs"
"REX AI Equity Premium Income ETF","AIPI","470.56","40.5639218199295097725088112784363985902",".2405","3.2327",".0311","11.0202","31.3296","19.0627","Derivative Based ETF","Artificial Intelligence and Robotics ETF"
"Defiance AI & Power Infrastructure ETF","AIPO","908.1","53.9600296076980014803849000740192450037","1.313","1.8188","-2.5265","-12.2888","15.1674","27.3529","Artificial Intelligence and Robotics ETF","Artificial Intelligence and Robotics ETF"
"Global X Artificial Intelligence & Technology ETF","AIQ","10248.12","79.9290220820189274447949526813880126183",".5254","1.2924","-2.503","1.2931","43.0624","31.9326","Artificial Intelligence and Robotics ETF","Artificial Intelligence and Robotics ETF"
"First Trust RBA American Industrial Renaissance ETF","AIRR","8944.12","30.49040511727078891257995735607675906183",".2025","-5.0877","-2.0502","-21.029","-5.3384","8.7685","Industrials  - Broad","Industrials ETFs"
"VistaShares Artificial Intelligence Supercycle ETF","AIS","1052.92","75.56954991665123170957584737914428597888","1.2655","10.9112","-1.7374","-8.5249","81.7786","115.2833","Artificial Intelligence and Robotics ETF","Artificial Intelligence and Robotics ETF"
"WisdomTree U.S. AI Enhanced Value Fund","AIVL","407.66","69.15578160520941702308018340846915578161","-.088","-4.3834","-1.2589","-1.5631","13.1718","14.3343","Style Box - Large Cap Value","Style Box - Large Cap Value"
"Akre Focus ETF","AKRE","4618.35","10.74705111402359108781127129750982961992","-1.7983","-14.3573","-3.4979","-.3387","3.195","0","Style Box - All Cap Growth","Style Box - All Cap Growth"
"Alger AI Enablers & Adopters ETF","ALAI","1325.9","95.72755417956656346749226006191950464396",".4532","3.9759","-1.4606","3.6725","46.9196","24.5318","Artificial Intelligence and Robotics ETF","Artificial Intelligence and Robotics ETF"
"State Street Bridgewater All Weather ETF","ALLW","1778.35","39.72835314091680814940577249575551782683","0","-4.9735","-3.7932","-2.231","2.4669","7.5606","Multi-Asset - Total Portfolio","Total Portfolio ETFs"
"GraniteShares 2x Long AMD Daily ETF","AMDL","1184.28","91.6859122401847575057736720554272517321","-.0895","64.1101","-5.4823","8.7744","545.9884","661.2086","Derivative Based ETF","Single Stock ETF"
"YieldMax AMD Option Income Strategy ETF","AMDY","451.74","71.39973082099596231493943472409152086137",".2358","21.0439","-3.4809","-7.3543","84.0306","85.1927","Derivative Based ETF","Single Stock ETF"
"Alerian MLP Index ETNs due January 28, 2044","AMJB","824.15","58.61084681255946717411988582302568981922","-2.8961","-8.0645","-6.1213","-.7257","-3.0612","16.0109","Energy - MLP","MLP ETFs"
"Alerian MLP ETF","AMLP","12879.58","65.85577758470894874022589052997393570808","-1.2658","-5.3946","-2.6272","3.0555","1.5707","19.9021","Energy - MLP","MLP ETFs"
"InfraCap MLP ETF","AMZA","467.88","72.06661619984859954579863739591218773656","-1.7971","-4.5645","-2.7812","4.9946","6.0989","28.1943","Energy - MLP","MLP ETFs"
"Direxion Daily AMZN Bull 2X ETF","AMZU","315.88","40.95819633630812588069516204790981681541",".3308","-15.2315","-6.1763","-.618","36.865","-.8261","Derivative Based ETF","Single Stock ETF"
"YieldMax AMZN Option Income Strategy ETF","AMZY","210.31","4.12757973733583489681050656660412757974",".3937","-4.4055","-2.2278","4.7199","19.6254","4.8043","Derivative Based ETF","Single Stock ETF"
"SEI Ang Research Enhanced U.S. Large Cap ETF","ANGU","462.42","44.9591280653950953678474114441416893733","-.1894","-.5231","-1.2726","0","0","0","Style Box - Large Cap Blend","Style Box - Large Cap Blend"
"iShares Core 80/20 Aggressive Allocation ETF","AOA","3290.78","83.64963503649635036496350364963503649635","-.2961","-1.4831","-1.5426","1.0134","14.256","13.4648","Strategy - Aggressive Growth","Total Portfolio ETFs"
"iShares Core 30/70 Conservative Allocation ETF","AOK","815.27","48.43962008141112618724559023066485753053","-.0989","-1.9964","-1.6066","-1.6587","4.3713","4.2536","Conservative","Total Portfolio ETFs"
"iShares Core 40/60 Moderate Allocation ETF","AOM","1890.37","63.55685131195335276967930029154518950437","-.1636","-1.9675","-1.6317","-1.2089","6.2114","6.0194","Moderate Allocation","Total Portfolio ETFs"
"iShares Core 60/40 Balanced Allocation ETF","AOR","3871.12","77.06043956043956043956043956043956043956","-.1308","-1.716","-1.5753","-.0831","10.2044","9.7594","Moderate Allocation ","Total Portfolio ETFs"
"ActivePassive International Equity ETF","APIE","1150.68","78.59074011490368367691787766137208516391","-.4032","-1.6907","-1.7082","1.2611","13.2681","13.3131","Foreign Large Blend ETF","Foreign Large Blend ETF"
"AllianzIM U.S. Equity Buffer20 Apr ETF","APRW","205.44","99.55216016859852476290832455216016859852",".0793",".4243","-.0449","2.227","7.4631","10.731","Derivative Based ETF","Defined Outcome"
"ActivePassive U.S. Equity ETF","APUE","2488.09","89.14223669923995656894679695982627578719","-.1695","-.6747","-1.2162","2.6809","20.5784","16.8023","Style Box - Large Cap Blend","Style Box - Large Cap Blend"
"AQE Core ETF","AQEC","603.15","73.22451317296678121420389461626575028637","-.3736","-2.2019","-1.4126","7.0815","11.777","0","Style Box - Large Cap Growth","Style Box - Large Cap Growth"
"iShares MSCI Global Quality Factor ETF","AQLT","336.95","92.16160220994475138121546961325966850829",".0187",".4695","-.3972","2.8158","20.3122","20.161","Global Large-Cap Growth Equity ETF","Global Large-Cap Growth Equity ETF"
"Global X MSCI Argentina ETF","ARGT","723.4","52.44419327493642271828200056513139304888","-.4278","-8.1983","-7.289","-5.5522","-1.1226","20.209","Geographic - Argentina","Frontier Markets"
"ARK 21Shares Bitcoin ETF","ARKB","3176.9","37.05035971223021582733812949640287769784",".2533","7.6983","-3.113","38.5","26.484","-27.1436","Cryptocurrency ETFs","Cryptocurrency ETFs"
"ARK Blockchain & Fintech Innovation ETF","ARKF","841.25","43.47442680776014109347442680776014109347",".0653","-.2169","-3.6447","15.1439","26.4779","-19.7768","Technology  - broad","Technology ETFs"
"ARK Genomic Revolution ETF","ARKG","2176.68","100","1.1246","13.2452","2.0427","27.3607","115.7137","97.8365","Healthcare - Broad","Health Care ETFs"
"ARK Innovation ETF","ARKK","8692.95","89.38297138917614615649775939331265081007",".2241","5.7454","-2.3578","10.9389","38.4032","3.8064","Geographic - Global Total Market","Broad Developed World ETFs"
"ARK Autonomous Technology & Robotics ETF","ARKQ","1913.36","46.8984962406015037593984962406015037594","-.5334","-.8993","-4.1512","-5.5845","9.98","9.7212","Geographic - Global Total Market","World ETFs"
"ARK Next Generation Technology ETF","ARKW","1926.84","68.85608856088560885608856088560885608856",".3301","3.8082","-2.8875","11.8595","39.1913","-7.8164","Technology  - Internet","Technology ETFs"
"ARK Space & Defense Innovation ETF","ARKX","760.06","51.5","-.4677","-1.3292","-3.3898","-3.6523","10.3353","13.4328","Industrials  - Aerospace & Defense","Industrials ETFs"
"iShares Future AI & Tech ETF","ARTY","4196.77","93.48837209302325581395348837209302325581",".7456","5.0959","-1.8043","5.7482","71.0216","72.6027","Artificial Intelligence and Robotics ETF","Artificial Intelligence and Robotics ETF"
"Xtrackers Harvest CSI 300 China A-Shares ETF","ASHR","1384.93","20.27491408934707903780068728522336769759",".4614","-4.7536","-4.4191","-9.9034","2.0625","1.7604","Geographic - China","Asia-Pacific (Emerging) ETFs"
"Allspring Special Large Value ETF","ASLV","211.99","67.17948717948717948717948717948717948718","-.4627","-3.9721","-1.6897","-.4461","9.5421","9.6424","Style Box - Large Cap Value","Style Box - Large Cap Value"
"Tradr 2X Long ASTS Daily ETF","ASTX","257.25",".9751869108245747101527792826958500379239","-5.1506","-.813","-13.6283","-62.9179","-70.9351","-63.142","Derivative Based ETF","Single Stock ETF"
"Alger 35 ETF","ATFV","484.27","90.18794446325770402980020318320352184219",".5699","2.2755","-1.4664","-.378","33.6385","14.3912","Style Box - Large Cap Growth","Style Box - Large Cap Growth"
"iPath Select MLP ETN","ATMP","611.19","70.70564516129032258064516129032258064516","-1.3933","-6.0761","-3.0171","-.5954","-2.1508","19.5481","Energy - MLP","MLP ETFs"
"Global X Adaptive U.S. Factor ETF","AUSF","871.66","58.59864627726247179744296816244672850338","-.4764","-5.7858","-1.8885",".4941","4.0908","8.9169","Style Box - Large Cap Blend","Style Box - Large Cap Blend"
"Avantis International Equity ETF","AVDE","19000.33","77.21302113078241005139920045688178183895","-.5698","-2.9364","-2.1987","2.3088","12.3122","18.6054","Foreign Large Blend ETF","Foreign Large Blend ETF"
"Avantis International Small Cap Equity ETF","AVDS","353.39","82.26691042047531992687385740402193784278","-.3948","-2.5972","-2.526","4.1902","13.5243","19.0448","Foreign Small/Mid Blend ETF","Foreign Small/Mid Blend ETF"
"Avantis International Small Cap Value ETF","AVDV","20225.23","83.35860500379075056861258529188779378317","-.4551","-2.2449","-2.7825","6.365","15.1646","26.9432","Foreign Small/Mid Value ETF","Foreign Small/Mid Value ETF"
"Avantis Emerging Markets Equity ETF","AVEM","28523.9","80.14027316352897748246585455887781469177",".3706",".7689","-1.9952",".3662","22.1108","30.0021","Geographic - Broad Emerging Markets","Broad Emerging Market ETFs"
"Avantis Emerging Markets Value ETF","AVES","1565.93","74.87179487179487179487179487179487179487",".0305","-.5459","-1.3843","1.7642","13.4215","18.9996","Geographic - Broad Emerging Markets","Broad Emerging Market ETFs"
"Avantis All Equity Markets ETF","AVGE","1228.72","83.07634449040992854456562617525385483264","-.222","-2.1752","-1.5337",".4802","15.8861","20.8615","Global Large-Cap Blend Equity ETF","Global Large-Cap Blend Equity ETF"
"Avantis All Equity Markets Value ETF","AVGV","460.13","80.8158124212770080418564092626683460905","-.3403","-3.2326","-1.6788",".3797","12.7357","23.339","Global Large-Cap Value Equity ETF","Global Large-Cap Value Equity ETF"
"Defiance Daily Target 2X Long AVGO ETF","AVGX","219.46","14.52273658336747234739860712822613682917","3.0708","-8.6607","-5.5311","-14.9218","16.3001","-16.7891","Derivative Based ETF","Single Stock ETF"
"Avantis International Large Cap Value ETF","AVIV","2077.07","78.28571428571428571428571428571428571429","-.9032","-3.1776","-2.365","3.9351","12.1526","22.449","Foreign Large Value ETF","Foreign Large Value ETF"
"Direxion Daily AVGO Bull 2X ETF","AVL","254.35","14.87068965517241379310344827586206896552","3.1876","-8.3069","-4.8432","-14.4696","18.6348","-4.2781","Derivative Based ETF","Single Stock ETF"
"Avantis U.S. Large Cap Equity ETF","AVLC","1513.35","82.15746421267893660531697341513292433538","-.0662","-.9272","-3.7108","1.6359","20.0843","19.6568","Style Box - Large Cap Blend","Style Box - Large Cap Blend"
"Avantis U.S. Large Cap Value ETF","AVLV","21376.48","84.19782870928829915560916767189384800965","0","-2.9116","-.9246",".1224","15.2707","27.5008","Style Box - Large Cap Value","Style Box - Large Cap Value"
"Avantis U.S. Mid Cap Equity ETF","AVMC","492.1","64.3082754264055590650663297536323436513","-.091","-4.0526","-1.3484","-3.9341","8.6539","11.7759","Style Box - Mid Cap Blend","Style Box - Mid Cap Blend"
"Avantis U.S. Mid Cap Value ETF","AVMV","765.37","61.30117779024116657319125070106561974201","-.3234","-5.1875","-1.3695","-4.0453","5.9914","13.0278","Style Box - Mid Cap Value","Style Box - Mid Cap Value"
"Avantis All International Markets Equity ETF","AVNM","779.62","82.54149971379507727532913566113337149399","-.2863","-1.8541","-2.1653","2.597","14.4347","22.2603","Foreign Large Blend ETF","Foreign Large Blend ETF"
"Avantis Real Estate ETF","AVRE","855.68","25.03961965134706814580031695721077654517","-.3348","-5.474","-2.1263","-6.4748","5.3824","4.0896","Real Estate   - REITs","Real Estate ETFs"
"Avantis U.S. Small Cap Equity ETF","AVSC","3026.28","72.2063037249283667621776504297994269341","-.4302","-4.7751","-2.0457","-4.6316","13.846","22.4994","Style Box - Small Cap Value","Style Box - Small Cap Value"
"Avantis Responsible International Equity ETF","AVSD","370.21","75.18744793113024159955567897806164954179","-.425","-2.8023","-1.9119","1.0297","14.3238","15.6643","Strategy - Socially Responsible","Broad Developed World ETFs"
"Avantis Responsible Emerging Markets Equity ETF","AVSE","230.07","78.77682026028842771720014069644741470278",".518","1.2904","-1.9223","-.1549","23.6755","29.4189","Strategy - Socially Responsible","Broad Emerging Market ETFs"
"Avantis Short-Term Fixed Income ETF","AVSF","651.65",".5571030640668523676880222841225626740947",".0219","-1.2261","-.6322","-1.2097","-.0653",".8619","Short-Term Bond ETF","Short-Term Bond ETF"
"Avantis Responsible U.S. Equity ETF","AVSU","486.46","86.31426502534395365677045619116582186821","-.1244","-.9596","-1.2763",".8009","23.162","21.4512","Strategy - Socially Responsible","Style Box - All Cap Value"
"Avantis Total Equity Markets ETF","AVTM","785.34","83.92743185340505059713738718205852858055","-.122","-1.0537","-1.2779","1.9772","20.4885","0","Global Large-Cap Blend Equity ETF","Global Large-Cap Blend Equity ETF"
"Avantis U.S. Quality ETF","AVUQ","345.62","94.07476905311778290993071593533487297921","-.0221","1.1515","-1.1972","4.221","23.0231","14.8442","Style Box - Large Cap Growth","Style Box - Large Cap Growth"
"Avantis U.S. Equity ETF","AVUS","14477.12","85.27975966954562523469770935035674051821","-.1941","-1.2914","-1.2218","1.2131","18.7646","19.5955","Style Box - All Cap Blend","Style Box - All Cap Blend"
"Avantis U.S. Small Cap Value ETF","AVUV","30784.12","71.38753231829933927032461936225222637173","-.6441","-5.0775","-2.3271","-4.3769","9.5277","20.5395","Style Box - Small Cap Value","Style Box - Small Cap Value"
"Avantis Emerging Markets ex-China Equity ETF","AVXC","462.22","81.56149586381349559034661926574143706844",".567","1.4458","-2.1282","-.8172","27.0975","42.0459","Geographic - Broad Emerging Markets","Broad Emerging Market ETFs"
"Brown Advisory Flexible Equity ETF","BAFE","1745.52","86.41120864280891289669142471303173531398","-.1078","-1.5596","-.6564","2.6541","20.8539","9.7724","Style Box - All Cap Blend","Style Box - All Cap Blend"
"iShares A.I. Innovation and Tech Active ETF","BAI","14334.75","69.12402428447528187337380745880312228968",".7485","6.777","-1.0917","-7.3185","44.4206","40.0157","Technology  - broad","Technology ETFs"
"iShares U.S. Large Cap Premium Income Active ETF","BALI","1412.99","85.43689320388349514563106796116504854369","-.116","-.5044","-.9206","4.3726","19.2431","17.1088","Style Box - Large Cap Blend","Style Box - Large Cap Blend"
"Innovator Defined Wealth Shield ETF","BALT","2981.29","97.3913043478260869565217391304347826087",".0573",".5468","-.1429","1.9551","4.47","6.6219","Derivative Based ETF","Defined Outcome"
"Innovator U.S. Equity Buffer ETF - April","BAPR","416.71","98.27502429543245869776482021379980563654",".0091",".3765","-.2373","3.0021","14.5807","16.6222","Derivative Based ETF","Defined Outcome"
"GraniteShares Gold Trust","BAR","1341.5","20.4485488126649076517150395778364116095","1.2565","-6.2714","-4.285","3.9454","-7.5781","8.8742","Precious Metals - Gold","Precious Metals ETFs"
"Brown Advisory Sustainable Growth ETF","BASG","515.93","88.81744478613363153480570310315907184792",".1485","-1.7622","-.3834","7.5457","28.9265","7.2727","Style Box - All Cap Growth","Style Box - All Cap Growth"
"Brown Advisory Sustainable Value ETF","BASV","406.98","65.27162317413425242081076645330707369112","-.2613","-5.5917","-1.8361","-2.2846","13.3226","12.4939","Style Box - Large Cap Value","Style Box - Large Cap Value"
"Innovator U.S. Equity Buffer ETF - August","BAUG","271.25","95.06440505037622752199974493049355949496","-.0831","-.0596","-.6948","3.4972","15.4016","13.2514","Derivative Based ETF","Defined Outcome"
"JPMorgan BetaBuilders Developed Asia Pacific ex-Japan ETF","BBAX","6622.69","66.51299245599329421626152556580050293378","-.3788","-4.6808","-1.9124","2.9912","7.0931","12.7224","Geographic - Asia Developed","Asia-Pacific (Developed) ETFs"
"JPMorgan BetaBuilders Canada ETF","BBCA","10921.59","70.66666666666666666666666666666666666667","-.1674","-4.2715","-2.4459","2.5876","10.6978","18.0958","Geographic - Canada","Canadian Equity ETFs"
"JPMorgan BetaBuilders Emerging Markets Equity ETF","BBEM","876.4","75.28602995335133808003928308372207218267",".4162",".5721","-1.8407","-.311","21.7662","27.9975","Geographic - Broad Emerging Markets","Broad Emerging Market ETFs"
"JPMorgan BetaBuilders Europe ETF","BBEU","9063.07","63.99383191981495759444872783346183500386","-.6226","-4.1522","-1.3361","-.4934","11.9566","14.2649","Geographic - Broad Europe","European Equity ETFs"
"VanEck Biotech ETF","BBH","489.82","100",".1223","3.874","1.4903","20.5651","36.4195","50.5092","Healthcare - Biotech","Health Care ETFs"
"BBH Select Large Cap ETF","BBHL","529.37","85.96831555124474620109925638538635628839","-.0058","-1.0185",".2841",".5288","18.1626","0","Style Box - Large Cap Growth","Style Box - Large Cap Growth"
"BBH Select Mid Cap ETF","BBHM","382.93","42.22222222222222222222222222222222222222","-.0436","-4.8331","-.6932","-3.9235","6.8034","0","Style Box - Mid Cap Growth","Style Box - Mid Cap Growth"
"JPMorgan BetaBuilders International Equity ETF","BBIN","6602.6","74.57627118644067796610169491525423728814","-.5077","-2.6582","-1.4515","1.041","12.7376","16.5209","Foreign Large Blend ETF","Foreign Large Blend ETF"
"JPMorgan BetaBuilders Japan ETF","BBJP","19555.75","87.60942760942760942760942760942760942761","-.448",".5039","-2.311","3.3621","16.9097","16.8745","Geographic - Japan","Asia-Pacific (Developed) ETFs"
"EA Bridgeway Blue Chip ETF","BBLU","467.47","88.57142857142857142857142857142857142857","-.2322","-1.343","-1.3826","4.4477","19.2922","15.4466","Style Box - Large Cap Blend","Style Box - Large Cap Blend"
"JPMorgan BetaBuilders U.S. Mid Cap Equity ETF","BBMC","2013.62","70.58784632678701315876479534483898697348","0","-4.0947","-1.4175","-4.1325","14.8603","17.8495","Style Box - Mid Cap Blend","Style Box - Mid Cap Blend"
"JPMorgan BetaBuilders MSCI US REIT ETF","BBRE","1205.64","40.85918854415274463007159904534606205251","-.0298","-5.2207","-.8153","-6.9973","8.6355","9.3522","Real Estate   - REITs","Real Estate ETFs"
"JPMorgan BetaBuilders U.S. Small Cap Equity ETF","BBSC","711.45","66.00835073068893528183716075156576200418","-.2832","-5.5623","-2.3935","-6.2871","16.4892","16.1405","Style Box - Small Cap Value","Style Box - Small Cap Value"
"JPMorgan BetaBuilders U.S. Equity ETF","BBUS","9351.4","90.92620481927710843373493975903614457831","-.1014","-.3304","-1.0362","3.5955","21.3653","15.8364","Style Box - All Cap Blend","Style Box - All Cap Blend"
"abrdn Bloomberg All Commodity Longer Dated Strategy K-1 Free ETF ","BCD","441.74","86.84516880093131548311990686845168800931","-.4147",".392","-1.6133","13.3668","6.5742","11.7185","Basket - Broad","Broad Commodity ETFs"
"Principal Focused Blue Chip ETF","BCHP","230.82","76.82257643062451006009929448654298406062","0","-3.7899","-.8205","4.318","18.6135","-.1865","Style Box - Large Cap Growth","Style Box - Large Cap Growth"
"abrdn Bloomberg All Commodity Strategy K-1 Free ETF","BCI","3421.62","86.12637362637362637362637362637362637363","-.8074","1.4151","-2.0501","16.5312","7.0984","19.7772","Basket - Broad","Broad Commodity ETFs"
"Baron Technology ETF","BCTK","244.67","84.94498003700457688187749537442788976531","1.151","3.6418","-1.3364","-1.7937","35.972","0","Technology  - broad","Technology ETFs"
"Innovator U.S. Equity Buffer ETF - December","BDEC","213.51","95.03845199702307119821384271892830563136","-.1114",".0531","-.719","3.3724","16.0773","14.4735","Derivative Based ETF","Defined Outcome"
"iShares Disciplined Volatility Equity Active ETF","BDVL","1743.95","73.36769759450171821305841924398625429553","-.0191","-2.1991","-1.1472","1.2915","9.8033","6.0778","Geographic - Global Total Market","World ETFs"
"iShares Dynamic Equity Active ETF","BDYN","3123.76","84.20019627085377821393523061825318940137","-.111","-.7155","-1.5462","1.3813","17.729","10.5737","Geographic - Global Total Market","World ETFs"
"BNY Mellon Enhanced Dividend and Income ETF","BEDY","258.41","60.02126528442317916002126528442317916002","-.3465","-3.8581","-1.6416",".2777","11.6231","0","Style Box - Large Cap Value","Style Box - Large Cap Value"
"Horizon Landmark ETF","BENJ","354.25","99.47643979057591623036649214659685863874","-.0188",".273",".0282",".9171","1.855","3.7196","US Treasury - Ultra Short","Money Market/Ultra-Short Term ETFs"
"Innovator U.S. Equity Buffer ETF - February","BFEB","206.98","95.86894586894586894586894586894586894587","-.1035",".1278","-.5867","3.1919","15.2804","14.6399","Derivative Based ETF","Defined Outcome"
"iShares Flexible Equity Active ETF","BFLX","2153.07","59.71563981042654028436018957345971563981","-.1162","-.59","-.7622","1.6361","0","0","Global Large-Cap Blend Equity ETF","Global Large-Cap Blend Equity ETF"
"BARRONS-400 ETF","BFOR","229.21","69.49088859665602104076648506481307533346","-.1129","-4.602","-1.3674","-2.981","12.6892","13.9421","Style Box - All Cap Value","Style Box - All Cap Value"
"Bahl & Gaynor Dividend ETF","BGDV","794.4","73.15448325531148721642059776737486496219","-.023","-1.9244","-.5421","-1.0278","13.7969","15.0054","Style Box - Large Cap Value","Style Box - Large Cap Value"
"Baillie Gifford Long Term Global Growth ETF","BGGG","377.17","45.19453749033754187065189384179335222881","-.1637","-4.1585","-2.5843",".2481","0","0","Global Large-Cap Growth Equity ETF","Global Large-Cap Growth Equity ETF"
"Bahl & Gaynor Income Growth ETF","BGIG","2165.7","63.97158322056833558863328822733423545332","-.1884","-3.1471","-1.2575","-.6577","9.1361","12.8861","Style Box - Large Cap Value","Style Box - Large Cap Value"
"Inspire 100 ETF","BIBL","493.77","77.53346080305927342256214149139579349904",".055","-1.3648","-.5397","-3.9628","18.5555","24.7035","Strategy - Socially Responsible","Style Box - Large Cap Growth"
"iShares International Dividend Active ETF","BIDD","396.15","63.40508806262230919765166340508806262231","-.0654","-1.0136","-1.9255","2.8641","17.6578","18.3968","Foreign Large Value ETF","Foreign Large Value ETF"
"State Street SPDR Bloomberg 1-3 Month T-Bill ETF","BIL","48100.66","77.55102040816326530612244897959183673469",".0218",".3053",".0874",".9061","1.7932","3.5974","US Treasury - Ultra Short","Government Bond ETFs"
"State Street SPDR Bloomberg 3-12 Month T-Bill ETF","BILS","3887.2","54.54545454545454545454545454545454545455",".0302",".2256",".0604",".8586","1.7248","3.5041","US Treasury - Ultra Short","Government Bond ETFs"
"PIMCO Ultra Short Government Active Exchange-Traded Fund","BILZ","867.48","46.2264150943396226415094339622641509434",".0149",".2626",".0645",".8918","1.7781","3.5926","US Treasury - Ultra Short","Money Market/Ultra-Short Term ETFs"
"Bluemonte Global Equity ETF","BINT","440.69","88.08049535603715170278637770897832817337",".0209","-1.3099","-1.8146","1.4196","18.3188","21.6064","Global Large-Cap Value Equity ETF","Global Large-Cap Value Equity ETF"
"Brandes International ETF","BINV","528.89","66.32368962595327442198281079772424645927","-.8505","-4.6673","-2.3913","3.7624","9.7944","15.6944","Foreign Large Value ETF","Foreign Large Value ETF"
"Bitwise Bitcoin ETF","BITB","3082.2","37.0227959351826421312826146663004669047",".2654","7.7215","-3.1197","38.485","26.5067","-27.153","Cryptocurrency ETFs","Cryptocurrency ETFs"
"ProShares Bitcoin ETF","BITO","1713.59","25.29365700861393891934220830070477682067",".3581","7.3762","-3.1952","37.3008","24.3741","-26.8117","Cryptocurrency ETFs","Cryptocurrency ETFs"
"Bitwise Crypto Industry Innovators ETF","BITQ","456.44","67.34842951059167275383491599707815924032","-1.1801","5.229","-8.7843","3.3851","38.8978","3.3439","Digital Economy ETF","Digital Economy ETF"
"ProShares Ultra Bitcoin ETF","BITU","597.94","12.78209063007763134139736414515255461275",".4627","13.2053","-6.4039","78.1339","38.6153","-58.3519","Basket - Broad","Leveraged Currency ETFs"
"Bitwise 10 Crypto Index ETF","BITW","818.92","35.95261072213210685173397942631870726649",".3827","8.7253","-2.8292","42.5725","27.0819","-29.6963","Digital Economy ETF","Digital Economy ETF"
"2x Bitcoin ETF","BITX","1299.84","16.64275466284074605451936872309899569584",".4098","13.2864","-6.6102","79.764","40.9256","-60.697","Basket - Broad","Leveraged Currency ETFs"
"VanEck BDC Income ETF","BIZD","1546.33","29.25170068027210884353741496598639455782",".777","-2.9192","-.9924","4.2549","10.5889","-3.1176","Financials - BDCs/PE","Financials ETFs"
"Innovator U.S. Equity Buffer ETF - January","BJAN","349.73","95.49970777323202805376972530683810637054","-.0826",".1241","-.6322","3.2594","15.5432","14.3835","Derivative Based ETF","Defined Outcome"
"Innovator U.S. Equity Buffer ETF - July","BJUL","360.82","94.28452231956612432206925323320817688778","-.0901","-.1638","-.7356","2.0799","13.7478","12.0404","Derivative Based ETF","Defined Outcome"
"Innovator U.S. Equity Buffer ETF - June","BJUN","242.34","91.40625","-.0181","-.2789","-.834","2.7007","9.3868","8.8669","Derivative Based ETF","Defined Outcome"
"BNY Mellon Core Bond ETF","BKAG","2395.98",".3367003367003367003367003367003367003367",".0249","-2.6117","-1.6671","-3.7896","-1.9974","-1.7271","Total Bond Market - Broad","Total Bond Market ETFs"
"Global X Blockchain ETF","BKCH","301.66","28.56728117288430831760778051966903759617","-1.0244","6.0673","-11.3013","-7.8371","29.4586","-15.7674","Digital Economy ETF","Digital Economy ETF"
"BNY Mellon Dynamic Value ETF","BKDV","2005.13","84.51069345430978613091380427738172391445","-.2356","-2.6716","-1.3395","1.1041","16.2264","22.1341","Style Box - Large Cap Value","Style Box - Large Cap Value"
"BNY Mellon Active Core Bond ETF","BKFI","241.63","3.74639769452449567723342939481268011527",".2847","-2.4042","-1.3569","-3.5696","-1.5771","0","Total Bond Market - Broad","Total Bond Market ETFs"
"BNY Mellon Global Infrastructure Income ETF","BKGI","1884.69","48.58548585485854858548585485854858548585","-.727","-4.3174","-2.7344","-5.7711","-1.705","12.6346","Utilities  - Infrastructure","Utilities/Infrastructure ETFs"
"BNY Mellon International Equity ETF","BKIE","1333.73","74.65399366349841587460396865099216274804","-.4454","-3.3996","-2.1879","1.1668","12.9262","16.4085","Foreign Large Blend ETF","Foreign Large Blend ETF"
"BNY Mellon US Large Cap Core Equity ETF","BKLC","5849.85","91.85161359493942318001501018548300632572","-.2241","-.346","-1.2901","3.3634","21.3832","16.0951","Style Box - Large Cap Blend","Style Box - Large Cap Blend"
"Invesco Senior Loan ETF","BKLN","6640.47","29.41176470588235294117647058823529411765","-.0489",".2654","-.5348","2.4475","3.8085","4.1158","Corporates - Bank Loan","High-Yield/Junk Bond ETFs"
"BNY Mellon US Mid Cap Core Equity ETF","BKMC","628.35","58.32259726874516877093532594692089667611","-.1671","-4.6415","-2.1668","-5.0714","8.674","9.016","Style Box - Mid Cap Blend","Style Box - Mid Cap Blend"
"BNY Mellon Ultra Short Income ETF","BKUI","587.41","7.5",".0202",".0579","-.0101",".6282","1.6592","3.3795","Ultra short Bond ETF","Ultra short Bond ETF"
"iShares Large Cap Core Active ETF","BLCR","9032.25","85.29288877747137962730843152001337010111",".2451","-.5336","-1.6436","-1.5697","22.4658","23.1828","Style Box - Large Cap Value","Style Box - Large Cap Value"
"iShares Large Cap Value Active ETF","BLCV","340.48","75.49174768256839249378250056522722134298","-.3408","-3.7212","-1.4991",".912","18.0028","17.9638","Style Box - Large Cap Value","Style Box - Large Cap Value"
"Bluemonte Large Cap Growth ETF","BLGR","303.72","95.37533512064343163538873994638069705094",".1001","1.1249","-.9549","4.9885","27.2059","15.6962","Style Box - Large Cap Growth","Style Box - Large Cap Growth"
"Amplify Blockchain Technology ETF","BLOK","1088.85","54.63724756918474195961106955871353777113","-.4018","-.1611","-7.6728","-1.6505","27.6942","-6.8853","Technology  - broad","Technology ETFs"
"Nicholas Crypto Income ETF","BLOX","302.22","10.94462540716612377850162866449511400651",".6522","8.4777","-7.7515","-4.7155","32.2641","-17.6528","Digital Economy ETF","Digital Economy ETF"
"Bluemonte Large Cap Core ETF","BLUC","365.55","93.7597503900156006240249609984399375975",".0508",".1821","-1.1212","4.0087","22.9055","15.3809","Style Box - Large Cap Blend","Style Box - Large Cap Blend"
"Bluemonte Dynamic Total Market ETF","BLUX","595.65","74.89520958083832335329341317365269461078",".0164","-3.0394","-2.0336","-1.4829","17.5255","15.8825","Multi-Asset - Total Portfolio","Total Portfolio ETFs"
"Innovator U.S. Equity Buffer ETF - March","BMAR","204.21","96.01384413414488602458527270557345745316","-.1216",".1983","-.5618","3.0612","14.9524","14.8073","Derivative Based ETF","Defined Outcome"
"Innovator U.S. Equity Buffer ETF - May","BMAY","238.12","94.48378680581438688035780842340663436452","-.0741",".0309","-.6059","2.9686","10.1084","10.8904","Derivative Based ETF","Defined Outcome"
"BMO Covered Call Canadian Banks ETF","BMDLF","3479.2","100",".5374","1.0679",".5374","32.4389","29.4598","55.8262","Derivative Based ETF","Derivative Based ETF"
"T-REX 2X Long BMNR Daily Target ETF","BMNU","424.63","3.79720533998233857981403563451249285751","-1.3889","16.6484","-13.8698","200","38.3117","-92.3381","Digital Economy ETF","Digital Economy ETF"
"Vanguard Total International Bond Index Fund ETF Shares","BNDX","82281.61",".6514657980456026058631921824104234527687",".0427","-1.3013","-.8464","-2.6993","-.2335","-.8142","Total Bond Market - Broad","Total Bond Market ETFs"
"United States Brent Oil ETF","BNO","763.17","86.77117711771177117711771177117711771177","-2.6189","14.122","1.4505","43.8188","11.4801","93.6388","Energy -  Brent Oil","Energy ETFs"
"Innovator U.S. Equity Buffer ETF - November","BNOV","200.34","93.89076196898179366149696561024949426837","-.1363","-.0672","-.9142","3.4056","16.1949","12.9783","Derivative Based ETF","Defined Outcome"
"Innovator U.S. Equity Buffer ETF - October","BOCT","287.92","98.04209495839451786588350465002447381302","-.0454",".9346","-.2355","4.3874","16.8187","13.9712","Derivative Based ETF","Defined Outcome"
"ProShares Ultra Bloomberg Natural Gas","BOIL","291.36","1.38564760793465577596266044340723453909","-7.6235","-1.6533","-9.2884","-25.7564","-44.5167","-65.9674","Derivative Based ETF","Leveraged Commodity ETFs"
"Global X Robotics & Artificial Intelligence ETF","BOTZ","3332.08","33.71369294605809128630705394190871369295",".3131","-1.4266","-2.1383","-4.3462","8.6198",".9577","Artificial Intelligence and Robotics ETF","Artificial Intelligence and Robotics ETF"
"Alpha Architect 1-3 Month Box ETF","BOXX","14697.71","100",".0338",".2541",".0846","1.0674","1.9115","3.9888","Derivative Based ETF","Derivative Based ETF"
"Burney U.S. Equity Select ETF","BRES","671.61","67.81052631578947368421052631578947368421","-.3091","-3.3127","-1.6514","-1.4461","13.2198","0","Style Box - All Cap Blend","Style Box - All Cap Blend"
"MFS Blended Research International Equity ETF","BRIE","586.18","86.37037037037037037037037037037037037037","-.2933","-1.481","-2.1739","1.649","16.8014","0","Foreign Large Blend ETF","Foreign Large Blend ETF"
"Burney U.S. Factor Rotation ETF","BRNY","609.56","81.09071601941747572815533980582524271845","-.3479","-2.5737","-1.9014","-.1526","21.39","19.5355","Style Box - All Cap Blend","Style Box - All Cap Blend"
"Coinshares Bitcoin ETF","BRRR","491.03","37.01549362804716831473745439162392258474",".2128","7.7261","-3.0864","38.3666","26.4769","-27.1349","Cryptocurrency ETFs","Cryptocurrency ETFs"
"Invesco BulletShares 2026 Corporate Bond ETF","BSCQ","3229.58","8.33333333333333333333333333333333333333","-.0512",".2595",".0256",".88","1.9589","3.8048","Corporates - Investment Grade","Investment Grade Corporate Bond ETFs"
"Invesco BulletShares 2028 Corporate Bond ETF","BSCS","3508.19",".9090909090909090909090909090909090909091",".0249","-.5202","-.248","-.1401","1.0866","2.2561","Corporates - Investment Grade","Investment Grade Corporate Bond ETFs"
"Invesco BulletShares 2029 Corporate Bond ETF","BSCT","2927.99","1.3071895424836601307189542483660130719",".055","-1.1922","-.5469","-1.0812",".2747","1.1691","Corporates - Investment Grade","Investment Grade Corporate Bond ETFs"
"Invesco BulletShares 2030 Corporate Bond ETF","BSCU","2730.77","1.10497237569060773480662983425414364641",".062","-1.6822","-.9211","-2.1159","-.4902",".0314","Corporates - Investment Grade","Investment Grade Corporate Bond ETFs"
"Invesco BulletShares 2031 Corporate Bond ETF","BSCV","1794.84",".9478672985781990521327014218009478672986",".0634","-2.1414","-1.1901","-2.7958","-.9261","-.7682","Corporates - Investment Grade","Investment Grade Corporate Bond ETFs"
"Invesco BulletShares 2032 Corporate Bond ETF","BSCW","1489.44",".6734006734006734006734006734006734006734",".0511","-2.4811","-1.4584","-3.5187","-1.4724","-1.4508","Corporates - Investment Grade","Investment Grade Corporate Bond ETFs"
"Innovator U.S. Equity Buffer ETF - September","BSEP","464.34","93.36110737804058594274963042601800833221","-.1367","-.0444","-.9053","2.8628","14.3981","12.3027","Derivative Based ETF","Defined Outcome"
"Bitwise Solana Staking ETF","BSOL","961.86","58.16554809843400447427293064876957494407",".4908","15.7597",".4908","58.8749","47.9675","0","Digital Economy ETF","Digital Economy ETF"
"Vanguard Short-Term Bond Index Fund ETF Shares","BSV","45939.81","1.02389078498293515358361774744027303754",".0393","-1.099","-.4692","-1.0948","-.2315",".7755","Short-Term Bond ETF","Short-Term Bond ETF"
"EA Bridgeway Omni Small-Cap Value ETF","BSVO","2377.8","76.30747630747630747630747630747630747631","-.7131","-4.4148","-2.4115","-3.5494","12.2127","24.1174","Style Box - Small Cap Value","Style Box - Small Cap Value"
"AGF U.S. Market Neutral Anti-Beta Fund","BTAL","312.26","21.03174603174603174603174603174603174603","-.2498","-2.2041",".4191","6.8689","-14.7937","-24.033","Hedge Fund - Long/Short","Hedge Fund ETFs"
"Grayscale Bitcoin Mini Trust","BTC","4416.93","37.2045914922349763673193787981093855503",".2984","7.7843","-2.9913","38.5163","26.653","-27.0377","Cryptocurrency ETFs","Cryptocurrency ETFs"
"NEOS Bitcoin High Income ETF","BTCI","1375.95","18.68042356774368721151235405919087700244",".2675","6.8146","-2.0325","29.6557","19.2751","-26.0729","Derivative Based ETF","Cryptocurrency ETFs"
"Invesco Galaxy Bitcoin ETF","BTCO","445.01","37.06922385376086305064429127959244830686",".3258","7.7641","-2.9985","38.4513","26.6606","-27.1341","Cryptocurrency ETFs","Cryptocurrency ETFs"
"Simplify Treasury Option Income ETF","BUCK","520.89","7.40740740740740740740740740740740740741","-.0859",".3433","0",".854","2.1277","4.5378","Derivative Based ETF","Government Bond ETFs"
"Innovator Laddered Allocation Buffer ETF","BUFB","340.83","94.54713493530499075785582255083179297597","-.0744",".2861","-.7266","3.1452","14.1138","13.1527","Derivative Based ETF","Defined Outcome"
"AB Conservative Buffer ETF","BUFC","1076.07","97.12186160440906307409675443968156766687","0",".3237","-.1151","2.1181","7.8093","7.0829","Derivative Based ETF","Defined Outcome"
"FT Vest Laddered Deep Buffer ETF","BUFD","2136.3","96.76375404530744336569579288025889967638","-.0329",".2473","-.3279","2.4949","10.0652","10.3048","Derivative Based ETF","Defined Outcome"
"Innovator Laddered Allocation Power Buffer ETF","BUFF","1057.03","97.001763668430335097001763668430335097","-.0185",".2603","-.3143","2.6168","10.5824","10.4692","Derivative Based ETF","Defined Outcome"
"FT Vest Buffered Allocation Growth ETF","BUFG","333.55","95.06493506493506493506493506493506493506",".117","-.1001","-.6304","2.6388","13.6191","11.4211","Derivative Based ETF","Defined Outcome"
"AB Moderate Buffer ETF","BUFM","487.27","84.85273492286115007012622720897615708275","-.2247","-.8855","-1.2687","1.2265","7.1157","7.2873","Derivative Based ETF","Defined Outcome"
"PGIM Laddered S&P 500 Buffer 12 ETF","BUFP","259.78","96.69799339598679197358394716789433578867",".0487",".2438","-.3936","2.9573","12.5171","12.2297","Derivative Based ETF","Defined Outcome"
"FT Vest Laddered Nasdaq Buffer ETF","BUFQ","1675.41","96.96",".099","1.94","-.4674","3.6904","17.004","16.4652","Derivative Based ETF","Defined Outcome"
"FT Vest Laddered Buffer ETF","BUFR","10741.18","96.33620689655172413793103448275862068966","-.0799",".2137","-.3982","3.0486","13.0802","12.5037","Derivative Based ETF","Defined Outcome"
"FT Vest Laddered Moderate Buffer ETF","BUFZ","1076.71","95.90443686006825938566552901023890784983","-.105",".246","-.4188","2.4049","10.2396","10.2609","Derivative Based ETF","Defined Outcome"
"Global X Cybersecurity ETF","BUG","1998.51","92.94710327455919395465994962216624685139",".0881","5.7974","-1.7088","22.7776","88.9397","27.6379","Technology  - broad","Technology ETFs"
"MicroSectors FANG & Innovation 3X Leveraged ETN","BULZ","3590.4","69.07812107510675709620698317005777442854","1.2784","14.5995","-9.5751","14.8148","163.0996","66.3556","Active Non-Transparent ETFs","Leveraged Equity ETFs"
"Brandes U.S. Value ETF","BUSA","311.69","64.48275862068965517241379310344827586207","-.4818","-6.3413","-1.5656",".6866","9.6631","16.4554","Style Box - Large Cap Value","Style Box - Large Cap Value"
"Main BuyWrite ETF","BUYW","1413.48","78.20512820512820512820512820512820512821",".0691","-.2557","-.324","1.6494","7.5314","8.1156","Derivative Based ETF","Derivative Based ETF"
"Bluemonte Large Cap Value ETF","BVAL","294.65","79.18781725888324873096446700507614213198",".0122","-2.5657","-1.4641",".6798","14.8932","17.6019","Style Box - Large Cap Value","Style Box - Large Cap Value"
"Breakwave Tanker Shipping ETF","BWET","219.07","84.51593365635482668654491241147968691763","1.2603","73.3665","8.3855","379.6263","520.8634","4871.0827","Energy -  Crude Oil","Energy ETFs"
"State Street SPDR Bloomberg Short Term International Treasury Bond ETF","BWZ","322.42","14.11764705882352941176470588235294117647","-.2531","-1.4363","-.8142",".7021","1.2762","-1.4928","International - Broad Treasury","Developed Market Bond ETFs"
"Calamos Autocallable Income ETF","CAIE","1374.95","65.39050535987748851454823889739663093415","-.2617","-.7237","-1.2218","1.9527","16.1317","11.0106","Derivative Based ETF","Short-Term Bond ETF"
"Calamos Nasdaq Autocallable Income ETF","CAIQ","370.05","70.52706216024580477428503899787284329946",".2417","2.6728","-.8991","1.1504","20.2899","0","Derivative Based ETF","Total Bond Market ETFs"
"Pacer US Small Cap Cash Cows ETF","CALF","3546.3","72.53218884120171673819742489270386266094","-.3171","-7.276","-2.4995","5.7405","21.964","22.99","Style Box - Small Cap Value","Style Box - Small Cap Value"
"Congress Large Cap Growth ETF","CAML","384.51","83.7382941027587952417109592508225765629",".2392","-.1792","-1.4615","3.1223","18.7066","5.3017","Style Box - Large Cap Growth","Style Box - Large Cap Growth"
"Tema Oncology ETF","CANC","207.35","79.93777224642190416925948973242065961419",".9031","-3.4651","-1.8641","1.6501","19.7435","49.9358","Healthcare - Biotech","Health Care ETFs"
"Alpha Architect Tail Risk ETF","CAOS","685.66","74.45529676934635612321562734785875281743",".1327",".177",".0774",".2436","-.3632","1.0831","Target Outcome","Total Portfolio ETFs"
"DoubleLine Shiller CAPE U.S. Equities ETF","CAPE","215.57","29.7788972851945144136579904841869577386","-.0225","-6.1152","-2.2357","-4.8293","4.1587","-2.7446","Style Box - All Cap Blend","Style Box - All Cap Blend"
"CastleArk Large Growth ETF","CARK","344.32","94.58544839255499153976311336717428087986",".1322","1.0418","-.6759","4.8","25.4287","11.7198","Style Box - Large Cap Growth","Style Box - Large Cap Growth"
"Global X S&P 500 Catholic Values ETF","CATH","1361.37","88.51942180715008030456248884658854321575","-.1528","-.9728","-1.2174","3.7152","19.4684","13.2643","Strategy - Socially Responsible","Style Box - Large Cap Blend"
"Calamos Tax-Aware Collateral ETF","CBOX","1609.07","51.8037518037518037518037518037518037518",".0295",".3151",".1721","1.1619","0","0","Derivative Based ETF","Derivative Based ETF"
"ALPS CoreCommodity Natural Resources ETF","CCNR","440.94","68.54351246170406557920013248323259087522","-.4706","-7.038","-4.3711","4.203","-1.8762","29.9551","Materials  - Broad","Materials ETFs"
"VictoryShares US EQ Income Enhanced Volatility Wtd ETF","CDC","696.2","55.52605628460896609269513767731168929682","-.2148","-6.0033","-1.9597","-3.3361","3.8546","11.9621","Style Box - Large Cap Value","Style Box - Large Cap Value"
"VictoryShares US Large Cap High Div Volatility Wtd ETF","CDL","383.96","55.63144891730853073681150995494840866153","-.2152","-6.0041","-1.9474","-3.3014","3.8397","11.9748","Style Box - Large Cap Value","Style Box - Large Cap Value"
"Saba Opportunistically Hedged Closed-End Funds ETF","CEFS","428.74","63.97849462365591397849462365591397849462","1.5025","-2.596","-1.254","-1.6673","15.37","16.6755","Strategy - CEFs/OET","Convertibles/CEFs/OET/Preferred Stock ETFs"
"SPDR Bloomberg Enhanced Roll Yield Commodity Strategy No K-1 ETF","CERY","1133.7","90.32258064516129032258064516129032258065","-.1278","2.224","-1.3633","17.7517","10.9628","41.0516","Basket - Broad","Broad Commodity ETFs"
"VictoryShares US 500 Volatility Wtd ETF","CFA","511.07","57.01905308099152488370611100490664627541","-.1576","-4.8497","-1.3737","-2.1374","7.7251","7.5249","Style Box - Large Cap Blend","Style Box - Large Cap Blend"
"VictoryShares US 500 Enhanced Volatility Wtd ETF","CFO","398.65","57.03948403334906402391064967752084316501","-.1753","-4.8657","-1.3914","-2.1345","7.7496","7.449","Style Box - Large Cap Blend","Style Box - Large Cap Blend"
"Capital Group Core Balanced ETF","CGBL","7661.57","70.77244258872651356993736951983298538622",".1347","-2.6709","-1.6146","-1.5469","10.3885","8.2116","Moderate Allocation ","Total Portfolio ETFs"
"Capital Group Conservative Equity ETF","CGCV","2043.09","67.63392857142857142857142857142857142857","-.0925","-2.6442","-.7657","-1.219","10.5702","9.0819","Style Box - All Cap Value","Style Box - All Cap Value"
"Capital Group Dividend Growers ETF","CGDG","5652.03","68.19085487077534791252485089463220675944","-.2927","-3.1032","-1.3168","-.0884","7.6999","10.5663","Strategy - High Dividend Yield","World ETFs"
"Capital Group Dividend Value ETF","CGDV","38443.41","77.64589515331355093966369930761622156281",".2446","-2.3431","-.8668",".1362","18.5549","18.6885","Style Box - All Cap Value","Style Box - All Cap Value"
"Capital Group Global Equity ETF","CGGE","3209.33","85.36209553158705701078582434514637904468",".2288","-.989","-.7928",".4875","18.1788","14.5847","Global Large-Cap Blend Equity ETF","Global Large-Cap Blend Equity ETF"
"Capital Group Global Growth Equity ETF","CGGO","12023.82","75.47709923664122137404580152671755725191",".3511","-.9896","-1.307","-4.3956","22.9115","18.9109","Global Large-Cap Growth Equity ETF","Global Large-Cap Growth Equity ETF"
"Capital Group Growth ETF","CGGR","26026.97","93.84775808133472367049009384775808133472",".2942","1.5748","-1.221","2.0239","22.3921","8.9082","Geographic - Global Total Market","World ETFs"
"Capital Group International Core Equity ETF","CGIC","2576.19","87.53581661891117478510028653295128939828","-.1918","-1.4077","-1.8858",".9778","14.2511","20.4175","Foreign Large Blend ETF","Foreign Large Blend ETF"
"Capital Group International Equity ETF","CGIE","2468.26","74.74048442906574394463667820069204152249","-.1083","-2.7917","-1.5996","1.242","14.3826","11.4762","Foreign Large Growth ETF","Foreign Large Growth ETF"
"Capital Group U.S. Small and Mid Cap ETF","CGMM","3431.43","63.67583212735166425470332850940665701881",".3214","-4.8766","-1.7008","-4.4047","8.8095","10.2484","Style Box - All Cap Blend","Style Box - All Cap Blend"
"Capital Group New Geography Equity ETF","CGNG","3146.29","83.05732484076433121019108280254777070064",".3","-.1086","-2.2329","-.3792","20.2354","19.3381","Geographic - Global Total Market","World ETFs"
"Capital Group Core Equity ETF","CGUS","11908.2","81.76795580110497237569060773480662983425",".2915","-1.3454","-.4894","1.1359","19.5659","14.0971","Style Box - Large Cap Blend","Style Box - Large Cap Blend"
"Invesco S&P Global Water Index ETF","CGW","1010.12","13.70320855614973262032085561497326203209",".0834","-4.3308","-2.3365","-4.6524",".0401","-.313","Industrials  - Water","Industrials ETFs"
"Capital Group International Focus Equity ETF","CGXU","6837.44","82.8644501278772378516624040920716112532",".6078","-.7141","-2.9321","1.4781","23.4982","23.294","Foreign Large Growth ETF","Foreign Large Growth ETF"
"Roundhill Generative AI & Technology ETF","CHAT","1877.07","75.16436903499469777306468716861081654295","1.3608","6.1121","-2.0676","-3.217","53.2183","51.385","Artificial Intelligence and Robotics ETF","Artificial Intelligence and Robotics ETF"
"YieldMax Semiconductor Portfolio Option Income ETF","CHPY","1276.93","47.72298571813527351118296954998652654271","1.1992","9.6613","-.8771","-8.8544","57.3475","73.1524","Derivative Based ETF","Derivative Based ETF"
"First Trust NASDAQ Cybersecurity ETF","CIBR","17039.89","95.28541714813958862953547492489022417379",".2951","3.4628","-.587","15.2236","67.9477","34.4938","Technology  - broad","Technology ETFs"
"Global X 1-3 Month T-Bill ETF","CLIP","2379.58","73.68421052631578947368421052631578947368",".01",".289",".0598",".611",".9079","2.7637","US Treasury - Ultra Short","Money Market/Ultra-Short Term ETFs"
"iShares AAA CLO Active ETF","CLOA","2342.95","76.19047619047619047619047619047619047619","-.0096",".3525",".0096","1.2137","2.4981","4.7601","Asset Backed - MBS","Mortgage-Backed Security ETFs"
"VanEck CLO ETF","CLOI","1636.16","77.77777777777777777777777777777777777778","-.0378",".3108",".0567","1.1901","3.0564","4.8318","Asset Backed - MBS","Mortgage-Backed Security ETFs"
"Global X Cloud Computing ETF","CLOU","368.39","90.98786828422876949740034662045060658579","0","-2.5659","-2.9361","25","49.4681","18.6154","Technology  - Cloud Computing","Technology ETFs"
"Eldridge AAA CLO ETF","CLOX","321.41","93.33333333333333333333333333333333333333",".0781",".6261",".1172","1.2655","2.6664","5.0842","Asset Backed - MBS","Mortgage-Backed Security ETFs"
"Eldridge BBB-B CLO ETF","CLOZ","786.37","62.04379562043795620437956204379562043796","0",".7551",".038","1.1747","6.3254","5.2261","Asset Backed - MBS","Mortgage-Backed Security ETFs"
"Convergence Long/Short Equity ETF","CLSE","978.22","94.75982532751091703056768558951965065502","-.1763",".8309","-.4103","-.2349","21.7485","30.7929","Hedge Fund - Long/Short","Long-Short ETFs"
"iShares CMBS ETF","CMBS","454.37","4.52830188679245283018867924528301886792",".0634","-1.7932","-.4833","-1.89","-.5848",".3143","Asset Backed - MBS","Mortgage-Backed Security ETFs"
"PIMCO Commodity Strategy Active Exchange-Traded Fund","CMDT","892.31","88.1533101045296167247386759581881533101","-.6592",".9613","-1.7574","14.3607","8.7442","29.6567","Derivative Based ETF","Broad Commodity ETFs"
"iShares Bloomberg Roll Select Commodity Strategy ETF","CMDY","716.62","84.34782608695652173913043478260869565217","-.6593",".9331","-2.1494","15.4323","6.8197","32.0533","Basket - Broad","Broad Commodity ETFs"
"Alger Concentrated Equity ETF","CNEQ","3139.29","89.54732510288065843621399176954732510288",".0987","2.2693","-1.5773","0","34.3491","15.8526","Style Box - Large Cap Growth","Style Box - Large Cap Growth"
"Global X MSCI Colombia ETF","COLO","213.77","75.01298701298701298701298701298701298701",".1924","-3.321","-6.0156","13.0688","23.2938","49.4816","Geographic - Colombia","Latin American Equity ETFs"
"Direxion Auspice Broad Commodity Strategy ETF","COM","218.56","86.10540725530458590006844626967830253251","-.2288","-.356","-.5817","8.0754","5.4987","24.2098","Basket - Broad","Broad Commodity ETFs"
"iShares GSCI Commodity Dynamic Roll Strategy ETF","COMT","1392.55","86.88172043010752688172043010752688172043","-1.3029","5.4524","-1.1419","20.2341","7.32","34.9666","Basket - Broad","Broad Commodity ETFs"
"GraniteShares 2x Long COIN Daily ETF","CONL","574.07","4.57895912441366986821532276077730623185","-1.6447","5.8407","-10.7463","30.2832","-.8292","-83.6879","Derivative Based ETF","Single Stock ETF"
"YieldMax COIN Option Income Strategy ETF","CONY","389.84","4.56014973625999659690318189552492768419","-.4876","6.7874","-3.8089","23.2064","17.6649","-36.4912","Derivative Based ETF","Single Stock ETF"
"Sprott Copper Miners ETF","COPP","281.76","75.81359423274974253347064881565396498455",".1019","-6.9876","-5.1382","12.7149","26.4427","49.6208","Materials  - Copper Mining","Materials ETFs"
"Global X Copper Miners ETF","COPX","7286.27","71.8862121988723731419784725781650435674",".258","-9.4683","-5.0011","13.2004","19.7291","47.578","Materials  - Copper Mining","Materials ETFs"
"Tweedy, Browne Insider + Value ETF","COPY","416.91","84.42740776233828461907043603258265452803","-.7092","-3.6295","-1.6603","4.1244","15.0972","25.1015","Geographic - Global Total Market","World ETFs"
"iShares International Country Rotation Active ETF","CORO","12708.22","87.28160328879753340184994861253854059609","-.2456","-1.1361","-1.8792","1.2852","17.9726","24.529","Foreign Large Blend ETF","Foreign Large Blend ETF"
"Pacer US Large Cap Cash Cows Growth Leaders ETF","COWG","2310.71","86.7265725288831835686777920410783055199","-.0101","-.7057","-1.688",".355","20.8419","9.6399","Style Box - Large Cap Growth","Style Box - Large Cap Growth"
"Pacer US Cash Cows 100 ETF","COWZ","18713.62","67.26296958855098389982110912343470483005","-.298","-6.9871","-2.1211","7.2144","9.2714","18.9169","Style Box - Large Cap Value","Style Box - Large Cap Value"
"Counterpoint Quantitative Equity ETF","CPAI","462.69","87.23691476958949499907958519973001165859","-.2517","-.4253","-2.0816",".1945","25.1458","30.4678","Style Box - All Cap Blend","Style Box - All Cap Blend"
"United States Copper Index Fund","CPER","742.02","86.70212765957446808510638297872340425532",".63",".6554","-3.6206","7.2522","19.3722","31.8257","Base Metals - Copper","Industrial Metals ETFs"
"Invesco China Technology ETF","CQQQ","2558.85","2.85714285714285714285714285714285714286","-.5285","-7.7033","-5.9546","-18.4804",".2441","-20.4533","Geographic - China","Asia-Pacific (Emerging) ETFs"
"VanEck Oil Refiners ETF","CRAK","640.89","88.40439276485788113695090439276485788114","-2.1479","4.4526","-1.8117","35.2625","28.9112","69.534","Energy - Refining & Marketing","Energy ETFs"
"iShares Low Carbon Optimized MSCI ACWI ETF","CRBN","1172.81","90.26426826560071063735287586053741949811","-.3236","-1.1363","-1.5873","2.2876","19.4859","15.9845","Strategy - Socially Responsible","World ETFs"
"VictoryShares US Small Cap High Div Volatility Wtd ETF","CSB","241.99","47.28540594388178648514029553378714926117","-.2788","-6.8923","-1.9149","-4.883","2.9884","8.2827","Style Box - Small Cap Value","Style Box - Small Cap Value"
"Invesco S&P Spin-Off ETF","CSD","213.09","63.04655645973011242472320316631693877203",".3864","-2.7212","-2.3042","-12.0974","16.8621","39.1405","Strategy - Alpha-Seeking","Style Box - All Cap Value"
"NEOS Enhanced Income 1-3 Month T-Bill ETF","CSHI","1888.1","38.35616438356164383561643835616438356164","0",".3148",".0805","1.0201","2.5255","4.7661","US Treasury - Ultra Short","Government Bond ETFs"
"iShares Dynamic Short-Term Active ETF","CSHP","374.57","58.11403508771929824561403508771929824561",".1366",".2997",".0562",".9696","1.9361","3.8753","US Treasury - Ultra Short","Money Market/Ultra-Short Term ETFs"
"ProShares Large Cap Core Plus","CSM","517.22","81.96441197266085316992693848691963233561","-.1573","-1.8123","-1.5827","3.1122","19.2353","15.4468","Derivative Based ETF","Hedge Fund ETFs"
"Congress SMid Growth ETF","CSMD","474.04","62.71929824561403508771929824561403508772","-.1763","-1.3074","-.7886","-5.0852","11.5599","2.381","Style Box - All Cap Growth","Style Box - All Cap Growth"
"Cohen & Steers Real Estate Active ETF","CSRE","558.53","37.30074388947927736450584484590860786397","-.1182","-5.7889","-2.3538","-5.9225","5.4725","6.8946","Real Estate   - REITs","Real Estate ETFs"
"Simplify Managed Futures Strategy ETF","CTA","1347.76","40.22346368715083798882681564245810055866","-1.8365","3.4082","-2.031","10.5466","-3.2205","6.6071","Derivative Based ETF","Hedge Fund ETFs"
"Castellan Targeted Equity ETF","CTEF","630.73","71.80223581001791118522636032363658822803",".5473","-4.0209","-1.0046","-8.5556","27.0498","31.2965","Derivative Based ETF","Style Box - All Cap Growth"
"Calvert International Responsible Index ETF","CVIE","504.61","86.72655697991319269203593418794791561522",".0809","-1.3508","-1.6671",".1554","21.44","27.1711","Strategy - Socially Responsible","Broad Developed World ETFs"
"Calvert US Large-Cap Core Responsible Index ETF","CVLC","988.52","84.7181008902077151335311572700296735905","-.2315","-1.3091","-1.229","1.4291","22.0511","17.4457","Strategy - Socially Responsible","Style Box - Large Cap Blend"
"Calvert Ultra-Short Investment Grade ETF","CVSB","273.02","14.47368421052631578947368421052631578947",".1088","-.0359","-.1578",".504","1.8078","3.6727","Ultra short Bond ETF","Ultra short Bond ETF"
"State Street SPDR Bloomberg Convertible Securities ETF","CWB","5541.92","61.29431162407254740313272877164056059357",".2175","-.9323","-2.0489","-4.9782","13.7827","13.7683","Corporates - Convertible","Convertibles/CEFs/OET/Preferred Stock ETFs"
"State Street SPDR MSCI ACWI ex-US ETF","CWI","2840.97","84.54425363276089828269484808454425363276","-.0736","-1.6659","-1.9263",".8668","16.2966","20.458","Foreign Large Blend ETF","Foreign Large Blend ETF"
"VanEck Digital Transformation ETF","DAPP","445.18","45.02740798747063429913860610806577916993","-.6126","2.2047","-10.3591","-2.0624","33.1737","-10.8516","Technology  - broad","Technology ETFs"
"FT Vest U.S. Equity Deep Buffer ETF - April","DAPR","324.76","95.84187408491947291361639824304538799414","-.0622",".2377","-.339","2.4116","5.6543","8.0975","Derivative Based ETF","Defined Outcome"
"FT Vest U.S. Equity Deep Buffer ETF - August","DAUG","435.54","94.77627050010123506782749544442194776271","-.0798","-.1637","-.5395","1.7587","10.6891","9.3028","Derivative Based ETF","Defined Outcome"
"Global X DAX Germany ETF","DAX","216.34","57.01463684065175365921016293841480254073","-.6194","-6.5235","-2.0186","3.7747","12.317","2.6102","Geographic - Germany","European Equity ETFs"
"Invesco DB Agriculture ETF","DBA","1220.4","69.38271604938271604938271604938271604938","0","-3.2203","-1.0508","6.5636","3.975","4.9796","Agriculture - Broad","Agricultural ETFs"
"Xtrackers MSCI All World ex US Hedged Equity ETF","DBAW","329.83","88.83538970809509479386096900391212759555","-.1516","-.6263","-1.4997",".3695","15.8374","24.4365","Foreign Large Blend ETF","Foreign Large Blend ETF"
"Invesco DB Base Metals ETF","DBB","368.48","82.07705192629815745393634840871021775544",".2353",".314","-2.3309","6.5888","11.6157","24.2586","Base Metals - Broad","Industrial Metals ETFs"
"Invesco DB Commodity Index Tracking ETF","DBC","1925.03","85.52971576227390180878552971576227390181","-1.5082","3.9298","-1.3564","20.4819","9.9656","41.4677","Basket - Broad","Broad Commodity ETFs"
"Xtrackers MSCI EAFE Hedged Equity ETF","DBEF","9300.38","85.18155053974484789008832188420019627085","-.3254","-1.4127","-.9878","1.2117","14.95","21.8514","Geographic - EAFE","Broad Developed World ETFs"
"Xtrackers MSCI Europe Hedged Equity ETF","DBEU","777.29","84.03971388918543824063200597843493114124","-.36","-1.6366","-.5491",".5252","14.5416","19.5844","Geographic - Broad Europe","European Equity ETFs"
"Xtrackers MSCI Japan Hedged Equity ETF","DBJP","718.13","89.23188196152177057717344134239837986402","-.4248","-.8298","-2.4701","1.1267","18.5151","36.1127","Geographic - Japan","Asia-Pacific (Developed) ETFs"
"iMGP DBi Managed Futures Strategy ETF","DBMF","5187.44","93.91771019677996422182468694096601073345","-.1055","3.7109","2.1179","7.7659","8.6573","25.206","Derivative Based ETF","Hedge Fund ETFs"
"Invesco DB Oil ETF","DBO","294.62","79.33194154488517745302713987473903966597","-4.3763","9.3545","-.6797","31.7183","12.8378","72.1649","Energy -  Crude Oil","Energy ETFs"
"Invesco DB Precious Metals ETF","DBP","247.28","15.28646379853095487932843651626442812172","1.0052","-6.715","-5.4237","4.1197","-8.8845","11.3797","Precious Metals - Broad","Precious Metals ETFs"
"Dimensional US Core Equity 1 ETF","DCOR","3592.52","82.56704980842911877394636015325670498084","-1.8337","-1.6719","-1.0637","1.969","18.3708","16.7373","Style Box - All Cap Blend","Style Box - All Cap Blend"
"DoubleLine Commercial Real Estate Debt ETF","DCRE","458.7","1.13636363636363636363636363636363636364","-.0098","-.5173","-.2247","-.1053","1.0117","2.988","Asset Backed - MBS","Mortgage-Backed Security ETFs"
"FT Vest U.S. Equity Deep Buffer ETF - December","DDEC","426.73","97.69730733519034354688950789229340761374","-.0391",".4048","-.234","2.9218","11.3909","11.4343","Derivative Based ETF","Defined Outcome"
"WisdomTree Dynamic International SmallCap Equity Fund","DDLS","427.48","73.03106369626608095387511766551615939755","-1.0914","-1.8625","-2.3299","3.2102","10.6646","11.4688","Foreign Small/Mid Value ETF","Foreign Small/Mid Value ETF"
"Proshares Ultra Dow30","DDM","513.65","61.73076923076923076923076923076923076923","-.4949","-8.2221","-2.0959","-4.1534","26.5993","17.704","Derivative Based ETF","Leveraged Equity ETFs"
"WisdomTree Dynamic International Equity Fund","DDWM","1441.93","72.44212098581030619865571321882001493652","-.6589","-2.8274","-1.5349",".217","9.4115","13.4927","Foreign Large Value ETF","Foreign Large Value ETF"
"AllianzIM U.S. Equity Buffer20 Dec ETF","DECW","228.41","97.69230769230769230769230769230769230769","-.0684",".4677","-.2322","2.7575","10.4658","10.8682","Derivative Based ETF","Defined Outcome"
"Dimensional Emerging Markets High Profitability ETF","DEHP","459.87","76.98226831716293074606891937102709936434",".169",".5654","-2.1685","-.7969","27.4181","38.616","Geographic - Broad Emerging Markets","Broad Emerging Market ETFs"
"WisdomTree Emerging Markets High Dividend ETF","DEM","4186.07","86.72839506172839506172839506172839506173","-.4306","1.7082","-1.669","5.0897","18.114","25.6475","Geographic - Broad Emerging Markets","Broad Emerging Market ETFs"
"WisdomTree U.S. SmallCap Dividend ETF","DES","2064.07","63.65461847389558232931726907630522088353","-.574","-5.4181","-1.6212","-5.5884","9.037","15.9523","Style Box - Small Cap Value","Style Box - Small Cap Value"
"Xtrackers Russell US Multifactor ETF","DEUS","287.66","63.15270125812022037661376531535235589179","-.086","-4.9592","-1.4382","-1.7978","8.9708","11.8572","Style Box - Large Cap Blend","Style Box - Large Cap Blend"
"Dimensional Emerging Markets ex China Core Equity ETF","DEXC","295.67","81.69368177307310618590803837247767118756",".8334","1.9757","-.9909","-.1716","29.1259","45.1722","Geographic - Broad Emerging Markets","Broad Emerging Market ETFs"
"Dimensional U.S. Core Equity 2 ETF","DFAC","48695.61","81.85993111366245694603903559127439724455","-.1789","-1.9144","-1.0466","1.3981","17.9819","17.0027","Style Box - All Cap Blend","Style Box - All Cap Blend"
"Dimensional Emerging Core Equity Market ETF","DFAE","10102.47","79.57181088314005352363960749330954504906",".3035",".3456","-1.4865",".7","21.7813","28.5721","Geographic - Broad Emerging Markets","Broad Emerging Market ETFs"
"Dimensional International Core Equity Market ETF","DFAI","17891.22","75.82697201017811704834605597964376590331","-.5729","-3.0947","-1.567","1.687","12.0716","17.8818","Foreign Large Blend ETF","Foreign Large Blend ETF"
"Dimensional US Large Cap Core Equity Market ETF","DFAL","1134.97","69.75989617131732641142115509409474367294","-.1591","-.5364","-1.0405","0","0","0","Style Box - Large Cap Blend","Style Box - Large Cap Blend"
"Dimensional US Real Estate ETF","DFAR","1642.12","36.53846153846153846153846153846153846154",".123","-5.4037","-.6947","-7.1087","7.2751","6.6987","Real Estate   - Broad","Real Estate ETFs"
"Dimensional U.S. Small Cap ETF","DFAS","14929.05","65.67010309278350515463917525773195876289","-.2819","-4.9575","-1.7376","-4.7603","12.1042","15.1017","Style Box - Small Cap Value","Style Box - Small Cap Value"
"Dimensional U.S. Targeted Value ETF","DFAT","13850.7","67.61687571265678449258836944127708095781","-.5341","-5.4557","-1.7562","-3.6829","9.7155","16.8069","Style Box - All Cap Value","Style Box - All Cap Value"
"Dimensional US Core Equity Market ETF","DFAU","12818.62","86.2","-.2471","-1.068","-1.0494","2.4991","19.7183","16.051","Style Box - All Cap Blend","Style Box - All Cap Blend"
"Dimensional World Equity ETF","DFAW","1671.2","82.73067331670822942643391521197007481297","-.2393","-1.9604","-1.1842","1.4043","16.7064","17.8338","Global Large-Cap Blend Equity ETF","Global Large-Cap Blend Equity ETF"
"Dimensional World ex U.S. Core Equity 2 ETF","DFAX","12472.49","83.03797468354430379746835443037974683544","-.3742","-2.1106","-1.4933","2.3243","14.7772","22.0877","Foreign Large Blend ETF","Foreign Large Blend ETF"
"FT Vest U.S. Equity Deep Buffer ETF - February","DFEB","448.32","97.59943928508848782197301559488347643245","-.0193",".3204","-.2606","2.6318","10.5548","11.2618","Derivative Based ETF","Defined Outcome"
"Dimensional Emerging Markets Core Equity 2 ETF","DFEM","9613.49","79.20433996383363471971066907775768535262",".376",".0902","-1.1606",".6648","20.3862","27.5964","Geographic - Broad Emerging Markets","Broad Emerging Market ETFs"
"Direxion Daily Aerospace & Defense Bull 3X ETF","DFEN","287.04",".0409584271963956584067171820602088879787",".0411","-28.1237","-6.9359","-36.5709","-20.5105","-16.5276","Derivative Based ETF","Leveraged Equity ETFs"
"Dimensional Emerging Markets Value ETF","DFEV","2182.3","85.15797207935341660543717854518736223365",".2586","1.1324","-.7779","2.0671","24.0404","37.1426","Geographic - Broad Emerging Markets","Broad Emerging Market ETFs"
"Dimensional Global Core Plus Fixed Income ETF","DFGP","3527.41",".8343265792610250297973778307508939213349",".0674","-2.48","-1.6088","-3.74","-.4175","-1.1299","Total Bond Market - Broad","Total Bond Market ETFs"
"Dimensional Global Real Estate ETF","DFGR","3684.12","28.93157262905162064825930372148859543818","-.1098","-5.4451","-1.0606","-6.4414","6.0758","4.5246","Real Estate   - Broad","Real Estate ETFs"
"Dimensional International Core Fixed Income ETF","DFGX","1773",".6675938803894297635605006954102920723227",".047","-1.5617","-1.0568","-3.1952",".0257","-.9725","Total Bond Market - Broad","Total Bond Market ETFs"
"Dimensional International Core Equity 2 ETF","DFIC","15251.04","75.90361445783132530120481927710843373494","-.7353","-3.1977","-1.72","2.2483","11.5804","18.5168","Foreign Large Blend ETF","Foreign Large Blend ETF"
"Dimensional International Small Cap ETF","DFIS","5835.9","79.18882978723404255319148936170212765957","-.5887","-2.9975","-1.955","4.2787","13.0441","17.5085","Foreign Small/Mid Blend ETF","Foreign Small/Mid Blend ETF"
"Dimensional International Value ETF","DFIV","22044.88","79.49820788530465949820788530465949820789","-1.1777","-2.4985","-1.4956","4.7111","11.8792","25.3357","Foreign Large Value ETF","Foreign Large Value ETF"
"WisdomTree Japan SmallCap Dividend ETF","DFJ","454.23","91.57241882524626048887267420649398029916","-1.1419",".9906","-1.5847","8.9924","17.534","23.3012","Geographic - Japan","Asia-Pacific (Developed) ETFs"
"Dimensional US Large Cap Value ETF","DFLV","6987.26","82.6086956521739130434782608695652173913","-.3941","-3.0887","-.8884","2.3088","15.5751","24.9789","Style Box - Large Cap Value","Style Box - Large Cap Value"
"U.S. Micro Cap Portfolio: ETF Class Shares","DFMC","7510.1","61.0369206598586017282010997643362136685","-.3205","-4.5682","-2.0042","-4.8195","15.3952","0","Style Box - Micro Cap Blend","Style Box - Micro Cap Blend"
"Davis Select Financial ETF","DFNL","442.62","55.36600496277915632754342431761786600496",".0925","-5.9954","-1.6266","-1.7457","12.3586","8.4053","Financials-Broad","Financials ETFs"
"Dimensional Short-Duration Fixed Income ETF","DFSD","7256.23","1.25301204819277108433734939759036144578",".056","-1.3176","-.2877","-1.4613","-.0115",".8163","Short-Term Bond ETF","Short-Term Bond ETF"
"Dimensional Emerging Markets Sustainability Core 1 ETF","DFSE","645.82","79.62128043282236248872858431018935978359",".3336",".0727","-1.1947","1.8339","19.6354","21.5132","Geographic - Broad Emerging Markets","Broad Emerging Market ETFs"
"Dimensional International Sustainability Core 1 ETF","DFSI","1174.04","70.51150895140664961636828644501278772379","-.486","-3.3413","-1.8025","1.4046","12.9856","13.8494","Foreign Large Blend ETF","Foreign Large Blend ETF"
"Dimensional US Sustainability Core 1 ETF","DFSU","2352.74","82.06820682068206820682068206820682068207","-.3577","-1.9476","-1.2396","2.3819","18.6569","12.7944","Style Box - All Cap Blend","Style Box - All Cap Blend"
"Dimensional US Small Cap Value ETF","DFSV","8080.14","70.98001902949571836346336822074215033302","-.6569","-5.0275","-1.784","-2.1637","10.3246","20.3441","Style Box - Small Cap Value","Style Box - Small Cap Value"
"Dimensional U.S. Equity Market ETF","DFUS","21406.21","89.00555898702903026559604694255713403335","-.1079","-.5169","-.977","2.7266","20.964","16.3086","Style Box - All Cap Blend","Style Box - All Cap Blend"
"Dimensional US Marketwide Value ETF","DFUV","15268","83.4868887313961729270021261516654854713","-.3062","-2.871","-.9489",".7759","16.694","25.7213","Style Box - Large Cap Value","Style Box - Large Cap Value"
"Dimensional US Large Cap Vector ETF","DFVX","536.17","84.6989268041899620846989268041899620847",".16","-1.6598","-.563","2.5372","15.9298","16.8957","Style Box - Large Cap Value","Style Box - Large Cap Value"
"Dimensional Global Credit ETF","DGCB","1095.72",".8812729498164014687882496940024479804162",".0693","-2.3104","-1.5143","-3.7036","-.2686","-.9122","Total Bond Market - Broad","Total Bond Market ETFs"
"DB Gold Double Long ETN","DGP","230.34","19.73841905059663383877859413266635402011","3.8823","-5.7359","-3.079","15.2983","-10.5348","14.5231","Precious Metals - Gold","Leveraged Commodity ETFs"
"iShares Core Dividend Growth ETF","DGRO","42277.84","69.26010678871090770404271548436308161709","-.2363","-3.7361","-1.2216",".5859","11.3579","14.4473","Strategy - Dividend Growth","Style Box - Large Cap Value"
"WisdomTree U.S. SmallCap Quality Dividend Growth ETF","DGRS","385.87","65.46009877826878086820899402131531063166","-.6931","-5.3772","-1.467","-4.1317","8.6714","15.2018","Strategy - Dividend Growth","Style Box - Small Cap Blend"
"WisdomTree U.S. Quality Dividend Growth ETF","DGRW","16969.84","82.5494205862304021813224267211997273347","-.194","-1.4293","-1.0508","2.7778","14.6154","11.5784","Strategy - Dividend Growth","Style Box - Large Cap Value"
"WisdomTree Emerging Markets SmallCap Dividend ETF","DGS","1699.92","69.44198405668733392382639503985828166519",".3018","-.4207","-1.4951","-.3741","10.0442","15.165","Geographic - Broad Emerging Markets","Broad Emerging Market ETFs"
"State Street SPDR Global Dow ETF","DGT","631.1","81.88988095238095238095238095238095238095","-.1695","-2.2439","-1.6285","1.6235","14.0621","18.7269","Global Large-Cap Value Equity ETF","Global Large-Cap Value Equity ETF"
"WisdomTree U.S. High Dividend ETF","DHS","1564.37","68.97793786582620441242683475911751463305","-.3705","-4.1917","-1.3114","-.4676","6.7487","16.4119","Style Box - Large Cap Value","Style Box - Large Cap Value"
"State Street SPDR Dow Jones Industrial Average ETF Trust","DIA","44459.07","67.26099321811419820608182017064099759352","-.2218","-3.9225","-.9884","-1.346","14.4344","12.3242","Style Box - Large Cap Value","Style Box - Large Cap Value"
"Dimensional International High Profitability ETF","DIHP","6459.85","64.92281303602058319039451114922813036021","-.2507","-3.9136","-1.476","-.2321","9.4282","14.1461","Foreign Large Blend ETF","Foreign Large Blend ETF"
"Davis Select International ETF","DINT","268.93","46.18784530386740331491712707182320441989","-.3551","-7.0861","-3.3247","-1.357","7.9355","1.6385","Foreign Large Blend ETF","Foreign Large Blend ETF"
"Dimensional International Small Cap Value ETF","DISV","5200.7","84.52666987025468524747717443536761172513","-.5959","-2.1489","-1.1963","8.2918","15.5189","24.9081","Foreign Small/Mid Value ETF","Foreign Small/Mid Value ETF"
"Global X SuperDividend U.S. ETF","DIV","763.61","64.4171779141104294478527607361963190184","-.2632","-4","-1.9151","-.0104","3.9427","14.9972","Strategy - High Dividend Yield","Style Box - All Cap Value"
"iShares Core Dividend ETF","DIVB","1995.31","74.88201363398007341373885684320922915574","-.3226","-5.4856","-2.2741","5.2605","23.2337","27.5176","Style Box - All Cap Value","Style Box - All Cap Value"
"Franklin International Core Dividend Tilt Index ETF","DIVI","2676.51","76.18453865336658354114713216957605985037","-.5336","-2.877","-1.4709","1.2782","13.4556","19.5392","Foreign Large Value ETF","Foreign Large Value ETF"
"Horizon Dividend Income ETF","DIVN","314.42","74.58187833118911964712369049807020768241","-.4379","-2.8021","-1.0352","1.7566","7.9693","18.3819","Derivative Based ETF","Style Box - Large Cap Value"
"Amplify CWP Enhanced Dividend Income ETF","DIVO","7824.42","60.8445297504798464491362763915547024952","-.1933","-2.6755","-.8466","4.2438","8.7285","12.304","Derivative Based ETF","Derivative Based ETF"
"Opal Dividend Income ETF","DIVZ","298.23","39.71377459749552772808586762075134168157","-.4007","-4.1653","-1.2912","-1.9233",".1991","3.8282","Style Box - All Cap Value","Style Box - All Cap Value"
"FT Vest U.S. Equity Deep Buffer ETF - January","DJAN","471.52","96.18856569709127382146439317953861584754","-.1821",".2582","-.4018","2.6975","10.9788","10.6888","Derivative Based ETF","Defined Outcome"
"Invesco Dow Jones Industrial Average Dividend ETF","DJD","498.6","75.47619047619047619047619047619047619048","-.2666","-3.3946","-.9502",".2884","9.3006","19.1612","Style Box - Large Cap Blend","Style Box - Large Cap Blend"
"iPath Bloomberg Commodity Index Total Return ETN","DJP","872.57","87.22009830693610049153468050245767340251","-.9664","1.1449","-2.6596","18.3372","7.3539","44.5742","Basket - Broad","Broad Commodity ETFs"
"FT Vest U.S. Equity Deep Buffer ETF - July","DJUL","485.65","95.39449541284403669724770642201834862385","-.041","-.039","-.4875","2.3145","11.1147","9.8521","Derivative Based ETF","Defined Outcome"
"FT Vest U.S. Equity Deep Buffer ETF - June","DJUN","360.86","93.68346344925479063165365507452093683463","-.02","-.0897","-.53","1.6843","7.9864","7.8911","Derivative Based ETF","Defined Outcome"
"GraniteShares 2x Long DELL Daily ETF","DLLL","215.2","82.13372796986411946724068343871922507736","-1.4152","30.803","-4.0164","41.793","576.3624","835.4286","Derivative Based ETF","Single Stock ETF"
"WisdomTree U.S. LargeCap Dividend ETF","DLN","6198.5","76.85696746470227133210558624923265807244","-.1837","-2.5793","-1.0649","1.8451","12.5998","14.7873","Style Box - Large Cap Value","Style Box - Large Cap Value"
"WisdomTree International SmallCap Dividend ETF","DLS","1055.82","78.72044506258692628650904033379694019471","-.7076","-2.0682","-2.0233","4.5658","12.3045","13.8214","Geographic - EAFE","Broad Developed World ETFs"
"FT Vest U.S. Equity Deep Buffer ETF - March","DMAR","474.19","98.18320902658252055842417288200420730541","-.0219",".3734","-.2075","2.3496","9.2137","12.19","Derivative Based ETF","Defined Outcome"
"FT Vest U.S. Equity Deep Buffer ETF - May","DMAY","381.55","94.21703950499762018086625416468348405521","-.025",".0229","-.5039","2.3267","8.5003","8.3459","Derivative Based ETF","Defined Outcome"
"iShares ESG Advanced MSCI EAFE ETF","DMXF","1014.24","83.27383313499933888668517783948168716118","0","-1.7974","-1.0794","1.5501","18.7639","17.6505","Strategy - Socially Responsible","Broad Developed World ETFs"
"WisdomTree Global ex-U.S. Quality Growth Fund","DNL","478.5","71.29931234165761853058269996380745566413",".3131","-3.5076","-1.1088","-1.7057","15.0433","12.9835","Strategy - Dividend Growth","World ETFs"
"FT Vest U.S. Equity Deep Buffer ETF - November","DNOV","404.47","98.65421152628245725142495250158328055731","-.0095",".563","-.1327","3.0105","11.4413","12.6539","Derivative Based ETF","Defined Outcome"
"FT Vest U.S. Equity Deep Buffer ETF - October","DOCT","398.33","99.42987457240592930444697833523375142531",".0792",".6813","-.0312","3.2459","11.8798","11.2836","Derivative Based ETF","Defined Outcome"
"WisdomTree True Developed International Fund","DOL","837.32","83.17079117396074606851152017554553212239","-.6787","-2.1724","-2.297","1.3709","15.8613","24.0706","Geographic - EAFE","Broad Developed World ETFs"
"WisdomTree U.S. MidCap Dividend ETF","DON","3789.08","50.86393088552915766738660907127429805616","-.2386","-5.696","-1.8382","-3.3669","6.4326","6.8066","Style Box - Mid Cap Value","Style Box - Mid Cap Value"
"Direxion Daily Regional Banks Bull 3X ETF","DPST","319.5","43.86689336895797911100315763905756618897","-3.2037","-16.8154","-5.7288","-20.5143","26.3425","11.8253","Derivative Based ETF","Leveraged Equity ETFs"
"Roundhill Memory ETF","DRAM","25929.5","62.10998439937597503900156006240249609984","2.6633","9.7797","-3.6624","-14.804","0","0","Technology  - Semiconductors","Technology ETFs"
"Global X Autonomous & Electric Vehicles ETF","DRIV","357.34","37.28428093645484949832775919732441471572",".1087","-4.1238","-3.5324","-12.0774","12.1914","19.0612","Geographic - Global Total Market","World ETFs"
"Strive U.S. Energy ETF","DRLL","305.1","78.44611528822055137844611528822055137845","-.2162","-.4142",".0074","19.5881","-.3935","41.4934","Energy - Broad","Energy ETFs"
"FT Vest U.S. Equity Deep Buffer ETF - September","DSEP","384.02","95.35443909153475567790777701307639366827","-.0818",".6797","-.5291","3.3622","12.6267","10.839","Derivative Based ETF","Defined Outcome"
"iShares ESG MSCI KLD 400 ETF","DSI","5486.8","92.15938303341902313624678663239074550129","-.2048","-.5419","-.9619","3.9193","24.4755","17.7261","Strategy - Socially Responsible","Style Box - Large Cap Growth"
"Tema S&P 500 Historical Weight ETF Strategy","DSPY","1006.28","81.5076006895470929321422974455414511832","-.004","-1.2692","-1.1396","1.2817","18.7768","17.2658","Style Box - Large Cap Blend","Style Box - Large Cap Blend"
"Distillate U.S. Fundamental Stability & Value ETF","DSTL","2003.93","56.26832582421511835800615032539512264893","-.3189","-8.2342","-2.3777","6.8084","13.6601","12.4433","Style Box - Large Cap Blend","Style Box - Large Cap Blend"
"Global X Data Center & Digital Infrastructure ETF","DTCR","2040.93","59.54438334642576590730557737627651217596","-.1097","-2.4643","-5.1407","-9.8834","17.2904","35.6854","Real Estate   - REITs","Real Estate ETFs"
"WisdomTree U.S. Total Dividend ETF","DTD","1638.91","74.74937343358395989974937343358395989975","-.1062","-2.7589","-1.0547","1.2435","12.2356","14.4547","Style Box - Large Cap Value","Style Box - Large Cap Value"
"WisdomTree International High Dividend ETF","DTH","644.91","75.62427797031902603750111081489380609615","-.792","-2.5836","-2.1218","4.7462","10.7388","19.6366","Geographic - EAFE","Broad Developed World ETFs"
"Aptus Large Cap Enhanced Yield ETF","DUBS","424.01","91.20611748348974626346889120611748348975","-.1272","-.0878","-1.1918","5.0372","23.2315","20.8146","Style Box - Large Cap Blend","Style Box - Large Cap Blend"
"Dimensional US High Profitability ETF","DUHP","12774.48","89.9290780141843971631205673758865248227",".0237","-.2306","-.4187","2.0588","17.8595","13.3463","Style Box - Large Cap Value","Style Box - Large Cap Value"
"Davis Select U.S. Equity ETF","DUSA","1239.46","72.19882055602358887952822240943555181129","-.2536","-3.2332","-1.6958","-2.5016","10.8494","14.9121","Style Box - Large Cap Blend","Style Box - Large Cap Blend"
"Dimensional Ultrashort Fixed Income ETF","DUSB","2285.39","6.66666666666666666666666666666666666667",".0595","-.1861",".2881",".4339","1.5466","3.4043","Ultra short Bond ETF","Ultra short Bond ETF"
"U.S. Small Cap Growth Portfolio","DUSG","1918.85","19.7754749568221070811744386873920552677","-.4345","-5.6596","-1.7714","-5.2107","0","0","Style Box - Small Cap Growth","Style Box - Small Cap Growth"
"iShares Select Dividend ETF","DVY","22394.49","56.23003194888178913738019169329073482428","-.3124","-5.6782","-1.9649","-2.1538","4.1782","12.0859","Style Box - Large Cap Value","Style Box - Large Cap Value"
"iShares Emerging Markets Dividend ETF","DVYE","1185.67","69.64520367936925098554533508541392904074","-.5569","-1.1836","-2.7236","7.0129","5.3901","20.553","Geographic - Broad Emerging Markets","Broad Emerging Market ETFs"
"Invesco Dorsey Wright SmallCap Momentum ETF","DWAS","410.52","51.90227237434649826595579481339613851649","-.1469","-1.5234","-2.3687","-13.3288","13.4604","18.0168","Style Box - Small Cap Blend","Style Box - Small Cap Blend"
"Davis Select Worldwide ETF","DWLD","572.86","34.66973886328725038402457757296466973886","-.2932","-5.986","-2.9659","-3.1543","5.2944",".2307","Global Large-Cap Blend Equity ETF","Global Large-Cap Blend Equity ETF"
"WisdomTree International Equity ETF","DWM","660.38","73.04665765837373817661553135680788490581","-.5526","-2.9731","-1.7337","1.7862","10.9045","15.0581","Geographic - EAFE","Broad Developed World ETFs"
"State Street SPDR S&P International Dividend ETF","DWX","517.2","59.9580083983203359328134373125374925015","-.7978","-2.8177","-2.0835",".4899","5.6925","12.4946","Foreign Large Value ETF","Foreign Large Value ETF"
"Dimensional International Vector Equity ETF","DXIV","226.05","78.55456453305351521511017838405036726128","-.9188","-2.9194","-1.9551","3.6498","12.2656","20.7803","Foreign Small/Mid Value ETF","Foreign Small/Mid Value ETF"
"WisdomTree Japan Hedged Equity ETF","DXJ","7043.06","92.06748025843503230437903804737975592247","-.807","-.9994","-1.7035","2.7606","16.0169","39.4325","Geographic - Japan","Asia-Pacific (Developed) ETFs"
"Dimensional US Vector Equity ETF","DXUV","581.84","78.05049088359046283309957924263674614306","-.3488","-3.1401","-1.2867","1.9755","16.5659","16.9587","Style Box - All Cap Value","Style Box - All Cap Value"
"iShares U.S. Equity Factor Rotation Active ETF","DYNF","41873.32","92.75466284074605451936872309899569583931","-.072","-.126","-1.1262","3.058","22.516","18.4524","Style Box - All Cap Blend","Style Box - All Cap Blend"
"Eagle Capital Select Equity ETF","EAGL","4580.73","69.52789699570815450643776824034334763948","-.0293","-5.6301","-1.2449","6.4275","16.6154","9.0473","Geographic - Global Total Market","World ETFs"
"Longview Advantage ETF","EBI","681.25","83.21197140757565635647003807869597167479","-.3478","-2.6398","-1.6268","2.013","15.766","21.4345","Style Box - All Cap Blend","Style Box - All Cap Blend"
"State Street SPDR Bloomberg Emerging Markets Local Bond ETF","EBND","2237.9","11.68831168831168831168831168831168831169",".0973","-2.1463","-1.8138","-.3637","3.832","2.1284","International - Emerging Market","Emerging Market Bond ETFs"
"iShares MSCI Chile ETF","ECH","963.75","40.57971014492753623188405797101449275362","-.9916","-7.4408","-5.7391","-4.6734","-.7598","17.8859","Geographic - Chile","Latin American Equity ETFs"
"Columbia Research Enhanced Emerging Economies ETF","ECON","317.94","81.30990415335463258785942492012779552716",".0756",".6277","-2.3384",".084","27.7871","35.0879","Geographic - Broad Emerging Markets","Broad Emerging Market ETFs"
"Pacer Emerging Markets Cash Cows 100 ETF","ECOW","204.56","54.94311494703805413887799136916437818752","-.3107","-2.6796","-2.2984",".6521","3.6674","14.5581","Geographic - Broad Emerging Markets","Broad Emerging Market ETFs"
"State Street SPDR S&P Emerging Markets Dividend ETF","EDIV","1185.53","45.37366548042704626334519572953736654804","-.7622","-2.063","-2.0388",".3149","7.3772","8.5016","Geographic - Broad Emerging Markets","Broad Emerging Market ETFs"
"First Trust Dow 30 Equal Weight ETF","EDOW","316.02","72.39247665395238721557280021044324608707","-.4661","-3.7526","-1.3189","1.4176","12.9965","13.7989","Style Box - Large Cap Blend","Style Box - Large Cap Blend"
"Invesco S&P Emerging Markets Low Volatility ETF","EELV","416.1","48.61618798955613577023498694516971279373","-.8791","-1.6878","-1.8877","1.4055","4.9024","10.0849","Geographic - Broad Emerging Markets","Broad Emerging Market ETFs"
"iShares MSCI Emerging Markets ETF","EEM","31237.92","80.22833419823559937727036844836533471718",".2976",".3873","-2.4602","-.0445","22.737","28.8101","Geographic - Broad Emerging Markets","Broad Emerging Market ETFs"
"iShares MSCI Emerging Markets Asia ETF","EEMA","901.9","86.75925925925925925925925925925925925926",".1195",".4024","-2.4132","1.5413","25.8656","29.913","Geographic - Asia Emerging","Asia-Pacific (Emerging) ETFs"
"iShares MSCI Emerging Markets Small-Cap ETF","EEMS","384.13","73.57597173144876325088339222614840989399",".2669","-1.3055","-1.4691",".5405","12.0267","15.0328","Geographic - Broad Emerging Markets","Broad Emerging Market ETFs"
"iShares MSCI Emerging Markets Min Vol Factor ETF","EEMV","3610.66","84.2998585572842998585572842998585572843","-.2536","-1.3076","-2.5688",".0536","18.9884","19.8276","Geographic - Broad Emerging Markets","Broad Emerging Market ETFs"
"WisdomTree U.S. SmallCap ETF","EES","684.28","69.713355427641141926856212570498284784","-.7657","-4.9756","-2.1183","-3.9884","14.0049","17.3404","Style Box - Small Cap Value","Style Box - Small Cap Value"
"iShares MSCI EAFE ETF","EFA","77645.57","75.69721115537848605577689243027888446215","-.476","-2.9521","-1.8404","1.0536","13.1944","16.0386","Geographic - EAFE","Broad Developed World ETFs"
"Invesco MSCI EAFE Income Advantage ETF","EFAA","673.06","64.11092985318107667210440456769983686786","-.3071","-2.2683","-1.3586","1.4212","12.2185","13.8631","Derivative Based ETF","Broad Developed World ETFs"
"iShares MSCI EAFE Min Vol Factor ETF","EFAV","5347.66","68.28844483058210251954821894005212858384","-1.0917","-2.4414","-2.0969","3.8588","4.9602","11.8894","Geographic - EAFE","Broad Developed World ETFs"
"State Street SPDR MSCI EAFE Fossil Fuel Reserves Free ETF","EFAX","498.28","71.93732193732193732193732193732193732194","-.2603","-3.1275","-1.7014",".2189","14.1296","13.726","Strategy - Socially Responsible","Broad Developed World ETFs"
"iShares MSCI EAFE Growth ETF","EFG","15415.04","65.81371545547594677584442169907881269191",".0332","-3.6394","-1.5446","-2.2159","12.8624","8.7786","Strategy - Dividend Growth","Broad Developed World ETFs"
"State Street SPDR S&P 500 ESG ETF","EFIV","1014.74","87.15348208248816768086544962812711291413","-.1614","-1.0355","-.7223","2.6784","21.3467","18.4908","Strategy - Socially Responsible","Style Box - Large Cap Blend"
"iShares MSCI Finland ETF","EFNL","397.78","73.40088663711209626345788473717542748575","-.8992","-1.9964","-3.7776","2.4474","14.6487","27.926","Geographic - Finland","European Equity ETFs"
"iShares MSCI EAFE Value ETF","EFV","31289.5","78.89908256880733944954128440366972477064","-1.1544","-2.5933","-2.1744","3.9963","13.6416","23.2552","Geographic - EAFE","Broad Developed World ETFs"
"iShares MSCI Indonesia ETF","EIDO","429.69","12.23277909738717339667458432304038004751","-.337","-6.5561","-2.7138","1.5451","-21.6518","-30.7074","Geographic - Indonesia","Asia-Pacific (Emerging) ETFs"
"FT Energy Income Partners Enhanced Income ETF","EIPI","1052.99","56.12535612535612535612535612535612535613","-.5571","-4.8786","-2.4672","-.7965","-1.9027","15.118","Energy - Broad","Energy ETFs"
"FT Energy Inc.ome Partners Strategy ETF","EIPX","552.64","71.80406212664277180406212664277180406213","-.5999","-4.6348","-2.2551",".8519","-1.542","23.1685","Energy - Broad","Energy ETFs"
"iShares MSCI Israel ETF","EIS","879.79","59.18111027380055262496860085405676965587",".0742","-1.4686","-4.2196","1.53","7.3068","25.714","Geographic - Israel","Africa-Middle East Equity ETFs"
"Innovator Emerging Markets Pow","EJUL","214.75","84.17814239671842953413419279226486961617",".1754","-.0159","-1.6904",".5604","6.6746","8.6866","Derivative Based ETF","Defined Outcome"
"Eventide High Dividend ETF","ELCV","293.8","63.43178621659634317862165963431786216596",".0121","-2.545","-1.2973","-5.7652","7.1415","16.8972","Style Box - Large Cap Value","Style Box - Large Cap Value"
"Elm Market Navigator ETF","ELM","594.24","83.43558282208588957055214723926380368098","-.1533","-1.6448","-1.4464",".6527","9.6967","7.4835","Multi-Asset - Total Portfolio","Total Portfolio ETFs"
"Xtrackers MSCI Emerging Markets Select ETF","EMCS","1118.4","87.83568284748357466351980608534796198252",".58","3.2238","-2.3094","2.3102","31.1976","39.1284","Strategy - Socially Responsible","Broad Emerging Market ETFs"
"Nomura Focused Emerging Markets Equity ETF","EMEQ","637.29","72.12968610707080185802092619527987613194",".7976","2.8275","-3.4354","-7.0044","49.7772","86.9361","Geographic - Broad Emerging Markets","Broad Emerging Market ETFs"
"iShares Emerging Markets Equity Factor ETF","EMGF","1948.35","80.29231494578029231494578029231494578029",".2851",".0833","-2.5412",".0416","24.0387","30.5562","Geographic - Broad Emerging Markets","Broad Emerging Market ETFs"
"iShares J.P. Morgan EM High Yield Bond ETF","EMHY","597.73",".495049504950495049504950495049504950495",".0257","-2.7827","-2.0619","-2.6362","3.3617","4.5191","Corporates - Junk/High Yield","Emerging Market Bond ETFs"
"First Trust North American Energy Infrastructure Fund","EMLP","3950.4","52.2788203753351206434316353887399463807","-.0968","-5.3621","-2.4782","-5.0598","-4.4348","11.1836","Energy - MLP","MLP ETFs"
"PIMCO Enhanced Short Maturity Active ESG ETF","EMNT","240.7","19.81707317073170731707317073170731707317","-.0172","-.1161","-.1569",".6924","1.7613","3.6726","Ultra short Bond ETF","Ultra short Bond ETF"
"AB Emerging Markets Opportunities ETF","EMOP","2132.69","84.12295186079004191540708751428934332529",".2335","1.4576","-1.9604","-.406","21.3142","32.792","Geographic - Broad Emerging Markets","Broad Emerging Market ETFs"
"EMQQ The Emerging Markets Internet ETF","EMQQ","232.8","4.13669064748201438848920863309352517986","-.6765","-9.19","-4.875","-.2104","-3.5658","-33.8838","Geographic - Broad Emerging Markets","Broad Emerging Market ETFs"
"iShares MSCI Emerging Markets ex China ETF","EMXC","25540.85","84.42415017757483510908168442415017757484",".6217","2.2415","-2.0976","-.1095","31.9106","51.8767","Geographic - Broad Emerging Markets","Broad Emerging Market ETFs"
"Alerian Energy Infrastructure ETF","ENFR","528.93","65.74637342068320074871314927468413664015","-1.3376","-7.033","-3.506","-2.979","-3.6049","18.6666","Energy - MLP","MLP ETFs"
"iShares MSCI Norway ETF","ENOR","222.83","76.03524229074889867841409691629955947137","-1.5582","-2.9888","-2.6953","12.496","5.7862","29.2324","Geographic - Norway","European Equity ETFs"
"WisdomTree India Earnings ETF","EPI","1855.01","17.50339213025780189959294436906377204885","-.3899","-4.886","-2.5971","-4.1051","2.6878","-7.4904","Geographic - India","Asia-Pacific (Emerging) ETFs"
"iShares MSCI Poland ETF","EPOL","839.61","88.84120171673819742489270386266094420601","-1.03","1.6559","-3.0064","14.8649","28.6929","42.2343","Geographic - Poland","European Equity ETFs"
"iShares MSCI Pacific ex Japan ETF","EPP","2231.1","65.06777893639207507820646506777893639208","-.5405","-4.3659","-2.1103","3.6425","7.8632","10.772","Geographic - Asia Developed","Asia-Pacific (Developed) ETFs"
"WisdomTree U.S. LargeCap ETF","EPS","1656.54","89.35214881334188582424631173829377806286","-.0873","-.7594","-1.1864","3.8034","21.5503","17.9008","Style Box - Large Cap Value","Style Box - Large Cap Value"
"iShares MSCI Peru and Global Exposure ETF","EPU","550.06","84.83225260783760924725119819565830279109",".1677","-2.9361","-3.7495","8.6466","18.6903","50.1483","Geographic - Peru","Latin American Equity ETFs"
"Invesco Russell 1000 Equal Weight ETF","EQAL","797.3","64.4274045674279046507751291881980330055","-.1041","-5.5944","-2.2324","-2.5249","7.2497","12.9769","Style Box - Large Cap Blend","Style Box - Large Cap Blend"
"Columbia U.S. Equity Income ETF","EQIN","305.16","65.47161758429364063166880068288518992744","-.495","-4.6003","-1.528",".2328","7.3603","12.4152","Style Box - All Cap Value","Style Box - All Cap Value"
"ALPS Equal Sector Weight ETF","EQL","742.37","71.66882276843467011642949547218628719276","-.0397","-3.0552","-1.6578","-.1012","8.143","11.1497","Style Box - Large Cap Blend","Style Box - Large Cap Blend"
"Kovitz Core Equity ETF","EQTY","1418.37","83.27900287631831255992329817833173537872",".1134","-2.9052","-.3522","5.0425","17.5121","13.7066","Style Box - All Cap Blend","Style Box - All Cap Blend"
"Invesco S&P 100 Equal Weight ETF","EQWL","2800.64","74.91258741258741258741258741258741258741","-.1","-3.4337","-1.1723",".8789","16.1153","15.2226","Style Box - Large Cap Blend","Style Box - Large Cap Blend"
"Direxion Daily Energy Bull 2X ETF","ERX","236.54","77.52632406097752632406097752632406097753","-1.7019","-3.0319","-.4774","30.4361","-6.2242","76.8956","Derivative Based ETF","Leveraged Equity ETFs"
"iShares ESG Aware MSCI EAFE ETF","ESGD","11995.72","76.73611111111111111111111111111111111111","-.4414","-2.7189","-1.8911","1.249","14.2796","15.6987","Strategy - Socially Responsible","Broad Developed World ETFs"
"iShares ESG Aware MSCI EM ETF","ESGE","6954.54","84.73648186173853524982888432580424366872",".202","1.0368","-2.6926","1.2243","24.3435","28.8254","Strategy - Socially Responsible","Broad Emerging Market ETFs"
"iShares ESG Aware MSCI USA ETF","ESGU","17984.98","89.75521305530371713508612873980054397099","-.1733","-.7401","-1.2646","3.0339","21.7546","16.151","Strategy - Socially Responsible","Style Box - All Cap Growth"
"Vanguard ESG U.S. Stock ETF Shares","ESGV","13502.66","92.7446954140999315537303216974674880219","-.1692","-.395","-1.3738","3.6512","25.0848","15.9615","Strategy - Socially Responsible","Style Box - All Cap Blend"
"iShares ESG Aware MSCI USA Small-Cap ETF","ESML","2757.82","68.198395331874544128373450036469730124","-.2861","-4.74","-2.1157","-5.4103","14.0427","17.3511","Strategy - Socially Responsible","Style Box - Small Cap Blend"
"Essential 40 Stock ETF","ESN","345.21","88.84099616858237547892720306513409961686","-.167","-1.5211","-1.7543","2.6562","18.0546","19.5121","Style Box - Large Cap Blend","Style Box - Large Cap Blend"
"VanEck Video Gaming and eSports ETF","ESPO","249.61","28.58383071079761258817145957677699403147","-.2281","-1.9992","-3.2855","7.1432","9.4947","-21.4804","Consumer Discretionary - Leisure and Entertainment","Consumer Discretionary ETFs"
"Grayscale Ethereum Staking Mini ETF","ETH","2247.68","36.62966700302724520686175580221997981837",".6267","10.4471","-2.2078","66.386","36.2865","-34.9785","Digital Economy ETF","Digital Economy ETF"
"iShares Ethereum Trust ETF","ETHA","9762.27","35.50935550935550935550935550935550935551",".6452","10.3974","-2.3121","65.6863","35.1099","-36.0656","Digital Economy ETF","Digital Economy ETF"
"iShares Staked Ethereum Trust ETF","ETHB","758.18","93.95109395109395109395109395109395109395",".6686","10.4273","-2.2028","65.6938","35.1151","0","Digital Economy ETF","Digital Economy ETF"
"Grayscale Ethereum Staking ETF","ETHE","2030.39","34.28354237932345115925503610794374762448",".6521","10.1427","-2.2614","64.5849","33.56","-37.4167","Digital Economy ETF","Digital Economy ETF"
"ProShares Ultra Ether ETF","ETHT","293.86","11.31359851988899167437557816836262719704","1.1905","18.0369","-5.1431","146.3059","44.9535","-78.5018","Digital Economy ETF","Digital Economy ETF"
"2x Ether ETF","ETHU","1358.35","12.38443759630200308166409861325115562404","1.1643","18.2348","-5.2648","151.8336","50.9003","-76.8561","Digital Economy ETF","Digital Economy ETF"
"Bitwise Ethereum ETF","ETHW","284.31","35.6043956043956043956043956043956043956",".6276","10.5112","-2.2854","65.7192","35.0175","-36.016","Digital Economy ETF","Digital Economy ETF"
"Select STOXX Europe Aerospace & Defense ETF","EUAD","1058.4","42.85714285714285714285714285714285714286","-.4012","-6.8227","-1.8605","1.5644","7.9008","-9.1496","Industrials  - Aerospace & Defense","Industrials ETFs"
"iShares MSCI Europe Financials ETF","EUFN","4054.36","74.75247524752475247524752475247524752475","-.8078","-4.2759","-1.6266","4.6217","25.246","23.4557","Financials-Broad","Financials ETFs"
"iShares Euro High Yield Corporate Bond USD Hedged ETF","EUHY","250.42","9.24038145346925353502137454784610325551",".1629","-1.7473","-1.0678","-1.544","3.0195","0","Corporates - Junk/High Yield","High-Yield/Junk Bond ETFs"
"iShares MSCI USA Equal Weighted ETF","EUSA","1884.96","64.09101682863237734060203839772457928419","-.098","-4.5291","-1.753","-1.4337","13.0269","10.477","Style Box - All Cap Blend","Style Box - All Cap Blend"
"Corgi Lithography & Semiconductor Photonics ETF","EUV","438.63","40.70796460176991150442477876106194690265","2.8478","7.8498","1.9766","-16.5677","0","0","Technology  - Semiconductors","Technology ETFs"
"Eaton Vance Floating-Rate ETF","EVLN","1539.55","34.74415666456096020214782059380922299431",".0205","-.0318","-.4901","1.5138","4.0672","4.1148","Corporates - Floating Rate","Investment Grade Corporate Bond ETFs"
"Eaton Vance Ultra-Short Income ETF","EVSB","294.81","18.60465116279069767441860465116279069767","-.0393",".0785","-.0393",".7164","1.9943","3.874","Ultra short Bond ETF","Ultra short Bond ETF"
"Eaton Vance Short Duration Income ETF","EVSD","1533.93","1.7341040462427745664739884393063583815",".06","-1.2217","-.6676","-1.0427",".4022","1.5006","Short-Term Bond ETF","Short-Term Bond ETF"
"iShares ESG Aware MSCI USA Value ETF","EVUS","379.34","84.29394812680115273775216138328530259366","-.1234","-1.9832","-1.1398","4.0222","17.652","17.7701","Strategy - Socially Responsible","Style Box - All Cap Value"
"iShares MSCI Australia ETF","EWA","1219.8","62.40875912408759124087591240875912408759","-.4561","-5.4333","-2.4751",".9249","5.751","8.2968","Geographic - Australia","Asia-Pacific (Developed) ETFs"
"iShares MSCI Canada ETF","EWC","7106.12","71.2848297213622291021671826625386996904","-.237","-4.5359","-3.0118","2.5048","10.3962","18.2727","Geographic - Canada","Canadian Equity ETFs"
"iShares MSCI Sweden ETF","EWD","959.13","55.99571734475374732334047109207708779443","-.6673","-5.7191","-3.0274","1.9952","10.5035","10.981","Geographic - Sweden","European Equity ETFs"
"iShares MSCI Germany ETF","EWG","1516.68","58.67895545314900153609831029185867895545","-.5459","-6.0327","-1.7585","2.3699","12.2153","3.4413","Geographic - Germany","European Equity ETFs"
"iShares MSCI Hong Kong ETF","EWH","1158.04","40.10282776349614395886889460154241645244","-.8478","-3.1386","-2.7145","5.458",".8495","8.1656","Geographic - Hong Kong","Asia-Pacific (Developed) ETFs"
"iShares MSCI Italy ETF","EWI","1134.76","71.08895705521472392638036809815950920245","-.7662","-4.2584","-1.9259","1.1373","18.8915","19.3314","Geographic - Italy","European Equity ETFs"
"iShares MSCI Japan ETF","EWJ","23224.68","88.8834476003917727717923604309500489716","-.3305",".6676","-2.298","3.5404","19.1342","24.298","Geographic - Japan","Asia-Pacific (Developed) ETFs"
"iShares MSCI Japan Value ETF","EWJV","793.65","83.67088607594936708860759493670886075949","-1.3021",".852","-2.6418","8.9458","18.0714","28.375","Geographic - Japan","Asia-Pacific (Developed) ETFs"
"iShares MSCI Belgium ETF","EWK","239.92","62.7677806341045415595544130248500428449","-1.4318","-5.6957","-2.7148","-3.147","12.9006","15.9819","Geographic - Belgium","European Equity ETFs"
"iShares MSCI Switzerland ETF","EWL","2718.9","49.00199600798403193612774451097804391218","-.7448","-5.2756","-1.9778","-5.1858","7.1612","11.8938","Geographic - Switzerland","European Equity ETFs"
"iShares MSCI Malaysia ETF","EWM","290.54","37.72102161100196463654223968565815324165","-1.5179","-3.914","-2.6786",".8139","-2.1392","9.5705","Geographic - Malaysia","Asia-Pacific (Emerging) ETFs"
"iShares MSCI Netherlands ETF","EWN","711.65","81.32678132678132678132678132678132678133",".6902",".0876","-.0146","-.7383","23.8978","23.8207","Geographic - Netherlands","European Equity ETFs"
"iShares MSCI Spain ETF","EWP","2410.44","78.65771812080536912751677852348993288591","-.973","-3.6889","-2.437","1.3844","17.3484","26.1541","Geographic - Spain","European Equity ETFs"
"iShares MSCI France ETF","EWQ","350.24","23.83808095952023988005997001499250374813","-1.1649","-6.342","-2.2147","-4.2063","5.9406","1.8397","Geographic - France","European Equity ETFs"
"iShares MSCI Singapore ETF","EWS","1416.23","85.49618320610687022900763358778625954198","-.3874","-1.4736","-.4763","12.0684","23.0832","22.3552","Geographic - Singapore","Asia-Pacific (Developed) ETFs"
"iShares MSCI Taiwan ETF","EWT","12467.36","97.24869627764790505304801294731163459809","-.0526","5.7553","-.8687","7.8646","64.2107","85.3617","Geographic - Taiwan","Asia-Pacific (Developed) ETFs"
"iShares MSCI United Kingdom ETF","EWU","3734.33","68.4472049689440993788819875776397515528","-.8885","-3.5015","-1.7202","1.5168","7.6978","16.1311","Geographic - UK","European Equity ETFs"
"iShares MSCI Mexico ETF","EWW","1548.72","45.48693586698337292161520190023752969121","-.4422","-5.7924","-3.2366","-5.3468","1.4947","10.458","Geographic - Mexico","Latin American Equity ETFs"
"State Street SPDR S&P Emerging Markets Small Cap ETF","EWX","662.29","56.88775510204081632653061224489795918367",".2471","-2.8932","-2.1036","-2.5286","10.8804","9.5332","Geographic - Broad Emerging Markets","Broad Emerging Market ETFs"
"iShares MSCI South Korea ETF","EWY","26325.37","76.81975736568457538994800693240901213172","1.9174","3.8291","-2.8657","-5.2658","54.6537","135.7142","Geographic - South Korea","Asia-Pacific (Developed) ETFs"
"iShares MSCI Brazil ETF","EWZ","8422.45","59.3508500772797527047913446676970633694",".718","2.5879","-4.6785","5.5572",".466","22.7488","Geographic - Brazil","Latin American Equity ETFs"
"iShares MSCI Brazil Small-Cap ETF","EWZS","234.55","25.67567567567567567567567567567567567568",".7256","2.7866","-5.0735","-.8449","-5.7192","-3.3921","Geographic - Brazil","Latin American Equity ETFs"
"iShares Global Industrials ETF","EXI","1454.34","62.40793407715306643331145628235980456501",".0052","-4.1569","-1.732","-3.2996","8.7902","12.5007","Industrials  - Broad","Industrials ETFs"
"Cambria Emerging Shareholder Yield ETF","EYLD","928.23","85.18518518518518518518518518518518518519","-.3733","-.7631","-1.6783","6.8621","20.3969","35.5013","Geographic - Broad Emerging Markets","Broad Emerging Market ETFs"
"iShares MSCI South Africa ETF","EZA","483.52","20.87860179499291450165328294756731223429",".5894","-8.3003","-6.2184","2.2548","3.1983","10.2109","Geographic - South Africa","Africa-Middle East Equity ETFs"
"Franklin Bitcoin ETF","EZBC","493.85","37.10675605982465188241361526560082516761",".2491","7.8366","-3.051","38.4748","26.6055","-27.0723","Cryptocurrency ETFs","Cryptocurrency ETFs"
"WisdomTree U.S. MidCap ETF","EZM","899.39","61.71079429735234215885947046843177189409","-.0692","-4.8289","-1.8169","-4.08","10.0758","10.9678","Style Box - Mid Cap Value","Style Box - Mid Cap Value"
"iShares MSCI Eurozone ETF","EZU","9613.36","68.42989084802686817800167926112510495382","-.4232","-3.6844","-1.3447","-.5394","15.2878","13.8995","Geographic - Broad Europe","European Equity ETFs"
"First Trust Alternative Absolute Return Strategy ETF","FAAR","228.3","69.53642384105960264900662251655629139073",".3445","4.7571","-.3925","1.7461","-3.8231","15.0866","Basket - Broad","Broad Commodity ETFs"
"First Trust Multi Cap Growth AlphaDEX ETF","FAD","599.41","63.53155708641475027859386080437645628609",".1817","-1.7973","-1.4074","-7.7344","17.2296","13.531","Style Box - All Cap Growth","Style Box - All Cap Growth"
"FT Vest U.S. Equity Buffer ETF - April","FAPR","1332.4","94.44560016642396505096733929685874765966","-.1357",".1151","-.5552","2.863","7.7755","10.0829","Derivative Based ETF","Defined Outcome"
"Direxion Daily Financial Bull 3X ETF","FAS","1950.3","48.11704834605597964376590330788804071247","-.9986","-19.7014","-3.7838","-.9386","36.4668","-11.189","Derivative Based ETF","Leveraged Equity ETFs"
"FT Vest U.S. Equity Buffer ETF - August","FAUG","1419.21","94.58161865569272976680384087791495198903","-.0433","-.0779","-.6796","2.5311","13.3975","11.5459","Derivative Based ETF","Defined Outcome"
"Fidelity Blue Chip Growth ETF","FBCG","7600.25","94.27178549664838513101767215112736136502",".0949","2.3944","-1.4635","3.3644","30.6565","18.3586","Style Box - All Cap Growth","Style Box - All Cap Growth"
"Fidelity Disruptive Automation ETF","FBOT","212.74","80.2044426970709652054255946530371535286",".1241","-2.3877","-1.045",".0077","20.1699","19.5664","Artificial Intelligence and Robotics ETF","Artificial Intelligence and Robotics ETF"
"First Trust NYSE Arca Biotechnology ETF","FBT","2993.29","98.54644808743169398907103825136612021858","-.2853","2.109","-.4347","10.0755","43.2897","54.1507","Healthcare - Biotech","Health Care ETFs"
"Fidelity Wise Origin Bitcoin Fund","FBTC","15474.53","37.09539304675458126391505394759376605583",".2482","7.8144","-3.0663","38.4425","26.5182","-27.1516","Cryptocurrency ETFs","Cryptocurrency ETFs"
"First Trust Natural Gas ETF","FCG","652.78","61.26042632066728452270620945319740500463","-1.3472","-6.5835","-2.0987","8.1776","-11.7092","23.4415","Energy - natural gas","Energy ETFs"
"Fidelity MSCI Communication Services Index ETF","FCOM","1833.96","65.51059730250481695568400770712909441233",".431","1.721","-1.968","3.7024","10.9277","2.1721","Communication Services - Broad","Communication Services ETFs"
"Fidelity Stocks for Inflation ETF","FCPI","285.96","85.31914893617021276595744680851063829787","-.1783","-1.1346","-1.496","3.2398","16.7379","13.3615","Style Box - All Cap Blend","Style Box - All Cap Blend"
"SMI 3Fourteen Full-Cycle Trend ETF","FCTE","239.4","77.96432318992654774396642182581322140609","-.1747",".4273",".0618",".7153","20.5842","9.9786","Style Box - Large Cap Blend","Style Box - Large Cap Blend"
"First Trust STOXX European Select Dividend ETF","FDD","919.48","74.8987854251012145748987854251012145749","-1.3178","-3.6229","-2.2863","6.238","18.6873","27.8126","Geographic - Broad Europe","European Equity ETFs"
"FT Vest U.S. Equity Buffer ETF - December","FDEC","1324.62","96.91635786130227633668607728957120169402",".0929",".3602","-.4143","3.2561","14.4299","13.9317","Derivative Based ETF","Defined Outcome"
"Fidelity Emerging Markets Multifactor ETF","FDEM","594.47","72.63513513513513513513513513513513513514","-.0307",".3996","-2.2125",".5531","18.8532","23.0936","Geographic - Broad Emerging Markets","Broad Emerging Market ETFs"
"Fidelity International Multifactor ETF","FDEV","278.08","62.51736111111111111111111111111111111111","-1.1178","-3.2491","-2.8176","3.0689","6.2968","13.6657","Foreign Large Blend ETF","Foreign Large Blend ETF"
"American Century Focused Dynamic Growth ETF","FDG","438.92","79.46275481044008382549056963231091636502",".6829",".7221","-1.2418","2.2549","22.2487","11.9341","Style Box - All Cap Growth","Style Box - All Cap Growth"
"Fidelity Crypto Industry and Digital Payments ETF","FDIG","260.02","43.2438261619756281677989863043243826162","-.7522","-.777","-8.5262","-1.5781","35.34","-10.7404","Cryptocurrency ETFs","Cryptocurrency ETFs"
"Fidelity MSCI Consumer Discretionary Index ETF","FDIS","1575.34","27.71156138259833134684147794994040524434",".0527","-6.9792","-3.0232","-7.3596","5.5351","-7.6281","Consumer Discretionary - Broad","Consumer Discretionary ETFs"
"First Trust Morningstar Dividend Leaders ETF","FDL","7617.84","64.25379803395889186773905272564789991063","-.4027","-5.9934","-1.4516","1.2437",".173","19.3348","Style Box - Large Cap Value","Style Box - Large Cap Value"
"Fidelity Low Volatility Factor ETF","FDLO","1390.59","71.75196850393700787401574803149606299213","-.2523","-2.87","-1.2971","4.1085","12.2653","9.4479","Style Box - Large Cap Blend","Style Box - Large Cap Blend"
"Inspire Fidelis Multi Factor ETF","FDLS","246.63","76.10335722368917389664277631082610335722","-.041","-2.7237","-1.4067","-1.2659","14.7841","19.6361","Strategy - Socially Responsible","Style Box - All Cap Blend"
"First Trust Dow Jones Select MicroCap ETF","FDM","261.67","66.92193150393533290789193788555626462455","-.7171","-4.4771","-2.1806","-4.8528","9.16","17.9695","Style Box - Small Cap Blend","Style Box - Small Cap Blend"
"Fidelity Momentum Factor ETF","FDMO","907.34","85.41569902461681374825824431026474686484","-.0838","1.8821","-1.2214","-1.9528","22.9404","15.8354","Style Box - Large Cap Blend","Style Box - Large Cap Blend"
"First Trust Dow Jones Internet ETF","FDN","5202.11","86.96819787985865724381625441696113074205",".6297","-2.3029","-1.98","8.8806","26.8322","1.4139","Technology  - Internet","Technology ETFs"
"Fidelity Dividend ETF for Rising Rates","FDRR","755.15","83.94495412844036697247706422018348623853","-.4661","-1.4006","-1.641","5.7907","20.3958","19.4266","Style Box - All Cap Value","Style Box - All Cap Value"
"First Trust Developed Markets ex-US AlphaDEX ETF","FDT","1355.92","73.87011847301448003510311540149188240456","-.4849","-1.9773","-3.2561",".1096","12.3982","28.9294","Foreign Large Value ETF","Foreign Large Value ETF"
"Fidelity Disruptive Technology ETF","FDTX","309.56","99.90787655458314140948871487793643482266",".7002","7.759",".2215","3.8289","64.3989","44.9051","Technology  - broad","Technology ETFs"
"Federated Hermes U.S. Strategic Dividend ETF","FDV","910.05","61.62601626016260162601626016260162601626","-.3457","-5.4257","-2.3406",".2868","5.2964","14.4302","Style Box - Large Cap Value","Style Box - Large Cap Value"
"Fidelity High Dividend ETF","FDVV","10271.1","69.03163950143815915627996164908916586769","-.3588","-2.7808","-1.8789","1.8595","14.9926","13.1172","Style Box - All Cap Value","Style Box - All Cap Value"
"First Eagle Global Equity ETF","FEGE","2505.41","71.51454363089267803410230692076228686058","-.4328","-5.0113","-2.448","3.0964","10.4298","16.0704","Global Large-Cap Blend Equity ETF","Global Large-Cap Blend Equity ETF"
"Fidelity Enhanced Large Cap Core ETF","FELC","8637.86","90.85841694537346711259754738015607580825","-.1381","-.6717","-1.2067","4.5347","23.1637","17.7368","Style Box - Large Cap Blend","Style Box - Large Cap Blend"
"Fidelity Enhanced Large Cap Growth ETF","FELG","5772.19","95.5461293743372216330858960763520678685",".0666","2.3752","-.9229","4.5575","24.4093","10.4908","Style Box - Large Cap Growth","Style Box - Large Cap Growth"
"Fidelity Enhanced Large Cap Value ETF","FELV","3417.76","84.03441682600382409177820267686424474187","-.3839","-3.0821","-1.3073","4.0844","22.0642","25.745","Style Box - Large Cap Value","Style Box - Large Cap Value"
"First Trust Emerging Markets AlphaDEX ETF","FEM","802.35","79.52507262852090438297334849058986990021","-.3035","-1.5912","-2.4426","2.6387","11.9079","22.2415","Geographic - Broad Emerging Markets","Broad Emerging Market ETFs"
"First Trust Emerging Markets Local Currency Bond ETF","FEMB","375.37","3.83141762452107279693486590038314176245",".353","-2.7844","-2.33","-1.1259","3.0594","3.4959","International - Emerging Market","Emerging Market Bond ETFs"
"First Trust Emerging Markets Small Cap AlphaDEX ETF","FEMS","216.63","38.58805668016194331983805668016194331984",".5429","-5.1526","-1.734","-1.3666","2.1046","5.2248","Geographic - Broad Emerging Markets","Broad Emerging Market ETFs"
"Fidelity Enhanced International ETF","FENI","11469.85","76.18421052631578947368421052631578947368","-.3967","-2.5344","-1.5924","1.0511","13.0402","17.9117","Geographic - EAFE","Broad Developed World ETFs"
"Fidelity MSCI Energy Index ETF","FENY","2073.13","79.62674961119751166407465007776049766719","-.9354","-1.8284","-.6158","14.5665","-1.3941","38.8191","Energy - Broad","Energy ETFs"
"First Eagle Overseas Equity ETF","FEOE","1927.5","74.77954144620811287477954144620811287478","-.2949","-3.8913","-2.2941","1.1595","10.1854","17.8277","Foreign Large Blend ETF","Foreign Large Blend ETF"
"First Trust Europe AlphaDEX ETF","FEP","519.39","65.0382729852928528425217166939021243657","-1.4209","-5.2097","-3.3442",".6605","10.9785","15.1508","Geographic - Broad Europe","European Equity ETFs"
"REX FANG & Innovation Equity Premium Income ETF","FEPI","721.01","42.73356401384083044982698961937716262976",".3038","3.9106","-.895","7.5237","22.9075","13.7133","Derivative Based ETF","Active Non-Transparent ETFs"
"Fidelity Enhanced Small Cap Core ETF","FESM","6364.45","72.59684361549497847919655667144906743185","-.2435","-4.7173","-2.086","-5.6331","21.2912","24.8709","Style Box - Small Cap Blend","Style Box - Small Cap Blend"
"Fidelity Ethereum Fund","FETH","1441.6","35.51593562638056169138529504575575891448",".6013","10.3462","-2.2993","65.4512","34.9294","-36.064","Digital Economy ETF","Digital Economy ETF"
"First Trust Large Cap Core AlphaDEX ETF","FEX","1539.45","70.2349869451697127937336814621409921671",".0255","-3.429","-1.2022","-3.8663","11.4235","15.4937","Style Box - Large Cap Blend","Style Box - Large Cap Blend"
"State Street SPDR EURO STOXX 50 ETF","FEZ","4334.22","68.29268292682926829268292682926829268293","-.3943","-4.2727","-1.2024",".6053","16.0914","13.4242","Geographic - Broad Europe","European Equity ETFs"
"FT Vest U.S. Equity Buffer ETF - February","FFEB","1368.03","96.59361600762267746545974273463554073368","-.0479",".2001","-.3979","3.0225","14.093","13.8667","Derivative Based ETF","Defined Outcome"
"Fidelity Fundamental Large Cap Core ETF","FFLC","1210.13","85.67019400352733686067019400352733686067","-.0759","-1.0495","-1.4875","1.4691","19.3783","15.4086","Style Box - Large Cap Blend","Style Box - Large Cap Blend"
"Fidelity Fundamental Large Cap Growth ETF","FFLG","636.92","87.28784205057152753723588500173190162799",".0881","3.1458","-1.36",".1763","26.7918","16.1491","Style Box - Large Cap Growth","Style Box - Large Cap Growth"
"Franklin Focused Dynamic Growth ETF","FFOG","374.11","96.95454545454545454545454545454545454545",".5774","5.0599","-.7685","3.6502","30.7836","9.4644","Style Box - Large Cap Growth","Style Box - Large Cap Growth"
"FundX Future Fund Opportunities ETF","FFOX","231.15","49.16299559471365638766519823788546255507","-.1762","-3.8096","-1.1859","-4.901","9.34","4.7779","Geographic - Global Total Market","World ETFs"
"Fidelity Fundamental Small-Mid Cap ETF","FFSM","1478.26","57.25490196078431372549019607843137254902","-.205","-6.8096","-1.985","-9.6478","8.5627","17.7304","Style Box - All Cap Blend","Style Box - All Cap Blend"
"Fidelity Managed Futures ETF","FFUT","384.68","98.09985096870342771982116244411326378539",".2071","6.5077","1.1848","13.8538","13.557","25.794","Derivative Based ETF","Hedge Fund ETFs"
"First Trust Dow Jones Global Select Dividend ETF","FGD","1576.5","66.53617881045586563960095971713600202046","-.8321","-4.545","-2.2684","5.6886","10.9239","22.8659","Foreign Large Value ETF","Foreign Large Value ETF"
"Franklin Responsibly Sourced Gold ETF","FGDL","425.45","19.45880058508044856167723061921014139444","1.2296","-6.454","-4.3858","4.085","-7.4125","8.4524","Precious Metals - Gold","Precious Metals ETFs"
"Fidelity Hedged Equity ETF","FHEQ","988.29","83.13274336283185840707964601769911504425","-.335","-1.3939","-1.1991","2.7586","15.9821","10.6512","Hedge Fund - Broad","Hedge Fund ETFs"
"Fidelity MSCI Health Care Index ETF","FHLC","3490.93","84.94117647058823529411764705882352941176","-.3497","-.1398",".1576","6.0983","21.3293","27.8435","Healthcare - Broad","Health Care ETFs"
"Fidelity International High Dividend ETF","FIDI","387.57","68.81324747010119595216191352345906163753","-1.1311","-3.3151","-2.2848","3.1423","6.6801","19.8629","Foreign Large Value ETF","Foreign Large Value ETF"
"Fidelity MSCI Industrials Index ETF","FIDU","2192.75","52.85848172446110590440487347703842549203",".0559","-4.2898","-1.0388","-8.5978","5.6606","11.3441","Industrials  - Broad","Industrials ETFs"
"Fidelity MSCI North American Subset Index ETF","FINA","2145.36","70.42848521424260712130356065178032589016","-.1053","-.6431","-1.3105","0","0","0","Style Box - All Cap Blend","Style Box - All Cap Blend"
"Fidelity International Value Factor ETF","FIVA","624.02","77.15039577836411609498680738786279683377","-.7269","-3.3308","-2.7961",".3756","15.4157","26.0288","Foreign Large Value ETF","Foreign Large Value ETF"
"First Trust Water ETF","FIW","1725.6","29.98454404945904173106646058732612055641","-.3718","-5.2261","-1.3133","-3.4074","3.7238","-5.2345","Industrials  - Water","Industrials ETFs"
"FT Vest U.S. Equity Buffer ETF - January","FJAN","1483.86","95.95758780649436713055003313452617627568","-.1764",".2036","-.5361","3.0033","14.3232","13.0556","Derivative Based ETF","Defined Outcome"
"First Trust Japan AlphaDEX ETF","FJP","268.43","73.47313237221494102228047182175622542595","-1.1593",".8048","-3.0079",".5886","9.1241","19.8802","Geographic - Japan","Asia-Pacific (Developed) ETFs"
"FT Vest U.S. Equity Buffer ETF - July","FJUL","1392.87","94.98369701529972410333584148482568347128","-.1304","-.0326","-.6388","3.0956","13.9033","12.255","Derivative Based ETF","Defined Outcome"
"FT Vest U.S. Equity Buffer ETF - June","FJUN","1422.65","93.76598465473145780051150895140664961637","-.0408","-.0082","-.6329","2.4684","10.0982","9.6919","Derivative Based ETF","Defined Outcome"
"Franklin FTSE Australia ETF","FLAU","202.84","62.42575804939043451078462019381056580181","-.2933","-5.2147","-2.4257","1.1667","6.6427","8.9252","Geographic - Australia","Asia-Pacific (Developed) ETFs"
"Franklin Senior Loan ETF","FLBL","868.27","30.23255813953488372093023255813953488372",".1741","-.1809","-.1735","2.2982","4.2737","2.8666","Corporates - Bank Loan","High-Yield/Junk Bond ETFs"
"Franklin FTSE Brazil ETF","FLBR","619.34","61.72248803827751196172248803827751196172",".3953","3.9563","-4.2313","6.1281","1.5876","26.5479","Geographic - Brazil","Latin American Equity ETFs"
"Franklin FTSE Canada ETF","FLCA","814.83","71.07583774250440917107583774250440917108","-.1896","-4.5166","-3.0214","2.5921","10.8066","18.289","Geographic - Canada","Canadian Equity ETFs"
"Federated Hermes MDT Large Cap Growth ETF","FLCG","648.1","94.28172942817294281729428172942817294282","-.1404","1.4261","-1.1398","7.9702","23.0024","9.3964","Style Box - Large Cap Growth","Style Box - Large Cap Growth"
"Franklin FTSE China ETF","FLCH","303.1","5.38336052202283849918433931484502446982","-.7707","-5.9361","-3.8506","1.2832","-5.6322","-18.109","Geographic - China","Asia-Pacific (Emerging) ETFs"
"Franklin FTSE United Kingdom ETF","FLGB","865.52","67.49841068022886204704386522568340750159","-.9093","-3.8348","-1.6949","1.7544","8.1202","15.4984","Geographic - UK","European Equity ETFs"
"Franklin International Aggregate Bond ETF","FLIA","426.68","1.2738853503184713375796178343949044586",".05","-1.269","-.6953","-1.9858",".04",".4521","International - Broad Treasury","Developed Market Bond ETFs"
"Franklin FTSE India ETF","FLIN","2523.37","18.83468834688346883468834688346883468835","-.148","-5.4917","-2.9353","-4.7175","3.3078","-9.2116","Geographic - India","Asia-Pacific (Emerging) ETFs"
"Franklin FTSE Japan Hedged ETF","FLJH","229.8","87.10694578260488744854164841902426206534","-.5048","-1.2567","-2.2864",".6737","17.5316","33.1436","Geographic - Japan","Asia-Pacific (Developed) ETFs"
"Franklin FTSE Japan ETF","FLJP","4127.24","88.2566585956416464891041162227602905569","-.4613",".3918","-2.3112","3.1706","17.8944","23.0923","Geographic - Japan","Asia-Pacific (Developed) ETFs"
"Franklin FTSE South Korea ETF","FLKR","1700.74","75.97431355181576616474756421612046058459","1.8073","3.1933","-2.6479","-4.5695","57.0326","132.7303","Geographic - South Korea","Asia-Pacific (Developed) ETFs"
"iShares Floating Rate Bond ETF","FLOT","11081.54","88.57142857142857142857142857142857142857",".0196",".2957",".0784","1.0007","2.6298","4.2329","Corporates - Floating Rate","Investment Grade Corporate Bond ETFs"
"Franklin U.S. Large Cap Multifactor Index ETF","FLQL","2179.71","90.98532494758909853249475890985324947589","-.2033",".2273","-.996","1.2522","19.7074","16.43","Style Box - Large Cap Blend","Style Box - Large Cap Blend"
"Franklin U.S. Mid Cap Multifactor Index ETF","FLQM","1435.07","47.55332496863237139272271016311166875784","-.4475","-5.3541","-1.8497","-.1421","8.0157","4.1686","Style Box - Mid Cap Blend","Style Box - Mid Cap Blend"
"Fidelity U.S. Multifactor ETF","FLRG","290.1","76.5966628308400460299194476409666283084","-.2606","-2.4285","-1.2801","1.6375","15.0138","9.3308","Style Box - All Cap Value","Style Box - All Cap Value"
"State Street SPDR Bloomberg Investment Grade Floating Rate ETF","FLRN","3078.92","85.71428571428571428571428571428571428571",".0324",".3217",".0974",".9483","2.4734","4.2494","Corporates - Floating Rate","Investment Grade Corporate Bond ETFs"
"Pacer Aristotle Pacific Floating Rate High Income ETF","FLRT","814.22","24.44444444444444444444444444444444444444","0",".1266","-.3007","1.3907","3.7418","4.7446","Corporates - Floating Rate","High-Yield/Junk Bond ETFs"
"Franklin Systematic Style Premia ETF","FLSP","1124.76","94.97487437185929648241206030150753768844","-.208","1.6422",".3487","4.0116","6.0037","11.4676","Hedge Fund - Broad","Hedge Fund ETFs"
"VanEck IG Floating Rate ETF","FLTR","3330.54","95.65217391304347826086956521739130434783",".0391",".3543",".0391","1.0871","2.7917","4.6109","Corporates - Floating Rate","Investment Grade Corporate Bond ETFs"
"Franklin FTSE Taiwan ETF","FLTW","4726.83","97.82888684452621895124195032198712051518","-.1449","6.6125","-.9253","7.2241","65.7131","92.0392","Geographic - Taiwan","Asia-Pacific (Developed) ETFs"
"Franklin Ultra Short Bond ETF","FLUD","593.57","25",".1203",".1615",".0401",".7193","2.0188","3.388","Ultra short Bond ETF","Ultra short Bond ETF"
"American Century Focused Large Cap Value ETF","FLV","373.14","68.97758196190229363742386937929247116755","-.6222","-4.7502","-1.6578","2.2536","10.2939","15.1999","Style Box - Large Cap Value","Style Box - Large Cap Value"
"Fidelity Magellan ETF","FMAG","245.96","85.38660185325839283001670970682059851132",".1686",".4213","-.6553",".2934","17.6364","3.3723","Style Box - All Cap Growth","Style Box - All Cap Growth"
"FT Vest U.S. Equity Buffer ETF - March","FMAR","1191.36","97.72283669486011711125569290826284970722","-.1584",".3371","-.2885","2.817","12.6103","15.6237","Derivative Based ETF","Defined Outcome"
"Fidelity MSCI Materials Index ETF","FMAT","576.81","54.00625864202023142420493413870897314606","-.6189","-7.5529","-3.1535","-3.2024",".6811","9.6769","Materials  - Broad","Materials ETFs"
"FT Vest U.S. Equity Buffer ETF - May","FMAY","1466.88","93.51776068096251432312980847929284661974","-.0766","-.1148","-.6333","2.7355","10.6457","10.092","Derivative Based ETF","Defined Outcome"
"Fidelity Enhanced Mid Cap Core ETF","FMDE","8091.72","71.72653534183082271147161066048667439166","-.0986","-3.5233","-1.2671",".3358","15.6401","13.0362","Style Box - Mid Cap Blend","Style Box - Mid Cap Blend"
"First Trust Managed Futures Strategy ETF","FMF","286.41","86.85897435897435897435897435897435897436","-.0499","3.7346","-.0736","5.1328","5.6372","12.494","Derivative Based ETF","Hedge Fund ETFs"
"MarketDesk Focused U.S. Momentum ETF","FMTM","276.08","68.14075130765572990965287684260580123633",".1697","-.8578",".4125","-9.1651","14.3268","30.9244","Style Box - All Cap Growth","Style Box - All Cap Growth"
"Fidelity MSCI Financials Index ETF","FNCL","2259.1","56.16883116883116883116883116883116883117","-.3384","-6.9466","-1.5934",".2869","13.642","1.487","Financials-Broad","Financials ETFs"
"Schwab Fundamental U.S. Small Company ETF","FNDA","8662.31","63.7254901960784313725490196078431372549","-.2268","-5.3766","-1.9625","-6.6026","11.2072","14.4249","Style Box - Small Cap Value","Style Box - Small Cap Value"
"Schwab Fundamental U.S. Broad Market ETF","FNDB","1461.22","83.11499272197962154294032023289665211063","-.2916","-2.4768","-1.3555","1.364","15.9585","21.479","Style Box - All Cap Value","Style Box - All Cap Value"
"Schwab Fundamental International Small Company Index ETF","FNDC","3108.62","79.67853042479908151549942594718714121699","-.6571","-2.8243","-2.4252","2.6754","11.534","16.2019","Foreign Small/Mid Value ETF","Foreign Small/Mid Value ETF"
"Schwab Fundamental Emerging Markets Equity ETF","FNDE","10303.3","85.90361445783132530120481927710843373494","-.2618","-.2143","-2.4214","5.8868","13.316","20.1093","Geographic - Broad Emerging Markets","Broad Emerging Market ETFs"
"Schwab Fundamental International Equity ETF","FNDF","25834.88","84.45558739255014326647564469914040114613","-.7516","-2.3273","-2.292","2.9278","14.8687","29.8947","Foreign Large Value ETF","Foreign Large Value ETF"
"Schwab Fundamental U.S. Large Company ETF","FNDX","27303.41","83.82559774964838255977496483825597749648","-.3465","-2.3082","-1.3677","2.0553","16.4266","22.1891","Style Box - Large Cap Value","Style Box - Large Cap Value"
"MicroSectors FANG+ Index -3X Inverse Leveraged ETNs","FNGD","373.05","1.54564482369988729673160521655127998712","-1.0052","-5.4894","4.0575","-35.0396","-70.154","-51.5354","Active Non-Transparent ETFs","Inverse Equity ETFs"
"MicroSectors FANG+ Index 2X Leveraged ETN","FNGO","784.96","93.79717834318099602074038345592668515616",".565","2.6301","-3.1554","26.8779","91.5414","25.3099","Active Non-Transparent ETFs","Leveraged Equity ETFs"
"MicroSectors FANG+ ETN","FNGS","621","94.55427079447967176426706452816113390526","-.6159","1.7811","-1.4904","13.9909","42.3949","17.356","Active Non-Transparent ETFs","Active Non-Transparent ETFs"
"MicroSectors FANG+ 3X Leveraged ETNs","FNGU","2735.2","92.59589652096342551293487957181088314005",".8774","2.6183","-4.5656","36.6482","139.6803","17.4728","Active Non-Transparent ETFs","Leveraged Equity ETFs"
"First Trust Mid Cap Value AlphaDEX ETF","FNK","215.77","58.57098813010636657931247109603823030677","-.5906","-7.2562","-2.4801","-2.8","6.6035","9.7499","Style Box - Mid Cap Value","Style Box - Mid Cap Value"
"FT Vest U.S. Equity Buffer ETF - November","FNOV","1260.11","96.98847440822902466228776800099144875449","-.088",".4491","-.4023","3.362","14.7415","14.0607","Derivative Based ETF","Defined Outcome"
"First Trust Mid Cap Core AlphaDEX ETF","FNX","1308.55","60.3446012471283229405973088283557597637","-.3206","-5.5588","-2.2125","-6.4829","8.4065","9.6964","Style Box - Mid Cap Blend","Style Box - Mid Cap Blend"
"First Trust Mid Cap Growth AlphaDEX ETF","FNY","564.48","53.92202547374961168064616340478409443927","-.0444","-3.898","-1.9465","-9.5836","11.8775","8.6277","Style Box - Mid Cap Growth","Style Box - Mid Cap Growth"
"FT Vest U.S. Equity Buffer ETF - October","FOCT","1207.9","98.02525523911875335840945728103170338528","-.0684",".6291","-.2509","4.2576","15.3401","14.0603","Derivative Based ETF","Defined Outcome"
"FPA Global Equity ETF","FPAG","635.97","76.64670658682634730538922155688622754491","-.3196","-3.7516","-1.6603","3.0014","17.865","16.6955","Global Large-Cap Value Equity ETF","Global Large-Cap Value Equity ETF"
"First Trust US Equity Opportunities ETF","FPX","1451.92","51.28340365682137834036568213783403656821",".1796","-1.1466","-2.3527","-11.4029","14.694","8.0874","Style Box - All Cap Growth","Style Box - All Cap Growth"
"First Trust International Equity Opportunities ETF","FPXI","279.39","36.57561625582944703530979347101932045303",".1292","-4.5603","-3.6837","-17.5648","13.7353","13.994","Foreign Large Growth ETF","Foreign Large Growth ETF"
"Fidelity Quality Factor ETF","FQAL","1433.66","86.36548913043478260869565217391304347826","-.4497","-1.3461","-1.1336","3.5354","18.5232","13.62","Style Box - Large Cap Blend","Style Box - Large Cap Blend"
"Freedom 100 Emerging Markets ETF","FRDM","3574.88","83.21981424148606811145510835913312693498",".6848","3.5909","-3.3283","-.3997","33.9443","63.712","Geographic - Broad Emerging Markets","Broad Emerging Market ETFs"
"Fidelity MSCI Real Estate Index ETF","FREL","1371.25","24.26383981154299175500588928150765606596","-.1092","-6.2547","-2.452","-7.1975","5.8138","2.6436","Real Estate   - Broad","Real Estate ETFs"
"Nomura Transformational Technologies ETF","FRWD","276.36","86.64538233919950163525930540414265690702",".7289","2.1267","-.9676","-.5949","47.8822","0","Technology  - broad","Technology ETFs"
"Federated Hermes MDT Small Cap Core ETF","FSCC","422.25","62.08930075821398483572030328559393428812","-.148","-5.2155","-2.5426","-8.5412","15.9107","14.2646","Style Box - Small Cap Blend","Style Box - Small Cap Blend"
"FT Vest U.S. Equity Buffer ETF - September","FSEP","1396.9","95.712560386473429951690821256038647343","-.0873",".9531","-.6168","4.2464","15.8364","13.4245","Derivative Based ETF","Defined Outcome"
"First Trust Limited Duration Investment Grade Corporate ETF","FSIG","1507.45","2.08333333333333333333333333333333333333",".109","-1.6924","-.9533","-1.4971","-.0797",".3555","Corporates - Investment Grade","Investment Grade Corporate Bond ETFs"
"Fidelity Small-Mid Multifactor ETF","FSMD","2499.84","65.61954624781849912739965095986038394415","-.3629","-3.3041","-1.3179","-5.4062","13.3781","14.0027","Style Box - All Cap Blend","Style Box - All Cap Blend"
"Fidelity Solana Fund","FSOL","200.1","65.60926485397784491440080563947633434038",".467","13.9772",".5392","56.6069","43.2889","0","Digital Economy ETF","Digital Economy ETF"
"Fidelity MSCI Consumer Staples Index ETF","FSTA","1370.42","39.21794134560092006900517538815411155837","-.5587","-3.2955","-1.0732","-2.5877",".3981","6.321","Consumer Staples - Broad","Consumer Staples ETFs"
"Fidelity Short-Term Bond ETF","FSTB","235.32","6.55737704918032786885245901639344262295",".0506","-.713","-.2018","-.5082","0","0","Short-Term Bond ETF","Short-Term Bond ETF"
"First Trust Large Cap Value AlphaDEX ETF","FTA","1329","64.16082402839089414005020341036960096945","-.378","-6.6826","-1.8299","-1.0981","5.6925","17.5575","Style Box - Large Cap Value","Style Box - Large Cap Value"
"First Trust Large Cap Growth AlphaDEX ETF","FTC","1318.39","64.00796284007962840079628400796284007963",".5103",".049","-.8624","-6.3198","18.0571","10.6446","Style Box - Large Cap Growth","Style Box - Large Cap Growth"
"First Trust Capital Strength ETF","FTCS","7489.06","39.92419966131763567454237561486976856705","-.1569","-6.058","-.9954","1.3453","4.3383","2.9441","Style Box - Large Cap Blend","Style Box - Large Cap Blend"
"Fidelity MSCI Information Technology Index ETF","FTEC","21947.1","96.63009404388714733542319749216300940439","-.1741","4.1214","-1.1409","7.2113","47.0781","35.2817","Technology  - broad","Technology ETFs"
"First Trust Global Tactical Commodity Strategy ETF","FTGC","3333.58","87.27477477477477477477477477477477477477","-.733","-.2552","-1.7917","14.3134","8.2602","33.9669","Basket - Broad","Broad Commodity ETFs"
"First Trust Growth Strength ETF","FTGS","1277.47","72.10350341619421427533071667393516499491",".1315","-3.5491","-1.0863","3.3907","15.0069","5.5259","Style Box - Large Cap Growth","Style Box - Large Cap Growth"
"First Trust BuyWrite Income ETF","FTHI","2534.22","63.68421052631578947368421052631578947368","-.1266","-.0042","-.3386","2.1833","9.738","8.8931","Derivative Based ETF","Derivative Based ETF"
"First Trust Long/Short Equity ETF","FTLS","2566.95","96.15384615384615384615384615384615384615","-.3638",".5408","-.2045","4.4038","11.098","10.8734","Hedge Fund - Long/Short","Long-Short ETFs"
"First Trust Nasdaq BuyWrite Income ETF","FTQI","991","89.20634920634920634920634920634920634921","-.1353","1.8306","-.5249","3.9945","20.0154","20.0146","Derivative Based ETF","Derivative Based ETF"
"First Trust Senior Loan Fund ETF","FTSL","2429.61","7.91139240506329113924050632911392405063",".1122","-.1002","-.3665","1.3421","3.3704","3.4562","Corporates - Junk/High Yield","High-Yield/Junk Bond ETFs"
"First Trust Enhanced Short Maturity ETF","FTSM","6621.48","10.86956521739130434782608695652173913043",".067",".0568",".0167",".6641","1.7428","3.4204","Ultra short Bond ETF","Ultra short Bond ETF"
"First Trust NASDAQ Pharmaceuticals ETF","FTXH","1086.19","92.84166425888471540017336030049118751806","-.2079","1.0919","-.2357","8.5849","26.7774","51.1536","Healthcare - Pharma","Health Care ETFs"
"First Trust NASDAQ Semiconductor ETF","FTXL","1336.06","76.06601589152076158958186711937981164411","1.1092","14.6529","-.5396","-7.7962","73.9106","127.3471","Technology  - Semiconductors","Technology ETFs"
"First Trust NASDAQ Bank ETF","FTXO","280.99","53.8048011863935489850773936416720734081","-1.0433","-6.7271","-2.0835","-6.0096","12.7713","10.5007","Financials - Banking","Financials ETFs"
"First Trust NASDAQ Transportation ETF","FTXR","962.72","63.12150148172538689496213368455712874547","-.2946","-5.5929","-2.3995","-9.022","11.6122","18.5634","Industrials  - Transportation/Shipping","Industrials ETFs"
"Fidelity MSCI Utilities Index ETF","FUTY","2093.78","5.46139359698681732580037664783427495292","1.1413","-6.0736","-1.9084","-12.6185","-11.1474","-6.0525","Utilities  - Broad","Utilities/Infrastructure ETFs"
"First Trust Dorsey Wright Focus 5 ETF","FV","4704.37","87.9538904899135446685878962536023054755","-.1624",".751","-1.0062","-.9184","23.9572","19.4211","Style Box - Large Cap Growth","Style Box - Large Cap Growth"
"Fidelity Value Factor ETF","FVAL","1355.72","84.83530142945929148539465506525792417651","-.149","-1.6403","-1.8288","4.6647","20.8873","19.7976","Style Box - Large Cap Value","Style Box - Large Cap Value"
"First Trust Value Line Dividend ETF","FVD","7642.82","37.85123966942148760330578512396694214876","-.2321","-5.8491","-1.4995","-1.8249","3.1857","5.382","Style Box - Large Cap Value","Style Box - Large Cap Value"
"AB Disruptors ETF","FWD","3395.75","67.07007612726917821588912746437634198712",".6559","2.5806","-1.3677","-8.532","24.7118","31.4914","Global Large-Cap Growth Equity ETF","Global Large-Cap Growth Equity ETF"
"First Trust Consumer Discretionary AlphaDEX ETF","FXD","245.8","24.81335952848722986247544204322200392927","-.1701","-6.5905","-1.2584","-6.9009","3.5953","-5.5686","Consumer Discretionary - Broad","Consumer Discretionary ETFs"
"First Trust Consumer Staples AlphaDEX ETF","FXG","205.49",".0919117647058823529411764705882352941176","-.3407","-10.0787","-2.3963","-7.3165","-6.2408","-3.9562","Consumer Staples - Broad","Consumer Staples ETFs"
"First Trust Health Care AlphaDEX ETF","FXH","1153.51","86.89565358945140810678821422757610288133","-.4248","-1.2114","-.4226","7.0565","25.9132","22.1709","Healthcare - Broad","Health Care ETFs"
"iShares China Large-Cap ETF","FXI","4074.77","22.34251968503937007874015748031496062992","-.9072","-4.6466","-3.2571","6.7802","-2.0848","-15.7163","Geographic - China","Asia-Pacific (Emerging) ETFs"
"First Trust Technology AlphaDEX ETF","FXL","2815.25","93.44737205131742309284039177817630017934",".5342","2.5","-1.0516","3.7412","41.1527","30.6066","Technology  - broad","Technology ETFs"
"First Trust Energy AlphaDEX ETF","FXN","361.21","73.08970099667774086378737541528239202658","-1.083","-5.6792","-1.9951","8.9857","-4.478","35.8893","Energy - Broad","Energy ETFs"
"First Trust Financials AlphaDEX ETF","FXO","1035.26","54.15335463258785942492012779552715654952","-.3255","-7.1214","-2.0379","-1.8035","13.498","5.2226","Financials-Broad","Financials ETFs"
"First Trust Industrials/Producer Durables AlphaDEX ETF","FXR","682.01","47.39311783107403545359749739311783107404",".0122","-5.7993","-1.7339","-8.9421","3.3605","6.5624","Industrials  - Broad","Industrials ETFs"
"First Trust Utilities AlphaDEX ETF","FXU","724.09","6.48508430609597924773022049286640726329","1.1463","-6.1001","-1.4364","-11.06","-8.8566",".0938","Utilities  - Broad","Utilities/Infrastructure ETFs"
"Invesco CurrencyShares Japanese Yen Trust","FXY","459.94","34.81595092024539877300613496932515337423",".0859","1.7817",".1031","2.8415","1.5865","-5.8643","Single Currency - Japanese Yen","Currency ETFs"
"First Trust Materials AlphaDEX ETF","FXZ","371.17","67.21455035365442910070730885820141461772","-.4018","-9.2339","-5.2636","-1.4677","6.1664","28.598","Materials  - Broad","Materials ETFs"
"First Trust Small Cap Growth AlphaDEX ETF","FYC","1380.99","71.29210532896546550301332866538298031959","-.1637","-3.8666","-2.2856","-7.8648","22.6081","27.742","Style Box - Small Cap Growth","Style Box - Small Cap Growth"
"Fidelity Yield Enhanced Equity ETF","FYEE","294.92","82.35294117647058823529411764705882352941","-.2014","-.0495","-.8339","5.4492","17.2665","15.9286","Derivative Based ETF","Derivative Based ETF"
"Cambria Foreign Shareholder Yield ETF","FYLD","726.25","85.97616865261228230980751604032997250229","-1.1448","-1.0653","-1.8775","9.174","10.8589","30.4929","Foreign Small/Mid Value ETF","Foreign Small/Mid Value ETF"
"First Trust Small Cap Core AlphaDEX ETF","FYX","1353.2","73.27103238254643513029732431364344328986","-.6074","-4.7483","-2.3293","-5.3252","15.8092","25.6159","Style Box - Small Cap Blend","Style Box - Small Cap Blend"
"State Street Global Allocation ETF","GAL","315.77","73.36745499470525944228732792093187433816","-.1577","-1.9502","-1.8956",".3309","9.6896","11.1932","Real Estate   - Broad","World ETFs"
"FT Vest U.S. Equity Moderate Buffer ETF - April","GAPR","295.02","96.33333333333333333333333333333333333333","-.0329",".2897","-.2903","2.4982","5.993","8.6068","Derivative Based ETF","Defined Outcome"
"iShares MSCI USA Quality GARP ETF","GARP","3325.65","98.62899875363523057748234316576651433319",".7081","1.8719","-.3852","4.8493","36.9096","30.2503","Style Box - All Cap Growth","Style Box - All Cap Growth"
"Mango Growth ETF","GARY","306.8","100",".8022","3.6508",".8602","3.3679","35.8577","0","Style Box - Large Cap Growth","Style Box - Large Cap Growth"
"FT Vest U.S. Equity Moderate Buffer ETF - August","GAUG","418.16","94.72817133443163097199341021416803953871","-.0403","-.0119","-.5291","2.0475","10.3903","9.3328","Derivative Based ETF","Defined Outcome"
"Goldman Sachs Access Treasury 0-1 Year ETF","GBIL","7905.53","56.41025641025641025641025641025641025641",".01",".2343",".06",".8597","1.7116","3.4901","US Treasury - Ultra Short","Government Bond ETFs"
"Grayscale Bitcoin Trust ETF","GBTC","12492.32","36.02343602343602343602343602343602343602",".2795","7.6154","-3.0767","38.08","25.7154","-28.0285","Cryptocurrency ETFs","Cryptocurrency ETFs"
"WisdomTree Enhanced Commodity Strategy Fund","GCC","332.8","91.77304964539007092198581560283687943262","-.0901","1.7208","-2.1339","18.3064","12.2837","30.4943","Basket - Broad","Broad Commodity ETFs"
"Pacer Global Cash Cows Dividend ETF","GCOW","3473.1","64.52702702702702702702702702702702702703","-1.2775","-4.4592","-2.1397","3.5426",".2564","19.7411","Global Large-Cap Value Equity ETF","Global Large-Cap Value Equity ETF"
"Guggenheim Ultra Short Income ETF","GCSH","269.41","21.36752136752136752136752136752136752137",".1704","-.0589","0",".5128","0","0","Ultra short Bond ETF","Ultra short Bond ETF"
"WisdomTree Efficient Gold Plus Equity Strategy Fund","GDE","453.24","38.61686017163048965169106511862695608279",".9623","-6.4874","-5.1852","5.355","8.0169","17.3838","Target Outcome","Total Portfolio ETFs"
"FT Vest U.S. Equity Moderate Buffer ETF - December","GDEC","415.35","97.41150442477876106194690265486725663717","-.0171",".3417","-.2859","2.8813","11.694","11.2981","Derivative Based ETF","Defined Outcome"
"Harbor Dividend Growth Leaders ETF","GDIV","234.62","74.86179807972068664533022985161478033168","-.4674","-3.6766","-1.267","-.0871","12.1943","14.911","Style Box - Large Cap Blend","Style Box - Large Cap Blend"
"Grayscale Digital Large Cap Fund LLC","GDLC","439.81","34.13734392735527809307604994324631101022",".261","8.134","-3.0753","41.9283","26.8824","-31.4174","Digital Economy ETF","Digital Economy ETF"
"VanEck Gold Miners ETF","GDX","26301.3","43.71320437342304457527333894028595458368","1.3426","-10.6172","-8.9543","17.6929","3.8233","18.4669","Materials  - Gold Mining","Materials ETFs"
"MicroSectors Gold Miners -3X Inverse Leveraged ETNs","GDXD","555","3.60537190082644628099173553719008264463","-4.1441","27.5015","29.3617","-57.6433","-59.902","-88.0221","Materials  - Gold Mining","Inverse Equity ETFs"
"VanEck Junior Gold Miners ETF","GDXJ","8424.85","41.14818592452280343872941862159405507795","1.4899","-10.0932","-9.51","17.0643","4.7206","20.5715","Materials  - Gold Mining","Materials ETFs"
"MicroSectors Gold Miners 3X Leveraged ETNs","GDXU","909.5","9.49591221090368556813710488348708083767","3.7196","-33.3253","-26.7507","28.3006","-33.1244","-44.2396","Materials  - Gold Mining","Leveraged Equity ETFs"
"YieldMax Gold Miners Option Income Strategy ETF","GDXY","306.38","8.39532412327311370882040382571732199787","1.291","-6.5674","-7.3294","16.0771",".089","2.8814","Materials  - Gold Mining","Materials ETFs"
"Goldman Sachs ActiveBeta Emerging Markets Equity ETF","GEM","1780.17","82.12372138334145153433999025815879201169",".1361",".3702","-2.4242",".253","22.6083","29.3841","Geographic - Broad Emerging Markets","Broad Emerging Market ETFs"
"Pacific NoS Global EM Equity Active ETF","GEME","477.33","74.79530081879672481310074759700961196155",".212","-1.0844","-2.3912","-2.7495","21.7759","38.4161","Geographic - Broad Emerging Markets","Broad Emerging Market ETFs"
"Cambria Global EW 2 ETF","GEQ","203.82","28.12838081500180310133429498737829065994",".3169","-2.5483","-1.5108",".1946","0","0","Global Large-Cap Blend Equity ETF","Global Large-Cap Blend Equity ETF"
"FT Vest U.S. Equity Moderate Buffer ETF - February","GFEB","372.83","97.76876267748478701825557809330628803245","-.0111",".3788","-.2436","2.7132","11.2071","11.1797","Derivative Based ETF","Defined Outcome"
"VictoryShares Free Cash Flow Growth ETF","GFLW","1113.6","86.44419110788682765053373406570629080734",".2514","-1.275","-1.0807","-.1933","31.4339","16.9999","Style Box - Large Cap Growth","Style Box - Large Cap Growth"
"Direxion Daily GOOGL Bull 2X ETF","GGLL","1037.3","42.83158130172220979646611496309550436144","-.9819","-4.2742","-5.551","-11.6152","38.7803","61.3759","Derivative Based ETF","Single Stock ETF"
"iShares Global Government Bond USD Hedged Active ETF","GGOV","3982.7","72.2689075630252100840336134453781512605","-.1595","-.2192","-.2788","-.7334","1.5615","2.884","Sovereign - Broad Market","Government Bond ETFs"
"Goldman Sachs MarketBeta Russell 1000 Growth Equity ETF","GGUS","517.19","92.20565090309525593944390317020160383722",".2777","2.1849","-1.07","1.9439","21.6428","8.7736","Style Box - Large Cap Growth","Style Box - Large Cap Growth"
"State Street SPDR S&P Global Infrastructure ETF","GII","909.97","11.25","-.4395","-5.0689","-2.4583","-8.3996","-5.8545","4.4524","Utilities  - Infrastructure","Utilities/Infrastructure ETFs"
"FT Vest U.S. Equity Moderate Buffer ETF - January","GJAN","442.46","97.4","-.0434",".2175","-.2598","2.7316","11.6037","10.7345","Derivative Based ETF","Defined Outcome"
"FT Vest U.S. Equity Moderate Buffer ETF - July","GJUL","414.55","95.21955440190352584901579061215660826303","-.0471",".0764","-.4936","2.6117","10.8226","10.0642","Derivative Based ETF","Defined Outcome"
"FT Vest U.S. Equity Moderate Buffer ETF - June","GJUN","512.34","94.20088790233074361820199778024417314095","-.0452",".0739","-.4954","2.3056","7.8797","8.1995","Derivative Based ETF","Defined Outcome"
"SPDR Gold Shares","GLD","139713.33","19.91354262631989228261639855431932534902","1.3178","-6.3587","-4.2942","3.8825","-7.6706","8.6336","Precious Metals - Gold","Precious Metals ETFs"
"SPDR Gold MiniShares Trust","GLDM","30091.56","20.75533661740558292282430213464696223317","1.3242","-6.3039","-4.2743","4.0151","-7.4994","8.995","Precious Metals - Gold","Precious Metals ETFs"
"abrdn Physical Precious Metals Basket Shares ETF","GLTR","2550.53","18.89928177718389844663437447803574411224","1.0421","-7.097","-5.9121","4.2796","-9.5538","14.0406","Precious Metals - Broad","Precious Metals ETFs"
"FT Vest U.S. Equity Moderate Buffer ETF - March","GMAR","402.37","98.15157116451016635859519408502772643253",".0221",".3774","-.1766","2.4816","9.9708","12.8244","Derivative Based ETF","Defined Outcome"
"FT Vest U.S. Equity Moderate Buffer ETF - May","GMAY","446.99","93.81965552178318135764944275582573454914","-.0455","-.0569","-.4534","2.2828","8.3128","8.5269","Derivative Based ETF","Defined Outcome"
"State Street SPDR S&P Emerging Asia Pacific ETF","GMF","424.55","86.38097929767540450787818836995689959726","-.2474","-.0503","-2.1638","1.5329","18.1263","14.872","Geographic - Asia Emerging","Asia-Pacific (Emerging) ETFs"
"GMO International Value ETF","GMOI","679.31","82.15051917961040075517034240109842958895","-1.1253","-3.1727","-2.3425","6.6468","14.0091","30.2755","Foreign Small/Mid Value ETF","Foreign Small/Mid Value ETF"
"FT Vest U.S. Equity Moderate Buffer ETF - November","GNOV","298.09","98.63547758284600389863547758284600389864","-.0466",".4687","-.1165","2.8921","11.6435","12.8395","Derivative Based ETF","Defined Outcome"
"State Street SPDR S&P Global Natural Resources ETF","GNR","5126.4","75.30255490811295383236216943074854325415","-.7875","-4.4602","-3.7426","10.808","2.9734","28.3754","Materials  - Broad","Materials ETFs"
"FT Vest U.S. Equity Moderate Buffer ETF - October","GOCT","254.15","98.89923793395427603725656223539373412362","-.0585",".6602","-.0936","3.0662","12.1945","11.5495","Derivative Based ETF","Defined Outcome"
"YieldMax GOOGL Option Income Strategy ETF","GOOY","225.56","3.28282828282828282828282828282828282828","-.1674","-.8174","-1.8781","-2.2187","20.5205","27.5535","Derivative Based ETF","Single Stock ETF"
"Goldman Sachs Nasdaq-100 Premium Income ETF","GPIQ","6053.25","85.64013840830449826989619377162629757785",".1731","2.5063","-.8228","1.5777","25.9507","21.4649","Style Box - Large Cap Growth","Style Box - Large Cap Growth"
"Goldman Sachs S&P 500 Premium Income ETF","GPIX","5931.46","90.61326658322903629536921151439299123905","-.1607","-.0401","-.8686","3.4657","19.2386","16.1484","Style Box - Large Cap Blend","Style Box - Large Cap Blend"
"VanEck Alternative Asset Manager ETF","GPZ","219.79","15.08120649651972157772621809744779582367","-.0698","-14.4904","-4.7028","2.3832","4.0698","-23.7757","Financials - BDCs/PE","Financials ETFs"
"GQG US Equity ETF","GQGU","656.2","69.35758953951108584422967595224559408755","0",".9571","-1.0135","2.0906","-1.4574","6.2123","Style Box - All Cap Growth","Style Box - All Cap Growth"
"Natixis Gateway Quality Income ETF","GQI","294.35","93.82029906047373296281593224824665872701","-.1812",".8206","-.7601","5.3965","17.8783","17.9041","Style Box - All Cap Blend","Style Box - All Cap Blend"
"Northern Trust Global Quality Real Estate ETF","GQRE","441.31","18.98554159753496089120644702536146006163","-.3498","-5.3712","-2.2065","-6.8933","3.9627","3.2611","Real Estate   - REITs","Real Estate ETFs"
"Global X MSCI Greece ETF","GREK","345.84","91.93126634292118042584983190138214419126","-.6518",".1056",".5774","13.7162","39.5633","35.8369","Geographic - Greece","European Equity ETFs"
"First Trust NASDAQ Clean Edge Smart Grid Infrastructure ETF","GRID","11876.76","59.59842371927190842559579658472508913492",".4168","-.3162","-2.3169","-5.1691","12.4633","20.1505","Utilities  - Infrastructure","Utilities/Infrastructure ETFs"
"VictoryShares International Free Cash Flow Growth ETF","GRIN","354.71","79.25899871028256536522452808066596318443",".6115","-3.2799","-2.3735","-1.6205","23.635","21.0655","Foreign Large Growth ETF","Foreign Large Growth ETF"
"Fundstrat Granny Shots US Small- & Mid-Cap ETF","GRNJ","487.52","64.00911161731207289293849658314350797267",".7874","1.3076","-1.4726","-4.4776","20.0163","0","Style Box - All Cap Blend","Style Box - All Cap Blend"
"Fundstrat Granny Shots US Large Cap ETF","GRNY","4499.95","89.51310861423220973782771535580524344569",".0909",".5948","-1.9095","2.3231","19.0289","12.3419","Style Box - Large Cap Blend","Style Box - Large Cap Blend"
"Invesco S&P MidCap 400 GARP ETF","GRPM","491.72","67.46479297970507523898555532100961973402","-.0738","-7.0302","-2.4566","4.7395","16.7942","12.5335","Style Box - Mid Cap Blend","Style Box - Mid Cap Blend"
"Goldman Sachs Small Cap Equity ETF","GSC","272.58","60.09072743965005130420694496948749797483","-.1792","-5.4002","-1.0734","-9.6302","16.4842","16.7427","Style Box - Small Cap Value","Style Box - Small Cap Value"
"FT Vest U.S. Equity Moderate Buffer ETF - September","GSEP","356.42","95.91836734693877551020408163265306122449","-.0474",".7167","-.4721","3.2827","12.2471","10.9182","Derivative Based ETF","Defined Outcome"
"Goldman Sachs Equal Weight U.S. Large Cap Equity ETF","GSEW","1987.29","69.43685073810825587752870420995079278294","-.032","-3.7414","-1.5457","-.262","13.7432","12.0092","Style Box - Large Cap Blend","Style Box - Large Cap Blend"
"iShares S&P GSCI Commodity-Indexed Trust","GSG","1033.22","86.12244897959183673469387755102040816327","-1.6251","5.1512","-1.4594","23.4529","9.5476","52.4533","Basket - Broad","Broad Commodity ETFs"
"Goldman Sachs MarketBeta International Equity ETF","GSID","1074.66","73.44616282462795447913627079077910709075","-.7928","-3.0478","-2.3187",".7444","12.651","16.1218","Foreign Large Blend ETF","Foreign Large Blend ETF"
"Goldman Sachs ActiveBeta International Equity ETF","GSIE","5971.88","73.0083234244946492271105826397146254459","-.688","-3.1686","-2.0868","1.9759","12.5313","15.6947","Foreign Large Blend ETF","Foreign Large Blend ETF"
"Goldman Sachs ActiveBeta U.S. Large Cap Equity ETF","GSLC","15145.5","87.77695716395864106351550960118168389956","-.2538","-.6694","-1.1741","3.5182","19.8081","12.9592","Style Box - Large Cap Blend","Style Box - Large Cap Blend"
"Gotham Enhanced 500 ETF","GSPY","749.24","92.70426865318670923495329312995151945134","-.1651","-.6223","-1.3313","5.1272","22.2803","16.0947","Style Box - Large Cap Blend","Style Box - Large Cap Blend"
"Goldman Sachs ActiveBeta U.S. Small Cap Equity ETF","GSSC","1047.38","70.74593631707860164773992429303050545536","-.5349","-4.4146","-2.2225","-4.9096","18.1764","16.0641","Style Box - Small Cap Blend","Style Box - Small Cap Blend"
"Goldman Sachs Ultra Short Bond ETF","GSST","1645","31.25",".0198",".145",".0496",".8782","2.0051","3.8343","Ultra short Bond ETF","Ultra short Bond ETF"
"Goldman Sachs MarketBeta U.S. Equity ETF","GSUS","3442.4","91.39784946236559139784946236559139784946","-.1888","-.3256","-1.2452","3.5507","21.5999","15.9661","Style Box - All Cap Blend","Style Box - All Cap Blend"
"Goldman Sachs ActiveBeta World Equity ETF","GSWO","1793.25","86.94935830731876517516475893166840097121","-.3324","-1.0828","-1.6221","3.1846","19.2288","0","Global Large-Cap Blend Equity ETF","Global Large-Cap Blend Equity ETF"
"Invesco Ultra Short Duration ETF","GSY","3927.13","2.08333333333333333333333333333333333333",".02","-.0889","-.0401",".5465","1.7049","2.8684","Corporates - Money Market","Money Market/Ultra-Short Term ETFs"
"Goldman Sachs Future Tech Leaders Equity ETF","GTEK","245.82","85.36800860479409956976029502151198524892",".9295","3.3811","-.8759","-3.159","47.0941","51.314","Technology  - broad","Technology ETFs"
"Goldman Sachs Technology Opportunities ETF","GTOP","743.29","97.4095102909865152590489709013484740951",".3732","5.2587","-.8498","5.0683","45.4957","0","Technology  - broad","Technology ETFs"
"Northern Trust Mrngstr Glob Upstream Natural Resources ETF","GUNR","6922.01","69.09090909090909090909090909090909090909","-.7305","-4.805","-3.2494","8.5564","-.7478","23.8768","Materials  - Broad","Materials ETFs"
"Goldman Sachs MarketBeta U.S. 1000 Equity ETF","GUSA","2383.98","88.76351298035192929850864041663378836897","-.1317","-.7078","-1.3376","2.9249","20.613","15.6409","Style Box - Large Cap Blend","Style Box - Large Cap Blend"
"Goldman Sachs Enhanced U.S. Equity ETF","GUSE","358.28","90.80327302062924974069378817563674080904","-.2286","-.0567","-.9553","2.5832","20.1101","0","Style Box - All Cap Blend","Style Box - All Cap Blend"
"Direxion Daily S&P Oil & Gas Exp. & Prod. Bull 2X ETF","GUSH","206.75","65.80667354661162710698314413484692122463","-1.543","-7.7554","-2.8934","29.3613","-14.6645","62.1326","Derivative Based ETF","Leveraged Equity ETFs"
"Cambria Global Value ETF","GVAL","579.78","87.63392857142857142857142857142857142857","-.221",".3147","-2.8727","7.6078","21.3923","35.0984","Global Large-Cap Value Equity ETF","Global Large-Cap Value Equity ETF"
"iShares Intermediate Government/Credit Bond ETF","GVI","3735.2",".5714285714285714285714285714285714285714",".0291","-1.7047","-.8942","-2.1273","-1.063","-.4143","Total Bond Market - Broad","Total Bond Market ETFs"
"Goldman Sachs Hedge Industry VIP ETF","GVIP","575.42","59.57381455173737761566519485505855250528",".852","-.4712","-1.7663","-7.374","20.4616","11.5173","Multi-Asset - Total Portfolio","Total Portfolio ETFs"
"Gotham 1000 Value ETF","GVLU","241.21","51.38291333743085433312845728334357713583","-.3063","-7.3804","-2.9316","2.2131","8.9476","6.0817","Style Box - All Cap Value","Style Box - All Cap Value"
"Goldman Sachs MarketBeta Russell 1000 Value Equity ETF","GVUS","442.63","82.52674145577876337072788938168536394469","-.4037","-3.2982","-1.519","2.9064","19.3074","24.3063","Style Box - Large Cap Value","Style Box - Large Cap Value"
"State Street SPDR S&P International Small Cap ETF","GWX","922.74","85.05655203930081115046269850337027304924",".0766","-1.857","-2.2076","4.5631","12.1548","16.7489","Foreign Small/Mid Blend ETF","Foreign Small/Mid Blend ETF"
"State Street SPDR S&P China ETF","GXC","455.8","1.65142031776600866634569090033702455465","-.6646","-5.4457","-3.8111","-.0545","-4.2858","-15.3888","Geographic - China","Asia-Pacific (Emerging) ETFs"
"Goldman Sachs MarketBeta Total International Equity ETF","GXUS","637.02","80.93898914147332239668775876884618389188","-.222","-1.9144","-2.3118","1.3394","16.1779","21.258","Foreign Large Blend ETF","Foreign Large Blend ETF"
"Amplify Cybersecurity ETF","HACK","3279.18","92.01948295241663544398651180217309853878",".293","3.6957","-1.779","16.8536","64.8913","37.7655","Technology  - broad","Technology ETFs"
"VanEck Natural Resources ETF","HAP","332.37","77.90645879732739420935412026726057906459","-.4468","-3.6304","-3.3009","7.2804","3.7241","31.0704","Materials  - Broad","Materials ETFs"
"Harbor Human Capital Factor US Large Cap ETF","HAPI","499.69","89.48218055383087048304979510741338631566","-.0218","-1.7745","-.8931","3.7885","18.4621","14.1544","Strategy - Socially Responsible","Style Box - Large Cap Blend"
"iShares Currency Hedged MSCI ACWI ex U.S. ETF","HAWX","347.75","84.67153284671532846715328467153284671533",".0284","-.8384","-1.5275",".3632","16.1166","24.456","Foreign Large Blend ETF","Foreign Large Blend ETF"
"Horizon Expedition Plus ETF","HBTA","256.28","94.59459459459459459459459459459459459459",".3936","2.3678","-1.2368","2.0724","26.835","17.1688","Derivative Based ETF","Style Box - Large Cap Growth"
"Direxion HCM Tactical Enhanced US ETF","HCMT","616.06","88.39779005524861878453038674033149171271","-.0705","2.8378","-2.4009","4.3132","21.2681","14.7948","Derivative Based ETF","Leveraged Equity ETFs"
"Xtrackers MSCI EAFE High Dividend Yield Equity ETF","HDEF","2269.71","63.18785578747628083491461100569259962049","-1.2125","-3.2554","-1.8373","1.5654","6.2758","15.8302","Geographic - EAFE","Broad Developed World ETFs"
"iShares Core High Dividend ETF","HDV","14753.76","72.16035634743875278396436525612472160356","-.4592","-4.0898","-1.3305","2.6651","6.0999","19.1113","Style Box - Large Cap Value","Style Box - Large Cap Value"
"Hedgeye Capital Allocation ETF","HECA","274.14","8.86075949367088607594936708860759493671","-.1101","-2.4373","-.4025","-.4025","-6.972","-.293","Target Outcome","Total Portfolio ETFs"
"Equable Shares Hedged Equity ETF","HEDG","457.72","89.35483870967741935483870967741935483871","-.104",".5374","-.3548","3.2088","8.7607","0","Derivative Based ETF","Style Box - Large Cap Blend"
"WisdomTree Europe Hedged Equity ETF","HEDJ","1770.33","74.4047619047619047619047619047619047619","-.5498","-2.7975","-1.1015","-.8919","12.4458","14.1772","Geographic - Broad Europe","European Equity ETFs"
"iShares Currency Hedged MSCI Emerging Markets ETF","HEEM","300.13","71.25187406296851574212893553223388305847",".2217",".397","-2.1579","-3.0996","19.1456","28.9442","Geographic - Broad Emerging Markets","Broad Emerging Market ETFs"
"iShares Currency Hedged MSCI EAFE ETF","HEFA","7505.78","84.44444444444444444444444444444444444444","-.2245","-1.3113","-1.0812","1.4052","14.8743","21.8308","Geographic - EAFE","Broad Developed World ETFs"
"Swan Hedged Equity US Large Cap ETF","HEGD","741.66","81.76907494935854152599594868332207967589","-.2227","-.8118","-1.0054","1.2811","9.8488","8.2998","Derivative Based ETF","Hedge Fund ETFs"
"JPMorgan Hedged Equity Laddered Overlay ETF","HELO","4838.54","85.92375366568914956011730205278592375367","-.1875","-.5873","-.6729","2.8361","9.4617","7.1011","Style Box - Large Cap Blend","Style Box - Large Cap Blend"
"Simplify Hedged Equity ETF","HEQT","319.43","90.55118110236220472440944881889763779528","-.3194","-.1363","-.7495","3.1765","11.567","11.3855","Style Box - Large Cap Blend","Style Box - Large Cap Blend"
"iShares Currency Hedged MSCI Japan ETF","HEWJ","648.55","88.69417750141322781232334652345958168457","-.2853","-.6758","-2.0448","1.3545","18.8211","35.3619","Geographic - Japan","Asia-Pacific (Developed) ETFs"
"iShares Currency Hedged MSCI Eurozone ETF","HEZU","577.51","82","-.1831","-1.3473","-.317",".6895","18.0196","20.148","Geographic - Broad Europe","European Equity ETFs"
"Hartford Large Cap Growth ETF","HFGO","209.51","92.08776595744680851063829787234042553191",".4611","3.0137","-1.7359","4.7924","28.3263","11.918","Strategy - Socially Responsible","Style Box - Large Cap Growth"
"NYLIM FTSE International Equity Currency Neutral ETF","HFXI","2291.25","85.09554140127388535031847133757961783439","-.0533","-1.4662","-1.6789","-.6592","16.0364","25.3567","Foreign Large Blend ETF","Foreign Large Blend ETF"
"Harbor Commodity All-Weather Strategy ETF","HGER","4768.58","87.81302170283806343906510851419031719533","-.4551",".0858","-2.2073","20.8981","13.6733","42.255","Basket - Broad","Broad Commodity ETFs"
"Wahed FTSE USA Shariah ETF","HLAL","976.14","95.02988709320345361965906575160504759796","-.2273","2.8575","-1.0619","5.9943","29.071","26.4976","Style Box - All Cap Blend","Style Box - All Cap Blend"
"VanEck Bitcoin ETF","HODL","1391.81","37.23516949152542372881355932203389830508",".2545","7.8959","-3.075","38.4886","26.6881","-26.9468","Cryptocurrency ETFs","Cryptocurrency ETFs"
"JPMorgan International Hedged Equity Laddered Overlay ETF","HOLA","286.43","73.68421052631578947368421052631578947368","-.009","-2.1856","-1.4701",".8046","8.0824","8.2296","Derivative Based ETF","Broad Developed World ETFs"
"iShares Currency Hedged MSCI EAFE Small-Cap ETF","HSCZ","259.8","85.15704894083272461650840029218407596786","-.7112","-2.2031","-1.8483","1.9408","13.291","18.7761","Geographic - EAFE","Broad Developed World ETFs"
"Neos Enhanced Income Credit Select ETF","HYBI","221.25","2.25309800976342470897484040555764175742",".0519","-.9945","-.1451","-1.457","-.1715","-1.737","Derivative Based ETF","High-Yield/Junk Bond ETFs"
"iShares Interest Rate Hedged High Yield Bond ETF","HYGH","657.43","37.82608695652173913043478260869565217391","-.3351","-.8651","-1.1655",".6828","4.2372","4.9676","Corporates - Junk/High Yield","High-Yield/Junk Bond ETFs"
"ProShares High Yield-Interest Rate Hedged","HYHG","268.24","57.07070707070707070707070707070707070707",".2179","-.4448","-.9842","1.3282","5.1756","5.3986","Corporates - Junk/High Yield","High-Yield/Junk Bond ETFs"
"WisdomTree Interest Rate Hedged High Yield Bond ETF","HYZD","302.2","40.4","-.3216","-.9366","-1.3289",".7701","3.9746","4.8169","Corporates - Junk/High Yield","High-Yield/Junk Bond ETFs"
"iShares U.S. Broker-Dealers & Securities Exchanges ETF","IAI","1337.85","49.29612870789341377576671694318753142283","-.2747","-8.5762","-3.0255","1.8231","13.0138","1.2297","Financials - Brokers/ Capital markets","Financials ETFs"
"iShares U.S. Insurance ETF","IAK","426.96","47.00374531835205992509363295880149812734",".138","-4.5852","-1.0333","-2.3231","10.5884","6.3717","Financials - Insurance","Financials ETFs"
"iShares Systematic Alternatives Active ETF","IALT","6876.08","97.94871794871794871794871794871794871795",".3029","2.9361",".1344","6.0121","10.2713","0","Hedge Fund - Broad","Hedge Fund ETFs"
"iShares U.S. Regional Banks ETF","IAT","617.38","53.96561286744315030504714364947310038824","-.9488","-7.0223","-2.0972","-7.3352","11.6839","12.0057","Financials - Regional Banks","Financials ETFs"
"iShares Gold Trust","IAU","61116.5","20.29737206085753803596127247579529737206","1.3161","-6.3231","-4.2789","3.9587","-7.5692","8.8137","Precious Metals - Gold","Precious Metals ETFs"
"NEOS Gold High Income ETF","IAUI","626.79","3.66806975345760673481659651232711966326","1.273","-5.0705","-4.1288","3.2923","-5.9689","6.0426","Derivative Based ETF","Precious Metals ETFs"
"iShares Gold Trust Micro","IAUM","6523.5","20.76822916666666666666666666666666666667","1.3145","-6.3246","-4.2998","4.024","-7.47","9.01","Precious Metals - Gold","Precious Metals ETFs"
"iShares Biotechnology ETF","IBB","10693.53","91.35135135135135135135135135135135135135",".1566","1.0056",".1091","11.2025","31.5847","48.4305","Healthcare - Biotech","Health Care ETFs"
"Inspire Corporate Bond ETF","IBD","501.4","1.45985401459854014598540145985401459854",".087","-1.9023","-1.0197","-2.5603","-.2783","-.5896","Strategy - Socially Responsible","Investment Grade Corporate Bond ETFs"
"iShares iBonds Dec 2026 Term Corporate ETF","IBDR","3159.59","61.53846153846153846153846153846153846154",".0413",".3247",".1032","1.0062","2.0237","3.8831","Corporates - Investment Grade","Investment Grade Corporate Bond ETFs"
"iShares iBonds Dec 2027 Term Corporate ETF","IBDS","3920.71","3.84615384615384615384615384615384615385","0","-.0621","-.0414",".638","1.8275","3.348","Corporates - Investment Grade","Investment Grade Corporate Bond ETFs"
"iShares iBonds Dec 2028 Term Corporate ETF","IBDT","4108.46","1.5625",".0401","-.543","-.3197","-.1672","1.0217","2.2108","Corporates - Investment Grade","Investment Grade Corporate Bond ETFs"
"iShares iBonds Dec 2029 Term Corporate ETF","IBDU","3958.7","1.64835164835164835164835164835164835165",".0662","-1.1892","-.5701","-1.1207",".284","1.1688","Corporates - Investment Grade","Investment Grade Corporate Bond ETFs"
"iShares iBonds Dec 2032 Term Corporate ETF","IBDX","1736.65",".5649717514124293785310734463276836158192",".0415","-2.5","-1.3923","-3.445","-1.4261","-1.3566","Corporates - Investment Grade","Investment Grade Corporate Bond ETFs"
"iShares iBonds 2026 Term High Yield and Income ETF","IBHF","715.65","11.57894736842105263157894736842105263158","0",".3518",".1333",".5741",".7584","2.0321","Corporates - Junk/High Yield","High-Yield/Junk Bond ETFs"
"iShares iBonds 2027 Term High Yield and Income ETF","IBHG","533.85","1.36986301369863013698630136986301369863",".0459","-.4597","-.2745",".2924","1.8687","2.6288","Corporates - Junk/High Yield","High-Yield/Junk Bond ETFs"
"iShares iBonds Oct 2028 Term TIPS ETF","IBIE","254.82","5.20231213872832369942196531791907514451",".1171","-.3885","0","-.1139",".7914","1.7597","US Treasury - TIPS","Inflation-Protected Bond ETFs"
"iShares Bitcoin Trust ETF","IBIT","66598.2","36.94736842105263157894736842105263157895",".2542","7.8132","-3.0719","38.4728","26.5508","-27.151","Cryptocurrency ETFs","Cryptocurrency ETFs"
"State Street SPDR Bloomberg International Corporate Bond ETF","IBND","442.22",".3174603174603174603174603174603174603175",".0335","-3.5701","-1.8713","-3.5514","-1.7121","-4.634","International - Corporate","Investment Grade Corporate Bond ETFs"
"iShares iBonds Dec 2026 Term Treasury ETF","IBTG","1963.1","46.15384615384615384615384615384615384615","0",".2818",".0437",".907","1.805","3.5825","US Treasury - Intermediate Term","Government Bond ETFs"
"iShares iBonds Dec 2027 Term Treasury ETF","IBTH","2397.21","5.88235294117647058823529411764705882353","-.0224",".0425","-.0224",".6171","1.4188","2.8929","US Treasury - Intermediate Term","Government Bond ETFs"
"iShares iBonds Dec 2028 Term Treasury ETF","IBTI","2062.66","3.27868852459016393442622950819672131148",".0457","-.5202","-.1141","-.2149",".4256","1.5574","US Treasury - Intermediate Term","Government Bond ETFs"
"iShares iBonds Dec 2029 Term Treasury ETF","IBTJ","1413.31","2.17391304347826086956521739130434782609",".0943","-1.0937","-.3287","-1.1305","-.546",".373","US Treasury - Intermediate Term","Government Bond ETFs"
"iShares iBonds Dec 2030 Term Treasury ETF","IBTK","1044.57",".9174311926605504587155963302752293577982",".0527","-1.6682","-.6021","-2.0559","-1.3844","-.7472","US Treasury - Intermediate Term","Government Bond ETFs"
"iShares iBonds Dec 2031 Term Treasury ETF","IBTL","725.07",".7462686567164179104477611940298507462687",".0514","-2.0498","-.8654","-2.7979","-1.9496","-1.4758","US Treasury - Intermediate Term","Government Bond ETFs"
"iShares Select U.S. REIT ETF","ICF","2056.49","39.7905759162303664921465968586387434555","-.0472","-5.549","-2.2462","-7.1652","6.1489","6.5668","Real Estate   - REITs","Real Estate ETFs"
"iShares Global Clean Energy ETF","ICLN","2195.39","15.4328732747804265997490589711417816813","1.1898","-2.6888","-4.599","-14.4366","-4.3918","11.5786","Strategy - Socially Responsible","Alternative Energy ETFs"
"Invesco AAA CLO Floating Rate Note ETF","ICLO","582.17","57.14285714285714285714285714285714285714","0",".408",".0391","1.1522","2.6743","4.9083","Asset Backed - MBS","Mortgage-Backed Security ETFs"
"iShares Copper and Metals Mining ETF","ICOP","471.06","70.51130093595455102791515101974087546491",".2709","-8.778","-4.9159","10.1726","20.389","46.1723","Materials  - Broad","Materials ETFs"
"Pacer Developed Markets International Cash Cows 100 ETF","ICOW","1758.83","62.80428432327166504381694255111976630964","-1.101","-4.4958","-3.2317","3.3485","4.6738","20.4229","Foreign Large Value ETF","Foreign Large Value ETF"
"iShares Ultra Short Duration Bond Active ETF","ICSH","8836.65","2.56410256410256410256410256410256410256","0",".023","-.0198",".5975","1.6469","3.4309","Corporates - Investment Grade","Money Market/Ultra-Short Term ETFs"
"iShares Convertible Bond ETF","ICVT","8030.03","60.92761770906535488404778636683063949403",".1859","-.8451","-1.9752","-6.0148","12.9793","14.8018","Corporates - Convertible","Convertibles/CEFs/OET/Preferred Stock ETFs"
"iShares Defense Industrials and Tech Active ETF","IDEF","3769.66","31.66854424834146952059081236700463136813","-.3181","-5.8859","-2.0625",".1278","-2.3812",".1801","Industrials  - Aerospace & Defense","Industrials ETFs"
"Lazard International Dynamic Equity ETF","IDEQ","1833.03","84.09893992932862190812720848056537102473","-.1692","-1.0344","-2.1559","1.7534","15.8518","0","Foreign Large Blend ETF","Foreign Large Blend ETF"
"iShares Core MSCI International Developed Markets ETF","IDEV","32414.79","75.49331635900700190961171228516868236792","-.4426","-3.1327","-2.0679","1.4088","12.9408","16.2844","Foreign Large Blend ETF","Foreign Large Blend ETF"
"iShares U.S. Digital Infrastructure and Real Estate ETF","IDGT","510.56","59.24584490321542114370799629763773190068",".1747","-2.8841","-3.9757","-6.0487","17.6005","31.297","Technology  - broad","Technology ETFs"
"Invesco S&P International Developed Quality ETF","IDHQ","1068.91","77.91711270836519345465667533261966661569","-.1837","-4.6284","-1.9847",".0351","27.3312","32.863","Foreign Large Growth ETF","Foreign Large Growth ETF"
"Invesco S&P International Developed Low Volatility ETF","IDLV","325.19","37.81032770605759682224428997020854021847","-1.1357","-3.5888","-2.2876",".2073","4.073","8.5813","Foreign Large Blend ETF","Foreign Large Blend ETF"
"Invesco S&P International Developed Momentum ETF","IDMO","4336.2","80.64516129032258064516129032258064516129","-.2437","-1.317","-1.3338","3.1162","17.5883","18.8082","Foreign Large Blend ETF","Foreign Large Blend ETF"
"iShares Genomics Immunology and Healthcare ETF","IDNA","286.26","100","2.0101","8.5009","2.1322","26.9506","52.9164","86.1643","Healthcare - Biotech","Health Care ETFs"
"ALPS International Sector Dividend Dogs ETF","IDOG","559.35","72.81087156432001634821702258097476243997","-1.1431","-3.6693","-2.757","3.6292","7.6686","24.1045","Foreign Large Value ETF","Foreign Large Value ETF"
"iShares U.S. Utilities ETF","IDU","1336.92","5.00495540138751238850346878097125867195","1.0048","-5.975","-1.8465","-12.1058","-10.8649","-5.8946","Utilities  - Broad","Utilities/Infrastructure ETFs"
"Aptus International Enhanced Yield ETF","IDUB","518.06","79.49329906370479162841931338351386084083","-.1772","-1.5643","-1.835","3.1714","17.2976","23.8644","Geographic - Global ex-US","World ETFs"
"iShares International Select Dividend ETF","IDV","8422.05","70.50739957716701902748414376321353065539","-1.4124","-3.4495","-2.4737","3.829","7.4397","23.3333","Foreign Large Value ETF","Foreign Large Value ETF"
"Amplify CWP International Enhanced Dividend Income ETF","IDVO","1444.72","76.05820105820105820105820105820105820106",".0293","-1.0542","-2.177","2.6576","10.1494","19.8577","Derivative Based ETF","Derivative Based ETF"
"iShares Core MSCI EAFE ETF","IEFA","192334.52","75.84097859327217125382262996941896024465","-.4799","-3.0152","-2.0207","1.1836","13.2252","15.9363","Geographic - EAFE","Broad Developed World ETFs"
"iShares 3-7 Year Treasury Bond ETF","IEI","17106.75",".6868131868131868131868131868131868131868",".0441","-2.0042","-.8604","-2.6975","-1.9215","-1.3767","US Treasury - Intermediate Term","Government Bond ETFs"
"iShares Core MSCI Emerging Markets ETF","IEMG","161411.72","81.12947658402203856749311294765840220386",".3308",".0856","-2.3957",".208","21.6452","27.378","Geographic - Broad Emerging Markets","Broad Emerging Market ETFs"
"iShares U.S. Oil & Gas Exploration & Production ETF","IEO","730.02","77.85825142265907915157785825142265907915","-.6103","-1.7778","-.6252","19.9179","3.0456","43.4455","Energy - Exploration","Energy ETFs"
"iShares U.S. Tech Independence Focused ETF","IETC","714.55","86.56671664167916041979010494752623688156",".3174","4.563","-1.3867","8.1285","32.8909","12.2566","Technology  - broad","Technology ETFs"
"iShares Core MSCI Europe ETF","IEUR","9316.19","66.09616951915240423797881010594947025265","-.6128","-4.1742","-1.7643","-.2273","12.3856","13.8235","Geographic - Broad Europe","European Equity ETFs"
"iShares Europe ETF","IEV","1619.26","64.40957886044591246903385631709331131296","-.6625","-4.3842","-1.6669","-.5665","11.8671","13.8141","Geographic - Broad Europe","European Equity ETFs"
"iShares U.S. Oil Equipment & Services ETF","IEZ","354.49","60.55858310626702997275204359673024523161","-2.6565","-10.3022","-4.1219","-.4946","-9.6547","37.6709","Energy - Equipment and services","Energy ETFs"
"VictoryShares International Free Cash Flow ETF","IFLO","283.69","78.44765342960288808664259927797833935018","-.8799","-4.6703","-3.7865","7.2043","18.8743","30.3356","Foreign Large Value ETF","Foreign Large Value ETF"
"iShares U.S. Infrastructure ETF","IFRA","3976.28","35.63909774436090225563909774436090225564",".2347","-5.7953","-1.7","-12.0638","-1.0752","7.6292","Utilities  - Infrastructure","Utilities/Infrastructure ETFs"
"First Trust Dorsey Wright International Focus 5 ETF","IFV","220.31","34.10700236034618410700236034618410700236","-.4806","-4.3979","-3.0865","-5.426","3.7897","5.1003","Strategy - Alpha-Seeking","World ETFs"
"Principal Investment Grade Corporate Active ETF","IG","201.78","1.1834319526627218934911242603550295858",".1021","-2.6031","-2.292","-4.2466","-1.4653","-2.0988","Corporates - Investment Grade","Investment Grade Corporate Bond ETFs"
"iShares Interest Rate Hedged Long-Term Corporate Bond ETF","IGBH","248.46","65.61264822134387351778656126482213438735","-.0813",".4185","-.5663","1.1953","5.3134","5.1407","Ultra short Bond ETF","Ultra short Bond ETF"
"iShares North American Natural Resources ETF","IGE","772.15","75.60728744939271255060728744939271255061","-.6905","-4.7994","-2.7214","9.992","-.925","28.2695","Materials  - Broad","Materials ETFs"
"iShares Global Infrastructure ETF","IGF","10134.07","13.17919075144508670520231213872832369942","-.258","-4.7722","-2.2594","-8.1787","-5.4027","4.7271","Utilities  - Infrastructure","Utilities/Infrastructure ETFs"
"ProShares Investment Grade-Interest Rate Hedged","IGHG","382.35","29.08447142134547293879615579160343955488",".0142",".0258","-.4679",".4211","3.0945","3.1686","Corporates - Investment Grade","Investment Grade Corporate Bond ETFs"
"FT Vest Gold Strategy Target Income ETF","IGLD","594.13","2.60688216892596454640250260688216892596","1.2413","-5.6328","-4.1823","3.0424","-6.4534","6.7591","Precious Metals - Gold","Precious Metals ETFs"
"iShares Expanded Tech Sector ETF","IGM","11337.2","95.16296809986130374479889042995839112344",".2922","4.5357","-1.2331","5.2222","46.0465","33.9246","Technology  - broad","Technology ETFs"
"Invesco AI and Next Gen Software ETF","IGPT","1415.71","87.63211570554422399406638234748748377526",".3859","10.7665","-2.5833",".1283","78.215","88.0957","Technology  - Software","Technology ETFs"
"iShares International Dividend Growth ETF","IGRO","1271.32","69.18238993710691823899371069182389937107","-.7635","-3.1408","-2.0435","1.5243","11.88","15.8282","Strategy - Dividend Growth","World ETFs"
"iShares 1-5 Year Investment Grade Corporate Bond ETF","IGSB","23549.44",".4926108374384236453201970443349753694581",".0195","-1.2636","-.6788","-1.2743",".1972","1.132","Corporates - Investment Grade","Investment Grade Corporate Bond ETFs"
"iShares Expanded Tech-Software Sector ETF","IGV","13853.5","72.03489742985145012968639471822683329403","-.1992","-3.9087","-1.4333","17.0542","36.8667","-9.2629","Technology  - Software","Technology ETFs"
"iShares Cybersecurity and Tech ETF","IHAK","1135.26","92.23230490018148820326678765880217785844","-.1647","1.9263","-1.6812","12.3336","56.5559","26.817","Technology  - broad","Technology ETFs"
"WisdomTree International Hedged Quality Dividend Growth ETF","IHDG","2102.25","77.87391841779975278121137206427688504326","-.2483","-2.2133","-.8052",".2489","13.2472","15.362","Strategy - Dividend Growth","Broad Developed World ETFs"
"iShares U.S. Pharmaceuticals ETF","IHE","1676.84","82.91588243810626900246127117417113073693","-.9013","-1.367","-.6413","2.4058","22.7232","46.7498","Healthcare - Pharma","Health Care ETFs"
"iShares U.S. Healthcare Providers ETF","IHF","1366.94","84.00467016929363689433741973146526561588","-.5568","-2.371","-.1803",".311","35.3923","13.763","Healthcare - Healthcare - Providers","Health Care ETFs"
"iShares U.S. Medical Devices ETF","IHI","3548.87","25.05910165484633569739952718676122931442","-.3272","-6.014","-.9751","2.37","-2.3204","-12.4291","Healthcare - Medical Devices","Health Care ETFs"
"Innovator International Develo","IJAN","233.95","84.42054958183990442054958183990442054958","-.2586","-1.2671","-1.1912","1.6177","8.5378","9.6798","Derivative Based ETF","Defined Outcome"
"iShares Core S&P Mid-Cap ETF","IJH","121239.21","61.60877513711151736745886654478976234004","-.0966","-4.1765","-1.4972","-5.1407","10.0973","12.3979","Style Box - Mid Cap Blend","Style Box - Mid Cap Blend"
"iShares S&P Mid-Cap 400 Value ETF","IJJ","8433.98","54.09009009009009009009009009009009009009","-.4229","-5.3266","-1.8856","-5.2816","8.0863","9.1739","Style Box - Mid Cap Value","Style Box - Mid Cap Value"
"iShares S&P Mid-Cap 400 Growth ETF","IJK","10306.46","66.81127982646420824295010845986984815618",".1549","-3.1461","-1.2575","-5.0255","11.9017","15.3186","Style Box - Mid Cap Growth","Style Box - Mid Cap Growth"
"iShares Core S&P Small-Cap ETF","IJR","103851.72","64.75644699140401146131805157593123209169","-.3349","-5.6056","-1.9971","-6.7458","13.226","16.8983","Style Box - Small Cap Blend","Style Box - Small Cap Blend"
"iShares S&P Small-Cap 600 Value ETF","IJS","7690.52","67.38042269187986651835372636262513904338","-.4016","-5.8291","-2.1178","-5.0072","11.5952","18.48","Style Box - Small Cap Value","Style Box - Small Cap Value"
"iShares S&P Small-Cap 600 Growth ETF","IJT","7708.82","61.51508573909268504449750379856739743868","-.272","-5.4718","-1.8494","-8.4993","14.7326","15.0648","Style Box - Small Cap Growth","Style Box - Small Cap Growth"
"Innovator International Develo","IJUL","252.42","82.96387520525451559934318555008210180624","-.2891","-1.7898","-1.106",".7932","9.5433","11.0481","Derivative Based ETF","Defined Outcome"
"iShares Morningstar U.S. Equity ETF","ILCB","1299.6","93.48413572214993494144730257231508357522","-.0943","-.3583","-1.2135","3.3664","21.5083","16.1102","Style Box - All Cap Growth","Style Box - All Cap Growth"
"iShares Morningstar Growth ETF","ILCG","3206.9","89.06797477224947442186405045550105115627",".0513","1.7956","-1.0813","1.8309","26.8865","13.2535","Style Box - All Cap Growth","Style Box - All Cap Growth"
"iShares Morningstar Value ETF","ILCV","1326.24","82.83201571782757168919867146933620246059","-.3195","-2.3706","-1.3157","4.8202","16.6695","19.527","Style Box - All Cap Value","Style Box - All Cap Value"
"First Trust Innovation Leaders ETF","ILDR","344.58","90.32738095238095238095238095238095238095","-.0254","1.5083","-2.6459","2.7133","36.9391","21.7641","Geographic - Global Total Market","World ETFs"
"iShares Latin America 40 ETF","ILF","3811.07","64.61397058823529411764705882352941176471",".2048","-1.1544","-4.3563","1.2116","2.3886","23.6778","Geographic - Broad Latin America","Latin American Equity ETFs"
"AB International Low Volatility Equity ETF","ILOW","1838.73","71.36812411847672778561354019746121297602","-.8637","-3.0975","-2.1786","1.0279","11.3813","10.4615","Foreign Large Blend ETF","Foreign Large Blend ETF"
"iShares Morningstar Mid-Cap ETF","IMCB","1671.46","72.84946236559139784946236559139784946237","-.0945","-3.8445","-1.45","-.9505","16.7192","16.0939","Style Box - Mid Cap Blend","Style Box - Mid Cap Blend"
"iShares Morningstar Mid-Cap Growth ETF","IMCG","4014.17","75.17325723603750509580105992662046473706",".1166","-2.8175","-1.1202","-2.7476","23.0395","14.9174","Style Box - Mid Cap Growth","Style Box - Mid Cap Growth"
"iShares Morningstar Mid-Cap Value ETF","IMCV","1131.03","70.95087315294569180579543273843791978507","-.2934","-4.8237","-1.6722","1.0622","11.6209","17.483","Style Box - Mid Cap Value","Style Box - Mid Cap Value"
"Invesco Managed Futures Strategy ETF","IMF","325.77","98.26556176527269223357101560994411254577",".0093","1.6164",".5405","6.4115","6.7421","21.736","Derivative Based ETF","Hedge Fund ETFs"
"Invesco International Developed Dynamic Multifactor ETF","IMFL","1065.87","77.05128205128205128205128205128205128205","-.4447","-2.3704","-2.3525","-.889","11.1223","26.0275","Foreign Large Blend ETF","Foreign Large Blend ETF"
"iShares MSCI Intl Momentum Factor ETF","IMTM","4299.48","79.11694510739856801909307875894988066826","-.358","-.8065","-1.5817",".1515","15.2106","15.9709","Foreign Large Blend ETF","Foreign Large Blend ETF"
"Franklin Income Equity Focus ETF","INCE","322.33","68.66847588199247132977326446642738334938","-.4364","-3.7225","-1.6644",".1345","5.9541","17.2043","Style Box - Large Cap Blend","Style Box - Large Cap Blend"
"Franklin Income Focus ETF","INCM","1874.11","53.33333333333333333333333333333333333333","-.1742","-2.5398","-1.6478","-.3262","2.7758","8.6852","Moderate Allocation ","Total Portfolio ETFs"
"Columbia India Consumer ETF","INCO","211.66","35.02071823204419889502762430939226519337","-.7365","-5.212","-3.2156","-1.4339","8.5786","-9.8254","Geographic - India","Asia-Pacific (Emerging) ETFs"
"iShares MSCI India ETF","INDA","5914.5","15.40020263424518743667679837892603850051","-.3185","-5.2865","-2.7956","-4.5547","2.4443","-10.0077","Geographic - India","Asia-Pacific (Emerging) ETFs"
"iShares India 50 ETF","INDY","499","1.97119029567854435178165276724791508719","-.0242","-5.5225","-2.6906","-5.1093",".2158","-11.0943","Geographic - India","Asia-Pacific (Emerging) ETFs"
"Horizon Kinetics Inflation Beneficiaries ETF","INFL","1537.36","59.21828908554572271386430678466076696165","-.5908","-8.4718","-4.6222","2.7414","-1.8216","14.5975","World Small/Mid Stock ETF","World Small/Mid Stock ETF"
"Harbor PanAgora Dynamic Large Cap Core ETF","INFO","918.74","91.16479723899913718723037100949094046592","-.2805","-.3761","-1.3664","4.1657","22.464","18.6424","Style Box - Large Cap Blend","Style Box - Large Cap Blend"
"iShares U.S. Industry Rotation Active ETF","INRO","290.57","93.60273792286428853494800579175990522575","-.0597",".2588","-1.1215","1.8778","23.335","17.4162","Style Box - Large Cap Blend","Style Box - Large Cap Blend"
"iShares International Equity Factor ETF","INTF","3730.49","79.42283563362609786700125470514429109159","-.5713","-2.8379","-1.9714","2.1521","12.7381","20.1817","Foreign Large Blend ETF","Foreign Large Blend ETF"
"Main International ETF","INTL","244.8","78.71160409556313993174061433447098976109","-.1106","-2.1157","-2.3584","1.0194","13.2668","14.3912","Foreign Large Blend ETF","Foreign Large Blend ETF"
"GraniteShares 2x Long INTC Daily ETF","INTW","389.98","51.39611797306835961636341167624222138906","-.3413","58.7819","-13.2244","-35.6119","369.0763","466.8582","Derivative Based ETF","Single Stock ETF"
"iShares Global 100 ETF","IOO","9213.73","93.26955927570891697984284250085411684318","-.4487","-.4349","-1.253","6.514","23.6065","22.0105","Global Large-Cap Blend Equity ETF","Global Large-Cap Blend Equity ETF"
"iShares Core MSCI Pacific ETF","IPAC","2755.3","83.82352941176470588235294117647058823529","-.5056","-1.0062","-2.3092","3.3468","15.3409","19.3199","Geographic - Asia Developed","Asia-Pacific (Developed) ETFs"
"Invesco International BuyBack Achievers ETF","IPKW","553.29","75.35351704133430021754894851341551849166","-1.3918","-1.5582","-2.0595","5.7844","10.3093","16.7921","Foreign Large Value ETF","Foreign Large Value ETF"
"Northern Trust International Quality Dividend ETF","IQDF","1153.2","79.35590421139554087530966143682906688687","-.5741","-2.0019","-2.2325","1.8366","15.9592","25.9785","Strategy - Dividend","World ETFs"
"WisdomTree International Quality Dividend Growth ETF","IQDG","694.77","65.7038565307094112045707030630058720838","-.5463","-3.7918","-1.5037","-.1048","11.6628","10.4859","Strategy - Dividend Growth","Broad Developed World ETFs"
"iShares MSCI Intl Quality Factor ETF","IQLT","13752.96","72.31947483588621444201312910284463894967","-.2204","-3.5998","-1.8329","1.055","13.1777","16.2394","Foreign Large Blend ETF","Foreign Large Blend ETF"
"iShares Nasdaq 100 ETF","IQQ","539.48","89.31034482758620689655172413793103448276",".2006","3.1395","-1.2258","0","0","0","Style Box - Large Cap Growth","Style Box - Large Cap Growth"
"ProShares Nasdaq-100 High Income ETF","IQQQ","407.75","74.29043813722788647010195646183521631303",".2181","1.1463","-1.2049","-.4925","23.3658","17.101","Style Box - Large Cap Growth","Derivative Based ETF"
"NYLIM Candriam International Equity ETF","IQSI","268.16","77.9523883615995021005134588454955655827","-.3185","-2.4376","-1.8178",".4472","13.9853","16.0736","Strategy - Socially Responsible","Broad Developed World ETFs"
"NYLIM Candriam U.S. Mid Cap Equity ETF","IQSM","358.85","70.98841508503820557061868375647029824994","-.1451","-4.1584","-2.0092","-2.2152","14.2146","14.7692","Strategy - Socially Responsible","Style Box - Mid Cap Blend"
"NYLIM Candriam U.S. Large Cap Equity ETF","IQSU","350.87","92.74797942689199118295371050698016164585","-.2586","-.5395","-1.5548","1.239","25.3454","18.7012","Strategy - Socially Responsible","Style Box - Large Cap Blend"
"Defiance Daily Target 2X Long IREN ETF","IRE","265.12","2.97973778307508939213349225268176400477","-2.1852","28.4153","-28.0245","-44.9004","-33.1912","0","Derivative Based ETF","Single Stock ETF"
"iShares Morningstar Small-Cap ETF","ISCB","272","65.5319660792686594093943585734047031936","-.2431","-5.1565","-2.3481","-4.5514","12.764","14.286","Style Box - Small Cap Blend","Style Box - Small Cap Blend"
"iShares International Small-Cap Equity Factor ETF","ISCF","669.16","77.89185489390828199863107460643394934976","-.501","-2.8883","-2.5515","3.4614","12.3063","12.9912","Foreign Small/Mid Blend ETF","Foreign Small/Mid Blend ETF"
"iShares Morningstar Small-Cap Growth ETF","ISCG","956.27","65.48431105047748976807639836289222373806",".0016","-4.1881","-1.8886","-5.2962","14.6587","13.7963","Style Box - Small Cap Growth","Style Box - Small Cap Growth"
"iShares Morningstar Small-Cap Value ETF","ISCV","657.55","63.87321606372386325921008961168270826419","-.4274","-5.9445","-2.6518","-3.4355","11.5283","15.3448","Style Box - Small Cap Value","Style Box - Small Cap Value"
"iShares 1-3 Year International Treasury Bond ETF","ISHG","860.02","10.70509521358723623262995367987647967061","-.2158","-2.2334","-1.2178","-.3636",".2439","-2.7347","International - Broad Treasury","Developed Market Bond ETFs"
"Inspire Small/Mid Cap ETF","ISMD","319.96","72.52525252525252525252525252525252525253","-.2355","-4.6246","-1.9302","-5.5861","19.612","21.9389","Strategy - Socially Responsible","Style Box - All Cap Blend"
"ProShares S&P 500 High Income ETF","ISPY","1173.48","81.08108108108108108108108108108108108108","-.2604","-1.0451","-1.2175","1.5812","16.8068","12.2131","Style Box - Large Cap Blend","Derivative Based ETF"
"iShares International Developed Small Cap Value Factor ETF","ISVL","336.52","85.87354267721896008850310611862820185516","-1.0262","-1.7017","-1.9243","6.7589","17.3973","22.5483","Foreign Small/Mid Value ETF","Foreign Small/Mid Value ETF"
"iShares U.S. Aerospace & Defense ETF","ITA","12294.02","20.13276348094934982267891243066290806584",".0191","-9.9946","-2.1963","-12.3696","-2.9281","2.1541","Industrials  - Aerospace & Defense","Industrials ETFs"
"iShares U.S. Home Construction ETF","ITB","2422.88","7.8639356254572055596196049743964886613","-.4169","-7.547","-2.9111","-14.2696",".4365","-16.65","Consumer Discretionary - Broad","Consumer Discretionary ETFs"
"iShares Core S&P Total U.S. Stock Market ETF","ITOT","96179.9","87.46526705773386847792528558196974374807","-.1857","-.8176","-1.3264","2.4668","20.5643","15.9186","Style Box - All Cap Blend","Style Box - All Cap Blend"
"Invesco RAFI Strategic US ETF","IUS","967.78","84.6385360861975561307409859748389815205","-.296","-2.5041","-1.2566","4.118","20.2068","25.2085","Style Box - Large Cap Blend","Style Box - Large Cap Blend"
"iShares Core S&P U.S. Growth ETF","IUSG","33997.02","96.39397201291711517761033369214208826695",".111","1.511","-.8566","4.579","29.2684","18.8487","Style Box - All Cap Growth","Style Box - All Cap Growth"
"iShares Core S&P U.S. Value ETF","IUSV","27286.32","72.98686464877213021130782410051399200457","-.5119","-3.1499","-1.6513",".9628","11.2654","13.05","Style Box - All Cap Value","Style Box - All Cap Value"
"ishares S&P/TSX 60 Index ETF","IUTSF","16721.86","100","0","0","0","8.5283","12.5794","27.1295","Geographic - Canada","Canadian Equity ETFs"
"Alpha Architect International Quantitative Value ETF","IVAL","221.71","82.08918452820891845282089184528208918453","-.4985","-2.223","-2.26","7.0984","10.8213","22.0971","Foreign Small/Mid Value ETF","Foreign Small/Mid Value ETF"
"iShares S&P 500 Value ETF","IVE","48799.91","74.64514333426106317840244920679098246591","-.486","-2.958","-1.6173","1.3695","11.3697","13.1921","Style Box - Large Cap Value","Style Box - Large Cap Value"
"Dan IVES Wedbush AI Revolution ETF","IVES","1027.31","93.35142469470827679782903663500678426052",".2944","3.73","-2.3411","9.5098","48.6545","27.7999","Artificial Intelligence and Robotics ETF","Artificial Intelligence and Robotics ETF"
"iShares MSCI Intl Value Factor ETF","IVLU","4586.87","81.29844961240310077519379844961240310078","-1.079","-2.5774","-2.423","3.2838","14.0066","25.7653","Foreign Large Value ETF","Foreign Large Value ETF"
"Vanguard S&P Mid-Cap 400 Growth Index Fund ETF Shares","IVOG","1590.48","67.22576900754497968659315147997678467789","-.0248","-3.2168","-1.2705","-4.9601","11.981","14.7896","Style Box - Mid Cap Growth","Style Box - Mid Cap Growth"
"Quadratic Interest Rate Volatility and Inflation Hedge ETF","IVOL","236.39","15.66951566951566951566951566951566951567",".724","-1.6352","2.4564","-3.0718","-8.9374","-10.214","US Treasury - TIPS","Inflation-Protected Bond ETFs"
"Vanguard S&P Mid-Cap 400 Index Fund ETF Shares","IVOO","3693.29","61.84115523465703971119133574007220216606","-.0979","-4.1544","-1.4645","-5.1092","10.1041","12.4365","Style Box - Mid Cap Blend","Style Box - Mid Cap Blend"
"Vanguard S&P Mid-Cap 400 Value Index Fund ETF Shares","IVOV","1277.92","55.49242424242424242424242424242424242424","-.3898","-5.3708","-1.8871","-5.296","7.9163","7.3897","Style Box - Mid Cap Value","Style Box - Mid Cap Value"
"iShares Core S&P 500 ETF","IVV","881770.5","90.480414903780537737136617988262590419","-.1834","-.424","-1.1959","3.4309","21.1508","16.371","Style Box - Large Cap Blend","Style Box - Large Cap Blend"
"iShares S&P 500 BuyWrite ETF","IVVW","351.49","62.25165562913907284768211920529801324503","-.2416",".1327","-.3204","4.9979","14.5059","15.0325","Derivative Based ETF","Derivative Based ETF"
"iShares S&P 500 Growth ETF","IVW","78144.41","96.49928263988522238163558106169296987088",".0914","1.7485","-.8498","5.0651","30.1165","18.8633","Style Box - Large Cap Growth","Style Box - Large Cap Growth"
"iShares Russell 1000 ETF","IWB","48762.97","88.93788585107723321154088446516315988409","-.0982","-.6848","-1.2285","2.9426","20.451","15.5243","Style Box - Large Cap Blend","Style Box - Large Cap Blend"
"iShares Micro-Cap ETF","IWC","1386.59","73.33157617290458618871903004744333157617","-.2187","-4.5468","-3.6558","-6.239","19.1834","25.5218","Style Box - Micro Cap Blend","Style Box - Micro Cap Blend"
"iShares Russell 1000 Value ETF","IWD","81591.31","82.64931598264931598264931598264931598265","-.4279","-3.2592","-1.4604","2.9497","19.3391","24.2554","Style Box - Large Cap Value","Style Box - Large Cap Value"
"iShares Russell 1000 Growth ETF","IWF","127710.26","86.67537055525689271177328930189693571922",".0799","2.1661","-1.105","2.8111","21.6214","7.7947","Style Box - Large Cap Growth","Style Box - Large Cap Growth"
"iShares Russell Top 200 ETF","IWL","2241.31","93.43817787418655097613882863340563991323","-.152",".1343","-1.2444","4.1558","22.2862","16.1091","Style Box - Large Cap Blend","Style Box - Large Cap Blend"
"NYLIM Winslow Large Cap Growth ETF","IWLG","315.44","95.62913907284768211920529801324503311258",".279","1.9554","-.5843","3.517","24.1088","7.2385","Style Box - Large Cap Growth","Style Box - Large Cap Growth"
"iShares Russell 2000 ETF","IWM","76711.48","65.67517767833640431692550671229270860753","-.3607","-5.4064","-2.8551","-6.4252","15.3663","16.6046","Style Box - Small Cap Blend","Style Box - Small Cap Blend"
"NEOS Russell 2000 High Income ETF","IWMI","1276.87","42.42038216560509554140127388535031847134","-.3448","-4.5529","-2.6165","-4.3515","13.7166","16.2869","Derivative Based ETF","Style Box - Small Cap Blend"
"iShares Russell 2000 Value ETF","IWN","13915.26","71.95288494366678047115056333219528849437","-.3777","-5.0441","-2.6259","-4.246","14.0381","21.3487","Style Box - Small Cap Value","Style Box - Small Cap Value"
"iShares Russell 2000 Growth ETF","IWO","14267.9","59.63563605728727885425442291491154170177","-.3264","-5.5896","-2.8811","-8.333","16.5313","12.2348","Style Box - Small Cap Growth","Style Box - Small Cap Growth"
"iShares Russell Mid-Cap Growth ETF","IWP","19497.28","60.13289036544850498338870431893687707641",".225","-1.8844","-1.2866","-4.441","10.7867","-3.1578","Style Box - Mid Cap Growth","Style Box - Mid Cap Growth"
"iShares Russell Mid-Cap ETF","IWR","55192.63","67.53134457414613056636402939904885430177","-.0931","-4.1348","-1.6317","-2.2899","13.1191","12.5438","Style Box - Mid Cap Blend","Style Box - Mid Cap Blend"
"iShares Russell Mid-Cap Value ETF","IWS","14906.18","70.80070724930538014650164182874463248295","-.1973","-4.8465","-1.7241","-1.4888","13.8198","17.7509","Style Box - Mid Cap Value","Style Box - Mid Cap Value"
"iShares Russell 3000 ETF","IWV","20217.18","87.5210792580101180438448566610455311973","-.1823","-.8967","-1.3478","2.4616","20.1667","15.544","Style Box - All Cap Blend","Style Box - All Cap Blend"
"iShares Russell Top 200 Value ETF","IWX","3829.49","85.82417582417582417582417582417582417582","-.3987","-2.5736","-1.2931","4.7535","21.6709","27.0574","Style Box - Large Cap Value","Style Box - Large Cap Value"
"iShares Russell Top 200 Growth ETF","IWY","16124.42","88.66045615162222936074526180533247671057",".2003","2.8311","-1.0595","3.4108","22.7792","8.8775","Style Box - Large Cap Growth","Style Box - Large Cap Growth"
"iShares Global Energy ETF","IXC","2967.12","82.11302211302211302211302211302211302211","-1.2658","-.2802","-.5589","15.2632","-1.0226","38.6876","Energy - Broad","Energy ETFs"
"iShares Global Financials ETF","IXG","710.33","68.44291170690102718136982237549597656395","-.511","-4.5039","-1.6766","3.3127","18.3762","12.4238","Financials-Broad","Financials ETFs"
"iShares Global Healthcare ETF","IXJ","4398.65","77.10699342498505678421996413628212791393","-.4418","-1.069","-.0096","4.1709","14.6041","21.3413","Healthcare - Broad","Health Care ETFs"
"iShares Global Tech ETF","IXN","9686.29","96.55427936272693590218599481289366432012",".3801","5.1778","-.9113","5.2452","51.9363","45.6264","Technology  - broad","Technology ETFs"
"iShares Global Comm Services ETF","IXP","610.53","50.67698259187620889748549323017408123791",".2615","1.0628","-2.2774","4.6764","7.8129","-.9691","Communication Services - Broad","Communication Services ETFs"
"iShares Core MSCI Total International Stock ETF","IXUS","59335.48","82.85065303804656445201590005678591709256","-.271","-2.0673","-2.2574",".9495","15.66","19.705","Foreign Large Blend ETF","Foreign Large Blend ETF"
"iShares U.S. Consumer Discretionary ETF","IYC","1177.2","8.72586872586872586872586872586872586873",".042","-6.3992","-2.1648","-5.9197","1.5079","-9.0866","Consumer Discretionary - Broad","Consumer Discretionary ETFs"
"iShares U.S. Energy ETF","IYE","1663.67","81.39145012573344509639564124056999161777","-.8567","-1.5796","-.5066","14.4523","-1.0384","37.805","Energy - Broad","Energy ETFs"
"iShares U.S. Financials ETF","IYF","3962.76","52.16346153846153846153846153846153846154","-.3296","-7.2245","-2.1496","-.2365","12.1234","1.4049","Financials-Broad","Financials ETFs"
"iShares U.S. Financial Services ETF","IYG","2120.94","59.03679653679653679653679653679653679654","-.4266","-6.6555","-1.5466",".862","14.2402","2.0597","Financials-Broad","Financials ETFs"
"iShares U.S. Healthcare ETF","IYH","3996.85","86.74948240165631469979296066252587991718","-.3578",".4022",".4578","6.8759","21.1525","27.7639","Healthcare - Broad","Health Care ETFs"
"iShares U.S. Industrials ETF","IYJ","2002.72","52.82714054927302100161550888529886914378",".0064","-4.4818","-.7099","-5.2959","7.6916","7.6716","Industrials  - Broad","Industrials ETFs"
"iShares U.S. Consumer Staples ETF","IYK","1587.44","52.61885576148267526188557614826752618856","-.0975","-3.9429","-.9661","-1.8002","4.1804","7.9855","Consumer Staples - Broad","Consumer Staples ETFs"
"iShares U.S. Basic Materials ETF","IYM","1168.96","69.92835925214048575921719377948628341779","-.3336","-7.0329","-3.2965","1.1453","5.4958","23.0023","Materials  - Broad","Materials ETFs"
"iShares U.S. Real Estate ETF","IYR","4134.88","23.9590443686006825938566552901023890785","-.0416","-6.3539","-2.5942","-6.9477","5.1379","1.92","Real Estate   - REITs","Real Estate ETFs"
"NEOS Real Estate High Income ETF","IYRI","301.49",".6433823529411764705882352941176470588235",".0766","-5.7133","-2.5267","-5.3659","4.296","1.533","Derivative Based ETF","Real Estate ETFs"
"iShares U.S. Transportation ETF","IYT","1897.68","51.76040237768632830361225422953818015546",".4932","-7.8062","-.8609","-9.1108","10.0851","10.9189","Industrials  - Transportation/Shipping","Industrials ETFs"
"iShares U.S. Technology ETF","IYW","26422.89","96.99751593044605248946970515174424883897","-.0873","4.8524","-.9963","6.9774","49.6172","35.2209","Technology  - broad","Technology ETFs"
"iShares Dow Jones U.S. ETF","IYY","3032.34","89.186923721709974853310980720871751886","-.136","-.6861","-1.2943","2.983","20.8017","15.7574","Style Box - All Cap Blend","Style Box - All Cap Blend"
"iShares U.S. Telecommunications ETF","IYZ","1064.24","67.87878787878787878787878787878787878788",".0243","-3.9306","-1.3889","-2.6186","5.1727","30.6857","Communication Services - Broad","Communication Services ETFs"
"Janus Henderson AAA CLO ETF","JAAA","31459.35","68.88888888888888888888888888888888888889","-.0394",".3701","0","1.1985","2.7497","4.6732","Asset Backed - MBS","Mortgage-Backed Security ETFs"
"Innovator Equity Defined Protection ETF - 6 Mo Jan/Jul","JAJL","301.78","96.68218859138533178114086146682188591385","-.1253",".2217","-.1549","1.2772","4.4912","5.7682","Derivative Based ETF","Defined Outcome"
"AllianzIM U.S. Equity Buffer20 Jan ETF","JANW","356.13","97.62162162162162162162162162162162162162","-.0202",".3959","-.1716","2.564","9.8639","9.5142","Derivative Based ETF","Defined Outcome"
"JPMorgan Active Value ETF","JAVA","6918.71","77.65128819652486518873576992210904733373","-.249","-3.4922","-.9337","1.0473","14.6224","17.8816","Style Box - All Cap Value","Style Box - All Cap Value"
"Janus Henderson B-BBB CLO ETF","JBBB","1527.5","56.06060606060606060606060606060606060606","-.2728",".3368","-.1471","1.4907","4.5618","4.9033","Asset Backed - MBS","Mortgage-Backed Security ETFs"
"John Hancock Disciplined Value International Select ETF","JDVI","762.8","80.89835610094929381801342903449872655707","-.223","-2.1956","-2.2597","4.8425","15.6652","22.2977","Foreign Large Value ETF","Foreign Large Value ETF"
"John Hancock Disciplined Value Select ETF","JDVL","921.98","82.02101626601410680869440046063048798042",".1435","-3.399","-1.5209","-.8681","18.1439","20.032","Style Box - Large Cap Value","Style Box - Large Cap Value"
"JPMorgan ActiveBuilders Emerging Markets Equity ETF","JEMA","1766.2","81.60896335924094074896537801554456444938",".3205",".7077","-2.431","-.6537","23.4911","31.6166","Geographic - Broad Emerging Markets","Broad Emerging Market ETFs"
"JPMorgan Equity Premium Income ETF","JEPI","45497.61","26.14379084967320261437908496732026143791","-.0354","-1.6068","-.4406","2.0822","5.9812","7.2215","Derivative Based ETF","Style Box - Large Cap Blend"
"JPMorgan Nasdaq Equity Premium Income ETF","JEPQ","43831.15","96.35890767230169050715214564369310793238",".1145","2.8471",".0163","4.1254","19.93","18.3484","Derivative Based ETF","Style Box - Large Cap Growth"
"U.S. Global Jets ETF","JETS","834.76","49.74721941354903943377148634984833164813",".2457","-2.1247","-1.9231","-13.6638","18.3589","14.012","Industrials  - Transportation/Shipping","Industrials ETFs"
"JPMorgan Global Select Equity ETF","JGLO","6426.07","81.39657908658084993828248986069476282843",".0413","-1.5993","-.8061","2.8445","14.5689","7.3329","Global Large-Cap Blend Equity ETF","Global Large-Cap Blend Equity ETF"
"JPMorgan Active Growth ETF","JGRO","10145.1","83.91764051196438508625486922648859209794","-.0103","2.5149","-.8518","-.2581","17.7883","3.4046","Style Box - Large Cap Growth","Style Box - Large Cap Growth"
"John Hancock Multifactor Emerging Markets ETF","JHEM","985.76","82.81052821344871101496304308635298359474","-.0349",".0425","-2.457","1.0367","20.4657","29.1717","Geographic - Broad Emerging Markets","Broad Emerging Market ETFs"
"John Hancock Global Senior Loan ETF","JHLN","637.45","13.3802816901408450704225352112676056338",".3912","-.0581","-.1393","1.0463","3.4793","3.2272","Corporates - Bank Loan","High-Yield/Junk Bond ETFs"
"John Hancock Multifactor Developed International ETF","JHMD","978.02","73.03634232121922626025791324736225087925","-.7544","-3.3283","-2.0475",".9137","10.8701","15.6312","Geographic - EAFE","Broad Developed World ETFs"
"John Hancock Multifactor Large Cap ETF","JHML","1166.65","81.907752940451998275755896299033191699","-.1217","-1.7096","-1.1917",".8352","17.4666","15.6125","Style Box - Large Cap Blend","Style Box - Large Cap Blend"
"John Hancock Multifactor Mid Cap ETF","JHMM","5898.93","64.99348109517601043024771838331160365059","-.1249","-4.18","-1.5187","-3.6799","9.8298","12.5103","Style Box - Mid Cap Blend","Style Box - Mid Cap Blend"
"John Hancock Multifactor Small Cap ETF","JHSC","688.75","59.2574688194914434883496084308227786909","-.2269","-5.7476","-2.3361","-5.7184","8.9077","11.0445","Style Box - Small Cap Blend","Style Box - Small Cap Blend"
"JPMorgan International Growth ETF","JIG","528.1","76.98253650157457772688233610077297452047",".6298","-.8198","-1.5805","-1.5233","17.674","13.2446","Foreign Large Growth ETF","Foreign Large Growth ETF"
"Janus Henderson Income ETF","JIII","231.84","1.79640718562874251497005988023952095808",".1242","-1.8838","-1.0638","-2.1675",".9115","1.4091","Total Bond Market - Broad","Total Bond Market ETFs"
"JPMorgan International Research Enhanced Equity ETF","JIRE","11020.03","75.79843860894251242015613910574875798439","-.3742","-2.8487","-1.4802",".4626","12.823","15.9159","Geographic - EAFE","Broad Developed World ETFs"
"JPMorgan International Value ETF","JIVE","4070.22","85.02085703450891164201744406522563519151","-.8049","-1.808","-2.1478","4.8218","15.6674","27.6949","Foreign Large Value ETF","Foreign Large Value ETF"
"JPMorgan Small & Mid Cap Enhanced Equity ETF","JMEE","2922.35","69.02887139107611548556430446194225721785","-.162","-3.7731","-1.3077","-4.5308","12.9333","16.8958","Style Box - All Cap Blend","Style Box - All Cap Blend"
"JPMorgan U.S. Momentum Factor ETF","JMOM","2746.05","90.54652880354505169867060561299852289513",".288","1.4119","-.4563","-.7441","26.1977","24.2019","Style Box - All Cap Growth","Style Box - All Cap Growth"
"Direxion Daily Junior Gold Miners Index Bull 2X ETF","JNUG","410.27","19.60412468887045158231598909565011259927","2.6279","-21.2884","-18.5363","25.8345","-9.2416","-2.4522","Derivative Based ETF","Leveraged Equity ETFs"
"Virtus Terranova U.S. Quality Momentum ETF","JOET","237.67","76.00431706439621057680777071591317903825",".042","-1.0833","-.7386","-1.2666","15.8286","5.7903","Style Box - Large Cap Blend","Style Box - Large Cap Blend"
"JPMorgan Equity Focus ETF","JPEF","2025.88","87.40375731444410224822913458577148136742","-.2638","-.0209","-1.2488","2.0116","16.2144","9.7354","Style Box - All Cap Blend","Style Box - All Cap Blend"
"JPMorgan Diversified Return Emerging Markets Equity ETF","JPEM","376.84","61.10310763531590862317349248816628935995","-.5354","-3.026","-1.7972","2.3659","8.2138","12.8696","Geographic - Broad Emerging Markets","Broad Emerging Market ETFs"
"JPMorgan International Bond Opportunities ETF","JPIB","2212.63",".364963503649635036496350364963503649635",".0214","-2.1068","-1.3314","-2.7421",".7558","-.1267","Derivative Based ETF","Total Bond Market ETFs"
"JPMorgan Diversified Return International Equity ETF","JPIN","358.37","70.32333463186599142968445656408258667705","-.9028","-3.4037","-1.7268","2.7614","9.1652","16.0671","Foreign Large Value ETF","Foreign Large Value ETF"
"JPMorgan Limited Duration Bond ETF","JPLD","4057.17","2.14814814814814814814814814814814814815",".0564","-.7345","-.3507","-.4027",".7938","2.3049","Total Bond Market - Broad","Total Bond Market ETFs"
"JPMorgan Diversified Return U.S. Mid Cap Equity ETF","JPME","468.66","62.54802831142568250758341759352881698686","-.1997","-4.9848","-1.3525","-3.5011","7.1119","13.1853","Style Box - Mid Cap Blend","Style Box - Mid Cap Blend"
"JPMorgan Realty Income ETF","JPRE","455.32","42.02066590126291618828932261768082663605",".0601","-4.6112","-1.3704","-5.4707","6.8845","7.493","Real Estate   - REITs","Real Estate ETFs"
"JPMorgan Diversified Return U.S. Small Cap Equity ETF","JPSE","567.69","65.72936244036431979181726181870753216712","-.4228","-4.6991","-1.594","-5.2873","9.9884","15.35","Style Box - Small Cap Blend","Style Box - Small Cap Blend"
"JPMorgan Ultra-Short Income ETF","JPST","41777.91","11.11111111111111111111111111111111111111",".0596",".0231",".0199",".6167","1.7411","3.424","Ultra short Bond ETF","Ultra short Bond ETF"
"JPMorgan Diversified Return U.S. Equity ETF","JPUS","451.33","64.8337797384591145423034504490310382858","-.1046","-4.3989","-1.036","-2.3531","7.4402","13.225","Style Box - Large Cap Blend","Style Box - Large Cap Blend"
"JPMorgan U.S. Quality Factor ETF","JQUA","8903.82","90.05772931366260423348300192431045542014",".1219","-1.014","-.5892","3.4333","23.7822","18.9445","Style Box - All Cap Blend","Style Box - All Cap Blend"
"Janus Henderson Securitized Income ETF","JSI","1533.37","5.38872891814068284656519950637597696421",".2594","-1.1464","-.5739","-.982",".4134","2.0123","Asset Backed - MBS","Mortgage-Backed Security ETFs"
"Janus Henderson Small/Mid Cap Growth Alpha ETF","JSMD","1023","56.01918652263775689271926061693249619779",".2496","-3.4971","-2.2174","-9.82","16.7998","7.19","Style Box - Small Cap Growth","Style Box - Small Cap Growth"
"Janus Henderson Small Cap Growth Alpha ETF","JSML","340.61","74.1911877984902172238484054845170235711","-.2204","-2.674","-1.6446","-5.7766","26.1771","15.3379","Style Box - Small Cap Growth","Style Box - Small Cap Growth"
"Adasina Social Justice All Cap Global ETF","JSTC","297.13","81.98614318706697459584295612009237875289","0","-1.9599","-1.4017","-.2374","18.44","12.5775","Strategy - Socially Responsible","World ETFs"
"JPMorgan U.S. Tech Leaders ETF","JTEK","4660.07","80.34979711767175038477682943892542325451",".7712","3.6387","-1.2097","-3.2846","35.542","13.5073","Technology  - broad","Technology ETFs"
"AllianzIM U.S. Equity Buffer20 Jul ETF","JULW","254.35","95.95702572801809443030817076618603336161","-.0024",".0964","-.3432","1.8394","8.1944","8.2508","Derivative Based ETF","Defined Outcome"
"AllianzIM U.S. Equity Buffer20 Jun ETF","JUNW","380.03","93.55098750503829101168883514711809754131",".0429",".0429","-.3137","2.1028","5.9811","6.7122","Derivative Based ETF","Defined Outcome"
"JPMorgan U.S. Research Enhanced Large Cap ETF","JUSA","720.47","88.34156886967263743051266213712168004941","-.2035","-.748","-.991","3.2143","19.9667","15.5995","Style Box - Large Cap Blend","Style Box - Large Cap Blend"
"Goldman Sachs JUST U.S. Large Cap Equity ETF","JUST","568.19","87.10207060111283407826324911064489646994","-.2462","-1.34","-1.2232","3.1549","21.1002","17.7168","Strategy - Socially Responsible","Style Box - Large Cap Growth"
"JPMorgan U.S. Value Factor ETF","JVAL","985.81","83.38101076147663806020978068383054079826",".0516","-2.0354","-1.1735",".0368","22.562","24.6398","Style Box - All Cap Value","Style Box - All Cap Value"
"iShares Global Utilities ETF","JXI","368.88","2.78884462151394422310756972111553784861",".4554","-5.3225","-2.2785","-10.1029","-7.4371","2.3461","Utilities  - Broad","Utilities/Infrastructure ETFs"
"Innovator U.S. Small Cap Power Buffer ETF - April","KAPR","214.48","84.84393757503001200480192076830732292917","-.2732","-1.896","-1.43","-.6451","9.5405","15.2124","Derivative Based ETF","Defined Outcome"
"Scharf ETF","KAT","650.92","62.64359242130389377890496792480978666269",".2118","-4.1554","-1.4097","5.0337","8.1643","1.8528","Global Large-Cap Blend Equity ETF","Global Large-Cap Blend Equity ETF"
"State Street SPDR S&P Bank ETF","KBE","1496.54","52.71411338962605548854041013268998793727","-1.0388","-6.2147","-2.1463","-5.8709","11.5348","9.1254","Financials - Banking","Financials ETFs"
"Invesco KBW Bank ETF","KBWB","6295.75","55.27926549349655700076511094108645753634","-.7444","-8.1221","-2.4498","-5.5721","16.6946","13.7845","Financials - Banking","Financials ETFs"
"Invesco KBW High Dividend Yield Financial ETF","KBWD","369.19","1.30830489192263936291240045506257110353",".4109","-9.0002","-4.0874","-5.8609","-.1829","-3.756","Financials-Broad","Financials ETFs"
"Invesco KBW Property & Casualty Insurance ETF","KBWP","275.26","35.37925163173470628775286820448372319293",".3427","-7.975","-1.1177","-2.2968","7.184","3.318","Financials - Insurance","Financials ETFs"
"Invesco KBW Premium Yield Equity REIT ETF","KBWY","300.45","40.30769230769230769230769230769230769231","-.2513","-7.0954","-3.1493","-9.1369","16.2011","14.7106","Real Estate   - REITs","Real Estate ETFs"
"State Street SPDR S&P Capital Markets ETF","KCE","514.91","55.24819621140657267419626239706294776024","-.3681","-9.6567","-2.3605","6.3104","17.2811","1.7451","Financials - Brokers/ Capital markets","Financials ETFs"
"Kensington Hedged Premium Income ETF","KHPI","442.59","83.33333333333333333333333333333333333333","-.0384",".5578","-.4587","2.508","12.6364","10.2538","Style Box - Large Cap Blend","Derivative Based ETF"
"State Street SPDR S&P Insurance ETF","KIE","552.33","45.9689922480620155038759689922480620155",".1515","-6.6435","-1.9937","-2.8113","11.8182","2.6162","Financials - Insurance","Financials ETFs"
"Innovator U.S. Small Cap Power Buffer ETF - January","KJAN","318.69","87.75040606388738494856524093123984840282","-.3064","-1.5561","-1.3535",".0879","10.6953","12.988","Derivative Based ETF","Defined Outcome"
"Innovator U.S. Small Cap Power Buffer ETF - July","KJUL","227.98","64.76167315175097276264591439688715953307","-.1816","-2.6995","-1.4522","-2.8285","4.2055","6.6279","Derivative Based ETF","Defined Outcome"
"Invesco MSCI North America Climate ETF","KLMN","2451.54","90.16501650165016501650165016501650165017","-.0127","-.6895","-1.2941","3.4829","21.0289","16.6533","Strategy - Socially Responsible","Style Box - Large Cap Blend"
"Invesco MSCI Global Climate 500 ETF","KLMT","1586.58","88.24809575625680087051142546245919477693",".1061","-.8784","-1.5123","2.5199","19.704","18.1108","Strategy - Socially Responsible","World ETFs"
"KraneShares Mount Lucas Managed Futures Index Strategy ETF","KMLM","545.25","97.74859287054409005628517823639774859287",".0323","4.5547","1.2084","13.309","10.4026","19.8275","Derivative Based ETF","Hedge Fund ETFs"
"FT Vest S&P 500 Dividend Aristocrats Target Income ETF","KNG","3250.37","9.45674044265593561368209255533199195171","-.4112","-5.3643","-1.3653","-2.1983","5.0549","7.1412","Derivative Based ETF","Style Box - Large Cap Growth"
"KraneShares Global Humanoid Robotics and Physical AI Index ETF","KOID","342.65","52.65544041450777202072538860103626943005",".1951","-.8002","-1.9367","-8.8026","17.6759","13.0148","Artificial Intelligence and Robotics ETF","Artificial Intelligence and Robotics ETF"
"Xtrackers MSCI Kokusai Equity ETF","KOKU","804.15","85.80569119380367065162485266879946118875","-.2588","-1.328","-1.4173","3.8415","18.741","15.6765","Global Large-Cap Blend Equity ETF","Global Large-Cap Blend Equity ETF"
"State Street SPDR S&P Kensho New Economies Composite ETF","KOMP","2639.15","55.34787123572170301142263759086188992731",".0901","-1.1304","-2.6711","-4.2205","16.4179","8.8423","Geographic - Global Total Market","World ETFs"
"Direxion Daily MSCI South Korea Bull 3X ETF","KORU","1335.15","27.84164025322359159491134583329734771606","5.2451","3.3702","-9.6761","-41.8535","56.7039","306.3635","Derivative Based ETF","Leveraged Equity ETFs"
"State Street SPDR S&P Regional Banking ETF","KRE","3760.5","59.07023749368367862556846892369883779687","-1.0206","-5.461","-1.9104","-6.0301","11.5026","12.3828","Financials - Regional Banks","Financials ETFs"
"iShares MSCI Saudi Arabia ETF","KSA","596.74","11.15384615384615384615384615384615384615","-1.4614","-7.2593","-2.5167","-2.6471","-2.392","-6.743","Geographic - Middle East","Africa-Middle East Equity ETFs"
"KraneShares China Technology & Semiconductor STAR 50 Index ETF","KSTR","387.93","36.05898123324396782841823056300268096515",".84","-4.8394","-7.4269","-26.0616","26.0918","15.4937","Geographic - China","Asia-Pacific (Emerging) ETFs"
"KraneShares CSI China Internet ETF","KWEB","4707.59","3.83221128948731227343345416882444329363","-1.176","-7.4088","-3.9417",".2881","-12.6836","-36.9101","Geographic - China","Asia-Pacific (Emerging) ETFs"
"iShares Global Consumer Staples ETF","KXI","1131.84","26.85321551300932744231713303878252331861","-.9959","-3.742","-1.7244","-3.6157",".6458","5.813","Consumer Staples - Broad","Consumer Staples ETFs"
"Direxion Daily S&P Biotech Bull 3X ETF","LABU","591.37","67.04038626785056671713245222799623552519",".3846","-11.7528","-9.6886","-10.5184","88.434","186.2088","Derivative Based ETF","Leveraged Equity ETFs"
"First Trust Multi-Strategy Alternative ETF","LALT","386.77","82.63048016701461377870563674321503131524","-.0649","1.4786","-.52","2.9163","2.8377","12.6818","Absolute Returns ","Hedge Fund ETFs"
"Principal Capital Appreciation Select ETF","LCAP","1881.02","90.93920821600132516150405830710617856551",".0593",".1485","-.648","2.7414","18.8932","16.9962","Style Box - All Cap Blend","Style Box - All Cap Blend"
"iShares World ex U.S. Carbon Transition Readiness Aware Active ETF","LCTD","316.44","70.92166421040698333522276385897290556626","-.7235","-3.2995","-2.1265","1.2972","10.3412","13.3969","Foreign Large Blend ETF","Foreign Large Blend ETF"
"iShares U.S. Carbon Transition Readiness Aware Active ETF","LCTU","1177.77","87.41976893453145057766367137355584082157","-.1733","-1.227","-1.4222","3.0237","20.2251","14.1776","Style Box - All Cap Blend","Style Box - All Cap Blend"
"iShares iBonds 1-5 Year Treasury Ladder ETF","LDRT","235.87","2.94117647058823529411764705882352941176",".0407","-1.0951","-.385","-1.0638","-.4386",".2802","US Treasury - Mid Term","Government Bond ETFs"
"SGI Enhanced Market Leaders ETF","LDRX","256.8","92.7119741100323624595469255663430420712","-.246",".4108","-1.3155","5.6172","23.8349","16.7446","Style Box - Large Cap Blend","Derivative Based ETF"
"PIMCO Enhanced Low Duration Active ETF","LDUR","1322.48",".4154549231408392189447444952222683838803",".0106","-.8508","-.4866","-.6221",".534","2.0922","Total Bond Market - Broad","Total Bond Market ETFs"
"iShares J.P. Morgan EM Local Currency Bond ETF","LEMB","733.24","58.41584158415841584158415841584158415842",".1187","-1.9749","-1.6091","-.5539","4.3016","5.0201","Sovereign - Broad Market","Emerging Market Bond ETFs"
"JPMorgan Fundamental Data Science Large Growth ETF","LGDS","1129.9","90.43442790128492759534978584540077503569",".002","2.2794","-.9205","0","0","0","Style Box - Large Cap Growth","Style Box - Large Cap Growth"
"HCM Defender 500 Index ETF","LGH","594.61","86.40532278367200143859018162201042977882","-.2846","-.6784","-1.8635","4.323","16.8085","9.7141","Moderate Allocation ","Total Portfolio ETFs"
"State Street SPDR US Large Cap Low Volatility Index ETF","LGLV","1168.6","22.01128783991790661877886095433555669574","-.278","-5.833","-1.3415","-2.9746","1.2286","1.3981","Style Box - Large Cap Blend","Style Box - Large Cap Blend"
"Global X Lithium & Battery Tech ETF","LIT","1432.83","38.77984084880636604774535809018567639257",".3808","-9.8988","-3.9114","-10.9237","-4.2346","22.1994","Materials  - Rare Earth/Lithium","Materials ETFs"
"PIMCO Senior Loan Active Exchange-Traded Fund","LONZ","641.18","12.57668711656441717791411042944785276074",".0407",".1518","-.2231","1.8067","4.1976","5.1281","Corporates - Bank Loan","High-Yield/Junk Bond ETFs"
"Innovator Deepwater Frontier Tech ETF","LOUP","215.49","66.96801112656467315716272600834492350487",".5434","-.7018","-3.4384","-7.5335","31.371","18.5138","Technology  - broad","Technology ETFs"
"iShares Interest Rate Hedged Corporate Bond ETF","LQDH","583.45","48.6928104575163398692810457516339869281",".0637",".2211","-.4832",".9182","4.0413","4.8689","Corporates - Investment Grade","Investment Grade Corporate Bond ETFs"
"AB US Large Cap Strategic Equities ETF","LRGC","1368.7","88.45223700120918984280532043530834340992","-.0139","-.519","-.6717","3.6364","20.1759","12.9079","Style Box - Large Cap Blend","Style Box - Large Cap Blend"
"ClearBridge Large Cap Growth Select ETF","LRGE","389.32","95.0926469802958295509157900357772200566",".1396","1.7415","-1.0066","6.9461","24.5219","8.8","Style Box - Large Cap Growth","Style Box - Large Cap Growth"
"iShares U.S. Equity Factor ETF","LRGF","3707.63","91.195795006570302233902759526938239159","-.2685","-.3403","-1.1656","4.0758","21.6539","14.3875","Style Box - All Cap Value","Style Box - All Cap Value"
"Nomura Focused Large Growth ETF","LRGG","288.19","86.58453114305270362765229295003422313484","-.533","-1.0865","-.4667","9.6182","20.4032",".2013","Style Box - Large Cap Growth","Style Box - Large Cap Growth"
"NYLIM U.S. Large Cap R&D Leaders ETF","LRND","457.69","95.82960006516249898183595340881322798729","-.086","2.2649","-1.0634","9.5703","32.2549","20.7283","Style Box - Large Cap Blend","Style Box - Large Cap Blend"
"Natixis Loomis Sayles Focused Growth ETF","LSGR","909.66","83.41288782816229116945107398568019093079",".0424","-1.6239","-2.15","6.6112","18.4725",".8549","Style Box - All Cap Growth","Style Box - All Cap Growth"
"LSV Disciplined Value ETF","LSVD","669.76","91.52201524132091447925486875529212531753","-.1855","-1.0103","-1.6421","4.768","25.8569","28.951","Style Box - Large Cap Value","Style Box - Large Cap Value"
"Franklin U.S. Low Volatility High Dividend Index ETF","LVHD","595.93","35.3254901960784313725490196078431372549","-.2463","-5.6027","-2.0061","-5.4146",".0774","5.3519","Style Box - Large Cap Value","Style Box - Large Cap Value"
"Franklin International Low Volatility High Dividend Index ETF","LVHI","5962.61","83.86336866902237926972909305064782096584","-.9936","-1.5133","-1.5526","3.688","8.2286","26.2551","Foreign Large Value ETF","Foreign Large Value ETF"
"Roundhill Photonics & Optics ETF","LYTE","239.87","29.87249544626593806921675774134790528233","3.4425","1.6082","-6.702","0","0","0","Technology  - Semiconductors","Technology ETFs"
"Roundhill Magnificent Seven ETF","MAGS","5377.59","91.0125142207053469852104664391353811149","-.1818","3.3589","-1.626","12.3898","28.7466","10.2038","Derivative Based ETF","Technology ETFs"
"AllianzIM U.S. Equity Buffer10 May ETF","MAYT","238.7","93.52601156069364161849710982658959537572","-.1227","-.0751","-.6746","2.8324","9.6365","10.6152","Derivative Based ETF","Defined Outcome"
"AllianzIM U.S. Equity Buffer20 May ETF","MAYW","454.4","93.93939393939393939393939393939393939394","-.0563",".226","-.4769","2.1742","5.9611","7.7241","Derivative Based ETF","Defined Outcome"
"iShares Mortgage-Backed Securities Active ETF","MBBA","693.17",".2454590083456062837506136475208640157094",".0213","-3.5196","-2.1463","-4.8239","-2.3504","0","Asset Backed - MBS","Mortgage-Backed Security ETFs"
"Monarch Blue Chips Elite Index ETF","MBCE","204.3","65.10308565103085651030856510308565103086",".9037","3.6593",".4311","-3.9226","0","0","Style Box - Large Cap Blend","Style Box - Large Cap Blend"
"iShares MSCI China ETF","MCHI","6052.61","9.81223500908540278619018776499091459721","-.8375","-5.6672","-3.9631","2.5792","-4.3026","-18.8215","Geographic - China","Asia-Pacific (Emerging) ETFs"
"Myriad Dynamic Asset Allocation ETF","MDAA","451.68","78.66158014831717056474614945807187678266",".1451","-.9552","-1.3438",".7427","21.2739","0","Moderate Allocation ","Total Portfolio ETFs"
"Multi-Asset Diversified Income ETF","MDIV","410.84","24.42804428044280442804428044280442804428","-.2194","-4.6099","-1.8327","-2.2955","3.0737","6.66","Multi-Asset - Total Portfolio","Total Portfolio ETFs"
"Westwood Salient Enhanced Midstream Income ETF","MDST","288.7","49.77990430622009569377990430622009569378","-1.1539","-4.6995","-2.993","-1.4991","-.5756","14.3001","Energy - MLP","MLP ETFs"
"State Street SPDR S&P MIDCAP 400 ETF Trust","MDY","25479.61","61.77502023199352576207175613703803614783","-.1286","-4.1585","-1.5302","-5.1706","9.8933","12.0764","Style Box - Mid Cap Blend","Style Box - Mid Cap Blend"
"State Street SPDR S&P 400 Mid Cap Growth ETF","MDYG","2773.23","66.59103800340328984685195689166193987521",".1911","-3.1176","-1.2991","-5.0437","11.9457","15.3073","Style Box - Mid Cap Growth","Style Box - Mid Cap Growth"
"State Street SPDR S&P 400 Mid Cap Value ETF","MDYV","2696.96","54.53521126760563380281690140845070422535","-.3125","-5.2583","-1.7922","-5.1682","8.137","9.301","Style Box - Mid Cap Value","Style Box - Mid Cap Value"
"Direxion Daily META Bull 2X ETF","METU","474.19","53.03088067098741898589401448722836446817","6.3944","58.4913",".3513","58.0992","68.7437","-25.4698","Derivative Based ETF","Single Stock ETF"
"Roundhill Ball Metaverse ETF","METV","225.28","86.34969325153374233128834355828220858896","-.6903","2.708","-4.092","14.2638","36.9665",".3539","Technology  - broad","Technology ETFs"
"PIMCO RAFI Dynamic Multi-Factor International Equity ETF","MFDX","460.36","77.77282850779510022271714922048997772829","-.669","-2.491","-2.0545",".78","9.2911","15.4402","Foreign Large Blend ETF","Foreign Large Blend ETF"
"MFS Active Growth ETF","MFSG","393.59","95.24421593830334190231362467866323907455",".0885","1.1192","-.9471","2.5109","23.0875","9.174","Style Box - Large Cap Growth","Style Box - Large Cap Growth"
"MFS Active International ETF","MFSI","1231.27","80.54474708171206225680933852140077821012","-.3332","-2.2579","-1.4675","1.707","14.3585","12.9927","Foreign Large Blend ETF","Foreign Large Blend ETF"
"MFS Active Value ETF","MFSV","590.63","61.06382978723404255319148936170212765957","-.0708","-4.7145","-1.1916","-.3925","8.2349","9.9704","Style Box - Large Cap Value","Style Box - Large Cap Value"
"PIMCO RAFI Dynamic Multi-Factor U.S. Equity ETF","MFUS","301.28","81.57972952890474067469163322930598900282","-.1411","-1.5853","-1.1821","-2.3479","13.8535","17.8105","Style Box - All Cap Blend","Style Box - All Cap Blend"
"Vanguard Morningstar Mega Cap ETF","MGC","10401.2","93.0086956521739130434782608695652173913",".0346",".4565","-1.1757","4.5743","23.7786","17.6622","Style Box - Large Cap Blend","Style Box - Large Cap Blend"
"Vanguard Morningstar Mega Cap Growth ETF","MGK","34472.47","95.22390675663833143458066777670668653054",".0287","2.6481","-1.0837","6.981","30.3778","15.8695","Style Box - Large Cap Growth","Style Box - Large Cap Growth"
"American Beacon GLG Natural Resources ETF","MGNR","1257.49","62.30135715114255886788075629277346015543","-.2002","-9.1985","-5.4797","3.4255","-.7098","24.8274","Materials  - Broad","Materials ETFs"
"Vanguard Morningstar Mega Cap Value ETF","MGV","13407.66","81.14949374627754615842763549731983323407",".2176","-2.4243","-.9981","-.3088","15.4193","21.24","Style Box - Large Cap Value","Style Box - Large Cap Value"
"MIG Core ETF","MIGO","772.19","91.3949878021734309159458860057662452872",".4244",".9167","-1.375","-.3019","35.8205","0","Style Box - Large Cap Blend","Style Box - Large Cap Blend"
"PIMCO Enhanced Short Maturity Active ETF","MINT","17949.51","60.37735849056603773584905660377358490566",".0199",".1538","-.0695",".8227","2.043","4.1185","Ultra short Bond ETF","Ultra short Bond ETF"
"First Trust Indxx Aerospace & Defense ETF","MISL","693.45","21.75327454841195103158976115058642239534","-.0716","-6.2052","-1.9668","-6.8935","-5.3357","3.0462","Industrials  - Aerospace & Defense","Industrials ETFs"
"Global X MLP ETF","MLPA","2287.1","64.02116402116402116402116402116402116402","-.9417","-5.5956","-3.1588","3.0926","1.3467","18.9808","Energy - MLP","MLP ETFs"
"UBS ETRACS Alerian MLP Infrastructure Index ETN Series B","MLPB","226.71","70.66919791172282866635026103464641670622","-1.5588","-6.0921","-3.1497","2.228","-.8977","17.4882","Energy - MLP","MLP ETFs"
"NEOS MLP & Energy Infrastructure High Income ETF","MLPI","921.47","12.68075639599555061179087875417130144605","-.9036","-5.8998","-3.2227","-5.4812","-4.927","406.1737","Energy - MLP","MLP ETFs"
"Global X MLP & Energy Infrastructure ETF","MLPX","3461.25","63.04347826086956521739130434782608695652","-.916","-6.5399","-2.8331","-4.119","-4.6542","17.3063","Energy - MLP","MLP ETFs"
"NYLIM Merger Arbitrage ETF","MNA","265.03","86.74521354933726067746686303387334315169","-.163",".4483","-.4119",".6822","1.5193","2.7397","Hedge Fund - M&A","Hedge Fund ETFs"
"VanEck Morningstar Wide Moat ETF","MOAT","11416.8","58.08153477218225419664268585131894484412","-.7463","-7.4702","-2.3047","2.5938","12.8434","9.4899","Style Box - Large Cap Blend","Style Box - Large Cap Blend"
"VictoryShares WestEnd U.S. Sector ETF","MODL","1063.98","91.89604011050854394761076435076230430779","-.1217","-.9359","-1.1038","3.7083","21.053","14.8469","Style Box - Large Cap Blend","Style Box - Large Cap Blend"
"VanEck Agribusiness ETF","MOO","1192.2","65.59139784946236559139784946236559139785","-1.1435","-3.3651","-2.8737","3.8963","-.6292","14.483","Materials  - Agribusiness","Materials ETFs"
"Monarch ProCap Index ETF","MPRO","244.9","49.08095424325381306218224481814626515448","-.1108","-2.5287","-1.4998","-3.124","3.4417","5.994","Target Outcome","Total Portfolio ETFs"
"Tradr 2X Long Innovation 100 Monthly ETF","MQQQ","262.6","88.2089874761596061519960164228604714526",".3718","5.4552","-2.542","1.4187","61.0796","34.2849","Derivative Based ETF","Leveraged Equity ETFs"
"YieldMax MRNA Option Income Strategy ETF","MRNY","219.5","99.33098591549295774647887323943661971831","2.9549","35.7854","9.3142","146.5305","175.817","222.4988","Derivative Based ETF","Single Stock ETF"
"Toews Agility Shares Managed Risk ETF","MRSK","324.14","90.26217228464419475655430711610486891386","-.3783","-.4135","-1.0769","2.7041","13.8329","11.2005","Target Outcome","Total Portfolio ETFs"
"Morgan Stanley Bitcoin Trust ETF","MSBT","555.25","89.29471032745591939546599496221662468514",".2513","7.5955","-3.1945","38.3815","0","0","Digital Economy ETF","Digital Economy ETF"
"Direxion Daily MSFT Bull 2X ETF","MSFU","531.29","51.33587786259541984732824427480916030534","-.1805","-3.0244","4.8462","80.5335","82.9768","-18.7767","Derivative Based ETF","Single Stock ETF"
"Morgan Stanley Pathway Large Cap Equity ETF","MSLC","4040.69","87.55595344673231871083258728737690241719","-.0332","-1.1337","-1.085","3.0308","19.0071","13.1699","Style Box - Large Cap Blend","Style Box - Large Cap Blend"
"AdvisorShares Pure US Cannabis ETF","MSOS","1016.34","56.75675675675675675675675675675675675676","-1.3566","2.004","-4.5028","5.1653","55.1829","-3.5985","Derivative Based ETF","Marijuana ETFs"
"Morgan Stanley Pathway Small Mid Cap Equity ETF","MSSM","687.49","62.28024238797037480362085733522854791651","-.2541","-5.0118","-2.0918","-6.8921","12.5692","15.5698","Style Box - All Cap Blend","Style Box - All Cap Blend"
"T-Rex 2X Long MSTR Daily Target ETF","MSTU","781.63","4.63370947519254880888411248432742253269","-3.0585","35.0083","-14.9832","120.4891","-6.7356","-91.4948","Derivative Based ETF","Single Stock ETF"
"Defiance Daily Target 2x Long MSTR ETF","MSTX","334.59","4.63114434836799875360286671340655916491","-3.3178","34.4629","-15.2273","119.9292","-6.7034","-91.5034","Derivative Based ETF","Single Stock ETF"
"YieldMax MSTR Option Income Strategy ETF","MSTY","1125.76","7.33050180902941639137958156363064338524","-1.0996","12.923","-8.5311","29.6555","-20.913","-61.9638","Derivative Based ETF","Single Stock ETF"
"iShares MSCI USA Momentum Factor ETF","MTUM","20623.81","75.28178243774574049803407601572739187418",".4246","5.9469","-.3051","-5.496","34.8369","24.7001","Strategy - Momentum","Style Box - Large Cap Growth"
"GraniteShares 2x Long MU Daily ETF","MULL","705.35","57.93142225626011846480470757030818299032","2.1574","25.7129","-5.7501","-29.6368","428.9178","1740.0368","Derivative Based ETF","Single Stock ETF"
"Direxion Daily MU Bull 2X ETF","MUU","4252.64","57.838267099216004325493376588267099216","2.005","26.2261","-5.3628","-29.7326","440.5011","1767.8118","Derivative Based ETF","Single Stock ETF"
"GraniteShares 2x Long MRVL Daily ETF","MVLL","388.98","43.98238960812519070659517893727387646572","8.7569","41.7398","-.3087","-29.0735","339.9688","368.3977","Derivative Based ETF","Single Stock ETF"
"iShares Global Materials ETF","MXI","431.96","64.25880425880425880425880425880425880426","-.3787","-7.3305","-3.8589","1.8846","6.5423","18.9799","Materials  - Broad","Materials ETFs"
"State Street My2028 Corporate Bond ETF","MYCH","850.1","1.69491525423728813559322033898305084746",".0406","-.5636","-.2836","-.0905","1.1348","2.2916","Corporates - Investment Grade","Investment Grade Corporate Bond ETFs"
"Direxion Daily Homebuilders & Supplies Bull 3X ETF","NAIL","552.59","1.08829568788501026694045174537987679671","-1.473","-22.9163","-8.384","-43.235","-17.6689","-59.8146","Derivative Based ETF","Leveraged Equity ETFs"
"Tidal Trust Subversive Congressional Democrats Trading ETF","NANC","295.83","97.72977551884794578568403218975010588734",".2044",".9932","-.4837","4.4473","27.8436","17.4941","Geographic - Global Total Market","Broad Developed World ETFs"
"State Street SPDR S&P North American Natural Resources ETF","NANR","806.08","76.57779277759028012149848126898413769828","-.5775","-5.6228","-3.6876","11.824","2.1159","32.5695","Materials  - Broad","Materials ETFs"
"Innovator Growth-100 Power Buffer ETF - April","NAPR","212.97","98.35029835029835029835029835029835029835","-.0625","1.0133","-.2215","2.9474","11.5064","15.5534","Derivative Based ETF","Defined Outcome"
"Tema Space Innovators ETF","NASA","1153.35","15.83138173302107728337236533957845433255","-1.2794","2.1786","-4.0513","-18.0541","0","0","Industrials  - Aerospace & Defense","Industrials ETFs"
"Neuberger Commodity Strategy ETF","NBCM","531.71","87.21843897328444211629125196437925615506","-.5334","1.1506","-2.1622","16.752","10.2077","30.4035","Basket - Broad","Broad Commodity ETFs"
"Neuberger Core Equity ETF","NBCR","836.85","86.75277363801953965888392117900314621626","-.1696","-1.272","-1.3861","2.7068","17.962","10.6718","Style Box - Large Cap Blend","Style Box - Large Cap Blend"
"Neuberger International Core Equity ETF","NBIE","237.67","75","-.1494","-2.5155","-1.8355","2.1781","12.4474","0","Geographic - Global ex-US","Broad Developed World ETFs"
"Neuberger Option Strategy ETF","NBOS","568.84","87.18348266458901441371250486949746786132","-.2774",".4131","-.4956","3.9081","12.8009","14.6892","Derivative Based ETF","Hedge Fund ETFs"
"iShares Short Duration Bond Active ETF","NEAR","5113.14",".662251655629139072847682119205298013245",".0201","-.9299","-.4591","-.5587",".561","1.6432","Short-Term Bond ETF","Short-Term Bond ETF"
"Northern Trust STOXX Global Broad Infrastructure ETF","NFRA","2980.21","39.453125","-.3654","-3.7758","-2.7345","-2.541","1.3142","5.9528","Geographic - Global Total Market","Utilities/Infrastructure ETFs"
"NEOS MSCI EAFE High Income ETF","NIHI","206.99","64.88","-.6506","-2.4038","-1.9831","2.0785","13.7215","13.8932","Geographic - EAFE","Derivative Based ETF"
"Innovator Growth-100 Power Buffer ETF - January","NJAN","349.96","99.15151515151515151515151515151515151515",".0825","1.3028","-.1153","3.3061","15.0854","14.1755","Derivative Based ETF","Defined Outcome"
"Innovator Growth-100 Power Buffer ETF - July","NJUL","281.91","94.8563121994856312199485631219948563122",".2311","1.9086","-.5826","1.4279","11.539","10.4715","Derivative Based ETF","Defined Outcome"
"VanEck Uranium and Nuclear ETF","NLR","3591.29","2.33500891843684125182422571752878222799",".1635","-11.8354","-6.9763","-10.9534","-19.9723","-21.5369","Strategy - Socially Responsible","Alternative Energy ETFs"
"ProShares S&P 500 Dividend Aristocrats ETF","NOBL","11090.67","48.44290657439446366782006920415224913495","-.4558","-5.9264","-1.6089","-2.6042","5.5489","8.6874","Strategy - Dividend Growth","Style Box - Large Cap Value"
"Innovator Growth-100 Power Buffer ETF - October","NOCT","228.73","99.43900560994390056099439005609943900561",".0155",".957",".0466","3.3967","15.7999","13.4921","Derivative Based ETF","Defined Outcome"
"Northern Trust US Equity ETF","NOEQ","895.98","91.20689655172413793103448275862068965517","-.1961","-.1033","-1.3371","3.0236","0","0","Style Box - All Cap Blend","Style Box - All Cap Blend"
"NPF Core Equity ETF","NPFE","653.29","84.60093896713615023474178403755868544601",".269","-2.2557","-.3417","2.4145","18.6239","0","Style Box - All Cap Blend","Style Box - All Cap Blend"
"Nuveen Securitized Income ETF","NSCI","275.86",".7858546168958742632612966601178781925344","-.02","-.568","-.1999",".1125","1.9195","0","Asset Backed - MBS","Mortgage-Backed Security ETFs"
"WisdomTree International Efficient Core Fund","NTSI","484.33","61.02158710854363028276071754332623897841","-.7537","-4.2005","-2.5137","-.9301","10.0758","11.7148","Moderate Allocation","Total Portfolio ETFs"
"WisdomTree U.S. Efficient Core Fund","NTSX","1372.37","77.62645914396887159533073929961089494163","-.5263","-2.4332","-2.4169","-.1615","16.39","10.194","Target Outcome","Total Portfolio ETFs"
"Nuveen Dividend Growth Fund: ETF Class Shares","NUDG","6087.07","41.90957080560018361257746155611659398669","-.1978","-2.3588","-.7551","2.7315","0","0","Style Box - Large Cap Blend","Style Box - Large Cap Blend"
"Nuveen ESG International Developed Markets Equity ETF","NUDM","741.11","75.14367816091954022988505747126436781609","-.1248","-2.6994","-1.509",".5024","15.0374","14.1432","Strategy - Socially Responsible","Broad Developed World ETFs"
"Nuveen ESG Emerging Markets Equity ETF","NUEM","432.44","85.81285036653730056058645968089693833549",".0093",".4645","-2.3912","2.4255","19.9776","23.8271","Strategy - Socially Responsible","Broad Emerging Market ETFs"
"Nuveen Growth Opportunities ETF","NUGO","2498.31","95.95070422535211267605633802816901408451",".0588","2.1817","-.6398","3.9528","27.4036","13.2114","Style Box - Large Cap Growth","Style Box - Large Cap Growth"
"Direxion Daily Gold Miners Index Bull 2X ETF","NUGT","1006.34","23.58138436097330498464446019371604063312","2.5955","-21.7432","-17.4651","28.9603","-7.2794",".6405","Derivative Based ETF","Leveraged Equity ETFs"
"Range Nuclear Renaissance Index ETF","NUKZ","694.74",".4469987228607918263090676883780332056194",".1156","-7.1789","-4.3533","-11.1241","-6.5495","-7.3491","Energy - Nuclear Power","Energy ETFs"
"Nuveen ESG Large-Cap Growth ETF","NULG","3031.78","85.18097711410485310826164583671481902289",".2114","-.4201","-.568","-1.3439","29.16","14.7385","Strategy - Socially Responsible","Style Box - Large Cap Growth"
"Nuveen ESG Large-Cap Value ETF","NULV","2512.2","88.68258178603006189213085764809902740937","-.1698","-1.8185","-.9176","5.5456","18.6589","22.4545","Strategy - Socially Responsible","Style Box - Large Cap Value"
"Nuveen ESG Mid-Cap Growth ETF","NUMG","342.92","57.76769135547761501959975242417990509594","-.1101","-5.552","-2.2135","-2.1987","13.4534","-7.4345","Strategy - Socially Responsible","Style Box - Mid Cap Growth"
"Nuveen ESG Mid-Cap Value ETF","NUMV","432.18","60.78199052132701421800947867298578199052","-.5609","-5.6122","-2.4306","-2.3186","11.9148","10.3189","Strategy - Socially Responsible","Style Box - Mid Cap Value"
"Nuveen ESG Small-Cap ETF","NUSC","1232.96","58.93980233602875112309074573225516621743","-.2662","-5.3634","-2.3461","-5.9664","10.6818","11.9069","Strategy - Socially Responsible","Style Box - Small Cap Growth"
"GraniteShares 2x Long NVDA Daily ETF","NVDL","3780.41","68.82878645343367826904985888993414863594","-1.3821","7.8222","-1.5422","28.0436","62.3104","22.6202","Derivative Based ETF","Single Stock ETF"
"Direxion Daily NVDA Bull 2X ETF","NVDU","537.03","67.53384343731606827545615067686874632137","-1.2181","7.9469","-.991","28.3385","63.1504","21.5395","Derivative Based ETF","Single Stock ETF"
"T-REX 2X Long NVIDIA Daily Target ETF","NVDX","494.39","66.14107883817427385892116182572614107884","-1.3949","7.6681","-1.6787","26.8564","59.038","12.7613","Derivative Based ETF","Single Stock ETF"
"YieldMax NVDA Option Income Strategy ETF","NVDY","1422.9","19.89342806394316163410301953818827708703","-.3922","4.855",".231","14.7402","25.1986","16.4273","Derivative Based ETF","Single Stock ETF"
"First Trust Indxx NextG ETF","NXTG","564.14","80.26667869276329635308619704759327741198","-.0692","2.0874","-2.3523","2.0504","41.7418","51.8079","Technology  - Telecom","Technology ETFs"
"OneAscent International Equity ETF","OAIM","390.44","90.01996007984031936127744510978043912176","-.8062","-.2902","-1.8364","1.1798","14.262","20.0649","Foreign Large Blend ETF","Foreign Large Blend ETF"
"Oakmark U.S. Large Cap ETF","OAKM","1108.32","60.12558869701726844583987441130298273155","-.2698","-7.1586","-2.0699","4.2298","9.5591","10.0074","Style Box - Large Cap Value","Style Box - Large Cap Value"
"OneAscent Large Cap Core ETF","OALC","266.06","85.01639344262295081967213114754098360656","-.2424","-1.8368","-1.2242","1.2898","22.3246","18.6016","Style Box - Large Cap Blend","Style Box - Large Cap Blend"
"F/m US Treasury 12 Month Bill ETF","OBIL","324.68","4.42477876106194690265486725663716814159",".3965",".0246",".0146",".9382","1.4188","2.9182","US Treasury - Ultra Short","Government Bond ETFs"
"AllianzIM U.S. Equity Buffer20 Oct ETF","OCTW","317.85","100",".1192",".7193",".1645","2.9405","10.4858","9.6495","Derivative Based ETF","Defined Outcome"
"iShares S&P 100 ETF","OEF","20519.29","93.31052831622957050551121246674268339035","-.3445",".4497","-1.3103","5.5482","24.0066","16.1968","Style Box - Large Cap Blend","Style Box - Large Cap Blend"
"VanEck Oil Services ETF","OIH","1910.18","65.16763607131035135007329644866884191611","-2.4449","-9.0961","-3.7463","1.9518","-8.6353","45.5514","Energy - Equipment and services","Energy ETFs"
"ProShares K-1 Free Crude Oil ETF","OILK","237.21","85.05280259951259138911454102355808285946","-.9874","10.5762","1.4194","26.4168","13.8026","58.5664","Energy -  Crude Oil","Energy ETFs"
"Invesco Russell 1000 Dynamic Multifactor ETF","OMFL","4763.25","89.53323903818953323903818953323903818953","-.2567","-1.1691","-.6675","2.9621","18.4818","17.2309","Style Box - Large Cap Growth","Style Box - Large Cap Growth"
"Invesco Russell 2000 Dynamic Multifactor ETF","OMFS","266.25","67.34693877551020408163265306122448979592","-.3811","-5.4756","-1.9329","-5.8254","12.2687","14.6299","Style Box - Small Cap Blend","Style Box - Small Cap Blend"
"Fidelity Nasdaq Composite Index ETF","ONEQ","10923.18","93.01960784313725490196078431372549019608","-.0947","1.5299","-1.6586","3.9166","28.2519","19.5535","Style Box - Large Cap Growth","Style Box - Large Cap Growth"
"State Street SPDR Russell 1000 Low Volatility Focus ETF","ONEV","269.03","47.13565636642559719482796405873328950252","-.2212","-6.5829","-1.8257","-1.9622","7.027","7.7174","Style Box - Large Cap Blend","Style Box - Large Cap Blend"
"State Street SPDR Russell 1000 Yield Focus ETF","ONEY","617.84","55.08321273516642547033285094066570188133","-.2759","-7.5577","-2.4166","-3.0584","6.0722","13.0643","Style Box - Large Cap Value","Style Box - Large Cap Value"
"TrueShares Seasonality Laddered Buffered ETF","ONEZ","349.91","88.9146687290538798659448311420469193091","-.0713","-.6026","-.9537","2.1122","13.9837","5.9072","Derivative Based ETF","Defined Outcome"
"WisdomTree European Opportunities Fund","OPPE","293.95","81.06306892067620286085825747724317295189","-1.0478","-2.9252","-2.1204","5.4076","15.139","23.042","Geographic - Broad Europe","European Equity ETFs"
"WisdomTree Japan Opportunities Fund","OPPJ","337.64","86.97076487814562962227626941976472924009","-.9724","1.3897","-4.2833","2.0157","11.5926","40.7902","Geographic - Japan","Asia-Pacific (Developed) ETFs"
"Optimize Strategy Index ETF","OPTZ","392.7","72.75705186533212010919017288444040036397",".2858","-.8064","-1.5185","-7.0073","27.4624","28.7238","Style Box - All Cap Blend","Style Box - All Cap Blend"
"Defiance Daily Target 2X Long ORCL ETF","ORCX","204.56","3.5187072903688601955676369539774228867","7.9116","-19.0663","-15.0641","-21.4649","-23.2202","-84.6583","Derivative Based ETF","Single Stock ETF"
"Militia Long/Short Equity ETF ","ORR","348.4","77.50766784050891741451777803021697148699","-1.1949","-3.5433","-2.3921","3.3875","4.8311","17.4042","Derivative Based ETF","Long-Short ETFs"
"Opus Small Cap Value Plus ETF","OSCV","627.48","46.3908701854493580599144079885877318117","-.5731","-5.1899","-1.2916","-5.4302","2.2014","5.1662","Style Box - Small Cap Value","Style Box - Small Cap Value"
"Harbor International Compounders ETF","OSEA","398.83","41.31428571428571428571428571428571428571","-.1631","-4.5072","-1.5544","-2.7083","5.1754","1.542","Foreign Large Growth ETF","Foreign Large Growth ETF"
"VanEck Merk Gold Trust","OUNZ","2660.55","20.31144211238997968855788761002031144211","1.3131","-6.4366","-4.2939","3.9109","-7.6002","8.7852","Precious Metals - Gold","Precious Metals ETFs"
"ALPS OShares U.S. Quality Dividend ETF","OUSA","719.1","64.42343575071526309242443089936559273541","-.3664","-3.9364","-1.0584","3.178","10.2521","7.7866","Style Box - Large Cap Value","Style Box - Large Cap Value"
"ALPS O'Shares U.S. Small-Cap Quality Dividend ETF","OUSM","792.05","53.0339805825242718446601941747572815534","-.1932","-5.4839","-1.043","-1.2739","8.8159","6.2213","Style Box - Small Cap Blend","Style Box - Small Cap Blend"
"Overlay Shares Large Cap Equity ETF","OVL","462.51","78.80928355196770938446014127144298688194","-.2216","-.396","-1.5492","3.2888","22.3138","18.2157","Style Box - Large Cap Blend","Style Box - Large Cap Blend"
"PGIM AAA CLO ETF","PAAA","13451.76","77.77777777777777777777777777777777777778","-.0583",".2877","-.0583","1.1465","2.4591","4.616","Asset Backed - MBS","Mortgage-Backed Security ETFs"
"iShares Paris-Aligned Climate Optimized MSCI World ex USA ETF","PABD","327.87","68.18941504178272980501392757660167130919","-.4263","-3.0154","-2.0087","-.7627","13.2762","12.7024","Foreign Large Blend ETF","Foreign Large Blend ETF"
"iShares Paris-Aligned Climate Optimized MSCI USA ETF","PABU","2463.04","86.29484989016353429338540395411276543813","-.014","-.6237","-2.0624","4.123","22.4019","10.6885","Strategy - Socially Responsible","Style Box - All Cap Blend"
"abrdn Physical Palladium Shares ETF","PALL","634.71","6.35039223010833022039596563317146059021",".5906","-14.1528","-6.7789","0","-11.7506","-4.0312","Precious Metals - Palladium","Precious Metals ETFs"
"Parametric Equity Premium Income ETF","PAPI","485.76","44.2367601246105919003115264797507788162","-.1124","-4.6458","-1.1861",".455","1.2831","10.0485","Derivative Based ETF","Style Box - Large Cap Value"
"Innovator U.S. Equity Power Buffer ETF - April","PAPR","958.12","98.99799599198396793587174348697394789579",".0255",".4538","-.0833","2.4929","9.2358","12.4805","Derivative Based ETF","Defined Outcome"
"Pacer Nasdaq International Patent Leaders ETF","PATN","343.15","82.80331696320747121809838177280412205136",".3336","1.2691","-1.6353","-1.3027","30.8789","43.3244","Foreign Large Blend ETF","Foreign Large Blend ETF"
"Innovator U.S. Equity Power Buffer ETF - August","PAUG","1044.53","95.92668024439918533604887983706720977597","-.0535","-.0642","-.4051","2.5467","10.7922","10.1911","Derivative Based ETF","Defined Outcome"
"Global X U.S. Infrastructure Development ETF","PAVE","13435.61","51.10497237569060773480662983425414364641","-.3203","-4.3392","-1.232","-9.5346","6.494","12.8912","Utilities  - Infrastructure","Utilities/Infrastructure ETFs"
"Putnam BDC Income ETF","PBDC","293.52","17.29010806317539484621778886118038237739",".6669","-3.823","-1.3077","2.4844","7.5379","-4.9866","Financials - BDCs/PE","Financials ETFs"
"Invesco Biotechnology & Genome ETF","PBE","424.16","94.48047370647116875793035387001268856619","-.1233",".8967","-.512","8.2645","29.6306","42.4388","Healthcare - Biotech","Health Care ETFs"
"Portfolio Building Block European Banks Index ETF","PBEU","463.4","86.1213771639758801789535109900797510212","-.9862","-1.9255","-1.1098","7.0816","32.4576","0","Financials - Banking","Financials ETFs"
"PGIM Laddered S&P 500 Buffer 20 ETF","PBFR","223.96","97.95067731851337269885376866967697117055","-.032",".2565","-.1883","2.3233","9.2211","9.4592","Derivative Based ETF","Defined Outcome"
"Portfolio Building Block Integrated Oil & Gas and Exp and Prod Index ETF","PBOG","458.05","79.22815878778312682503354115697261463184","-1.3587","-.258","-.0523","16.9045","-3.9549","0","Energy - Exploration","Energy ETFs"
"Invesco S&P 500 BuyWrite ETF","PBP","387.95","90.72164948453608247422680412371134020619",".0429",".8525","-.1927","5.132","13.8915","17.4441","Derivative Based ETF","Style Box - Large Cap Blend"
"Portfolio Building Block World Pharma and Biotech Index ETF","PBPH","1046.36","79.7542735042735042735042735042735042735","-.5344","-.313","-.3026","4.4798","15.9882","0","Healthcare - Broad","Health Care ETFs"
"Invesco 0-5 Yr US TIPS ETF","PBTP","241.49","1.47058823529411764705882352941176470588",".059","-.9105","-.294","-.7752",".2097","1.2409","US Treasury - TIPS","Inflation-Protected Bond ETFs"
"Invesco MSCI USA ETF","PBUS","11425.68","90.61862678450033990482664853840924541128","-.1433","-.4439","-1.2241","3.3867","21.2889","15.9819","Style Box - All Cap Blend","Style Box - All Cap Blend"
"Invesco WilderHill Clean Energy ETF","PBW","334.89","4.43850267379679144385026737967914438503",".5178","-7.5908","-6.9351","-22.8468","-4.6804","2.9322","Strategy - Socially Responsible","Alternative Energy ETFs"
"Invesco CEF Income Composite ETF","PCEF","773.38","44.84304932735426008968609865470852017937",".207","-4.5812","-1.9747","-2.5337","9.2754","4.852","Strategy - CEFs/OET","Convertibles/CEFs/OET/Preferred Stock ETFs"
"BondBloxx Private Credit CLO ETF","PCMM","218.73","67.44652406417112299465240641711229946524",".1242",".7057",".2788","1.5782","4.331","4.9901","Asset Backed - MBS","Mortgage-Backed Security ETFs"
"PGIM Corporate Bond 0-5 Year ETF","PCS","643.01","1.93548387096774193548387096774193548387",".0611","-.9519","-.5266","-.8844",".4572","1.5603","Corporates - Investment Grade","Investment Grade Corporate Bond ETFs"
"Invesco Agriculture Commodity Strategy No K-1 ETF","PDBA","488.86","69.85900018311664530305804797656106940121","-.053","-3.1098","-.9841","6.5819","3.7964","5.4058","Agriculture - Broad","Agricultural ETFs"
"Invesco Optimum Yield Diversified Commodity Stratgy No K-1 ETF","PDBC","7734.44","85.44668587896253602305475504322766570605","-1.4455","3.8064","-1.3946","20.5177","9.7126","41.6172","Basket - Broad","Broad Commodity ETFs"
"Innovator U.S. Equity Power Buffer ETF - December","PDEC","989.94","96.68653576437587657784011220196353436185","-.0636",".3408","-.3806","3.0177","12.6764","12.3271","Derivative Based ETF","Defined Outcome"
"Invesco RAFI Developed Markets ex-U.S. Small-Mid ETF","PDN","351.15","77.15260017050298380221653878942881500426","-.474","-2.6173","-2.1388","2.9602","10.8654","15.6936","Foreign Small/Mid Value ETF","Foreign Small/Mid Value ETF"
"Invesco Dorsey Wright Momentum ETF","PDP","1474.79","67.05640383626567704723793342424716639467",".4447","3.4709","-.1918","-7.6098","17.1269","18.0085","Strategy - Alpha-Seeking","Style Box - All Cap Growth"
"Invesco Leisure and Entertainment ETF","PEJ","358.76","52.21971407072987208427389014296463506396","-.0638","-6.2241",".497","-6.8784","11.5107","2.0018","Consumer Discretionary - Leisure and Entertainment","Consumer Discretionary ETFs"
"Invesco High Yield Equity Dividend Achievers ETF","PEY","1082.42","59.68567896874448172346812643475189828713","-.2604","-8.1921","-1.9625","-.7109","11.7858","14.6286","Style Box - All Cap Value","Style Box - All Cap Value"
"Innovator U.S. Equity Power Buffer ETF - February","PFEB","895.43","96.67003027245206861755802219979818365288","-.0453",".3414","-.3728","2.7021","11.7872","11.2204","Derivative Based ETF","Defined Outcome"
"Global X Variable Rate Preferred ETF","PFFV","319.8","1.74825174825174825174825174825174825175",".115","-.7929","-.5256",".2153","3.2247","1.2691","Corporates - Floating Rate","Convertibles/CEFs/OET/Preferred Stock ETFs"
"Simplify Interest Rate Hedge ETF","PFIX","209.38","100","2.2739","23.4757","17.3019","50.1083","26.3508","37.788","Derivative Based ETF","Government Bond ETFs"
"Invesco Dividend Achievers ETF","PFM","778.32","66.48863495217985343435598062352502794684","-.2434","-3.1625","-.9344",".1947","11.1255","11.2794","Style Box - Large Cap Value","Style Box - Large Cap Value"
"VanEck Preferred Securities ex Financials ETF","PFXF","2340.21","26.59574468085106382978723404255319148936",".3427","-1.8285","-1.6788","-.0079","3.7743","4.7207","Corporates - Convertible","Convertibles/CEFs/OET/Preferred Stock ETFs"
"Putnam Focused Large Cap Growth ETF","PGRO","218.17","88.31933584322811082150786755478328023941",".1648","2.1763","-.7296","2.3636","22.9275","8.7318","Style Box - Large Cap Growth","Style Box - Large Cap Growth"
"Invesco Water Resources ETF","PHO","1914.09","39.77055449330783938814531548757170172084","-.4663","-4.9078","-.8707","-.3334","4.5871","-3.8093","Industrials  - Water","Industrials ETFs"
"iShares Physical Metals PLC","PHYMF","34095.57","21.7044847189155045916136242165103736456",".6643","-6.442","-3.9911","3.7963","-7.8574","0","Precious Metals - Gold","Precious Metals ETFs"
"iShares MSCI Global Metals & Mining Producers ETF","PICK","2425.67","63.54039788875355257815671944782785221275","-.6463","-8.8352","-4.3402","3.5764","12.2514","37.6202","Base Metals - Broad","Materials ETFs"
"Invesco International Dividend Achievers ETF","PID","850.53","9.08396946564885496183206106870229007634","-.4757","-5.4458","-2.3164","-3.5794",".253","4.3942","Foreign Large Value ETF","Foreign Large Value ETF"
"Invesco Dorsey Wright Emerging Markets Momentum ETF","PIE","255.6","96.14718614718614718614718614718614718615",".0851",".9591","-.9668","4.8142","35.0165","44.8767","Geographic - Broad Emerging Markets","Broad Emerging Market ETFs"
"Principal International Equity ETF","PIEQ","1368.5","81.16169544740973312401883830455259026688","-.7644","-1.7036","-1.9423","2.4521","10.7894","16.8693","Foreign Large Blend ETF","Foreign Large Blend ETF"
"Simplify Health Care ETF","PINK","357.93","80.49129501550202718817076079179585022657","-.0258","-1.2192","-.5396","-.8414","21.5356","24.0952","Healthcare - Broad","Health Care ETFs"
"Invesco Global Water ETF","PIO","261.93","17.01367308887507768800497203231821006837","-.0208","-3.7041","-.9247","-3.6291","3.3212","-1.2653","Industrials  - Water","Industrials ETFs"
"VanEck Commodity Strategy ETF","PIT","441.13","88.77683285384591065726660554519300686036","-.9793","4.4955","-1.7132","23.3267","12.3316","55.5767","Basket - Broad","Broad Commodity ETFs"
"Invesco Dorsey Wright Developed Markets Momentum ETF","PIZ","666.2","55.24480882690981533982070339437590989196","-.1159","-.4172","-1.4056","-2.8496","13.1975","14.7365","Foreign Large Growth ETF","Foreign Large Growth ETF"
"Innovator U.S. Equity Power Buffer ETF - January","PJAN","1424.38","96.94697375468666309587573647562935190145","-.0394",".4154","-.3357","2.7842","11.9788","10.8539","Derivative Based ETF","Defined Outcome"
"Invesco Pharmaceuticals ETF","PJP","570.72","85.87179487179487179487179487179487179487","-.771","-.6519","-.9735","6.5816","26.9879","39.5823","Healthcare - Pharma","Health Care ETFs"
"Innovator U.S. Equity Power Buffer ETF - July","PJUL","1301.48","94.19381787802840434419381787802840434419","-.1206","-.0804","-.4805","1.9065","9.7593","9.2768","Derivative Based ETF","Defined Outcome"
"Innovator U.S. Equity Power Buffer ETF - June","PJUN","881.6","93.39080459770114942528735632183908045977","-.0907","-.0454","-.4296","2.1905","6.9192","7.1794","Derivative Based ETF","Defined Outcome"
"Invesco Building & Construction ETF","PKB","283.21","10.48780487804878048780487804878048780488","-.3991","-6.5366","-2.0293","-17.9558","-4.4446","-2.8309","Industrials  - Engineering and Construction","Industrials ETFs"
"Invesco BuyBack Achievers ETF","PKW","1685.62","62.64417283525563780340850404544672060596","-.2429","-5.8303","-1.4942","1.1869","11.9047","8.9744","Style Box - Large Cap Value","Style Box - Large Cap Value"
"Direxion Daily PLTR Bull 2X ETF","PLTU","453.81","32.7202777517124894435582246410809796378","-.4244","-1.567","2.4096","127.944","32.6556","-25.1502","Derivative Based ETF","Single Stock ETF"
"YieldMax PLTR Option Income Strategy ETF","PLTY","374.01","24.86473192326610919822921790457452041318","-.1374","-1.7861",".6523","48.7887","22.4634","-1.3439","Derivative Based ETF","Single Stock ETF"
"Innovator U.S. Equity Power Buffer ETF - March","PMAR","746.87","98.6359447004608294930875576036866359447","-.0694",".3198","-.0592","2.7633","11.4068","11.5592","Derivative Based ETF","Defined Outcome"
"Innovator U.S. Equity Power Buffer ETF - May","PMAY","813.51","95.64171122994652406417112299465240641711","-.0473",".1185","-.3539","2.599","7.3171","8.8379","Derivative Based ETF","Defined Outcome"
"iShares Prime Money Market ETF","PMMF","751.1","41.30434782608695652173913043478260869565",".0199",".2834",".0614",".8984","1.8371","3.6636","Ultra short Bond ETF","Money Market/Ultra-Short Term ETFs"
"Innovator U.S. Equity Power Buffer ETF - November","PNOV","859.55","96.54255319148936170212765957446808510638","-.0329",".4954","-.4254","3.433","13.3193","11.2343","Derivative Based ETF","Defined Outcome"
"Invesco NASDAQ Internet ETF","PNQI","528.8","54.45678484977929659689591342731026626798",".2718","-5.2664","-2.2321","10.5457","17.8307","-10.647","Technology  - Internet","Technology ETFs"
"Innovator U.S. Equity Power Buffer ETF - October","POCT","951.02","100",".0418",".8012",".1047","3.306","12.6797","10.9538","Derivative Based ETF","Defined Outcome"
"iShares U.S. Power Infrastructure ETF","POWR","434.21","24.10358565737051792828685258964143426295",".9095","-3.7215","-1.9679","-11.8314","-6.1777","0","Utilities  - Infrastructure","Utilities/Infrastructure ETFs"
"Invesco Aerospace & Defense ETF","PPA","7421.4","24.87965543450722067392956675956422599443","-.192","-7.9944","-2.2994","-9.595","-4.7606","2.6015","Industrials  - Aerospace & Defense","Industrials ETFs"
"VanEck Pharmaceutical ETF","PPH","1046.59","74.86988847583643122676579925650557620818","-.3319","-2.2091","-.6882","1.1632","11.4974","29.7179","Healthcare - Pharma","Health Care ETFs"
"abrdn Physical Platinum Shares ETF","PPLT","2087.16","15.11486251305255830142707970762269404803","-.6423","-6.1856","-6.9194","7.9553","-8.6777","6.1261","Precious Metals - Platinum","Precious Metals ETFs"
"Invesco RAFI US 1000 ETF","PRF","9857.84","85.25382755842062852538275584206285253828","-.3461","-2.1698","-1.4234","1.6521","18.0402","22.7612","Style Box - Large Cap Value","Style Box - Large Cap Value"
"Invesco RAFI US 1500 Small-Mid ETF","PRFZ","2698.26","68.56899488926746166950596252129471890971","-.082","-4.8188","-1.9603","-4.886","17.1604","16.321","Style Box - Small Cap Blend","Style Box - Small Cap Blend"
"Invesco Dorsey Wright Industrials Momentum ETF","PRN","360.8","39.40593867691622534829459090513026556555",".3592",".4948","-.2015","-21.6872","3.4813","17.2929","Industrials  - Broad","Industrials ETFs"
"Principal U.S. Small-Cap ETF","PSC","2704.8","77.22619963315780131353174368380569197089","-.3544","-3.4737","-1.426","-3.4335","19.0467","17.815","Style Box - Small Cap Blend","Style Box - Small Cap Blend"
"Invesco S&P SmallCap Industrials ETF","PSCI","270.38","47.23353446621607215197970192533208247159","-.3669","-7.0591","-2.2464","-12.5553","6.3679","10.3208","Industrials  - Broad","Industrials ETFs"
"Invesco S&P SmallCap Information Technology ETF","PSCT","519.72","69.51019106718010350494223835569399818498",".4913","3.876","-1.5012","-9.78","34.7675","51.2853","Technology  - broad","Technology ETFs"
"Innovator U.S. Equity Power Buffer ETF - September","PSEP","1158","93.94572025052192066805845511482254697286","-.1065",".0961","-.5937","2.0684","10.3812","9.3284","Derivative Based ETF","Defined Outcome"
"Pacer Swan SOS Fund of Funds ETF","PSFF","612.14","98.39092587707728831442891057768398839356",".1423",".543","-.1703","2.7453","11.6825","11.2235","Derivative Based ETF","Defined Outcome"
"Invesco Semiconductors ETF","PSI","2818.21","69.22754691689008042895442359249329758713","1.6483","14.6271","1.6756","-15.1084","62.1138","118.1525","Technology  - Semiconductors","Technology ETFs"
"Invesco Global Listed Private Equity ETF","PSP","214.85","14.50453266645826820881525476711472335105","-.1058","-10.4642","-3.5921","3.6799","6.5141","-14.2212","Financials - BDCs/PE","Financials ETFs"
"Proshares Short QQQ","PSQ","590.92","2.53748558246828143021914648212226066897","-.2007","-2.7237","1.359","-1.3869","-23.289","-16.7767","Derivative Based ETF","Inverse Equity ETFs"
"Palmer Square CLO Senior Debt ETF","PSQA","221.83","49.51456310679611650485436893203883495146",".1947",".7665",".0632","1.6534","2.6714","5.3298","Asset Backed - MBS","Mortgage-Backed Security ETFs"
"Palmer Square Credit Opportunities ETF","PSQO","304.9","17.24137931034482758620689655172413793103","-.0973","-.1273","-.395",".5532","2.8506","4.454","Total Bond Market - Broad","Total Bond Market ETFs"
"Invesco Dorsey Wright Technology Momentum ETF","PTF","606.51","57.79428263061476632063280173821662382663","1.383","11.9077","-1.0655","-17.4556","26.4785","45.3845","Technology  - broad","Technology ETFs"
"Invesco Dorsey Wright Healthcare Momentum ETF","PTH","299.45","87.39449077584028304270912307303512762194","-.472",".8384","-1.3505","3.3604","32.2722","44.0576","Healthcare - Broad","Health Care ETFs"
"GraniteShares 2x Long PLTR Daily ETF","PTIR","344.74","39.79871912168344007319304666056724611162","-.5201","-1.774","1.938","127.7056","33.4179","-27.632","Derivative Based ETF","Single Stock ETF"
"Inspire 500 ETF","PTL","882.68","66.38155448121978430643361844551878021569",".1096","-3","-1.3674","-3.2773","12.0045","11.3337","Style Box - Large Cap Blend","Style Box - Large Cap Blend"
"Pacer Trendpilot US Large Cap ETF","PTLC","3332.74","89.23766816143497757847533632286995515695","-.184","-.4671","-1.225","3.2532","15.2153","10.3879","Style Box - Large Cap Blend","Style Box - Large Cap Blend"
"Pacer Trendpilot US Mid Cap ETF","PTMC","371.76","61.07050224003772695119075689695826456025","-.1271","-4.2758","-1.6102","-5.1882","9.6261","11.7708","Style Box - Mid Cap Blend","Style Box - Mid Cap Blend"
"Pacer Trendpilot 100 ETF","PTNQ","1279.32","93.63403884868600032645954622123075248925",".1553","3.0696","-1.2978","1.8637","23.4513","15.9525","Style Box - Large Cap Growth","Style Box - Large Cap Growth"
"PGIM Ultra Short Bond ETF","PULS","19395.03","33.33333333333333333333333333333333333333","0",".1551","-.0202",".8314","1.9873","3.9793","Ultra short Bond ETF","Ultra short Bond ETF"
"Putnam Focused Large Cap Value ETF","PVAL","14334.73","87.61538461538461538461538461538461538462","-.3199","-2.4314","-.8795","3.9272","16.8244","25.4159","Style Box - Large Cap Value","Style Box - Large Cap Value"
"Invesco Large Cap Growth ETF","PWB","2655.58","87.9218618408890166998746995871248690508",".6187","4.7604","-.178","-1.1788","31.9192","30.3438","Style Box - Large Cap Growth","Style Box - Large Cap Growth"
"TCW Transform Systems ETF","PWRD","1479.83","43.34445927903871829105473965287049399199",".9131",".2563","-.4546","-11.093","9.626","10.1212","Strategy - Socially Responsible","Broad Developed World ETFs"
"Invesco Large Cap Value ETF","PWV","1831.22","67.99593599187198374396748793497586995174","-.6328","-5.3938","-1.3147",".748","13.5103","20.0466","Style Box - Large Cap Value","Style Box - Large Cap Value"
"Invesco RAFI Developed Markets ex-U.S. ETF","PXF","2973.72","81.87221396731054977711738484398216939079","-.7241","-2.5843","-2.3155","2.7759","15.2108","29.9339","Foreign Large Value ETF","Foreign Large Value ETF"
"Invesco RAFI Emerging Markets ETF","PXH","2056.44","79.60917587085811384876805437553101104503","-.3083","-.2888","-2.2506","5.9588","14.2717","19.0877","Geographic - Broad Emerging Markets","Broad Emerging Market ETFs"
"Principal Value ETF","PY","241.95","71.54354354354354354354354354354354354354","-.5798","-3.6978","-1.4552","4.417","11.5776","9.242","Style Box - All Cap Value","Style Box - All Cap Value"
"NYLIM Hedge Multi-Strategy Tracker ETF","QAI","1000.8","80.65395095367847411444141689373297002725","-.1661","-1.2051","-.961","-1.151","7.0009","7.3576","Absolute Returns ","Hedge Fund ETFs"
"First Trust NASDAQ Clean Edge Green Energy ETF","QCLN","544.35","27.35511218300080391726960461887013081926","1.7592","-.6136","-2.5491","-17.4902","6.6974","15.5094","Strategy - Socially Responsible","Alternative Energy ETFs"
"FT Vest Nasdaq-100 Buffer ETF - December","QDEC","689.81","98.72204472843450479233226837060702875399",".0272","1.7981","-.2169","3.8638","19.2869","18.5567","Derivative Based ETF","Defined Outcome"
"Northern Trust Quality Dividend Defensive ETF","QDEF","545.49","80.71294015360092740182582234458774090711","-.2069","-1.8513","-1.3519","3.4703","14.9436","14.1199","Style Box - All Cap Blend","Style Box - All Cap Blend"
"Northern Trust Quality Dividend ETF","QDF","2191.3","81.51209060299969390878481787572696663606","-.1985","-1.5201","-1.0065","1.539","17.7891","16.4185","Style Box - All Cap Blend","Style Box - All Cap Blend"
"Pacer Metaurus US Large Cap Dividend Multiplier 400 ETF","QDPL","1821.99","89.78007761966364812419146183699870633894","-.0108","-.2529","-1.0499","3.1088","19.7497","15.0324","Style Box - Large Cap Blend","Style Box - Large Cap Blend"
"Roundhill Nasdaq-100 0DTE Covered Call Strategy ETF","QDTE","974.38","23.38461538461538461538461538461538461538",".2409","2.2706","-.9822","2.06","24.4243","17.6843","Derivative Based ETF","Derivative Based ETF"
"Amplify CWP Growth & Income ETF","QDVO","775.92","79.05138339920948616600790513833992094862","-.4337","2.7353","-.9245","4.9178","20.7607","14.9005","Derivative Based ETF","Derivative Based ETF"
"State Street SPDR MSCI EAFE StrategicFactors ETF","QEFA","1016.71","72.90485192186515437933207309388783868935","-.699","-3.3333","-1.8524","2.0192","9.9888","15.272","Geographic - EAFE","Broad Developed World ETFs"
"Innovator Nasdaq-100 Managed Floor ETF","QFLR","522.43","81.39534883720930232558139534883720930233","-.0278","2.4751","-.3872",".0834","10.1192","9.0854","Derivative Based ETF","Style Box - Large Cap Blend"
"American Century U.S. Quality Growth ETF","QGRO","1962.08","82.7962577962577962577962577962577962578","-.0596","-1.1766","-.8319",".2827","14.4647","2.6746","Style Box - All Cap Growth","Style Box - All Cap Growth"
"WisdomTree U.S. Quality Growth Fund","QGRW","3177.47","97.6601671309192200557103064066852367688",".3797","1.5812","-.5642","5.4456","33.1139","20.2202","Style Box - All Cap Growth","Style Box - All Cap Growth"
"ProShares UltraShort QQQ","QID","217.94","2.12765957446808510638297872340425531915","-.301","-5.7304","2.7871","-4.1143","-43.2687","-34.8976","Derivative Based ETF","Inverse Equity ETFs"
"American Century Quality Diversified International ETF","QINT","777.04","71.50259067357512953367875647668393782383","-.6968","-3.8177","-2.322","1.1547","12.2219","17.5418","Foreign Large Blend ETF","Foreign Large Blend ETF"
"FT Vest Nasdaq-100 Buffer ETF - June","QJUN","729.21","91.54040404040404040404040404040404040404",".0586","2.1521","-.9707","2.2591","11.283","10.029","Derivative Based ETF","Defined Outcome"
"Northern Trust US Quality Large Cap ETF","QLC","1120.51","85.40965207631874298540965207631874298541","-.103","-1.6094","-1.3416","2.2421","20.2259","18.3905","Style Box - Large Cap Blend","Style Box - Large Cap Blend"
"ProShares Ultra QQQ","QLD","14923.05","87.75651371916071016831911459534240258243",".3689","5.6306","-2.6302","1.6728","64.1823","39.6771","Derivative Based ETF","Leveraged Equity ETFs"
"GMO International Quality ETF","QLTI","273.95","64.97540771421175252394512037276727931659","-.2532","-3.9751","-1.2314","-.6712","10.4399","6.1243","Foreign Large Value ETF","Foreign Large Value ETF"
"GMO U.S. Quality ETF","QLTY","5186.48","95.71078431372549019607843137254901960784",".256","-.7373","-.1622","4.2653","22.2861","20.1981","Style Box - All Cap Blend","Style Box - All Cap Blend"
"FT Vest Nasdaq-100 Buffer ETF - March","QMAR","608.24","98.69511820693890082898372735646300276328",".0261","1.4296","-.182","3.5194","16.6009","19.3563","Derivative Based ETF","Defined Outcome"
"Alpha Architect U.S. Quantitative Momentum ETF","QMOM","426.55","56.9774259747874523600117267663441805922","-.0411","-.2641","-.2668","-6.7012","9.3647","12.5133","Style Box - All Cap Growth","Style Box - All Cap Growth"
"State Street SPDR Portfolio Nasdaq 100 ETF","QNDX","429.31","88.96551724137931034482758620689655172414",".1603","3.1625","-1.2638","0","0","0","Style Box - Large Cap Blend","Style Box - Large Cap Blend"
"Invesco QQQ Income Advantage ETF","QQA","895.82","86.44959045403984224896349479219334614218",".0176","2.4777","-.5725","2.7357","22.7701","19.0639","Derivative Based ETF","Style Box - Large Cap Growth"
"First Trust NASDAQ-100 Select Equal Weight ETF","QQEW","1876.53","90.49567985447930877671668940427467030468",".6676","-1.6268","-1.2665","3.0175","32.102","15.4353","Style Box - Large Cap Growth","Style Box - Large Cap Growth"
"HCM Defender 100 Index ETF","QQH","781.42","90.59454191033138401559454191033138401559",".0687","3.9871","-1.6768","4.2601","26.3284","15.0362","Moderate Allocation ","Total Portfolio ETFs"
"Invesco ESG NASDAQ 100 ETF","QQMG","216.54","95.90345914201819093318054859270930315835",".0892","3.3853","-1.0963","2.8786","34.2746","25.8511","Strategy - Socially Responsible","Style Box - Large Cap Blend"
"Invesco QQQ","QQQ","495611.06","94.96246960566656094724600909187017655143",".1901","3.1059","-1.275","2.0165","31.4471","23.7656","Style Box - Large Cap Growth","Style Box - Large Cap Growth"
"Direxion NASDAQ-100 Equal Weighted Index ETF","QQQE","1421.53","84.70136220747467691232972406566538595878",".2918","-1.4645","-1.0112","-.3892","25.3051","18.9782","Style Box - Large Cap Growth","Style Box - Large Cap Growth"
"NEOS Nasdaq-100 Hedged Equity Income ETF","QQQH","396.15","82.48488705058860960865415208399618199173",".1085","2.1036","-.6254","1.7227","13.178","9.36","Derivative Based ETF","Style Box - All Cap Blend"
"NEOS Nasdaq-100 High Income ETF","QQQI","14873.32","76.6980146290491118077324973876698014629",".1264","2.868","-.6627","2.5197","22.3471","16.6379","Derivative Based ETF","Style Box - Large Cap Growth"
"Invesco NASDAQ Next Gen 100 ETF","QQQJ","1169.76","76.26427406199021207177814029363784665579","-.0911","-3.4662","-2.054","-2.2457","25.0403","23.5278","Style Box - Large Cap Growth","Style Box - Large Cap Growth"
"Invesco NASDAQ 100 ETF","QQQM","108832.59","94.93004749069439096393274290848414837633",".178","3.0992","-1.2834","2.0442","31.4688","23.8013","Style Box - Large Cap Growth","Style Box - Large Cap Growth"
"FT Vest Nasdaq-100 Buffer ETF - September","QSPT","709.99","96.45547186530793088170137350465219317678",".1099","2.3589","-.6541","5.286","21.3382","17.6566","Derivative Based ETF","Defined Outcome"
"First Trust NASDAQ-100-Technology Sector ETF","QTEC","4746.94","94.34387382487763188563437184367958977546",".6774","3.9003","-.8752",".6096","56.7385","42.997","Technology  - broad","Technology ETFs"
"iShares Nasdaq Top 30 Stocks ETF","QTOP","321.28","95.4175628916113345179089123725801926494",".1795","5.2168","-1.2389","3.1619","34.2085","26.6435","Style Box - Large Cap Growth","Style Box - Large Cap Growth"
"Defiance Quantum ETF","QTUM","5630.59","75.30701754385964912280701754385964912281",".3369","2.7691","-1.3568","-5.2704","45.2409","46.7433","Technology  - broad","Technology ETFs"
"iShares MSCI USA Quality Factor ETF","QUAL","48006.2","90.29245514868518063406242319980339149668",".1615",".037",".0717","2.9512","19.6415","16.4251","Style Box - All Cap Blend","Style Box - All Cap Blend"
"State Street SPDR MSCI USA StrategicFactors ETF","QUS","1557.58","81.61870503597122302158273381294964028777","-.0492","-2.2215","-.8147","2.6509","14.0799","13.5181","Style Box - Large Cap Blend","Style Box - Large Cap Blend"
"Alpha Architect U.S. Quantitative Value ETF","QVAL","599.53","76.3282813840434658278524449528167000286",".4929","-5.4947","-1.8465","5.5038","14.9039","27.1058","Style Box - Large Cap Value","Style Box - Large Cap Value"
"Invesco S&P 500 QVM Multi-factor ETF","QVML","1668.26","90.4115784712799638172772501130710085934","-.2051","-.3487","-1.091","3.6838","21.6609","16.8653","Style Box - Large Cap Blend","Style Box - Large Cap Blend"
"Invesco S&P MidCap 400 QVM Multi-factor ETF","QVMM","410.07","60.57305847270841436535718916115648904447",".0862","-4.3166","-1.6332","-5.298","8.8532","12.7062","Style Box - Mid Cap Blend","Style Box - Mid Cap Blend"
"Invesco S&P SmallCap 600 QVM Multi-factor ETF","QVMS","236.44","64.52080776525716835880843467588976905054","-.195","-5.1739","-1.7554","-6.8336","13.3498","17.0134","Style Box - Small Cap Blend","Style Box - Small Cap Blend"
"Global X Nasdaq 100 Covered Call ETF","QYLD","8499.57","100",".162","2.5559","0","4.6442","17.0537","21.724","Derivative Based ETF","Derivative Based ETF"
"SMI 3Fourteen REAL Asset Allocation ETF","RAA","604.94","82.2420115243583027763226820324777370351","-.1901","-1.3","-1.7788","2.3504","11.0327","12.8591","Moderate Allocation","Total Portfolio ETFs"
"VanEck Real Assets ETF","RAAX","1336.32","67.51445086705202312138728323699421965318","-.0752","-3.1326","-2.7785","1.218","-.5733","18.2635","Absolute Returns ","Total Portfolio ETFs"
"Roundhill T-REX 2X Long DRAM Daily Target ETF","RAM","561.55","32.8125","5.312","16.1885","-7.6547","0","0","0","Derivative Based ETF","Single Stock ETF"
"Northern Trust Ultra-Short Fixed Income ETF","RAVI","1589.26","13.46153846153846153846153846153846153846","-.0173",".1795","-.0199",".7367","1.8824","3.669","Ultra short Bond ETF","Ultra short Bond ETF"
"Invesco S&P Ultra Dividend Revenue ETF","RDIV","1415.81","53.66112486735054828440042447824548991864","-.6387","-8.106","-2.3082","-1.6478","5.438","14.3658","Style Box - Large Cap Value","Style Box - Large Cap Value"
"FT Vest Rising Dividend Achievers Target Income ETF","RDVI","3690.64","60.97087378640776699029126213592233009709",".143","-3.5229","-.6694","-2.0127","16.9179","17.1832","Style Box - Large Cap Value","Style Box - Large Cap Value"
"First Trust Rising Dividend Achievers ETF","RDVY","25007.06","73.17073170731707317073170731707317073171",".0889","-3.763","-.7764","-1.8858","18.6555","18.1459","Style Box - Large Cap Value","Style Box - Large Cap Value"
"Columbia Research Enhanced Core ETF","RECS","6071.03","91.56171284634760705289672544080604534005","-.2647","-.2647","-1.1369","5.0895","19.094","12.6276","Strategy - Beta","Style Box - All Cap Blend"
"iShares Global REIT ETF","REET","4684.4","30.54892601431980906921241050119331742243","-.1153","-5.3193","-1.7398","-6.5682","6.8979","5.9469","Real Estate   - REITs","Real Estate ETFs"
"ProShares S&P MidCap 400 Dividend Aristocrats ETF","REGL","1664.52","43.00341296928327645051194539249146757679","-.5231","-6.1151","-1.7808","-4.4406","3.9439","5.4688","Strategy - Dividend Growth","Style Box - Mid Cap Value"
"VanEck Rare Earth and Strategic Metals ETF","REMX","1851.9","2.67565803785077224276702197085055470959",".4964","-16.3136","-8.7079","-24.9942","-24.7503",".8404","Materials  - Rare Earth/Lithium","Materials ETFs"
"Columbia Research Enhanced Value ETF","REVS","347.55","80.33384766446906999579183616215457988498","-.3927","-3.3081","-1.1987","4.5074","17.6156","18.3247","Strategy - Beta","Style Box - All Cap Value"
"iShares Residential and Multisector Real Estate ETF","REZ","802.53","44.07530454042081949058693244739756367663",".0561","-5.162","-.6901","-5.9155","9.7401","8.3654","Real Estate   - REITs","Real Estate ETFs"
"Invesco S&P MidCap 400 Pure Growth ETF","RFG","332.31","63.77635318220871059414447161456612252991",".0321","-2.554","-1.7997","-6.7808","9.7828","16.0877","Style Box - Mid Cap Growth","Style Box - Mid Cap Growth"
"Invesco S&P MidCap 400 Pure Value ETF","RFV","324.02","67.67692846455063512782146381840756422909","-.6277","-4.3002","-2.0825","-.2298","12.2658","12.3791","Style Box - Mid Cap Value","Style Box - Mid Cap Value"
"Rockefeller Global Equity ETF","RGEF","821.14","93.76206742908064755680974305658695975048",".2853",".7164","-.825","2.859","21.7952","21.7189","Global Large-Cap Blend Equity ETF","Global Large-Cap Blend Equity ETF"
"Russell Investments Global Equity ETF","RGLO","363.99","88.69722359126006242812551338919007721373","-.2366","-1.204","-1.286","3.0755","18.7877","17.6757","Global Large-Cap Blend Equity ETF","Global Large-Cap Blend Equity ETF"
"iShares MSCI Global Gold Miners ETF","RING","2322.29","47.33770970094821298322392414296134208607","1.2896","-11.0908","-9.4129","19.9815","5.6639","22.092","Materials  - Gold Mining","Materials ETFs"
"FolioBeyond Alternative Income and Interest Rate Hedge ETF","RISR","381.96","90.84967320261437908496732026143790849673",".1083","1.4746","1.2596","3.9047","4.4457","8.3068","Asset Backed - MBS","Mortgage-Backed Security ETFs"
"RJ ClariVest Capital Appreciation ETF","RJCA","606.42","78.39159129797115619652896602297726717184","-.0054","2.7439","-1.1765","0","0","0","Style Box - Large Cap Growth","Style Box - Large Cap Growth"
"Defiance Daily Target 2X Long RKLB ETF","RKLX","222.34","3.63200957892636200359209738575134703652","-6.9059","11.8223","-7.0071","-58.6573","-27.2109","-15.0815","Derivative Based ETF","Single Stock ETF"
"State Street Multi-Asset Real Return ETF","RLY","1390.97","75.41854903002923199574807334573478607494","-.4387","-2.8489","-2.4059","5.4216","2.2358","21.0681","Hedge Fund - Inflation-Focused","Total Portfolio ETFs"
"ROBO Global Robotics and Automation Index ETF","ROBO","2023.57","63.55311355311355311355311355311355311355",".0124","-.31","-1.2893","-3.6091","20.2004","23.1653","World Small/Mid Stock ETF","World Small/Mid Stock ETF"
"First Trust NASDAQ Artificial Intelligence and Robotics ETF","ROBT","771.12","88.15949428640894724045708728422076343302","-.068","-2.2532","-2.2435","6.517","31.5889","11.8017","Artificial Intelligence and Robotics ETF","Artificial Intelligence and Robotics ETF"
"JPMorgan Nasdaq Equity Premium Yield ETF","ROCQ","671.4","84.40598690364826941066417212347988774556","-.0213","2.5475","-1.1946","2.1671","24.31","0","Derivative Based ETF","Style Box - Large Cap Growth"
"JPMorgan Equity Premium Yield ETF","ROCY","752.22","89.67595072308516336368505623995715050884","-.1052",".0711","-.4719","4.0125","17.3558","0","Derivative Based ETF","Style Box - Large Cap Blend"
"Hartford Multifactor Developed Markets (ex-US) ETF","RODM","1631.26","78.87874837027379400260756192959582790091","-.7739","-2.1464","-1.7951","1.484","8.6399","19.4957","Foreign Large Value ETF","Foreign Large Value ETF"
"Astoria US Equal Weight Quality Kings ETF","ROE","288.17","85.76785714285714285714285714285714285714",".2692","-1.6566","-.9878","1.2948","22.4776","25.7341","Style Box - All Cap Value","Style Box - All Cap Value"
"ProShares Ultra Technology","ROM","1408.17","86.06914731826016425022812531684071783433","-.0064","9.2172","-1.9456","6.6757","109.3184","71.8896","Derivative Based ETF","Leveraged Equity ETFs"
"Baron First Principles ETF","RONB","328.87","47.61904761904761904761904761904761904762",".9499","-2.9867","-2.1339","-3.027","5.2688","0","Style Box - Large Cap Growth","Style Box - Large Cap Growth"
"Hartford Multifactor US Equity ETF","ROUS","748.93","81.7055393586005830903790087463556851312","-.1499","-1.627","-.9856","-.4693","15.2895","17.8916","Style Box - Large Cap Value","Style Box - Large Cap Value"
"RPAR Risk Parity ETF","RPAR","552.69","3.82962094568190699491989058225869480266","-.1119","-5.2193","-3.718","-3.445","-.5474","3.8415","Multi-Asset - Total Portfolio","Total Portfolio ETFs"
"Invesco S&P 500 Pure Growth ETF","RPG","1912.83","74.4427934621099554234769687964338781575","1.0677","2.8354","-.8782","-5.9579","28.5309","22.9356","Style Box - Large Cap Growth","Style Box - Large Cap Growth"
"Invesco S&P 500 Pure Value ETF","RPV","1657.62","71.43897996357012750455373406193078324226","-.5083","-4.6177","-1.7942","1.034","9.9991","18.8482","Style Box - Large Cap Value","Style Box - Large Cap Value"
"Rockefeller U.S. Small-Mid Cap ETF","RSMC","742.61","59.67772156642308412966085816001498969458","-.3379","-4.1142","-2.0356","-3.7272","12.5605","4.4672","Style Box - All Cap Growth","Style Box - All Cap Growth"
"Invesco S&P 500 Equal Weight ETF","RSP","95922.49","67.30721852673072185267307218526730721853","-.1144","-4.7102","-1.5508","-1.2931","12.0159","12.4104","Style Box - Large Cap Blend","Style Box - Large Cap Blend"
"Invesco S&P 500 Equal Weight Income Advantage ETF","RSPA","1197.15","43.728222996515679442508710801393728223","-.0193","-4.2066","-1.5592","-.9705","9.9267","11.0275","Derivative Based ETF","Style Box - Large Cap Blend"
"Invesco S&P 500 Equal Weight Consumer Discretionary ETF","RSPD","408.41","6.19047619047619047619047619047619047619",".3464","-7.9564","-1.7524","-7.0563",".6749","-9.3084","Consumer Discretionary - Broad","Consumer Discretionary ETFs"
"Invesco S&P 500 Equal Weight Financials ETF","RSPF","374.46","53.50206003531489111241907004120070629782","-.2681","-7.9039","-2.0645",".9056","14.0067","1.3462","Financials-Broad","Financials ETFs"
"Invesco S&P 500 Equal Weight Energy ETF","RSPG","606.45","78.34440227703984819734345351043643263757","-1.1806","-3.8856","-1.8274","10.2932","-3.2982","36.8429","Energy - Broad","Energy ETFs"
"Invesco S&P 500 Equal Weight Health Care ETF","RSPH","873.8","92.55319148936170212765957446808510638298","-.1868",".031",".5376","11.9294","26.7802","30.4556","Healthcare - Broad","Health Care ETFs"
"Invesco S&P 500 Equal Weight Industrials ETF","RSPN","736.35","43.85210662080825451418744625967325881341","-.0171","-5.5716","-1.231","-7.3291","4.1526","5.9606","Industrials  - Broad","Industrials ETFs"
"Invesco S&P 500 Equal Weight Consumer Staples ETF","RSPS","432.09","17.67626613704071499503475670307845084409","-.4618","-6.5411","-1.4561","-4.0623","-.1256","2.2833","Consumer Staples - Broad","Consumer Staples ETFs"
"Invesco S&P 500 Equal Weight Technology ETF","RSPT","6004.5","92.62295081967213114754098360655737704918",".0305","1.3322","-1.4423","3.751","48.1521","48.0284","Technology  - broad","Technology ETFs"
"Invesco S&P 500 Equal Weight Utilities ETF","RSPU","467.85","5.77312626603646185010128291694800810263","1.2281","-6.5827","-1.8181","-13.7031","-11.0275","-4.9439","Utilities  - Broad","Utilities/Infrastructure ETFs"
"Return Stacked Global Stocks & Bonds ETF","RSSB","495.09","66.6023166023166023166023166023166023166","-.4673","-4.3004","-3.3701","-2.9928","13.083","5.9062","Derivative Based ETF","Total Portfolio ETFs"
"Global X Russell 2000 ETF","RSSL","1438.59","66.32504157192791936742797027182950419113","-.3731","-5.5086","-2.943","-6.3421","15.2427","16.7006","Style Box - Small Cap Blend","Style Box - Small Cap Blend"
"Return Stacked U.S. Stocks & Managed Futures ETF","RSST","578.34","94.12340842311459353574926542605288932419","-.6162","4.4451",".4246","10.7366","28.1792","34.4449","Derivative Based ETF","Hedge Fund ETFs"
"VanEck Retail ETF","RTH","238","28.72739018087855297157622739018087855297","-.1654","-4.1666","-1.601","-1.3776","2.6117",".5014","Consumer Discretionary - Retail","Consumer Discretionary ETFs"
"Running Oak Efficient Growth ETF","RUNN","387.1","25.93688362919132149901380670611439842209","-.3859","-7.576","-1.9475",".7621","3.3427","-4.3609","Style Box - All Cap Growth","Style Box - All Cap Growth"
"Invesco S&P SmallCap 600 Revenue ETF","RWJ","1956.9","66.31695196024295969077857537272225289895","-.2813","-6.8887","-2.6438","-4.5617","15.1878","19.2972","Style Box - Small Cap Blend","Style Box - Small Cap Blend"
"Invesco S&P MidCap 400 Revenue ETF","RWK","1274.52","63.41824644549763033175355450236966824645","-.4056","-5.4253","-1.9752","-3.8734","11.9889","13.2302","Style Box - Mid Cap Value","Style Box - Mid Cap Value"
"Invesco S&P 500 Revenue ETF","RWL","9766.63","77.68807339449541284403669724770642201835","-.2001","-3.0647","-1.4293","1.6162","15.6288","18.8721","Style Box - Large Cap Value","Style Box - Large Cap Value"
"State Street SPDR Dow Jones Global Real Estate ETF","RWO","1186.42","35.27918781725888324873096446700507614213","-.3398","-5.0758","-1.7794","-5.9806","6.4974","7.0331","Real Estate   - Broad","Real Estate ETFs"
"State Street SPDR Dow Jones REIT ETF","RWR","1792.44","41.3425205601244721049122027117137141587","-.0283","-5.2432","-1.4138","-6.7466","8.7495","10.2873","Real Estate   - REITs","Real Estate ETFs"
"iShares Global Consumer Discretionary ETF","RXI","296.89","12.62189853104554993210714726576965806691","-.1649","-7.3505","-2.8375","-4.4882","2.8683","-9.5396","Consumer Discretionary - Broad","Consumer Discretionary ETFs"
"Global X Russell 2000 Covered Call ETF","RYLD","1322.61","46.92737430167597765363128491620111731844","-.129","-3.5935","-1.1494",".1463","11.6067","15.52","Derivative Based ETF","Derivative Based ETF"
"7.125% Fixed-Rate Reset Subordinated Debentures due 2052","RZC","1697.29","24.65753424657534246575342465753424657534","-.0395","-1.0938","-.8226","-1.7462","-.1183","-2.8396","Corporates - Long Term","Investment Grade Corporate Bond ETFs"
"Invesco S&P SmallCap 600 Pure Value ETF","RZV","278.54","68.17435921140823260221415859662098134837","-.4001","-6.6596","-2.5929","-6.106","14.7111","20.233","Style Box - Small Cap Value","Style Box - Small Cap Value"
"Strategas Macro Thematic Opportunities ETF","SAMT","789.92","50.86974968179889690284259652100127280441",".3589","-2.0434","-1.4682","-10.6412","7.4411","12.5134","Style Box - All Cap Blend","Style Box - All Cap Blend"
"Simplify Barrier Income ETF","SBAR","419.91","41.37931034482758620689655172413793103448",".1586","-.7393","-.7393","2.321","9.4926","8.1555","Derivative Based ETF","Derivative Based ETF"
"Simplify Government Money Market ETF","SBIL","4259.7","13.88888888888888888888888888888888888889",".02",".2898",".0798",".9095","1.8296","3.6582","US Treasury - Ultra Short","Money Market/Ultra-Short Term ETFs"
"ALPS Medical Breakthroughs ETF","SBIO","210","59.82742989339419139025228999280957889142",".0173","-13.6384","-8.5399","-10.2957","19.8098","51.6833","Healthcare - Broad","Health Care ETFs"
"Sterling Capital Hedged Equity Premium Income ETF","SCEP","244.06","68.91089108910891089108910891089108910891",".0765","-.4922","-.7188","2.2194","10.8308","0","Derivative Based ETF","Style Box - All Cap Blend"
"Schwab U.S. Small-Cap ETF","SCHA","22624.11","65.14522821576763485477178423236514522822","-.2739","-3.9997","-2.6348","-7.8483","15.85","18.9071","Style Box - Small Cap Blend","Style Box - Small Cap Blend"
"Schwab U.S. Broad Market ETF","SCHB","44513.93","87.71929824561403508771929824561403508772","-.102","-.7714","-1.3031","2.5788","20.5967","15.8701","Style Box - All Cap Blend","Style Box - All Cap Blend"
"Schwab International Small-Cap Equity ETF","SCHC","5618.88","76.22461170848267622461170848267622461171","-.24","-3.1462","-2.5406","3.8309","10.3506","13.7747","Foreign Small/Mid Blend ETF","Foreign Small/Mid Blend ETF"
"Schwab U.S. Dividend Equity ETF","SCHD","108937.95","73.0900798175598631698973774230330672748","-.4847","-5.1103","-1.848","3.7159","9.6222","25.1074","Style Box - Large Cap Value","Style Box - Large Cap Value"
"Schwab Emerging Markets Equity ETF","SCHE","12874.03","83.33333333333333333333333333333333333333","-.2996","-1.4536","-2.3733","1.8642","14.6522","13.037","Geographic - Broad Emerging Markets","Broad Emerging Market ETFs"
"Schwab International Equity ETF","SCHF","68363.06","83.48134991119005328596802841918294849023","-.2165","-2.2615","-2.0885",".4722","15.9858","22.9107","Foreign Large Blend ETF","Foreign Large Blend ETF"
"Schwab U.S. Large-Cap Growth ETF","SCHG","63784.29","95.01216545012165450121654501216545012165","-.1113",".467","-1.0267","7.4331","27.6368","13.4327","Style Box - Large Cap Growth","Style Box - Large Cap Growth"
"Schwab U.S. REIT ETF","SCHH","10634.39","37.25961538461538461538461538461538461538","0","-5.5468","-2.1248","-6.9963","7.0687","6.9921","Real Estate   - REITs","Real Estate ETFs"
"Schwab 1-5 Year Corporate Bond ETF","SCHJ","867.6","1.05263157894736842105263157894736842105",".0415","-1.2347","-.6593","-1.2183",".1771","1.1362","Corporates - Investment Grade","Investment Grade Corporate Bond ETFs"
"Schwab 1000 Index ETF","SCHK","5741.08","88.51540616246498599439775910364145658263","-.1359","-.6697","-1.2819","2.9095","20.8603","15.9722","Style Box - Large Cap Blend","Style Box - Large Cap Blend"
"Schwab U.S. Mid-Cap ETF","SCHM","14411.47","68.95348837209302325581395348837209302326","-.1751","-3.5169","-2.1417","-5.8198","13.6107","16.9635","Style Box - Mid Cap Blend","Style Box - Mid Cap Blend"
"Schwab Short-Term U.S. Treasury ETF","SCHO","15256.85","3.22580645161290322580645161290322580645",".0419","-.6136","-.1674","-.3249",".3953","1.5357","US Treasury - Short Term","Government Bond ETFs"
"Schwab Intermediate-Term U.S. Treasury ETF","SCHR","13107.67",".5952380952380952380952380952380952380952",".0422","-2.2292","-1.0838","-3.0922","-2.1939","-1.6519","US Treasury - Intermediate Term","Government Bond ETFs"
"Schwab U.S. Large-Cap Value ETF","SCHV","15193.12","73.69165487977369165487977369165487977369","-.1192","-2.7067","-1.4539","-3.0708","12.6533","17.5897","Style Box - Large Cap Value","Style Box - Large Cap Value"
"Schwab U.S. Large-Cap ETF","SCHX","74122.81","89.29188255613126079447322970639032815199","-.1328","-.5531","-1.2043","3.2941","20.9456","15.7301","Style Box - Large Cap Blend","Style Box - Large Cap Blend"
"Schwab International Dividend Equity ETF","SCHY","2571.98","63.41463414634146341463414634146341463415","-.8451","-3.6265","-2.2724",".4269","5.0766","17.9282","Foreign Large Value ETF","Foreign Large Value ETF"
"iShares MSCI Japan Small-Cap ETF","SCJ","241.91","90.16994041050540719487971750165526373869","-1.2113","-.46","-1.7652","2.9259","15.6092","20.8573","Geographic - Japan","Asia-Pacific (Developed) ETFs"
"ProShares UltraShort Bloomberg Crude Oil","SCO","1015.7","1.087970158532794529064345663661796705","2.1576","-19.0457","-2.6303","-41.5446","-34.9936","-70.2513","Derivative Based ETF","Inverse Commodity ETFs"
"Schwab Ultra-Short Income ETF","SCUS","260.83","7.14285714285714285714285714285714285714",".0199","-.0433","-.0199",".6492","1.5762","3.2893","Ultra short Bond ETF","Ultra short Bond ETF"
"iShares MSCI EAFE Small-Cap ETF","SCZ","12849.62","76.72107877927608232789212207239176721079","-.5545","-3.0815","-2.5436","2.2937","12.4916","13.6548","Geographic - EAFE","Broad Developed World ETFs"
"USCF SummerHaven Dynamic Commodity Strategy No K-1 ETF","SDCI","785.76","91.08409321175278622087132725430597771023","-.4173","3.1593","-1.1472","18.7141","13.5848","37.914","Basket - Broad","Broad Commodity ETFs"
"Global X SuperDividend ETF","SDIV","1161.24","17.73255813953488372093023255813953488372","-.1699","-4.8594","-3.251","-1.5957",".5313","8.1352","Strategy - High Dividend Yield","World ETFs"
"ALPS Sector Dividend Dogs ETF","SDOG","1364.51","65.72585519158709053547685241145896289133","-.5727","-5.9296","-2.1894",".4027","8.8042","18.4967","Style Box - Large Cap Value","Style Box - Large Cap Value"
"ProShares UltraShort S&P500","SDS","327.72","5.50628233555062823355506282335550628234",".3329","1.3652","2.5012","-4.9218","-29.9937","-21.5901","Derivative Based ETF","Inverse Equity ETFs"
"American Century Short Duration Strategic Income ETF","SDSI","305.62","6.6523605150214592274678111587982832618",".0495","-.8754","-.4628","-.4474","1.3303","2.4251","Short-Term Bond ETF","Short-Term Bond ETF"
"FT Vest SMID Rising Dividend Achievers Target Income ETF","SDVD","873.38","31.64179104477611940298507462686567164179","-.3214","-5.4208","-1.3236","-3.5869","6.2452","9.1078","Style Box - All Cap Value","Style Box - All Cap Value"
"First Trust SMID Cap Rising Dividend Achievers ETF","SDVY","10913.37","52.76145710928319623971797884841363102233","-.2438","-6.0032","-1.5358","-4.4709","6.2007","8.7566","Style Box - Mid Cap Value","Style Box - Mid Cap Value"
"State Street SPDR S&P Dividend ETF","SDY","20596.13","50.55986218776916451335055986218776916451","-.2094","-5.6401","-1.4808","-2.7059","3.5834","8.7412","Style Box - Large Cap Value","Style Box - Large Cap Value"
"Main Sector Rotation ETF","SECT","2881.94","87.78523489932885906040268456375838926174",".0279","-.3642","-1.1054",".797","22.0543","14.992","Style Box - All Cap Blend","Style Box - All Cap Blend"
"SEI Select Emerging Markets Equity ETF","SEEM","676.49","80.78549357619125060985526101805171572613",".3171",".3505","-2.2185","-.179","24.8556","33.743","Geographic - Broad Emerging Markets","Broad Emerging Market ETFs"
"SEI Select International Equity ETF","SEIE","1304.77","82.5","-.5928","-2.7565","-1.5402","2.7672","16.208","21.3893","Global Large-Cap Blend Equity ETF","Global Large-Cap Blend Equity ETF"
"SEI QiM U.S. Large Cap Momentum Active ETF","SEIM","1530.26","81.99381761978361669242658423493044822257","-.0279","-.4255","-.6461","-2.5748","21.1086","19.7174","Style Box - Large Cap Blend","Style Box - Large Cap Blend"
"SEI QiM U.S. Large Cap Quality Active ETF","SEIQ","736.17","79.04624277456647398843930635838150289017","-.5811","-3.411","-1.0125","4.6425","15.9187","7.1916","Style Box - Large Cap Blend","Style Box - Large Cap Blend"
"SEI Select Small Cap ETF","SEIS","594.39","68.33397460561754520969603693728357060408","-.3005","-4.9954","-1.6492","-5.7988","15.1387","11.7135","Style Box - Small Cap Blend","Style Box - Small Cap Blend"
"SEI QiM U.S. Large Cap Value Active ETF","SEIV","1561.61","84.12987960598321780372126960963152134258","-.1216","-3.1066","-1.8718","2.7045","21.6347","28.8041","Style Box - Large Cap Value","Style Box - Large Cap Value"
"Virtus Seix Senior Loan ETF","SEIX","288.72","33.87096774193548387096774193548387096774","0",".2104","-.3438","2.0822","4.1462","5.201","Corporates - Bank Loan","High-Yield/Junk Bond ETFs"
"SEI QiM U.S. Large Cap Low Volatility Active ETF","SELV","251.6","63.0148992112182296231375985977212971078","-.4059","-4.3176","-1.7068","3.7116","7.045","8.3854","Style Box - Large Cap Blend","Style Box - Large Cap Blend"
"Sprott Critical Materials ETF","SETM","539.36","35.75989782886334610472541507024265644955",".3382","-14.4464","-8.1708","-3.7626","-6.9906","16.857","Materials  - Broad","Materials ETFs"
"SEI QiM U.S. Equity Factor Allocation Active ETF","SEUS","926.1","46.04051565377532228360957642725598526703","-.1249","-2.3402","-1.5547","0","0","0","Style Box - All Cap Blend","Style Box - All Cap Blend"
"Sequoia Global Value ETF","SFGV","1161.26","77.35849056603773584905660377358490566038",".1006","-2.9414","-1.5695","1.7323","10.9623","0","Global Large-Cap Value Equity ETF","Global Large-Cap Value Equity ETF"
"VictoryShares Small Cap Free Cash Flow ETF","SFLO","792.15","74.10478995504572934428770733219655867307","-.0405","-7.9266","-2.7607","8.3089","26.0473","27.1851","Style Box - Small Cap Value","Style Box - Small Cap Value"
"Innovator Equity Managed Floor ETF","SFLR","2205.8","91.52173913043478260869565217391304347826","-.1023",".1795","-.9883","1.8039","12.1341","9.2213","Style Box - Large Cap Blend","Style Box - Large Cap Blend"
"Horizon International Managed Risk ETF","SFTX","778.42","87.08296427516976675524062592264540891645","-.2193","-.9982","-2.0852",".6341","18.4271","0","Foreign Large Blend ETF","Foreign Large Blend ETF"
"Horizon Managed Risk ETF","SFTY","803.65","93.94882434301521438450899031811894882434","-.1573","-.0315","-1.029","4.0485","20.1817","16.0936","Style Box - Large Cap Blend","Style Box - Large Cap Blend"
"SoFi Select 500 ETF","SFY","706.9","94.41050790100088904184232412744844991253","-.0286",".8336","-1.2527","4.496","26.434","20.107","Style Box - Large Cap Growth","Style Box - Large Cap Growth"
"Sprott Junior Gold Miners ETF","SGDJ","333.96","46.76742233417296389588581024349286314022","1.9015","-9.2092","-8.8488","18.8515","12.3269","25.8809","Materials  - Gold Mining","Materials ETFs"
"Sprott Gold Miners ETF","SGDM","659.07","48.11800610376398779247202441505595116989",".9566","-9.614","-8.6776","19.2204","5.7586","21.778","Materials  - Gold Mining","Materials ETFs"
"SGI U.S. Large Cap Core ETF","SGLC","215.15","93.8283894087198885128409317141150706749","-.2849","-.263","-1.1965","6.3084","25.8018","24.9254","Style Box - Large Cap Blend","Style Box - Large Cap Blend"
"abrdn Physical Gold Shares ETF","SGOL","6884.87","20.53206002728512960436562073669849931787","1.351","-6.3148","-4.3081","3.9749","-7.5349","8.9017","Precious Metals - Gold","Precious Metals ETFs"
"iShares 0-3 Month Treasury Bond ETF","SGOV","111804.11","90.90909090909090909090909090909090909091",".0099",".2951",".0696",".9136","1.818","3.666","US Treasury - Ultra Short","Government Bond ETFs"
"F/m Accumulator Ultrashort Treasury Fund","SGVA","243.9","100",".0099",".2581",".0594",".8185","0","0","US Treasury - Ultra Short","Government Bond ETFs"
"Schwab Government Money Market ETF","SGVT","989.27","95",".0199",".2694",".0695",".8585","1.6989","3.4574","US Treasury - Ultra Short","Money Market/Ultra-Short Term ETFs"
"ProShares Short S&P500","SH","983.56","5.61009817671809256661991584852734922861",".124",".8236","1.2307","-1.9956","-15.3615","-9.5111","Derivative Based ETF","Inverse Equity ETFs"
"State Street SPDR MSCI USA Gender Diversity ETF","SHE","330.73","88.88496248776775035337610090246819615092",".04","-.7037","-1.5589","2.9428","26.2209","25.2473","Strategy - Socially Responsible","Style Box - Large Cap Blend"
"Global X Defense Tech ETF","SHLD","6792.99","11.3521695257315842583249243188698284561","-.6084","-8.672","-2.8916","3.2991","-13.2151","-11.7897","Industrials  - Aerospace & Defense","Industrials ETFs"
"Strive U.S. Semiconductor ETF","SHOC","243.68","79.0243434617905151607179962597701516871","1.1422","8.6329","-.4407","-5.234","58.3109","80.1561","Technology  - Semiconductors","Technology ETFs"
"iShares 0-1 Year Treasury Bond ETF","SHV","21373.37","61.70212765957446808510638297872340425532",".0272",".2613",".0726",".8767","1.7488","3.5325","Ultra short Bond ETF","Ultra short Bond ETF"
"iShares 1-3 Year Treasury Bond ETF","SHY","26149.86","3.34928229665071770334928229665071770335",".0616","-.5935","-.1968","-.337",".286","1.4487","US Treasury - Short Term","Government Bond ETFs"
"Global X Silver Miners ETF","SIL","4504.11","44.72505821243059287121619201146337094752",".2069","-12.0738","-10.5123","12.7477","3.6802","24.1883","Materials  - Silver Mining","Materials ETFs"
"Amplify Junior Silver Miners ETF","SILJ","3596.28","35.31218014329580348004094165813715455476",".2174","-12.772","-11.0325","7.2509","-.6822","22.4039","Materials  - Silver Mining","Materials ETFs"
"abrdn Physical Silver Shares ETF","SIVR","4110.33","20.83207717817304793488091649080494422671","1.004","-7.5717","-8.6569","5.4391","-12.4662","30.771","Precious Metals - Silver","Precious Metals ETFs"
"ETC 6 Meridian Mega Cap Equity ETF","SIXA","540.98","87.13638651233014594866633115249119275289","-.1229","-1.263","-1.058","1.8353","12.5048","17.7861","Style Box - Large Cap Blend","Style Box - Large Cap Blend"
"AllianzIM U.S. Equity 6 Month Buffer10 Jun/Dec ETF","SIXD","384.76","94.79166666666666666666666666666666666667","-.0572","-.2062","-.5847","2.4927","12.6692","11.0582","Derivative Based ETF","Defined Outcome"
"ETC 6 Meridian Hedged Equity - Index Option ETF","SIXH","607.07","92.6822442983069819504687281376801455156","-.1344","-.2155","-.0961","2.9608","7.348","16.5416","Multi-Asset - Total Portfolio","Total Portfolio ETFs"
"iShares MSCI USA Size Factor ETF","SIZE","421.27","63.72867957800006080690766471071113678514","-.3019","-4.4583","-1.6357","-1.3404","12.8907","10.903","Style Box - All Cap Blend","Style Box - All Cap Blend"
"First Trust Cloud Computing ETF","SKYY","3306.06","90.48648648648648648648648648648648648649",".1785","-1.4473","-2.772","22.4605","53.5377","20.4039","Technology  - Cloud Computing","Technology ETFs"
"TCW Senior Loan ETF","SLNZ","221.83","32.68197361993160723009281875915974596971","-.0987","-.0546","-.2518","1.5589","4.404","4.0055","Corporates - Bank Loan","High-Yield/Junk Bond ETFs"
"iShares 0-5 Year Investment Grade Corporate Bond ETF","SLQD","2427.01","1.94805194805194805194805194805194805195",".0607","-.9173","-.4929","-.7793",".5462","1.7032","Corporates - Investment Grade","Investment Grade Corporate Bond ETFs"
"iShares Silver Trust","SLV","29574.09","20.69620253164556962025316455696202531646",".9645","-7.5641","-8.6448","5.3151","-12.5473","30.5412","Precious Metals - Silver","Precious Metals ETFs"
"ETRACS Silver Shares Covered Call ETN","SLVO","251.2","7.63157894736842105263157894736842105263",".9743","-6.6219","-6.7818","2.0156","-21.4254","-29.2748","Derivative Based ETF","Precious Metals ETFs"
"iShares MSCI Global Silver and Metals Miners ETF","SLVP","901.68","47.82799473453268977621763931548924967091",".7353","-11.5031","-9.8456","15.0517","7.5749","34.0333","Materials  - Silver Mining","Materials ETFs"
"Sprott Silver Miners & Physical Silver ETF","SLVR","704.86","36.73746046091278807049254405784003615002",".2172","-12.3357","-11.0111","10.853","-.4137","24.6005","Materials  - Silver Mining","Materials ETFs"
"State Street SPDR S&P 600 Small Cap Growth ETF","SLYG","4778.46","61.57843455667424488470282559272491068529","-.407","-5.4423","-1.8505","-8.5047","14.6851","15.104","Style Box - Small Cap Growth","Style Box - Small Cap Growth"
"State Street SPDR S&P 600 Small Cap Value ETF","SLYV","4747.51","66.47787610619469026548672566371681415929","-.3298","-5.8109","-2.1987","-5.0314","11.5385","18.3508","Style Box - Small Cap Value","Style Box - Small Cap Value"
"ProShares Russell 2000 Dividend Growers ETF","SMDV","658.39","54.79814692256783587028457974851091992058","-.5229","-5.1717","-1.9161","-5.5474","7.9784","11.6174","Strategy - Dividend Growth","Style Box - Small Cap Value"
"VanEck Semiconductor ETF","SMH","73796.36","81.96387539629446496611500538087897385184","1.1483","9.725","-.0922","-3.9685","62.1643","88.0927","Technology  - Semiconductors","Technology ETFs"
"VanEck Fabless Semiconductor ETF","SMHX","271.68","77.09893455098934550989345509893455098935",".4947","9.3795","-1.2326","-2.3673","66.401","60.4281","Technology  - Semiconductors","Technology ETFs"
"Bahl & Gaynor Small/Mid Cap Income Growth ETF","SMIG","1433.54","58.16666666666666666666666666666666666667","-.345","-3.8954","-1.0406","-4.4739","8.6717","7.8457","Style Box - All Cap Value","Style Box - All Cap Value"
"iShares MSCI India Small-Cap ETF","SMIN","742.5","61.37892376681614349775784753363228699552","-.333","-4.1332","-2.6859","-1.2622","17.3943","-2.4079","Geographic - India","Asia-Pacific (Emerging) ETFs"
"Zacks Small/Mid Cap ETF","SMIZ","290.25","63.57827476038338658146964856230031948882",".0729","-2.2817","-.675","-6.686","13.3113","11.0786","Style Box - All Cap Value","Style Box - All Cap Value"
"iShares U.S. Small-Cap Equity Factor ETF","SMLF","4071.41","67.57281553398058252427184466019417475728","-.2021","-4.6585","-2.0077","-5.0243","14.5006","14.1587","Style Box - Small Cap Blend","Style Box - Small Cap Blend"
"State Street SPDR US Small Cap Low Volatility Index ETF","SMLV","245.07","69.00757047257318554117251892618143296385","-.23","-4.5209","-1.3761","-3.3361","12.8049","19.5305","Style Box - Small Cap Blend","Style Box - Small Cap Blend"
"iShares Russell 2500 ETF","SMMD","4074.03","68.31470335339638865004299226139294926913","-.0116","-4.945","-2.2854","-5.3","15.9097","18.0701","Style Box - Small Cap Blend","Style Box - Small Cap Blend"
"iShares MSCI USA Small-Cap Min Vol Factor ETF","SMMV","268.52","47.61904761904761904761904761904761904762","-.0961","-5.1872","-1.4764","-2.5106","4.9668","6.1564","Style Box - Small Cap Blend","Style Box - Small Cap Blend"
"VanEck Morningstar SMID Moat ETF","SMOT","306.64","49.28985507246376811594202898550724637681","-.2272","-7.424","-2.2641","-2.9522","9.4812","5.3938","Style Box - All Cap Blend","Style Box - All Cap Blend"
"Bushido Capital US Equity ETF","SMRI","664.35","69.69271066249281287932025809748929917588",".9036","-7.9537","-3.176","8.977","29.7247","30.4667","Style Box - Large Cap Value","Style Box - Large Cap Value"
"T-REX 2X Long SNDK Daily Target ETF","SNDU","280.81","28.680732940815718701904243503725885182","1.79","28.335","-16.6178","-53.9914","264.7014","0","Derivative Based ETF","Single Stock ETF"
"Xtrackers S&P 500 Scored & Screened ETF","SNPE","2809.91","87.49106504646175839885632594710507505361","-.0428","-1.0199","-.6517","2.6509","21.5204","18.4858","Strategy - Socially Responsible","Style Box - Large Cap Blend"
"Global X Internet of Things ETF","SNSR","215.2","75.64359488207183597965161091413596423616",".0816","4.1437","-.6883",".719","34.7662","26.9071","Technology  - broad","Technology ETFs"
"MRP SynthEquity ETF","SNTH","251.84","62.51047427518015753309870956929780459192",".0453","-1.4873","-1.3499","1.1754","15.2195","-.7157","Hedge Fund - Broad","Hedge Fund ETFs"
"Tradr 2X Long SNDK Daily ETF","SNXX","1824.64","30.94311116276367017258411296414666744146","1.7188","28.749","-16.3131","-52.3714","281.1386","0","Derivative Based ETF","Single Stock ETF"
"2x Solana ETF","SOLT","239.54","9.27261525079733256016236590316033632937",".6212","27.4186",".202","122.1573","68.1012","-84.0097","Derivative Based ETF","Digital Economy ETF"
"Direxion Daily Semiconductor Bull 3X ETF","SOXL","23620.15","43.03970958660542302563342717439620684546","3.3101","32.1115","-3.1965","-37.8095","215.5823","332.3718","Derivative Based ETF","Leveraged Equity ETFs"
"Invesco PHLX Semiconductor ETF","SOXQ","3213.1","75.8260335023820500998924235438758260335","1.3254","10.1733","-.4508","-7.7495","69.5483","100.4716","Technology  - Semiconductors","Technology ETFs"
"Direxion Daily Semiconductor Bear 3X ETF","SOXS","1846.08",".0899958141481791544579321892005023022185","-3.3982","-32.3637","3.9371","-9.4183","-92.0948","-95.752","Derivative Based ETF","Inverse Equity ETFs"
"iShares Semiconductor ETF","SOXX","47891.46","77.36682949523144917422656431728308909049","1.1858","11.6285","-.9323","-7.5828","75.6052","111.4647","Technology  - Semiconductors","Technology ETFs"
"Leverage Shares 2X Long SPCX Daily ETF","SPCH","323.76","43.1677018633540372670807453416149068323","5.0214","7.7851","-7.6128","-30.6281","0","0","Derivative Based ETF","Single Stock ETF"
"Direxion Daily S&P 500 Bear 1X ETF","SPDN","250.54","6.87830687830687830687830687830687830688",".2367","1.1219","2.9406","-1.7706","-15.1409","-8.989","Derivative Based ETF","Inverse Equity ETFs"
"State Street SPDR Portfolio Developed World ex-US ETF","SPDW","41363.04","83.3009708737864077669902912621359223301","-.1973","-2.3924","-2.1659",".978","15.9071","22.1713","Foreign Large Blend ETF","Foreign Large Blend ETF"
"State Street SPDR Portfolio Emerging Markets ETF","SPEM","17585.58","82.28643216080402010050251256281407035176","-.1728","-1.4218","-2.567","1.325","15.2681","14.3025","Geographic - Broad Emerging Markets","Broad Emerging Market ETFs"
"State Street SPDR Portfolio Europe ETF","SPEU","710.25","63.3448776672997430454697799128588984471","-.5546","-4.2298","-1.7541",".0208","12.1418","13.8644","Geographic - Broad Europe","European Equity ETFs"
"State Street SPDR Portfolio MSCI Global Stock Market ETF","SPGM","1748.9","87.9581151832460732984293193717277486911","-.2414","-1.0601","-1.7043","2.0576","18.7288","18.3562","Global Large-Cap Blend Equity ETF","Global Large-Cap Blend Equity ETF"
"Invesco S&P 500 GARP ETF","SPGP","2049.9","61.9047619047619047619047619047619047619",".3356","-5.6459","-1.247","-2.2155","14.3465","6.0702","Style Box - Large Cap Growth","Style Box - Large Cap Growth"
"Invesco S&P 500 High Beta ETF","SPHB","945.14","90.56278713629402756508422664624808575804",".8837","3.9318","-.9847","-.784","34.0737","39.1442","Strategy - Beta","Style Box - Large Cap Blend"
"Invesco S&P 500 High Dividend Low Volatility ETF","SPHD","3217.26","24.12746585735963581183611532625189681335","-.2671","-7.7374","-2.1958","-4.7523","1.4753","4.158","Style Box - Large Cap Value","Style Box - Large Cap Value"
"Invesco S&P 500 Quality ETF","SPHQ","18685.32","70.26002166847237269772481040086673889491",".2488","-1.1036","-.4354","-4.5449","14.6519","17.2065","Strategy - Dividend Growth","Style Box - Large Cap Blend"
"Invesco S&P 500 Low Volatility ETF","SPLV","7020.97","11.60365058670143415906127770534550195567",".0984","-4.9914","-1.0425","-5.2578","-.1994","-.2578","Style Box - Large Cap Blend","Style Box - Large Cap Blend"
"State Street SPDR Portfolio S&P 400 Mid Cap ETF","SPMD","18070.24","61.4902506963788300835654596100278551532","-.0945","-4.15","-1.5069","-5.0794","10.1404","12.4843","Style Box - Mid Cap Blend","Style Box - Mid Cap Blend"
"Invesco S&P 500 Momentum ETF","SPMO","22997.5","80.65774804905239687848383500557413600892",".0463","3.2111","-1.3372","-4.4388","37.5563","26.2119","Strategy - Momentum","Style Box - Large Cap Growth"
"Spear Alpha ETF","SPRX","226.19","59.71826589144261911265462207827681741913","2.2736","9.2453","-2.3285","-13.5647","36.1674","25.4714","Strategy - Socially Responsible","Style Box - All Cap Growth"
"State Street SPDR Portfolio Short Term Corporate Bond ETF","SPSB","10902.46","2.66666666666666666666666666666666666667",".0676","-.7313","-.3368","-.3829",".8444","2.0864","Short-Term Bond ETF","Short-Term Bond ETF"
"State Street SPDR Portfolio S&P 600 Small Cap ETF","SPSM","15798.36","64.39189189189189189189189189189189189189","-.3185","-5.6004","-1.9893","-6.721","13.2406","16.9273","Style Box - Small Cap Blend","Style Box - Small Cap Blend"
"SP Funds S&P Global Technology ETF","SPTE","258.44","97.51445086705202312138728323699421965318",".7173","5.4043","-.1665","5.4983","48.588","46.7279","Technology  - broad","Technology ETFs"
"State Street SPDR Portfolio S&P 1500 Composite Stock Market ETF","SPTM","14095.5","87.88395904436860068259385665529010238908","-.1946","-.7397","-1.2516","2.6736","20.2826","16.1201","Style Box - All Cap Blend","Style Box - All Cap Blend"
"State Street SPDR Portfolio Short Term Treasury ETF","SPTS","7314.66","5.26315789473684210526315789473684210526",".1047","-.578","-.1393","-.2988",".4057","1.6125","US Treasury - Short Term","Government Bond ETFs"
"Simplify US Equity Income ETF","SPUC","241.02","63.12910284463894967177242888402625820569","-.0616","-.5973","-1.4209","3.3251","20.0148","11.0209","Style Box - Large Cap Blend","Style Box - Large Cap Blend"
"SP Funds S&P 500 Sharia Industry Exclusions ETF","SPUS","3265.19","95.34711964549483013293943870014771048744","-.2244","1.354","-1.0035","5.1817","26.9743","22.1002","Style Box - All Cap Blend","Style Box - All Cap Blend"
"Direxion Daily S&P 500 Bull 2X ETF","SPUU","286.79","88.80923934687375547590601354042214257268","-.1745","-1.2803","-2.3771","5.3591","42.2134","26.7841","Derivative Based ETF","Leveraged Equity ETFs"
"SP Funds S&P World (ex-US) ETF","SPWO","237.44","85.1994851994851994851994851994851994852",".1351",".7935","-1.7036","-.6281","23.5511","29.2329","Foreign Large Growth ETF","Foreign Large Growth ETF"
"Direxion Daily S&P 500 Bull 3X ETF","SPXL","7002.64","86.16088448341593595120091498284407167366","-.5129","-2.285","-3.6237","6.9326","65.0877","35.7825","Derivative Based ETF","Leveraged Equity ETFs"
"Direxion Daily S&P 500 Bear 3X ETF","SPXS","352.65","4.9686444766039556198745779064158224795",".5315","1.916","5.3175","-7.9104","-42.5537","-32.967","Derivative Based ETF","Inverse Equity ETFs"
"ProShares S&P 500 Ex-Technology ETF","SPXT","282.14","66.48351648351648351648351648351648351648","-.0666","-3.1088","-1.4099","-.0751","9.7738","8.9083","Style Box - Large Cap Blend","Style Box - Large Cap Blend"
"ProShares UltraPro Short S&P500","SPXU","432.52","5.23415977961432506887052341597796143251",".4946","1.8461","3.7523","-7.9035","-42.5033","-32.7995","Derivative Based ETF","Inverse Equity ETFs"
"State Street SPDR S&P 500 ETF Trust","SPY","811073.56","90.62435748063874991433075183332191076691","-.1842","-.4239","-1.187","3.3858","21.1172","16.2884","Style Box - Large Cap Blend","Style Box - Large Cap Blend"
"State Street SPDR Portfolio S&P 500 High Dividend ETF","SPYD","7145.81","43.23394495412844036697247706422018348624","-.3269","-7.5229","-2.5362","-4.427","4.118","9.3342","Style Box - Large Cap Value","Style Box - Large Cap Value"
"State Street SPDR Portfolio S&P 500 Growth ETF","SPYG","56233.68","96.51972157772621809744779582366589327146",".0812","1.7222","-.8451","5.0491","30.2464","18.9471","Style Box - Large Cap Growth","Style Box - Large Cap Growth"
"NEOS S&P 500 High Income ETF","SPYI","12293.8","82.28438228438228438228438228438228438228","-.1312",".1374","-.8377","4.0897","17.2977","14.2179","Style Box - Large Cap Blend","Style Box - Large Cap Blend"
"State Street SPDR Portfolio S&P 500 ETF","SPYM","174584.05","90.57043073341094295692665890570430733411","-.1554","-.4316","-1.1866","3.4401","21.1392","16.3707","Style Box - Large Cap Blend","Style Box - Large Cap Blend"
"MAX S&P 500 4X Leveraged ETN","SPYU","546.4","80.68121341138903672166045769026077700905","-.8492","-4.4582","-5.2602","4.8622","78.5865","26.4849","Style Box - Large Cap Blend","Leveraged Equity ETFs"
"State Street SPDR Portfolio S&P 500 Value ETF","SPYV","35946.25","74.27083333333333333333333333333333333333","-.5023","-2.9619","-1.6183","1.4271","11.4153","13.2509","Style Box - Large Cap Value","Style Box - Large Cap Value"
"State Street SPDR S&P 500 Fossil Fuel Reserves Free ETF","SPYX","2844.46","90.32520325203252032520325203252032520325","-.239","-.6268","-1.293","3.3327","21.6518","15.5637","Strategy - Socially Responsible","Style Box - Large Cap Blend"
"ProShares UltraPro Short QQQ","SQQQ","2298.82","1.63463265672714208730016166696604993713","-.4881","-8.8391","4.0373","-7.9313","-59.0814","-50.5672","Derivative Based ETF","Inverse Equity ETFs"
"Sapient Quality Select ETF","SQS","1399.61","83.67985280588776448942042318307267709292",".0071","-.6159","-1.2277","1.6766","18.0442","0","Style Box - Large Cap Blend","Style Box - Large Cap Blend"
"SRH U.S. Quality GARP ETF","SRHQ","207.71","70.83935773533216650178829617228521421505","-.2294","-6.738","-2.0613","2.0752","17.553","21.4529","Style Box - Large Cap Blend","Style Box - Large Cap Blend"
"State Street Blackstone Senior Loan ETF","SRLN","5589.55","44.32989690721649484536082474226804123711","0","-.1356","-.6141","2.4767","4.9876","4.4197","Corporates - Bank Loan","High-Yield/Junk Bond ETFs"
"ProShares Ultra S&P500","SSO","8484.65","87.80903665814151747655583972719522591645","-.3291","-1.3601","-2.4631","5.1663","41.5677","26.0081","Derivative Based ETF","Leveraged Equity ETFs"
"Day Hagan Smart Sector ETF","SSUS","579.41","92.50856164383561643835616438356164383562","-.0943","-.3815","-1.1184","2.5479","23.0872","16.7013","Style Box - All Cap Blend","Style Box - All Cap Blend"
"Schwab Crypto Thematic Natural Language Processing ETF","STCE","241.61","31.25738396624472573839662447257383966245","-1.0285","4.5849","-10.0427","-5.5524","32.7552","-12.802","Digital Economy ETF","Digital Economy ETF"
"iShares 0-5 Year TIPS Bond ETF","STIP","16360.89","1.77383592017738359201773835920177383592",".0803","-.9141","-.2501","-.7685",".2189","1.3032","US Treasury - TIPS","Inflation-Protected Bond ETFs"
"Horizon Core Equity ETF","STOX","230.12","93.38115422236713400717313335507010107597","-.1123","-.1435","-1.1822","4.4673","21.3111","16.6478","Derivative Based ETF","Style Box - Large Cap Blend"
"PIMCO 1-5 Year U.S. TIPS Index ETF","STPZ","524.22","1.08303249097472924187725631768953068592",".0579","-1.3514","-.394","-1.2179","-.3338",".4247","US Treasury - TIPS","Inflation-Protected Bond ETFs"
"Strive 500 ETF","STXF","1168.77","73.8372093023255813953488372093023255814",".0521","-.4891","-1.3225","3.6828","0","0","Style Box - Large Cap Blend","Style Box - Large Cap Blend"
"iShares ESG Optimized MSCI USA ETF","SUSA","4057.8","86.70145477545857052498418722327640733713","-.2334","-1.4979","-1.2377","2.0979","21.4459","16.3569","Strategy - Socially Responsible","Style Box - All Cap Growth"
"iShares ESG Aware 1-5 Year USD Corporate Bond ETF","SUSB","1285.88","1.53061224489795918367346938775510204082",".0615","-1.286","-.6713","-1.265",".1387",".9962","Strategy - Socially Responsible","Investment Grade Corporate Bond ETFs"
"iShares ESG MSCI USA Leaders ETF","SUSL","1222.38","90.77947430802482046991563829045527434986","-.2153","-.96","-.7812","3.7509","23.768","18.3011","Strategy - Socially Responsible","Style Box - All Cap Blend"
"Simplify Volatility Premium ETF","SVOL","511.85","35.91331269349845201238390092879256965944","-.4284","1.1614","-2.3599","7.4074","18.1698","9.4287","Derivative Based ETF","Inverse Volatility ETFs"
"Proshares Short VIX Short-Term Futures ETF","SVXY","260.07","98.19305753685211602472658107465525439848",".266","2.462","-.5894","13.2532","47.5368","26.087","Volatilty - Inverse Volatility","Inverse Volatility ETFs"
"Cambria Shareholder Yield ETF","SYLD","969.73","72.60619977037887485648679678530424799082","-.5031","-5.5133","-1.8877","2.4932","9.9515","20.0696","Style Box - Large Cap Value","Style Box - Large Cap Value"
"Fairlead Tactical Sector ETF","TACK","289.68","66.02090237063471832781034922253377517206",".0088","-2.7706","-1.523","-.0132","6.6102","7.207","Multi-Asset - Total Portfolio","Total Portfolio ETFs"
"Invesco Solar ETF","TAN","881.07","1.39023601681215648237956676365987714193","1","-10.7297","-6.6022","-24.6007","-20.3412","-.89","Strategy - Socially Responsible","Alternative Energy ETFs"
"Thornburg American Opportunities Fund","TAOZ","476.9","56.6258600661245643820927531051738003753","-.0534","-4.6061","-1.1494","2.3143","0","0","Style Box - Large Cap Value","Style Box - Large Cap Value"
"Brinsmere Fund - Conservative ETF","TBFC","356.81","52.32503522780648191639267261625176139032","-.1146","-1.7412","-1.4504","-1.4437","5.4248","6.0984","Conservative","Total Portfolio ETFs"
"Brinsmere Fund - Growth ETF","TBFG","384.12","78.73848334514528703047484053862508858965","-.1814","-1.365","-1.6328",".1186","11.9944","13.0243","Multi-Asset - Total Portfolio","Total Portfolio ETFs"
"TBG Dividend Focus ETF","TBG","275.71","56.90140845070422535211267605633802816901",".5912","-6.3187","-1.8051",".8595","7.3959","14.198","Style Box - Large Cap Value","Style Box - Large Cap Value"
"F/m US Treasury 3 Month Bill ETF","TBIL","7377.33","5.26315789473684210526315789473684210526",".3343",".2539",".0532","1.1989","1.7779","3.6374","US Treasury - Ultra Short","Government Bond ETFs"
"Invesco Short Term Treasury ETF","TBLL","2651.97","16.27906976744186046511627906976744186047",".0095",".2333",".0569",".8524","1.7347","3.5256","US Treasury - Ultra Short","Money Market/Ultra-Short Term ETFs"
"ProShares UltraShort 20+ Year Treasury","TBT","345.82","100","1.2039","11.8785","9.4445","23.974","17.9022","27.7371","Derivative Based ETF","Inverse Bond ETFs"
"T. Rowe Price Ultra Short-Term Bond ETF","TBUX","1706.79","2.27272727272727272727272727272727272727",".0202","-.0279","-.048",".6746","1.9189","3.897","Ultra short Bond ETF","Ultra short Bond ETF"
"T. Rowe Price Capital Appreciation Equity ETF","TCAF","8821.24","92.78106508875739644970414201183431952663","-.0707","-1.0042","-1.3727","3.8462","22.6918","13.1003","Style Box - Large Cap Blend","Style Box - Large Cap Blend"
"Tortoise AI Infrastructure ETF","TCAI","238.44","61.86186186186186186186186186186186186186",".8176","4.5515","-4.113","-14.4016","32.9362","59.9295","Utilities  - Infrastructure","Utilities/Infrastructure ETFs"
"T. Rowe Price Capital Appreciation Premium Income ETF","TCAL","304","12.09150326797385620915032679738562091503","-.0451","-3.6885","-.6717","2.0797","6.215","1.9094","Derivative Based ETF","Derivative Based ETF"
"T. Rowe Price Blue Chip Growth ETF","TCHP","2168.23","84.60812086874409820585457979225684608121",".3515","1.281","-.8298","4.2499","20.5489","5.6755","Style Box - All Cap Growth","Style Box - All Cap Growth"
"TappAlpha Innovation 100 Growth & Daily Income ETF","TDAQ","382.12","68.18873668188736681887366818873668188737",".3687","2.4968","-1.4482","2.2889","27.9849","21.5559","Derivative Based ETF","Long-Short ETFs"
"Touchstone Dynamic International ETF","TDI","468.52","93.7303794062247735222889945286572786797","-.0786","-.0828","-1.4636","5.6863","17.9774","26.9764","Foreign Large Blend ETF","Foreign Large Blend ETF"
"First Trust NASDAQ Technology Dividend ETF","TDIV","4404.55","58.92524607608406491088055333865389731312",".3556","-2.1806","-1.8746","-.5361","23.7685","16.6782","Technology  - broad","Technology ETFs"
"Northern Trust iBoxx 5-Year Target Duration TIPS ETF","TDTF","1022.64",".288184438040345821325648414985590778098",".0221","-2.4516","-1.0039","-3.0806","-1.6197","-1.3647","US Treasury - Intermediate Term","Inflation-Protected Bond ETFs"
"Northern Trust iBoxx 3-Year Target Duration TIPS ETF","TDTT","2489.36","1.1952191235059760956175298804780876494",".0431","-1.2755","-.3861","-1.2585","-.3391",".4464","US Treasury - Intermediate Term","Inflation-Protected Bond ETFs"
"ProShares S&P Technology Dividend Aristocrats ETF","TDV","266.63","70.57188244638602065131056393963463065925",".1735","-2.3177","-1.291","-2.036","20.2234","16.5275","Strategy - Dividend Growth","Technology ETFs"
"T. Rowe Price Dividend Growth ETF","TDVG","1427.4","72.7393617021276595744680851063829787234",".0076","-2.6484","-.3196",".2132","12.0718","12.2694","Strategy - Dividend Growth","Style Box - Large Cap Blend"
"FT Vest Technology Dividend Target Income ETF","TDVI","608.54","49.94882292732855680655066530194472876151",".2943","-1.9495","-1.7311","-.6681","22.368","15.7696","Technology  - broad","Technology ETFs"
"iShares U.S. Tech Breakthrough Multisector ETF","TECB","515.22","95.76090271424214699603537663921927416895",".089","3.3623","-1.0582","11.2201","46.7188","30.7948","Style Box - All Cap Growth","Style Box - All Cap Growth"
"Direxion Daily Technology Bull 3X ETF","TECL","6492.86","76.84403296367890934988299928782175195849","-.2016","13.415","-2.9942","6.5245","179.9918","93.3903","Derivative Based ETF","Leveraged Equity ETFs"
"T. Rowe Price Equity Income ETF","TEQI","479.2","78.89561270801815431164901664145234493192","-.0043","-3.1338","-1.5987","1.1806","15.9277","17.5866","Style Box - Large Cap Value","Style Box - Large Cap Value"
"Thornburg Focus Growth Fund","TFGZ","212.2","72.13600451467268623024830699774266365688",".6177","-1.24","-.1332",".6515","0","0","Style Box - All Cap Growth","Style Box - All Cap Growth"
"iShares Treasury Floating Rate Bond ETF","TFLO","6913.73","100",".0197",".3423",".079",".9834","1.919","3.9029","US Treasury - Intermediate Term","Government Bond ETFs"
"T. Rowe Price Floating Rate ETF","TFLR","838.03","29.78723404255319148936170212765957446809","-.0989",".1754","-.2967","1.8416","3.828","4.552","Corporates - Floating Rate","High-Yield/Junk Bond ETFs"
"T. Rowe Price Growth ETF","TGRT","1638.46","94.75806451612903225806451612903225806452",".0848","1.5931","-1.0899","4.7968","24.1515","8.408","Style Box - Large Cap Growth","Style Box - Large Cap Growth"
"T. Rowe Price Growth Stock ETF","TGRW","1044.97","88.93396226415094339622641509433962264151",".2215","2.1762","-1.0001","3.8331","23.4243","6.715","Style Box - All Cap Growth","Style Box - All Cap Growth"
"iShares MSCI Thailand ETF","THD","424.24","84.12790697674418604651162790697674418605","-.262",".0553","-2.9388","2.1466","11.9685","25.1986","Geographic - Thailand","Asia-Pacific (Emerging) ETFs"
"ROBO Global Artificial Intelligence ETF","THNQ","487.53","97.2985781990521327014218009478672985782",".4143","6.5942","-.6569","9.5986","70.0105","50.6566","Artificial Intelligence and Robotics ETF","Artificial Intelligence and Robotics ETF"
"iShares U.S. Thematic Rotation Active ETF","THRO","6870.83","94.21052631578947368421052631578947368421","-.2039",".5801","-1.211","3.4828","24.83","17.0661","Style Box - Large Cap Growth","Style Box - Large Cap Growth"
"The Investment House ETF","TIH","646.03","10.2661596958174904942965779467680608365",".1793","-2.2664","-2.2586","0","0","0","Style Box - Large Cap Growth","Style Box - Large Cap Growth"
"Thrivent International Large Cap ETF","TILC","860.38","30.8248914616497829232995658465991316932","-.5162","-2.6338","-1.9152",".1468","0","0","Foreign Large Blend ETF","Foreign Large Blend ETF"
"Northern Trust Morningstar US Market Factor Tilt ETF","TILT","2185.97","81.23369823893384102808186577820085673489","-.2334","-2.0145","-1.6284","1.5887","18.3059","16.257","Style Box - All Cap Blend","Style Box - All Cap Blend"
"Northern Trust Mrngstr Developed Markets ex-US Factor Tilt ETF","TLTD","672.68","77.89018863947728949309727052376435873116","-.5436","-2.6052","-1.9984","3.7968","13.3458","18.2924","Foreign Large Value ETF","Foreign Large Value ETF"
"Northern Trust Morningstar Emerging Markets Factor Tilt ETF","TLTE","350.82","79.70164878304108872023030620256477361947",".4852",".1198","-2.3024",".71","17.4898","25.9654","Geographic - Broad Emerging Markets","Broad Emerging Market ETFs"
"Main Thematic Innovation ETF","TMAT","258.48","80.86763070077864293659621802002224694105",".5755","3.9538",".0337","-3.1932","29.8514","9.0957","Technology  - broad","Technology ETFs"
"Motley Fool 100 Index ETF","TMFC","2109.09","93.41044514546091833158079214861549246407","-.3488",".4143","-1.2835","6.0032","24.9844","14.092","Style Box - Large Cap Growth","Style Box - Large Cap Growth"
"Motley Fool Global Opportunities ETF","TMFG","335.57","55.09418675308892039700222807372898521369","-.1988","-4.9332","-2.0615","-1.5236","9.927",".7051","Global Large-Cap Growth Equity ETF","Global Large-Cap Growth Equity ETF"
"T. Rowe Price Small-Mid Cap ETF","TMSL","2987.44","65.74977817213842058562555456965394853594","-.1708","-4.5051","-1.6114","-5.9756","14.3057","16.3869","Style Box - All Cap Blend","Style Box - All Cap Blend"
"Direxion Daily 20+ Year Treasury Bear 3X ETF","TMV","234.74","100","1.4041","18.0582","14.4433","37.5809","27.8762","44.0847","Derivative Based ETF","Inverse Bond ETFs"
"Thrivent Mid Cap Value ETF","TMVE","281.87","64.71780028943560057887120115774240231548","-.3395","-4.6325","-1.958","-5.4692","9.8175","0","Style Box - Mid Cap Value","Style Box - Mid Cap Value"
"Direxion Daily Small Cap Bull 3X ETF","TNA","1255.88","53.23830957739434858714678669667416854214","-1.1168","-16.3948","-8.4648","-21.0451","40.1181","30.1214","Derivative Based ETF","Leveraged Equity ETFs"
"Tortoise Energy Fund","TNGY","548.39","64.57564575645756457564575645756457564576","-1.1194","-2.8447","-1.4963","9.5235","1.0672","21.5016","Energy - Broad","Energy ETFs"
"Twin Oak Active Opportunities III ETF","TOAO","443.76","86.08762490392006149116064565718677940046",".235","-.4776","-1.001","4.2825","0","0","Multi-Asset - Total Portfolio","Total Portfolio ETFs"
"iShares MSCI Kokusai ETF","TOK","238.05","86.85394086853940868539408685394086853941","-.3457","-1.3408","-1.3599","2.7161","18.6155","15.4393","Global Large-Cap Blend Equity ETF","Global Large-Cap Blend Equity ETF"
"iShares Top 20 U.S. Stocks ETF","TOPT","715.6","93.37662337662337662337662337662337662338","-.5141","3.6821","-1.4431","7.2221","25.7418","15.5118","Style Box - Large Cap Growth","Style Box - Large Cap Growth"
"T. Rowe Price International Equity ETF","TOUS","1693.42","79.65194109772423025435073627844712182062","-.4119","-2.6918","-1.5275","1.3627","15.4282","15.3938","Foreign Large Blend ETF","Foreign Large Blend ETF"
"JLens 500 Jewish Advocacy U.S. ETF","TOV","283.52","90.95307208514755684567005321722302854378","-.0032","-.3425","-1.2683","3.7667","21.0834","16.4957","Style Box - Large Cap Blend","Style Box - Large Cap Blend"
"Timothy Plan High Dividend Stock ETF","TPHD","348.31","52.10871602624179943767572633552014995314","-.2684","-5.3226","-1.494","-3.165",".4181","6.0504","Style Box - Large Cap Value","Style Box - Large Cap Value"
"Timothy Plan International ETF","TPIF","268.8","72.19158657633527650858673389002678430755","-.5586","-3.3313","-2.2614",".9315","8.9614","15.4269","Volatilty - Inverse Volatility","Broad Developed World ETFs"
"Timothy Plan US Large/Mid Cap Core ETF","TPLC","304.3","58.62854251012145748987854251012145748988","-.3279","-4.4685","-1.1585","-2.9741","6.6032","6.329","Style Box - Large Cap Blend","Style Box - Large Cap Blend"
"Timothy Plan US Small Cap Core ETF","TPSC","360.72","57.73548072230356271351878965348950707662","-.2218","-6.0409","-1.6462","-5.3029","8.3156","9.5775","Volatilty - Inverse Volatility","Style Box - Small Cap Blend"
"Tortoise North American Pipeline Fund","TPYP","836.31","58.76089060987415295256534365924491771539","-.8403","-5.8946","-2.6408","-4.5358","-5.1093","14.0426","Energy - MLP","MLP ETFs"
"ProShares UltraPro QQQ","TQQQ","37449.14","80.21487938374214473950942631258868842489",".5452","8.0251","-3.9762",".5519","100.586","51.9384","Derivative Based ETF","Leveraged Equity ETFs"
"Pacer Data and Digital Revolution ETF","TRFK","1179.53","79.76029383336555190411753334622076164701",".5693","7.9146","-2.9117","-2.8488","65.7888","51.1468","Technology  - broad","Technology ETFs"
"AAM Transformers ETF","TRFM","284.4","78.79369138959931798806479113384484228474",".9379","-.7612","-1.2677","-4.3317","30.1451","22.5544","Technology  - broad","Technology ETFs"
"Cambria Trinity ETF","TRTY","283.23","76.34796552415313690118260172379234315494","-.3813","-.7504","-.9997","4.4378","7.5554","15.9304","Absolute Returns ","Total Portfolio ETFs"
"VanEck Technology TruSector ETF","TRUT","248.26","96.54816621330081605853109464402964074665","-.3357","4.0355","-1.0002","8.8986","42.7884","28.7156","Technology  - broad","Technology ETFs"
"Direxion Daily TSLA Bull 2X ETF","TSLL","3561.87","13.38244321669736034376918354818907305095","-2.5137",".1199","-12.711","-34.0853","-21.3179","-52.8757","Derivative Based ETF","Single Stock ETF"
"YieldMax TSLA Option Income Strategy ETF","TSLY","668.23","3.49423631123919308357348703170028818444","-1.1515","2.147","-5.3507","-13.2123","-2.475","-8.7145","Derivative Based ETF","Single Stock ETF"
"Thrivent Small-Mid Cap Equity ETF","TSME","866.57","52.01438848920863309352517985611510791367","-.3272","-3.6272","-1.5935","-11.2966","12.1417","10.5467","Style Box - All Cap Blend","Style Box - All Cap Blend"
"Direxion Daily TSM Bull 2X ETF","TSMX","586.81","77.63366023410313192027839291363492565644","1.9345","18.5046","2.4401","-5.0961","70.184","110.4997","Derivative Based ETF","Single Stock ETF"
"T. Rowe Price U.S. Equity Research ETF","TSPA","4558.18","92.9336188436830835117773019271948608137","-.1445","-.0826","-1.2452","2.9143","21.3139","15.8525","Style Box - All Cap Blend","Style Box - All Cap Blend"
"Twin Oak Active Opportunities ETF","TSPX","244.07","91.63815226689478186484174508126603934987","-.1509","-.4057","-1.0434","2.7611","16.0523","10.5688","Multi-Asset - Total Portfolio","Total Portfolio ETFs"
"TappAlpha S&P 500 Growth & Daily Income ETF","TSPY","342.53","74.64387464387464387464387464387464387464","-.1181","-.3284","-1.2451","3.103","18.5237","13.568","Derivative Based ETF","Derivative Based ETF"
"T. Rowe Price Exchange-Traded Funds, Inc.","TTEQ","481.14","93.15151515151515151515151515151515151515",".7283","6.6789","-1.8821","2.2667","50.5698","37.5431","Technology  - broad","Technology ETFs"
"Simplify Short Term Treasury Futures Strategy ETF","TUA","446.15","1.65912518853695324283559577677224736048",".29","-4.9751","-1.292","-6.4327","-7.2387","-10.0321","US Treasury - Intermediate Term","Government Bond ETFs"
"T. Rowe Price Natural Resource ETF","TURF","340.7","70.52189070029734440684917461293960832564","-.5974","-5.8062","-3.6351","8.3484","-2.4635","21.7854","Materials  - Broad","Materials ETFs"
"Thrivent Ultra Short Bond ETF","TUSB","257.52","34.54545454545454545454545454545454545455","-.0051",".5753","-.2126","1.4288","2.2849","4.4527","Ultra short Bond ETF","Ultra short Bond ETF"
"T. Rowe Price Value ETF","TVAL","1047.67","87.14859437751004016064257028112449799197","-.2362","-2.1321","-1.2164","1.4413","18.8573","23.7691","Style Box - Large Cap Value","Style Box - Large Cap Value"
"Thornburg International Equity ETF","TXUE","548.18","75.47306081178679763108478983099812220136","-.6245","-4.0691","-1.8778","1.8562","12.3953","16.1156","Foreign Large Value ETF","Foreign Large Value ETF"
"Direxion Daily Small Cap Bear 3X ETF","TZA","240.18","17.8954537714966797207560020432487655372","1.1435","18.5612","10.1497","22.9957","-36.4446","-40.8728","Derivative Based ETF","Inverse Equity ETFs"
"iShares MSCI UAE ETF","UAE","322.19","57.21757322175732217573221757322175732218","-.0743","3.0373","-.0248","5.185","17.1239","11.7768","Geographic - Middle East","Africa-Middle East Equity ETFs"
"Innovator U.S. Equity Ultra Buffer ETF - August","UAUG","245.33","93.09576837416481069042316258351893095768","-.2323","-.1628","-.7168","2.2868","10.6701","9.4822","Derivative Based ETF","Defined Outcome"
"State Street SPDR UC Investments 90/10 Endowment Strategy Index ETF","UCBG","2505.73","54.44983818770226537216828478964401294498","-.0915","0","-1.1087","0","0","0","Target Outcome","Total Portfolio ETFs"
"ProShares Ultra Bloomberg Crude Oil","UCO","424.51","94.59535144217306076729207504900588070568","-2.1653","22.0291","2.6269","56.7894","23.5378","126.8005","Derivative Based ETF","Leveraged Commodity ETFs"
"Innovator U.S. Equity Ultra Buffer ETF - December","UDEC","244.33","97.39614390777181474855893460544623335321","-.1283",".3869","-.2795","3.0449","11.3105","11.8339","Derivative Based ETF","Defined Outcome"
"ProShares UltraPro Dow30","UDOW","862.31","58.09677419354838709677419354838709677419","-.799","-12.4049","-3.2499","-6.9908","39.4536","22.4172","Derivative Based ETF","Leveraged Equity ETFs"
"VictoryShares Emerging Markets Value Momentum ETF","UEVM","242.84","61.05774794583960189792848049994213632681","-.1846","-3.1757","-2.4094","1.9013","5.7654","9.1276","Geographic - Broad Emerging Markets","Broad Emerging Market ETFs"
"Procure Space ETF","UFO","542.81","30.18426842684268426842684268426842684268","-1.1324","-3.5378","-4.1047","-13.6364","-3.7993","19.7531","Industrials  - Aerospace & Defense","Industrials ETFs"
"Defiance Space and Connective Tech ETF","UFOX","874.03","30.00653167864141084258654474199869366427",".0471","4.3513","-2.363","-7.4501","0","0","Communication Services - Broad","Communication Services ETFs"
"ProShares Ultra Gold","UGL","742.99","7.98505720289516693906140555685267335979","2.6205","-12.9263","-8.6398","5.358","-19.1426","1.8964","Derivative Based ETF","Leveraged Commodity ETFs"
"VictoryShares International Value Momentum ETF","UIVM","340.18","77.25866336633663366336633663366336633663","-1.1231","-2.1918","-2.442","5.8129","16.7572","27.7958","Foreign Large Value ETF","Foreign Large Value ETF"
"Innovator U.S. Equity Ultra Buffer ETF - January","UJAN","254.37","96.85482191210164549052280774838575296813","-.0861",".3177","-.29","2.7264","10.4186","10.3504","Derivative Based ETF","Defined Outcome"
"Innovator U.S. Equity Ultra Buffer ETF - July","UJUL","301.18","92.57861635220125786163522012578616352201","-.1449","-.1256","-.6608","1.6724","9.4114","8.6037","Derivative Based ETF","Defined Outcome"
"State Street Ultra Short Term Bond ETF","ULST","513.94","3",".0124","-.0247","-.0869",".5438","1.5087","3.0866","Corporates - Money Market","Money Market/Ultra-Short Term ETFs"
"YieldMax Ultra Option Income Strategy ETF","ULTY","709.36","1.48172538689496213368455712874547250576",".7087","1.7922","-1.5749","1.4076","12.1613","-14.5617","Derivative Based ETF","Derivative Based ETF"
"VictoryShares US Value Momentum ETF","ULVM","258.53","65.06619669876203576341127922971114167813","-.2582","-4.7256","-1.3278","-2.7881","11.0043","16.3401","Style Box - Large Cap Value","Style Box - Large Cap Value"
"USCF Midstream Energy Income Fund","UMI","505.99","63.32179930795847750865051903114186851211","-1.1452","-6.5212","-3.2371","-3.0517","-2.3991","17.8831","Energy - MLP","MLP ETFs"
"Wahed Dow Jones Islamic World ETF","UMMA","293.68","75.90081363812475784579620302208446338628","1.1441","-.5575","-1.2947","-4.3095","25.273","37.2571","Strategy - Socially Responsible","World ETFs"
"United States Natural Gas ETF","UNG","522.73","9.90371389270976616231086657496561210454","-4.0778",".1936","-4.6961","-9.4488","-15.7166","-19.2668","Energy -  Natural Gas","Energy ETFs"
"ProShares UltraPro S&P500","UPRO","5340.12","85.78739581810206170492762099722181605498","-.5311","-2.339","-3.7531","6.8246","64.6476","35.1443","Derivative Based ETF","Leveraged Equity ETFs"
"Global X Uranium ETF","URA","5620.27","10.37463976945244956772334293948126801153","-.2243","-12.1352","-8.4591","-8.855","-14.1325","-13.5202","Energy - Nuclear Power","Energy ETFs"
"Sprott Junior Uranium Miners ETF","URNJ","321.8",".2046035805626598465473145780051150895141",".0478","-18.3769","-10.4452","-10.7509","-23.8165","-28.2086","Materials  - Uranium Mining","Materials ETFs"
"Sprott Uranium Miners ETF","URNM","1837.49","3.03852414541508410200759631036353771026",".6886","-14.8429","-8.6001","-9.185","-19.2874","-20.0365","Materials  - Uranium Mining","Materials ETFs"
"iShares MSCI World ETF","URTH","8225.05","86.87448728465955701394585726004922067268","-.2269","-1.2988","-1.576","2.7181","18.6036","15.8181","Global Large-Cap Blend Equity ETF","Global Large-Cap Blend Equity ETF"
"ProShares UltraPro Russell2000","URTY","277.99","52.65658747300215982721382289416846652268","-1.1509","-16.3635","-8.525","-21.0331","39.8972","29.772","Derivative Based ETF","Leveraged Equity ETFs"
"Xtrackers MSCI USA Climate Action Equity ETF","USCA","3528.99","92.1907821574199925861855924873347337205","-.2305","-.3921","-1.2838","4.8381","20.2263","11.8925","Strategy - Socially Responsible","Style Box - All Cap Blend"
"United States Commodity ETF","USCI","409.42","91.32939853850477796514896008993816750984","-.5633","3.1203","-.9389","18.4432","13.3483","38.8299","Basket - Broad","Broad Commodity ETFs"
"iShares Climate Conscious & Transition MSCI USA ETF","USCL","2870.03","92.18577460214355310165638194218902240987","-.2657","-.3734","-1.2511","4.8325","20.2141","11.8821","Strategy - Socially Responsible","Style Box - All Cap Blend"
"ProShares Ultra Semiconductors","USD","2920.22","74.4384418538527153824282058572647142451",".8763","15.5298","-1.9955","-2.4054","109.6358","100.6157","Derivative Based ETF","Leveraged Equity ETFs"
"WisdomTree Bloomberg U.S. Dollar Bullish ETF","USDU","276.86","87.75510204081632653061224489795918367347",".186","2.0849","1.1645",".7105","1.969","5.8321","Basket - Broad","Currency ETFs"
"SGI Enhanced Core ETF","USDX","293.13","26.4957264957264957264957264957264957265",".1954",".313",".2816","2.4574","2.608","5.3679","US Treasury - Ultra Short","Money Market/Ultra-Short Term ETFs"
"Innovator U.S. Equity Ultra Buffer ETF - September","USEP","241.79","93.54066985645933014354066985645933014354","-.0713","-.0119","-.6384","1.805","10.0865","8.8206","Derivative Based ETF","Defined Outcome"
"WisdomTree Floating Rate Treasury ETF","USFR","19629.43","55.55555555555555555555555555555555555556",".0198",".3738",".0955","1.0501","1.9882","3.9963","US Treasury - Short Term","Government Bond ETFs"
"Principal U.S. Mega-Cap ETF","USMC","5315.15","94.58829794315383079278439725753844105705","-.2081",".5938","-.9807","4.1229","22.7682","14.0592","Style Box - Large Cap Blend","Style Box - Large Cap Blend"
"WisdomTree U.S. Multifactor ETF","USMF","266.5","59.79557069846678023850085178875638841567","-.2775","-1.0326","-1.3037","-2.7987","7.6181",".8433","Style Box - All Cap Blend","Style Box - All Cap Blend"
"iShares MSCI USA Min Vol Factor ETF","USMV","23266.07","61.41804788213627992633517495395948434622","-.0919","-3.5599","-1.1323","2.0364","8.0091","4.7303","Style Box - Large Cap Blend","Style Box - Large Cap Blend"
"Xtrackers Net Zero Pathway Paris Aligned US Equity ETF","USNZ","300.37","93.13267930279074197542623106962567863606","-.174","-.0558","-1.4573","4.3434","25.2446","16.8938","Strategy - Socially Responsible","Style Box - All Cap Blend"
"United States Oil ETF","USO","1908.67","80.65628592329397011181941686696624516668","-4.4397","10.5243","-.5067","33.8719","15.4187","92.1839","Energy -  Crude Oil","Energy ETFs"
"ETRACS Crude Oil Shares Covered Call ETN","USOI","251.44","8.48981750859560962708278233271621264216","-2.294","-.4312",".2972",".6516","-22.7192","-14.6066","Derivative Based ETF","Energy ETFs"
"Franklin U.S. Equity Index ETF","USPX","2098.44","90.73856975381008206330597889800703399766","-.4617","-.4508","-1.1681","3.4497","21.0972","15.7092","Style Box - All Cap Blend","Style Box - All Cap Blend"
"iShares Core U.S. REIT ETF","USRT","4327.4","42.24072672218016654049962149886449659349","-.0482","-5.2425","-1.6914","-7.2482","8.4224","9.7375","Real Estate   - REITs","Real Estate ETFs"
"Segall Bryant & Hamill Select Equity ETF","USSE","362.79","93.20969189350882440921328148369727789411",".0707",".6963","-.0754","3.4979","27.2668","23.9632","Style Box - All Cap Blend","Style Box - All Cap Blend"
"Xtrackers MSCI USA Selection Equity ETF","USSG","587.61","90.60402684563758389261744966442953020134","-.3349","-.9978","-.8083","3.6691","23.7892","18.2861","Strategy - Socially Responsible","Style Box - All Cap Blend"
"VictoryShares Short-Term Bond ETF","USTB","2630.64","1.62601626016260162601626016260162601626",".0401","-.7465","-.4589","-.3777",".9606","2.352","Short-Term Bond ETF","Short-Term Bond ETF"
"VictoryShares US Small Mid Cap Value Momentum ETF","USVM","1725.55","67.43672235357959610837629365479282142719","-.329","-4.4177","-1.3312","-4.8381","12.7822","17.1572","Style Box - Small Cap Blend","Style Box - Small Cap Blend"
"iShares ESG Advanced MSCI USA ETF","USXF","1467.76","87.18008647890615870047913988547388103307",".1777",".4391","-1.1159","-.1446","27.3382","20.6673","Strategy - Socially Responsible","Style Box - All Cap Growth"
"Virtus Reaves Utilities ETF","UTES","1124.75","6.89655172413793103448275862068965517241","1.7034","-3.3478","-.1826","-14.5886","-10.8175","-13.367","Utilities  - Broad","Utilities/Infrastructure ETFs"
"F/m US Treasury 2 Year Note ETF","UTWO","504.06","2.48226950354609929078014184397163120567",".409","-.6","-.1401","-.0648",".1941","1.3208","US Treasury - Short Term","Government Bond ETFs"
"Invesco DB US Dollar Index Bullish ETF","UUP","446.29","100",".1742","2.0227",".948","1.3394","3.2687","4.3936","Basket - Broad","Currency ETFs"
"ProShares Ultra VIX Short-Term Futures ETF","UVXY","279.55",".6907137375287797390636991557943207981581","-.5269","-7.9133","2.1648","-33.9168","-72.4412","-67.5763","Volatilty - Short Term","Volatility ETFs"
"ProShares Ultra Russell2000","UWM","221.76","58.16216216216216216216216216216216216216","-.7465","-11.043","-5.6872","-13.9277","27.6556","24.7262","Derivative Based ETF","Leveraged Equity ETFs"
"ProShares Ultra Financials","UYG","725.36","47.80751708428246013667425968109339407745","-.6874","-13.5187","-2.9498","-.1048","24.6656","-3.9861","Derivative Based ETF","Leveraged Equity ETFs"
"Angel Oak UltraShort Income ETF","UYLD","1368.66","5.92255125284738041002277904328018223235","-.0059","-.0275","-.0745",".6069","1.7525","3.7391","Ultra short Bond ETF","Ultra short Bond ETF"
"American Century U.S. Quality Value ETF","VALQ","328.12","73.02738288331266100562923385173170498998","-.3305","-3.2098","-1.4593","1.066","10.0111","11.0122","Style Box - All Cap Value","Style Box - All Cap Value"
"Vanguard Materials Index Fund ETF Shares","VAW","2867.49","54.82611121443183931560349637344244002232","-.6373","-7.5065","-3.0943","-3.1581",".7542","9.7755","Materials  - Broad","Materials ETFs"
"Vanguard Morningstar Small-Cap ETF","VB","77339.95","65.85258202148006473444166544063557451817",".1357","-4.5956","-1.8476","-4.7697","12.6944","14.325","Style Box - Small Cap Blend","Style Box - Small Cap Blend"
"Vanguard 0-3 Month Treasury Bill ETF Shares","VBIL","11410.27","95.23809523809523809523809523809523809524",".0264",".3069",".0793",".9255","1.8187","3.6628","US Treasury - Ultra Short","Government Bond ETFs"
"Vanguard Morningstar Small-Cap Growth ETF","VBK","22910.58","67.11132097745248494864832959508912761185",".1905","-3.7392","-1.5625","-6.2908","15.0918","14.0315","Style Box - Small Cap Growth","Style Box - Small Cap Growth"
"Vanguard Morningstar Small-Cap Value ETF","VBR","35502.2","64.51307313376278893520272830617658203865",".0642","-5.2064","-2.0022","-3.7162","10.8633","14.5513","Style Box - Small Cap Value","Style Box - Small Cap Value"
"Vanguard Consumer Discretionary Index Fund ETF Shares","VCR","5632.89","27.51884325488386402091985848331025996001",".0356","-6.9613","-3.0289","-7.3003","5.4742","-7.6951","Consumer Discretionary - Broad","Consumer Discretionary ETFs"
"Vanguard Short-Term Corporate Bond Index Fund ETF Shares","VCSH","44088.59",".9966777408637873754152823920265780730897",".0389","-1.2568","-.7072","-1.3016",".1318","1.0777","Short-Term Bond ETF","Short-Term Bond ETF"
"Vanguard Consumer Staples Index Fund ETF Shares","VDC","7633.57","39.63723659642571352360629501200320085356","-.5566","-3.2901","-1.0565","-2.6307",".3652","6.2408","Consumer Staples - Broad","Consumer Staples ETFs"
"Vanguard Energy Index Fund ETF Shares","VDE","10491.63","79.33782955242182709993868792152053954629","-.978","-1.9133","-.6643","14.4777","-1.5462","38.5305","Energy - Broad","Energy ETFs"
"Vanguard FTSE Developed Markets Index Fund ETF Shares","VEA","232808.42","82.47145735392881128274009402283411685695","-.1823","-2.3303","-2.1042",".6169","15.6079","22.0628","Foreign Large Blend ETF","Foreign Large Blend ETF"
"Vanguard FTSE All-World ex-US Index Fund ETF Shares","VEU","69107.02","82.41826033312769895126465144972239358421","-.2507","-1.9586","-2.2004",".645","15.5584","20.2486","Foreign Large Blend ETF","Foreign Large Blend ETF"
"Vanguard Emerging Markets Ex-China ETF Shares","VEXC","269.02","88.93852371835779621357158051478408849181","-.2061","-.1112","-2.2829","1.5296","22.6474","0","Geographic - Broad Emerging Markets","Broad Emerging Market ETFs"
"Vanguard Financials Index Fund ETF Shares","VFH","12666.5","55.9601379839018781142200076657723265619","-.386","-7.0098","-1.5463",".2247","13.588","1.4789","Financials-Broad","Financials ETFs"
"VictoryShares Free Cash Flow ETF","VFLO","10877.64","74.04063205417607223476297968397291196388","-.0588","-8.1643","-2.6898","11.0549","32.3037","36.9074","Style Box - Large Cap Value","Style Box - Large Cap Value"
"Vanguard U.S. Multifactor ETF Shares","VFMF","948.92","81.95664668692010838328269972904179325068","-.461","-3.1481","-1.6006","1.2127","18.1082","26.011","Style Box - All Cap Blend","Style Box - All Cap Blend"
"Vanguard U.S. Momentum Factor ETF Shares","VFMO","1919.08","69.984833861850268854267199779401626913",".2774",".4083","-1.2483","-7.4107","18.5269","19.6388","Style Box - All Cap Growth","Style Box - All Cap Growth"
"Vanguard U.S. Minimum Volatility ETF Shares","VFMV","446.98","74.42843321961403330108457660777025306788",".0296","-2.1714","-.8185","2.1647","8.7172","10.0995","Style Box - All Cap Blend","Style Box - All Cap Blend"
"Vanguard U.S. Quality Factor ETF Shares","VFQY","491.07","74.86475598526703499079189686924493554328","-.2788","-3.4444","-1.3996",".9311","17.6813","14.4826","Style Box - All Cap Blend","Style Box - All Cap Blend"
"Vanguard U.S. Value Factor ETF Shares","VFVA","904.5","71.25821367729374543684594791920175225116","-.4589","-5.9191","-2.3582","2.3038","15.9464","21.4928","Style Box - All Cap Value","Style Box - All Cap Value"
"Vanguard European Stock Index Fund ETF Shares","VGK","29953.23","65.07521255722694571615434924787442773054","-.5997","-4.2483","-1.7667",".0027","12.3619","14.1674","Geographic - Broad Europe","European Equity ETFs"
"Vanguard Short-Term Treasury Index Fund ETF Shares","VGSH","34446.46","4.63576158940397350993377483443708609272",".0782","-.5465","-.1561","-.2781",".3885","1.5745","US Treasury - Short Term","Government Bond ETFs"
"Vert Global Sustainable Real Estate ETF","VGSR","480.81","33.0822711471610660486674391657010428737","-.6518","-5.2947","-2.2313","-7.3393","7.1926","3.6419","Real Estate   - Broad","Real Estate ETFs"
"Vanguard Information Technology Index Fund ETF Shares","VGT","153242.73","96.35701275045537340619307832422586520947","-.1998","4.103","-1.1182","7.2931","47.0014","34.9077","Technology  - broad","Technology ETFs"
"Vanguard Ultra-Short Treasury ETF Shares","VGUS","1081.01","79.36507936507936507936507936507936507937",".0265",".2262",".0662",".8626","1.7455","3.5355","US Treasury - Ultra Short","Government Bond ETFs"
"Vanguard Health Care Index Fund ETF Shares","VHT","19358.53","85.04167953071935782648965730163630750232","-.2962","-.0628",".1744","6.0604","21.2486","27.7435","Healthcare - Broad","Health Care ETFs"
"Vident International Equity Strategy ETF","VIDI","447.1","81.29169486609300976505849366721454123562","-.4634","-1.6981","-2.4573","3.0842","15.4931","29.1576","Foreign Large Value ETF","Foreign Large Value ETF"
"Vanguard Dividend Appreciation Index Fund ETF Shares","VIG","109742.52","68.08688387635756056808688387635756056809",".2163","-2.8759","-.8153",".0591","12.8988","11.6831","Strategy - Dividend Growth","Style Box - Large Cap Blend"
"Vanguard International Dividend Appreciation Index Fund ETF Shares","VIGI","8911.98","65.06610995128740431454418928322894919972","-.5664","-3.3602","-1.975","1.7821","12.1025","8.9488","Foreign Large Blend ETF","Foreign Large Blend ETF"
"Vanguard S&P Small-Cap 600 Growth Index Fund ETF Shares","VIOG","1032.2","61.86664653024239220720380578418787283848","-.0165","-5.4151","-1.7746","-8.4049","14.9387","15.5814","Style Box - Small Cap Growth","Style Box - Small Cap Growth"
"Vanguard S&P Small-Cap 600 Index Fund ETF Shares","VIOO","4037","65.54765291607396870554765291607396870555","-.3754","-5.5889","-1.9174","-6.7706","13.2278","15.4969","Style Box - Small Cap Blend","Style Box - Small Cap Blend"
"Vanguard S&P Small-Cap 600 Value Index Fund ETF Shares","VIOV","1773.29","67.2917277077839632776638343588241039164","-.4675","-5.7999","-2.1513","-5.011","11.7078","18.551","Style Box - Small Cap Value","Style Box - Small Cap Value"
"Vanguard Industrials Index Fund ETF Shares","VIS","7712.51","52.95873345445107708279262912016610433428",".0988","-4.2499","-.9899","-8.6164","5.9836","11.4307","Industrials  - Broad","Industrials ETFs"
"ProShares VIX Short-Term Futures ETF","VIXY","216.44",".8900756564307966177125055629728526924789","-.6552","-5.5493","1.2136","-23.1336","-56.3693","-48.5185","Volatilty - Short Term","Volatility ETFs"
"State Street SPDR S&P 1500 Value Tilt ETF","VLU","750.75","79.59552810329234736092670630568223363928","-.2523","-2.9468","-1.5056","1.1825","14.4328","19.7434","Style Box - All Cap Value","Style Box - All Cap Value"
"iShares MSCI USA Value Factor ETF","VLUE","9478.47","91.70872386445565969718817591925018024513","-.0503","-.8587","-2.0178","-.6514","41.9468","61.5561","Style Box - Large Cap Value","Style Box - Large Cap Value"
"Janus Henderson Short Duration Income ETF","VNLA","3460.54","4.91803278688524590163934426229508196721",".0205","-.0623","-.082",".5222","1.8404","3.6044","Ultra short Bond ETF","Ultra short Bond ETF"
"VanEck Vietnam ETF","VNM","493.9","23.12138728323699421965317919075144508671",".2926","-5.7206","-2.1131","-7.0499","2.512","-2.8943","Geographic - Vietnam","Frontier Markets"
"Vanguard Real Estate Index Fund ETF Shares","VNQ","35783.93","25.3046594982078853046594982078853046595","-.0662","-6.073","-2.4411","-6.9439","5.9655","3.1699","Real Estate   - Broad","Real Estate ETFs"
"Vanguard Morningstar Mid-Cap ETF","VO","103376.35","63.74581939799331103678929765886287625418",".4176","-3.8425","-1.4291","-1.4168","12.9451","9.7057","Style Box - Mid Cap Blend","Style Box - Mid Cap Blend"
"Vanguard Morningstar Mid-Cap Value ETF","VOE","23123.46","66.71415004748338081671415004748338081671",".2446","-4.6957","-1.6522","-.3557","9.876","15.9253","Style Box - Mid Cap Value","Style Box - Mid Cap Value"
"Tema Electrification ETF","VOLT","727.75","54.8434085943190094683175528040786598689",".9859",".7305","-.4996","-12.0677","5.5032","25.8336","Energy - Broad","Energy ETFs"
"Vanguard Russell 1000 Index Fund ETF Shares","VONE","8622.45","88.62667478684531059683313032886723507917","-.1823","-.74","-1.2981","2.889","20.3091","15.5228","Style Box - Large Cap Blend","Style Box - Large Cap Blend"
"Vanguard Russell 1000 Growth Index Fund ETF Shares","VONG","46832.66","86.9402985074626865671641791044776119403",".1086","2.2034","-1.0915","2.8954","21.7738","8.0303","Style Box - Large Cap Growth","Style Box - Large Cap Growth"
"Vanguard Russell 1000 Value Index Fund ETF Shares","VONV","21596.27","82.62032085561497326203208556149732620321","-.3923","-3.2464","-1.4809","2.9131","19.3973","24.3732","Style Box - Large Cap Value","Style Box - Large Cap Value"
"Vanguard 500 Index Fund ETF Shares","VOO","1046823.25","90.68049544844053126399044918668855394717",".0956","-.4182","-1.1921","3.4174","21.4693","16.6355","Style Box - Large Cap Blend","Style Box - Large Cap Blend"
"Vanguard S&P 500 Growth Index Fund ETF Shares","VOOG","27558.78","96.10395780871383094977906590012828431605",".1053","1.7643","-.8278","5.124","30.2058","18.9357","Style Box - Large Cap Growth","Style Box - Large Cap Growth"
"Vanguard S&P 500 Value Index Fund ETF Shares","VOOV","6603.5","74.40322116767328156456715559390278976129","-.4854","-2.9802","-1.5498","1.4553","11.4384","13.252","Style Box - Large Cap Value","Style Box - Large Cap Value"
"Vanguard Morningstar Mid-Cap Growth ETF","VOT","19021.22","69.79344618729616400062121447429725112595",".5486","-2.673","-1.1862","-2.9005","17.2545","1.1936","Style Box - Mid Cap Growth","Style Box - Mid Cap Growth"
"TCW Transform 500 ETF","VOTE","1126.98","90.88477951635846372688477951635846372688","-.1661","-.4161","-.9628","3.4053","21.5303","16.4036","Style Box - Large Cap Blend","Style Box - Large Cap Blend"
"Vanguard Communication Services Index Fund ETF Shares","VOX","5795.75","67.42836416394631846209648168298875589409",".4989","1.6841","-1.9707","3.7081","11.2245","2.4627","Communication Services - Broad","Communication Services ETFs"
"Vanguard Pacific Stock Index Fund ETF Shares","VPL","8624.24","86.88240392950014446691707598959838197053",".1724",".7632","-2.4269","1.1051","22.2152","34.6759","Geographic - Broad Pacific","Asia-Pacific (Developed) ETFs"
"Vanguard Utilities Index Fund ETF Shares","VPU","7611.34","5.19955030916245081506464305789769533446","1.0864","-6.1496","-1.9575","-12.7689","-11.2663","-6.1251","Utilities  - Broad","Utilities/Infrastructure ETFs"
"Invesco Variable Rate Investment Grade ETF","VRIG","1839.7","9.09090909090909090909090909090909090909","0",".3245",".02",".9159","2.2061","4.361","Corporates - Floating Rate","Investment Grade Corporate Bond ETFs"
"VictoryShares Dividend Accelerator ETF","VSDA","210.47","54.46887199506883090199301417711115677008","-.4905","-5.4609","-1.3231","-2.502","6.1116","9.2328","Strategy - Dividend Growth","Style Box - Large Cap Value"
"Vanguard Short Duration Bond ETF Shares","VSDB","992.95",".2419354838709677419354838709677419354839",".008","-1.3361","-.6972","-1.1648",".5038","1.0009","Short-Term Bond ETF","Short-Term Bond ETF"
"Vanguard ESG International Stock ETF Shares","VSGX","6706.75","83.31318016928657799274486094316807738815","-.0245","-1.5712","-2.0626",".4879","19.4933","21.8796","Strategy - Socially Responsible","World ETFs"
"Applied Finance Valuation Large Cap ETF","VSLU","567.88","92.75028768699654775604142692750287686997","-.2252","-.7413","-.8665","6.1296","19.452","15.2754","Style Box - Large Cap Blend","Style Box - Large Cap Blend"
"Vanguard FTSE All-World ex-US Small-Cap Index Fund ETF Shares","VSS","11732.98","72.29336437718277066356228172293364377183","-.3843","-3.0032","-2.6658","1.343","10.2933","12.5514","Foreign Small/Mid Growth ETF","Foreign Small/Mid Growth ETF"
"Vanguard Total World Stock Index Fund ETF Shares","VT","81036.73","86.02836879432624113475177304964539007092","-.2267","-1.3363","-1.7303","1.9434","18.423","17.0938","World Small/Mid Stock ETF","World Small/Mid Stock ETF"
"Vanguard Russell 3000 Index Fund ETF Shares","VTHR","4802.98","87.17988275223696390003085467448318420241","-.1831","-.8805","-1.4041","2.4461","20.3174","15.7181","Style Box - All Cap Blend","Style Box - All Cap Blend"
"Vanguard Morningstar Total Stock Market ETF","VTI","686059.12","87.55163866703387496557422197741668961719",".0999","-.8289","-1.3257","2.4775","20.8143","16.2077","Style Box - All Cap Blend","Style Box - All Cap Blend"
"Vanguard Short-Term Inflation-Protected Securities Index Fund ETF Shares","VTIP","20330.78","1.92307692307692307692307692307692307692",".0509","-.9366","-.3141","-.8443",".1769","1.239","US Treasury - TIPS","Inflation-Protected Bond ETFs"
"Vanguard Morningstar Value ETF","VTV","186728.61","78.44982078853046594982078853046594982079",".2415","-2.8331","-1.2418",".1269","14.3359","20.0462","Style Box - Large Cap Value","Style Box - Large Cap Value"
"Vanguard Russell 2000 Growth Index Fund ETF Shares","VTWG","1431.57","59.37098195582137852323783932157355639348","-.3094","-5.6859","-2.9525","-8.3566","16.5766","12.4001","Style Box - Small Cap Growth","Style Box - Small Cap Growth"
"Vanguard Russell 2000 Index Fund ETF Shares","VTWO","16451.85","65.43853928920769481578089338115422236713","-.3536","-5.418","-2.8258","-6.4197","15.4929","16.7886","Style Box - Small Cap Blend","Style Box - Small Cap Blend"
"Vanguard Russell 2000 Value Index Fund ETF Shares","VTWV","1314.76","71.20368592820119024764830101746976387022","-.3861","-5.1868","-2.7432","-4.2905","14.046","21.6057","Style Box - Small Cap Value","Style Box - Small Cap Value"
"Vanguard Morningstar Growth ETF","VUG","231654.89","94.41234965432332607254474855573444454967","-.01","1.684","-1.1951","6.1061","28.1383","13.4241","Style Box - Large Cap Growth","Style Box - Large Cap Growth"
"Vanguard Ultra-Short Bond ETF Shares","VUSB","10144.6","7.69230769230769230769230769230769230769",".0808","-.0316","0",".592","1.8159","3.427","US Treasury - Ultra Short","Money Market/Ultra-Short Term ETFs"
"Vident U.S. Equity Strategy ETF","VUSE","677.35","85.98562239878925463488460083238743851684","-.1253","-1.5805","-1.357",".9501","18.6318","9.5787","Style Box - All Cap Value","Style Box - All Cap Value"
"Vanguard Morningstar Large-Cap ETF","VV","54262.65","91.08532824203260390659421354090174768689",".0086","-.3723","-1.3022","3.5082","21.8568","16.2365","Style Box - Large Cap Blend","Style Box - Large Cap Blend"
"Vanguard Emerging Markets Stock Index Fund ETF Shares","VWO","125710.43","79.82261640798226164079822616407982261641","-.1173","-1.7376","-2.4223",".9356","13.9354","12.7868","Geographic - Broad Emerging Markets","Broad Emerging Market ETFs"
"Vanguard Extended Market Index Fund ETF Shares","VXF","30270.04","66.30956778721832286664203915773919468046","-.1676","-3.907","-2.4297","-4.6114","16.1568","11.9415","Style Box - Mid Cap Blend","Style Box - Mid Cap Blend"
"Vanguard Total International Stock Index Fund ETF Shares","VXUS","162072.55","82.17364532019704433497536945812807881773","-.2741","-2.1124","-2.2574",".8727","15.2193","19.6334","Foreign Large Blend ETF","Foreign Large Blend ETF"
"iPath Series B S&P 500 VIX Short-Term Futures ETN","VXX","318.65","1.31463628396143733567046450482033304119","-.0573","-4.9564","1.7493","-22.6164","-55.7219","-47.5503","Volatilty - Short Term","Volatility ETFs"
"Vanguard High Dividend Yield Index Fund ETF Shares","VYM","79525.45","64.27604871447902571041948579161028416779","-.1786","-4.1967","-1.4114","-.6899","8.6729","13.9745","Style Box - Large Cap Value","Style Box - Large Cap Value"
"Vanguard International High Dividend Yield Index Fund ETF Shares","VYMI","21333.14","77.48864105741429161503510945890128046262","-.9353","-2.4581","-2.1649","4.3333","13.4666","24.9323","Foreign Large Value ETF","Foreign Large Value ETF"
"Pabrai Wagons ETF","WAGN","284.04","44.59253617669459253617669459253617669459","-1.1288","-7.8589","-3.6869","7.1223","4.9331","0","World Small/Mid Stock ETF","World Small/Mid Stock ETF"
"WisdomTree Cloud Computing ETF","WCLD","283.64","83.05351521511017838405036726128016789087","-.0751","-7.0114","-3.0456","26.5293","52.3664","10.7658","Technology  - Cloud Computing","Technology ETFs"
"First Trust WCM International Equity ETF","WCMI","2066.04","78.65429234338747099767981438515081206497","-.1041","-2.9583","-1.9918","-.8269","18.0921","15.6751","Foreign Large Blend ETF","Foreign Large Blend ETF"
"State Street SPDR S&P Global Dividend ETF","WDIV","280.1","72.82563171855367862627390758062264414352","-.5547","-2.9292","-1.8298","3.1162","11.2553","17.9892","Global Large-Cap Value Equity ETF","Global Large-Cap Value Equity ETF"
"Teucrium Wheat ETF","WEAT","301.64","63.66995073891625615763546798029556650246",".3204","-10.5357","-3.6168","14.8556","8.1139","19.5704","Agriculture - Wheat","Agricultural ETFs"
"Tema U.S. Manufacturing & Reshoring ETF","WELD","270.56","15.18987341772151898734177215189873417722",".43","-1.6728","-.112","-12.833","0","0","Industrials  - Broad","Industrials ETFs"
"CoinShares Bitcoin Mining and Digital Power ETF","WGMI","299.53","34.6995222529544883077696756349006789037","-.281","8.0328","-10.8599","-27.5824","31.0884","4.3429","Digital Economy ETF","Digital Economy ETF"
"Harbor Long-Term Growers ETF","WINN","1225.58","96.42857142857142857142857142857142857143","-.0291","1.8096","-.8092","6.8161","27.7261","10.567","Style Box - All Cap Growth","Style Box - All Cap Growth"
"State Street SPDR FTSE International Government Inflation-Protected Bond ETF","WIP","458.66","1.97368421052631578947368421052631578947",".157","-2.9783","-2.1947","-.918","1.7348","3.6062","Sovereign - Inflation-Protected","Inflation-Protected Bond ETFs"
"iShares Global Timber & Forestry ETF","WOOD","262.23","16.13319132238354167834519872190145187511","-1.173","-6.4434","-6.1089","1.6676","-1.0623","-5.5338","Materials  - Timber","Materials ETFs"
"WisdomTree Quantum Computing Fund","WQTM","343.89","48.30461367426347971095052807115063924402",".0625","-.156","-1.8399","-13.7662","32.6564","0","Technology  - broad","Technology ETFs"
"iShares MSCI World Small-Cap ETF","WSML","663.6","69.85164012522117871239961889206478834899","-.383","-3.9491","-2.3919","-2.7179","13.2629","16.1886","World Small/Mid Stock ETF","World Small/Mid Stock ETF"
"WisdomTree Artificial Intelligence and Innovation Fund","WTAI","667.43","79.3246993524514338575393154486586493987","1.9043","7.9724","-1.3711","-4.1712","59.2163","54.888","Artificial Intelligence and Robotics ETF","Artificial Intelligence and Robotics ETF"
"WisdomTree Managed Futures Strategy ETF","WTMF","275.88","73.00150829562594268476621417797888386124",".9809",".1661","-1.2632","4.1708","7.8271","14.5005","Derivative Based ETF","Hedge Fund ETFs"
"WisdomTree Equity Premium Income Fund","WTPI","545.97","62.05673758865248226950354609929078014184","-.1216",".0351","-.624","3.8083","11.4239","11.0267","Derivative Based ETF","Style Box - Large Cap Blend"
"WisdomTree U.S. Value Fund","WTV","3172.87","69.21296296296296296296296296296296296296","-.2324","-4.8033","-1.9366","1.1971","11.3797","15.5082","Style Box - Large Cap Value","Style Box - Large Cap Value"
"Inspire International ETF","WWJD","564.1","67.21804511278195488721804511278195488722","-.4579","-4.3687","-2.3487","3.2446","10.0169","14.1808","Strategy - Socially Responsible","World ETFs"
"State Street SPDR S&P Aerospace & Defense ETF","XAR","5608.85","18.47909720441138753526545268017440369325","-.4398","-10.8869","-3.4574","-15.774","-6.8719","1.1338","Industrials  - Aerospace & Defense","Industrials ETFs"
"State Street SPDR S&P Biotech ETF","XBI","10304.94","81.30868544600938967136150234741784037559",".1277","-3.4302","-3.126","-.9475","31.2385","58.3045","Healthcare - Biotech","Health Care ETFs"
"F/m US Treasury 6 Month Bill ETF","XBIL","753.34","7.40740740740740740740740740740740740741",".3585",".198",".068","1.1893","1.7188","3.5116","US Treasury - Ultra Short","Government Bond ETFs"
"Roundhill Ultra Short Duration No Dividend Target ETF","XBOX","754.13","99.61538461538461538461538461538461538462",".0099",".3076",".0594","1.1405","2.1418","0","Hedge Fund - Long/Short","Hedge Fund ETFs"
"Columbia EM Core ex-China ETF","XCEM","2112.28","84.46909667194928684627575277337559429477",".7261","1.7805","-1.9231","-.0384","31.2973","43.1087","Geographic - Broad Emerging Markets","Broad Emerging Market ETFs"
"AB US Equity ETF","XCHG","712.78","88.35151265692529327022020991973657131097","-.0693","-.6519","-.8505","4.2726","18.7722","0","Style Box - All Cap Blend","Style Box - All Cap Blend"
"FT Vest U.S. Equity Enhance & Moderate Buffer ETF - December","XDEC","201.66","99.52278692436172751133381054640897160582",".0228",".4812","-.0342","2.5132","10.3561","9.4499","Derivative Based ETF","Defined Outcome"
"Roundhill S&P 500 0DTE Covered Call Strategy ETF","XDTE","334.58","25.57077625570776255707762557077625570776","-.0523","-.5331","-.9792","3.0345","16.7488","12.9628","Derivative Based ETF","Derivative Based ETF"
"BondBloxx JP Morgan USD Emerging Markets 1-10 Year Bond ETF","XEMD","943.23","3.03951367781155015197568389057750759878",".1625","-2.6391","-1.7536","-2.6825","1.7023","4.158","International - Emerging Market","Emerging Market Bond ETFs"
"State Street SPDR S&P Oil & Gas Equipment & Services ETF","XES","362.38","60.61946902654867256637168141592920353982","-2.8831","-9.727","-5.0727","-3.5891","-9.0894","48.5478","Energy - Equipment and services","Energy ETFs"
"State Street SPDR S&P Homebuilders ETF","XHB","1415.72","7.96226415094339622641509433962264150943","-.3392","-6.7822","-2.4545","-15.4989","1.208","-11.359","Industrials  - Engineering and Construction","Industrials ETFs"
"BondBloxx Bloomberg Six Month Target Duration US Treasury ETF","XHLF","2038.02","30.18867924528301886792452830188679245283",".0398",".1707",".0398",".7971","1.6532","3.7186","US Treasury - Ultra Short","Government Bond ETFs"
"State Street SPDR S&P Health Care Services ETF","XHS","225.34","86.1590841804006710747064048159478930228","-.6852","-1.1714","-2.2147","1.8042","35.4849","32.1883","Healthcare - Services","Health Care ETFs"
"iShares ESG Select Screened S&P Mid-Cap ETF","XJH","406.95","63.16766890696851786345949770074283692961","-.0551","-4.0861","-1.551","-5.0425","11.0406","13.4341","Strategy - Socially Responsible","Style Box - Mid Cap Blend"
"iShares ESG Select Screened S&P Small-Cap ETF","XJR","204.51","64.1090022893434753710951923787017207001","-.3409","-5.2393","-1.8864","-6.8678","14.6232","15.5759","Strategy - Socially Responsible","Style Box - Small Cap Blend"
"State Street Materials Select Sector SPDR ETF","XLB","7885.39","60.05244755244755244755244755244755244755","-.7479","-7.2422","-2.83","-2.6281","1.2509","12.0497","Materials  - Broad","Materials ETFs"
"State Street Communication Services Select Sector SPDR ETF","XLC","22625.13","41.42857142857142857142857142857142857143",".2608","-1.023","-1.8145","3.6653","4.7439","-4.8075","Communication Services - Broad","Communication Services ETFs"
"State Street Energy Select Sector SPDR ETF","XLE","40187.92","81.17495711835334476843910806174957118353","-.9018","-1.2121","-.3885","15.566","-.4074","39.6752","Energy - Broad","Energy ETFs"
"State Street Financial Select Sector SPDR ETF","XLF","51561.54","57.67441860465116279069767441860465116279","-.3322","-6.7013","-1.4416",".9057","13.7704","1.3041","Financials-Broad","Financials ETFs"
"Invesco S&P 500 Top 50 ETF","XLG","11738.29","91.49659863945578231292517006802721088435","-.251","1.6578","-1.3191","5.3059","20.551","11.7275","Style Box - Large Cap Blend","Style Box - Large Cap Blend"
"State Street Industrial Select Sector SPDR ETF","XLI","30148.5","55.06721820062047569803516028955532574974",".2074","-4.265","-.6695","-7.2089","6.8022","11.7373","Industrials  - Broad","Industrials ETFs"
"State Street Technology Select Sector SPDR ETF","XLK","126641.32","94.75321736670909348041295432046386649696","-.0154","4.8633","-.9018","5.0217","50.0528","39.3607","Technology  - broad","Technology ETFs"
"State Street Consumer Staples Select Sector SPDR ETF","XLP","13894.77","43.37265787647467036780013879250520471895","-.5226","-3.5803","-1.0637","-2.3461","1.4488","7.6004","Consumer Staples - Broad","Consumer Staples ETFs"
"State Street Real Estate Select Sector SPDR ETF","XLRE","7668.36","22.16666666666666666666666666666666666667","-.0242","-6.2618","-2.7294","-7.18","5.1634","1.9615","Real Estate   - REITs","Real Estate ETFs"
"State Street US Sector Rotation ETF","XLSR","1077.75","93.07488986784140969162995594713656387665","-.1651",".4738","-1.0364","3.9086","18.4223","12.7255","Style Box - All Cap Blend","Style Box - All Cap Blend"
"State Street Utilities Select Sector SPDR ETF","XLU","20888.79","5.42452830188679245283018867924528301887","1.172","-6.3647","-2.0232","-13.0587","-11.6148","-5.9914","Utilities  - Broad","Utilities/Infrastructure ETFs"
"State Street Health Care Select Sector SPDR ETF ETF","XLV","44059.26","85.32463682182033797806107322857989919953","-.3095",".124",".4944","6.6145","20.0813","27.5055","Healthcare - Broad","Health Care ETFs"
"State Street Consumer Discretionary Select Sector SPDR ETF","XLY","21457.36","18.50477200424178154825026511134676564157",".1376","-6.6683","-2.8309","-6.5966","3.7351","-8.5531","Consumer Discretionary - Broad","Consumer Discretionary ETFs"
"State Street SPDR S&P Metals & Mining ETF","XME","4137.76","36.26349416170962767129323639568186825292","-1.4419","-12.4365","-7.1824","-2.3912","-1.7812","11.5154","Materials  - Broad","Materials ETFs"
"Invesco S&P MidCap Quality ETF","XMHQ","5359","63.42117016525234479678427869584635998213","-.419","-5.2412","-2.0177","-.0056","11.3065","6.8132","Style Box - Mid Cap Blend","Style Box - Mid Cap Blend"
"Invesco S&P MidCap Low Volatility ETF","XMLV","696.28","25.23659305993690851735015772870662460568","-.2037","-5.0916","-1.6401","-3.8376","4.195","4.0513","Style Box - Mid Cap Blend","Style Box - Mid Cap Blend"
"Invesco S&P MidCap Momentum ETF","XMMO","6998.54","39.00499772830531576556110858700590640618",".1704","-3.8857","-.7965","-12.0665","2.9304","9.7007","Style Box - Mid Cap Growth","Style Box - Mid Cap Growth"
"Invesco S&P MidCap Value with Momentum ETF","XMVM","498.65","68.30638688223827542712991629400298130948","-.4177","-5.0581","-2.163","-.976","10.2561","16.4746","Style Box - Mid Cap Value","Style Box - Mid Cap Value"
"State Street SPDR NYSE Technology ETF","XNTK","2057.6","92.90005461496450027307482250136537411251",".9022","6.2275","-1.0178",".107","52.8285","39.8113","Technology  - broad","Technology ETFs"
"Xtrackers S&P 100 Ex Top 20 ETF","XOEX","272.98","71.65605095541401273885350318471337579618",".0752","-4.0767","-.9179","-.9585","15.561","0","Style Box - Large Cap Value","Style Box - Large Cap Value"
"BondBloxx Bloomberg One Year Target Duration US Treasury ETF","XONE","854.05","5.35714285714285714285714285714285714286",".0407","-.0453","-.0203",".5408","1.3247","3.2158","US Treasury - Short Term","Government Bond ETFs"
"State Street SPDR S&P Oil & Gas Exploration & Production ETF","XOP","3936.06","72.42507525193037560528726606465122366182","-.8382","-3.524","-1.6409","15.4582","-4.2748","36.146","Energy - Exploration","Energy ETFs"
"ERShares Private-Public Crossover ETF","XOVR","1476.1","92.42424242424242424242424242424242424242",".8042","2.8972","-1.7972","2.8475","29.0733",".7565","Style Box - Large Cap Blend","Style Box - Large Cap Blend"
"State Street SPDR S&P Pharmaceuticals ETF","XPH","551.86","70.19446522064323111443530291697830964847","-1.196","-6.5805","-3.911","-.4192","27.6088","39.6563","Healthcare - Pharma","Health Care ETFs"
"NEOS Boosted Nasdaq-100 High Income ETF","XQQI","366.13","67.97488226059654631083202511773940345369",".1564","4.174","-1.1723","2.0578","30.7018","0","Derivative Based ETF","Style Box - Large Cap Growth"
"Bitwise XRP ETF","XRP","355.71","37.39012846517917511832319134550371872887",".785","8.3766","-5.9718","39.0833","12.8465","0","Digital Economy ETF","Digital Economy ETF"
"Canary XRP ETF","XRPC","342.66","37.24725079815537424618659098971266406527",".6671","8.2309","-6.0759","38.8694","12.6956","0","Digital Economy ETF","Digital Economy ETF"
"Franklin XRP ETF","XRPZ","356.25","37.55244755244755244755244755244755244755",".6203","8.2055","-5.8619","39.1081","12.7955","0","Digital Economy ETF","Digital Economy ETF"
"State Street SPDR S&P Retail ETF","XRT","404.51","34.43928334439283344392833443928334439283","-.0969","-4.8876","-1.4342","-6.0232","5.4081","-4.1414","Consumer Discretionary - Retail","Consumer Discretionary ETFs"
"State Street SPDR S&P Semiconductor ETF","XSD","3073.68","66.91444677793743782469326848679120150326",".4416","10.0332","-.8326","-10.5386","66.1968","67.9437","Technology  - Semiconductors","Technology ETFs"
"Invesco S&P SmallCap Quality ETF","XSHQ","286.69","51.65165165165165165165165165165165165165","-.0862","-6.1753","-1.6286","-5.7753","10.2208","5.6469","Style Box - Small Cap Blend","Style Box - Small Cap Blend"
"Invesco S&P SmallCap Low Volatility ETF","XSLV","237.68","47.6065228826933193056286165176223040505","-.5643","-5.5867","-1.9475","-4.9707","7.3492","9.8236","Style Box - Small Cap Blend","Style Box - Small Cap Blend"
"Invesco S&P SmallCap Momentum ETF","XSMO","2905.52","55.55555555555555555555555555555555555556","-.4945","-1.7608","-.29","-10.1529","10.3921","13.2012","Style Box - Small Cap Growth","Style Box - Small Cap Growth"
"WisdomTree Emerging Markets ex-State-Owned Enterprises ETF","XSOE","2085.44","72.37919009323179844850900291794178350295","-.0254","-.5561","-2.8598","-1.9756","22.124","26.6083","Strategy - Socially Responsible","Broad Emerging Market ETFs"
"Invesco S&P SmallCap Value with Momentum ETF","XSVM","595.17","64.13204558229853339465481118094946088201","-.6502","-5.0913","-2.2467","-5.0777","11.8751","18.7759","Style Box - Small Cap Value","Style Box - Small Cap Value"
"State Street SPDR S&P Software & Services ETF","XSW","480","75.76002152273338714016680118375033629271","-.249","-8.0832","-4.2714","12.8264","39.0886","-4.2595","Technology  - Software","Technology ETFs"
"iShares Future Exponential Technologies ETF","XT","4017.39","95.46283385176445350209160141585326611606","-.1458","1.1033","-1.0021","2.1937","27.4596","25.1253","Technology  - broad","Technology ETFs"
"State Street SPDR S&P Telecom ETF","XTL","527.31","60.97921558396382294112531524480389599096","-.0296","-3.2246","-2.8743","-9.7176","8.8921","47.13","Communication Services - Broad","Communication Services ETFs"
"State Street SPDR S&P Transportation ETF","XTN","299.06","51.77875876395741365878992469488444559855",".4458","-6.7967","-1.8902","-14.2552","9.8769","18.2794","Industrials  - Transportation/Shipping","Industrials ETFs"
"BondBloxx Bloomberg Two Year Target Duration US Treasury ETF","XTWO","274.74","2.47349823321554770318021201413427561837",".0518","-.6916","-.2066","-.4429",".1766","1.671","US Treasury - Short Term","Government Bond ETFs"
"iShares ESG Select Screened S&P 500 ETF","XVV","681.06","89.29481733220050977060322854715378079864","-.2224","-.9833","-1.236","3.4455","22.1062","14.7396","Strategy - Socially Responsible","Style Box - Large Cap Blend"
"Global X S&P 500 Covered Call ETF","XYLD","3388.8","95.23809523809523809523809523809523809524","0",".8102","-.1921","4.8672","13.842","17.0196","Style Box - Large Cap Blend","Derivative Based ETF"
"AB Ultra Short Income ETF","YEAR","1531.22","4.24242424242424242424242424242424242424",".056","-.1255","-.0639",".3997","1.2402","2.789","Ultra short Bond ETF","Ultra short Bond ETF"
"Direxion Daily FTSE China Bull 3X ETF","YINN","576.53","9.07023030992323002558999147000284333239","-2.8008","-14.3299","-7.7085","16.0018","-15.5979","-52.3203","Derivative Based ETF","Leveraged Equity ETFs"
"YieldMax Magnificent 7 Fund of Option Income ETFs","YMAG","294.6","11.42284569138276553106212424849699398798",".0883","3.4484","-1.1993","9.3298","20.3062","5.6888","Derivative Based ETF","Technology ETFs"
"YieldMax Universe Fund of Option Income ETFs","YMAX","370.25","6.47359454855195911413969335604770017036",".2621","3.5131","-2.9018","6.527","27.0674","-6.0747","Derivative Based ETF","Derivative Based ETF"
"Horizon Digital Frontier ETF","YNOT","205.96","84.77944236371202663337494798168955472326",".5191","3.0928","-2.3694","3.2771","29.6038","18.4373","Technology  - broad","Technology ETFs"
"YOKE Core ETF","YOKE","226.6","73.11334714412548091151228174015981059485",".0489","-1.2222","-.9359","-3.4328","15.3635","14.6201","Moderate Allocation","Total Portfolio ETFs"
"Innovator U.S. Equity 10 Buffer ETF - Quarterly","ZALT","795.85","91.66666666666666666666666666666666666667","-.2309",".0579","-.7752","2.0673","6.568","8.4746","Derivative Based ETF","Defined Outcome"
"Global X U.S. Electrification ETF","ZAP","432.24","29.783693843594009983361064891846921797","1.6177","-1.9745","-.9939","-10.9398","-2.372","6.9725","Energy - Broad","Energy ETFs"
"The Zcash ETF","ZCSH","900.83","77.03405468881060224794497567522227814125","-4.0208","0","-8.9119","0","0","0","Digital Economy ETF","Digital Economy ETF"
"Zacks Earnings Consistent Portfolio ETF","ZECP","372.52","75.35460992907801418439716312056737588652","-.1072","-2.3566","-.4272","-.8693","12.5906","12.1313","Style Box - All Cap Blend","Style Box - All Cap Blend"
"Innovator Equity Defined Protection ETF - 1 Yr September","ZSEP","231.15","92.90322580645161290322580645161290322581","-.0359","-.0539","-.2508","1.1077","4.7404","5.1757","Derivative Based ETF","Defined Outcome"
