Company Name,Ticker,Market Value (mil),Price as a % of 52 Wk H-L Range,Performance 1D (%),Performance 1M (%),Performance 1W (%),Performance 3M (%),Performance 6M (%),Performance 1Y (%),Investment Strategy,Investment Category
"Amplius Aggressive Asset Allocation ETF","AAAA","283.93","96.45590012082158679017317760773258155457",".7615","1.6754",".1559",".9072","12.5536","20.6279","Strategy - Aggressive Growth","Total Portfolio ETFs"
"Goldman Sachs Physical Gold ETF","AAAU","2665.83","48.5319028797289666854884246188594014681","1.8596","10.3755","-2.9386",".6735","-12.2837","25.3055","Precious Metals - Gold","Precious Metals ETFs"
"Alpha Architect US Equity 2 ETF","AAEQ","508.3","96.92622950819672131147540983606557377049","1.0334","1.975",".1981","2.6394","13.7227","0","Style Box - All Cap Blend","Style Box - All Cap Blend"
"Alpha Architect US Equity 3 ETF","AAUA","362.85","97.32576985413290113452188006482982171799","1.0611","2.0161",".2053","2.9158","0","0","Style Box - All Cap Blend","Style Box - All Cap Blend"
"Alpha Architect US Equity 4 ETF","AAUB","842.38","73.10018406521167499342624244017880620563",".6327","1.1467","-.6442","0","0","0","Style Box - All Cap Blend","Style Box - All Cap Blend"
"Alpha Architect U.S. Equity ETF","AAUS","502.05","97.10361827625671273879742935117527951404","1.0339","2.0019",".1908","2.6934","13.4744","19.5619","Style Box - Large Cap Blend","Style Box - Large Cap Blend"
"iShares MSCI All Country Asia ex Japan ETF","AAXJ","3877.43","81.19635193133047210300429184549356223176",".3511","5.2821","-.2468","-3.7079","17.8919","37.7237","Geographic - Broad Pacific","Asia-Pacific (Emerging) ETFs"
"Abacus FCF Leaders ETF","ABFL","529.75","77.54759238521836506159014557670772676372",".4294","-.1732","-1.7879","-2.1418","13.2606","17.281","Style Box - All Cap Blend","Style Box - All Cap Blend"
"Aptus Collared Investment Opportunity ETF","ACIO","2391.26","93.29173166926677067082683307332293291732",".9198","1.4406",".0849",".9577","9.2467","11.6835","Derivative Based ETF","Hedge Fund ETFs"
"American Century Large Cap Equity ETF","ACLC","323.09","92.39945041219085685735698226330252310767",".8786","1.615","-.3263","1.7778","11.7376","15.8475","Strategy - Socially Responsible","Style Box - Large Cap Blend"
"TCW AAA CLO ETF","ACLO","576.18","47.50593824228028503562945368171021377672",".0099",".8265",".1089","1.2221","2.5575","5.0089","Asset Backed - MBS","Mortgage-Backed Security ETFs"
"iShares MSCI ACWI ETF","ACWI","33121.09","98.09926082365364308342133051742344244984","1.1114","2.5326",".2538","2.7102","13.4116","23.3917","Global Large-Cap Blend Equity ETF","Global Large-Cap Blend Equity ETF"
"iShares MSCI Global Min Vol Factor ETF","ACWV","3402.11","100",".6278","2.988",".5805","6.3651","5.0087","9.4585","Global Large-Cap Blend Equity ETF","Global Large-Cap Blend Equity ETF"
"iShares MSCI ACWI ex U.S. ETF","ACWX","12479.45","99.13964262078093977498345466578424884183",".9959","3.2117",".1668","2.8834","11.769","28.0883","Foreign Large Blend ETF","Foreign Large Blend ETF"
"FT Vest Laddered Autocallable Barrier & Income ETF","ACYN","1802.58","75",".1936","2.386",".3018","2.7576","6.489","0","Derivative Based ETF","Defined Outcome"
"FT Vest Laddered Autocallable Barrier & Resilient Income ETF","ACYS","402.04","76.08695652173913043478260869565217391304",".1466","1.8038",".305","2.2581","0","0","Derivative Based ETF","Defined Outcome"
"Aptus Drawdown Managed Equity ETF","ADME","305.31","94.81941309255079006772009029345372460497","1.1675","1.4913",".2526",".9848","10.5524","15.2994","Style Box - Large Cap Growth","Style Box - Large Cap Growth"
"Anfield U.S. Equity Sector Rotation ETF","AESR","249.06","77.18253968253968253968253968253968253968","1.6322","2.3481","-.3974","-2.2428","14.8997","21.2141","Style Box - Large Cap Blend","Style Box - Large Cap Blend"
"Anfield Universal Fixed Income ETF","AFIF","302.68","59.52380952380952380952380952380952380952",".0532",".3939","-.0531",".7933","1.3878","4.2968","Total Bond Market - Broad","Total Bond Market ETFs"
"First Trust Active Factor Large Cap ETF","AFLG","789.84","98.24964865210169924619905455474639069886","1.0056","1.7102",".2884","3.1616","13.2923","20.8463","Style Box - Large Cap Blend","Style Box - Large Cap Blend"
"First Trust Active Factor Mid Cap ETF","AFMC","216.03","90.23906462052406305459860110658732644326",".7605","-.0243","-.5328","2.5218","11.2288","23.4603","Style Box - Mid Cap Blend","Style Box - Mid Cap Blend"
"ARS Focused Opportunity Strategy ETF","AFOS","303.74","92.15119335506255914204605193985911050363",".9875","2.6123","-.5415","1.1543","22.6404","63.5642","Style Box - All Cap Value","Style Box - All Cap Value"
"abrdn Emerging Markets Dividend Active ETF","AGEM","372.32","89.25464672382502033919519369172038300269",".8589","3.8077",".4367","-.6769","19.0824","44.4962","Geographic - Broad Emerging Markets","Broad Emerging Market ETFs"
"iShares Core U.S. Aggregate Bond ETF","AGG","137725.84","3.8876889848812095032397408207343412527",".1136",".3749","-.555","-.553","-1.6074","1.6901","Total Bond Market - Broad","Total Bond Market ETFs"
"Simplify Aggregate Bond ETF","AGGH","590.7","4.41176470588235294117647058823529411765",".1524",".0504","-.6299","-.5448","-1.4702","2.4638","Total Bond Market - Broad","Total Bond Market ETFs"
"WisdomTree Yield Enhanced U.S. Aggregate Bond ETF","AGGY","904.61","2.52100840336134453781512605042016806723",".0706","-.0281","-.6313","-.9673","-1.85","1.5736","Total Bond Market - Broad","Total Bond Market ETFs"
"KraneShares Public-Private AI & Technology ETF","AGIX","751.91","77.65547605943863511282333516785910842047","2.8118","3.9431","-1.3061","-6.3803","34.8602","35.9113","Artificial Intelligence and Robotics ETF","Artificial Intelligence and Robotics ETF"
"Adaptive Alpha Opportunities ETF","AGOX","378.3","83.09989701338825952626158599382080329557","1.6491","1.7102","-.6226","-2.1994","18.4839","17.9838","Target Outcome","Total Portfolio ETFs"
"ProShares Ultra Silver","AGQ","1441.03","7.07769923444695392015956354676913149327","5.0735","30.3474","-7.5674","-22.0224","-43.3207","37.7511","Derivative Based ETF","Leveraged Commodity ETFs"
"iShares Agency Bond ETF","AGZ","632.09","8.74172185430463576158940397350993377483",".1425",".4879","-.1902",".3457","-.1293","2.2378","Asset Backed - U.S. Agency","Government Bond ETFs"
"iShares Asia 50 ETF","AIA","5121.27","82.52877114389433845678535568085270719086",".5483","4.0078","-.0143","-6.0425","27.681","66.2745","Geographic - Asia Developed","Asia-Pacific (Developed) ETFs"
"Allspring Income Plus ETF","AINP","219.53","8.76288659793814432989690721649484536082",".1581",".2262","-.202",".2084",".5001","3.361","Total Bond Market - Broad","Total Bond Market ETFs"
"REX AI Equity Premium Income ETF","AIPI","429.79","37.52002563280999679589875040051265619994","2.4128","8.8445","-.7048","4.3579","21.2796","21.7354","Derivative Based ETF","Artificial Intelligence and Robotics ETF"
"Defiance AI & Power Infrastructure ETF","AIPO","901.22","57.44968256112386870187761718222342293665","2.1162","-3.8501","-2.5","-15.3434","11.4286","43.6265","Artificial Intelligence and Robotics ETF","Artificial Intelligence and Robotics ETF"
"Global X Artificial Intelligence & Technology ETF","AIQ","9977.36","76.97160883280757097791798107255520504732","1.9341","6.1582","-.3719","-7.0265","31.7362","43.3725","Artificial Intelligence and Robotics ETF","Artificial Intelligence and Robotics ETF"
"First Trust RBA American Industrial Renaissance ETF","AIRR","9282.68","40.62137723162531880361697194528170646882","1.2892","-10.4865","-4.5575","-16.8675","-8.0372","19.4419","Industrials  - Broad","Industrials ETFs"
"VistaShares Artificial Intelligence Supercycle ETF","AIS","935.63","63.24153827489991507946136115491932548829",".3734","2.9727","-3.9451","-18.6145","55.9889","123.2558","Artificial Intelligence and Robotics ETF","Artificial Intelligence and Robotics ETF"
"WisdomTree U.S. AI Enhanced Value Fund","AIVL","425.83","91.58093476669363850036604631449158093477",".777",".2654","-.2892","6.2149","10.5969","19.6513","Style Box - Large Cap Value","Style Box - Large Cap Value"
"Akre Focus ETF","AKRE","5248.92","62.71297509829619921363040629095674967235","1.3817","5.2541","-.7335","13.1129","7.0675","0","Style Box - All Cap Growth","Style Box - All Cap Growth"
"Alger AI Enablers & Adopters ETF","ALAI","1083.63","89.45083014048531289910600255427841634738","1.9625","1.8473","-.6718","-1.7901","34.9795","33.6633","Artificial Intelligence and Robotics ETF","Artificial Intelligence and Robotics ETF"
"State Street Bridgewater All Weather ETF","ALLW","1792.79","92.83318084781945715157060079292467215615",".5661","3.3185","-.5925",".5996","2.1997","17.2839","Multi-Asset - Total Portfolio","Total Portfolio ETFs"
"GraniteShares 2x Long AMD Daily ETF","AMDL","850.29","49.50441276306856754921928038017651052274","-.2845","-14.3931","-8.6058","-40.8312","309.7122","332.2581","Derivative Based ETF","Single Stock ETF"
"YieldMax AMD Option Income Strategy ETF","AMDY","373.36","38.18977119784656796769851951547779273217","-1.0817","-11.5814","-4.3246","-27.6164","59.7594","59.2114","Derivative Based ETF","Single Stock ETF"
"Alerian MLP Index ETNs due January 28, 2044","AMJB","885.69","91.81731684110371075166508087535680304472","-.4227","1.3172","-2.2309","7.0739","9.6277","24.7187","Energy - MLP","MLP ETFs"
"Alerian MLP ETF","AMLP","13511.36","96.06440071556350626118067978533094812165","-.6632","2.3758",".1989","7.3398","9.444","23.4745","Energy - MLP","MLP ETFs"
"InfraCap MLP ETF","AMZA","494.19","98.07395993836671802773497688751926040062","-.4902","5.7764",".5946","11.3333","15.388","28.9965","Energy - MLP","MLP ETFs"
"Direxion Daily AMZN Bull 2X ETF","AMZU","267.12","59.41756693283231564114607797087834664162","2.9542","-18.1519","1.6076","-.1807","36.3461","4.5928","Derivative Based ETF","Single Stock ETF"
"YieldMax AMZN Option Income Strategy ETF","AMZY","233.29","11.87943262411347517730496453900709219858","1.2401","-6.0766","1.646","3.0919","16.1268","5.4833","Derivative Based ETF","Single Stock ETF"
"VanEck Fallen Angel High Yield","ANGL","3163.26","29.85074626865671641791044776119402985075",".139",".9962","-.4502",".959","1.6122","4.8764","Corporates - Junk/High Yield","High-Yield/Junk Bond ETFs"
"SEI Ang Research Enhanced U.S. Large Cap ETF","ANGU","447.46","78.24497257769652650822669104204753199269","1.1669","0",".2941","0","0","0","Style Box - Large Cap Blend","Style Box - Large Cap Blend"
"iShares Core 80/20 Aggressive Allocation ETF","AOA","3283.71","96.88856729377713458755426917510853835022",".862","1.9057","-.0101","2.0239","9.9693","18.8653","Strategy - Aggressive Growth","Total Portfolio ETFs"
"iShares Core 30/70 Conservative Allocation ETF","AOK","797.15","89.59746720940750791497060153776571687019",".7907",".8998","-.1329",".7781","3.2833","8.6084","Conservative","Total Portfolio ETFs"
"iShares Core 40/60 Moderate Allocation ETF","AOM","1795.16","92.71137026239067055393586005830903790087",".484",".9317","-.2802",".8987","4.0503","10.3322","Moderate Allocation","Total Portfolio ETFs"
"iShares Core 60/40 Balanced Allocation ETF","AOR","3745.56","95.87912087912087912087912087912087912088",".6895","1.5059","-.0855","1.6442","7.1951","14.6959","Moderate Allocation ","Total Portfolio ETFs"
"ActivePassive Core Bond ETF","APCB","1000.5","5.89868147120055517002081887578070784178",".1391",".1653","-.5119","-.7362","-1.6616","1.6554","Total Bond Market - Broad","Total Bond Market ETFs"
"ActivePassive International Equity ETF","APIE","1156.27","92.58195336262250760392024332544778641433",".8016",".6121","-.4248","3.1859","7.5217","20.9143","Foreign Large Blend ETF","Foreign Large Blend ETF"
"Allspring Core Plus ETF","APLU","421.75","4.16666666666666666666666666666666666667",".249",".1421","-.5147","-.6197","-1.5375","1.917","Total Bond Market - Broad","Total Bond Market ETFs"
"AllianzIM U.S. Equity Buffer20 Apr ETF","APRW","202.97","100",".1988","1.0017",".2253","2.0651","7.6748","11.4846","Derivative Based ETF","Defined Outcome"
"ActivePassive U.S. Equity ETF","APUE","2480.09","94.78827361563517915309446254071661237785","1.018","1.73",".0525","2.9838","14.0838","21.8612","Style Box - Large Cap Blend","Style Box - Large Cap Blend"
"AQE Core ETF","AQEC","614.5","93.75715922107674684994272623138602520046",".9979","2.9941",".5157","11.2299","4.9575","0","Style Box - Large Cap Growth","Style Box - Large Cap Growth"
"iShares MSCI Global Quality Factor ETF","AQLT","330.3","91.36736994685134482203253341923014978257",".7997","1.9879","-.3517","1.8735","10.5244","23.71","Global Large-Cap Growth Equity ETF","Global Large-Cap Growth Equity ETF"
"Global X MSCI Argentina ETF","ARGT","831.66","82.65046623339926532918903645097485165301","-1.1236","1.7234","2.8147","2.5104","12.5737","25.7449","Geographic - Argentina","Frontier Markets"
"ARK 21Shares Bitcoin ETF","ARKB","2946.94","34.44244604316546762589928057553956834532","5.8135","28.1058","2.301","25.0923","19.7351","-27.2922","Cryptocurrency ETFs","Cryptocurrency ETFs"
"ARK Blockchain & Fintech Innovation ETF","ARKF","802.87","50.66137566137566137566137566137566137566","5.0044","17.4889","1.2758","19.2837","20.0353","-10.0132","Technology  - broad","Technology ETFs"
"ARK Genomic Revolution ETF","ARKG","2018.02","88.68670886075949367088607594936708860759",".106","19.1318","-5.3539","39.1509","62.3667","89.8632","Healthcare - Broad","Health Care ETFs"
"ARK Innovation ETF","ARKK","6279.27","81.42019993105825577387107893829713891761","4.4969","18.4933","-.2747","11.4893","20.5923","16.5129","Geographic - Global Total Market","Broad Developed World ETFs"
"ARK Autonomous Technology & Robotics ETF","ARKQ","1887.77","55.12601452370781717214865442118752669799","2.1374","3.5323","-1.0873","-11.5393","1.6303","27.7408","Geographic - Global Total Market","World ETFs"
"ARK Next Generation Internet ETF","ARKW","1787.53","67.83763837638376383763837638376383763838","4.9941","13.8709","1.205","9.4426","27.4613","2.9523","Technology  - Internet","Technology ETFs"
"ARK Space & Defense Innovation ETF","ARKX","754.84","56","1.5699","2.4058","-1.4321","-9.7377","2.0505","26.5154","Industrials  - Aerospace & Defense","Industrials ETFs"
"iShares Future AI & Tech ETF","ARTY","3889.98","83.21935823250920568122041031036296685955","1.7095","7.9234","-1.7959","-7.0065","54.6092","76.5024","Artificial Intelligence and Robotics ETF","Artificial Intelligence and Robotics ETF"
"Xtrackers Harvest CSI 300 China A-Shares ETF","ASHR","1548.24","45.16129032258064516129032258064516129032",".2354",".4422","-1.4178","-5.8059","3.0551","10.3902","Geographic - China","Asia-Pacific (Emerging) ETFs"
"Allspring Special Large Value ETF","ASLV","217.25","91.15384615384615384615384615384615384615",".773","-.4268","-.0064","5.703","6.3443","14.2128","Style Box - Large Cap Value","Style Box - Large Cap Value"
"Tradr 2X Long ASTS Daily ETF","ASTX","271.6","2.40546104670061761837685556398309676021","-1.0714","-11.1468",".0451","-76.58","-78.146","-54.5156","Derivative Based ETF","Single Stock ETF"
"Alger 35 ETF","ATFV","443.24","83.75380968506603454114459871317304436167","1.7579",".8279","-.7575","-1.9306","22.2031","23.8717","Style Box - Large Cap Growth","Style Box - Large Cap Growth"
"iPath Select MLP ETN","ATMP","648.68","94.85887096774193548387096774193548387097","-.6213","2.081","-.8302","6.545","8.2059","28.5016","Energy - MLP","MLP ETFs"
"Global X Adaptive U.S. Factor ETF","AUSF","923.35","98.14489847079468538480822261218350463775",".4421","1.4178",".4421","7.6254","6.0971","16.4035","Style Box - Large Cap Blend","Style Box - Large Cap Blend"
"Avantis International Equity ETF","AVDE","19050.69","98.68646487721302113078241005139920045688","1.2428","3.211",".2227","5.2428","8.9329","26.7115","Foreign Large Blend ETF","Foreign Large Blend ETF"
"Avantis International Small Cap Equity ETF","AVDS","351.42","99.4149908592321755027422303473491773309","1.4612","5.4128","-.1183","4.745","8.0907","27.0043","Foreign Small/Mid Blend ETF","Foreign Small/Mid Blend ETF"
"Avantis International Small Cap Value ETF","AVDV","20434.27","100","1.4639","7.9077",".4773","5.6444","9.4227","36.711","Foreign Small/Mid Value ETF","Foreign Small/Mid Value ETF"
"Avantis Emerging Markets Equity ETF","AVEM","28139.61","82.8408686365254538981844072623709505162",".5801","5.6855",".1575","-2.3515","15.4209","36.1097","Geographic - Broad Emerging Markets","Broad Emerging Market ETFs"
"Avantis Emerging Markets Value ETF","AVES","1549.53","87.76556776556776556776556776556776556777",".7636","6.7915","1.2639","-.4201","8.6868","23.6669","Geographic - Broad Emerging Markets","Broad Emerging Market ETFs"
"Avantis All Equity Markets ETF","AVGE","1223.79","98.21361414065438134637081609627679578789",".9393","2.2536",".4329","3.5039","12.7715","27.5313","Global Large-Cap Blend Equity ETF","Global Large-Cap Blend Equity ETF"
"Avantis All Equity Markets Value ETF","AVGV","466.44","100",".9579","2.468",".6685","4.5805","12.363","30.9397","Global Large-Cap Value Equity ETF","Global Large-Cap Value Equity ETF"
"Avantis Core Fixed Income ETF","AVIG","1996.54","4.61538461538461538461538461538461538462",".1479","-.1043","-.6114","-.6835","-1.8766","1.4426","Total Bond Market - Broad","Total Bond Market ETFs"
"Avantis International Large Cap Value ETF","AVIV","2076.02","99.72045174997204517499720451749972045175","1.3662","3.4551",".6966","6.7946","10.4135","31.3893","Foreign Large Value ETF","Foreign Large Value ETF"
"Direxion Daily AVGO Bull 2X ETF","AVL","216.46","17.11206896551724137931034482758620689655","-5.7143","-18.9573","-7.3855","-49.8004","9.5729","11.8535","Derivative Based ETF","Single Stock ETF"
"Avantis U.S. Large Cap Equity ETF","AVLC","1468.47","95.6663055254604550379198266522210184182","1.0317","1.9133",".2393","2.5366","14.9147","25.3303","Style Box - Large Cap Blend","Style Box - Large Cap Blend"
"Avantis U.S. Large Cap Value ETF","AVLV","21631.07","99.51749095295536791314837153196622436671",".8074","1.9336",".9575","4.4131","15.3322","34.225","Style Box - Large Cap Value","Style Box - Large Cap Value"
"Avantis U.S. Mid Cap Equity ETF","AVMC","493.46","85.69804169298799747315224257738471257107",".7727","-.0797","-.9925","1.8102","6.9216","17.5407","Style Box - Mid Cap Blend","Style Box - Mid Cap Blend"
"Avantis U.S. Mid Cap Value ETF","AVMV","781.15","88.78295008412787436904094223219293325855",".7251","-.4252","-.134","3.5636","7.7142","20.2299","Style Box - Mid Cap Value","Style Box - Mid Cap Value"
"Avantis All International Markets Equity ETF","AVNM","760.24","100","1.1004","4.5267",".4303","3.4223","10.5039","29.8538","Foreign Large Blend ETF","Foreign Large Blend ETF"
"Avantis Real Estate ETF","AVRE","857.04","69.88906497622820919175911251980982567353",".8282","-2.5051","-.9802","2.6368","2.2568","11.0518","Real Estate   - REITs","Real Estate ETFs"
"Avantis U.S. Small Cap Equity ETF","AVSC","3109.85","88.44317096466093600764087870105062082139",".234","-1.1805","-1.1536","6.577","14.2028","30.0218","Style Box - Small Cap Value","Style Box - Small Cap Value"
"Avantis Responsible International Equity ETF","AVSD","361.38","97.62565953901693973896139961121910580394","1.5086","2.2694",".1923","5.3903","9.5492","23.2422","Strategy - Socially Responsible","Broad Developed World ETFs"
"Avantis Responsible Emerging Markets Equity ETF","AVSE","222.65","80.17115960633290543431750106974753958066",".5294","5.42",".3137","-2.4308","15.7494","34.791","Strategy - Socially Responsible","Broad Emerging Market ETFs"
"Avantis Short-Term Fixed Income ETF","AVSF","656.47","5.7017543859649122807017543859649122807",".1298",".1194","-.2478",".3727",".0391","2.2819","Short-Term Bond ETF","Short-Term Bond ETF"
"Avantis Responsible U.S. Equity ETF","AVSU","488.04","93.10023792283024723285403951587876280128","1.0312","1.1075",".0045","2.7725","16.1705","25.9829","Strategy - Socially Responsible","Style Box - All Cap Value"
"Avantis Total Equity Markets ETF","AVTM","789.69","92.72495213784301212507977026164645820038","1.0756","2.2383","-.1038","2.8129","14.1882","0","Global Large-Cap Blend Equity ETF","Global Large-Cap Blend Equity ETF"
"Avantis U.S. Quality ETF","AVUQ","339.5","92.79751791386570141094777277092413385536","1.0711","1.0529","-.0505",".6956","13.5876","18.3106","Style Box - Large Cap Growth","Style Box - Large Cap Growth"
"Avantis U.S. Equity ETF","AVUS","14454.11","95.94442358242583552384528726999624483665",".9915","1.6085",".3667","3.2093","14.3988","25.3306","Style Box - All Cap Blend","Style Box - All Cap Blend"
"Avantis U.S. Small Cap Value ETF","AVUV","31417.04","92.90433783395575983912668773340993967251",".278","-.6061",".1984","5.6029","13.0434","28.9661","Style Box - Small Cap Value","Style Box - Small Cap Value"
"Avantis Emerging Markets ex-China Equity ETF","AVXC","455.18","82.88924664060189900450110063409665867201",".5244","6.2205",".6375","-2.1444","19.0837","47.7467","Geographic - Broad Emerging Markets","Broad Emerging Market ETFs"
"Brown Advisory Flexible Equity ETF","BAFE","1738.96","92.55570560432140445644834571235651586766",".9785","-.0067","-.3947","4.5504","13.8621","12.6914","Style Box - All Cap Blend","Style Box - All Cap Blend"
"iShares A.I. Innovation and Tech Active ETF","BAI","13592.17","53.42584562012142237640936686903729401561","1.3517","1.6834","-3.7832","-15.8963","29.8597","41.0216","Technology  - broad","Technology ETFs"
"iShares U.S. Large Cap Premium Income Active ETF","BALI","1380.29","91.84466019417475728155339805825242718447",".8118","2.4575",".4143","4.2687","13.7989","21.2087","Style Box - Large Cap Blend","Style Box - Large Cap Blend"
"Innovator Defined Wealth Shield ETF","BALT","2868.66","100",".2303",".8107",".115","1.9619","3.2622","6.8754","Derivative Based ETF","Defined Outcome"
"Innovator U.S. Equity Buffer ETF - April","BAPR","415.07","100",".3748","1.435",".3305","2.7724","12.8926","18.115","Derivative Based ETF","Defined Outcome"
"GraniteShares Gold Trust","BAR","1427.1","48.38892029395138496325607687959299039005","1.9685","10.3509","-2.9749",".663","-12.2908","25.2988","Precious Metals - Gold","Precious Metals ETFs"
"Brown Advisory Sustainable Growth ETF","BASG","514.96","91.48727984344422700587084148727984344423","1.5711","2.1863","-1.513","5.6119","21.0196","10.886","Style Box - All Cap Growth","Style Box - All Cap Growth"
"Brown Advisory Sustainable Value ETF","BASV","423.24","93.94387001477104874446085672082717872969",".9366",".7071",".1979","7.1762","13.8793","19.6407","Style Box - Large Cap Value","Style Box - Large Cap Value"
"Innovator U.S. Equity Buffer ETF - August","BAUG","267.96","99.81869981869981869981869981869981869982",".5719","1.5553",".2092","4.2475","10.7643","16.1837","Derivative Based ETF","Defined Outcome"
"JPMorgan BetaBuilders U.S. Aggregate Bond ETF","BBAG","1026.98","4.13943355119825708061002178649237472767",".1784",".3979","-.4598","-.5415","-1.6491","1.7136","Total Bond Market - Broad","Total Bond Market ETFs"
"JPMorgan BetaBuilders Developed Asia Pacific ex-Japan ETF","BBAX","6904.97","98.99413243922883487007544006705783738474",".9685","3.1083",".984","7.2811","7.5075","20.9376","Geographic - Asia Developed","Asia-Pacific (Developed) ETFs"
"JPMorgan BetaBuilders Canada ETF","BBCA","11267.41","98.89135254988913525498891352549889135255","2.017","4.6735",".4007","6.8538","10.0421","28.2381","Geographic - Canada","Canadian Equity ETFs"
"JPMorgan BetaBuilders Emerging Markets Equity ETF","BBEM","880.98","78.57837912979009313748204439089940225198",".4244","4.2825",".0116","-3.2161","15.6998","34.9162","Geographic - Broad Emerging Markets","Broad Emerging Market ETFs"
"JPMorgan BetaBuilders Europe ETF","BBEU","9377.53","90.2861445783132530120481927710843373494",".7938",".7049","-.5346","5.4608","8.6111","21.4249","Geographic - Broad Europe","European Equity ETFs"
"VanEck Biotech ETF","BBH","482.3","99.65298696291298166132491505410029640697",".3868","19.3118",".719","31.1979","26.7244","47.063","Healthcare - Biotech","Health Care ETFs"
"BBH Select Large Cap ETF","BBHL","525.28","86.48561267377950210151956029744584545748","1.1981","-.768","-.7793","1.9129","10.0064","0","Style Box - Large Cap Growth","Style Box - Large Cap Growth"
"BBH Select Mid Cap ETF","BBHM","409.85","63.33333333333333333333333333333333333333","1.1102","-1.4155","-1.9056","3.2258","1.5002","0","Style Box - Mid Cap Growth","Style Box - Mid Cap Growth"
"JPMorgan BetaBuilders USD High Yield Corporate Bond ETF","BBHY","618.73","13.25648414985590778097982708933717579251",".1099","1.0804","-.2339","1.0276","2.2062","4.7173","Corporates - Junk/High Yield","High-Yield/Junk Bond ETFs"
"JPMorgan BetaBuilders International Equity ETF","BBIN","6740.03","97.51926040061633281972265023112480739599","1.1662","2.2211",".3057","5.186","9.137","22.7813","Foreign Large Blend ETF","Foreign Large Blend ETF"
"JPMorgan BetaBuilders Japan ETF","BBJP","19224.77","97.68076398362892223738062755798090040928","2.0253","5.4815","2.2627","4.011","11.6775","22.7153","Geographic - Japan","Asia-Pacific (Developed) ETFs"
"EA Bridgeway Blue Chip ETF","BBLU","465.73","100",".9201","3.3569","1.0072","4.3401","15.5365","22.24","Style Box - Large Cap Blend","Style Box - Large Cap Blend"
"JPMorgan BetaBuilders U.S. Mid Cap Equity ETF","BBMC","2116.58","89.43331349599947100443033789592012166898",".8108",".9689","-1.0548","2.4364","12.0555","24.6954","Style Box - Mid Cap Blend","Style Box - Mid Cap Blend"
"JPMorgan BetaBuilders MSCI US REIT ETF","BBRE","1250.14","67.16945107398568019093078758949880668258",".4181","-3.3925","-1.4372","3.6836","5.2308","15.8968","Real Estate   - REITs","Real Estate ETFs"
"JPMorgan BetaBuilders U.S. Small Cap Equity ETF","BBSC","738.58","85.8997912317327766179540709812108559499",".5116","-.974","-1.8371","5.0517","15.3004","26.2873","Style Box - Small Cap Value","Style Box - Small Cap Value"
"JPMorgan BetaBuilders U.S. Equity ETF","BBUS","9164.53","96.57379518072289156626506024096385542169","1.0651","2.1456",".2371","2.7803","14.3471","20.8227","Style Box - All Cap Blend","Style Box - All Cap Blend"
"abrdn Bloomberg All Commodity Longer Dated Strategy K-1 Free ETF ","BCD","443.23","98.86363636363636363636363636363636363636","-.2315","8.0802","1.2926","4.0225","12.6961","14.964","Basket - Broad","Broad Commodity ETFs"
"Principal Focused Blue Chip ETF","BCHP","238.12","91.32479749150770838777110007839038411288","1.1006","-.6182","-.5388","3.3485","11.6643","3.0174","Style Box - Large Cap Growth","Style Box - Large Cap Growth"
"abrdn Bloomberg All Commodity Strategy K-1 Free ETF","BCI","3416.49","99.3902439024390243902439024390243902439","-.1533","9.9156","2.3978","5.2951","17.0787","23.1678","Basket - Broad","Broad Commodity ETFs"
"BNY Mellon Core Plus ETF","BCPL","307.12","24.64454976303317535545023696682464454976","1.0682","1.627",".0916",".3083","-.1901","0","Total Bond Market - Broad","Total Bond Market ETFs"
"Baron Technology ETF","BCTK","230.72","72.3634238971662284545720128542214431785","1.4997","2.7701","-2.6055","-7.409","21.1402","0","Technology  - broad","Technology ETFs"
"Bluemonte Core Bond ETF","BDBT","482.94","5.08474576271186440677966101694915254237",".1297",".0444","-.2534","-.6306","-1.7851","1.2652","Total Bond Market - Broad","Total Bond Market ETFs"
"Innovator U.S. Equity Buffer ETF - December","BDEC","215.3","100",".5798","1.7087",".2487","2.9212","10.7696","17.806","Derivative Based ETF","Defined Outcome"
"iShares Disciplined Volatility Equity Active ETF","BDVL","1767.86","96.56357388316151202749140893470790378007",".7159","1.9038",".1902","4.3107","6.021","0","Geographic - Global Total Market","World ETFs"
"iShares Dynamic Equity Active ETF","BDYN","3088.42","92.05103042198233562315996074582924435721","1.1441","1.5762",".3191","2.1705","11.3122","0","Geographic - Global Total Market","World ETFs"
"BNY Mellon Enhanced Dividend and Income ETF","BEDY","242.95","94.31153641679957469431153641679957469431",".7308","2.9384",".3244","7.8837","12.0427","0","Style Box - Large Cap Value","Style Box - Large Cap Value"
"The BeeHive ETF","BEEX","202.47","95.43693499784761084804132587171760654326","1.2204",".5127","-.564","3.634","11.5519","13.2418","Style Box - All Cap Blend","Style Box - All Cap Blend"
"Horizon Landmark ETF","BENJ","346.94","100",".0282",".3209",".0565",".9498","1.8357","3.7988","US Treasury - Ultra Short","Money Market/Ultra-Short Term ETFs"
"Innovator U.S. Equity Buffer ETF - February","BFEB","262.62","100",".5328","1.5774",".2647","2.8095","10.1511","17.4794","Derivative Based ETF","Defined Outcome"
"iShares Flexible Equity Active ETF","BFLX","2086.33","75.82938388625592417061611374407582938389","1.0708","1.2908",".0346","1.5277","0","0","Global Large-Cap Blend Equity ETF","Global Large-Cap Blend Equity ETF"
"BARRONS-400 ETF","BFOR","234.75","89.12267518316738681194814953973323313921",".678",".3002","-1.049","6.3251","11.2627","20.7789","Style Box - All Cap Value","Style Box - All Cap Value"
"Bahl & Gaynor Dividend ETF","BGDV","801.12","84.36272759728668332738307747233131024634",".7137","-.6523","-.6142","2.0866","8.1899","20.6908","Style Box - Large Cap Value","Style Box - Large Cap Value"
"Baillie Gifford Long Term Global Growth ETF","BGGG","384.4","71.734089152280340118526153053336768874",".8596",".8881","-1.7732","0","0","0","Global Large-Cap Growth Equity ETF","Global Large-Cap Growth Equity ETF"
"Bahl & Gaynor Income Growth ETF","BGIG","2217.59","85.48123980424143556280587275693311582382",".4381",".2237","-.2661","4.44","7.5349","19.1978","Style Box - Large Cap Value","Style Box - Large Cap Value"
"iShares USD Green Bond ETF","BGRN","505.68","4.07098121085594989561586638830897703549",".1202",".4994","-.3507","-.2484","-.6394","2.0186","Strategy - Socially Responsible","Total Bond Market ETFs"
"Xtrackers USD High Yield BB-B ex Financials ETF","BHYB","3101.09","26.3729631864815932407966203983101991551",".0465","1.0656","-.2537","1.0299","1.8928","4.4243","Corporates - Junk/High Yield","High-Yield/Junk Bond ETFs"
"Inspire 100 ETF","BIBL","491.22","80.78231292517006802721088435374149659864",".8703",".2276","-2.2808","-.8809","12.5884","30.0182","Strategy - Socially Responsible","Style Box - Large Cap Growth"
"iShares International Dividend Active ETF","BIDD","416.52","72.83236994219653179190751445086705202312",".6489","3.125",".2132","2.1955","10.3947","23.4224","Foreign Large Value ETF","Foreign Large Value ETF"
"State Street SPDR Bloomberg 1-3 Month T-Bill ETF","BIL","46189.4","30.61224489795918367346938775510204081633",".0219",".6046",".0761",".9084","1.7977","3.6517","US Treasury - Ultra Short","Government Bond ETFs"
"State Street SPDR Bloomberg 3-12 Month T-Bill ETF","BILS","3871.03","18.18181818181818181818181818181818181818",".0303",".6357",".0647",".9312","1.7788","3.6559","US Treasury - Ultra Short","Government Bond ETFs"
"PIMCO Ultra Short Government Active Exchange-Traded Fund","BILZ","944.1","5.45454545454545454545454545454545454545",".0199",".6159",".0694",".9218","1.8072","3.667","US Treasury - Ultra Short","Money Market/Ultra-Short Term ETFs"
"iShares Flexible Income Active ETF","BINC","16566.86","4.63917525773195876288659793814432989691",".1551",".4981","-.3689",".4349",".38","3.4506","Total Bond Market - Broad","Total Bond Market ETFs"
"Bluemonte Global Equity ETF","BINT","430.78","99.71786833855799373040752351097178683386",".9478","3.462",".0662","1.8871","12.8904","27.0919","Global Large-Cap Value Equity ETF","Global Large-Cap Value Equity ETF"
"Brandes International ETF","BINV","538.83","95.81484590478474637246672262861254347044",".9184","1.0638",".5158","9.0526","9.1969","25.6086","Foreign Large Value ETF","Foreign Large Value ETF"
"Bitwise Bitcoin ETF","BITB","2859.31","34.35869266684976654765174402636638286185","5.7688","28.0519","2.2586","25.0211","19.7248","-27.3219","Cryptocurrency ETFs","Cryptocurrency ETFs"
"ProShares Bitcoin ETF","BITO","1681.99","23.72748629600626468285043069694596711042","5.8654","27.8628","2.2339","24.1004","17.8801","-26.5595","Cryptocurrency ETFs","Cryptocurrency ETFs"
"Bitwise Crypto Industry Innovators ETF","BITQ","423.78","73.33820306793279766252739225712198685172","9.7991","13.7155","2.0579","-3.8765","35.8701","32.0513","Digital Economy ETF","Digital Economy ETF"
"ProShares Ultra Bitcoin ETF","BITU","489.67","12.16826141902870554251669976530059577541","11.6454","59.8088","3.9469","44.32","23.5477","-58.1818","Basket - Broad","Leveraged Currency ETFs"
"Bitwise 10 Crypto Index ETF","BITW","750.13","32.22183438391885510132846025912161468493","5.9737","29.9025","1.6854","27.0219","19.7415","-29.5331","Digital Economy ETF","Digital Economy ETF"
"2x Bitcoin ETF","BITX","1155.87","15.88952654232424677187948350071736011478","11.6414","60.0726","4.0412","46.0828","25.4993","-60.1211","Basket - Broad","Leveraged Currency ETFs"
"Vanguard Intermediate-Term Bond Index Fund ETF Shares","BIV","28555.79","3.0952380952380952380952380952380952381",".1068",".1481","-.6137","-.6986","-2.1667",".8475","Total Bond Market - Broad","Total Bond Market ETFs"
"VanEck BDC Income ETF","BIZD","1700.18","31.55216284987277353689567430025445292621",".075","4.7881","-.2987","9.413","8.5718","-6.807","Financials - BDCs/PE","Financials ETFs"
"Innovator U.S. Equity Buffer ETF - January","BJAN","348.32","100",".5173","1.597",".2911","2.878","10.3294","16.9506","Derivative Based ETF","Defined Outcome"
"Innovator U.S. Equity Buffer ETF - July","BJUL","355.85","100",".8035","1.6199",".3685","3.4751","9.5694","14.9215","Derivative Based ETF","Defined Outcome"
"Innovator U.S. Equity Buffer ETF - June","BJUN","259.19","97.19213798636181307661452065784195748095",".6935","1.3904",".1584","2.3146","6.1524","11.1062","Derivative Based ETF","Defined Outcome"
"BNY Mellon Core Bond ETF","BKAG","2251.59","5.33980582524271844660194174757281553398",".1705",".4527","-.4329","-.5201","-1.5828","1.7166","Total Bond Market - Broad","Total Bond Market ETFs"
"Global X Blockchain ETF","BKCH","269.17","33.11075627812454637828422122223835099434","10.5138","9.6694","1.6204","-15.6246","23.5596","20.8252","Digital Economy ETF","Digital Economy ETF"
"BNY Mellon Dynamic Value ETF","BKDV","1974.86","97.87234042553191489361702127659574468085",".8377","1.6303",".2009","5.852","14.4966","27.3623","Style Box - Large Cap Value","Style Box - Large Cap Value"
"BNY Mellon Active Core Bond ETF","BKFI","247.08","5.32786885245901639344262295081967213115",".2784",".6578","-.4502","-.4314","-1.5841","0","Total Bond Market - Broad","Total Bond Market ETFs"
"BNY Mellon Global Infrastructure Income ETF","BKGI","1580.93","73.35680751173708920187793427230046948357",".1812","-2.0806","-.4052","-.5274","-.0173","20.8491","Utilities  - Infrastructure","Utilities/Infrastructure ETFs"
"BNY Mellon International Equity ETF","BKIE","1355.46","98.16574954143738535934633983658495914624","1.3047","2.7073",".46","6.1466","10.1896","24.0751","Foreign Large Blend ETF","Foreign Large Blend ETF"
"BNY Mellon US Large Cap Core Equity ETF","BKLC","5756.2","96.56910046102712554948000428862442371609","1.1257","2.1923",".1825","2.7687","14.5944","21.2353","Style Box - Large Cap Blend","Style Box - Large Cap Blend"
"Invesco Senior Loan ETF","BKLN","6739.57","44.70588235294117647058823529411764705882",".1459","1.3387",".2923","1.9685","4.8658","4.737","Corporates - Bank Loan","High-Yield/Junk Bond ETFs"
"BNY Mellon US Mid Cap Core Equity ETF","BKMC","652.74","84.07626900283432105127544447307395001288",".8622",".391","-1.1021","1.8118","6.2304","16.2515","Style Box - Mid Cap Blend","Style Box - Mid Cap Blend"
"BNY Mellon Ultra Short Income ETF","BKUI","589.76","3.55329949238578680203045685279187817259",".0202",".6411",".0076",".831","1.5921","3.723","Ultra short Bond ETF","Ultra short Bond ETF"
"iShares Large Cap Core Active ETF","BLCR","6724.71","90.31234341072323367295807583096709537331",".8733",".1411",".1613","-1.8007","16.8919","30.6571","Style Box - Large Cap Value","Style Box - Large Cap Value"
"iShares Large Cap Value Active ETF","BLCV","349.96","97.09473208229708342753787022382997965182","1.0491","-.2549","1.1409","8.9475","14.9754","23.7346","Style Box - Large Cap Value","Style Box - Large Cap Value"
"Bluemonte Large Cap Growth ETF","BLGR","287.73","95.56786703601108033240997229916897506925","1.366","2.127","-.0612","1.1192","16.7316","19.6262","Style Box - Large Cap Growth","Style Box - Large Cap Growth"
"Amplify Blockchain Technology ETF","BLOK","1085.65","67.12789827973074046372475691847419596111","6.1779","6.5764",".6162","-1.2101","23.9985","10.9532","Technology  - broad","Technology ETFs"
"Nicholas Crypto Income ETF","BLOX","288.94","13.28990228013029315960912052117263843648","7.1429","5.474",".2648","-10.9537","17.6144","-5.091","Digital Economy ETF","Digital Economy ETF"
"Bluemonte Large Cap Core ETF","BLUC","352.93","96.30503144654088050314465408805031446541","1.1482","2.1118",".2275","1.9655","14.6974","19.4636","Style Box - Large Cap Blend","Style Box - Large Cap Blend"
"Bluemonte Dynamic Total Market ETF","BLUX","589.83","92.00598802395209580838323353293413173653",".7884",".8663","-.4884","3.3865","13.8376","21.841","Multi-Asset - Total Portfolio","Total Portfolio ETFs"
"Vanguard Long-Term Bond Index Fund ETF Shares","BLV","5679.59","4.48807854137447405329593267882187938289",".1523",".5033","-.8843","-2.5695","-4.6342",".1833","Long-Term Bond ETF","Long-Term Bond ETF"
"Innovator U.S. Equity Buffer ETF - March","BMAR","206.27","100",".565","1.5628",".3777","2.8583","9.8999","17.3644","Derivative Based ETF","Defined Outcome"
"Innovator U.S. Equity Buffer ETF - May","BMAY","237.26","99.56521739130434782608695652173913043478",".475","1.388",".1255","2.475","7.7281","12.6027","Derivative Based ETF","Defined Outcome"
"BMO Covered Call Canadian Banks ETF","BMDLF","3489.48","100","0",".5305",".5305","31.7416","28.1276","55.03","Derivative Based ETF","Derivative Based ETF"
"T-REX 2X Long BMNR Daily Target ETF","BMNU","318.53","3.93226325905147784530673731234741052413","28.5041","111.6392","1.7724","88.9177","14.5407","0","Digital Economy ETF","Digital Economy ETF"
"Vanguard Total Bond Market Index Fund ETF Shares","BND","160053.25","4.1420118343195266272189349112426035503",".1392",".3942","-.4923","-.5216","-1.5318","1.6531","Total Bond Market - Broad","Total Bond Market ETFs"
"Vanguard Total World Bond ETF Shares","BNDW","1872.31","4.74074074074074074074074074074074074074",".239",".0024","-.3612","-.5434","-1.5115","1.3071","Total Bond Market - Broad","Total Bond Market ETFs"
"Vanguard Total International Bond Index Fund ETF Shares","BNDX","81891.92","5.63909774436090225563909774436090225564",".3175","-.4199","-.3761","-.5823","-1.5181",".9105","Total Bond Market - Broad","Total Bond Market ETFs"
"Horizon Core Bond ETF","BNDY","420.43","3.8795599305153445280833815865662999421",".273",".2132","-.4651","-.4156","-.8732","4.028","Derivative Based ETF","Total Bond Market ETFs"
"United States Brent Oil ETF","BNO","705.11","87.15457030063771636805344670513209839053",".287","16.8723","8.1029","3.6337","44.7811","84.0026","Energy -  Brent Oil","Energy ETFs"
"Innovator U.S. Equity Buffer ETF - November","BNOV","200.79","100",".7861","1.8131",".313","3.0997","11.2416","15.8988","Derivative Based ETF","Defined Outcome"
"Innovator U.S. Equity Buffer ETF - October","BOCT","290.3","100",".4788","1.8728",".3609","3.4114","10.9745","16.5071","Derivative Based ETF","Defined Outcome"
"ProShares Ultra Bloomberg Natural Gas","BOIL","435.25","2.10035005834305717619603267211201866978","-5.1838","-2.755","-1.6137","-30.5249","-45.8849","-67.6006","Derivative Based ETF","Leveraged Commodity ETFs"
"PIMCO Active Bond Exchange-Traded Fund","BOND","8542.25","5.97938144329896907216494845360824742268",".178",".5979","-.5169","-.3821","-1.3876","2.7754","Total Bond Market - Broad","Total Bond Market ETFs"
"Global X Robotics & Artificial Intelligence ETF","BOTZ","3354.31","39.62655601659751037344398340248962655602","1.7619","-.334","-.9131","-11.0306","-2.9052","8.4894","Artificial Intelligence and Robotics ETF","Artificial Intelligence and Robotics ETF"
"Alpha Architect 1-3 Month Box ETF","BOXX","14602.84","99.34210526315789473684210526315789473684",".0169",".3229",".0678",".9921","1.9073","4.0169","Derivative Based ETF","Derivative Based ETF"
"Burney U.S. Equity Select ETF","BRES","676.23","83.01052631578947368421052631578947368421","1.1129","-.0442","-1.2828","1.9516","8.3664","0","Style Box - All Cap Blend","Style Box - All Cap Blend"
"MFS Blended Research International Equity ETF","BRIE","490.43","99.98481627695110841178256908593987245673","1.0148","3.0736",".5935","4.4311","12.3148","0","Foreign Large Blend ETF","Foreign Large Blend ETF"
"Burney U.S. Factor Rotation ETF","BRNY","609.76","91.2164672661068588838522701939511035149","1.2117","1.3807","-1.0169","2.951","18.873","27.4086","Style Box - All Cap Blend","Style Box - All Cap Blend"
"Coinshares Bitcoin ETF","BRRR","455.51","34.42440907408386653270583258421024800381","5.7798","28.1823","2.3524","25.1221","19.8171","-27.3701","Cryptocurrency ETFs","Cryptocurrency ETFs"
"EA Bridgeway Select Small-Cap Value ETF","BRSV","299.19","33.19112627986348122866894197952218430034",".4701","0","-.3761","0","0","0","Style Box - Small Cap Value","Style Box - Small Cap Value"
"iShares Total Return Active ETF","BRTR","771.31","3.63349131121642969984202211690363349131",".1873",".4669","-.5338","-.5314","-1.6169","1.9388","Total Bond Market - Broad","Total Bond Market ETFs"
"Invesco BulletShares 2026 Corporate Bond ETF","BSCQ","3448.02","25","0",".2657",".0512",".8998","1.9283","3.918","Corporates - Investment Grade","Investment Grade Corporate Bond ETFs"
"Invesco BulletShares 2027 Corporate Bond ETF","BSCR","4575.81","18.60465116279069767441860465116279069767",".051",".3539","0",".9054","1.6158","3.7903","Corporates - Investment Grade","Investment Grade Corporate Bond ETFs"
"Invesco BulletShares 2028 Corporate Bond ETF","BSCS","3531.76","12.04819277108433734939759036144578313253",".1233",".2286","-.1475",".7227",".8469","3.1397","Corporates - Investment Grade","Investment Grade Corporate Bond ETFs"
"Invesco BulletShares 2029 Corporate Bond ETF","BSCT","2963.19","7.92079207920792079207920792079207920792",".1626",".217","-.216",".4864",".1314","2.6415","Corporates - Investment Grade","Investment Grade Corporate Bond ETFs"
"Invesco BulletShares 2030 Corporate Bond ETF","BSCU","2710.96","5.04201680672268907563025210084033613445",".1216","-.0284","-.3631","-.0095","-.6005","1.9304","Corporates - Investment Grade","Investment Grade Corporate Bond ETFs"
"Invesco BulletShares 2031 Corporate Bond ETF","BSCV","1795.83","4.31654676258992805755395683453237410072",".1859","-.1095","-.4312","-.2358","-1.0594","1.6332","Corporates - Investment Grade","Investment Grade Corporate Bond ETFs"
"Invesco BulletShares 2032 Corporate Bond ETF","BSCW","1550.87","4.02010050251256281407035175879396984925",".0994","-.3236","-.6905","-.5851","-1.6211","1.6876","Corporates - Investment Grade","Investment Grade Corporate Bond ETFs"
"Invesco BulletShares 2033 Corporate Bond ETF","BSCX","1029.87","3.31491712707182320441988950276243093923",".1067","-.1631","-.6737","-.8146","-1.8656","1.6843","Corporates - Investment Grade","Investment Grade Corporate Bond ETFs"
"Invesco BulletShares 2034 Corporate Bond ETF","BSCY","596.17","2.88104089219330855018587360594795539033",".0991","-.236","-.6885","-.9745","-1.9497","1.7645","Corporates - Investment Grade","Investment Grade Corporate Bond ETFs"
"Invesco BulletShares 2035 Corporate Bond ETF","BSCZ","322.46","3.41296928327645051194539249146757679181",".1005","-.3291","-.7472","-1.3101","-2.3247","1.3584","Corporates - Investment Grade","Investment Grade Corporate Bond ETFs"
"Innovator U.S. Equity Buffer ETF - September","BSEP","217.43","100",".7516","1.6548",".7143","3.5423","10.2098","15.5124","Derivative Based ETF","Defined Outcome"
"Invesco BulletShares 2026 High Yield Corporate Bond ETF","BSJQ","808.55","9.23076923076923076923076923076923076923",".0437",".4079",".0655",".854","1.3445","3.257","Corporates - Junk/High Yield","High-Yield/Junk Bond ETFs"
"Invesco BulletShares 2027 High Yield Corporate Bond ETF","BSJR","905.4","24.8062015503875968992248062015503875969",".0179",".4136","-.0268","1.2934","1.9495","3.7258","Corporates - Junk/High Yield","High-Yield/Junk Bond ETFs"
"Invesco BulletShares 2028 High Yield Corporate Bond ETF","BSJS","763.44","38.84892086330935251798561151079136690647",".1149",".5914","-.023","1.2907","2.3598","4.64","Corporates - Junk/High Yield","High-Yield/Junk Bond ETFs"
"Invesco BulletShares 2029 High Yield Corporate Bond ETF","BSJT","595.49","37.05752212389380530973451327433628318584",".0663",".5519","-.0426","1.298","2.8425","4.5269","Corporates - Junk/High Yield","High-Yield/Junk Bond ETFs"
"Invesco BulletShares 2030 High Yield Corporate Bond ETF","BSJU","320.32","37.93103448275862068965517241379310344828",".1522",".3905","-.2759","1.2638","2.392","4.833","Corporates - Junk/High Yield","High-Yield/Junk Bond ETFs"
"Bitwise Solana Staking ETF","BSOL","804.9","43.84787472035794183445190156599552572707","6.0117","43.0267","-3.7924","48.9186","27.7385","0","Digital Economy ETF","Digital Economy ETF"
"Vanguard Short-Term Bond Index Fund ETF Shares","BSV","45376.18","5.09259259259259259259259259259259259259",".0778",".471","-.221",".3548","-.0265","2.0599","Short-Term Bond ETF","Short-Term Bond ETF"
"EA Bridgeway Omni Small-Cap Value ETF","BSVO","2458.83","93.56499356499356499356499356499356499356",".027","-.4908",".305","7.5777","14.7065","30.6843","Style Box - Small Cap Value","Style Box - Small Cap Value"
"AGF U.S. Market Neutral Anti-Beta Fund","BTAL","303.44","26.51515151515151515151515151515151515152","-.3236","2.1559","2.4106","6.5744","-13.5439","-24.6944","Hedge Fund - Long/Short","Hedge Fund ETFs"
"Grayscale Bitcoin Mini Trust","BTC","4098.19","34.46995273463875759621877110060769750169","5.731","28.0907","2.3203","25.0778","19.7748","-27.2727","Cryptocurrency ETFs","Cryptocurrency ETFs"
"NEOS Bitcoin High Income ETF","BTCI","1275.6","18.02878088514797719250610915014933478143","4.917","20.3417","2.0719","16.5752","13.6818","-25.4297","Derivative Based ETF","Cryptocurrency ETFs"
"Invesco Galaxy Bitcoin ETF","BTCO","413.01","34.43212466287084207371890919988013185496","5.812","28.1373","2.3519","25.1422","19.7645","-27.3328","Cryptocurrency ETFs","Cryptocurrency ETFs"
"Simplify Treasury Option Income ETF","BUCK","506.84","2.81690140845070422535211267605633802817","-.0429",".2566","-.0471",".9378","1.9259","5.0926","Derivative Based ETF","Government Bond ETFs"
"Innovator Laddered Allocation Buffer ETF","BUFB","335.51","100",".6122","1.6112",".4373","3.1012","10.1226","15.9667","Derivative Based ETF","Defined Outcome"
"AB Conservative Buffer ETF","BUFC","1059.75","100",".2612",".8324",".1478","2.0424","5.724","8.1766","Derivative Based ETF","Defined Outcome"
"FT Vest Laddered Deep Buffer ETF","BUFD","2048.12","100",".3628","1.2309",".3132","2.5442","7.3747","11.8339","Derivative Based ETF","Defined Outcome"
"Innovator Laddered Allocation Power Buffer ETF","BUFF","993.82","100",".4468","1.3524",".2974","2.6636","7.5972","12.0665","Derivative Based ETF","Defined Outcome"
"FT Vest Buffered Allocation Growth ETF","BUFG","331.83","100",".5988","1.567",".347","2.7117","9.2408","14.0463","Derivative Based ETF","Defined Outcome"
"AB Moderate Buffer ETF","BUFM","468.43","98.53995221661799840722059994690735333156",".6084","1.1376",".1939","2.0287","5.4861","10.0932","Derivative Based ETF","Defined Outcome"
"PGIM Laddered S&P 500 Buffer 12 ETF","BUFP","251.37","100",".5805","1.5109",".2741","2.875","8.7905","14.1157","Derivative Based ETF","Defined Outcome"
"FT Vest Laddered Nasdaq Buffer ETF","BUFQ","1607.76","99.81785063752276867030965391621129326047",".5051","2.4717",".0251","1.3884","11.3598","16.6813","Derivative Based ETF","Defined Outcome"
"FT Vest Laddered Buffer ETF","BUFR","10507.52","100",".535","1.5127",".2936","3.0719","9.2124","14.6781","Derivative Based ETF","Defined Outcome"
"FT Vest Laddered Moderate Buffer ETF","BUFZ","1058.03","100",".2282","1.2593",".2282","2.4955","7.1911","11.8534","Derivative Based ETF","Defined Outcome"
"Global X Cybersecurity ETF","BUG","1607.8","86.81474480151228733459357277882797731569","2.7367","5.9227","-5.5958","13.3261","61.8881","23.7218","Technology  - broad","Technology ETFs"
"MicroSectors FANG & Innovation 3X Leveraged ETN","BULZ","3119.5","59.10575232353679979904546596332579753831","5.7493","19.232","3.8812","-25.5658","89.6872","100.8176","Active Non-Transparent ETFs","Leveraged Equity ETFs"
"Brandes U.S. Value ETF","BUSA","327.63","100",".8741","3.9562",".9647","10.063","11.0916","25.2996","Style Box - Large Cap Value","Style Box - Large Cap Value"
"Strive Enhanced Income Short Maturity ETF","BUXX","467.54","14.28571428571428571428571428571428571429",".1487",".3857",".51","1.0135","1.82","3.7335","Ultra short Bond ETF","Ultra short Bond ETF"
"Main BuyWrite ETF","BUYW","1349.47","94.87179487179487179487179487179487179487",".3434","1.053",".4814","2.687","5.5607","9.0973","Derivative Based ETF","Derivative Based ETF"
"Bluemonte Large Cap Value ETF","BVAL","291.69","97.63113367174280879864636209813874788494",".8416","1.9508",".3723","4.8211","11.8142","23.2191","Style Box - Large Cap Value","Style Box - Large Cap Value"
"State Street SPDR Bloomberg International Treasury Bond ETF","BWX","1309.72","30.36649214659685863874345549738219895288","1.0129","1.1928",".3387",".8397","-1.2543","-1.5599","International - Broad Treasury","Developed Market Bond ETFs"
"State Street SPDR Bloomberg Short Term International Treasury Bond ETF","BWZ","290.52","52.94117647058823529411764705882352941176","1.1344","1.7301",".7129","2.2135","1.6907","1.3573","International - Broad Treasury","Developed Market Bond ETFs"
"iShares Yield Optimized Bond ETF","BYLD","445.82","4.44444444444444444444444444444444444444",".5894",".2329","-.3985","-.1725",".3772","3.8384","Total Bond Market - Broad","Total Bond Market ETFs"
"Congress Intermediate Bond ETF","CAFX","318.32","3.07692307692307692307692307692307692308",".1232",".0329","-.3541","-.1998","-.8218","1.3758","Total Bond Market - Broad","Total Bond Market ETFs"
"Calamos Autocallable Income ETF","CAIE","1285.23","75.34456355283307810107197549770290964778","1.0666","2.6406",".2872","1.7811","11.2587","17","Derivative Based ETF","Short-Term Bond ETF"
"Calamos Nasdaq Autocallable Income ETF","CAIQ","330","55.21153391633183644528480264712833845427","1.1274","3.2171","-.3623","-2.6355","11.5239","0","Derivative Based ETF","Total Bond Market ETFs"
"Pacer US Small Cap Cash Cows ETF","CALF","3961.5","99.57081545064377682403433476394849785408",".4353","5.396",".592","15.6868","27.2588","35.4787","Style Box - Small Cap Value","Style Box - Small Cap Value"
"Congress Large Cap Growth ETF","CAML","379.18","80.61250316375601113642115920020248038471","1.4562","1.2275","-1.607",".0495","9.6608","7.3592","Style Box - Large Cap Growth","Style Box - Large Cap Growth"
"Tema Oncology ETF","CANC","215.52","95.27052591751797200151343170639424895952",".4461","10.0442","-.9467","21.8876","20.8253","63.032","Healthcare - Biotech","Health Care ETFs"
"Alpha Architect Tail Risk ETF","CAOS","672.76","71.19645494830132939438700147710487444609","-.0221",".0332",".0442","-.0331","-.1765","1.3214","Target Outcome","Total Portfolio ETFs"
"DoubleLine Shiller CAPE U.S. Equities ETF","CAPE","241.77","80.35264483627204030226700251889168765743",".3075","-.1152","-.4322","4.57",".8633","3.322","Style Box - All Cap Blend","Style Box - All Cap Blend"
"CastleArk Large Growth ETF","CARK","336.25","91.06974995299868396315096822711035909005","1.7444","1.5319","-.6278",".7812","14.9032","14.3298","Style Box - Large Cap Growth","Style Box - Large Cap Growth"
"Angel Oak Income ETF","CARY","1464.79","4.76190476190476190476190476190476190476",".1215",".3304","-.2501",".6681",".6256","4.3873","Total Bond Market - Broad","Total Bond Market ETFs"
"Global X S&P 500 Catholic Values ETF","CATH","1365.43","96.82350841710784605317946582594729641306","1.081","2.1234",".3625","2.8341","13.0754","18.502","Strategy - Socially Responsible","Style Box - Large Cap Blend"
"Calamos Tax-Aware Collateral ETF","CBOX","1513.39","44.01154401154401154401154401154401154401",".0295",".429",".1182","1.0543","0","0","Derivative Based ETF","Derivative Based ETF"
"ALPS CoreCommodity Natural Resources ETF","CCNR","474.11","99.51872462024364566100165438411791246804",".6194","10.731",".3278","1.334","7.4436","50.7138","Materials  - Broad","Materials ETFs"
"VictoryShares US EQ Income Enhanced Volatility Wtd ETF","CDC","742.07","95.86588788591367670484715163468102859744",".5332","1.4029",".6012","8.0483","7.3222","21.0195","Style Box - Large Cap Value","Style Box - Large Cap Value"
"VictoryShares US Large Cap High Div Volatility Wtd ETF","CDL","409.23","95.9380903938381049266095044324952768493",".5359","1.4143",".5948","8.0503","7.2957","21.0297","Style Box - Large Cap Value","Style Box - Large Cap Value"
"Simplify High Yield ETF","CDX","355.18","3.87596899224806201550387596899224806202",".2394",".1989","-.6776","-.5706","-2.2915","-2.5866","Corporates - Junk/High Yield","High-Yield/Junk Bond ETFs"
"Saba Opportunistically Hedged Closed-End Funds ETF","CEFS","438.52","85.08064516129032258064516129032258064516","-.0396","1.8236","-.0197",".9432","12.4246","20.8527","Strategy - CEFs/OET","Convertibles/CEFs/OET/Preferred Stock ETFs"
"iShares J.P. Morgan EM Corporate Bond ETF","CEMB","432.29","9.15032679738562091503267973856209150327",".111",".8035","-.1467",".2106",".6154","3.6414","International - Emerging Market","Emerging Market Bond ETFs"
"SPDR Bloomberg Enhanced Roll Yield Commodity Strategy No K-1 ETF","CERY","1121.49","100",".1023","10.3497","2.4614","5.5286","19.3716","43.6625","Basket - Broad","Broad Commodity ETFs"
"VictoryShares US 500 Volatility Wtd ETF","CFA","541.51","87.30644236283693366469126362072261517874",".7489",".4837","-.6598","4.8117","6.2121","14.0123","Style Box - Large Cap Blend","Style Box - Large Cap Blend"
"VictoryShares US 500 Enhanced Volatility Wtd ETF","CFO","414.48","87.48623564574484819883592889727859053012",".7764",".5002","-.6659","4.8285","6.2214","13.9918","Style Box - Large Cap Blend","Style Box - Large Cap Blend"
"Capital Group Core Balanced ETF","CGBL","7654.75","91.23173277661795407098121085594989561587",".4741","1.4088","-.4176","1.3046","6.5445","13.9282","Moderate Allocation ","Total Portfolio ETFs"
"Capital Group Core Bond ETF","CGCB","6514.98","3.30578512396694214876033057851239669421",".1557",".017","-.5609","-.4133","-1.7558","1.3323","Total Bond Market - Broad","Total Bond Market ETFs"
"Capital Group Fixed Inc.ome ETF","CGCP","8588.35","4.42477876106194690265486725663716814159",".1372",".1677","-.5122","-.4216","-1.1479","1.5022","Total Bond Market - Broad","Total Bond Market ETFs"
"Capital Group Conservative Equity ETF","CGCV","2035.26","85.49107142857142857142857142857142857143",".4843","-.39","-.3302","3.6029","5.8072","14.4928","Style Box - All Cap Value","Style Box - All Cap Value"
"Capital Group Dividend Growers ETF","CGDG","5680.45","95.22862823061630218687872763419483101392",".6219","1.3573",".1548","5.2227","6.2778","16.9415","Strategy - High Dividend Yield","World ETFs"
"Capital Group Dividend Value ETF","CGDV","38540.75","86.74579624134520276953511374876360039565",".744","-.3183","-.6938","3.1768","11.9551","23.2938","Style Box - All Cap Value","Style Box - All Cap Value"
"Capital Group Global Equity ETF","CGGE","3110.55","87.98151001540832049306625577812018489985",".7439",".1707","-.761","2.058","10.307","18.194","Global Large-Cap Blend Equity ETF","Global Large-Cap Blend Equity ETF"
"Capital Group Global Growth Equity ETF","CGGO","11861.93","77.57633587786259541984732824427480916031",".5497",".8269","-1.1302","-2.7079","13.8331","24.7706","Global Large-Cap Growth Equity ETF","Global Large-Cap Growth Equity ETF"
"Capital Group Growth ETF","CGGR","25258.3","94.57964601769911504424778761061946902655","1.1553","3.2991",".0423",".0791","11.1546","12.2299","Geographic - Global Total Market","World ETFs"
"Capital Group International Bond ETF (USD-Hedged)","CGIB","344.83","27.27272727272727272727272727272727272727",".2781","-.5706","-.2172","-.0592","-.8579","1.4405","Total Bond Market - Broad","Total Bond Market ETFs"
"Capital Group International Core Equity ETF","CGIC","2493.01","97.54433833560709413369713506139154160982",".9247","2.7124","0","2.1992","9.3606","26.9596","Foreign Large Blend ETF","Foreign Large Blend ETF"
"Capital Group International Equity ETF","CGIE","2457.84","90.65743944636678200692041522491349480969","1.1227","1.8715","-.5259","4.8512","9.3852","17.2214","Foreign Large Growth ETF","Foreign Large Growth ETF"
"Capital Group U.S. Small and Mid Cap ETF","CGMM","3679.5","84.37047756874095513748191027496382054993",".7718",".6165","-1.5682","2.4776","5.6583","16.4685","Style Box - All Cap Blend","Style Box - All Cap Blend"
"Capital Group U.S. Multi-Sector Income ETF","CGMS","5419.65","4.76190476190476190476190476190476190476",".1484",".1836","-.4051",".0084",".8238","2.8715","Total Bond Market - Broad","Total Bond Market ETFs"
"Capital Group New Geography Equity ETF","CGNG","2997.15","85.10131108462455303933253873659117997616",".6004","2.4458","-.6469","-.5128","12.1729","25.4595","Geographic - Global Total Market","World ETFs"
"Capital Group Short Duration Income ETF","CGSD","2544.64","5.45454545454545454545454545454545454545",".0781",".2292","-.1794",".6308",".6672","2.5977","Short-Term Bond ETF","Short-Term Bond ETF"
"Capital Group Ultra Short Income ETF","CGUI","321.18","25.625",".004",".2917","-.0244",".9621","1.7501","3.5882","Ultra short Bond ETF","Ultra short Bond ETF"
"Capital Group Core Equity ETF","CGUS","11775.4","87.07182320441988950276243093922651933702",".668","-.2867","-.5281","2.6593","12.3624","18.3744","Style Box - Large Cap Blend","Style Box - Large Cap Blend"
"Invesco S&P Global Water Index ETF","CGW","1040.07","43.98395721925133689839572192513368983957",".7289","-.9193","-1.0602","4.0045","-2.8979","4.116","Industrials  - Water","Industrials ETFs"
"Capital Group International Focus Equity ETF","CGXU","6662.77","86.16751269035532994923857868020304568528","1.3607","3.8564","-.9338","-.0217","16.9825","31.1966","Foreign Large Growth ETF","Foreign Large Growth ETF"
"Roundhill Generative AI & Technology ETF","CHAT","1785.02","65.69095977698128235762644364794902429311","1.5554","1.8054","-2.9612","-15.5006","41.6177","63.3252","Artificial Intelligence and Robotics ETF","Artificial Intelligence and Robotics ETF"
"YieldMax Semiconductor Portfolio Option Income ETF","CHPY","1125.15","34.65373214766909188897871193748315817839","1.3157","-.1802","-3.5903","-14.3628","38.1871","75.5047","Derivative Based ETF","Derivative Based ETF"
"First Trust NASDAQ Cybersecurity ETF","CIBR","15078.65","83.40569223347805113362276893391220453449","1.9029","1.5014","-5.4271","4.0603","49.4319","32.5636","Technology  - broad","Technology ETFs"
"Global X 1-3 Month T-Bill ETF","CLIP","2361.88","7.89473684210526315789473684210526315789","0",".2997",".0598",".6125",".9203","2.8322","US Treasury - Ultra Short","Money Market/Ultra-Short Term ETFs"
"iShares AAA CLO Active ETF","CLOA","2258.26","47.61904761904761904761904761904761904762",".0579",".8771",".1216","1.2068","2.605","4.8419","Asset Backed - MBS","Mortgage-Backed Security ETFs"
"VanEck CLO ETF","CLOI","1536.19","57.57575757575757575757575757575757575758",".0568",".986",".1505","1.2788","2.7888","5.0202","Asset Backed - MBS","Mortgage-Backed Security ETFs"
"Global X Cloud Computing ETF","CLOU","364.4","94.26585577758470894874022589052997393571","3.6808","10.1859","-1.6252","15.2288","48.409","25.9407","Technology  - Cloud Computing","Technology ETFs"
"Eldridge AAA CLO ETF","CLOX","320.34","53.33333333333333333333333333333333333333",".353",".4687",".2548","1.192","2.7578","5.2589","Asset Backed - MBS","Mortgage-Backed Security ETFs"
"Eldridge BBB-B CLO ETF","CLOZ","798.05","43.3098591549295774647887323943661971831",".5108","-.1837","-.1401",".5134","6.3864","4.9245","Asset Backed - MBS","Mortgage-Backed Security ETFs"
"Convergence Long/Short Equity ETF","CLSE","908.98","95.31914893617021276595744680851063829787",".4133","-.2932","1.0999","-1.0474","21.9871","37.7481","Hedge Fund - Long/Short","Long-Short ETFs"
"iShares CMBS ETF","CMBS","468.34","3.47593582887700534759358288770053475936",".1041",".5404","-.3872",".2232","-.6669","2.2126","Asset Backed - MBS","Mortgage-Backed Security ETFs"
"PIMCO Commodity Strategy Active Exchange-Traded Fund","CMDT","874.25","98.33926453143534994068801897983392645314","-.0858","8.2739","1.5698","3.4118","16.9368","33.1101","Derivative Based ETF","Broad Commodity ETFs"
"iShares Bloomberg Roll Select Commodity Strategy ETF","CMDY","682.88","97.68270944741532976827094474153297682709",".1248","9.8563","2.4087","4.9877","15.9892","36.7035","Basket - Broad","Broad Commodity ETFs"
"Alger Concentrated Equity ETF","CNEQ","2450.7","84.85596707818930041152263374485596707819","1.3945","1.4717","-.1747","-2.8426","24.5794","25.1761","Style Box - Large Cap Growth","Style Box - Large Cap Growth"
"iShares MSCI China A ETF","CNYA","212.44","44.96610169491525423728813559322033898305",".2429","1.4666","-.9406","-5.8327","1.9786","9.7175","Geographic - China","Asia-Pacific (Emerging) ETFs"
"Global X MSCI Colombia ETF","COLO","220.71","97.38888888888888888888888888888888888889","1.607","8.7288","2.0012","23.1971","37.381","62.8387","Geographic - Colombia","Latin American Equity ETFs"
"Direxion Auspice Broad Commodity Strategy ETF","COM","219.55","96.85452162516382699868938401048492791612","-.4762","5.0531",".7372","5.9181","12.22","28.4294","Basket - Broad","Broad Commodity ETFs"
"iShares GSCI Commodity Dynamic Roll Strategy ETF","COMT","1326.56","95.8909682668836452400325467860048820179",".2086","11.567","4.4506","3.6094","22.8558","34.8493","Basket - Broad","Broad Commodity ETFs"
"GraniteShares 2x Long COIN Daily ETF","CONL","530.97","5.69577842305115032387759660486933214206","20.2226","62","-.3077","16.7568","-20.3931","-79.063","Derivative Based ETF","Single Stock ETF"
"YieldMax COIN Option Income Strategy ETF","CONY","345.11","6.07452782031648800408371618172537008678","8.1861","25.405","2.5999","14.8607",".6698","-30.1202","Derivative Based ETF","Single Stock ETF"
"Sprott Copper Miners ETF","COPP","294.08","86.5411116214974735875057418465778594396","1.1171","12.9977","-5.5806","-.2494","8.2698","75.2241","Materials  - Copper Mining","Materials ETFs"
"Global X Copper Miners ETF","COPX","8138.59","88.54373209958140559594624366600572813395","1.5017","14.9824","-5.3914","1.3939","5.1574","82.5994","Materials  - Copper Mining","Materials ETFs"
"Tweedy, Browne Insider + Value ETF","COPY","419.22","100",".6901","2.1642",".6901","8.0081","13.5078","32.3166","Geographic - Global Total Market","World ETFs"
"AB Core Bond ETF","CORB","1142.86","4.66216216216216216216216216216216216216",".1698",".4185","-.5394","-.634","-1.9195","0","Total Bond Market - Broad","Total Bond Market ETFs"
"iShares International Country Rotation Active ETF","CORO","8346.47","99.24812030075187969924812030075187969925","1.1401","3.8462",".1075","2.5042","13.8384","31.8662","Foreign Large Blend ETF","Foreign Large Blend ETF"
"PIMCO Investment Grade Corporate Bond Index ETF","CORP","1445.31","3.32717190388170055452865064695009242144",".1061",".3478","-.702","-.9017","-1.5561","1.7452","Corporates - Investment Grade","Investment Grade Corporate Bond ETFs"
"Pacer US Large Cap Cash Cows Growth Leaders ETF","COWG","2298.19","87.16302952503209242618741976893453145058",".8919","3.7664","-1.9922",".5159","14.6139","14.3653","Style Box - Large Cap Growth","Style Box - Large Cap Growth"
"Pacer US Cash Cows 100 ETF","COWZ","20149.7","98.98628503279666070363744782349433512224",".5555","7.9664",".8345","12.1486","13.3481","28.3205","Style Box - Large Cap Value","Style Box - Large Cap Value"
"F/m Compoundr U.S. Aggregate Bond ETF","CPAG","299.63","10.5609418282548476454293628808864265928",".1215","-.0552","-.6246","-.822","-1.9428",".8307","Total Bond Market - Broad","Total Bond Market ETFs"
"Counterpoint Quantitative Equity ETF","CPAI","441.12","90.87562127999018224213045345769159968092",".5151","2.565","-.7619","1.9828","18.9295","39.1937","Style Box - All Cap Blend","Style Box - All Cap Blend"
"United States Copper Index Fund","CPER","739.21","92.71882261812548412083656080557707203718",".9613",".6811","-.1751","1.243","12.1067","40.7264","Base Metals - Copper","Industrial Metals ETFs"
"NYLI MacKay Core Plus Bond ETF","CPLB","393.17","1.57068062827225130890052356020942408377",".0729",".1727","-.4059",".0708","-.893","2.374","Total Bond Market - Broad","Total Bond Market ETFs"
"AB Core Plus Bond ETF","CPLS","202.94","2.94920808301474604041507373020207536865",".1047",".569","-.333","-.558","-1.3261","1.5245","Total Bond Market - Broad","Total Bond Market ETFs"
"Invesco China Technology ETF","CQQQ","2997.96","21.14285714285714285714285714285714285714","-.2284","-4.2638","-1.9788","-9.8161","-1.1113","-5.047","Geographic - China","Asia-Pacific (Emerging) ETFs"
"VanEck Oil Refiners ETF","CRAK","461.09","100",".7382","15.9402","6.1021","25.6154","37.2922","78.8208","Energy - Refining & Marketing","Energy ETFs"
"iShares Low Carbon Optimized MSCI ACWI ETF","CRBN","1175.31","98.51654452587164112813679769042860315345",".9028","2.3812","-.0874","2.6034","12.8806","21.9084","Strategy - Socially Responsible","World ETFs"
"Columbia Core Bond ETF","CRUX","2167.09","1.52284263959390862944162436548223350254",".0512",".4871","-.644","-.531","0","0","Total Bond Market - Broad","Total Bond Market ETFs"
"VictoryShares US Small Cap High Div Volatility Wtd ETF","CSB","258.81","85.67989374066080026564834799933587913",".2095","-.8765","-.5057","6.4761","6.8693","15.6128","Style Box - Small Cap Value","Style Box - Small Cap Value"
"Invesco S&P Spin-Off ETF","CSD","220.26","67.74086268249692374205992883035684592105",".6082","-4.0231","-1.4285","-6.4196","11.376","50.2461","Strategy - Alpha-Seeking","Style Box - All Cap Value"
"Cohen & Steers Future of Energy Active ETF","CSEN","201.49","100",".304","5.8379","1.4594","0","0","0","Energy - Broad","Energy ETFs"
"NEOS Enhanced Income 1-3 Month T-Bill ETF","CSHI","1708.11","63.01369863013698630136986301369863013699",".0402",".3551",".1005","1.0546","2.5533","4.8673","US Treasury - Ultra Short","Government Bond ETFs"
"ProShares Large Cap Core Plus","CSM","527.3","94.64411972660853169926938486919632335612",".865","1.5629",".1596","3.4966","14.2409","21.3235","Derivative Based ETF","Hedge Fund ETFs"
"Congress SMid Growth ETF","CSMD","467.14","63.3040935672514619883040935672514619883",".9798","-1.3917","-3.5533","-2.8563","2.5943","5.2615","Style Box - All Cap Growth","Style Box - All Cap Growth"
"Cohen & Steers Preferred and Income Opportunities Active ETF","CSPF","314.24","41.21756487025948103792415169660678642715",".1162",".0347","-.2919",".7107","1.7238","6.1404","Corporates - Convertible","Convertibles/CEFs/OET/Preferred Stock ETFs"
"Cohen & Steers Real Estate Active ETF","CSRE","570.95","70.88204038257173219978746014877789585547",".4582","-2.6307","-1.3499","2.5833","2.3611","13.5556","Real Estate   - REITs","Real Estate ETFs"
"Simplify Managed Futures Strategy ETF","CTA","1626.43","41.06145251396648044692737430167597765363","-1.9005","8.7305","3.3115","-3.7458","-1.6487","6.4861","Derivative Based ETF","Hedge Fund ETFs"
"Castellan Targeted Equity ETF","CTEF","641.85","83.31743967634734864903915619130183499494","1.4543","-2.3671","-.9691","2.5868","21.6724","49.5182","Derivative Based ETF","Style Box - All Cap Growth"
"Calvert International Responsible Index ETF","CVIE","492.54","95.79416130628401781296387926768926274122","1.2129","3.6166","-.0581","2.3332","14.4635","33.8306","Strategy - Socially Responsible","Broad Developed World ETFs"
"Calvert US Large-Cap Core Responsible Index ETF","CVLC","972.98","92.27497527200791295746785361028684470821","1.0148","1.1102","-.3227","2.2496","15.3693","22.3828","Strategy - Socially Responsible","Style Box - Large Cap Blend"
"Calvert Ultra-Short Investment Grade ETF","CVSB","273.35","22.66666666666666666666666666666666666667",".0593",".369",".0035","1.0237","1.8447","4.079","Ultra short Bond ETF","Ultra short Bond ETF"
"State Street SPDR Bloomberg Convertible Securities ETF","CWB","5551.79","65.86974443528441879637262984336356141797","1.1351","-.4595","-1.3699","-5.9781","10.9779","21.226","Corporates - Convertible","Convertibles/CEFs/OET/Preferred Stock ETFs"
"State Street SPDR MSCI ACWI ex-US ETF","CWI","2870.25","98.98348157560355781448538754764930114358","1.0928","3.0701",".1925","2.9426","11.3565","27.4553","Foreign Large Blend ETF","Foreign Large Blend ETF"
"WisdomTree China ex-State-Owned Enterprises ETF","CXSE","478.58","2.81707024694317909374250779189642771518",".1668","-2.6995","-2.2807","-7.7533","-1.1305","-7.7321","Strategy - Socially Responsible","Asia-Pacific (Emerging) ETFs"
"VanEck Digital Transformation ETF","DAPP","343.65","54.26781519185591229444009397024275646045","9.6654","12.5341","1.624","-6.0937","30.6962","18.5419","Technology  - broad","Technology ETFs"
"FT Vest U.S. Equity Deep Buffer ETF - April","DAPR","321.48","100",".3917","1.2088",".4062","2.0618","5.5158","9.0551","Derivative Based ETF","Defined Outcome"
"FT Vest U.S. Equity Deep Buffer ETF - August","DAUG","418.21","100",".5176",".8019",".1258","2.5327","7.5416","11.4949","Derivative Based ETF","Defined Outcome"
"Global X DAX Germany ETF","DAX","223.71","88.81524440762220381110190555095277547639","1.0686","1.0665","-1.4579","5.3987","7.9473","9.1756","Geographic - Germany","European Equity ETFs"
"Invesco DB Agriculture ETF","DBA","1264.46","90.12345679012345679012345679012345679012","-.615","4.6779",".9368","8.3023","11.7986","6.4788","Agriculture - Broad","Agricultural ETFs"
"Xtrackers MSCI All World ex US Hedged Equity ETF","DBAW","321.13","93.78801843317972350230414746543778801843",".468","1.9329","-.2139","1.3864","11.2339","29.2385","Foreign Large Blend ETF","Foreign Large Blend ETF"
"Invesco DB Base Metals ETF","DBB","370.07","87.68328445747800586510263929618768328446",".7029","2.3819",".8998","-1.6024","8.0436","29.598","Base Metals - Broad","Industrial Metals ETFs"
"Invesco DB Commodity Index Tracking ETF","DBC","1891.85","100",".094","10.6648","3.5645","5.5134","23.3501","42.8699","Basket - Broad","Broad Commodity ETFs"
"Xtrackers MSCI EAFE Hedged Equity ETF","DBEF","9349.14","93.14079422382671480144404332129963898917",".5036","1.3053",".0716","5.3544","10.829","26.3393","Geographic - EAFE","Broad Developed World ETFs"
"Xtrackers MSCI Europe Hedged Equity ETF","DBEU","788.68","92.40186552662261951029926156237854644384",".1924",".0457","-.2099","5.9581","9.8092","23.3521","Geographic - Broad Europe","European Equity ETFs"
"Xtrackers MSCI Japan Hedged Equity ETF","DBJP","717.15","90.84611717194379785175421375886922623889",".1063","4.942",".0458","2.7311","14.1641","42.6103","Geographic - Japan","Asia-Pacific (Developed) ETFs"
"iMGP DBi Managed Futures Strategy ETF","DBMF","4117.84","96.55172413793103448275862068965517241379","-.2857","2.5465",".6086",".4548","4.4904","26.304","Derivative Based ETF","Hedge Fund ETFs"
"DoubleLine Opportunistic Core Bond ETF","DBND","764.49","3.19829424307036247334754797441364605544",".1682",".4894","-.5441","-.391","-1.6562","1.4539","Total Bond Market - Broad","Total Bond Market ETFs"
"Invesco DB Oil ETF","DBO","277.51","93.9932318104906937394247038917089678511",".2605","13.5202","7.6959","2.4401","44.9466","69.5301","Energy -  Crude Oil","Energy ETFs"
"Invesco DB Precious Metals ETF","DBP","262.9","38.83347828500582890768120501101015895339","2.2361","11.2205","-2.9388","-1.5467","-13.6094","29.0731","Precious Metals - Broad","Precious Metals ETFs"
"Dimensional US Core Equity 1 ETF","DCOR","3505.63","95.46615581098339719029374201787994891443",".8663","1.5774",".224","3.9817","13.5259","22.3378","Style Box - All Cap Blend","Style Box - All Cap Blend"
"DoubleLine Commercial Real Estate Debt ETF","DCRE","461.61","2.7027027027027027027027027027027027027",".0195",".6373","-.1588",".7559",".8892","3.6114","Asset Backed - MBS","Mortgage-Backed Security ETFs"
"FT Vest U.S. Equity Deep Buffer ETF - December","DDEC","438.91","100",".3101","1.21",".2169","2.5037","7.615","13.1387","Derivative Based ETF","Defined Outcome"
"WisdomTree Dynamic International SmallCap Equity Fund","DDLS","429.77","91.21430812676498274239096328835895826796",".9029","3.0438","-.0733","4.0154","4.5938","15.5396","Foreign Small/Mid Value ETF","Foreign Small/Mid Value ETF"
"Proshares Ultra Dow30","DDM","579.03","91.29807692307692307692307692307692307692","2.3006","1.6778",".499","10.7462","19.7058","34.6415","Derivative Based ETF","Leveraged Equity ETFs"
"WisdomTree Dynamic International Equity Fund","DDWM","1487.9","97.16206123973114264376400298730395817774","1.0178","1.6645",".2947","4.4211","6.735","18.9021","Foreign Large Value ETF","Foreign Large Value ETF"
"AllianzIM U.S. Equity Buffer20 Dec ETF","DECW","229.04","100",".3026","1.2073",".2888","2.4298","7.408","12.581","Derivative Based ETF","Defined Outcome"
"Dimensional Emerging Markets High Profitability ETF","DEHP","455.53","78.41800643086816720257234726688102893891",".4153","5.5967","-.1657","-4.2352","20.2788","44.6224","Geographic - Broad Emerging Markets","Broad Emerging Market ETFs"
"WisdomTree Emerging Markets High Dividend ETF","DEM","4224.38","100",".64","4.8722","2.221","2.8062","15.556","28.0289","Geographic - Broad Emerging Markets","Broad Emerging Market ETFs"
"WisdomTree U.S. SmallCap Dividend ETF","DES","2183.78","84.73895582329317269076305220883534136546",".0747","-2.1734","-.8385","5.6513","9.9486","21.3572","Style Box - Small Cap Value","Style Box - Small Cap Value"
"Xtrackers Russell US Multifactor ETF","DEUS","301.69","92.13880437464024340103609900501603486555",".5265",".525","-.5093","4.6848","8.2241","18.6062","Style Box - Large Cap Blend","Style Box - Large Cap Blend"
"Dimensional Emerging Markets ex China Core Equity ETF","DEXC","310.71","79.83193277310924369747899159663865546218",".251","7.3565",".163","-3.2876","20.4965","48.2903","Geographic - Broad Emerging Markets","Broad Emerging Market ETFs"
"Dimensional U.S. Core Equity 2 ETF","DFAC","49131.17","94.71871412169919632606199770378874856487",".8596","1.4409","-.0218","3.7975","13.2456","22.644","Style Box - All Cap Blend","Style Box - All Cap Blend"
"Dimensional Emerging Core Equity Market ETF","DFAE","10085.32","83.13253012048192771084337349397590361446",".4774","5.6539","-.025","-2.1383","15.4752","35.4965","Geographic - Broad Emerging Markets","Broad Emerging Market ETFs"
"Dimensional International Core Equity Market ETF","DFAI","18163.8","98.6005089058524173027989821882951653944","1.2351","2.7679",".3002","5.8399","9.1096","25.3077","Foreign Large Blend ETF","Foreign Large Blend ETF"
"Dimensional US Large Cap Core Equity Market ETF","DFAL","1134.63","88.80597014925373134328358208955223880597","1.0093","1.9332",".2273","0","0","0","Style Box - Large Cap Blend","Style Box - Large Cap Blend"
"Dimensional US Real Estate ETF","DFAR","1728.7","70.08547008547008547008547008547008547009",".6192","-2.9126","-1.1031","2.5909","3.8794","13.4911","Real Estate   - Broad","Real Estate ETFs"
"Dimensional U.S. Small Cap ETF","DFAS","15529.02","87.47422680412371134020618556701030927835",".6008","-.3038","-.9058","4.9478","10.8564","22.1527","Style Box - Small Cap Value","Style Box - Small Cap Value"
"Dimensional U.S. Targeted Value ETF","DFAT","14570.62","93.32953249714937286202964652223489167617",".4211","-.1535",".2663","6.8022","11.4391","24.2225","Style Box - All Cap Value","Style Box - All Cap Value"
"Dimensional US Core Equity Market ETF","DFAU","12777.76","95.9","1.0017","1.8681",".2439","3.0589","13.8283","21.6396","Style Box - All Cap Blend","Style Box - All Cap Blend"
"Dimensional World Equity ETF","DFAW","1672.53","96.94513715710723192019950124688279301746",".8716","1.8312",".0234","3.4775","11.9941","23.8412","Global Large-Cap Blend Equity ETF","Global Large-Cap Blend Equity ETF"
"Dimensional World ex U.S. Core Equity 2 ETF","DFAX","12595.86","100",".8924","4.6841",".0521","3.1204","10.6818","29.1414","Foreign Large Blend ETF","Foreign Large Blend ETF"
"Dimensional Core Fixed Income ETF","DFCF","11460.86","4.1025641025641025641025641025641025641",".0967","-.0568","-.6241","-.6721","-1.6189","1.7595","Total Bond Market - Broad","Total Bond Market ETFs"
"FT Vest U.S. Equity Deep Buffer ETF - February","DFEB","445.26","100",".34","1.2348",".2718","2.3786","7.0245","12.9258","Derivative Based ETF","Defined Outcome"
"Dimensional Emerging Markets Core Equity 2 ETF","DFEM","9622.74","83.07967770814682184422560429722470904208",".2975","6.1401","-.0988","-1.9432","14.8605","33.4336","Geographic - Broad Emerging Markets","Broad Emerging Market ETFs"
"Direxion Daily Aerospace & Defense Bull 3X ETF","DFEN","313.74","14.03720705484416525730852863010388982846","3.581","-24.077","-10.3159","-5.0722","-32.0102","17.7411","Derivative Based ETF","Leveraged Equity ETFs"
"Dimensional Emerging Markets Value ETF","DFEV","2168.98","88.17046289493019838354151359294636296841",".2561","7.1677",".914","-.7731","18.1115","42.4465","Geographic - Broad Emerging Markets","Broad Emerging Market ETFs"
"Dimensional Global Core Plus Fixed Income ETF","DFGP","3515.27","4.56026058631921824104234527687296416938",".2147","-.3051","-.4508","-.482","-.7876","2.3721","Total Bond Market - Broad","Total Bond Market ETFs"
"Dimensional Global Real Estate ETF","DFGR","3796.08","69.26770708283313325330132052821128451381",".6254","-2.7209","-1.1435","2.7161","2.6161","11.2331","Real Estate   - Broad","Real Estate ETFs"
"Dimensional International Core Fixed Income ETF","DFGX","1768.65","4.70588235294117647058823529411764705882",".2707","-.6671","-.3459","-.6417","-1.137","1.5701","Total Bond Market - Broad","Total Bond Market ETFs"
"Dimensional International Core Equity 2 ETF","DFIC","15358.3","98.393574297188755020080321285140562249","1.153","3.2157",".1268","5.2987","8.8441","26.3171","Foreign Large Blend ETF","Foreign Large Blend ETF"
"Dimensional Inflation-Protected Securities ETF","DFIP","1141.68","2.01612903225806451612903225806451612903",".0746",".0455","-.4701","-.9126","-.9478",".5838","US Treasury - TIPS","Inflation-Protected Bond ETFs"
"Dimensional International Small Cap ETF","DFIS","5875.55","96.67553191489361702127659574468085106383","1.2924","4.1528","-.6602","4.8283","7.8874","24.7882","Foreign Small/Mid Blend ETF","Foreign Small/Mid Blend ETF"
"Dimensional International Value ETF","DFIV","22192.54","100","1.2684","3.1965","1.8445","7.7991","12.1183","34.187","Foreign Large Value ETF","Foreign Large Value ETF"
"WisdomTree Japan SmallCap Dividend ETF","DFJ","433.33","100","1.2189","6.984","1.1329","11.1212","9.6497","26.3444","Geographic - Japan","Asia-Pacific (Developed) ETFs"
"Dimensional US Large Cap Value ETF","DFLV","7102.94","100",".6439","2.9771",".8845","7.0377","15.7986","32.3265","Style Box - Large Cap Value","Style Box - Large Cap Value"
"U.S. Micro Cap Portfolio: ETF Class Shares","DFMC","7784.19","81.38256087981146897093479968578161822467",".3009","-1.6619","-1.4924","6.4457","0","0","Style Box - Micro Cap Blend","Style Box - Micro Cap Blend"
"Davis Select Financial ETF","DFNL","486","95.13027295285359801488833746898263027295","1.3329","1.3525","1.47","15.4071","13.0915","18.5526","Financials-Broad","Financials ETFs"
"Dimensional Global Sustainability Fixed Income ETF","DFSB","742.79","3.6036036036036036036036036036036036036",".1979","-.473","-.4522","-.709","-1.2495","1.8084","Total Bond Market - Broad","Total Bond Market ETFs"
"Dimensional Short-Duration Fixed Income ETF","DFSD","7289.31","5.18518518518518518518518518518518518519",".0848",".0501","-.2956",".2734",".038","2.3364","Short-Term Bond ETF","Short-Term Bond ETF"
"Dimensional Emerging Markets Sustainability Core 1 ETF","DFSE","646.49","86.02344454463480613165013525698827772768",".9249","5.9093",".1013","-.876","14.0951","26.9221","Geographic - Broad Emerging Markets","Broad Emerging Market ETFs"
"Dimensional International Sustainability Core 1 ETF","DFSI","1182.99","94.74424552429667519181585677749360613811","1.2768","2.5","-.2212","6.1627","8.378","20.8715","Foreign Large Blend ETF","Foreign Large Blend ETF"
"Dimensional US Sustainability Core 1 ETF","DFSU","2351.6","95.81958195819581958195819581958195819582","1.0813","1.6946",".0824","4.7731","12.9118","18.9665","Style Box - All Cap Blend","Style Box - All Cap Blend"
"Dimensional US Small Cap Value ETF","DFSV","8395.02","94.10085632730732635585156993339676498573",".3241",".2491",".4493","7.0944","12.5979","27.1842","Style Box - Small Cap Value","Style Box - Small Cap Value"
"Dimensional U.S. Equity Market ETF","DFUS","21478.08","95.18221124150710315009264978381717109327","1.067","1.8239",".1069","2.6468","14.2769","21.365","Style Box - All Cap Blend","Style Box - All Cap Blend"
"Dimensional US Marketwide Value ETF","DFUV","15797.39","99.85825655563430191353649893692416725726",".5932","2.9275",".9454","6.5517","16.3709","32.5987","Style Box - Large Cap Value","Style Box - Large Cap Value"
"Dimensional US Large Cap Vector ETF","DFVX","544.38","97.35878156930788509735878156930788509736",".964","1.0519",".542","4.3823","11.3577","21.9038","Style Box - Large Cap Value","Style Box - Large Cap Value"
"Dimensional Global Credit ETF","DGCB","1107.06","3.36678536743282615733247005503399158304",".1152","-.3863","-.5905","-.7663","-.9055","2.3346","Total Bond Market - Broad","Total Bond Market ETFs"
"DB Gold Double Long ETN","DGP","255.74","39.62984393333011877782599611038783612196","4.3838","26.7738","-1.8605","2.5854","-24.05","44.3488","Precious Metals - Gold","Leveraged Commodity ETFs"
"iShares Core Dividend Growth ETF","DGRO","43575.17","96.72006102212051868802440884820747520976",".5558","1.699",".4162","6.3747","9.8558","21.863","Strategy - Dividend Growth","Style Box - Large Cap Value"
"WisdomTree U.S. SmallCap Quality Dividend Growth ETF","DGRS","404.78","84.62438263582011957369378736677930855212",".2097","-2.5039","-1.0536","6.3868","8.3671","20.3274","Strategy - Dividend Growth","Style Box - Small Cap Blend"
"WisdomTree U.S. Quality Dividend Growth ETF","DGRW","17196.08","98.43217450579413769597818677573278800273",".9277","2.4187",".4315","3.3038","9.1629","16.2547","Strategy - Dividend Growth","Style Box - Large Cap Value"
"WisdomTree Emerging Markets SmallCap Dividend ETF","DGS","1758.67","85.47387068201948627103631532329495128432",".8382","5.5917",".5573",".704","7.4219","18.9301","Geographic - Broad Emerging Markets","Broad Emerging Market ETFs"
"State Street SPDR Global Dow ETF","DGT","640.98","100",".7449","2.3493",".8012","3.5871","11.1724","26.8872","Global Large-Cap Value Equity ETF","Global Large-Cap Value Equity ETF"
"WisdomTree U.S. High Dividend ETF","DHS","1615.65","96.43403872129671319225574065736154885187",".202","2.0111",".6068","8.6627","8.2451","22.3196","Style Box - Large Cap Value","Style Box - Large Cap Value"
"State Street SPDR Dow Jones Industrial Average ETF Trust","DIA","45470.35","93.56814701378254211332312404287901990812","1.1892","1.1572",".3195","6.0326","11.3027","20.0814","Style Box - Large Cap Value","Style Box - Large Cap Value"
"Columbia Diversified Fixed Income Allocation ETF","DIAL","393.14","8.98203592814371257485029940119760479042",".3148",".7219","-.4438","-.2003","-.5056","2.8455","Total Bond Market - Broad","Total Bond Market ETFs"
"Dimensional International High Profitability ETF","DIHP","6518.17","90.01692047377326565143824027072758037225",".9442","1.877","-.7595","4.3924","6.2094","20.6536","Foreign Large Blend ETF","Foreign Large Blend ETF"
"Davis Select International ETF","DINT","288.4","89.7237569060773480662983425414364640884",".4818","-.464","-.6123",".2002","9.2","16.2538","Foreign Large Blend ETF","Foreign Large Blend ETF"
"Dimensional International Small Cap Value ETF","DISV","5253.11","100","1.2499","5.5647",".3347","8.2236","10.9217","33.5467","Foreign Small/Mid Value ETF","Foreign Small/Mid Value ETF"
"Global X SuperDividend U.S. ETF","DIV","799","89.57055214723926380368098159509202453988","-.3709","1.38",".131","7.3578","4.6582","19.1911","Strategy - High Dividend Yield","Style Box - All Cap Value"
"iShares Core Dividend ETF","DIVB","2041.69","100",".6791","5.3842","1.1614","12.9597","25.9396","37.822","Style Box - All Cap Value","Style Box - All Cap Value"
"Franklin International Core Dividend Tilt Index ETF","DIVI","2726.08","97.88557213930348258706467661691542288557","1.2943","2.059",".3825","5.2656","10.9286","26.6968","Foreign Large Value ETF","Foreign Large Value ETF"
"Horizon Dividend Income ETF","DIVN","309.03","95.16632971880169086564969674692152177908",".2713","3.4464",".6133","6.0611","7.2774","22.255","Derivative Based ETF","Style Box - Large Cap Value"
"Amplify CWP Enhanced Dividend Income ETF","DIVO","7922.75","98.13084112149532710280373831775700934579",".8906","3.8536",".5648","7.0513","7.0244","18.7486","Derivative Based ETF","Derivative Based ETF"
"Opal Dividend Income ETF","DIVZ","307.39","78.93559928443649373881932021466905187835",".4963",".5894",".1794","4.3946",".4535","10.3516","Style Box - All Cap Value","Style Box - All Cap Value"
"FT Vest U.S. Equity Deep Buffer ETF - January","DJAN","485.3","100",".3661","1.26",".2689","2.3946","7.3963","12.5845","Derivative Based ETF","Defined Outcome"
"Invesco Dow Jones Industrial Average Dividend ETF","DJD","512.54","99.28571428571428571428571428571428571429",".5587","2.8099",".6195","6.9954","8.1718","24.9708","Style Box - Large Cap Blend","Style Box - Large Cap Blend"
"iPath Bloomberg Commodity Index Total Return ETN","DJP","877.63","99.6031746031746031746031746031746031746","-.1345","11.3563","2.5656","5.7806","19.088","49.7263","Basket - Broad","Broad Commodity ETFs"
"FT Vest U.S. Equity Deep Buffer ETF - July","DJUL","480.95","99.92556754745068850018608113137327874953",".471","1.1531",".1481","3.0242","7.8825","11.8567","Derivative Based ETF","Defined Outcome"
"FT Vest U.S. Equity Deep Buffer ETF - June","DJUN","359","99.7649823736780258519388954171562867215",".5596","1.1764",".269","2.412","5.7371","9.6426","Derivative Based ETF","Defined Outcome"
"WisdomTree U.S. LargeCap Dividend ETF","DLN","6346.6","98.56287425149700598802395209580838323353",".7656","2.2469",".6355","5.8438","10.4993","21.274","Style Box - Large Cap Value","Style Box - Large Cap Value"
"WisdomTree International SmallCap Dividend ETF","DLS","1076.43","100","1.2642","3.724",".2447","5.7302","6.8887","18.545","Geographic - EAFE","Broad Developed World ETFs"
"DoubleLine Ultrashort Income ETF","DLUX","206.51","18.3098591549295774647887323943661971831",".0299",".5465","-.0399",".8487","0","0","Ultra short Bond ETF","Ultra short Bond ETF"
"FT Vest U.S. Equity Deep Buffer ETF - March","DMAR","464.3","100",".2197","1.0522",".2087","2.1496","8.5544","13.1589","Derivative Based ETF","Defined Outcome"
"FT Vest U.S. Equity Deep Buffer ETF - May","DMAY","378.29","100",".5534","1.2533",".2707","1.9263","5.9289","10.0446","Derivative Based ETF","Defined Outcome"
"DoubleLine Mortgage ETF","DMBS","702.73","5.11611030478955007256894049346879535559",".1694",".4407","-.4632","-.5656","-1.6519","2.396","Asset Backed - MBS","Mortgage-Backed Security ETFs"
"iShares ESG Advanced MSCI EAFE ETF","DMXF","957.26","96.40354356736744678037815681607827581647","1.1317","3.502",".2368","5.2839","13.0527","23.6488","Strategy - Socially Responsible","Broad Developed World ETFs"
"WisdomTree Global ex-U.S. Quality Growth Fund","DNL","489.53","84.3768850283508263964290022921944746049",".424","1.6011","-1.8815","1.5951","10.2893","19.8418","Strategy - Dividend Growth","World ETFs"
"FT Vest U.S. Equity Deep Buffer ETF - November","DNOV","402.17","100",".2958","1.2425",".2958","2.7067","7.6726","14.3669","Derivative Based ETF","Defined Outcome"
"FT Vest U.S. Equity Deep Buffer ETF - October","DOCT","394.64","100",".2202","1.1641",".1782","2.7187","7.8407","12.9852","Derivative Based ETF","Defined Outcome"
"WisdomTree True Developed International Fund","DOL","851.15","99.34392053467410632166288552333067631369","1.042","2.4489",".5986","4.6108","12.4057","29.7502","Geographic - EAFE","Broad Developed World ETFs"
"WisdomTree U.S. MidCap Dividend ETF","DON","4035.66","89.09287257019438444924406047516198704104",".5558",".0345","-.1897","6.0634","6.3986","13.235","Style Box - Mid Cap Value","Style Box - Mid Cap Value"
"Direxion Daily Regional Banks Bull 3X ETF","DPST","343.85","74.78746660189458343453971338353169783823","2.5152","-9.4845","1.7157","30.3354","29.2166","27.2244","Derivative Based ETF","Leveraged Equity ETFs"
"Roundhill Memory ETF","DRAM","25462.57","51.77457098283931357254290171606864274571","-.3914","9.5052","-1.4781","-19.6815","0","0","Technology  - Semiconductors","Technology ETFs"
"Global X Autonomous & Electric Vehicles ETF","DRIV","367.89","51.71171171171171171171171171171171171171","1.1556","1.7704","-.9307","-17.8794","11.1731","36.2467","Geographic - Global Total Market","World ETFs"
"Strive U.S. Energy ETF","DRLL","319.98","98.34389695358822326722551625434471478225","-.5772","9.9842","4.259","12.9395","18.3147","49.3044","Energy - Broad","Energy ETFs"
"Aptus Defined Risk ETF","DRSK","1494.78","45.3125",".4257","-1.1177","-.7642","-2.4423","2.0678","2.4484","Target Outcome","Total Portfolio ETFs"
"DoubleLine Securitized Credit ETF","DSCO","242.09","11.76470588235294117647058823529411764706",".2431","1.1801",".3456","1.2188","1.27","0","Asset Backed - MBS","Mortgage-Backed Security ETFs"
"FT Vest U.S. Equity Deep Buffer ETF - September","DSEP","355.63","100",".1854","1.1752",".2267","2.8982","8.3055","11.3298","Derivative Based ETF","Defined Outcome"
"iShares ESG MSCI KLD 400 ETF","DSI","5468.07","97.71850899742930591259640102827763496144","1.3218","2.5652","-.4776","3.8408","16.6879","23.1829","Strategy - Socially Responsible","Style Box - Large Cap Growth"
"Tema S&P 500 Historical Weight ETF Strategy","DSPY","994.16","91.16675627928412320454720024579460788079",".9499","2.0805","-.0891","3.1691","13.5867","22.9718","Style Box - Large Cap Blend","Style Box - Large Cap Blend"
"Distillate U.S. Fundamental Stability & Value ETF","DSTL","2093.82","100",".8187","6.8992",".3574","16.8892","14.9217","24.3056","Style Box - Large Cap Blend","Style Box - Large Cap Blend"
"Global X Data Center & Digital Infrastructure ETF","DTCR","2108.76","67.57532281205164992826398852223816355811","1.8222",".5036","-1.9649","-12.8534","12.525","53.779","Real Estate   - REITs","Real Estate ETFs"
"WisdomTree U.S. Total Dividend ETF","DTD","1662.52","96.92982456140350877192982456140350877193",".7118","1.8439",".5665","5.766","10.0268","20.6646","Style Box - Large Cap Value","Style Box - Large Cap Value"
"WisdomTree International High Dividend ETF","DTH","662.23","98.50706478272460677152759264196214342842","1.0266","2.0569",".9851","8.0162","9.8107","26.5067","Geographic - EAFE","Broad Developed World ETFs"
"Aptus Large Cap Enhanced Yield ETF","DUBS","416.37","97.9018533628628045226716400512880289078","1.0833","2.3711",".3423","3.3915","16.4627","25.3318","Style Box - Large Cap Blend","Style Box - Large Cap Blend"
"Dimensional US High Profitability ETF","DUHP","12679.93","94.3262411347517730496453900709219858156",".8068","2.1154","-.188","2.9117","9.7762","16.9461","Style Box - Large Cap Value","Style Box - Large Cap Value"
"Davis Select U.S. Equity ETF","DUSA","1280.43","91.15417017691659646166807076663858466723",".0524","-1.4273",".9333","4.0857","10.6521","20.8403","Style Box - Large Cap Blend","Style Box - Large Cap Blend"
"Dimensional Ultrashort Fixed Income ETF","DUSB","2262.56","55.88235294117647058823529411764705882353",".0394",".2885","-.0197",".8411","1.896","3.9325","Ultra short Bond ETF","Ultra short Bond ETF"
"U.S. Small Cap Growth Portfolio","DUSG","1974.82","65.42314335060449050086355785837651122625",".6092","-1.3108","-1.6522","3.2876","0","0","Style Box - Small Cap Growth","Style Box - Small Cap Growth"
"iShares Select Dividend ETF","DVY","23827.75","98.11856585019524316648917287894923677671",".5976","1.9529",".6836","8.1721","8.602","20.8242","Style Box - Large Cap Value","Style Box - Large Cap Value"
"iShares Emerging Markets Dividend ETF","DVYE","1281.22","100",".2497","5.5507","2.4674","6.9397","8.4751","27.3671","Geographic - Broad Emerging Markets","Broad Emerging Market ETFs"
"Invesco Dorsey Wright SmallCap Momentum ETF","DWAS","411.43","52.79517573373363010507790258294942802422",".4762","-5.1884","-4.3873","-5.1819","8.1889","23.4248","Style Box - Small Cap Blend","Style Box - Small Cap Blend"
"Davis Select Worldwide ETF","DWLD","603","72.35023041474654377880184331797235023041","-.2949","-3.2001","-.8483","-1.3544","5.1066","10.6029","Global Large-Cap Blend Equity ETF","Global Large-Cap Blend Equity ETF"
"WisdomTree International Equity ETF","DWM","686.38","95.77140131944996423177807805420872744615","1.0627","1.7496",".3693","5.4739","8.1365","21.0665","Geographic - EAFE","Broad Developed World ETFs"
"State Street SPDR S&P International Dividend ETF","DWX","528.91","93.05638872225554889022195560887822435513",".7459","1.1305",".3705","5.2492","5.2096","17.3019","Foreign Large Value ETF","Foreign Large Value ETF"
"Dimensional International Vector Equity ETF","DXIV","224.99","99.08788282290279627163781624500665778961",".2133","3.6192",".0586","5.5756","9.56","27.9231","Foreign Small/Mid Value ETF","Foreign Small/Mid Value ETF"
"WisdomTree Japan Hedged Equity ETF","DXJ","7323.1","95.33381191672648959081119885139985642498","-.0611","5.4839",".4912","5.0589","12.6765","44.9701","Geographic - Japan","Asia-Pacific (Developed) ETFs"
"Dimensional US Vector Equity ETF","DXUV","583.38","95.8625525946704067321178120617110799439",".7343","1.3619",".0858","6.015","13.3082","23.1586","Style Box - All Cap Value","Style Box - All Cap Value"
"iShares U.S. Equity Factor Rotation Active ETF","DYNF","41320.99","99.78417266187050359712230215827338129496","1.326","2.853",".8319","4.0999","16.5712","23.7789","Style Box - All Cap Blend","Style Box - All Cap Blend"
"iShares ESG Aware U.S. Aggregate Bond ETF","EAGG","5060.06","4.05405405405405405405405405405405405405",".1078",".3953","-.5084","-.5918","-1.6461","1.6404","Strategy - Socially Responsible","Total Bond Market ETFs"
"Eagle Capital Select Equity ETF","EAGL","4767.81","100","1.2856","5.0739","1.1725","10.9954","14.8471","17.2057","Geographic - Global Total Market","World ETFs"
"Longview Advantage ETF","EBI","696.19","99.10481662101676798717349188322533235353",".8036","2.176",".6439","5.4075","14.5882","28.67","Style Box - All Cap Blend","Style Box - All Cap Blend"
"State Street SPDR Bloomberg Emerging Markets Local Bond ETF","EBND","2288.14","50.64935064935064935064935064935064935065",".5701","2.3625",".1246","3.236","2.745","5.831","International - Emerging Market","Emerging Market Bond ETFs"
"iShares MSCI Chile ETF","ECH","1053.7","60.17643352236925015752993068683049779458",".122","3.1148","-.7255","4.4454","5.3692","26.5825","Geographic - Chile","Latin American Equity ETFs"
"Columbia Research Enhanced Emerging Economies ETF","ECON","316.71","84.57327885282553388327808187495181558862","1.0903","6.9988",".7365","-2.5148","21.5715","44.8072","Geographic - Broad Emerging Markets","Broad Emerging Market ETFs"
"Pacer Emerging Markets Cash Cows 100 ETF","ECOW","225.96","75.9513534719497842291094546881129854845",".7867","1.7852",".8594","1.5794","5.319","22.5616","Geographic - Broad Emerging Markets","Broad Emerging Market ETFs"
"3EDGE Dynamic Fixed Income ETF","EDGF","481.18","9.25925925925925925925925925925925925926",".1626",".0203","0",".1353",".2669","1.7344","Total Bond Market - Broad","Total Bond Market ETFs"
"State Street SPDR S&P Emerging Markets Dividend ETF","EDIV","1227.71","74.91103202846975088967971530249110320285",".4542","1.0825","-.0238","2.919","4.5095","14.0201","Geographic - Broad Emerging Markets","Broad Emerging Market ETFs"
"First Trust Dow 30 Equal Weight ETF","EDOW","326.03","99.25029593581480994344337761409969748783",".8906","1.8106",".5126","7.573","10.0159","19.8386","Style Box - Large Cap Blend","Style Box - Large Cap Blend"
"Vanguard Extended Duration Treasury Index Fund ETF Shares","EDV","3482.76","12.08267090620031796502384737678855325914",".2168",".6026","-1.2974","-4.4105","-9.2323","-2.5242","US Treasury - Long Term","Government Bond ETFs"
"Invesco S&P Emerging Markets Low Volatility ETF","EELV","431.39","81.72323759791122715404699738903394255875",".6196","1.3874","1.1069","5.004","5.1053","15.9434","Geographic - Broad Emerging Markets","Broad Emerging Market ETFs"
"iShares MSCI Emerging Markets ETF","EEM","31214.68","81.98458574181117533718689788053949903661",".4765","4.8974","-.2071","-3.0023","16.0918","37.1407","Geographic - Broad Emerging Markets","Broad Emerging Market ETFs"
"iShares MSCI Emerging Markets Asia ETF","EEMA","876.9","87.92457149397659312673476979425987924571",".3592","4.7492",".1195","-2.0486","18.0448","38.365","Geographic - Asia Emerging","Asia-Pacific (Emerging) ETFs"
"iShares MSCI Emerging Markets Small-Cap ETF","EEMS","373.88","79.90812720848056537102473498233215547703",".1507","7.5978","-.6371","-.5909","9.3033","18.5658","Geographic - Broad Emerging Markets","Broad Emerging Market ETFs"
"iShares MSCI Emerging Markets Min Vol Factor ETF","EEMV","3656.93","93.63507779349363507779349363507779349364",".2241","5.6258",".3166","1.7073","17.062","23.8039","Geographic - Broad Emerging Markets","Broad Emerging Market ETFs"
"WisdomTree U.S. SmallCap ETF","EES","716.22","90.40641897784754927612070469213326356183",".5038","-.7997","-.5162","7.6131","14.8803","24.2343","Style Box - Small Cap Value","Style Box - Small Cap Value"
"iShares MSCI EAFE ETF","EFA","79138.75","96.58508821855435401252134319863403528742","1.0742","2.0656",".1759","5.4998","9.7476","22.9875","Geographic - EAFE","Broad Developed World ETFs"
"Invesco MSCI EAFE Income Advantage ETF","EFAA","649.62","95.10603588907014681892332789559543230016","1.1339","1.7707",".2811","5.6253","9.2563","18.6401","Derivative Based ETF","Broad Developed World ETFs"
"iShares MSCI EAFE Min Vol Factor ETF","EFAV","5515.38","100",".9334","2.6316","1.2233","8.1453","5.7943","15.9011","Geographic - EAFE","Broad Developed World ETFs"
"State Street SPDR MSCI EAFE Fossil Fuel Reserves Free ETF","EFAX","508.2","94.31386514719848053181386514719848053181","1.202","1.7361",".1003","5.4395","9.5791","20.4265","Strategy - Socially Responsible","Broad Developed World ETFs"
"iShares MSCI EAFE Growth ETF","EFG","16807.25","84.23746161719549641760491299897645854657",".9849","1.6384","-1.281","1.7256","7.1286","15.0526","Strategy - Dividend Growth","Broad Developed World ETFs"
"State Street SPDR S&P 500 ESG ETF","EFIV","1029.27","95.94320486815415821501014198782961460446","1.0707","2.2752","-.1982","4.4054","14.4809","23.8345","Strategy - Socially Responsible","Style Box - Large Cap Blend"
"iShares MSCI Finland ETF","EFNL","261.31","78.26627697282507306759529879982588147503",".4868","5.1857","-1.5265","-4.9812","11.2483","33.3484","Geographic - Finland","European Equity ETFs"
"iShares MSCI EAFE Value ETF","EFV","31877.93","100","1.2245","2.4541","1.6021","9.2316","12.4197","30.7606","Geographic - EAFE","Broad Developed World ETFs"
"iShares MSCI Indonesia ETF","EIDO","510.9","28.74109263657957244655581947743467933492","1.6923","6.0144","4.5886","10.4088","-21.5872","-23.3697","Geographic - Indonesia","Asia-Pacific (Emerging) ETFs"
"FT Energy Income Partners Enhanced Income ETF","EIPI","1115.07","97.15099715099715099715099715099715099715","-.0874","3.0255",".7937","5.0407","5.9219","23.4043","Energy - Broad","Energy ETFs"
"FT Energy Inc.ome Partners Strategy ETF","EIPX","589.81","98.91956782713085234093637454981992797119","-.2663","4.0111","1.1098","5.9654","8.404","32.8377","Energy - Broad","Energy ETFs"
"iShares MSCI Israel ETF","EIS","906.44","73.17744154057771664374140302613480055021","1.4657","5.2988",".6792","-2.521","2.3758","36.87","Geographic - Israel","Africa-Middle East Equity ETFs"
"Innovator Emerging Markets Pow","EJUL","204.16","98.3297904646219252960825994533859702399",".3343","3.907","-.1742","1.5957","5.1552","11.9896","Derivative Based ETF","Defined Outcome"
"Eventide High Dividend ETF","ELCV","271.8","81.53305203938115330520393811533052039381",".5442","1.4203",".2397","-.192","9.1251","24.7636","Style Box - Large Cap Value","Style Box - Large Cap Value"
"Elm Market Navigator ETF","ELM","596.84","98.77300613496932515337423312883435582822",".6077","1.5678",".131","1.6718","6.5427","12.2115","Multi-Asset - Total Portfolio","Total Portfolio ETFs"
"iShares J.P. Morgan USD Emerging Markets Bond ETF","EMB","14809.8","31.31524008350730688935281837160751565762",".3186",".5565","-.28","-.2325",".4138","5.9431","International - Emerging Market","Emerging Market Bond ETFs"
"Global X Emerging Markets Bond ETF","EMBD","246.99","21.05263157894736842105263157894736842105",".0384",".3863","-.6669",".08",".5423","5.2975","International - Emerging Market","Emerging Market Bond ETFs"
"VanEck Emerging Markets Bond ETF","EMBX","268.81","51.10192837465564738292011019283746556474",".4115","1.0984","-.3381",".9891","2.5518","0","International - Emerging Market","Emerging Market Bond ETFs"
"Xtrackers MSCI Emerging Markets Select ETF","EMCS","1030.16","84.11193068727315302657768411193068727315",".8024","4.7402","1.0485","-2.2775","21.2821","48.4324","Strategy - Socially Responsible","Broad Emerging Market ETFs"
"Nomura Focused Emerging Markets Equity ETF","EMEQ","628.07","71.86966204674695669095548011848904841186",".5328","3.9558","-.1411","-9.0752","38.028","108.4008","Geographic - Broad Emerging Markets","Broad Emerging Market ETFs"
"iShares Emerging Markets Equity Factor ETF","EMGF","1934.69","82.91366906474820143884892086330935251799",".4017","5.8102",".0967","-2.8168","17.2466","37.9148","Geographic - Broad Emerging Markets","Broad Emerging Market ETFs"
"State Street SPDR Bloomberg Emerging Markets USD Bond ETF","EMHC","314.33","20.14504431909750201450443190975020145044",".2424",".5072","-.3081","-.3984",".0735","5.9656","International - Emerging Market","Emerging Market Bond ETFs"
"iShares J.P. Morgan EM High Yield Bond ETF","EMHY","641.2","53.14861460957178841309823677581863979849",".2003",".751","-.3747",".785","2.4526","8.0215","Corporates - Junk/High Yield","Emerging Market Bond ETFs"
"VanEck J.P. Morgan EM Local Currency Bond ETF","EMLC","5089.82","45.45454545454545454545454545454545454545",".4704","2.0091","-.0373","2.4965","2.8833","8.1212","Sovereign - Broad Market","Emerging Market Bond ETFs"
"First Trust North American Energy Infrastructure ETF","EMLP","4173.65","91.90981432360742705570291777188328912467",".0452",".6829",".0905","3.322","2.2376","20.5113","Energy - MLP","MLP ETFs"
"PIMCO Enhanced Short Maturity Active ESG ETF","EMNT","216.31","22.10365853658536585365853658536585365854","-.1266",".5722","-.1815",".9781","1.9003","3.9612","Ultra short Bond ETF","Ultra short Bond ETF"
"AB Emerging Markets Opportunities ETF","EMOP","2103.53","81.98306408023542129601825716173202810642",".3936","3.9747",".3344","-4.8143","12.9715","37.7457","Geographic - Broad Emerging Markets","Broad Emerging Market ETFs"
"EMQQ The Emerging Markets Internet ETF","EMQQ","257.8","20.33736092834071061131714319894724249312","-.4748","-3.8335","-.6928","3.6145","-1.6711","-22.3072","Geographic - Broad Emerging Markets","Broad Emerging Market ETFs"
"iShares MSCI Emerging Markets ex China ETF","EMXC","25032.58","82.79876455215015443098123069612734616298",".5878","7.2162",".1514","-3.0699","22.7567","58.9033","Geographic - Broad Emerging Markets","Broad Emerging Market ETFs"
"Alerian Energy Infrastructure ETF","ENFR","549.67","95.22695367337388862891904539073467477773","-.4105","2.9701",".5779","5.3316","8.9504","30.9013","Energy - MLP","MLP ETFs"
"WisdomTree India Earnings ETF","EPI","2048.01","51.8317503392130257801899592944369063772",".0461",".3004","1.071","4.2257","-.0461","-2.537","Geographic - India","Asia-Pacific (Emerging) ETFs"
"iShares MSCI Poland ETF","EPOL","845.66","98.63221884498480243161094224924012158055",".8832","3.7494","2.2258","12.2142","26.237","46.007","Geographic - Poland","European Equity ETFs"
"iShares MSCI Pacific ex Japan ETF","EPP","2323.96","97.39311783107403545359749739311783107404",".8476","3.0399",".743","6.9152","7.5375","18.3512","Geographic - Asia Developed","Asia-Pacific (Developed) ETFs"
"WisdomTree U.S. LargeCap ETF","EPS","1656.33","98.20397690827453495830660679923027581783","1.1538","2.1871",".5922","3.8554","15.8375","22.8574","Style Box - Large Cap Value","Style Box - Large Cap Value"
"iShares MSCI Peru and Global Exposure ETF","EPU","568.88","93.6104695919938414164742109314857582756","-.0216","6.7898","-2.0754","11.841","7.255","68.1595","Geographic - Peru","Latin American Equity ETFs"
"Invesco Russell 1000 Equal Weight ETF","EQAL","844.95","95.01583597266211035172528754792465410902",".4147","2.3217","-.6004","4.4788","8.2848","21.2969","Style Box - Large Cap Blend","Style Box - Large Cap Blend"
"Columbia U.S. Equity Income ETF","EQIN","337.32","99.17840375586854460093896713615023474178",".4007","2.586","1.1218","7.5893","8.9769","22.3226","Style Box - All Cap Value","Style Box - All Cap Value"
"ALPS Equal Sector Weight ETF","EQL","765.08","97.02457956015523932729624838292367399741",".7712","1.3377",".3648","4.093","6.2543","17.7193","Style Box - Large Cap Blend","Style Box - Large Cap Blend"
"Kovitz Core Equity ETF","EQTY","1442.28","92.46404602109300095877277085330776605944",".9439",".8374","-1.0026","7.7164","8.8524","15.3101","Style Box - All Cap Blend","Style Box - All Cap Blend"
"Invesco S&P 100 Equal Weight ETF","EQWL","2870.38","98.53258523953388001726370306430729391454",".8201","2.9226",".3413","6.1335","12.3717","22.3752","Style Box - Large Cap Blend","Style Box - Large Cap Blend"
"Direxion Daily Energy Bull 2X ETF","ERX","259.35","97.37403577876251436074183489249958969309","-1.4273","19.7832","7.1775","19.4122","26.7924","102.9913","Derivative Based ETF","Leveraged Equity ETFs"
"iShares ESG Aware MSCI EAFE ETF","ESGD","12182.85","96.41203703703703703703703703703703703704","1.0657","2.0183",".1964","5.6303","9.9764","22.7203","Strategy - Socially Responsible","Broad Developed World ETFs"
"iShares ESG Aware MSCI EM ETF","ESGE","6922.93","85.38899430740037950664136622390891840607",".5907","5.3965",".2023","-2.0306","17.2411","37.0727","Strategy - Socially Responsible","Broad Emerging Market ETFs"
"iShares ESG Aware MSCI USA ETF","ESGU","18069.19","96.70595346025989724992444847385917195527","1.1042","1.9746",".0473","2.8436","14.981","21.576","Strategy - Socially Responsible","Style Box - All Cap Growth"
"Vanguard ESG U.S. Stock ETF Shares","ESGV","13524.11","97.70704996577686516084873374401095140315","1.1432","2.2977",".1753","2.8435","16.6781","20.8862","Strategy - Socially Responsible","Style Box - All Cap Blend"
"iShares ESG Aware MSCI USA Small-Cap ETF","ESML","2861.86","88.54850474106491611962071480671043034282",".6396",".9255","-1.0422","3.4659","12.4262","26.0868","Strategy - Socially Responsible","Style Box - Small Cap Blend"
"Essential 40 Stock ETF","ESN","339.01","97.48563218390804597701149425287356321839",".8432","2.4359",".1937","5.6313","13.7813","25.1739","Style Box - Large Cap Blend","Style Box - Large Cap Blend"
"VanEck Video Gaming and eSports ETF","ESPO","250.15","31.33603238866396761133603238866396761134",".6756","2.4367",".2328","7.8499","6.5918","-15.1467","Consumer Discretionary - Leisure and Entertainment","Consumer Discretionary ETFs"
"Grayscale Ethereum Staking Mini ETF","ETH","2010.85","31.04608139926000672721157080390178271107","5.2102","34.8485",".7125","40.2802","28.3654","-43.0028","Digital Economy ETF","Digital Economy ETF"
"iShares Ethereum Trust ETF","ETHA","8370.15","30.27027027027027027027027027027027027027","5.374","34.798",".7949","40.0589","27.3945","-43.8441","Digital Economy ETF","Digital Economy ETF"
"iShares Staked Ethereum Trust ETF","ETHB","679.27","100","5.2888","34.8151",".839","39.9914","0","0","Digital Economy ETF","Digital Economy ETF"
"Grayscale Ethereum Staking ETF","ETHE","1822.33","29.11440516913721018624097301406309388065","5.0856","34.2838",".6962","38.9842","25.7764","-45.1517","Digital Economy ETF","Digital Economy ETF"
"ProShares Ultra Ether ETF","ETHT","241.33","9.45163957012951226233122072196197299532","10.4768","74.5607",".5634","70.6124","26.1266","-83.5255","Digital Economy ETF","Digital Economy ETF"
"2x Ether ETF","ETHU","1031.11","10.35557534507982952738375421410851726989","10.7518","75.7147","1.0324","75.3775","31.5631","-82.2736","Digital Economy ETF","Digital Economy ETF"
"Bitwise Ethereum ETF","ETHW","254.28","30.1978021978021978021978021978021978022","5.3216","34.8054",".7271","39.8292","27.1893","-43.8941","Digital Economy ETF","Digital Economy ETF"
"Select STOXX Europe Aerospace & Defense ETF","EUAD","1111.91","57.61278195488721804511278195488721804511",".459","-4.9924","-4.7028","9.8369","-1.6183","3.0125","Industrials  - Aerospace & Defense","Industrials ETFs"
"iShares MSCI Europe Financials ETF","EUFN","4255.68","100","1.965","2.304","2.0858","17.384","25.0546","35.5637","Financials-Broad","Financials ETFs"
"iShares Euro High Yield Corporate Bond USD Hedged ETF","EUHY","254.35","34.39658007234462347911871095034528115751",".0566",".3916","-.2967",".6461","2.0742","0","Corporates - Junk/High Yield","High-Yield/Junk Bond ETFs"
"iShares MSCI USA Equal Weighted ETF","EUSA","1918.45","89.26285849727423560085328276842853756814",".9719","1.3554","-.8613","4.6738","10.285","17.0822","Style Box - All Cap Blend","Style Box - All Cap Blend"
"iShares ESG Advanced Universal USD Bond ETF","EUSB","706.66","3.74331550802139037433155080213903743316",".1409",".4695","-.4375","-.4437","-1.3375","1.7365","Strategy - Socially Responsible","Total Bond Market ETFs"
"Corgi Lithography & Semiconductor Photonics ETF","EUV","409.33","16.37168141592920353982300884955752212389","-.2656","-6.398","-8.4146","0","0","0","Technology  - Semiconductors","Technology ETFs"
"Eaton Vance Floating-Rate ETF","EVLN","1511.41","33.78001116694584031267448352875488553881",".0615","1.1746",".1009","1.6058","4.451","4.4446","Corporates - Floating Rate","Investment Grade Corporate Bond ETFs"
"Eaton Vance Mortgage Opportunities ETF","EVMO","869.79","5.72916666666666666666666666666666666667",".1416",".0963","-.3252",".1725","-.4351","3.6544","Asset Backed - MBS","Mortgage-Backed Security ETFs"
"Eaton Vance Ultra-Short Income ETF","EVSB","243.74","16.27906976744186046511627906976744186047",".0394",".3958",".0608","1.0636","1.9827","4.2828","Ultra short Bond ETF","Ultra short Bond ETF"
"Eaton Vance Short Duration Income ETF","EVSD","1481.92","4.42477876106194690265486725663716814159",".0751",".2157","-.1977",".5838",".612","3.061","Short-Term Bond ETF","Short-Term Bond ETF"
"Eaton Vance Total Return Bond ETF","EVTR","5988.36","5.88235294117647058823529411764705882353",".1606",".2082","-.4884","-.246","-1.1669","2.2077","Total Bond Market - Broad","Total Bond Market ETFs"
"iShares ESG Aware MSCI USA Value ETF","EVUS","384.85","100","1.0014","2.992",".5629","7.039","13.0138","23.6932","Strategy - Socially Responsible","Style Box - All Cap Value"
"iShares MSCI Australia ETF","EWA","1333.33","98.90510948905109489051094890510948905109","1.1322","3.2993",".8635","5.6104","5.7919","17.3627","Geographic - Australia","Asia-Pacific (Developed) ETFs"
"iShares MSCI Canada ETF","EWC","6831.6","98.73793615441722345953971789161098737936","1.9585","4.7276",".3373","7.0012","9.9448","29.3645","Geographic - Canada","Canadian Equity ETFs"
"iShares MSCI Sweden ETF","EWD","745.04","85.86723768736616702355460385438972162741","1.5982","1.5209","-.946","5.7204","5.2516","19.5219","Geographic - Sweden","European Equity ETFs"
"iShares MSCI Germany ETF","EWG","1788.67","89.70814132104454685099846390168970814132",".9191","1.2448","-1.4805","4.6331","7.6536","9.0172","Geographic - Germany","European Equity ETFs"
"iShares MSCI Hong Kong ETF","EWH","1200.68","59.64010282776349614395886889460154241645",".481",".2618",".0871","2.2802","-.7651","13.6027","Geographic - Hong Kong","Asia-Pacific (Developed) ETFs"
"iShares MSCI Italy ETF","EWI","1114.05","89.80061349693251533742331288343558282209","1.0427","-.593","-.2573","8.0047","17.264","26.8275","Geographic - Italy","European Equity ETFs"
"iShares MSCI Japan ETF","EWJ","22732.67","97.16558925907508702138239681750372948782","1.9367","5.3708","2.1494","4.7487","13.326","30.1968","Geographic - Japan","Asia-Pacific (Developed) ETFs"
"iShares MSCI Japan Value ETF","EWJV","775.36","100","2.3318","6.875","4.4418","9.6412","15.3493","35.9774","Geographic - Japan","Asia-Pacific (Developed) ETFs"
"iShares MSCI Switzerland ETF","EWL","2421.26","85.82887700534759358288770053475935828877",".954",".5066","-.3453","6.0434","3.8104","17.2484","Geographic - Switzerland","European Equity ETFs"
"iShares MSCI Malaysia ETF","EWM","320.23","60.4823747680890538033395176252319109462",".712",".6403","-1.873","2.9677","1.7695","17.7614","Geographic - Malaysia","Asia-Pacific (Emerging) ETFs"
"iShares MSCI Netherlands ETF","EWN","622.2","80.65049614112458654906284454244762954796",".1471",".8739","-1.2041","2.1256","15.2614","35.8433","Geographic - Netherlands","European Equity ETFs"
"iShares MSCI Austria ETF","EWO","202.45","100","1.2043","3.389","1.1951","11.7177","26.5147","49.2938","Geographic - Austria","European Equity ETFs"
"iShares MSCI Spain ETF","EWP","2248.06","95.90531030070377479206653870761356365963","1.0657","1.0168",".2884","11.6832","19.7027","36.5666","Geographic - Spain","European Equity ETFs"
"iShares MSCI France ETF","EWQ","337.37","60.86956521739130434782608695652173913043",".329","-2.7016","-.8454","2.8494","3.8991","10.6145","Geographic - France","European Equity ETFs"
"iShares MSCI Singapore ETF","EWS","1275.66","100",".2632","5.8987",".9123","16.9175","24.933","26.6035","Geographic - Singapore","Asia-Pacific (Developed) ETFs"
"iShares MSCI Taiwan ETF","EWT","11873.16","97.28155339805825242718446601941747572816",".6397","12.4005","1.3808","3.0215","54.4817","92.3142","Geographic - Taiwan","Asia-Pacific (Developed) ETFs"
"iShares MSCI United Kingdom ETF","EWU","3785.27","91.49700598802395209580838323353293413174",".954",".933",".1028","6.3039","5.5309","21.844","Geographic - UK","European Equity ETFs"
"iShares MSCI Mexico ETF","EWW","1806.41","75.51724137931034482758620689655172413793",".984",".5487","-.2462",".0356","3.6325","26.4888","Geographic - Mexico","Latin American Equity ETFs"
"State Street SPDR S&P Emerging Markets Small Cap ETF","EWX","691.96","74.95748299319727891156462585034013605442","-.1331","7.4749","-.6755","-.848","11.6095","13.818","Geographic - Broad Emerging Markets","Broad Emerging Market ETFs"
"iShares MSCI South Korea ETF","EWY","27311.92","73.45606924503675207803805729202445558838",".9505","12.681","-.8675","-15.2141","36.4365","150.4417","Geographic - South Korea","Asia-Pacific (Developed) ETFs"
"iShares MSCI Brazil ETF","EWZ","8654.05","72.1792890262751159196290571870170015456",".105","4.6952","6.6275","11.0297","4.456","36.9433","Geographic - Brazil","Latin American Equity ETFs"
"iShares MSCI Brazil Small-Cap ETF","EWZS","230.52","41.44144144144144144144144144144144144144",".6657","3.0124","7.2245","1.3151","-5.3462","7.7459","Geographic - Brazil","Latin American Equity ETFs"
"iShares Global Industrials ETF","EXI","1409.33","76.48217020345657405381754539488077007219","1.425","-1.8079","-1.9641","1.9983","2.0403","19.1794","Industrials  - Broad","Industrials ETFs"
"Cambria Emerging Shareholder Yield ETF","EYLD","932.43","100",".5683","8.1878","1.5785","5.7084","18.2923","39.3138","Geographic - Broad Emerging Markets","Broad Emerging Market ETFs"
"iShares MSCI South Africa ETF","EZA","573.92","58.69932432432432432432432432432432432432","2.6147","11.6431",".3633","9.2695","-.4156","33.2162","Geographic - South Africa","Africa-Middle East Equity ETFs"
"Franklin Bitcoin ETF","EZBC","457.97","34.34760185662712738525012893243940175348","5.7073","28.0293","2.2959","25.0463","19.7212","-27.3385","Cryptocurrency ETFs","Cryptocurrency ETFs"
"WisdomTree U.S. MidCap ETF","EZM","941.59","89.45010183299389002036659877800407331976",".8542","-.449","-.7081","3.9055","9.5344","17.543","Style Box - Mid Cap Value","Style Box - Mid Cap Value"
"iShares MSCI Eurozone ETF","EZU","9825.13","86.14262560777957860615883306320907617504",".5724",".0712","-1.0698","4.3193","10.818","21.9289","Geographic - Broad Europe","European Equity ETFs"
"First Trust Alternative Absolute Return Strategy ETF","FAAR","212.71","61.65562913907284768211920529801324503311",".5243","2.2934","1.5174","-6.9817",".2394","14.3684","Basket - Broad","Broad Commodity ETFs"
"First Trust Multi Cap Growth AlphaDEX ETF","FAD","573.87","68.00932023097963732144666193901327119846","1.0973","-1.3809","-2.5296","-2.8929","11.0018","19.8019","Style Box - All Cap Growth","Style Box - All Cap Growth"
"iShares Fallen Angels USD Bond ETF","FALN","1660.26","30.29197080291970802919708029197080291971",".0933",".9326","-.4523","1.025","1.7231","4.934","Corporates - Junk/High Yield","High-Yield/Junk Bond ETFs"
"First Trust Global Wind Energy ETF","FAN","240.4","58.05330243337195828505214368482039397451","1.1568","-.8067","-2.3573","-8.4005",".9663","31.063","Strategy - Socially Responsible","Alternative Energy ETFs"
"FT Vest U.S. Equity Buffer ETF - April","FAPR","1320.13","100",".5534","1.5046",".3557","2.6648","7.1987","11.4299","Derivative Based ETF","Defined Outcome"
"Direxion Daily Financial Bull 3X ETF","FAS","2345.18","100","4.5753","4.9342","2.9646","47.8356","41.183","14.5038","Derivative Based ETF","Leveraged Equity ETFs"
"FT Vest U.S. Equity Buffer ETF - August","FAUG","1292.8","100",".6331","1.3097",".2506","3.2112","9.3797","14.3153","Derivative Based ETF","Defined Outcome"
"Fidelity Blue Chip Growth ETF","FBCG","7281.06","88.05418719211822660098522167487684729064","1.2716","1.6694","-.3369","-2.0035","18.3689","22.0204","Style Box - All Cap Growth","Style Box - All Cap Growth"
"Fidelity Total Bond ETF","FBND","28137.63","4.03587443946188340807174887892376681614",".0895",".1004","-.4768","-.4776","-1.3031","1.9042","Total Bond Market - Broad","Total Bond Market ETFs"
"Fidelity Disruptive Automation ETF","FBOT","211.99","85.33516807548653430312561431098879496756","1.829","1.4999","-2.3753","-1.8505","9.3815","26.4379","Artificial Intelligence and Robotics ETF","Artificial Intelligence and Robotics ETF"
"First Trust NYSE Arca Biotechnology ETF","FBT","2980.82","99.87981852597422107382147042033470540516",".117","11.5234","-.0438","23.8028","36.1056","56.2818","Healthcare - Biotech","Health Care ETFs"
"Fidelity Wise Origin Bitcoin Fund","FBTC","14356.56","34.52646001027573214591539647199862990238","5.8255","28.0986","2.3721","25.1274","19.7813","-27.2848","Cryptocurrency ETFs","Cryptocurrency ETFs"
"First Trust Natural Gas ETF","FCG","693.26","90.82483781278962001853568118628359592215","-.626","9.144","2.618","7.2003","12.1757","37.2301","Energy - natural gas","Energy ETFs"
"Fidelity MSCI Communication Services Index ETF","FCOM","1813.31","62.62042389210019267822736030828516377649","1.1531","1.2243","2.2895",".2433","-.6884","4.6872","Communication Services - Broad","Communication Services ETFs"
"Fidelity Corporate Bond ETF","FCOR","354.05","4.49640287769784172661870503597122302158",".1849","-.1102","-.4542","-1.1618","-1.8723","1.434","Corporates - Investment Grade","Investment Grade Corporate Bond ETFs"
"Fidelity Stocks for Inflation ETF","FCPI","284.18","100",".9061","4.0797",".35","4.9535","13.2038","20.8008","Style Box - All Cap Blend","Style Box - All Cap Blend"
"SMI 3Fourteen Full-Cycle Trend ETF","FCTE","255.82","69.89956528256633188427522110628091740369",".6403","-2.3586","-2.8692","5.3939","8.574","10.4062","Style Box - Large Cap Blend","Style Box - Large Cap Blend"
"First Trust STOXX European Select Dividend ETF","FDD","932.13","100","1.0274","2.3798","1.0076","9.1465","18.4088","36.8963","Geographic - Broad Europe","European Equity ETFs"
"FT Vest U.S. Equity Buffer ETF - December","FDEC","1307.22","100",".4341","1.4735",".2453","2.8247","9.628","16.2762","Derivative Based ETF","Defined Outcome"
"Fidelity Emerging Markets Multifactor ETF","FDEM","602.25","80.40540540540540540540540540540540540541",".5788","4.278",".6815","-2.06","12.5144","28.9152","Geographic - Broad Emerging Markets","Broad Emerging Market ETFs"
"Fidelity International Multifactor ETF","FDEV","287.47","100","1.3615","2.9262","1.2331","8.4538","6.6211","20.3755","Foreign Large Blend ETF","Foreign Large Blend ETF"
"American Century Focused Dynamic Growth ETF","FDG","413.96","78.21489807582396646980377214707563345399","2.56","2.469","1.489","-1.7957","12.2718","16.278","Style Box - All Cap Growth","Style Box - All Cap Growth"
"Fidelity Enhanced High Yield ETF","FDHY","605.74","52.68138801261829652996845425867507886435",".1638",".7763","-.1644","1.3532","2.7215","6.2013","Corporates - Junk/High Yield","High-Yield/Junk Bond ETFs"
"Fidelity Crypto Industry and Digital Payments ETF","FDIG","262.79","52.94582839066824831949387109529458283907","6.1025","8.8826",".2017","-.4839","30.3095","15.9269","Cryptocurrency ETFs","Cryptocurrency ETFs"
"Fidelity MSCI Consumer Discretionary Index ETF","FDIS","1663.65","67.22288438617401668653158522050059594756","1.357","-2.016",".2863",".4838","4.1755","2.7153","Consumer Discretionary - Broad","Consumer Discretionary ETFs"
"First Trust Morningstar Dividend Leaders ETF","FDL","8146.51","99.37444146559428060768543342269883824844",".2065","3.3088",".8691","8.0506","6.5875","25.3975","Style Box - Large Cap Value","Style Box - Large Cap Value"
"Fidelity Low Volatility Factor ETF","FDLO","1421.05","93.70078740157480314960629921259842519685",".6869","1.0101",".2747","4.9778","8.2948","14.029","Style Box - Large Cap Blend","Style Box - Large Cap Blend"
"Inspire Fidelis Multi Factor ETF","FDLS","251.67","94.08713692946058091286307053941908713693",".7438","1.3801",".3938","7.6863","12.8677","29.0349","Strategy - Socially Responsible","Style Box - All Cap Blend"
"First Trust Dow Jones Select MicroCap ETF","FDM","270.19","88.89597957881301850670070197830248883216",".0753","-.1609",".9654","9.5226","10.3765","25.9205","Style Box - Small Cap Blend","Style Box - Small Cap Blend"
"Fidelity Momentum Factor ETF","FDMO","900.29","80.88713423130515559684161634928007431491",".7198","1.2054","-.2903","-2.0754","14.1002","20.2516","Style Box - Large Cap Blend","Style Box - Large Cap Blend"
"First Trust Dow Jones Internet ETF","FDN","5316.72","97.35357917570498915401301518438177874187","2.0982","3.737","-.1395","4.6359","21.1428","5.6836","Technology  - Internet","Technology ETFs"
"Fidelity Dividend ETF for Rising Rates","FDRR","768.01","100",".8751","3.2093","1.2653","6.1591","15.7561","25.7871","Style Box - All Cap Value","Style Box - All Cap Value"
"First Trust Developed Markets ex-US AlphaDEX ETF","FDT","1329.48","86.91585370309474222660674485732032591618","1.69","7.452",".7096","-1.1994","7.5778","37.1503","Foreign Large Value ETF","Foreign Large Value ETF"
"Fidelity Disruptive Technology ETF","FDTX","280.32","80.62294100029949086552860137765798143157","1.7243","3.6947","-3.2216","-7.2539","41.2089","41.0645","Technology  - broad","Technology ETFs"
"Federated Hermes U.S. Strategic Dividend ETF","FDV","912.46","95.44715447154471544715447154471544715447",".3564","2.6042",".9508","9.6109","7.9716","21.8738","Style Box - Large Cap Value","Style Box - Large Cap Value"
"Fidelity High Dividend ETF","FDVV","10446.36","94.43911792905081495685522531160115052733",".9981","1.1744",".6632","5.4281","11.1647","19.5309","Style Box - All Cap Value","Style Box - All Cap Value"
"First Eagle Global Equity ETF","FEGE","2512.44","99.07063197026022304832713754646840148699",".927","4.1077",".1314","6.8496","8.0616","27.6655","Global Large-Cap Blend Equity ETF","Global Large-Cap Blend Equity ETF"
"Fidelity Enhanced Large Cap Core ETF","FELC","8549.08","98.66220735785953177257525083612040133779","1.0312","2.2021",".5703","4.3387","16.7387","23.2215","Style Box - Large Cap Blend","Style Box - Large Cap Blend"
"Fidelity Enhanced Large Cap Growth ETF","FELG","5638.04","89.46808510638297872340425531914893617021","1.3209","2.5824","-.0449","-.7444","13.3232","14.3838","Style Box - Large Cap Growth","Style Box - Large Cap Growth"
"Fidelity Enhanced Large Cap Value ETF","FELV","3404.19","100",".8641","1.9835",".8641","9.4795","20.0138","32.8771","Style Box - Large Cap Value","Style Box - Large Cap Value"
"First Trust Emerging Markets AlphaDEX ETF","FEM","817.89","95.76314446145992853496681980602348136804",".2491","7.3028",".3696","2.0909","12.3331","28.5738","Geographic - Broad Emerging Markets","Broad Emerging Market ETFs"
"First Trust Emerging Markets Local Currency Bond ETF","FEMB","384.67","54.1501976284584980237154150197628458498",".6421","1.9218",".3707","3.7145","2.6175","9.5671","International - Emerging Market","Emerging Market Bond ETFs"
"First Trust Emerging Markets Small Cap AlphaDEX ETF","FEMS","245.08","70.00253036437246963562753036437246963563","-.418","7.0064","-1.1521","1.0192","4.1531","12.2893","Geographic - Broad Emerging Markets","Broad Emerging Market ETFs"
"Fidelity Enhanced International ETF","FENI","11405.44","95.26315789473684210526315789473684210526","1.1176","2.0348",".2408","4.6114","9.2119","25.6858","Geographic - EAFE","Broad Developed World ETFs"
"Fidelity MSCI Energy Index ETF","FENY","2188.27","97.91332263242375601926163723916532905297","-.72","9.8682","3.6427","10.6814","15.6942","49.6812","Energy - Broad","Energy ETFs"
"First Eagle Overseas Equity ETF","FEOE","1903.15","95.0925181013676588897827835880933226066",".8593","1.6417","-.0532","4.2175","7.4166","28.0251","Foreign Large Blend ETF","Foreign Large Blend ETF"
"First Trust Europe AlphaDEX ETF","FEP","533.33","94.53857400877268426937301109486539950116","1.225","2.016","-.4653","3.5207","9.7861","26.5845","Geographic - Broad Europe","European Equity ETFs"
"REX FANG & Innovation Equity Premium Income ETF","FEPI","690.36","38.23529411764705882352941176470588235294","1.8288","7.7126","1.5375","-1.0643","14.6505","16.696","Derivative Based ETF","Active Non-Transparent ETFs"
"Fidelity Enhanced Small Cap Core ETF","FESM","6472.71","88.37876614060258249641319942611190817791",".4677","-.4214","-1.6236","5.0654","19.6496","34.8852","Style Box - Small Cap Blend","Style Box - Small Cap Blend"
"Fidelity Ethereum Fund","FETH","1291.53","30.27769012306721363206058693594193751972","5.3272","34.9275",".8029","40.0446","27.3327","-43.8506","Digital Economy ETF","Digital Economy ETF"
"First Trust Large Cap Core AlphaDEX ETF","FEX","1582.4","85.81592689295039164490861618798955613577",".7956",".292","-1.0405","1.5694","10.3125","22.2713","Style Box - Large Cap Blend","Style Box - Large Cap Blend"
"State Street SPDR EURO STOXX 50 ETF","FEZ","4441.2","87.92",".6129",".1703","-1.0513","6.0361","11.5666","22.0192","Geographic - Broad Europe","European Equity ETFs"
"FT Vest U.S. Equity Buffer ETF - February","FFEB","1422.37","100",".4889","1.4894",".3441","2.8548","9.2541","16.2282","Derivative Based ETF","Defined Outcome"
"Fidelity Fundamental Large Cap Core ETF","FFLC","1218.7","95.32627865961199294532627865961199294533","1.0546",".9026",".3824","3.063","13.1318","20.1992","Style Box - Large Cap Blend","Style Box - Large Cap Blend"
"Fidelity Fundamental Large Cap Growth ETF","FFLG","611.2","78.05103336797136589308393949890312896894","1.3086","1.8666","-.4783","-4.5247","14.8241","18.7954","Style Box - Large Cap Growth","Style Box - Large Cap Growth"
"Franklin Focused Dynamic Growth ETF","FFOG","344.45","79.94384580361208074062831992715131279405","1.5921","1.5381","-.507","-4.1232","15.8306","9.6158","Style Box - Large Cap Growth","Style Box - Large Cap Growth"
"FundX Future Fund Opportunities ETF","FFOX","233.04","63.20704845814977973568281938325991189427",".5524","-1.8963","-2.4156","3.5075","2.2179","8.8222","Geographic - Global Total Market","World ETFs"
"Fidelity Fundamental Small-Mid Cap ETF","FFSM","1577.33","78.62745098039215686274509803921568627451",".8906","-2.5013","-2.3963","-.4417","7.8972","26.6945","Style Box - All Cap Blend","Style Box - All Cap Blend"
"Fidelity Managed Futures ETF","FFUT","356.76","100",".385","4.5145","2.6399","4.3098","13.4441","23.3242","Derivative Based ETF","Hedge Fund ETFs"
"First Trust Dow Jones Global Select Dividend ETF","FGD","1649.74","100",".7289","4.0243",".8703","8.7735","12.4954","30.6455","Foreign Large Value ETF","Foreign Large Value ETF"
"Franklin Responsibly Sourced Gold ETF","FGDL","453.22","47.96920516021639617145235122763212650853","1.893","10.4465","-2.8468",".9949","-12.1136","25.0514","Precious Metals - Gold","Precious Metals ETFs"
"Fidelity Hedged Equity ETF","FHEQ","972.69","95.04424778761061946902654867256637168142",".8233","1.24",".513","2.3919","12.536","15.7911","Hedge Fund - Broad","Hedge Fund ETFs"
"Fidelity MSCI Health Care Index ETF","FHLC","3531.77","94.25952725518572117703810902074288470815",".1311","6.7073",".6229","18.4301","13.0479","29.5444","Healthcare - Broad","Health Care ETFs"
"First Trust International Developed Capital Strength ETF","FICS","207.85","86.60361134995700773860705073086844368014","1.0002","-.3595","-.1671","6.4945","5.4637","12.3899","Foreign Large Growth ETF","Foreign Large Growth ETF"
"Fidelity International High Dividend ETF","FIDI","393.23","99.91049051199427139276763336913712853562","1.0734","1.7147","1.2287","7.6243","9.3156","27.6866","Foreign Large Value ETF","Foreign Large Value ETF"
"Fidelity MSCI Industrials Index ETF","FIDU","2243.22","67.29147141518275538894095595126522961575","1.1686","-4.6428","-2.4023","-1.7638","-.7166","17.7824","Industrials  - Broad","Industrials ETFs"
"Fidelity Investment Grade Bond ETF","FIGB","643.82","7.31707317073170731707317073170731707317",".2614",".2985","-.2686","-.3949","-1.5661","1.5557","Total Bond Market - Broad","Total Bond Market ETFs"
"First Trust Intermediate Duration Investment Grade Corporate ETF","FIIG","640.08","3.30578512396694214876033057851239669421","0","-.0918","-.6843","-.5381","-1.6194","1.2789","Corporates - Investment Grade","Investment Grade Corporate Bond ETFs"
"Fidelity MSCI North American Subset Index ETF","FINA","1682.45","91.24924562462281231140615570307785153893","1.1814","2.27",".1892","0","0","0","Style Box - All Cap Blend","Style Box - All Cap Blend"
"State Street Fixed Income Sector Rotation ETF","FISR","628","5.34351145038167938931297709923664122137",".0797",".5073","-.4108","-.2443","-1.6856","1.3698","Total Bond Market - Broad","Total Bond Market ETFs"
"Fidelity International Value Factor ETF","FIVA","637.44","100","1.4182","2.343","1.0125","6.4813","13.2231","35.6455","Foreign Large Value ETF","Foreign Large Value ETF"
"First Trust Water ETF","FIW","1854.77","56.32148377125193199381761978361669242658",".5733","-1.3424","-1.9383","4.4267","-2.8139","-2.4331","Industrials  - Water","Industrials ETFs"
"First Trust Smith Opportunistic Fixed Income ETF","FIXD","3190.42","4.00862068965517241379310344827586206897",".1101","-.0629","-.547","-.7873","-1.8455","1.7564","Total Bond Market - Broad","Total Bond Market ETFs"
"TCW Core Plus Bond ETF","FIXT","227.78","5.06024096385542168674698795180722891566",".2842",".6199","-.455","-.0027","-1.3773","2.3001","Total Bond Market - Broad","Total Bond Market ETFs"
"FT Vest U.S. Equity Buffer ETF - January","FJAN","1469.74","100",".4608","1.5043",".3275","2.8302","9.6113","15.4849","Derivative Based ETF","Defined Outcome"
"First Trust Japan AlphaDEX ETF","FJP","261.38","80.02621231979030144167758846657929226737","1.665","4.7724","1.2935","2.5945","2.4237","23.5658","Geographic - Japan","Asia-Pacific (Developed) ETFs"
"FT Vest U.S. Equity Buffer ETF - July","FJUL","1285.75","100",".6328","1.4674",".2443","4.0054","9.7752","14.8241","Derivative Based ETF","Defined Outcome"
"FT Vest U.S. Equity Buffer ETF - June","FJUN","1415.62","100",".6051","1.5349",".3507","3.0313","7.1031","11.8749","Derivative Based ETF","Defined Outcome"
"Franklin FTSE Australia ETF","FLAU","227.85","98.06189434198186933416692716473898093154","1.0813","3.6878",".778","5.832","6.291","17.9814","Geographic - Australia","Asia-Pacific (Developed) ETFs"
"Franklin Senior Loan ETF","FLBL","864.38","28.66242038216560509554140127388535031847",".0868","1.7627",".186","2.3814","5.7836","2.7742","Corporates - Bank Loan","High-Yield/Junk Bond ETFs"
"Franklin FTSE Brazil ETF","FLBR","619.62","69.37799043062200956937799043062200956938","-.2547","3.4331","6.8668","8.3508","4.6294","38.8175","Geographic - Brazil","Latin American Equity ETFs"
"Franklin FTSE Canada ETF","FLCA","856.52","99.0701606086221470836855452240067624683","1.9733","5.0521",".3596","7.2558","10.3082","29.2578","Geographic - Canada","Canadian Equity ETFs"
"Franklin U.S. Core Bond ETF","FLCB","3061.01","2.88461538461538461538461538461538461538",".0956",".4073","-.5119","-.6005","-1.6346","1.6713","Total Bond Market - Broad","Total Bond Market ETFs"
"Federated Hermes MDT Large Cap Growth ETF","FLCG","612.72","92.49291784702549575070821529745042492918","1.4851","2.4949","-.1695","1.9037","12.7673","12.9256","Style Box - Large Cap Growth","Style Box - Large Cap Growth"
"Franklin FTSE China ETF","FLCH","332.79","21.69657422512234910277324632952691680261","-.0463","-2.5271","-.7809","-2.5021","-4.8072","-8.8937","Geographic - China","Asia-Pacific (Emerging) ETFs"
"Franklin Investment Grade Corporate ETF","FLCO","553.04","2.77777777777777777777777777777777777778",".168",".4363","-.7135","-.9994","-1.5728","1.3886","Corporates - Investment Grade","Investment Grade Corporate Bond ETFs"
"Fidelity Low Duration Bond ETF","FLDB","416.9","6.93069306930693069306930693069306930693",".0617",".2724","-.0159","1.0692","1.7527","3.7491","Total Bond Market - Broad","Total Bond Market ETFs"
"Fidelity Low Duration Bond Factor ETF","FLDR","2215","7.36842105263157894736842105263157894737",".03",".356","-.004",".8044","1.48","3.8394","Corporates - Floating Rate","Investment Grade Corporate Bond ETFs"
"Franklin FTSE United Kingdom ETF","FLGB","901.41","91.67315175097276264591439688715953307393","1.0109",".9701","-.0533","7.1025","6.1435","21.9217","Geographic - UK","European Equity ETFs"
"Franklin U.S. Treasury Bond ETF","FLGV","1041.66","2.88461538461538461538461538461538461538",".1007",".478","-.4408","-.4542","-1.7836","1.0911","US Treasury - Intermediate Term","Government Bond ETFs"
"Franklin High Yield Corporate ETF","FLHY","1256.09","29.33333333333333333333333333333333333333",".1664","1.2824","-.207","1.1434","2.1476","5.3869","Corporates - Junk/High Yield","High-Yield/Junk Bond ETFs"
"Franklin International Aggregate Bond ETF","FLIA","758.58","18.4375",".3618","-.0101","-.1697",".0521","-.1271","2.1338","International - Broad Treasury","Developed Market Bond ETFs"
"Franklin FTSE India ETF","FLIN","2680.24","48.50948509485094850948509485094850948509",".1115","0",".6444","5.6781",".2232","-4.6717","Geographic - India","Asia-Pacific (Emerging) ETFs"
"Franklin FTSE Japan Hedged ETF","FLJH","202.71","90.15950713140349396573550510591611106422","-.0781","4.5752","-.2276","2.2057","13.4173","39.5826","Geographic - Japan","Asia-Pacific (Developed) ETFs"
"Franklin FTSE Japan ETF","FLJP","4123.73","97.7914110429447852760736196319018404908","1.8822","5.226","2.1068","4.5173","12.4361","28.8426","Geographic - Japan","Asia-Pacific (Developed) ETFs"
"Franklin FTSE South Korea ETF","FLKR","1663.24","73.63194591168392140291569828861187407564","1.3394","13.351","-.516","-12.5901","39.7582","147.9437","Geographic - South Korea","Asia-Pacific (Developed) ETFs"
"iShares Floating Rate Bond ETF","FLOT","10671.63","41.0958904109589041095890410958904109589","-.0393",".6054",".0215",".9047","2.2139","4.3282","Corporates - Floating Rate","Investment Grade Corporate Bond ETFs"
"Franklin U.S. Large Cap Multifactor Index ETF","FLQL","2109.92","94.96855345911949685534591194968553459119","1.0346","1.4753",".1012","1.7881","12.9584","20.8928","Style Box - Large Cap Blend","Style Box - Large Cap Blend"
"Franklin U.S. Mid Cap Multifactor Index ETF","FLQM","1552.16","88.45671267252195734002509410288582183187",".5761","1.1255","-.6342","8.1765","6.0844","9.7892","Style Box - Mid Cap Blend","Style Box - Mid Cap Blend"
"Fidelity U.S. Multifactor ETF","FLRG","296.73","97.23820483314154200230149597238204833142",".8964","2.1471",".0702","3.9903","13.2022","15.9638","Style Box - All Cap Value","Style Box - All Cap Value"
"State Street SPDR Bloomberg Investment Grade Floating Rate ETF","FLRN","2933.55","42.85714285714285714285714285714285714286","-.0325",".7069",".0623",".9511","2.2303","4.3297","Corporates - Floating Rate","Investment Grade Corporate Bond ETFs"
"Pacer Aristotle Pacific Floating Rate High Income ETF","FLRT","728.01","36.05442176870748299319727891156462585034",".0064",".8212",".7996","1.4079","4.1051","5.2407","Corporates - Floating Rate","High-Yield/Junk Bond ETFs"
"Franklin Systematic Style Premia ETF","FLSP","1073.55","100",".7695","2.7094","1.5402","5.7248","3.6704","15.5055","Hedge Fund - Broad","Hedge Fund ETFs"
"Fidelity Limited Term Bond ETF","FLTB","453.04","4.38247011952191235059760956175298804781",".1105",".1803","-.2194",".4844",".5226","2.7305","Corporates- Intermediate Term","Investment Grade Corporate Bond ETFs"
"VanEck IG Floating Rate ETF","FLTR","3193.8","56.52173913043478260869565217391304347826","-.0783",".6701",".0418","1.091","2.2771","4.6682","Corporates - Floating Rate","Investment Grade Corporate Bond ETFs"
"Franklin FTSE Taiwan ETF","FLTW","3792.67","93.9501116902457185405807892777364110201",".9804","12.3121","1.941",".8774","53.2877","99.3901","Geographic - Taiwan","Asia-Pacific (Developed) ETFs"
"Franklin Ultra Short Bond ETF","FLUD","580.87","6.81818181818181818181818181818181818182",".0602",".7161",".0616",".8491","1.7757","3.7841","Ultra short Bond ETF","Ultra short Bond ETF"
"American Century Focused Large Cap Value ETF","FLV","381.28","97.35000647920176234287935726318517558637",".5509","1.1465","-.1291","9.8697","9.0262","20.0521","Style Box - Large Cap Value","Style Box - Large Cap Value"
"TCW Flexible Income ETF","FLXR","3604.44","3.78787878787878787878787878787878787879",".1036",".748","-.41",".5893",".9625","3.4805","Total Bond Market - Broad","Total Bond Market ETFs"
"Fidelity Magellan ETF","FMAG","241.53","78.53562205681300319003493847789761506912",".7348","-1.76","-1.7573","-2.9826","7.2221","3.4672","Style Box - All Cap Growth","Style Box - All Cap Growth"
"FT Vest U.S. Equity Buffer ETF - March","FMAR","1173.35","100",".3371","1.2971",".2995","2.5948","11.6378","16.976","Derivative Based ETF","Defined Outcome"
"Fidelity MSCI Materials Index ETF","FMAT","617.92","84.49894476384542609708172622079906848119","-.3136","4.4448","-1.4363","1.3056",".3118","16.4859","Materials  - Broad","Materials ETFs"
"FT Vest U.S. Equity Buffer ETF - May","FMAY","1458.79","100",".7066","1.5659",".3302","2.4765","7.5755","12.4367","Derivative Based ETF","Defined Outcome"
"Fidelity Enhanced Mid Cap Core ETF","FMDE","8192.54","91.42526071842410196987253765932792584009",".9565","1.6859","-.5652","5.7043","13.0589","19.6914","Style Box - Mid Cap Blend","Style Box - Mid Cap Blend"
"First Trust Managed Futures Strategy ETF","FMF","275.05","77.47930082796688132474701011959521619135","-.1885","2.1733",".8153","-1.8446","2.4441","11.4593","Derivative Based ETF","Hedge Fund ETFs"
"MarketDesk Focused U.S. Momentum ETF","FMTM","274.6","72.97814033522401376585303677267223248996","1.7299","1.1553","-2.0631","-6.9438","8.1229","44.5712","Style Box - All Cap Growth","Style Box - All Cap Growth"
"Fidelity MSCI Financials Index ETF","FNCL","2410.8","100","1.622","1.858","1.0918","15.6485","15.0918","11.2308","Financials-Broad","Financials ETFs"
"Schwab Fundamental U.S. Small Company ETF","FNDA","9065.72","83.7690631808278867102396514161220043573",".3795","-1.9592","-1.5683","2.7584","8.7654","21.0695","Style Box - Small Cap Value","Style Box - Small Cap Value"
"Schwab Fundamental U.S. Broad Market ETF","FNDB","1493.07","99.8544395924308588064046579330422125182",".694","2.1113",".8212","5.7273","14.5217","28.8356","Style Box - All Cap Value","Style Box - All Cap Value"
"Schwab Fundamental International Small Company Index ETF","FNDC","3150.09","100","1.238","3.9548",".0583","4.4104","7.621","22.2991","Foreign Small/Mid Value ETF","Foreign Small/Mid Value ETF"
"Schwab Fundamental Emerging Markets Equity ETF","FNDE","10455.33","100",".3752","3.5567","1.711","3.1603","11.4516","28.7744","Geographic - Broad Emerging Markets","Broad Emerging Market ETFs"
"Schwab Fundamental International Equity ETF","FNDF","26125.16","100","1.1341","3.8447","1.1523","3.0589","13.3152","38.4502","Foreign Large Value ETF","Foreign Large Value ETF"
"Schwab Fundamental U.S. Large Company ETF","FNDX","27741.12","100",".7064","2.5008","1.0166","5.9839","15.0505","29.531","Style Box - Large Cap Value","Style Box - Large Cap Value"
"MicroSectors FANG+ Index 2X Leveraged ETN","FNGO","748.27","99.73259200423616626952607889859676992322","3.8596","12.6304","2.4966","2.8922","58.3274","35.2977","Active Non-Transparent ETFs","Leveraged Equity ETFs"
"MicroSectors FANG+ ETN","FNGS","600.15","100","1.987","6.5683","1.6187","3.1536","29.3754","22.4272","Active Non-Transparent ETFs","Active Non-Transparent ETFs"
"MicroSectors FANG+ 3X Leveraged ETNs","FNGU","2584","90.76717216770740410347903657448706512043","5.5108","18.2102","3.5866","-.9302","79.3684","31.583","Active Non-Transparent ETFs","Leveraged Equity ETFs"
"First Trust Mid Cap Value AlphaDEX ETF","FNK","232.96","100",".3786","1.5556",".6773","9.6335","10.4781","18.3474","Style Box - Mid Cap Value","Style Box - Mid Cap Value"
"FT Vest U.S. Equity Buffer ETF - November","FNOV","1241.91","100",".4327","1.4618",".3004","2.9951","9.6898","16.231","Derivative Based ETF","Defined Outcome"
"First Trust Mid Cap Core AlphaDEX ETF","FNX","1380.09","89.24187725631768953068592057761732851986",".6372","-.2166","-.7607","3.1498","8.2854","18.6706","Style Box - Mid Cap Blend","Style Box - Mid Cap Blend"
"First Trust Mid Cap Growth AlphaDEX ETF","FNY","574.22","68.01025163094128611369990680335507921715",".9672","-1.3592","-2.6617","-2.0569","7.0456","17.7561","Style Box - Mid Cap Growth","Style Box - Mid Cap Growth"
"FT Vest U.S. Equity Buffer ETF - October","FOCT","1184.77","100",".354","1.5747",".2233","3.0873","10.0082","16.5549","Derivative Based ETF","Defined Outcome"
"Simplify Currency Strategy ETF","FOXY","358.37","21.88919164396003633060853769300635785649",".3983","-.6043","1.7615","-2.8718","-1.89","12.3911","Basket - Broad","Currency ETFs"
"FPA Global Equity ETF","FPAG","619.82","95.50898203592814371257485029940119760479",".676","1.5202","-.2521","7.4205","11.9653","21.7731","Global Large-Cap Value Equity ETF","Global Large-Cap Value Equity ETF"
"First Trust Preferred Securities and Income ETF","FPE","6270.17","9.375",".1135","-.5676","-.339","-.4004","-.2658","3.5889","Corporates - Convertible","Convertibles/CEFs/OET/Preferred Stock ETFs"
"First Trust Institutional Preferred Securities and Income ETF","FPEI","1938.73","26.74418604651162790697674418604651162791","0","-.3798","-.4722",".117",".8936","4.9242","Corporates - Convertible","Convertibles/CEFs/OET/Preferred Stock ETFs"
"First Trust US Equity Opportunities ETF","FPX","1465.37","55.88959212376933895921237693389592123769",".7175",".2713","-1.2488","-6.3671","10.2565","21.6758","Style Box - All Cap Growth","Style Box - All Cap Growth"
"First Trust International Equity Opportunities ETF","FPXI","288.01","46.50899400399733510992671552298467688208","1.4294","2.4271","-2.2876","-10.9408","9.9272","21.5685","Foreign Large Growth ETF","Foreign Large Growth ETF"
"Fidelity Quality Factor ETF","FQAL","1442.39","97.5475543478260869565217391304347826087",".8998","2.6399",".0929","5.0597","12.1454","18.6339","Style Box - Large Cap Blend","Style Box - Large Cap Blend"
"Freedom 100 Emerging Markets ETF","FRDM","3465.42","80.54150550431419220470098185063969056828",".6939","6.4334",".6212","-5.2145","22.696","68.8163","Geographic - Broad Emerging Markets","Broad Emerging Market ETFs"
"Fidelity MSCI Real Estate Index ETF","FREL","1450.09","68.31566548881036513545347467608951707892",".8947","-2.559","-1.0796","3.2194","3.049","9.9274","Real Estate   - Broad","Real Estate ETFs"
"Nomura Transformational Technologies ETF","FRWD","273.02","78.00186886777760473446503659866064475938",".8221","1.5535","-2.4781","-6.0151","34.7817","0","Technology  - broad","Technology ETFs"
"Federated Hermes MDT Small Cap Core ETF","FSCC","365.14","81.99241786015164279696714406065711878686",".4795","-.3079","-1.1105","2.9777","15.3311","23.7466","Style Box - Small Cap Blend","Style Box - Small Cap Blend"
"Fidelity Investment Grade Securitized ETF","FSEC","4632.16","7.21649484536082474226804123711340206186",".1391","-.0092","-.4686","-.336","-.8491","3.1094","Asset Backed - MBS","Mortgage-Backed Security ETFs"
"FT Vest U.S. Equity Buffer ETF - September","FSEP","1250","100",".2737","1.6288",".2472","3.3491","10.0473","14.1605","Derivative Based ETF","Defined Outcome"
"First Trust Limited Duration Investment Grade Corporate ETF","FSIG","1524.62","4.91803278688524590163934426229508196721",".1068",".2263","-.319",".3571",".1828","2.387","Corporates - Investment Grade","Investment Grade Corporate Bond ETFs"
"Fidelity Small-Mid Multifactor ETF","FSMD","2536.69","82.54799301919720767888307155322862129145",".627","-.3106","-.945","2.0559","11.2503","19.1203","Style Box - All Cap Blend","Style Box - All Cap Blend"
"Fidelity MSCI Consumer Staples Index ETF","FSTA","1418.74","61.9896492236917768832662449683726279471","-.2605",".0747",".3182","4.1469","-2.5782","7.0236","Consumer Staples - Broad","Consumer Staples ETFs"
"First Trust Large Cap Value AlphaDEX ETF","FTA","1428.16","97.33835367437029343027784990911451571021",".4752","1.9202",".3166","9.1526","10.8883","27.7262","Style Box - Large Cap Value","Style Box - Large Cap Value"
"First Trust Large Cap Growth AlphaDEX ETF","FTC","1313.51","59.85843839858438398584383985843839858438","1.1594","-1.6733","-2.755","-6.0526","9.4864","13.4465","Style Box - Large Cap Growth","Style Box - Large Cap Growth"
"First Trust Core Investment Grade ETF","FTCB","2641.33","5.04201680672268907563025210084033613445",".2449",".0365","-.5345","-.5761","-1.6643","2.1533","Total Bond Market - Broad","Total Bond Market ETFs"
"First Trust Capital Strength ETF","FTCS","7857.64","86.37206676880896701878880735424562535279",".6202","1.5753","-.4059","9.3382","2.5136","9.4717","Style Box - Large Cap Blend","Style Box - Large Cap Blend"
"Fidelity MSCI Information Technology Index ETF","FTEC","20890.91","88.08746413376867517562085683189868408034","1.4917","5.0013","-.8864","-2.4529","33.9421","40.3365","Technology  - broad","Technology ETFs"
"First Trust Global Tactical Commodity Strategy ETF","FTGC","3302","97.98965436162708676228544556783446978603","-.305","8.2056","1.4372","7.2625","20.0964","37.8779","Basket - Broad","Broad Commodity ETFs"
"First Trust Growth Strength ETF","FTGS","1294.73","84.16921064108155255124291321412996075011",".9498",".2448","-2.0052","4.5839","9.0858","9.9398","Style Box - Large Cap Growth","Style Box - Large Cap Growth"
"First Trust BuyWrite Income ETF","FTHI","2497.38","86.31578947368421052631578947368421052632",".9217","1.7995",".5846","3.2285","6.9375","12.6753","Derivative Based ETF","Derivative Based ETF"
"First Trust Long/Short Equity ETF","FTLS","2528","100",".6929","2.5976",".3126","3.3694","9.2602","14.7741","Hedge Fund - Long/Short","Long-Short ETFs"
"First Trust Nasdaq BuyWrite Income ETF","FTQI","961.19","89.42307692307692307692307692307692307692",".9124","2.2985",".1812","3.6566","15","22.5311","Derivative Based ETF","Derivative Based ETF"
"Federated Hermes Total Return Bond ETF","FTRB","621.56","3.73831775700934579439252336448598130841",".1622",".3018","-.4033","-.1963","-1.3127","2.0891","Total Bond Market - Broad","Total Bond Market ETFs"
"Franklin Short Duration U.S. Government ETF","FTSD","316.07","4.39422473320778405524168236032642812304",".0781",".611","-.314",".5606",".8492","3.0926","US Treasury - Short Term","Government Bond ETFs"
"First Trust Senior Loan ETF","FTSL","2361.21","24.14860681114551083591331269349845201238",".0111",".6244",".1003","1.3453","3.8367","3.9643","Corporates - Junk/High Yield","High-Yield/Junk Bond ETFs"
"First Trust Enhanced Short Maturity ETF","FTSM","6546.88","6.52173913043478260869565217391304347826",".0335",".2829","-.01",".9085","1.6975","3.7063","Ultra short Bond ETF","Ultra short Bond ETF"
"First Trust NASDAQ Pharmaceuticals ETF","FTXH","1076.36","96.48793739085440786495052066489877756937",".2136","9.4099",".519","22.5382","21.7311","51.7725","Healthcare - Pharma","Health Care ETFs"
"First Trust NASDAQ Semiconductor ETF","FTXL","1206.43","60.76625623282792306909534954716597130355",".269",".6176","-3.6027","-21.2629","47.7724","126.8927","Technology  - Semiconductors","Technology ETFs"
"First Trust NASDAQ Bank ETF","FTXO","298.41","87.65409213087403837241634998609695059783","1.2206","-.7188","1.8775","12.5821","14.8478","21.5094","Financials - Banking","Financials ETFs"
"First Trust NASDAQ Transportation ETF","FTXR","1010.8","82.33454066513006256173855778729008890352","1.4089","-2.7512","-1.1826","-1.3979","6.5985","28.0772","Industrials  - Transportation/Shipping","Industrials ETFs"
"Fidelity MSCI Utilities Index ETF","FUTY","2270.94","26.21722846441947565543071161048689138577",".7438","-2.8856","-.3946","-1.182","-7.1749","5.3213","Utilities  - Broad","Utilities/Infrastructure ETFs"
"First Trust Dorsey Wright Focus 5 ETF","FV","3781.4","86.44380403458213256484149855907780979827",".9182","4.995","-1.3047","-.8966","14.7282","20.9045","Style Box - Large Cap Growth","Style Box - Large Cap Growth"
"Fidelity Value Factor ETF","FVAL","1382.59","100",".8576","2.3661",".8442","4.7777","16.0613","26.1675","Style Box - Large Cap Value","Style Box - Large Cap Value"
"First Trust Value Line Dividend ETF","FVD","8172.98","90.41322314049586776859504132231404958678",".5579",".318","-.0396","8.3704","2.7547","12.0265","Style Box - Large Cap Value","Style Box - Large Cap Value"
"AB Disruptors ETF","FWD","3137.9","61.09902067464635473340587595212187159956","1.0871","-.4766","-2.428","-12.9195","12.4162","38.6506","Global Large-Cap Growth Equity ETF","Global Large-Cap Growth Equity ETF"
"First Trust Consumer Discretionary AlphaDEX ETF","FXD","263.04","64.62671905697445972495088408644400785855",".4479","-3.1894","-.3297","2.6249","1.178",".0309","Consumer Discretionary - Broad","Consumer Discretionary ETFs"
"Invesco CurrencyShares Euro Trust","FXE","368.8","39.71518987341772151898734177215189873418",".3555","1.183","-.1642",".5295",".4152",".3519","Single Currency - Euro","Currency ETFs"
"Invesco CurrencyShares Swiss Franc Trust","FXF","384.75","18.3673469387755102040816326530612244898",".6643",".3218","-.4108","-2.047","-3.477","-.9622","Single Currency - Swiss Franc","Currency ETFs"
"First Trust Consumer Staples AlphaDEX ETF","FXG","232.63","49.92256066081569437274135260712441920496","-1.526","-.0975","-.7078","7.5365","-3.9174","2.8501","Consumer Staples - Broad","Consumer Staples ETFs"
"First Trust Health Care AlphaDEX ETF","FXH","1160.96","97.28145857073091323457594009441640892072",".1825","5.0551",".0901","17.6373","19.1338","25.3804","Healthcare - Broad","Health Care ETFs"
"iShares China Large-Cap ETF","FXI","4238.15","36.9094488188976377952755905511811023622","-.5627","-3.0719",".2838",".1785","-1.2661","-7.4288","Geographic - China","Asia-Pacific (Emerging) ETFs"
"First Trust Technology AlphaDEX ETF","FXL","2699.2","84.42957649330942198923989515795282107877","1.7431","4.4609","-2.7084","-3.8079","31.1759","34.3057","Technology  - broad","Technology ETFs"
"First Trust Energy AlphaDEX ETF","FXN","409.15","98.76265466816647919010123734533183352081","-.4544","9.845","3.1237","8.2504","19.2602","50.8865","Energy - Broad","Energy ETFs"
"First Trust Financials AlphaDEX ETF","FXO","1124","100","1.6018",".7824","1.0988","16.2002","14.8504","15.6638","Financials-Broad","Financials ETFs"
"First Trust Industrials/Producer Durables AlphaDEX ETF","FXR","721.56","70.8029197080291970802919708029197080292",".8964","-3.8922","-2.0789",".346","-2.2117","11.7596","Industrials  - Broad","Industrials ETFs"
"First Trust Utilities AlphaDEX ETF","FXU","784.56","47.16981132075471698113207547169811320755",".9208","-2.7044","-1.4223","-.4474","-5.584","9.7306","Utilities  - Broad","Utilities/Infrastructure ETFs"
"Invesco CurrencyShares Japanese Yen Trust","FXY","438.75","42.08211143695014662756598240469208211144","1.9747",".6325","2.3826","2.6772","1.0297","-5.2928","Single Currency - Japanese Yen","Currency ETFs"
"First Trust Materials AlphaDEX ETF","FXZ","401.71","96.86763219939373526439878747052879757494",".2778","11.2781","-1.0621","3.6326","12.392","44.3923","Materials  - Broad","Materials ETFs"
"First Trust Small Cap Growth AlphaDEX ETF","FYC","1410.27","80.3973013493253373313343328335832083958",".4075","-1.3905","-2.5008","3.7068","20.0449","38.7161","Style Box - Small Cap Growth","Style Box - Small Cap Growth"
"Fidelity Yield Enhanced Equity ETF","FYEE","257.04","100",".6944","1.9076",".495","4.6376","11.0934","19.7461","Derivative Based ETF","Derivative Based ETF"
"Cambria Foreign Shareholder Yield ETF","FYLD","718.89","100","1.2767","5.5257","1.9475","8.3647","12.1874","38.2182","Foreign Small/Mid Value ETF","Foreign Small/Mid Value ETF"
"First Trust Small Cap Core AlphaDEX ETF","FYX","1402.04","89.13917753446311923193156194062812376502",".2683","-1.5714","-1.128","6.7511","16.6358","34.5178","Style Box - Small Cap Blend","Style Box - Small Cap Blend"
"State Street Global Allocation ETF","GAL","318.38","99.91175432403812213201553123896929050477",".6705","2.035","-.0092","1.6489","7.4978","16.2933","Real Estate   - Broad","World ETFs"
"FT Vest U.S. Equity Moderate Buffer ETF - April","GAPR","294","100",".4075","1.2662",".3012","2.3285","5.9107","9.5188","Derivative Based ETF","Defined Outcome"
"iShares MSCI USA Quality GARP ETF","GARP","3003.73","92.91472210436996181586762834111158252015","1.1755","3.342","-.9609","1.2027","24.7503","34.7052","Style Box - All Cap Growth","Style Box - All Cap Growth"
"Mango Growth ETF","GARY","290.66","85.33125081348431602238708837693609267213","1.6707","3.1671","-2.0665","1.3053","21.1036","0","Style Box - Large Cap Growth","Style Box - Large Cap Growth"
"FT Vest U.S. Equity Moderate Buffer ETF - August","GAUG","389.33","100",".4989","1.0391",".2607","2.645","7.2787","11.5506","Derivative Based ETF","Defined Outcome"
"Goldman Sachs Access Treasury 0-1 Year ETF","GBIL","7621.61","12.82051282051282051282051282051282051282",".02",".6408",".0646",".9015","1.7654","3.641","US Treasury - Ultra Short","Government Bond ETFs"
"Goldman Sachs Core Bond ETF","GBND","528.31","3.56828193832599118942731277533039647577",".1539",".5247","-.5129","-.5939","-1.6614","1.7742","Total Bond Market - Broad","Total Bond Market ETFs"
"Grayscale Bitcoin Trust ETF","GBTC","11600.01","33.49083349083349083349083349083349083349","5.7525","27.9385","2.2308","24.66","18.9169","-28.2668","Cryptocurrency ETFs","Cryptocurrency ETFs"
"WisdomTree Enhanced Commodity Strategy Fund","GCC","306.65","100",".678","10.775","1.635","6.5365","15.7143","34.7676","Basket - Broad","Broad Commodity ETFs"
"Goldman Sachs Access U.S. Aggregate Bond ETF","GCOR","829.38","2.07253886010362694300518134715025906736",".0969",".4118","-.5685","-.5305","-1.6907","1.6174","Total Bond Market - Broad","Total Bond Market ETFs"
"Pacer Global Cash Cows Dividend ETF","GCOW","3602.56","93.01801801801801801801801801801801801802",".3953","3.0811","1.0535","5.1873","5.0309","25.3631","Global Large-Cap Value Equity ETF","Global Large-Cap Value Equity ETF"
"WisdomTree Efficient Gold Plus Equity Strategy Fund","GDE","476.2","68.92413201885983711958851264466352336048","2.7434","10.9126","-2.1026","1.8535","-1.9633","37.0591","Target Outcome","Total Portfolio ETFs"
"FT Vest U.S. Equity Moderate Buffer ETF - December","GDEC","427.73","100",".2461","1.1671",".2091","2.4519","7.7521","12.8845","Derivative Based ETF","Defined Outcome"
"Harbor Dividend Growth Leaders ETF","GDIV","241.23","97.61419842886237998254291533313936572592",".7439","1.3266",".1521","3.3906","9.1885","22.9576","Style Box - Large Cap Blend","Style Box - Large Cap Blend"
"Grayscale Digital Large Cap Fund LLC","GDLC","430.97","31.04426787741203178206583427922814982974","6.1718","29.3486","2.0503","27.1025","19.8395","0","Digital Economy ETF","Digital Economy ETF"
"WisdomTree Efficient Gold Plus Gold Miners Strategy Fund","GDMN","215.75","45.61755653686605111735581426468620366653","5.3949","38.0356","-5.2326","13.3214","-19.3842","57.6693","Materials  - Gold Mining","Materials ETFs"
"VanEck Gold Miners ETF","GDX","30006.82","71.01010101010101010101010101010101010101","3.9537","33.4517","-2.1217","19.4","-3.5633","56.6305","Materials  - Gold Mining","Materials ETFs"
"MicroSectors Gold Miners -3X Inverse Leveraged ETNs","GDXD","434",".4064734663153933007150922092585622882951","-11.4055","-65.685","3.2215","-62.8323","-51.0659","-94.7329","Materials  - Gold Mining","Inverse Equity ETFs"
"VanEck Junior Gold Miners ETF","GDXJ","9550.92","66.54983877751296789569606056357773727744","3.3424","34.1137","-1.8251","19.3452","-6.2951","61.0733","Materials  - Gold Mining","Materials ETFs"
"MicroSectors Gold Miners 3X Leveraged ETNs","GDXU","1326","23.23263236129934857692475844882612687448","11.4231","114.3809","-8.4821","26.95","-50.182","33.1546","Materials  - Gold Mining","Leveraged Equity ETFs"
"YieldMax Gold Miners Option Income Strategy ETF","GDXY","325.43","22.52922422954303931987247608926673751328","3.5408","26.3723",".6394","10.814","-12.1939","21.1728","Materials  - Gold Mining","Materials ETFs"
"Goldman Sachs ActiveBeta Emerging Markets Equity ETF","GEM","1748.65","83.45918970385448814761310657298575087005",".5655","4.6894",".0776","-2.8631","15.9137","36.0834","Geographic - Broad Emerging Markets","Broad Emerging Market ETFs"
"Pacific NoS Global EM Equity Active ETF","GEME","468.66","80.25547210989152063675460555876500417228",".5114",".3316","-.558","-5.6529","17.4406","51.735","Geographic - Broad Emerging Markets","Broad Emerging Market ETFs"
"Cambria Global EW 2 ETF","GEQ","209.13","85.68337540569780021637216011539848539488",".9984","2.0925","-.0191","0","0","0","Global Large-Cap Blend Equity ETF","Global Large-Cap Blend Equity ETF"
"FT Vest U.S. Equity Moderate Buffer ETF - February","GFEB","381.44","100",".2897","1.1803",".245","2.4005","7.2825","12.721","Derivative Based ETF","Defined Outcome"
"VictoryShares Free Cash Flow Growth ETF","GFLW","1044.2","91.8022593014820188620582443776557156182","1.395","4.8548","-1.6452","3.6409","24.2494","25.0533","Style Box - Large Cap Growth","Style Box - Large Cap Growth"
"Direxion Daily GOOGL Bull 2X ETF","GGLL","911.34","45.64125460430851657551065967183837481862","3.117","-17.1228",".8248","-14.2973","13.8946","82.5297","Derivative Based ETF","Single Stock ETF"
"iShares Global Government Bond USD Hedged Active ETF","GGOV","3085","79.41176470588235294117647058823529411765",".2394",".2394","-.0199",".5402","2.3943","2.9049","Sovereign - Broad Market","Government Bond ETFs"
"Goldman Sachs MarketBeta Russell 1000 Growth Equity ETF","GGUS","476.05","82.91238851832421494416548002698043918159","1.334","1.9678","-.704","-1.9183","10.1553","11.6901","Style Box - Large Cap Growth","Style Box - Large Cap Growth"
"Goldman Sachs Access Investment Grade Corporate Bond ETF","GIGB","1003.5","3.13725490196078431372549019607843137255",".1794",".3323","-.6566","-1.0608","-1.5857","1.5778","Corporates - Investment Grade","Investment Grade Corporate Bond ETFs"
"Goldman Sachs Corporate Bond ETF","GIGL","226.47","3.46613545816733067729083665338645418327",".1767",".3978","-.5737","-.7933","-1.5299","1.7158","Corporates - Investment Grade","Investment Grade Corporate Bond ETFs"
"State Street SPDR S&P Global Infrastructure ETF","GII","935.12","55.97426470588235294117647058823529411765",".4455","-2.4789","-.8446","-.578","-2.7657","11.8995","Utilities  - Infrastructure","Utilities/Infrastructure ETFs"
"FT Vest U.S. Equity Moderate Buffer ETF - January","GJAN","438.58","100",".2504","1.1424",".1632","2.4021","7.7463","12.2982","Derivative Based ETF","Defined Outcome"
"FT Vest U.S. Equity Moderate Buffer ETF - July","GJUL","409.26","100",".5732","1.4512",".3814","3.3853","7.7034","12.1556","Derivative Based ETF","Defined Outcome"
"FT Vest U.S. Equity Moderate Buffer ETF - June","GJUN","534.1","100",".4536","1.1538",".1547","2.4467","5.8084","9.669","Derivative Based ETF","Defined Outcome"
"SPDR Gold Shares","GLD","147739.7","48.02547770700636942675159235668789808917","1.8472","10.3602","-2.9295",".5762","-12.3724","25.0137","Precious Metals - Gold","Precious Metals ETFs"
"SPDR Gold MiniShares Trust","GLDM","31788.71","48.72155099747119977521775779713402641191","1.8759","10.4567","-2.9067",".671","-12.2522","25.418","Precious Metals - Gold","Precious Metals ETFs"
"iShares Global Equity Factor ETF","GLOF","213.86","100","1.0769","3.3415",".7422","4.1235","15.2374","25.5479","Global Large-Cap Blend Equity ETF","Global Large-Cap Blend Equity ETF"
"abrdn Physical Precious Metals Basket Shares ETF","GLTR","2724.11","39.06026252983293556085918854415274463007","2.3496","12.0414","-2.7608","-2.4485","-14.8022","34.9818","Precious Metals - Broad","Precious Metals ETFs"
"FT Vest U.S. Equity Moderate Buffer ETF - March","GMAR","398.74","100",".2663","1.1305",".2663","2.2753","9.3693","13.8196","Derivative Based ETF","Defined Outcome"
"FT Vest U.S. Equity Moderate Buffer ETF - May","GMAY","516.39","100",".5359","1.2888",".2501","2.2495","6.1131","10.2526","Derivative Based ETF","Defined Outcome"
"State Street SPDR S&P Emerging Asia Pacific ETF","GMF","432.52","89.16130855648979015049812760545467392072",".2276","2.7158",".1608",".3856","11.5785","21.2542","Geographic - Asia Emerging","Asia-Pacific (Emerging) ETFs"
"GMO International Value ETF","GMOI","699.38","100","1.0329","4.2121","1.8402","11.1992","15.2367","39.2856","Foreign Small/Mid Value ETF","Foreign Small/Mid Value ETF"
"iShares GNMA Bond ETF","GNMA","440.95","6.50485436893203883495145631067961165049",".2614",".6891","-.6118","-.4511","-1.3983","2.8095","Asset Backed - MBS","Mortgage-Backed Security ETFs"
"FT Vest U.S. Equity Moderate Buffer ETF - November","GNOV","296.21","100",".2698","1.0881",".211","2.4574","7.5663","14.2494","Derivative Based ETF","Defined Outcome"
"State Street SPDR S&P Global Natural Resources ETF","GNR","5208.08","100",".2909","10.0639","1.3291","7.3517","9.2126","40.7222","Materials  - Broad","Materials ETFs"
"U.S. Global GO GOLD and Precious Metal Miners ETF","GOAU","216.54","74.10965323336457357075913776944704779756","3.9471","35.5119","-.3636","23.3755","-.9476","44.8843","Materials  - Broad","Materials ETFs"
"FT Vest U.S. Equity Moderate Buffer ETF - October","GOCT","263.94","100",".2123","1.1305",".1886","2.5833","7.87","13.0354","Derivative Based ETF","Defined Outcome"
"YieldMax GOOGL Option Income Strategy ETF","GOOY","227.4","7.34177215189873417721518987341772151899","1.385","-5.5787","1.123","-3.9964","9.2306","30.8511","Derivative Based ETF","Single Stock ETF"
"Invesco Equal Weight 0-30 Year Treasury ETF","GOVI","1216.84","2.97029702970297029702970297029702970297",".114",".1417","-.6638","-1.3566","-3.92",".0556","US Treasury - Long Term","Government Bond ETFs"
"iShares U.S. Treasury Bond ETF","GOVT","41590","2.85714285714285714285714285714285714286",".0672",".3953","-.4614","-.4102","-1.7898","1.0571","US Treasury - Mid Term","Government Bond ETFs"
"iShares 25+ Year Treasury STRIPS Bond ETF","GOVZ","325.17","10.12195121951219512195121951219512195122",".2688",".9983","-1.3149","-5.1967","-10.1674","-3.5109","US Treasury - Long Term","Government Bond ETFs"
"Goldman Sachs Nasdaq-100 Premium Income ETF","GPIQ","5507.13","73.61591695501730103806228373702422145329","1.0016","2.9992","-.4772","-2.3053","16.3235","23.7507","Style Box - Large Cap Growth","Style Box - Large Cap Growth"
"Goldman Sachs S&P 500 Premium Income ETF","GPIX","5546.72","93.86733416770963704630788485607008760951",".8799","2.4807",".2789","3.1518","12.6008","19.7525","Style Box - Large Cap Blend","Style Box - Large Cap Blend"
"VanEck Alternative Asset Manager ETF","GPZ","249.88","46.15384615384615384615384615384615384615","1.4839","1.6096","-2.3791","12.4714","12.3688","-11.087","Financials - BDCs/PE","Financials ETFs"
"GQG US Equity ETF","GQGU","637.64","64.5252984650369528140989198408186469585","1.5898","-1.2439","-.0191",".1146","-3.6588","5.282","Style Box - All Cap Growth","Style Box - All Cap Growth"
"Natixis Gateway Quality Income ETF","GQI","279.42","99.15134370579915134370579915134370579915",".6823","2.8801",".572","4.5119","11.2522","20.2336","Style Box - All Cap Blend","Style Box - All Cap Blend"
"Northern Trust Global Quality Real Estate ETF","GQRE","412.41","61.05712254088646598720075847357193647784",".6655","-3.0604","-1.0182","1.3692","-.0294","9.6856","Real Estate   - REITs","Real Estate ETFs"
"Global X MSCI Greece ETF","GREK","339.52","100","2.5136","5.5034","1.0637","18.6409","36.2531","39.4517","Geographic - Greece","European Equity ETFs"
"First Trust NASDAQ Clean Edge Smart Grid Infrastructure ETF","GRID","11655.19","60.62964273081004598514326140785284754156","1.1451","-2.4613","-2.2949","-9.5589","5.3976","26.9801","Utilities  - Infrastructure","Utilities/Infrastructure ETFs"
"VictoryShares International Free Cash Flow Growth ETF","GRIN","353.06","89.56501348340954390901629733849220307187","1.4147","5.7233","-2.222","2.9172","14.9532","30.1099","Foreign Large Growth ETF","Foreign Large Growth ETF"
"Fundstrat Granny Shots US Small- & Mid-Cap ETF","GRNJ","502.02","59.56719817767653758542141230068337129841","1.787","-.0344","-3.1989","-9.8386","9.2927","0","Style Box - All Cap Blend","Style Box - All Cap Blend"
"Fundstrat Granny Shots US Large Cap ETF","GRNY","4433","98.60834990059642147117296222664015904573","2.3273","2.7382",".2137","2.3263","13.8245","21.5373","Style Box - Large Cap Blend","Style Box - Large Cap Blend"
"Invesco S&P MidCap 400 GARP ETF","GRPM","512.14","98.64901540966798347456349326015500135702",".9947","5.7483","-.3065","13.7155","19.5626","23.1986","Style Box - Mid Cap Blend","Style Box - Mid Cap Blend"
"Goldman Sachs Small Cap Equity ETF","GSC","276.45","74.99054922503645298914510989901171896095",".4806","-3.4337","-2.8733","3.1134","12.0556","21.9806","Style Box - Small Cap Value","Style Box - Small Cap Value"
"FT Vest U.S. Equity Moderate Buffer ETF - September","GSEP","342.25","100",".1433","1.1704",".1912","2.6819","8.0263","11.2896","Derivative Based ETF","Defined Outcome"
"Goldman Sachs Equal Weight U.S. Large Cap Equity ETF","GSEW","2068.74","90.32258064516129032258064516129032258065",".8896","1.7527","-.7833","5.288","10.5509","18.3801","Style Box - Large Cap Blend","Style Box - Large Cap Blend"
"iShares S&P GSCI Commodity-Indexed Trust","GSG","1010.07","100",".2006","12.1232","4.6393","6.326","27.9649","52.7972","Basket - Broad","Broad Commodity ETFs"
"Goldman Sachs MarketBeta International Equity ETF","GSID","1068.55","97.00904581266413772979282170995039393055","1.1352","2.159",".0383","5.3571","9.7745","23.2658","Foreign Large Blend ETF","Foreign Large Blend ETF"
"Goldman Sachs ActiveBeta International Equity ETF","GSIE","6081.42","97.62187871581450653983353151010701545779","1.2589","2.1376",".3118","7.17","9.8955","22.7265","Foreign Large Blend ETF","Foreign Large Blend ETF"
"Goldman Sachs ActiveBeta U.S. Large Cap Equity ETF","GSLC","15173.48","95.97488921713441654357459379615952732644",".9851","2.0462",".224","3.3057","13.012","17.7658","Style Box - Large Cap Blend","Style Box - Large Cap Blend"
"Gotham Enhanced 500 ETF","GSPY","747.83","100","1.0417","2.9587",".629","4.714","16.0428","21.1142","Style Box - Large Cap Blend","Style Box - Large Cap Blend"
"Goldman Sachs ActiveBeta U.S. Small Cap Equity ETF","GSSC","1085.94","88.48363393453573814295257181028724114896",".371","-.8476","-1.2714","5.4334","16.0617","23.5227","Style Box - Small Cap Blend","Style Box - Small Cap Blend"
"Goldman Sachs Ultra Short Bond ETF","GSST","1633.28","9.09090909090909090909090909090909090909","-.0198",".7426",".0165","1.0194","1.8605","4.0864","Ultra short Bond ETF","Ultra short Bond ETF"
"Goldman Sachs MarketBeta U.S. Equity ETF","GSUS","3329.86","96.96969696969696969696969696969696969697","1.0879","2.1216",".2345","2.8378","14.5729","21.0567","Style Box - All Cap Blend","Style Box - All Cap Blend"
"Goldman Sachs ActiveBeta World Equity ETF","GSWO","1788.4","97.78876170655567117585848074921956295525","1.1292","2.3364",".3603","3.8258","13.4245","0","Global Large-Cap Blend Equity ETF","Global Large-Cap Blend Equity ETF"
"Invesco Ultra Short Duration ETF","GSY","3928.62","24.24242424242424242424242424242424242424",".0399",".36","0",".9474","1.8282","2.9366","Corporates - Money Market","Money Market/Ultra-Short Term ETFs"
"Goldman Sachs Future Tech Leaders Equity ETF","GTEK","233.14","74.55055316533497234173325138291333743085","1.3457","2.2948","-3.2321","-8.2642","36.2089","55.7244","Technology  - broad","Technology ETFs"
"Goldman Sachs Access Inflation Protected USD Bond ETF","GTIP","280.49","3.2667876588021778584392014519056261343",".1683","1.0029","-.3766","-.9353","-.7319","1.0539","US Treasury - TIPS","Inflation-Protected Bond ETFs"
"Invesco Total Return Bond ETF","GTO","2496.84","5.06024096385542168674698795180722891566",".1306",".1234","-.519","-.5897","-1.2738","2.127","Total Bond Market - Broad","Total Bond Market ETFs"
"Invesco Core Fixed Income ETF","GTOC","355.33","3.36206896551724137931034482758620689655",".1139",".0718","-.4891","-.5331","-1.5116","1.7711","Total Bond Market - Broad","Total Bond Market ETFs"
"Goldman Sachs Technology Opportunities ETF","GTOP","697.35","86.98440643863179074446680080482897384306","1.4676",".7442","-1.3636","-3.0874","29.3953","0","Technology  - broad","Technology ETFs"
"Northern Trust Mrngstr Glob Upstream Natural Resources ETF","GUNR","7400.42","100",".0876","10.0771","1.4382","5.5629","6.6109","36.8355","Materials  - Broad","Materials ETFs"
"Goldman Sachs MarketBeta U.S. 1000 Equity ETF","GUSA","2387.28","95.91257003077408664089008127515189773534","1.0993","2.1061",".1153","2.7079","13.925","20.8941","Style Box - Large Cap Blend","Style Box - Large Cap Blend"
"Goldman Sachs Enhanced U.S. Equity ETF","GUSE","359.82","93.20041488993891898121470554339057277861","1.0736",".9429",".2024","1.9285","13.194","0","Style Box - All Cap Blend","Style Box - All Cap Blend"
"Direxion Daily S&P Oil & Gas Exp. & Prod. Bull 2X ETF","GUSH","252.63","97.56653992395437262357414448669201520913","-.7856","20.5313","7.4253","23.5629","38.4124","96.1278","Derivative Based ETF","Leveraged Equity ETFs"
"Cambria Global Value ETF","GVAL","596.75","100",".6452","4.2084",".6452","9.6008","17.6984","39.2739","Global Large-Cap Value Equity ETF","Global Large-Cap Value Equity ETF"
"iShares Intermediate Government/Credit Bond ETF","GVI","3780.75","3.55191256830601092896174863387978142077",".0286",".2635","-.3775",".008","-.8072","1.5017","Total Bond Market - Broad","Total Bond Market ETFs"
"Goldman Sachs Hedge Industry VIP ETF","GVIP","561.22","60.06911115377231714340564407755807256671",".5133","-.9153","-1.2849","-5.0017","12.5309","19.5255","Multi-Asset - Total Portfolio","Total Portfolio ETFs"
"Gotham 1000 Value ETF","GVLU","258.77","97.52099979512395001024380249948780987503",".6741","4.0451",".2363","11.0432","11.1276","15.7643","Style Box - All Cap Value","Style Box - All Cap Value"
"Goldman Sachs MarketBeta Russell 1000 Value Equity ETF","GVUS","415.53","100",".9294","2.0308",".6532","8.6418","17.4614","31.3236","Style Box - Large Cap Value","Style Box - Large Cap Value"
"State Street SPDR S&P International Small Cap ETF","GWX","932.48","96.4240831714840626071061350394150576945","1.1849","6.8634","-.4348","3.4095","6.6767","22.9587","Foreign Small/Mid Blend ETF","Foreign Small/Mid Blend ETF"
"State Street SPDR S&P China ETF","GXC","468.4","20.65479056331246990852190659605199807415",".1254","-1.4748","-.7734","-2.3164","-4.4833","-6.2835","Geographic - China","Asia-Pacific (Emerging) ETFs"
"Goldman Sachs MarketBeta Total International Equity ETF","GXUS","644.1","99.53677821260282725021963101988659052791",".9672","3.1942",".2327","2.973","11.9341","26.1727","Foreign Large Blend ETF","Foreign Large Blend ETF"
"Amplify Cybersecurity ETF","HACK","2843.88","79.765625","1.9656","1.7145","-5.9454","9.1185","48.2126","34.2029","Technology  - broad","Technology ETFs"
"VanEck Natural Resources ETF","HAP","327.14","100",".5315","10.7757","2.0513","7.1703","8.8765","44.5978","Materials  - Broad","Materials ETFs"
"Harbor Human Capital Factor US Large Cap ETF","HAPI","503.3","99.13075872345709673413634670309201539799",".9421","2.2059","-.0965","4.4178","12.5302","18.2485","Strategy - Socially Responsible","Style Box - Large Cap Blend"
"Xtrackers International Real Estate ETF","HAUZ","1051.79","20.54794520547945205479452054794520547945","1.1136","-1.4928","-.6782","1.5371","-6.3155","1.9365","Real Estate   - Broad","Real Estate ETFs"
"iShares Currency Hedged MSCI ACWI ex U.S. ETF","HAWX","352.82","89.17059377945334590009425070688030160226",".4599","2.0955","-.1927","1.6725","11.4409","29.8707","Foreign Large Blend ETF","Foreign Large Blend ETF"
"Horizon Expedition Plus ETF","HBTA","244.29","83.11122839424726217179047367726613009632","1.6201","-.1249","-1.0823","-3.1926","11.8531","19.6335","Derivative Based ETF","Style Box - Large Cap Growth"
"Direxion HCM Tactical Enhanced US ETF","HCMT","591.02","81.0404624277456647398843930635838150289","2.089","4.2932","-.717","-2.6325","12.7073","21.156","Derivative Based ETF","Leveraged Equity ETFs"
"Hartford Core Bond ETF","HCRB","408.77","2.38095238095238095238095238095238095238",".0291",".0214","-.5242","-.5902","-1.6688","1.6023","Total Bond Market - Broad","Total Bond Market ETFs"
"Xtrackers MSCI EAFE High Dividend Yield Equity ETF","HDEF","2353.55","97.12230215827338129496402877697841726619",".9102","1.7767","1.1477","9.3648","7.5409","20.3503","Geographic - EAFE","Broad Developed World ETFs"
"iShares Core High Dividend ETF","HDV","15644.04","96.34107540566337893732103086223353483933","-.1681","4.0664","1.0548","10.415","9.2768","25.5879","Style Box - Large Cap Value","Style Box - Large Cap Value"
"Hedgeye Capital Allocation ETF","HECA","281.08","45.21912350597609561752988047808764940239",".8624","2.3183","1.0439","1.2992","-6.1204","10.0784","Target Outcome","Total Portfolio ETFs"
"Equable Shares Hedged Equity ETF","HEDG","453.46","100",".1725","1.2932",".2867","3.2455","5.0301","0","Derivative Based ETF","Style Box - Large Cap Blend"
"WisdomTree Europe Hedged Equity ETF","HEDJ","1812.58","88.02259887005649717514124293785310734463",".4393","-.7294","-.3139","3.0209","8.8858","18.1458","Geographic - Broad Europe","European Equity ETFs"
"iShares Currency Hedged MSCI Emerging Markets ETF","HEEM","289.29","72.22069910897875257025359835503769705278",".23","2.8895","-.6511","-6.1283","13.4429","36.4449","Geographic - Broad Emerging Markets","Broad Emerging Market ETFs"
"iShares Currency Hedged MSCI EAFE ETF","HEFA","7470.75","91.60724081184860120680197476686780032913",".3082","1.1901","-.2326","5.0141","10.4525","26.0794","Geographic - EAFE","Broad Developed World ETFs"
"Swan Hedged Equity US Large Cap ETF","HEGD","733.03","90.25157232704402515723270440251572327044",".6684",".7432","-.1473",".6497","7.2814","12.4896","Derivative Based ETF","Hedge Fund ETFs"
"JPMorgan Hedged Equity Laddered Overlay ETF","HELO","4772.59","95.45454545454545454545454545454545454545",".5326","1.1881",".1721","3.03","5.6695","9.5572","Style Box - Large Cap Blend","Style Box - Large Cap Blend"
"Simplify Hedged Equity ETF","HEQT","302.37","98.28947368421052631578947368421052631579",".6548","1.7355",".3482","3.4447","7.7602","13.5508","Style Box - Large Cap Blend","Style Box - Large Cap Blend"
"iShares Currency Hedged MSCI Japan ETF","HEWJ","771","89.40527551744852820708863524657309813773","-.0926","4.8429","-.3387","2.5511","13.7346","40.965","Geographic - Japan","Asia-Pacific (Developed) ETFs"
"iShares Currency Hedged MSCI Eurozone ETF","HEZU","589.56","85.47430830039525691699604743083003952569",".1628","-.7062","-.8862","4.477","11.641","24.8095","Geographic - Broad Europe","European Equity ETFs"
"Hartford Strategic Income ETF","HFSI","1147.17","9.15492957746478873239436619718309859155",".0576",".2464","-.4973","-.0495",".1527","3.8159","Total Bond Market - Broad","Total Bond Market ETFs"
"NYLI FTSE International Equity Currency Neutral ETF","HFXI","2173.39","94.24724602203182374541003671970624235006",".6591","2.2222","-.2352","1.3387","10.7712","30.2032","Foreign Large Blend ETF","Foreign Large Blend ETF"
"Harbor Commodity All-Weather Strategy ETF","HGER","4483","100",".0563","11.9685","1.9501","11.7925","23.1809","47.6987","Basket - Broad","Broad Commodity ETFs"
"AB US High Dividend ETF","HIDV","203.55","99.22667413841412160268982908377696833847",".8203","2.5798",".2472","5.4585","15.8195","22.9235","Style Box - All Cap Value","Style Box - All Cap Value"
"Wahed FTSE USA Shariah ETF","HLAL","944.71","98.82106523040095751047277079593058049072","1.0087","3.2246",".4557","-.174","18.2226","29.6171","Style Box - All Cap Blend","Style Box - All Cap Blend"
"Strategy Shares Nasdaq 7HANDL Index ETF","HNDL","631.6","71.47937411095305832147937411095305832148",".5704",".5954","-.6515",".4725","3.189","10.6991","Target Outcome","Total Portfolio ETFs"
"VanEck Bitcoin ETF","HODL","1291.47","34.48093220338983050847457627118644067797","5.6673","28.0886","2.3462","25.1082","19.7927","-27.1582","Cryptocurrency ETFs","Cryptocurrency ETFs"
"JPMorgan International Hedged Equity Laddered Overlay ETF","HOLA","279.06","95.72583152004973577867578489275722723034",".9505","1.4","0","4.8821","5.7982","13.0618","Derivative Based ETF","Broad Developed World ETFs"
"iShares Currency Hedged MSCI EAFE Small-Cap ETF","HSCZ","261.83","96.74258109040717736369910282953761214631",".6281","3.021","-.3866","3.7395","8.7331","23.6233","Geographic - EAFE","Broad Developed World ETFs"
"Hartford Total Return Bond ETF","HTRB","2183.61","3.37078651685393258426966292134831460674",".0907",".0825","-.6213","-.5584","-1.4703","1.8309","Total Bond Market - Broad","Total Bond Market ETFs"
"iShares BB Rated Corporate Bond ETF","HYBB","319.16","20.06756756756756756756756756756756756757",".0908",".9658","-.2405",".9591","1.6131","4.5022","Corporates - Junk/High Yield","High-Yield/Junk Bond ETFs"
"Neos Enhanced Income Credit Select ETF","HYBI","222.8","10.59793814432989690721649484536082474227",".0654","-.1591","-.2018","-.2794","-.0814",".1121","Derivative Based ETF","High-Yield/Junk Bond ETFs"
"State Street Blackstone High Income ETF","HYBL","576.96","36.96682464454976303317535545023696682464",".2147","1.7331",".2402","1.9033","4.3778","5.0483","Corporates - Junk/High Yield","High-Yield/Junk Bond ETFs"
"iShares High Yield Systematic Bond ETF","HYDB","1597.83","11.85567010309278350515463917525773195876",".1732","1.1871","-.2316",".9104","1.5438","4.3502","Corporates - Junk/High Yield","High-Yield/Junk Bond ETFs"
"VanEck Emerging Markets High Yield Bond ETF","HYEM","518.18","52.23880597014925373134328358208955223881",".1505","1.2276","-.095","1.0701","3.1423","6.5905","Corporates - Junk/High Yield","Emerging Market Bond ETFs"
"AB High Yield ETF","HYFI","335.42","16.51515151515151515151515151515151515152",".1302",".714","-.346",".5599","2.3118","4.564","Corporates - Junk/High Yield","High-Yield/Junk Bond ETFs"
"iShares iBoxx $ High Yield Corporate Bond ETF","HYG","15719.16","18.84615384615384615384615384615384615385",".1264",".907","-.2817",".9012","1.8591","4.1414","Corporates - Junk/High Yield","High-Yield/Junk Bond ETFs"
"iShares Interest Rate Hedged High Yield Bond ETF","HYGH","626.76","70.86956521739130434782608695652173913043",".5071",".7996",".0281","1.7504","4.7995","7.407","Corporates - Junk/High Yield","High-Yield/Junk Bond ETFs"
"Northern Trust High Yield Value-Scored Bond ETF","HYGV","1072.5","16.56626506024096385542168674698795180723",".0627","1.2368","-.2568","1.4026","2.441","5.0264","Corporates - Junk/High Yield","High-Yield/Junk Bond ETFs"
"ProShares High Yield-Interest Rate Hedged","HYHG","203.77","73.07692307692307692307692307692307692308",".1391","1.2063",".4018","2.1296","4.9789","7.1144","Corporates - Junk/High Yield","High-Yield/Junk Bond ETFs"
"Xtrackers USD High Yield Corporate Bond ETF","HYLB","3535.7","12.93103448275862068965517241379310344828",".0831",".9797","-.239",".9264","1.9527","4.5885","Corporates - Junk/High Yield","High-Yield/Junk Bond ETFs"
"First Trust Tactical High Yield ETF","HYLS","1633.76","18.83408071748878923766816143497757847534","-.074",".2091","-.3199",".894","2.3338","3.0417","Corporates - Junk/High Yield","High-Yield/Junk Bond ETFs"
"PIMCO 0-5 Year High Yield Corporate Bond ETF","HYS","1785.42","4.46927374301675977653631284916201117318",".1517","1.027","-.1075",".869","2.2878","4.4077","Corporates - Junk/High Yield","High-Yield/Junk Bond ETFs"
"Counterpoint High Yield Trend ETF","HYTR","292.97","12.81464530892448512585812356979405034325",".1649",".4017","-.2205",".8528",".7833","3.0149","Corporates - Junk/High Yield","High-Yield/Junk Bond ETFs"
"WisdomTree Interest Rate Hedged High Yield Bond ETF","HYZD","296.58","81.33333333333333333333333333333333333333","-.0883",".4021","-.0486","1.7517","3.975","6.7483","Corporates - Junk/High Yield","High-Yield/Junk Bond ETFs"
"iShares Core International Aggregate Bond ETF","IAGG","11856.97","4.5045045045045045045045045045045045045",".1815","-.4409","-.2009","-.1488","-.6204","1.7673","International - Broad Treasury","Developed Market Bond ETFs"
"iShares U.S. Broker-Dealers & Securities Exchanges ETF","IAI","1383.44","100","3.7942","5.7335","1.3873","10.888","16.391","16.3757","Financials - Brokers/ Capital markets","Financials ETFs"
"iShares U.S. Insurance ETF","IAK","514","84.26966292134831460674157303370786516854","2.1272",".4483","2.2473","15.8583","10.1106","13.8831","Financials - Insurance","Financials ETFs"
"iShares Systematic Alternatives Active ETF","IALT","5741.52","100",".3252","2.0014",".8778","2.634","11.1267","0","Hedge Fund - Broad","Hedge Fund ETFs"
"Innovator International Develo","IAPR","201.66","100",".6111","1.6716",".2929","3.8611","9.5075","15.6272","Derivative Based ETF","Defined Outcome"
"iShares U.S. Regional Banks ETF","IAT","649.99","84.96949528563505268996117581808097615086","1.3023","-2.0291","1.2046","12.3727","13.1336","20.3263","Financials - Regional Banks","Financials ETFs"
"iShares Gold Trust","IAU","65098.93","48.32889677610174504584442472641230405206","1.8776","10.3819","-2.9093",".6101","-12.3228","25.1488","Precious Metals - Gold","Precious Metals ETFs"
"NEOS Gold High Income ETF","IAUI","590.61","23.57575757575757575757575757575757575758","1.5743","7.6286","-1.2735","-.9513","-10.7489","15.4557","Derivative Based ETF","Precious Metals ETFs"
"iShares Gold Trust Micro","IAUM","6949.09","48.71794871794871794871794871794871794872","1.8967","10.426","-2.9175",".7001","-12.2071","25.4643","Precious Metals - Gold","Precious Metals ETFs"
"iShares Biotechnology ETF","IBB","10796.9","95.95583515213762999101296700475028886892",".0047","15.0073","-.4609","27.662","25.7822","52.6229","Healthcare - Biotech","Health Care ETFs"
"iShares iBonds Dec 2035 Term Corporate ETF","IBCA","410.94","2.60756192959582790091264667535853976532",".1208",".0936","-.7546","-1.225","-2.266","1.8329","Corporates - Investment Grade","Investment Grade Corporate Bond ETFs"
"Inspire Corporate Bond ETF","IBD","502.47","5.61797752808988764044943820224719101124",".2129",".0017","-.381",".0947","-.5703","1.8059","Strategy - Socially Responsible","Investment Grade Corporate Bond ETFs"
"iShares iBonds Dec 2026 Term Corporate ETF","IBDR","3283.5","7.14285714285714285714285714285714285714","0",".6572",".0359",".9882","1.903","3.9802","Corporates - Investment Grade","Investment Grade Corporate Bond ETFs"
"iShares iBonds Dec 2027 Term Corporate ETF","IBDS","3908.65","4",".0415",".6625",".0205",".9711","1.5749","3.7728","Corporates - Investment Grade","Investment Grade Corporate Bond ETFs"
"iShares iBonds Dec 2028 Term Corporate ETF","IBDT","4066.72","5.76923076923076923076923076923076923077","0",".6231","-.1454",".686",".7977","3.0829","Corporates - Investment Grade","Investment Grade Corporate Bond ETFs"
"iShares iBonds Dec 2029 Term Corporate ETF","IBDU","3931.93","5.97014925373134328358208955223880597015",".0873",".5155","-.2555",".4981",".2166","2.6917","Corporates - Investment Grade","Investment Grade Corporate Bond ETFs"
"iShares iBonds Dec 2030 Term Corporate ETF","IBDV","3291.62","4.26829268292682926829268292682926829268",".1119",".3267","-.3779","-.0164","-.5926","1.89","Corporates - Investment Grade","Investment Grade Corporate Bond ETFs"
"iShares iBonds Dec 2031 Term Corporate ETF","IBDW","2557.27","6.4516129032258064516129032258064516129",".1467",".3411","-.4448","-.2129","-1.0143","1.7576","Corporates - Investment Grade","Investment Grade Corporate Bond ETFs"
"iShares iBonds Dec 2032 Term Corporate ETF","IBDX","1747.83","5.2",".2236",".1824","-.5424","-.4581","-1.4903","1.8806","Corporates - Investment Grade","Investment Grade Corporate Bond ETFs"
"iShares iBonds Dec 2033 Term Corporate ETF","IBDY","1162.03","2.21402214022140221402214022140221402214",".0796",".1989","-.6439","-.828","-1.798","1.7175","Corporates - Investment Grade","Investment Grade Corporate Bond ETFs"
"iShares iBonds Dec 2034 Term Corporate ETF","IBDZ","852.69","3.85964912280701754385964912280701754386",".1184",".2238","-.8204","-.948","-1.7838","1.8182","Corporates - Investment Grade","Investment Grade Corporate Bond ETFs"
"iShares iBonds 2026 Term High Yield and Income ETF","IBHF","753.87","1.05263157894736842105263157894736842105","-.0445",".7911",".0191",".4427",".3224","1.9953","Corporates - Junk/High Yield","High-Yield/Junk Bond ETFs"
"iShares iBonds 2027 Term High Yield and Income ETF","IBHG","525.97","1.53846153846153846153846153846153846154",".0457",".8264","-.1415",".9068","1.7653","3.3976","Corporates - Junk/High Yield","High-Yield/Junk Bond ETFs"
"iShares iBonds 2028 Term High Yield and Income ETF","IBHH","452.41","5.61403508771929824561403508771929824561",".1372",".9868","-.1273","1.1145","2.4559","4.578","Corporates - Junk/High Yield","High-Yield/Junk Bond ETFs"
"iShares iBonds 2029 Term High Yield and Income ETF","IBHI","508.63","20.46783625730994152046783625730994152047","-.1076","1.0695","-.222","1.0467","2.6229","4.6666","Corporates - Junk/High Yield","High-Yield/Junk Bond ETFs"
"iShares iBonds Oct 2028 Term TIPS ETF","IBIE","211.35","16.94915254237288135593220338983050847458",".0776",".2643","-.0194",".0189","1.3644","2.2491","US Treasury - TIPS","Inflation-Protected Bond ETFs"
"iShares Bitcoin Trust ETF","IBIT","60302.34","34.36842105263157894736842105263157894737","5.8461","28.1803","2.3405","25.2703","19.7674","-27.3169","Cryptocurrency ETFs","Cryptocurrency ETFs"
"State Street SPDR Bloomberg International Corporate Bond ETF","IBND","456.58","20.32520325203252032520325203252032520325",".7131",".5772","-.4933","-.378","-.8132",".0785","International - Corporate","Investment Grade Corporate Bond ETFs"
"iShares iBonds Dec 2026 Term Treasury ETF","IBTG","2023.44","7.69230769230769230769230769230769230769",".0219",".6229",".0852",".931","1.8312","3.749","US Treasury - Intermediate Term","Government Bond ETFs"
"iShares iBonds Dec 2027 Term Treasury ETF","IBTH","2369.38","8",".0673",".67",".0425",".8646","1.2601","3.1437","US Treasury - Intermediate Term","Government Bond ETFs"
"iShares iBonds Dec 2028 Term Treasury ETF","IBTI","2022.72","6.12244897959183673469387755102040816327",".0682",".5877","-.0898",".6219",".3109","2.2985","US Treasury - Intermediate Term","Government Bond ETFs"
"iShares iBonds Dec 2029 Term Treasury ETF","IBTJ","1390.38","2.89855072463768115942028985507246376812",".07",".4097","-.2339",".3473","-.5402","1.513","US Treasury - Intermediate Term","Government Bond ETFs"
"iShares iBonds Dec 2030 Term Treasury ETF","IBTK","1032.87","3.1446540880503144654088050314465408805",".1297",".3211","-.3507",".0137","-1.2638",".8641","US Treasury - Intermediate Term","Government Bond ETFs"
"iShares iBonds Dec 2031 Term Treasury ETF","IBTL","703.51","4.1025641025641025641025641025641025641",".126",".236","-.3944","-.2047","-1.7459",".5916","US Treasury - Intermediate Term","Government Bond ETFs"
"iShares iBonds Dec 2032 Term Treasury ETF","IBTM","558.46","2.5",".1169",".1173","-.508","-.4224","-2.1514",".4129","US Treasury - Intermediate Term","Government Bond ETFs"
"iShares iBonds Dec 2033 Term Treasury ETF","IBTO","465.86","3.18021201413427561837455830388692579505",".1145",".1692","-.6133","-.577","-2.5013",".2882","US Treasury - Long Term","Government Bond ETFs"
"iShares iBonds Dec 2034 Term Treasury ETF","IBTP","292.35","3.22580645161290322580645161290322580645",".1211",".1333","-.6105","-.7183","-2.7939",".3356","US Treasury - Intermediate Term","Government Bond ETFs"
"iShares iBonds Dec 2035 Term Treasury ETF","IBTQ","242.94","2.84810126582278481012658227848101265823",".1393",".2007","-.6435","-.8282","-2.9812",".3885","US Treasury - Long Term","Government Bond ETFs"
"iShares Select U.S. REIT ETF","ICF","2030.72","73.82198952879581151832460732984293193717",".9581","-2.4164","-.9546","1.6055","3.0928","14.18","Real Estate   - REITs","Real Estate ETFs"
"iShares Global Clean Energy ETF","ICLN","2153.88","34.61538461538461538461538461538461538462","1.4968","-2.0011","-1.1217","-23.4038","-.1915","25.4526","Strategy - Socially Responsible","Alternative Energy ETFs"
"Invesco AAA CLO Floating Rate Note ETF","ICLO","560.86","62.22222222222222222222222222222222222222","0",".4585",".0977","1.2157","2.5722","4.8238","Asset Backed - MBS","Mortgage-Backed Security ETFs"
"iShares Copper and Metals Mining ETF","ICOP","495.55","89.17538749235803934261157262559787103967","1.6152","15.1199","-3.9017","3.1052","10.1351","78.1594","Materials  - Broad","Materials ETFs"
"Pacer Developed Markets International Cash Cows 100 ETF","ICOW","1843.15","86.75754625121713729308666017526777020448","1.5999","3.8905",".4146","1.1658","7.3569","31.0048","Foreign Large Value ETF","Foreign Large Value ETF"
"iShares Ultra Short Duration Bond Active ETF","ICSH","8625.96","6.66666666666666666666666666666666666667",".0198",".6306",".0626",".9061","1.7062","3.8276","Corporates - Investment Grade","Money Market/Ultra-Short Term ETFs"
"iShares Convertible Bond ETF","ICVT","7750.73","64.97948016415868673050615595075239398085","1.0725","-.7007","-1.7264","-6.7415","11.1299","22.8348","Corporates - Convertible","Convertibles/CEFs/OET/Preferred Stock ETFs"
"iShares Defense Industrials Active ETF","IDEF","4287.19","43.05920640881211666040806108399048691951","1.1765","-2.9783","-4.4161",".106","-10.7298","11.4589","Industrials  - Aerospace & Defense","Industrials ETFs"
"Lazard International Dynamic Equity ETF","IDEQ","1759.13","100","1.0626","3.6124",".4447","2.8589","10.1704","0","Foreign Large Blend ETF","Foreign Large Blend ETF"
"iShares Core MSCI International Developed Markets ETF","IDEV","32608.51","97.45385105028644175684277530235518777849","1.2133","2.7268",".193","5.4919","9.6033","23.767","Foreign Large Blend ETF","Foreign Large Blend ETF"
"iShares U.S. Digital Infrastructure and Real Estate ETF","IDGT","499.07","61.62823453660107046561229828162099078434","1.284","-1.3676","-4.1192","-12.9094","17.5178","40.436","Technology  - broad","Technology ETFs"
"Invesco S&P International Developed Quality ETF","IDHQ","1025.09","93.49227770280401859349227770280401859349","1.1566","3.0591","-1.0121","10.6632","22.6537","41.6812","Foreign Large Growth ETF","Foreign Large Growth ETF"
"Invesco S&P International Developed Low Volatility ETF","IDLV","335.91","84.60774577954319761668321747765640516385",".9575",".4431",".6298","6.9141","3.7772","12.9408","Foreign Large Blend ETF","Foreign Large Blend ETF"
"Invesco S&P International Developed Momentum ETF","IDMO","4304.24","98.56630824372759856630824372759856630824","1.782","3.5948",".7149","7.2973","12.0313","25.3428","Foreign Large Blend ETF","Foreign Large Blend ETF"
"iShares Genomics Immunology and Healthcare ETF","IDNA","263.31","93.74342797055730809674027339642481598318",".2239","24.2751","-.7635","39.8942","35.4858","79.3029","Healthcare - Biotech","Health Care ETFs"
"ALPS International Sector Dividend Dogs ETF","IDOG","574.07","97.54776744661285378563400429140696842751",".8617","2.269",".9619","4.2727","11.1425","31.0711","Foreign Large Value ETF","Foreign Large Value ETF"
"iShares U.S. Utilities ETF","IDU","1308.39","26.80209698558322411533420707732634338139",".8749","-2.6573","-.1003","-.4325","-7.1001","4.6661","Utilities  - Broad","Utilities/Infrastructure ETFs"
"Aptus International Enhanced Yield ETF","IDUB","521.66","99.77341389728096676737160120845921450151","1.0085","3.5721",".2608","3.2634","13.1661","29.4645","Geographic - Global ex-US","World ETFs"
"iShares International Select Dividend ETF","IDV","8675.52","98.52008456659619450317124735729386892178",".9598","1.9153","1.2536","5.0604","9.1162","31.5971","Foreign Large Value ETF","Foreign Large Value ETF"
"Amplify CWP International Enhanced Dividend Income ETF","IDVO","1429.79","90.8974358974358974358974358974358974359",".4202","1.375","-.0082","2.3079","7.9895","28.0617","Derivative Based ETF","Derivative Based ETF"
"iShares 7-10 Year Treasury Bond ETF","IEF","41886.59","3.05602716468590831918505942275042444822",".1085",".1181","-.6628","-.8078","-2.9095",".106","US Treasury - Intermediate Term","Government Bond ETFs"
"iShares Core MSCI EAFE ETF","IEFA","194376.73","97.18654434250764525993883792048929663609","1.0763","2.3107",".1786","5.2866","9.6791","22.836","Geographic - EAFE","Broad Developed World ETFs"
"iShares 3-7 Year Treasury Bond ETF","IEI","17610.45","3.46820809248554913294797687861271676301",".0692",".2068","-.4448","-.2111","-1.5912",".591","US Treasury - Intermediate Term","Government Bond ETFs"
"iShares Core MSCI Emerging Markets ETF","IEMG","161533.19","84.02239448751076658053402239448751076658",".4394","5.3514","-.1577","-2.2296","15.5593","35.1018","Geographic - Broad Emerging Markets","Broad Emerging Market ETFs"
"iShares U.S. Oil & Gas Exploration & Production ETF","IEO","631.35","99.00990099009900990099009900990099009901","-.3778","12.6178","4.166","17.3164","25.7504","54.9463","Energy - Exploration","Energy ETFs"
"iShares U.S. Tech Independence Focused ETF","IETC","686.21","71.54422788605697151424287856071964017991","1.4456","3.3346","-1.6012","-5.8128","19.2721","12.7751","Technology  - broad","Technology ETFs"
"iShares Core MSCI Europe ETF","IEUR","9293.14","90.13854930725346373268133659331703341483",".8189",".7142","-.7041","5.4981","8.8367","20.9189","Geographic - Broad Europe","European Equity ETFs"
"iShares Europe ETF","IEV","1671.4","89.74569319114027891714520098441345365053",".779",".5629","-.7277","5.5617","8.8285","21.2237","Geographic - Broad Europe","European Equity ETFs"
"iShares U.S. Oil Equipment & Services ETF","IEZ","400.02","87.32970027247956403269754768392370572207","-1.4456","11.4826","3.3345","-.0475","9.6348","66.6191","Energy - Equipment and services","Energy ETFs"
"Invesco Bloomberg Enhanced Fallen Angels ETF","IFLN","300.88","45",".0828",".5084","-.4391",".915","1.4451","0","Corporates - Junk/High Yield","High-Yield/Junk Bond ETFs"
"VictoryShares International Free Cash Flow ETF","IFLO","287.18","99.25090252707581227436823104693140794224","1.6732","8.6737",".389","11.9402","23.3665","40.9322","Foreign Large Value ETF","Foreign Large Value ETF"
"iShares U.S. Infrastructure ETF","IFRA","4186.18","61.27819548872180451127819548872180451128",".4946","-3.5363","-1.5539","-3.427","-1.0702","16.8657","Utilities  - Infrastructure","Utilities/Infrastructure ETFs"
"First Trust Dorsey Wright International Focus 5 ETF","IFV","227.52","55.92053501180173092053501180173092053501","1.2029","2.5313","-.9314","-5.7631",".3768","12.7753","Strategy - Alpha-Seeking","World ETFs"
"iShares Interest Rate Hedged Long-Term Corporate Bond ETF","IGBH","242.3","60.86956521739130434782608695652173913043",".6041","1.0702",".0685",".6688","4.4318","7.0516","Ultra short Bond ETF","Ultra short Bond ETF"
"iShares North American Natural Resources ETF","IGE","760.85","100",".1204","11.2542","1.2633","8.6688","8.2529","42.534","Materials  - Broad","Materials ETFs"
"iShares Investment Grade Systematic Bond ETF","IGEB","1483.14","4.04624277456647398843930635838150289017",".1595",".2893","-.5754","-.8453","-1.3961","1.678","Corporates - Investment Grade","Investment Grade Corporate Bond ETFs"
"iShares Global Infrastructure ETF","IGF","10429.58","54.39330543933054393305439330543933054393",".355","-2.1376","-.8994","-.5374","-2.6948","12.2577","Utilities  - Infrastructure","Utilities/Infrastructure ETFs"
"ProShares Investment Grade-Interest Rate Hedged","IGHG","347.04","21.8957345971563981042654028436018957346","-.0232",".4289","-.1767",".1311","2.6295","3.9759","Corporates - Investment Grade","Investment Grade Corporate Bond ETFs"
"iShares 5-10 Year Investment Grade Corporate Bond ETF","IGIB","18608.73","3.55871886120996441281138790035587188612",".1159",".1665","-.6832","-.8175","-1.7198","1.7075","Corporates - Investment Grade","Investment Grade Corporate Bond ETFs"
"iShares 10+ Year Investment Grade Corporate Bond ETF","IGLB","2910.8","3.56435643564356435643564356435643564356",".1469",".3628","-.9523","-2.8359","-3.7166",".3656","Corporates - Investment Grade","Investment Grade Corporate Bond ETFs"
"FT Vest Gold Strategy Target Income ETF","IGLD","589.54","14.42307692307692307692307692307692307692","1.6854","10.6676","-2.387","-.8679","-12.0278","17.6408","Precious Metals - Gold","Precious Metals ETFs"
"iShares Expanded Tech Sector ETF","IGM","10509.91","82.64563106796116504854368932038834951456","1.3983","2.6135","-.9963","-5.0143","30.9352","36.7482","Technology  - broad","Technology ETFs"
"iShares International Treasury Bond ETF","IGOV","1540.88","36.4963503649635036496350364963503649635",".6328",".2667","-.169","-.2413","-1.8514","-1.7815","International - Broad Treasury","Developed Market Bond ETFs"
"Invesco AI and Next Gen Software ETF","IGPT","1207.52","72.85587975243147656940760389036251105217","1.5546","3.6309","-.5148","-9.573","52.1404","83.0534","Technology  - Software","Technology ETFs"
"iShares International Dividend Growth ETF","IGRO","1308.45","100","1.4545","2.3176","1.2574","8.7624","10.3599","22.2516","Strategy - Dividend Growth","World ETFs"
"iShares 1-5 Year Investment Grade Corporate Bond ETF","IGSB","23345.25","6.16438356164383561643835616438356164384",".0868",".5003","-.2834",".3851",".2895","2.7069","Corporates - Investment Grade","Investment Grade Corporate Bond ETFs"
"iShares Expanded Tech-Software Sector ETF","IGV","14758.03","74.86085343228200371057513914656771799629","3.4133","9.7824","-3.0547","6.7533","27.1598","-.3291","Technology  - Software","Technology ETFs"
"iShares Cybersecurity and Tech ETF","IHAK","1041.08","82.28782287822878228782287822878228782288","1.957","1.8427","-4.9072","7.1959","44.0126","24.4953","Technology  - broad","Technology ETFs"
"WisdomTree International Hedged Quality Dividend Growth ETF","IHDG","2160.77","89.49720670391061452513966480446927374302",".2266",".1339","-.5527","4.999","8.335","20.9893","Strategy - Dividend Growth","Broad Developed World ETFs"
"iShares U.S. Pharmaceuticals ETF","IHE","1687.82","92.98694650627079600716662400819042743793",".2472","4.7704",".6588","17.4237","18.1597","49.9662","Healthcare - Pharma","Health Care ETFs"
"iShares U.S. Healthcare Providers ETF","IHF","1251.01","99.3578517221249270286047869235259778167",".6071","2.0229","1.2924","16.0755","27.9154","23.6745","Healthcare - Healthcare - Providers","Health Care ETFs"
"iShares U.S. Medical Devices ETF","IHI","3423.02","37.58865248226950354609929078014184397163","-.9372","-.5534","-1.2999","11.2407","-8.4269","-11.6317","Healthcare - Medical Devices","Health Care ETFs"
"Innovator International Develo","IJAN","262.31","100",".4769","1.4995",".2584","3.776","6.6132","12.9945","Derivative Based ETF","Defined Outcome"
"iShares Core S&P Mid-Cap ETF","IJH","124596.23","82.20597196831200487507617306520414381475",".8521","-.473","-1.1742","1.0774","7.3897","18.2691","Style Box - Mid Cap Blend","Style Box - Mid Cap Blend"
"iShares S&P Mid-Cap 400 Value ETF","IJJ","8796.91","85.90990990990990990990990990990990990991",".6128","-1.0447","-.2498","3.7688","7.188","15.8024","Style Box - Mid Cap Value","Style Box - Mid Cap Value"
"iShares S&P Mid-Cap 400 Growth ETF","IJK","10644.93","79.2841648590021691973969631236442516269","1.0787",".0618","-1.9543","-1.4466","7.5096","20.3941","Style Box - Mid Cap Growth","Style Box - Mid Cap Growth"
"iShares Core S&P Small-Cap ETF","IJR","109098.36","85.30867413388903360250065121125293045064",".3395","-2.0695","-1.349","4.8994","12.5596","25.1541","Style Box - Small Cap Blend","Style Box - Small Cap Blend"
"iShares S&P Small-Cap 600 Value ETF","IJS","8242.6","88.87652947719688542825361512791991101224",".0732","-1.0855","-.9852","4.9965","12.2199","27.5019","Style Box - Small Cap Value","Style Box - Small Cap Value"
"iShares S&P Small-Cap 600 Growth ETF","IJT","8186.86","80.46451052745821575862817451703928803994",".5439","-3.2649","-1.7845","4.7519","12.6836","22.5105","Style Box - Small Cap Growth","Style Box - Small Cap Growth"
"Innovator International Develo","IJUL","256.35","99.58906924183275118142592973084035340045",".7265","1.3414",".2166","4.5467","8.2836","15.0905","Derivative Based ETF","Defined Outcome"
"iShares Morningstar U.S. Equity ETF","ILCB","1298.13","99.62321024868123587038432554634513941221","1.1041","2.078",".1964","2.6304","14.5869","21.1673","Style Box - All Cap Growth","Style Box - All Cap Growth"
"iShares Morningstar Growth ETF","ILCG","3120.91","83.49684653118430273300630693763139453399","1.2269","1.3868","-.8242","-2.8456","15.4348","16.2609","Style Box - All Cap Growth","Style Box - All Cap Growth"
"iShares Morningstar Value ETF","ILCV","1354.5","100",".9874","2.8091","1.1181","8.4224","13.7616","26.2404","Style Box - All Cap Value","Style Box - All Cap Value"
"First Trust Innovation Leaders ETF","ILDR","321.05","86.5244708994708994708994708994708994709","1.8053","4.2325","-1.3188","-2.9918","27.24","29.2691","Geographic - Global Total Market","World ETFs"
"iShares Latin America 40 ETF","ILF","4002.31","83.91544117647058823529411764705882352941",".3589","3.3845","4.0057","8.2037","6.5737","39.7984","Geographic - Broad Latin America","Latin American Equity ETFs"
"AB International Low Volatility Equity ETF","ILOW","1860.41","95.21861777150916784203102961918194640339","1.0877","1.781",".2766","6.3819","8.4517","15.6897","Foreign Large Blend ETF","Foreign Large Blend ETF"
"iShares Core 10+ Year USD Bond ETF","ILTB","588.97","4.05322415557830092118730808597748208802",".2195",".6011","-.8235","-2.4283","-4.3374",".5246","Total Bond Market - Broad","Total Bond Market ETFs"
"iShares Morningstar Mid-Cap ETF","IMCB","1693.26","90.26433691756272401433691756272401433692",".8934","1.1304","-.963","4.9446","14.1882","22.4603","Style Box - Mid Cap Blend","Style Box - Mid Cap Blend"
"iShares Morningstar Mid-Cap Growth ETF","IMCG","4035","83.36730534039951080309824704443538524256","1.1217","-.1242","-2.1704",".9029","16.4184","19.3941","Style Box - Mid Cap Growth","Style Box - Mid Cap Growth"
"iShares Morningstar Mid-Cap Value ETF","IMCV","1184.16","98.31606217616580310880829015544041450777",".6946","2.2857",".2595","9.3098","12.5351","25.9694","Style Box - Mid Cap Value","Style Box - Mid Cap Value"
"Invesco Managed Futures Strategy ETF","IMF","320.53","98.58246059452025811911562466941711625939","-.1997","2.2413",".5105","1.0378","8.1939","20.9813","Derivative Based ETF","Hedge Fund ETFs"
"Invesco International Developed Dynamic Multifactor ETF","IMFL","1079.48","95.77243628457543181543664693803599468535",".8931","2.3528","-.0285","1.5415","7.5435","31.3666","Foreign Large Blend ETF","Foreign Large Blend ETF"
"iShares Core 5-10 Year USD Bond ETF","IMTB","272.92","5.31335149863760217983651226158038147139",".1782",".4712","-.5407","-.3812","-1.4774","2.093","Total Bond Market - Broad","Total Bond Market ETFs"
"iShares MSCI Intl Momentum Factor ETF","IMTM","4279.2","92.9594272076372315035799522673031026253","1.0469","3.3658",".6143","2.5949","9.2827","22.4983","Foreign Large Blend ETF","Foreign Large Blend ETF"
"Franklin Income Equity Focus ETF","INCE","287.95","93.61813884268580933204937406985905628994",".6695","1.3673",".5658","3.5571","7.098","22.4256","Style Box - Large Cap Blend","Style Box - Large Cap Blend"
"Franklin Income Focus ETF","INCM","1845.26","91.55555555555555555555555555555555555556",".2718","1.2987",".0675","2.416","3.679","12.6761","Moderate Allocation ","Total Portfolio ETFs"
"Columbia India Consumer ETF","INCO","228.2","55.45580110497237569060773480662983425414","-.5772","-1.3037","-1.2719","7.8438",".9715","-8.3956","Geographic - India","Asia-Pacific (Emerging) ETFs"
"iShares MSCI India ETF","INDA","6775.93","45.59270516717325227963525835866261398176","-.1001","-.4785",".7874","5.4054","-.5974","-5.1311","Geographic - India","Asia-Pacific (Emerging) ETFs"
"iShares India 50 ETF","INDY","554.7","21.37983320697498104624715693707354056103","-.1368","-.8379",".4819","5.2242","-3.392","-6.9127","Geographic - India","Asia-Pacific (Emerging) ETFs"
"Horizon Kinetics Inflation Beneficiaries ETF","INFL","1649.57","97.19764011799410029498525073746312684366","1.2559","8.335","-.6607","7.1689","4.4324","30.5122","World Small/Mid Stock ETF","World Small/Mid Stock ETF"
"Harbor PanAgora Dynamic Large Cap Core ETF","INFO","879.29","96.32441760138050043140638481449525452977","1.1044","1.684",".4922","3.804","16.5312","23.9372","Style Box - Large Cap Blend","Style Box - Large Cap Blend"
"iShares International Equity Factor ETF","INTF","3773.32","99.62358845671267252195734002509410288582","1.2141","2.9202",".6034","6.632","10.8983","27.1543","Foreign Large Blend ETF","Foreign Large Blend ETF"
"Main International ETF","INTL","245.59","98.8189821773674039080953403478634313936",".9454","3.5843",".0667","2.4971","9.3302","22.051","Foreign Large Blend ETF","Foreign Large Blend ETF"
"GraniteShares 2x Long INTC Daily ETF","INTW","320.89","33.29138708082225376008619753870647406234","3.5003","-2.387","-1.1825","-46.2302","198.8509","624.9547","Derivative Based ETF","Single Stock ETF"
"iShares Global 100 ETF","IOO","9188.09","98.27698309492847854356306892067620286086",".9845","1.789",".587","2.9402","16.927","27.7207","Global Large-Cap Blend Equity ETF","Global Large-Cap Blend Equity ETF"
"iShares Core MSCI Pacific ETF","IPAC","2800.43","100","1.588","4.7057","1.7544","5.5497","11.1147","25.6058","Geographic - Asia Developed","Asia-Pacific (Developed) ETFs"
"Invesco International BuyBack Achievers ETF","IPKW","568.32","100","1.3255","2.1866","2.2693","6.9084","10.7166","24.3513","Foreign Large Value ETF","Foreign Large Value ETF"
"Northern Trust International Quality Dividend ETF","IQDF","1181.62","100","1.0696","3.726",".6648","4.8724","13.4269","32.629","Strategy - Dividend","World ETFs"
"WisdomTree International Quality Dividend Growth ETF","IQDG","711.89","92.9376289477860657038565307094112045707",".9551","1.1157","-.2555","5.5228","7.7847","18.2973","Strategy - Dividend Growth","Broad Developed World ETFs"
"iShares MSCI Intl Quality Factor ETF","IQLT","14075.29","91.68490153172866520787746170678336980306",".9591","2.4226","-.6931","7.0509","10.2538","23.0493","Foreign Large Blend ETF","Foreign Large Blend ETF"
"ProShares GENIUS Money Market ETF","IQMM","19421.59","30",".01",".3069",".0672",".9061","1.8392","0","US Treasury - Ultra Short","Money Market/Ultra-Short Term ETFs"
"iShares Nasdaq 100 ETF","IQQ","378.24","79.41176470588235294117647058823529411765","1.1667","2.5338","-.4918","0","0","0","Style Box - Large Cap Growth","Style Box - Large Cap Growth"
"ProShares Nasdaq-100 High Income ETF","IQQQ","402.81","69.41306144943510608983190961697437310554","1.1782","1.9431","-.5126","-4.3791","15.016","22.3128","Style Box - Large Cap Growth","Derivative Based ETF"
"NYLI Candriam International Equity ETF","IQSI","272.46","96.00124474871635288626108604325501789326","1.0868","2.3676","-.1244","4.1493","8.5852","20.9956","Strategy - Socially Responsible","Broad Developed World ETFs"
"NYLI Candriam U.S. Mid Cap Equity ETF","IQSM","344.23","93.32018733053980773970914468819324624106",".787","1.8609","-1.1298","4.7633","11.514","20.6514","Strategy - Socially Responsible","Style Box - Mid Cap Blend"
"NYLI Candriam U.S. Large Cap Equity ETF","IQSU","323.18","96.52741708095273428804630110558729687616","1.1746","1.1648","-.0191","2.0666","17.2351","23.5783","Strategy - Socially Responsible","Style Box - Large Cap Blend"
"Defiance Daily Target 2X Long IREN ETF","IRE","299.44","3.43946875532096032691980248595266473693","10.1996","-1.4866","1.3252","-74.047","-47.3517","0","Derivative Based ETF","Single Stock ETF"
"iShares Morningstar Small-Cap ETF","ISCB","284.58","89.64335117579840019245805015937932278824",".7037","-.0225","-1.266","4.7001","11.157","22.7878","Style Box - Small Cap Blend","Style Box - Small Cap Blend"
"iShares International Small-Cap Equity Factor ETF","ISCF","676.98","96.23545516769336071184120465434633812457","1.2986","3.2645","-.594","5.273","7.0288","19.6337","Foreign Small/Mid Blend ETF","Foreign Small/Mid Blend ETF"
"iShares Morningstar Small-Cap Growth ETF","ISCG","982.07","82.19645293315143246930422919508867667121",".9405",".0157","-2.1339","2.0929","9.9912","21.9506","Style Box - Small Cap Growth","Style Box - Small Cap Growth"
"iShares Morningstar Small-Cap Value ETF","ISCV","696.91","93.3731607478703396393406350259984511561",".6055",".0745","-.1858","7.7434","12.37","23.8003","Style Box - Small Cap Value","Style Box - Small Cap Value"
"iShares 1-3 Year International Treasury Bond ETF","ISHG","873.84","64.33350488934637159032424086464230571282",".538","1.2971","-.0736","1.122","1.0549",".3814","International - Broad Treasury","Developed Market Bond ETFs"
"Inspire Small/Mid Cap ETF","ISMD","335.62","87.003367003367003367003367003367003367",".2262","-2.1477","-1.2158","4.7331","18.1885","27.6848","Strategy - Socially Responsible","Style Box - All Cap Blend"
"ProShares S&P 500 High Income ETF","ISPY","1230.26","92.47626004382761139517896274653031409788",".9965","2.0241",".3118","1.514","11.3856","17.5919","Style Box - Large Cap Blend","Derivative Based ETF"
"iShares Core 1-5 Year USD Bond ETF","ISTB","5077.95","4.6875",".0628",".5041","-.2553",".4006",".1883","2.4008","Total Bond Market - Broad","Total Bond Market ETFs"
"iShares International Developed Small Cap Value Factor ETF","ISVL","338.46","100","1.4472","5.2092","1.0049","9.2842","12.7136","29.9552","Foreign Small/Mid Value ETF","Foreign Small/Mid Value ETF"
"iShares U.S. Aerospace & Defense ETF","ITA","13335.19","52.20672106694744230937966131438097745021","1.1685","-8.1681","-3.5345",".5574","-7.6272","15.2863","Industrials  - Aerospace & Defense","Industrials ETFs"
"iShares U.S. Home Construction ETF","ITB","2283.37","23.90812034940148819152377871239081203494",".8619","-3.4945","-2.1019","1.4268","-9.3844","-14.9636","Consumer Discretionary - Broad","Consumer Discretionary ETFs"
"iShares Core S&P Total U.S. Stock Market ETF","ITOT","96218.9","95.27631985180611299783883914788514973757","1.0513","1.9096",".0947","2.7503","14.1678","21.2066","Style Box - All Cap Blend","Style Box - All Cap Blend"
"Invesco RAFI Strategic US ETF","IUS","987.71","100",".7852","2.8405","1.0448","7.4568","18.6258","32.5599","Style Box - Large Cap Blend","Style Box - Large Cap Blend"
"iShares Core Universal USD Bond ETF","IUSB","43585.15","3.90243902439024390243902439024390243902",".1107",".4443","-.4867","-.4559","-1.2627","2.0192","Total Bond Market - Broad","Total Bond Market ETFs"
"iShares Core S&P U.S. Growth ETF","IUSG","33105.15","93.91361256544502617801047120418848167539","1.3129","1.7474","-.104",".5254","18.2733","22.8351","Style Box - All Cap Growth","Style Box - All Cap Growth"
"iShares Core S&P U.S. Value ETF","IUSV","27860.13","99.24871940808195788275469550369948776323",".6965","2.1768",".5236","5.3561","9.0969","19.3686","Style Box - All Cap Value","Style Box - All Cap Value"
"ishares S&P/TSX 60 Index ETF","IUTSF","16568.23","100","0","7.8925","0","6.8329","9.0324","42.5004","Geographic - Canada","Canadian Equity ETFs"
"Alpha Architect International Quantitative Value ETF","IVAL","225.98","100",".9691","3.1862",".681","6.5308","9.6714","28.624","Foreign Small/Mid Value ETF","Foreign Small/Mid Value ETF"
"iShares S&P 500 Value ETF","IVE","50065.02","99.78118161925601750547045951859956236324",".6758","2.2652",".5568","5.3771","9.1252","19.4046","Style Box - Large Cap Value","Style Box - Large Cap Value"
"Dan IVES Wedbush AI Revolution ETF","IVES","1041.96","85.07871321013004791238877481177275838467","2.7273","5.9186","-.5031","-1.5924","34.2498","39.9683","Artificial Intelligence and Robotics ETF","Artificial Intelligence and Robotics ETF"
"iShares MSCI Intl Value Factor ETF","IVLU","4636.67","100","1.465","3.0914","1.7171","6.6993","12.4172","33.9462","Foreign Large Value ETF","Foreign Large Value ETF"
"Vanguard S&P Mid-Cap 400 Growth Index Fund ETF Shares","IVOG","1636.09","78.8421358096343586767266395821242019733","1.0609","-.1281","-2.1644","-1.5767","7.5379","19.9091","Style Box - Mid Cap Growth","Style Box - Mid Cap Growth"
"Quadratic Interest Rate Volatility and Inflation Hedge ETF","IVOL","274.53","2.3972602739726027397260273972602739726",".3231","-1.8789","-1.0915","-2.5084","-8.22","-11.2662","US Treasury - TIPS","Inflation-Protected Bond ETFs"
"Vanguard S&P Mid-Cap 400 Index Fund ETF Shares","IVOO","3785","82.31046931407942238267148014440433212996",".8418","-.5045","-1.1872","1.0336","7.3871","18.3285","Style Box - Mid Cap Blend","Style Box - Mid Cap Blend"
"Vanguard S&P Mid-Cap 400 Value Index Fund ETF Shares","IVOV","1336.03","85.79545454545454545454545454545454545455",".59","-.9753","-.2794","3.7728","7.3187","14.1957","Style Box - Mid Cap Value","Style Box - Mid Cap Value"
"iShares Core S&P 500 ETF","IVV","880633.38","97.03835130339838951822028115190391701924","1.0822","2.0767",".3072","2.8888","14.2733","21.4008","Style Box - Large Cap Blend","Style Box - Large Cap Blend"
"iShares S&P 500 BuyWrite ETF","IVVW","339.48","69.09492273730684326710816777041942604857","1.6604","2.752",".7809","5.9834","11.2243","19.7715","Derivative Based ETF","Derivative Based ETF"
"iShares S&P 500 Growth ETF","IVW","76190.67","94.67927874667454921667159326041974578776","1.3101","1.8084","-.0568",".6188","18.7894","22.7607","Style Box - Large Cap Growth","Style Box - Large Cap Growth"
"iShares Russell 1000 ETF","IWB","48705.25","96.24543278316744361849565326949729116795","1.1065","2.043",".1634","2.9316","13.8332","20.6212","Style Box - Large Cap Blend","Style Box - Large Cap Blend"
"iShares Micro-Cap ETF","IWC","1468.63","89.59457108056377240299286584304854706804",".2005","1.0525","-1.7294","4.321","17.7739","39.0028","Style Box - Micro Cap Blend","Style Box - Micro Cap Blend"
"iShares Russell 1000 Value ETF","IWD","83988.03","100",".8947","2.0217",".6988","8.7094","17.4079","31.1465","Style Box - Large Cap Value","Style Box - Large Cap Value"
"iShares Russell 1000 Growth ETF","IWF","124453.27","79.49466246832040549880961523692496736042","1.3299","2.118","-.3713","-2.4427","10.2254","11.0559","Style Box - Large Cap Growth","Style Box - Large Cap Growth"
"iShares Russell Top 200 ETF","IWL","2200.17","98.27255278310940499040307101727447216891","1.1441","2.3038",".4556","2.6113","14.6833","21.0254","Style Box - Large Cap Blend","Style Box - Large Cap Blend"
"NYLI Winslow Large Cap Growth ETF","IWLG","316.99","85.92715231788079470198675496688741721854","1.3091","1.2399","-.918","-1.8809","11.6749","8.8948","Style Box - Large Cap Growth","Style Box - Large Cap Growth"
"iShares Russell 2000 ETF","IWM","80000.12","86.97025533035009212950776520136878125823",".4013","-.3477","-1.541","2.8557","14.3061","27.4645","Style Box - Small Cap Blend","Style Box - Small Cap Blend"
"NEOS Russell 2000 High Income ETF","IWMI","1235.07","79.87261146496815286624203821656050955414",".4243",".5481","-1.0452","3.8291","12.4397","24.8827","Derivative Based ETF","Style Box - Small Cap Blend"
"iShares Russell 2000 Value ETF","IWN","14486.45","93.66678047115056333219528849436667804712",".3049","-.3252","-.4539","5.8038","14.7726","31.1521","Style Box - Small Cap Value","Style Box - Small Cap Value"
"iShares Russell 2000 Growth ETF","IWO","14798.09","80.46545914069081718618365627632687447346",".5305","-.2988","-2.533",".1491","13.9274","23.9583","Style Box - Small Cap Growth","Style Box - Small Cap Growth"
"iShares Russell Mid-Cap Growth ETF","IWP","19339.38","67.23421926910299003322259136212624584718","1.68","-.0715","-2.4627","-1.4419","3.3406","-.9434","Style Box - Mid Cap Growth","Style Box - Mid Cap Growth"
"iShares Russell Mid-Cap ETF","IWR","56492.53","88.41331603977518374405533938607868568958","1.0088",".9543","-1.0326","4.1495","10.7529","19.0877","Style Box - Mid Cap Blend","Style Box - Mid Cap Blend"
"iShares Russell Mid-Cap Value ETF","IWS","15636.2","93.58423844405152816367769638797676180854",".7725","1.2501","-.5528","5.9423","13.1596","25.9639","Style Box - Mid Cap Value","Style Box - Mid Cap Value"
"iShares Russell 3000 ETF","IWV","20274.26","95.89255601059985545651650204769934955432","1.0274","1.9672",".0774","2.9903","13.9213","20.9496","Style Box - All Cap Blend","Style Box - All Cap Blend"
"iShares Russell Top 200 Value ETF","IWX","3975.85","100",".8866","2.2648","1.1197","9.6525","19.1083","33.2597","Style Box - Large Cap Value","Style Box - Large Cap Value"
"iShares Russell Top 200 Growth ETF","IWY","15756.84","78.84677160295534853838740764535817539351","1.2401","2.4315","-.1382","-2.4904","10.6089","12.0603","Style Box - Large Cap Growth","Style Box - Large Cap Growth"
"iShares Global Energy ETF","IXC","2894.88","98.47127042698998418555614127569847127043","-.4899","7.1675","3.3872","7.5654","14.1107","46.8373","Energy - Broad","Energy ETFs"
"iShares Global Financials ETF","IXG","700.65","100","1.6773","2.3381","2.2541","15.1416","18.8415","22.1882","Financials-Broad","Financials ETFs"
"iShares Global Healthcare ETF","IXJ","4344.27","93.47925216598267213862289101687186502508",".3311","6.1455",".8367","15.8388","8.0741","22.6957","Healthcare - Broad","Health Care ETFs"
"iShares Global Tech ETF","IXN","9494.65","84.26779786056805606787163408336407229805","1.0592","5.0123","-1.0164","-4.6298","35.4183","49.7483","Technology  - broad","Technology ETFs"
"iShares Global Comm Services ETF","IXP","469.36","48.97172236503856041131105398457583547558","1.0908",".1697","1.9422","-1.5803","-1.0421","1.8182","Communication Services - Broad","Communication Services ETFs"
"iShares Core MSCI Total International Stock ETF","IXUS","60470.84","98.50498338870431893687707641196013289037",".9566","3.3375","-.0204","2.5414","11.4036","27.0012","Foreign Large Blend ETF","Foreign Large Blend ETF"
"iShares U.S. Consumer Discretionary ETF","IYC","1184.84","53.97683397683397683397683397683397683398",".8067","-1.3643",".2277","1.1583","-.1502","-1.527","Consumer Discretionary - Broad","Consumer Discretionary ETFs"
"iShares U.S. Energy ETF","IYE","1888.56","98.16317812900469884664673216574113626655","-.625","9.4445","3.7009","10.0979","15.5541","47.9372","Energy - Broad","Energy ETFs"
"iShares U.S. Financials ETF","IYF","4278.88","100","1.9593","2.2219","1.505","14.5444","14.6318","13.0019","Financials-Broad","Financials ETFs"
"iShares U.S. Financial Services ETF","IYG","2212.51","100","1.6076","2.2503","1.1593","14.9709","15.8339","12.1858","Financials-Broad","Financials ETFs"
"iShares U.S. Healthcare ETF","IYH","3916.99","93.34836527621195039458850056369785794814",".1918","7.1952",".716","17.905","12.4666","28.1197","Healthcare - Broad","Health Care ETFs"
"iShares U.S. Industrials ETF","IYJ","1905.19","70.30694668820678513731825525040387722132",".7778","-3.6346","-2.2213","2.8018","1.191","12.2741","Industrials  - Broad","Industrials ETFs"
"iShares U.S. Consumer Staples ETF","IYK","1423.93","79.77437550362610797743755036261079774376","-.5428","1.2534",".5891","7.3266",".5613","9.9771","Consumer Staples - Broad","Consumer Staples ETFs"
"iShares U.S. Basic Materials ETF","IYM","1104.11","92.85339856718504280971518434387558972567",".1771","8.3108","-1.7268","2.8957","5.4238","31.9675","Materials  - Broad","Materials ETFs"
"iShares U.S. Real Estate ETF","IYR","4338.38","70.10238907849829351535836177474402730375","1.0212","-2.2332","-.8768","3.39","2.6797","9.4892","Real Estate   - REITs","Real Estate ETFs"
"NEOS Real Estate High Income ETF","IYRI","310.63","46.29166666666666666666666666666666666667",".9385","-1.8642","-1.0141","3.3291","1.6733","7.7037","Derivative Based ETF","Real Estate ETFs"
"iShares U.S. Transportation ETF","IYT","2153.82","70.69044352994970278920896204846822130773",".3361","-2.6549","-3.2407",".2327","2.955","19.5752","Industrials  - Transportation/Shipping","Industrials ETFs"
"iShares U.S. Technology ETF","IYW","24751.07","91.43617636847587084828144890637657678509","1.6749","3.6359","-.5004","-1.9212","33.7577","39.0368","Technology  - broad","Technology ETFs"
"iShares Dow Jones U.S. ETF","IYY","3037.02","96.33975970941603799944118468846046381671","1.0842","2.0481",".1968","2.8286","14.2169","20.8541","Style Box - All Cap Blend","Style Box - All Cap Blend"
"iShares U.S. Telecommunications ETF","IYZ","1240.44","77.91245791245791245791245791245791245791","-.0703","1.9107","-1.6594","-3.961","8.1881","38.1289","Communication Services - Broad","Communication Services ETFs"
"Janus Henderson AAA CLO ETF","JAAA","30296.21","37.77777777777777777777777777777777777778","0",".4705",".094","1.2018","2.5943","4.6861","Asset Backed - MBS","Mortgage-Backed Security ETFs"
"Innovator Equity Defined Protection ETF - 6 Mo Jan/Jul","JAJL","290.21","100",".2316",".6645",".1322","1.7017","3.8027","6.4278","Derivative Based ETF","Defined Outcome"
"AllianzIM U.S. Equity Buffer20 Jan ETF","JANW","351.64","100",".2665","1.1263",".2156","2.2571","6.6838","10.5654","Derivative Based ETF","Defined Outcome"
"JPMorgan Active Value ETF","JAVA","7143.89","96.94427801078490113840623127621330137807",".8105",".7862",".5187","7.6615","12.1108","24.6204","Style Box - All Cap Value","Style Box - All Cap Value"
"Janus Henderson B-BBB CLO ETF","JBBB","1485.19","50.75528700906344410876132930513595166163","-.0105",".7508",".2214","1.5897","4.5589","4.64","Asset Backed - MBS","Mortgage-Backed Security ETFs"
"JPMorgan Active Bond ETF","JBND","8630.18","5.18518518518518518518518518518518518519",".1529",".4178","-.4965","-.4326","-1.6506","2.0245","Total Bond Market - Broad","Total Bond Market ETFs"
"JPMorgan Core Plus Bond ETF","JCPB","14593.02","3.50877192982456140350877192982456140351",".109",".5316","-.5084","-.3723","-1.3328","2.4919","Total Bond Market - Broad","Total Bond Market ETFs"
"JPMorgan Inflation Managed Bond ETF","JCPI","899.22","7.14285714285714285714285714285714285714",".2753",".8543","-.2849","-.6397","-.1565","1.4037","Derivative Based ETF","Inflation-Protected Bond ETFs"
"John Hancock Disciplined Value International Select ETF","JDVI","781.41","100","1.9282","6.342","1.5873","6.2449","12.0197","33.6223","Foreign Large Value ETF","Foreign Large Value ETF"
"John Hancock Disciplined Value Select ETF","JDVL","905.67","97.93281653746770025839793281653746770026",".8688","2.3937","-.0615","4.122","14.7749","28.8789","Style Box - Large Cap Value","Style Box - Large Cap Value"
"JPMorgan ActiveBuilders Emerging Markets Equity ETF","JEMA","1764.19","83.29303560422889110131323187787417626701",".2717","5.1458",".1117","-2.5856","17.3401","40.1475","Geographic - Broad Emerging Markets","Broad Emerging Market ETFs"
"Janus Henderson Emerging Markets Debt Hard Currency ETF","JEMB","458.98","32.25920679886685552407932011331444759207","-.86",".7408","-.3452",".181","1.8658","7.6977","International - Emerging Market","Emerging Market Bond ETFs"
"JPMorgan Equity Premium Income ETF","JEPI","45985.05","46.62309368191721132897603485838779956427",".4197","1.4264","-.084","5.6763","1.6701","9.603","Derivative Based ETF","Style Box - Large Cap Blend"
"JPMorgan Nasdaq Equity Premium Income ETF","JEPQ","41690.4","76.98309492847854356306892067620286085826",".9129","4.6924",".1037","1.5035","11.1019","20.2784","Derivative Based ETF","Style Box - Large Cap Growth"
"U.S. Global Jets ETF","JETS","760.66","48.33164812942366026289180990899898887765",".3177","-13.0089","-3.1687","2.12","3.6092","7.4887","Industrials  - Transportation/Shipping","Industrials ETFs"
"JPMorgan Flexible Debt ETF","JFLX","1557.18","17.85714285714285714285714285714285714286",".121",".0664","-.2872",".0817",".6253","0","Total Bond Market - Broad","Total Bond Market ETFs"
"JPMorgan Global Select Equity ETF","JGLO","6607.09","94.00458472932463410333274554752248280727","1.0097","1.2722",".1895","4.0917","9.0922","12.0478","Global Large-Cap Blend Equity ETF","Global Large-Cap Blend Equity ETF"
"JPMorgan Active Growth ETF","JGRO","9831.76","72.95492487479131886477462437395659432387","1.2409","1.371","-.703","-4.026","7.6556","6.5726","Style Box - Large Cap Growth","Style Box - Large Cap Growth"
"John Hancock Core Plus Bond ETF","JHCP","280.67","7.40740740740740740740740740740740740741",".2437",".0663",".0663","-.4295","-1.5832","2.0668","Total Bond Market - Broad","Total Bond Market ETFs"
"John Hancock Core Bond ETF","JHCR","2503.24","4.27350427350427350427350427350427350427",".0808",".0455","-.2553","-.4133","-1.4478","1.8945","Total Bond Market - Broad","Total Bond Market ETFs"
"John Hancock Multifactor Emerging Markets ETF","JHEM","1034.43","87.66233766233766233766233766233766233766",".6708","5.3453",".6958","-1.686","15.4172","37.1577","Geographic - Broad Emerging Markets","Broad Emerging Market ETFs"
"John Hancock Global Senior Loan ETF","JHLN","640.44","29.60526315789473684210526315789473684211","0",".7698",".7164","1.3003","3.0976","3.7246","Corporates - Bank Loan","High-Yield/Junk Bond ETFs"
"John Hancock Mortgage-Backed Securities ETF","JHMB","203.62","2.89719626168224299065420560747663551402",".1443",".0139","-.1201","-.3466","-1.5257","2.6184","Asset Backed - MBS","Mortgage-Backed Security ETFs"
"John Hancock Multifactor Developed International ETF","JHMD","976.05","95.83170509313533932525726195128305327602",".9557","1.7736",".3021","5.4712","8.3989","22.6054","Geographic - EAFE","Broad Developed World ETFs"
"John Hancock Multifactor Large Cap ETF","JHML","1165.39","92.61654042736621713159677320032021676212",".952","1.2433","-.1095","2.7591","12.4346","21.1559","Style Box - Large Cap Blend","Style Box - Large Cap Blend"
"John Hancock Multifactor Mid Cap ETF","JHMM","6039.89","84.15906127770534550195567144719687092568",".7531","-.04","-1.2652","2.0046","7.3326","18.8873","Style Box - Mid Cap Blend","Style Box - Mid Cap Blend"
"John Hancock Preferred Income ETF","JHPI","218.96","5.82524271844660194174757281553398058252",".2232","-.2213",".1333",".0147",".1676","3.7785","Corporates - Convertible","Convertibles/CEFs/OET/Preferred Stock ETFs"
"John Hancock Multifactor Small Cap ETF","JHSC","721.95","85.49743788069225563182828966450739630668",".6649","-1.1204","-1.07","3.8437","8.0898","18.6388","Style Box - Small Cap Blend","Style Box - Small Cap Blend"
"JPMorgan International Growth ETF","JIG","524.54","78.41397079874033781849413111938162038362",".8034","3.9925","-1.06",".1297","9.6722","19.0219","Foreign Large Growth ETF","Foreign Large Growth ETF"
"JPMorgan International Research Enhanced Equity ETF","JIRE","11193.18","94.74804826117814052519517388218594748048","1.0676","1.5858",".1646","5.6286","8.8401","22.3954","Geographic - EAFE","Broad Developed World ETFs"
"JPMorgan International Value ETF","JIVE","3913.63","100","1.2579","4.1202","2.0029","7.4257","14.869","36.8466","Foreign Large Value ETF","Foreign Large Value ETF"
"Janus Henderson Mortgage-Backed Securities ETF","JMBS","6667.79","4.68085106382978723404255319148936170213",".1588",".2863","-.6352","-.4801","-1.5288","2.9356","Asset Backed - MBS","Mortgage-Backed Security ETFs"
"JPMorgan Small & Mid Cap Enhanced Equity ETF","JMEE","2915.3","83.62204724409448818897637795275590551181",".7483","-.8014","-1.3117","2.4019","10.5127","22.9217","Style Box - All Cap Blend","Style Box - All Cap Blend"
"JPMorgan U.S. Momentum Factor ETF","JMOM","2634.28","86.459871984244214672575086164451009355","1.149","1.0996","-.9575","-.7509","17.9677","27.5591","Style Box - All Cap Growth","Style Box - All Cap Growth"
"JPMorgan Mortgage-Backed Securities ETF","JMTG","6833.51","4.91803278688524590163934426229508196721",".2419",".366","-.5013","-.1832","-1.4181","2.7744","Asset Backed - MBS","Mortgage-Backed Security ETFs"
"State Street SPDR Bloomberg High Yield Bond ETF","JNK","6919.35","18.13031161473087818696883852691218130312",".0945",".9528","-.3097",".9274","2.0786","4.6317","Corporates - Junk/High Yield","High-Yield/Junk Bond ETFs"
"Direxion Daily Junior Gold Miners Index Bull 2X ETF","JNUG","538.34","40.04582987633835091462210106277902888072","6.4861","73.05","-4.611","27.8071","-28.3884","75.4765","Derivative Based ETF","Leveraged Equity ETFs"
"Virtus Terranova U.S. Quality Momentum ETF","JOET","242.62","80.69312867250269816524763161050485669745",".7277","-.4142","-1.2111","1.2411","8.6584","10.5482","Style Box - Large Cap Blend","Style Box - Large Cap Blend"
"JPMorgan Equity Focus ETF","JPEF","2000.51","89.16692331382814906067138897443794271635","1.1829",".2225","-.169","1.2532","8.4416","12.6759","Style Box - All Cap Blend","Style Box - All Cap Blend"
"JPMorgan Diversified Return Emerging Markets Equity ETF","JPEM","399.48","98.70455495194316757208524864187212703719",".6909","3.056",".7969","4.6319","6.9027","20.0784","Geographic - Broad Emerging Markets","Broad Emerging Market ETFs"
"JPMorgan Active High Yield ETF","JPHY","2235.57","15.61391057487579843860894251242015613911",".0301",".8483","-.2441",".7155","2.4523","4.7319","Corporates - Junk/High Yield","High-Yield/Junk Bond ETFs"
"JPMorgan International Bond Opportunities ETF","JPIB","2203.07","8.82352941176470588235294117647058823529",".1685","-.0447","-.4547","-.136","-.2707","2.5265","Derivative Based ETF","Total Bond Market ETFs"
"JPMorgan Income ETF","JPIE","10677.24","4",".0219",".7727","-.1787",".7825","1.2789","3.9452","Derivative Based ETF","Total Bond Market ETFs"
"JPMorgan Diversified Return International Equity ETF","JPIN","368.03","99.06505648617062719127386053759252045189","1.3082","3.4081",".6075","5.6523","7.49","22.6221","Foreign Large Value ETF","Foreign Large Value ETF"
"JPMorgan Limited Duration Bond ETF","JPLD","4018.29","5.94059405940594059405940594059405940594",".0773",".555","-.1362",".7326",".8074","3.3474","Total Bond Market - Broad","Total Bond Market ETFs"
"JPMorgan Diversified Return U.S. Mid Cap Equity ETF","JPME","478.54","91.62790697674418604651162790697674418605",".2793",".4163","-.298","3.9312","8.3669","20.2155","Style Box - Mid Cap Blend","Style Box - Mid Cap Blend"
"JPMorgan Realty Income ETF","JPRE","475.03","71.52698048220436280137772675086107921929",".845","-1.997","-1.1092","4.0146","3.597","13.2833","Real Estate   - REITs","Real Estate ETFs"
"JPMorgan Preferred and Income Securities ETF","JPRF","2269.72","5.44217687074829931972789115646258503401",".0203",".163","-.4048","0","0","0","Corporates - Convertible","Convertibles/CEFs/OET/Preferred Stock ETFs"
"JPMorgan Diversified Return U.S. Small Cap Equity ETF","JPSE","594","87.13315020962845164088477663727049298829",".1515","-.9985","-.8153","3.3564","9.8394","22.502","Style Box - Small Cap Blend","Style Box - Small Cap Blend"
"JPMorgan Ultra-Short Income ETF","JPST","41006.22","7.14285714285714285714285714285714285714",".0397",".6572",".0231",".9158","1.6603","3.7709","Ultra short Bond ETF","Ultra short Bond ETF"
"JPMorgan Diversified Return U.S. Equity ETF","JPUS","473.57","93.15030723176303765558531589727430282023",".2153",".7623","-.2746","4.9395","7.2874","19.9753","Style Box - Large Cap Blend","Style Box - Large Cap Blend"
"JPMorgan U.S. Quality Factor ETF","JQUA","8668.33","95.44579858883899935856318152661962796665",".9039","2.7476","-.5981","4.1364","17.5564","22.5417","Style Box - All Cap Blend","Style Box - All Cap Blend"
"JPMorgan Short Duration Core Plus ETF","JSCP","1815.23","5.03246753246753246753246753246753246753",".0858",".5281","-.2507",".4857",".3174","2.6893","Short-Term Bond ETF","Short-Term Bond ETF"
"Janus Henderson Securitized Income ETF","JSI","1545.95","5.60747663551401869158878504672897196262",".1182",".2831","-.1383",".4752",".3414","2.2997","Asset Backed - MBS","Mortgage-Backed Security ETFs"
"Janus Henderson Small/Mid Cap Growth Alpha ETF","JSMD","1058.57","66.87205085208438950200834535740747962407",".5791","-2.1058","-2.4056","-2.8814","10.8262","13.3702","Style Box - Small Cap Growth","Style Box - Small Cap Growth"
"Janus Henderson Small Cap Growth Alpha ETF","JSML","364.95","81.95578493298413187490371283315359728855",".6311","-.5898","-2.1495","1.4579","18.8053","23.1501","Style Box - Small Cap Growth","Style Box - Small Cap Growth"
"Adasina Social Justice All Cap Global ETF","JSTC","299.38","91.22401847575057736720554272517321016166","1.0141",".823","-1.0111","2.3585","12.8504","15.9864","Strategy - Socially Responsible","World ETFs"
"JPMorgan U.S. Tech Leaders ETF","JTEK","4371.38","68.70854904155589757940394571148733734434","2.8065","3.4103","-2.2878","-8.8018","21.2344","18.4908","Technology  - broad","Technology ETFs"
"Aptus Enhanced Yield Etf","JUCY","374.32","4.46428571428571428571428571428571428571",".0685",".377","-.2135","1.0337","3.0538","6.4872","US Treasury - Intermediate Term","Government Bond ETFs"
"AllianzIM U.S. Equity Buffer20 Jul ETF","JULW","251.84","100",".4583","1.1906",".2769","2.5234","5.9939","9.8668","Derivative Based ETF","Defined Outcome"
"AllianzIM U.S. Equity Buffer20 Jun ETF","JUNW","375.01","100",".6736","1.3593",".4146","1.9744","4.6453","8.2314","Derivative Based ETF","Defined Outcome"
"JPMorgan U.S. Research Enhanced Large Cap ETF","JUSA","705.61","94.98147004323656578134651019147621988882",".9587","1.312",".1441","2.7364","13.3475","20.3507","Style Box - Large Cap Blend","Style Box - Large Cap Blend"
"Goldman Sachs JUST U.S. Large Cap Equity ETF","JUST","571.99","96.46082276749065036942442762017695886163",".9564","1.682",".2528","3.4025","15.413","22.6759","Strategy - Socially Responsible","Style Box - Large Cap Growth"
"JPMorgan U.S. Value Factor ETF","JVAL","959.47","94.95981473913635744448985151886663942242",".8079","2.5338","-.1167","2.9051","18.7919","31.2546","Style Box - All Cap Value","Style Box - All Cap Value"
"iShares Global Utilities ETF","JXI","299.26","48.59572275186807523834063385725328523576",".6652","-2.8053","-.6589","-.4382","-5.1623","12.6709","Utilities  - Broad","Utilities/Infrastructure ETFs"
"Innovator U.S. Small Cap Power Buffer ETF - April","KAPR","216.05","97.79411764705882352941176470588235294118",".2388",".73","-.3068","3.358","12.5856","19.5508","Derivative Based ETF","Defined Outcome"
"Scharf ETF","KAT","674.11","95.34536774578546919289870207369834402506",".7832","2.4705","-.0254","6.8464","3.4983","8.7874","Global Large-Cap Blend Equity ETF","Global Large-Cap Blend Equity ETF"
"State Street SPDR S&P Bank ETF","KBE","1606.37","84.55971049457177322074788902291917973462","1.1119","-1.9994","1.0085","11.9074","13.4719","16.3669","Financials - Banking","Financials ETFs"
"Invesco KBW Bank ETF","KBWB","6824.48","92.23412394797245600612088752869166029074","1.5599",".6285","1.7504","12.5894","20.3597","29.7334","Financials - Banking","Financials ETFs"
"Invesco KBW High Dividend Yield Financial ETF","KBWD","409.96","18",".2576","2.6917","-.6778","5.2667","1.3629","-.3372","Financials-Broad","Financials ETFs"
"Invesco KBW Property & Casualty Insurance ETF","KBWP","285.39","81.15295739246766935581951595248712855232","1.343","-.0503","1.0248","17.8206","7.8674","12.5337","Financials - Insurance","Financials ETFs"
"Invesco KBW Premium Yield Equity REIT ETF","KBWY","316.15","68.80473372781065088757396449704142011834","-.279","-2.43","-1.2051","4.8533","13.9968","19.048","Real Estate   - REITs","Real Estate ETFs"
"State Street SPDR S&P Capital Markets ETF","KCE","470.98","98.94704637585090380644009892155113071412","2.8251","4.5955","-.2403","16.6647","19.1128","13.7596","Financials - Brokers/ Capital markets","Financials ETFs"
"Kensington Hedged Premium Income ETF","KHPI","428.17","80.41666666666666666666666666666666666667",".5031",".3664",".2895","1.8854","6.3546","11.7191","Style Box - Large Cap Blend","Derivative Based ETF"
"State Street SPDR S&P Insurance ETF","KIE","617.11","87.20930232558139534883720930232558139535","1.8548",".201","1.8068","19.8645","12.3978","11.9039","Financials - Insurance","Financials ETFs"
"Innovator U.S. Small Cap Power Buffer ETF - January","KJAN","322.59","98.59231185706551164049810503519220357336",".2184",".763","-.2239","3.5476","9.0612","17.7138","Derivative Based ETF","Defined Outcome"
"Innovator U.S. Small Cap Power Buffer ETF - July","KJUL","230.69","88.10797665369649805447470817120622568093",".4142",".1623","-.6557",".5034","4.8275","11.4504","Derivative Based ETF","Defined Outcome"
"Invesco MSCI North America Climate ETF","KLMN","2457.41","97.29372937293729372937293729372937293729","1.1205","2.3024",".1666","3.1444","14.6806","22.0004","Strategy - Socially Responsible","Style Box - Large Cap Blend"
"Invesco MSCI Global Climate 500 ETF","KLMT","1599.39","97.85481113011036841287113321933778952277","1.064","2.1332",".2285","3.2401","14.0671","23.2453","Strategy - Socially Responsible","World ETFs"
"KraneShares Mount Lucas Managed Futures Index Strategy ETF","KMLM","423.24","90.5579399141630901287553648068669527897","-1.1206","4.4932","2.0408","4.3478","11.0083","16.154","Derivative Based ETF","Hedge Fund ETFs"
"FT Vest S&P 500 Dividend Aristocrats Target Income ETF","KNG","3414.43","67.8068410462776659959758551307847082495",".2539","1.0991","-.33","8.0831","2.812","11.6848","Derivative Based ETF","Style Box - Large Cap Growth"
"KraneShares Global Humanoid Robotics and Physical AI Index ETF","KOID","325.35","52.72020725388601036269430051813471502591","1.41","-4.1322","-2.8108","-15.824","6.1707","22.7304","Artificial Intelligence and Robotics ETF","Artificial Intelligence and Robotics ETF"
"Xtrackers MSCI Kokusai Equity ETF","KOKU","808.99","97.27647752146826064994106751978447550093","1.1816","1.9978",".2259","3.4999","13.1459","21.3094","Global Large-Cap Blend Equity ETF","Global Large-Cap Blend Equity ETF"
"State Street SPDR S&P Kensho New Economies Composite ETF","KOMP","2635.71","59.60539979231568016614745586708203530633","1.1206","-.1922","-2.4284","-8.3105","9.7572","18.7628","Geographic - Global Total Market","World ETFs"
"American Century Diversified Corporate Bond ETF","KORP","924.05","4.52674897119341563786008230452674897119",".2077",".0904","-.4992","-.7488","-1.2817","2.0771","Corporates- Intermediate Term","Investment Grade Corporate Bond ETFs"
"Direxion Daily MSCI South Korea Bull 3X ETF","KORU","1460.84","27.9784722398517427838846437003376405778","2.6799","30.3718","-3.3629","-65.4222","2.6929","413.5235","Derivative Based ETF","Leveraged Equity ETFs"
"State Street SPDR S&P Regional Banking ETF","KRE","4157.63","84.53764527539161192521475492673067205659",".8486","-2.8419",".6994","10.9115","12.4086","17.3385","Financials - Regional Banks","Financials ETFs"
"iShares MSCI Saudi Arabia ETF","KSA","634.09","51.92307692307692307692307692307692307692",".2602","2.283","-1.9593","2.3631","6.6608","6.6093","Geographic - Middle East","Africa-Middle East Equity ETFs"
"KraneShares China Technology & Semiconductor STAR 50 Index ETF","KSTR","403.68","40.68974647514397299265241278877341629708","-.3409","3.3584","-4.9187","-5.4568","22.3326","30.7434","Geographic - China","Asia-Pacific (Emerging) ETFs"
"KraneShares CSI China Internet ETF","KWEB","5014.07","9.89124805800103573278094251683065769032","-.6226","-11.1343","-2.1456","-6.1719","-14.3241","-27.7674","Geographic - China","Asia-Pacific (Emerging) ETFs"
"iShares Global Consumer Staples ETF","KXI","1090.1","51.39911634756995581737849779086892488954",".0729","-.594",".1898","3.9986","-2.3633","7.0514","Consumer Staples - Broad","Consumer Staples ETFs"
"Direxion Daily S&P Biotech Bull 3X ETF","LABU","600.07","86.51681148469965999244427653947865508122","-1.9082","34.1256","-7.6593","84.8655","94.9892","293.5776","Derivative Based ETF","Leveraged Equity ETFs"
"First Trust Multi-Strategy Alternative ETF","LALT","345.59","84.86467236467236467236467236467236467236",".408","2.4136",".8607","-.1064","3.0459","13.992","Absolute Returns ","Hedge Fund ETFs"
"Principal Capital Appreciation Select ETF","LCAP","1857.26","92.87422285987565758010521281683405069345","1.1663","1.136",".3798","2.2363","12.2801","21.211","Style Box - All Cap Blend","Style Box - All Cap Blend"
"iShares World ex U.S. Carbon Transition Readiness Aware Active ETF","LCTD","295.26","96.7010543022333068813059743793220723274","1.3446","2.5184",".0994","5.6481","7.2591","20.543","Foreign Large Blend ETF","Foreign Large Blend ETF"
"iShares U.S. Carbon Transition Readiness Aware Active ETF","LCTU","1248.97","96.98331193838254172015404364569961489089","1.0189","2.4644","-.036","3.537","13.7896","19.6781","Style Box - All Cap Blend","Style Box - All Cap Blend"
"iShares iBonds 1-5 Year Treasury Ladder ETF","LDRT","228.44","5.40540540540540540540540540540540540541",".4711",".1443","-.1522",".2724",".2875","1.8688","US Treasury - Mid Term","Government Bond ETFs"
"SGI Enhanced Market Leaders ETF","LDRX","253.55","100","1.2938","2.7153","1.0153","2.7037","16.3169","23.0426","Style Box - Large Cap Blend","Derivative Based ETF"
"PIMCO Enhanced Low Duration Active ETF","LDUR","1341.4","14.77199743095696852922286448298008991651",".1474",".6831","-.0052",".9346","1.184","3.3566","Total Bond Market - Broad","Total Bond Market ETFs"
"iShares J.P. Morgan EM Local Currency Bond ETF","LEMB","724.08","95.37953795379537953795379537953795379538",".4872","1.5475",".0693","2.9597","3.6869","9.0145","Sovereign - Broad Market","Emerging Market Bond ETFs"
"JPMorgan Fundamental Data Science Large Growth ETF","LGDS","1103.67","80.01344387183508850548958099932780640825","1.3026","1.6138","-.3414","0","0","0","Style Box - Large Cap Growth","Style Box - Large Cap Growth"
"HCM Defender 500 Index ETF","LGH","592.2","94.76712821434993706167955403704369717677","1.535","2.6267",".436","2.8479","9.8849","16.4343","Moderate Allocation ","Total Portfolio ETFs"
"State Street SPDR US Large Cap Low Volatility Index ETF","LGLV","1222.02","78.39917906618778860954335556695741405849",".4086","-.504","-.4106","6.6262",".3149","7.8514","Style Box - Large Cap Blend","Style Box - Large Cap Blend"
"First Trust Long Duration Opportunities ETF","LGOV","625.31","7.14285714285714285714285714285714285714",".5786",".0358","-.9967","-1.0439","-3.8548","1.1374","Asset Backed - U.S. Agency","Government Bond ETFs"
"Global X Lithium & Battery Tech ETF","LIT","1593.22","59.92526856609061186361513311536665109762",".2693","7.2756","-3.4617","-11.8726","6.3041","59.801","Materials  - Rare Earth/Lithium","Materials ETFs"
"Tradr 2X Long LITE Daily ETF","LITX","237.25","34.72494286647078028077048645119164218087","-5.3236","8.277","-22.0344","-37.8057","-16.3721","0","Derivative Based ETF","Single Stock ETF"
"First Trust Low Duration Opportunities ETF","LMBS","6454.11","8.33333333333333333333333333333333333333",".1012",".2019","-.2521",".412",".3579","3.7896","Asset Backed - MBS","Mortgage-Backed Security ETFs"
"PIMCO Senior Loan Active Exchange-Traded Fund","LONZ","600","8.04327375352775164628410159924741298213",".0305","1.4382",".1358","1.6132","4.5659","5.5331","Corporates - Bank Loan","High-Yield/Junk Bond ETFs"
"Innovator Deepwater Frontier Tech ETF","LOUP","205.8","64.41817338896615669911914696337505795086","2.105","-.81","-4.541","-10.6253","19.09","33.5678","Technology  - broad","Technology ETFs"
"AB US Low Volatility Equity ETF","LOWV","200.73","96.60332541567695961995249406175771971496",".7604","1.4372",".095","5.1269","8.8238","11.2337","Style Box - All Cap Blend","Style Box - All Cap Blend"
"iShares iBoxx $ Investment Grade Corporate Bond ETF","LQD","32015.86","3.63636363636363636363636363636363636364",".1424",".2745","-.7367","-1.6914","-2.5281",".744","Corporates - Investment Grade","Investment Grade Corporate Bond ETFs"
"iShares Interest Rate Hedged Corporate Bond ETF","LQDH","554.34","41.33986928104575163398692810457516339869",".5416",".6343","-.0533",".5795","3.3903","6.3049","Corporates - Investment Grade","Investment Grade Corporate Bond ETFs"
"iShares Investment Grade Corporate Bond BuyWrite Strategy ETF","LQDW","316.92",".6741573033707865168539325842696629213483",".7316",".1718","-.5345","-.3653",".4196","4.1152","Derivative Based ETF","Investment Grade Corporate Bond ETFs"
"FT Vest Investment Grade & Target Income ETF","LQTI","258.98","2.48780487804878048780487804878048780488",".0862",".9278","-.5149","-1.4144","-2.265",".1703","Derivative Based ETF","Derivative Based ETF"
"AB US Large Cap Strategic Equities ETF","LRGC","1342.61","92.82345828295042321644498186215235792019",".847",".5363",".1997","3.9188","13.0736","17.496","Style Box - Large Cap Blend","Style Box - Large Cap Blend"
"ClearBridge Large Cap Growth Select ETF","LRGE","378.82","94.42952636690852996629149288693366851397","1.4599","3.8402","-.4492","2.7137","13.2669","12.2113","Style Box - Large Cap Growth","Style Box - Large Cap Growth"
"iShares U.S. Equity Factor ETF","LRGF","3696.5","97.96320630749014454664914586070959264126","1.1388","2.6227",".3555","3.5454","15.5866","19.784","Style Box - All Cap Value","Style Box - All Cap Value"
"Nomura Focused Large Growth ETF","LRGG","292.98","93.77138945927446954140999315537303216975","1.2878","2.8882",".2317","8.2202","11.6602","2.2558","Style Box - Large Cap Growth","Style Box - Large Cap Growth"
"NYLI U.S. Large Cap R&D Leaders ETF","LRND","443.45","93.43798250128667009778692743180648481729","1.234","1.9513","-.2836","2.655","19.7609","23.7015","Style Box - Large Cap Blend","Style Box - Large Cap Blend"
"Natixis Loomis Sayles Focused Growth ETF","LSGR","918.85","98.98568019093078758949880668257756563246","1.6234","4.5197",".9607","3.6742","10.7151","8.288","Style Box - All Cap Growth","Style Box - All Cap Growth"
"LSV Disciplined Value ETF","LSVD","675.1","100","1.2248","3.6151","1.0611","5.2633","22.2642","36.4761","Style Box - Large Cap Value","Style Box - Large Cap Value"
"PIMCO 15+ Year U.S. TIPS Index ETF","LTPZ","851.27","11.48825065274151436031331592689295039164",".0208","1.6129","-.9278","-3.096","-5.1572","-1.331","US Treasury - TIPS","Inflation-Protected Bond ETFs"
"Franklin U.S. Low Volatility High Dividend Index ETF","LVHD","622.42","75.30980392156862745098039215686274509804",".2786","-.4793",".3514","5.9037","1.5165","11.9771","Style Box - Large Cap Value","Style Box - Large Cap Value"
"Franklin International Low Volatility High Dividend Index ETF","LVHI","5900.94","95.73033707865168539325842696629213483146",".3283","1.3166","1.1742","6.9731","8.6889","30.5392","Foreign Large Value ETF","Foreign Large Value ETF"
"Roundhill Magnificent Seven ETF","MAGS","4224.61","96.72025723472668810289389067524115755627","2.4287","2.998","2.6676","2.9377","14.9127","16.2979","Derivative Based ETF","Technology ETFs"
"AllianzIM U.S. Equity Buffer10 May ETF","MAYT","238.04","100",".5773","1.5845",".3506","2.6357","7.7585","12.351","Derivative Based ETF","Defined Outcome"
"AllianzIM U.S. Equity Buffer20 May ETF","MAYW","453.75","100",".4522","1.2247",".3388","2.2146","5.3318","8.7682","Derivative Based ETF","Defined Outcome"
"iShares MBS ETF","MBB","39409.26","5.55555555555555555555555555555555555556",".1621",".6689","-.5573","-.4596","-1.356","2.9272","Asset Backed - MBS","Mortgage-Backed Security ETFs"
"Regan Floating Rate MBS ETF","MBSF","247.07","64.1025641025641025641025641025641025641","0",".0035",".4443","1.2925","1.9537","5.2176","Asset Backed - MBS","Mortgage-Backed Security ETFs"
"iShares MSCI China ETF","MCHI","6283.01","23.5614778921865536038764385221078134464","-.3117","-2.737","-.9654","-2.2306","-3.8114","-9.5609","Geographic - China","Asia-Pacific (Emerging) ETFs"
"Myriad Dynamic Asset Allocation ETF","MDAA","452.51","82.96491728465487735310895607529948659441",".9966","2.4699","-.5006","-2.8166","12.1873","0","Moderate Allocation ","Total Portfolio ETFs"
"Multi-Asset Diversified Income ETF","MDIV","431.9","87.52767527675276752767527675276752767528",".2091",".3386","-.1488","3.9611","5.1142","11.0967","Multi-Asset - Total Portfolio","Total Portfolio ETFs"
"Westwood Salient Enhanced Midstream Income ETF","MDST","299.63","88.51674641148325358851674641148325358852","-.3362","2.6289",".2181","4.715","8.0167","21.442","Energy - MLP","MLP ETFs"
"State Street SPDR S&P MIDCAP 400 ETF Trust","MDY","26261.85","82.28351766927434583220933369301321823577",".8337","-.4971","-1.1408",".9981","7.2408","17.9457","Style Box - Mid Cap Blend","Style Box - Mid Cap Blend"
"State Street SPDR S&P 400 Mid Cap Growth ETF","MDYG","2832.53","79.14539610512384193609377954244658725657","1.0085","-.0277","-1.9844","-1.4822","7.5672","20.4384","Style Box - Mid Cap Growth","Style Box - Mid Cap Growth"
"State Street SPDR S&P 400 Mid Cap Value ETF","MDYV","2816.65","86.3098591549295774647887323943661971831",".6359","-.9802","-.2626","3.8107","7.1994","15.8776","Style Box - Mid Cap Value","Style Box - Mid Cap Value"
"Direxion Daily META Bull 2X ETF","METU","508.85","14.90683229813664596273291925465838509317","5.9018","5.1571","13.8001","-11.199","-25.1095","-46.4922","Derivative Based ETF","Single Stock ETF"
"Roundhill Ball Metaverse ETF","METV","220.05","86.42384105960264900662251655629139072848","1.995","9.7692","0","7.2365","25.0765","5.6404","Technology  - broad","Technology ETFs"
"PIMCO RAFI Dynamic Multi-Factor International Equity ETF","MFDX","467.41","100","1.1932","2.9177",".3876","3.6253","6.2506","21.7409","Foreign Large Blend ETF","Foreign Large Blend ETF"
"MFS Active Core Plus Bond ETF","MFSB","548.8","5.09259259259259259259259259259259259259",".102",".1423","-.4648","-.2735","-.9077","2.512","Total Bond Market - Broad","Total Bond Market ETFs"
"MFS Active Growth ETF","MFSG","376.74","91.74164524421593830334190231362467866324","1.4047","1.8133","-.4269","-.3942","13.0078","11.4205","Style Box - Large Cap Growth","Style Box - Large Cap Growth"
"MFS Active International ETF","MFSI","1219.76","98.44357976653696498054474708171206225681",".9251","1.1666",".3263","4.0996","10.1135","19.5092","Foreign Large Blend ETF","Foreign Large Blend ETF"
"MFS Active Value ETF","MFSV","602","92.55319148936170212765957446808510638298",".7116",".0673",".2699","7.9048","7.555","17.0244","Style Box - Large Cap Value","Style Box - Large Cap Value"
"PIMCO RAFI Dynamic Multi-Factor U.S. Equity ETF","MFUS","299.18","91.50691038787338386090057958091841283995",".4034","1.475","-.0602","1.6449","11.1504","23.3441","Style Box - All Cap Blend","Style Box - All Cap Blend"
"Vanguard Morningstar Mega Cap ETF","MGC","10278.42","98.5575189325640100973674720519293184277","1.1433","2.409",".4883","2.5698","15.4258","22.0025","Style Box - Large Cap Blend","Style Box - Large Cap Blend"
"Vanguard Morningstar Mega Cap Growth ETF","MGK","33326.08","93.4931186218518865274787004962082202041","1.5569","2.7422",".21",".0149","17.7677","18.251","Style Box - Large Cap Growth","Style Box - Large Cap Growth"
"American Beacon GLG Natural Resources ETF","MGNR","1299.66","94.58587120620542454057993648810453433286",".9675","12.8776","-.8604",".0051","6.3471","52.9732","Materials  - Broad","Materials ETFs"
"Vanguard Morningstar Mega Cap Value ETF","MGV","13634.18","98.52686308492201039861351819757365684575",".5796","2.7154",".6036","6.4421","12.4953","27.9214","Style Box - Large Cap Value","Style Box - Large Cap Value"
"MIG Core ETF","MIGO","753.06","84.9190507873142603681525837214459968951",".9766",".2893","-2.0215","-2.1386","22.0754","0","Style Box - Large Cap Blend","Style Box - Large Cap Blend"
"PIMCO Enhanced Short Maturity Active ETF","MINT","17474.48","41.50943396226415094339622641509433962264",".0199",".7017",".0645","1.0242","2.106","4.3197","Ultra short Bond ETF","Ultra short Bond ETF"
"First Trust Indxx Aerospace & Defense ETF","MISL","709.01","43.01765650080256821829855537720706260032","2.1876","-.9027","-2.2919","-4.5642","-11.9643","13.6082","Industrials  - Aerospace & Defense","Industrials ETFs"
"Global X MLP ETF","MLPA","2404.15","96.12612612612612612612612612612612612613","-.748","2.6511",".1756","7.3964","9.2825","23.1948","Energy - MLP","MLP ETFs"
"UBS ETRACS Alerian MLP Infrastructure Index ETN Series B","MLPB","240.56","97.47095837366892545982575024201355275895","-.594","2.8571",".4919","7.2502","8.4928","22.0718","Energy - MLP","MLP ETFs"
"NEOS MLP & Energy Infrastructure High Income ETF","MLPI","936.97","59.17686318131256952169076751946607341491","-.4737","1.9745",".3122","2.1678","4.1024","437.6666","Energy - MLP","MLP ETFs"
"Global X MLP & Energy Infrastructure ETF","MLPX","3783.83","90.79878665318503538928210313447927199191","-.6032","3.0793",".7309","4.5718","6.332","29.5419","Energy - MLP","MLP ETFs"
"NYLI Merger Arbitrage ETF","MNA","256.97","82.19584569732937685459940652818991097923","-.0817",".2734","-.6501","1.2141","1.326","3.1496","Hedge Fund - M&A","Hedge Fund ETFs"
"VanEck Morningstar Wide Moat ETF","MOAT","12182.24","91.17505995203836930455635491606714628297",".6306","3.4231","-1.5981","10.4396","7.5565","17.6329","Style Box - Large Cap Blend","Style Box - Large Cap Blend"
"VictoryShares WestEnd U.S. Sector ETF","MODL","1083.69","100","1.0159","3.1335",".1692","5.2026","14.2249","20.0883","Style Box - Large Cap Blend","Style Box - Large Cap Blend"
"VanEck Agribusiness ETF","MOO","1092.85","96.56938044034818228366615463389656938044","-.7541","8.8911","4.6398","10.0324","5.9856","22.4184","Materials  - Agribusiness","Materials ETFs"
"VanEck Mortgage REIT Income ETF","MORT","360.98","5.64971751412429378531073446327683615819",".2055","0","-.8138","2.4703","-1.5533","1.676","Real Estate   - REITs","Financials ETFs"
"Monarch ProCap Index ETF","MPRO","254.48","88.27399380804953560371517027863777089783",".4504",".0676","-.1502",".9802",".9898","9.7801","Target Outcome","Total Portfolio ETFs"
"Tradr 2X Long Innovation 100 Monthly ETF","MQQQ","217.41","76.65755329443708484831402613752736360476","2.446","4.0379","-1.1559","-9.2182","32.7315","39.9878","Derivative Based ETF","Leveraged Equity ETFs"
"Toews Agility Shares Managed Risk ETF","MRSK","319.92","94.00749063670411985018726591760299625468",".8254","1.1645",".0781","2.5151","8.1155","14.1709","Target Outcome","Total Portfolio ETFs"
"Morgan Stanley Bitcoin Trust ETF","MSBT","515.49","99.24924924924924924924924924924924924925","5.8187","28.1267","2.3114","25.12","0","0","Digital Economy ETF","Digital Economy ETF"
"Direxion Daily MSFT Bull 2X ETF","MSFU","554.75","53.73500545256270447110141766630316248637","5.2646","8.555","1.7738","33.3795","43.1376","-15.4318","Derivative Based ETF","Single Stock ETF"
"Morgan Stanley Pathway Large Cap Equity ETF","MSLC","4052.74","95.74753804834377797672336615935541629364","1.109","1.6728",".1558","3.4638","12.7862","17.8366","Style Box - Large Cap Blend","Style Box - Large Cap Blend"
"AdvisorShares Pure US Cannabis ETF","MSOS","978.92","52.97297297297297297297297297297297297297","-.4024","17.5772","2.4845","4.4304","31.6489","7.3753","Derivative Based ETF","Marijuana ETFs"
"Morgan Stanley Pathway Small Mid Cap Equity ETF","MSSM","710.85","84.41684746016308820228921972020647864143",".6404","-.5118","-1.2892",".8404","10.9271","24.1788","Style Box - All Cap Blend","Style Box - All Cap Blend"
"T-Rex 2X Long MSTR Daily Target ETF","MSTU","466.96","4.11069317571198280494357872111767866738","34.9462","108.011","6.5365","-.9211","-25.7396","-92.6465","Derivative Based ETF","Single Stock ETF"
"Defiance Daily Target 2x Long MSTR ETF","MSTX","236.97","4.1170055308872789592583937056944769027","34.9688","109.8063","6.7118","-.1153","-25.6223","-92.6381","Derivative Based ETF","Single Stock ETF"
"YieldMax MSTR Option Income Strategy ETF","MSTY","904.25","6.85187850870879516337987620555635526126","14.5868","31.8985","4.2356","-7.6436","-27.5253","-59.0081","Derivative Based ETF","Single Stock ETF"
"Simplify MBS ETF","MTBA","1443.57","3.14341846758349705304518664047151277014",".1036",".1031","-.5146","-.1222","-1.2703","1.9082","Asset Backed - MBS","Mortgage-Backed Security ETFs"
"iShares MSCI USA Momentum Factor ETF","MTUM","23971.13","59.98252512013979903888160768894713848842",".8012","-.782","-1.581","-9.0203","21.4522","24.1494","Strategy - Momentum","Style Box - Large Cap Growth"
"GraniteShares 2x Long MU Daily ETF","MULL","635.8","48.61470598176426651229814705410499185709",".4235","27.708","5.3827","-42.6313","273.521","2731.1398","Derivative Based ETF","Single Stock ETF"
"American Century Multisector Income ETF","MUSI","262.37","5.98290598290598290598290598290598290598",".2069",".1879","-.3699","-.008","-.6396","2.8859","Total Bond Market - Broad","Total Bond Market ETFs"
"Direxion Daily MU Bull 2X ETF","MUU","3846.08","48.74530266203223638912623292159904435614",".722","27.9283","4.959","-42.174","281.6776","2781.1381","Derivative Based ETF","Single Stock ETF"
"GraniteShares 2x Long MRVL Daily ETF","MVLL","342.39","26.8442885364972798443734289500530218116","2.3799","7.3475","-26.7192","-65.6579","309.4619","423.1982","Derivative Based ETF","Single Stock ETF"
"iShares Global Materials ETF","MXI","391.11","91.67895167895167895167895167895167895168",".7972","8.9305","-1.0412","3.4873","5.2361","31.3865","Materials  - Broad","Materials ETFs"
"State Street My2028 Corporate Bond ETF","MYCH","826.48","3.26086956521739130434782608695652173913",".0202",".6183","-.1408",".7347",".8261","3.1371","Corporates - Investment Grade","Investment Grade Corporate Bond ETFs"
"Direxion Daily Homebuilders & Supplies Bull 3X ETF","NAIL","490.05","5.9502125075895567698846387370977534912","2.3719","-12.8397","-6.6738","-7.5389","-39.6606","-57.4436","Derivative Based ETF","Leveraged Equity ETFs"
"Tidal Trust Subversive Congressional Democrats Trading ETF","NANC","285.85","93.71282922684791843670348343245539507222","1.3399","2.0825","-.4579","3.9928","17.159","19.8616","Geographic - Global Total Market","Broad Developed World ETFs"
"State Street SPDR S&P North American Natural Resources ETF","NANR","859.01","99.79750253121835977050286871414107323658",".374","14.0557","1.1754","9.3611","10.4936","49.9959","Materials  - Broad","Materials ETFs"
"Innovator Growth-100 Power Buffer ETF - April","NAPR","210.63","100",".3141","1.813",".1909","1.7289","11.4393","16.0962","Derivative Based ETF","Defined Outcome"
"Tema Space Innovators ETF","NASA","1049.5","12.59953161592505854800936768149882903981","1.663","1.663","-3.5299","-34.0432","0","0","Industrials  - Aerospace & Defense","Industrials ETFs"
"Neuberger Commodity Strategy ETF","NBCM","519.39","100",".1604","10.0846","2.5961","6.2628","20.6384","34.9762","Basket - Broad","Broad Commodity ETFs"
"Neuberger Core Equity ETF","NBCR","849.42","95.19788044378208312634542142738864050339","1.0437","1.1971",".0577","3.1149","10.983","15.6335","Style Box - Large Cap Blend","Style Box - Large Cap Blend"
"Neuberger International Core Equity ETF","NBIE","249.89","95.99056603773584905660377358490566037736","1.1717","1.9181",".2904","6.0408","0","0","Geographic - Global ex-US","Broad Developed World ETFs"
"Neuberger Option Strategy ETF","NBOS","532.68","97.48376623376623376623376623376623376623",".4042","1.2345",".1227","3.84","8.1555","16.7045","Derivative Based ETF","Hedge Fund ETFs"
"Neuberger Short Duration Income ETF","NBSD","1304.69","6",".0992",".3863","-.0396",".8639","1.008","3.4327","Short-Term Bond ETF","Short-Term Bond ETF"
"iShares Short Duration Bond Active ETF","NEAR","5091.37","4.58715596330275229357798165137614678899",".0398",".6047","-.1577",".5769",".6741","2.8615","Short-Term Bond ETF","Short-Term Bond ETF"
"Virtus Newfleet Multi-Sector Bond ETF","NFLT","487.56","13.88888888888888888888888888888888888889","-.22",".0119","-.7874",".1612",".8675","4.4932","Total Bond Market - Broad","Total Bond Market ETFs"
"Northern Trust STOXX Global Broad Infrastructure ETF","NFRA","3056.95","78.68489583333333333333333333333333333333",".8331",".3711","-.0106",".8684",".6168","11.9385","Geographic - Global Total Market","Utilities/Infrastructure ETFs"
"Nuveen Global Infrastructure Fund: ETF Class Shares","NGIF","563.02","10.14925373134328358208955223880597014925",".5438","-2.0185","-.5458","0","0","0","Utilities  - Infrastructure","Utilities/Infrastructure ETFs"
"Nuveen High Yield Corporate Bond ETF","NHYB","1747.86","27.42927429274292742927429274292742927429",".2445","1.4648","-.134","1.4575","2.4201","0","Corporates - Junk/High Yield","High-Yield/Junk Bond ETFs"
"Innovator Growth-100 Power Buffer ETF - January","NJAN","352.82","100",".3344","1.9437",".1536","1.7829","10.0312","15.449","Derivative Based ETF","Defined Outcome"
"Innovator Growth-100 Power Buffer ETF - July","NJUL","272.18","94.99389499389499389499389499389499389499",".7552","1.9129","-.0905",".2075","6.4489","11.0951","Derivative Based ETF","Defined Outcome"
"VanEck Uranium and Nuclear ETF","NLR","4095.07","26.73909518404410572401491811253445759689","1.8457","6.8681","-4.6633","-9.5881","-17.039","2.39","Strategy - Socially Responsible","Alternative Energy ETFs"
"ProShares S&P 500 Dividend Aristocrats ETF","NOBL","11790.16","88.35063437139561707035755478662053056517",".311","1.1146","-.4458","8.8875","3.6602","14.0693","Strategy - Dividend Growth","Style Box - Large Cap Value"
"Innovator Growth-100 Power Buffer ETF - October","NOCT","226.35","100",".3518","1.9693",".2275","2.5108","11.058","14.2083","Derivative Based ETF","Defined Outcome"
"Northern Trust US Equity ETF","NOEQ","895.08","98.18965517241379310344827586206896551724","1.0019","2.0066",".6442","4.3342","0","0","Style Box - All Cap Blend","Style Box - All Cap Blend"
"GraniteShares 2x Long NOW Daily ETF","NOWL","207.92","24.08117687041802204204495800359275622663","12.7968","55.1724","9.1954","33.1776","18.75","-61.6592","Derivative Based ETF","Single Stock ETF"
"NPF Core Equity ETF","NPFE","659.93","92.300469483568075117370892018779342723",".7574",".7752","-1.3172","6.6852","0","0","Style Box - All Cap Blend","Style Box - All Cap Blend"
"Nuveen Securitized Income ETF","NSCI","240.22","6.74698795180722891566265060240963855422","-.0399",".6356","-.1594",".96","1.56","0","Asset Backed - MBS","Mortgage-Backed Security ETFs"
"WisdomTree International Efficient Core Fund","NTSI","498.16","94.17756156886591669200364852538765582244","1.0438","1.5633",".0641","3.9507","7.2864","19.9409","Moderate Allocation","Total Portfolio ETFs"
"WisdomTree U.S. Efficient Core Fund","NTSX","1390.12","93.96887159533073929961089494163424124514",".8028","1.4476","-.3637","1.7854","10.5383","17.0733","Target Outcome","Total Portfolio ETFs"
"Nuveen ESG U.S. Aggregate Bond ETF","NUBD","487.12","3.31753554502369668246445497630331753555",".1155",".3213","-.4258","-.6177","-1.762","1.5038","Strategy - Socially Responsible","Total Bond Market ETFs"
"Nuveen Dividend Growth Fund: ETF Class Shares","NUDG","6160.62","69.26784484737204498508147808124856552674",".4736","-.1243","-.4414","0","0","0","Style Box - Large Cap Blend","Style Box - Large Cap Blend"
"Nuveen ESG International Developed Markets Equity ETF","NUDM","731.75","93.82183908045977011494252873563218390805","1.0519","1.8491",".1455","5.7333","9.8933","21.3131","Strategy - Socially Responsible","Broad Developed World ETFs"
"Nuveen ESG Emerging Markets Equity ETF","NUEM","417.68","88.45645767706533888832435728076414998476",".8916","6.462",".5213","1.439","16.3105","30.5621","Strategy - Socially Responsible","Broad Emerging Market ETFs"
"Nuveen Growth Opportunities ETF","NUGO","2428.92","88.06729264475743348982785602503912363067","1.742","1.197","-.6539","-.8579","16.1344","15.5476","Style Box - Large Cap Growth","Style Box - Large Cap Growth"
"Direxion Daily Gold Miners Index Bull 2X ETF","NUGT","1263.45","46.62414363335695724072761634774391684385","7.9731","72.0511","-4.8532","30.33","-21.5676","76.7449","Derivative Based ETF","Leveraged Equity ETFs"
"Range Nuclear Renaissance Index ETF","NUKZ","748.74","37.85714285714285714285714285714285714286","1.3583","-.5667","-3.1478","-9.7707","-8.2921","11.931","Energy - Nuclear Power","Energy ETFs"
"Nuveen ESG Large-Cap Growth ETF","NULG","3044.48","82.42493101769193312773900340853757506898",".3474","-.4223","-2.7126","-1.482","19.6409","16.1771","Strategy - Socially Responsible","Style Box - Large Cap Growth"
"Nuveen ESG Large-Cap Value ETF","NULV","2842.95","100","1.1196","3.3766",".4262","6.6103","14.2285","28.23","Strategy - Socially Responsible","Style Box - Large Cap Value"
"Nuveen ESG Mid-Cap Growth ETF","NUMG","387.17","70.55910872704765834536826903239116979575",".5219","-.9352","-4.2896","-1.9769","6.7079","-4.1837","Strategy - Socially Responsible","Style Box - Mid Cap Growth"
"Nuveen ESG Mid-Cap Value ETF","NUMV","519.75","89.78672985781990521327014218009478672986",".8607",".442","-.3587","4.866","9.778","18.9479","Strategy - Socially Responsible","Style Box - Mid Cap Value"
"Nuveen ESG Small-Cap ETF","NUSC","1411.53","82.56963162623539982030548068283917340521",".5485","-1.0411","-1.6478","1.8452","8.5844","20.3891","Strategy - Socially Responsible","Style Box - Small Cap Growth"
"GraniteShares 2x Long NVDA Daily ETF","NVDL","4015.11","72.07431796801505174035747883349012229539","3.4887","18.9987",".027","5.3708","41.112","39.8032","Derivative Based ETF","Single Stock ETF"
"Direxion Daily NVDA Bull 2X ETF","NVDU","549.28","71.33608004708652148322542672160094173043","3.4415","19.1603","0","5.5857","41.0488","37.9556","Derivative Based ETF","Single Stock ETF"
"T-REX 2X Long NVIDIA Daily Target ETF","NVDX","440.17","69.87551867219917012448132780082987551867","3.6616","18.8315",".1434","4.2807","37.6478","28.3701","Derivative Based ETF","Single Stock ETF"
"YieldMax NVDA Option Income Strategy ETF","NVDY","1427.96","23.80106571936056838365896980461811722913","1.2949","9.1431","1.2293","5.5092","16.2969","21.2778","Derivative Based ETF","Single Stock ETF"
"First Trust Indxx NextG ETF","NXTG","563.22","78.43317562256203372736306601604793616422",".5354","4.2245",".0968","-7.5729","32.8301","57.3701","Technology  - Telecom","Technology ETFs"
"Nuveen International Aggregate Bond ETF","NXUS","3894.94","4.90196078431372549019607843137254901961",".1432","-.4252","-.422","-.6865","-1.2334","0","Total Bond Market - Broad","Total Bond Market ETFs"
"OneAscent Core Plus Bond ETF","OACP","267.36","5.14018691588785046728971962616822429907",".202",".1896","-.3895","-.3734","-1.3443","1.8972","Total Bond Market - Broad","Total Bond Market ETFs"
"OneAscent International Equity ETF","OAIM","388.42","100","1.3471","5.5949","1.0289","3.6477","10.5857","26.3918","Foreign Large Blend ETF","Foreign Large Blend ETF"
"Oakmark U.S. Large Cap ETF","OAKM","1185.94","100","1.1817","5.5729","1.4855","15.5452","13.5431","21.9985","Style Box - Large Cap Value","Style Box - Large Cap Value"
"OneAscent Large Cap Core ETF","OALC","261.92","92",".9152","1.2968","-.571","1.9741","17.3189","24.1872","Style Box - Large Cap Blend","Style Box - Large Cap Blend"
"F/m US Treasury 12 Month Bill ETF","OBIL","309.97","12.82051282051282051282051282051282051282",".0601",".3235",".3335",".8423","1.5144","3.3638","US Treasury - Ultra Short","Government Bond ETFs"
"AllianzIM U.S. Equity Buffer20 Oct ETF","OCTW","322.36","100",".1438","1.0397",".2158","2.3913","6.8689","10.1912","Derivative Based ETF","Defined Outcome"
"iShares S&P 100 ETF","OEF","20389.68","100","1.1235","2.5318",".9005","2.8092","15.7937","20.9852","Style Box - Large Cap Blend","Style Box - Large Cap Blend"
"VanEck Oil Services ETF","OIH","2052.16","88.59885562964013808105168581831938336407","-1.5507","12.4774","3.5812","-.327","11.7667","73.9899","Energy - Equipment and services","Energy ETFs"
"ProShares K-1 Free Crude Oil ETF","OILK","238.71","72.74573517465475223395613322502030869212","-.5877","14.3523","4.7603",".0556","32.8175","49.9026","Energy -  Crude Oil","Energy ETFs"
"VistaShares Target 15 Berkshire Select Income ETF","OMAH","1111.72","32.72727272727272727272727272727272727273",".6011","-1.6897","1.0983","3.8241","8.7378","9.151","Derivative Based ETF","Derivative Based ETF"
"Invesco Russell 1000 Dynamic Multifactor ETF","OMFL","4787.27","96.53465346534653465346534653465346534653",".7958","1.43","-.1689","3.7032","14.3979","20.6349","Style Box - Large Cap Growth","Style Box - Large Cap Growth"
"Invesco Russell 2000 Dynamic Multifactor ETF","OMFS","281.26","89.56916099773242630385487528344671201814",".4468","-.6233","-1.2946","4.768","12.0973","23.7641","Style Box - Small Cap Blend","Style Box - Small Cap Blend"
"Fidelity Nasdaq Composite Index ETF","ONEQ","10693.62","92.2025723472668810289389067524115755627","1.3937","2.6354",".2296","-.8385","18.6648","24.6363","Style Box - Large Cap Growth","Style Box - Large Cap Growth"
"State Street SPDR Russell 1000 Low Volatility Focus ETF","ONEV","303.02","91.91759807144422529037913653298268682884",".5044",".7008","-.309","6.9636","6.7818","14.8451","Style Box - Large Cap Blend","Style Box - Large Cap Blend"
"State Street SPDR Russell 1000 Yield Focus ETF","ONEY","680.2","95.60419681620839363241678726483357452967",".3541","1.4683",".0733","5.6601","9.82","21.7241","Style Box - Large Cap Value","Style Box - Large Cap Value"
"TrueShares Seasonality Laddered Buffered ETF","ONEZ","346.05","93.94173756122712039185357050786285125032",".7673","1.4917",".0957","1.3497","9.2263","9.0197","Derivative Based ETF","Defined Outcome"
"WisdomTree European Opportunities Fund","OPPE","294.92","96.41635572139303482587064676616915422886",".7788",".4231","-.0033","5.7027","13.5964","30.7433","Geographic - Broad Europe","European Equity ETFs"
"WisdomTree Japan Opportunities Fund","OPPJ","287.29","94.71124924804491678363745738921195107279","2.3879","7.3402","3.9481","3.2372","10.2505","49.2248","Geographic - Japan","Asia-Pacific (Developed) ETFs"
"Optimize Strategy Index ETF","OPTZ","266.39","74.18865635426144980285107673642705489839",".437",".1475","-1.8507","-3.994","19.1646","35.5224","Style Box - All Cap Blend","Style Box - All Cap Blend"
"Defiance Daily Target 2X Long ORCL ETF","ORCX","223.97","6.39029559180117924681622862046324767434","11.3092","14.2582","1.8026","-60.5259","-16.074","-71.7114","Derivative Based ETF","Single Stock ETF"
"Militia Long/Short Equity ETF ","ORR","352.17","96.08088151766443257980234011132568442576","1.4502",".4745",".7199","9.6418","4.9705","26.0863","Derivative Based ETF","Long-Short ETFs"
"Opus Small Cap Value Plus ETF","OSCV","657.12","78.03138373751783166904422253922967189729",".2645","-2.7519","-.7852","4.3862","3.243","11.0336","Style Box - Small Cap Value","Style Box - Small Cap Value"
"Harbor International Compounders ETF","OSEA","431.43","66.85714285714285714285714285714285714286",".3646","-.8838","-1.4483","-.6888",".5579","6.223","Foreign Large Growth ETF","Foreign Large Growth ETF"
"VanEck Merk Gold Trust","OUNZ","2719.75","48.55156431054461181923522595596755504056","1.9194","10.4236","-2.8681",".6553","-12.2782","25.2475","Precious Metals - Gold","Precious Metals ETFs"
"ALPS OShares U.S. Quality Dividend ETF","OUSA","744.09","93.13347431272546336609030974001741510138",".6283","1.5288",".0612","7.576","6.3578","12.3509","Style Box - Large Cap Value","Style Box - Large Cap Value"
"ALPS O'Shares U.S. Small-Cap Quality Dividend ETF","OUSM","841.48","85.43689320388349514563106796116504854369",".7997",".1776","-.747","6.4953","7.0101","11.7625","Style Box - Small Cap Blend","Style Box - Small Cap Blend"
"Overlay Shares Large Cap Equity ETF","OVL","429.9","89.95963673057517658930373360242179616549","1.3999","2.0548","1.2365","2.3786","14.5503","23.7088","Style Box - Large Cap Blend","Style Box - Large Cap Blend"
"PGIM AAA CLO ETF","PAAA","12410.16","47.22222222222222222222222222222222222222",".0195",".5034",".0936","1.2179","2.6045","4.789","Asset Backed - MBS","Mortgage-Backed Security ETFs"
"iShares Paris-Aligned Climate Optimized MSCI World ex USA ETF","PABD","334.67","92.33054781801299907149489322191272051996","1.2557","1.724","-.3073","4.651","8.2513","19.8608","Foreign Large Blend ETF","Foreign Large Blend ETF"
"iShares Paris-Aligned Climate Optimized MSCI USA ETF","PABU","2507.19","91.82938735660239199414205516231388821089","2.0484","3.0119","-.4449","-.1791","14.863","15.8425","Strategy - Socially Responsible","Style Box - All Cap Blend"
"Pacer Lunt Large Cap Multi-Factor Alternator ETF","PALC","212.04","86.14357262103505843071786310517529215359",".7995","4.5482",".8985",".9561","7.2701","17.2795","Style Box - Large Cap Growth","Style Box - Large Cap Growth"
"abrdn Physical Palladium Shares ETF","PALL","718.66","32.36760864402754690097364046544763714082","4.9227","12.9654","4.9227","8.681","-13.9989","23.232","Precious Metals - Palladium","Precious Metals ETFs"
"Parametric Equity Premium Income ETF","PAPI","474.98","86.60436137071651090342679127725856697819",".2863","1.7442",".1177","8.0741","3.2699","15.5248","Derivative Based ETF","Style Box - Large Cap Value"
"Innovator U.S. Equity Power Buffer ETF - April","PAPR","965.69","100",".2557","1.1849",".2674","2.3374","9.3017","13.3675","Derivative Based ETF","Defined Outcome"
"Pacer Nasdaq International Patent Leaders ETF","PATN","284.22","80.4185570027806234450460998097468169179",".7156","2.7354","-.8882","-5.8695","19.7982","49.7208","Foreign Large Blend ETF","Foreign Large Blend ETF"
"Innovator U.S. Equity Power Buffer ETF - August","PAUG","1036.78","100",".5166","1.2524",".1923","3.3275","8.0166","12.3248","Derivative Based ETF","Defined Outcome"
"Global X U.S. Infrastructure Development ETF","PAVE","13413.67","63.39779005524861878453038674033149171271",".7553","-4.9531","-2.4438","-4.3591",".9818","20.0633","Utilities  - Infrastructure","Utilities/Infrastructure ETFs"
"Putnam BDC Income ETF","PBDC","313.58","27.12876427829698857736240913811007268951","-.1062","4.2868","-.1769","7.4526","8.1321","-7.2711","Financials - BDCs/PE","Financials ETFs"
"Invesco Biotechnology & Genome ETF","PBE","480.57","99.96114115475535118681389851364916939218",".0405","9.4931",".1817","20.5835","24.8428","42.0478","Healthcare - Biotech","Health Care ETFs"
"Portfolio Building Block European Banks Index ETF","PBEU","464.56","100","1.7964","1.7964","2.658","18.0534","29.846","0","Financials - Banking","Financials ETFs"
"PGIM Laddered S&P 500 Buffer 20 ETF","PBFR","218.53","100",".4176","1.0343",".2244","2.3576","6.6166","10.7813","Derivative Based ETF","Defined Outcome"
"Portfolio Building Block Integrated Oil & Gas and Exp and Prod Index ETF","PBOG","482.21","97.26983033330462492464042718112135044354","-.6656","6.1202","3.1912","6.8194","13.5169","0","Energy - Exploration","Energy ETFs"
"Invesco S&P 500 BuyWrite ETF","PBP","381.63","94.8453608247422680412371134020618556701",".5157","1.5092",".3432","5.0117","8.3528","18.2796","Derivative Based ETF","Style Box - Large Cap Blend"
"Portfolio Building Block World Pharma and Biotech Index ETF","PBPH","1046.59","92.66381766381766381766381766381766381766",".5268","9.4036","1.174","17.7545","11.3351","0","Healthcare - Broad","Health Care ETFs"
"Invesco 0-5 Yr US TIPS ETF","PBTP","234.31","20.27334851936218678815489749430523917995",".0778",".2532","-.097","-.0623","1.1836","2.3261","US Treasury - TIPS","Inflation-Protected Bond ETFs"
"Invesco MSCI USA ETF","PBUS","11630.82","96.87287559483344663494221617946974847043","1.1737","2.1058",".2585","2.8502","14.458","21.1111","Style Box - All Cap Blend","Style Box - All Cap Blend"
"Invesco WilderHill Clean Energy ETF","PBW","380.3","30.68640646029609690444145356662180349933",".35","-4.3663","-4.017","-29.9239",".3805","29.2371","Strategy - Socially Responsible","Alternative Energy ETFs"
"Invesco CEF Income Composite ETF","PCEF","807.05","85.20179372197309417040358744394618834081",".1384","1.2171","-.54","2.1527","5.8772","9.2338","Strategy - CEFs/OET","Convertibles/CEFs/OET/Preferred Stock ETFs"
"PGIM Corporate Bond 5-10 Year ETF","PCI","522.91","3.30241187384044526901669758812615955473",".1272","-.2481","-.6363","-.8511","-1.7508","1.7626","Corporates - Investment Grade","Investment Grade Corporate Bond ETFs"
"BondBloxx Private Credit CLO ETF","PCMM","208.84","48",".0684","1.1208",".1724","2.2004","3.0914","4.8661","Asset Backed - MBS","Mortgage-Backed Security ETFs"
"PGIM Corporate Bond 0-5 Year ETF","PCS","621.67","4.7315741583257506824385805277525022748",".105",".0989","-.1621",".4503",".5087","2.8839","Corporates - Investment Grade","Investment Grade Corporate Bond ETFs"
"Invesco Emerging Markets Sovereign Debt ETF","PCY","1297.04","29.05405405405405405405405405405405405405",".478",".3489","-.5676","-1.2407","-.3427","6.4323","Sovereign - Broad Market","Emerging Market Bond ETFs"
"Invesco Agriculture Commodity Strategy No K-1 ETF","PDBA","347.81","89.63559787584691448452664347189159494598","-.6909","4.6374",".7006","8.3171","11.7317","6.1543","Agriculture - Broad","Agricultural ETFs"
"Invesco Optimum Yield Diversified Commodity Stratgy No K-1 ETF","PDBC","7447.69","100",".1574","10.6667","3.6374","5.7618","23.8003","43.2108","Basket - Broad","Broad Commodity ETFs"
"Innovator U.S. Equity Power Buffer ETF - December","PDEC","994.39","100",".3944","1.3778",".2555","2.7045","8.5774","14.5463","Derivative Based ETF","Defined Outcome"
"Invesco RAFI Developed Markets ex-U.S. Small-Mid ETF","PDN","360.77","100","1.3974","4.249",".0816","4.4379","6.8757","22.3945","Foreign Small/Mid Value ETF","Foreign Small/Mid Value ETF"
"Invesco Dorsey Wright Momentum ETF","PDP","1429.73","56.70787596968545304151483311350070420961","1.1757","-1.137","-2.4459","-7.9993","6.5601","20.9406","Strategy - Alpha-Seeking","Style Box - All Cap Growth"
"Invesco Leisure and Entertainment ETF","PEJ","422.04","68.99924755455229495861550037622272385252","-.4906","-2.8439","-2.9165","4.4833","7.8689","9.8389","Consumer Discretionary - Leisure and Entertainment","Consumer Discretionary ETFs"
"Invesco High Yield Equity Dividend Achievers ETF","PEY","1157.9","91.82412149037612572841250220731061274943",".109","1.6465","-1.0375","12.1486","17.8636","21.7437","Style Box - All Cap Value","Style Box - All Cap Value"
"Innovator U.S. Equity Power Buffer ETF - February","PFEB","928.23","100",".3414","1.2865",".2501","2.4682","7.7468","12.8776","Derivative Based ETF","Defined Outcome"
"iShares Preferred and Income Securities ETF","PFF","12872.75","12.80788177339901477832512315270935960591",".5298",".0965","-.4333","-1.4048","-.2174","1.9861","Corporates - Convertible","Convertibles/CEFs/OET/Preferred Stock ETFs"
"Virtus InfraCap U.S. Preferred Stock ETF","PFFA","2518.77","33.33333333333333333333333333333333333333",".3346","1.988","-.3324",".7849","3.1133","5.977","Corporates - Convertible","Convertibles/CEFs/OET/Preferred Stock ETFs"
"Global X U.S. Preferred ETF","PFFD","2125.1","7.10059171597633136094674556213017751479",".4961","-.9672","-.8117","-1.6454","-1.1029",".778","Corporates - Convertible","Convertibles/CEFs/OET/Preferred Stock ETFs"
"Global X Variable Rate Preferred ETF","PFFV","313.61","6.96202531645569620253164556962025316456",".0457",".9576","-.1812",".4622","1.5503","2.7189","Corporates - Floating Rate","Convertibles/CEFs/OET/Preferred Stock ETFs"
"AAM Low Duration Preferred & Income Securities ETF","PFLD","401.29","29.79127134724857685009487666034155597723",".0513",".3074",".046",".5086","1.8575","4.8503","Corporates - Convertible","Convertibles/CEFs/OET/Preferred Stock ETFs"
"Invesco Dividend Achievers ETF","PFM","798.86","92.22704266088214027476500361532899493854",".6542","1.4548",".0977","3.7583","8.2462","17.7136","Style Box - Large Cap Value","Style Box - Large Cap Value"
"VanEck Preferred Securities ex Financials ETF","PFXF","2385.6","46.27659574468085106382978723404255319149","1.0704","1.2856","-.3234","-3.0442","1.75","8.1915","Corporates - Convertible","Convertibles/CEFs/OET/Preferred Stock ETFs"
"Invesco Global ex-US High Yield Corporate Bond ETF","PGHY","227.36","32.10526315789473684210526315789473684211",".0765",".4034","-.3809",".7264","2.3072","4.5821","Corporates - Junk/High Yield","High-Yield/Junk Bond ETFs"
"Putnam Focused Large Cap Growth ETF","PGRO","210.23","79.06168549087749782797567332754126846221","1.3151","1.7092","-.5703","-3.3728","11.2188","11.1977","Style Box - Large Cap Growth","Style Box - Large Cap Growth"
"Invesco Water Resources ETF","PHO","1999.79","63.95793499043977055449330783938814531549",".5679","-.4916","-1.8565","6.7109","-1.3364","-1.0751","Industrials  - Water","Industrials ETFs"
"PGIM Active High Yield Bond ETF","PHYL","1417.05","2.7027027027027027027027027027027027027",".0579",".3164","-.3738",".6943","1.5276","4.1426","Corporates - Junk/High Yield","High-Yield/Junk Bond ETFs"
"iShares Physical Metals PLC","PHYMF","36033.33","50.52718526796559933919634614450221077693","2.2219","10.2787","-2.4751",".8965","0","0","Precious Metals - Gold","Precious Metals ETFs"
"Invesco International Corporate Bond ETF","PICB","353.36","20.67777139574956921309592188397472716829",".5647",".3757","-.5157","-.2918","-1.0896","1.4141","International - Corporate","Investment Grade Corporate Bond ETFs"
"iShares MSCI Global Metals & Mining Producers ETF","PICK","2578.98","86.30887185104052573932092004381161007667",".4624","9.7491","-2.2202","-1.9656","8.5601","60.9354","Base Metals - Broad","Materials ETFs"
"Invesco International Dividend Achievers ETF","PID","908.98","76.77902621722846441947565543071161048689","1.2714","-.3021","1.1162","1.8349","1.2455","13.3829","Foreign Large Value ETF","Foreign Large Value ETF"
"Invesco Dorsey Wright Emerging Markets Momentum ETF","PIE","251.39","95.20899752036840240878498051718030464045",".7041","10.9814","-1.0929","3.4155","27.0059","43.9398","Geographic - Broad Emerging Markets","Broad Emerging Market ETFs"
"Principal International Equity ETF","PIEQ","1394.89","94.34069043576683644595359366157328805886",".4597","2.7805","-.1934","2.511","7.7186","24.6613","Foreign Large Blend ETF","Foreign Large Blend ETF"
"Simplify Health Care ETF","PINK","378.14","94.1080196399345335515548281505728314239",".3778","1.5545","-.3501","6.6275","12.9169","32.9576","Healthcare - Broad","Health Care ETFs"
"Invesco Global Water ETF","PIO","269.07","33.40584213797389683032939714108141702921",".5237","-2.3563","-1.7636","1.0804","-4.1682","1.5566","Industrials  - Water","Industrials ETFs"
"VanEck Commodity Strategy ETF","PIT","373.49","100",".0747","11.7165","3.676","7.6758","26.6824","58.5102","Basket - Broad","Broad Commodity ETFs"
"Invesco Dorsey Wright Developed Markets Momentum ETF","PIZ","706.36","58.32503256455444027277603248793195923684","1.3933","3.3292","-.4989","-4.2999","3.9898","19.3539","Foreign Large Growth ETF","Foreign Large Growth ETF"
"Innovator U.S. Equity Power Buffer ETF - January","PJAN","1422","100",".4549","1.3772",".3259","2.7514","8.0179","12.6414","Derivative Based ETF","Defined Outcome"
"Invesco Pharmaceuticals ETF","PJP","543.6","95.05189476224957760077238715906348056964","-.3522","6.4832",".6219","21.096","21.9185","41.2654","Healthcare - Pharma","Health Care ETFs"
"Innovator U.S. Equity Power Buffer ETF - July","PJUL","1290.12","98.97540983606557377049180327868852459016",".524","1.1765",".1204","2.5704","6.8781","11.2152","Derivative Based ETF","Defined Outcome"
"Innovator U.S. Equity Power Buffer ETF - June","PJUN","973.06","100",".5457","1.2363",".2494","2.0069","4.8861","8.9163","Derivative Based ETF","Defined Outcome"
"Invesco Building & Construction ETF","PKB","332.3","29.18432626949220311875249900039984006397",".8053","-6.4902","-3.1989","-7.9549","-8.4645","6.4149","Industrials  - Engineering and Construction","Industrials ETFs"
"Invesco BuyBack Achievers ETF","PKW","1792.93","100","1.2976","4.5091","1.5038","12.7248","13.1709","19.3819","Style Box - Large Cap Value","Style Box - Large Cap Value"
"Direxion Daily PLTR Bull 2X ETF","PLTU","409.06","31.06878108285633855681711551093178192737","15.3521","92.1451","-4.7494","40.6883","17.9973","-4.31","Derivative Based ETF","Single Stock ETF"
"YieldMax PLTR Option Income Strategy ETF","PLTY","362.54","26.09444171175602557796360059026069847516","6.2349","38.8672","-.293","22.4204","14.7464","8.5709","Derivative Based ETF","Single Stock ETF"
"Innovator U.S. Equity Power Buffer ETF - March","PMAR","745.19","100",".3593","1.2218",".2255","2.3558","7.405","12.9651","Derivative Based ETF","Defined Outcome"
"Innovator U.S. Equity Power Buffer ETF - May","PMAY","815.22","100",".4035","1.2931",".2607","2.2727","6.1214","10.013","Derivative Based ETF","Defined Outcome"
"PIMCO Mortgage-Backed Securities Active Exchange-Traded Fund","PMBS","1397.82","6.0629615235134084726000777302759424796",".2469",".5599","-.5904","-.6387","-1.5711","2.9564","Derivative Based ETF","Mortgage-Backed Security ETFs"
"iShares Prime Money Market ETF","PMMF","724.88","34.78260869565217391304347826086956521739",".0807",".3002",".0707",".981","1.8147","3.7485","Ultra short Bond ETF","Money Market/Ultra-Short Term ETFs"
"Innovator U.S. Equity Power Buffer ETF - November","PNOV","888.9","100",".3964","1.4464",".286","2.7959","9.0513","12.5123","Derivative Based ETF","Defined Outcome"
"Invesco NASDAQ Internet ETF","PNQI","547.38","71.04075588774502890988577069524749682696","1.1302","5.8761",".6307","10.5747","12.3738","-2.6768","Technology  - Internet","Technology ETFs"
"Innovator U.S. Equity Power Buffer ETF - October","POCT","960.26","100",".232","1.2569",".2108","2.7454","8.0841","11.7564","Derivative Based ETF","Defined Outcome"
"iShares U.S. Power Infrastructure ETF","POWR","448.13","47.6095617529880478087649402390438247012",".7877","-3.9414","-1.3873","-7.6993","-1.9276","0","Utilities  - Infrastructure","Utilities/Infrastructure ETFs"
"Invesco Aerospace & Defense ETF","PPA","7849.73","49.27793260704332404357740055738535596656","1.2227","-7.5751","-3.5646","-2.503","-8.9975","13.4286","Industrials  - Aerospace & Defense","Industrials ETFs"
"VanEck Pharmaceutical ETF","PPH","1055.64","93.41279799247176913425345043914680050188",".2164","6.5728","1.4992","14.6182","7.9747","31.8973","Healthcare - Pharma","Health Care ETFs"
"abrdn Physical Platinum Shares ETF","PPLT","2162.89","31.97040498442367601246105919003115264798","3.1915","11.7209","-1.611","-2.3104","-13.6152","27.2082","Precious Metals - Platinum","Precious Metals ETFs"
"Principal Spectrum Preferred Securities Active ETF","PREF","1879.69","19.93720565149136577708006279434850863422",".1067",".6599","-.0721",".3348","1.16","4.2502","Corporates - Convertible","Convertibles/CEFs/OET/Preferred Stock ETFs"
"Invesco RAFI US 1000 ETF","PRF","10079.71","100",".7484","2.2608",".8203","5.7135","15.8389","29.7142","Style Box - Large Cap Value","Style Box - Large Cap Value"
"PIMCO Preferred and Capital Securities Active ETF","PRFD","236.36","6.02055800293685756240822320117474302496",".179",".8423","-.2561",".3041",".6597","4.5873","Corporates - Convertible","Convertibles/CEFs/OET/Preferred Stock ETFs"
"Invesco RAFI US 1500 Small-Mid ETF","PRFZ","2802.84","84.73878478137421919363997728563316297558",".2934",".0366","-2.0595","6.1394","14.123","24.2007","Style Box - Small Cap Blend","Style Box - Small Cap Blend"
"State Street IG Public & Private Credit ETF","PRIV","818.05","4.86725663716814159292035398230088495575",".1826",".7471","-.3878","-.4621","-1.2794","2.3009","Total Bond Market - Broad","Total Bond Market ETFs"
"Invesco Dorsey Wright Industrials Momentum ETF","PRN","363.98","36.82483129858939480486789493556913127245","1.4082","-10.5881","-4.122","-20.2673","-2.8713","21.9276","Industrials  - Broad","Industrials ETFs"
"Principal U.S. Small-Cap ETF","PSC","2742.62","91.29637299568072895094964794982545411514",".5514",".2097","-.9718","5.7653","16.4618","25.9956","Style Box - Small Cap Blend","Style Box - Small Cap Blend"
"Invesco S&P SmallCap Information Technology ETF","PSCT","478.47","64.89551684950251640884106037061947723636","1.4254","-5.2758","-2.5351","-11.4599","24.2619","61.1777","Technology  - broad","Technology ETFs"
"PGIM Short Duration Multi-Sector Bond ETF","PSDM","229.13","8.36298932384341637010676156583629893238",".1856",".2549","-.1187",".6255",".7887","3.0603","Short-Term Bond ETF","Short-Term Bond ETF"
"Innovator U.S. Equity Power Buffer ETF - September","PSEP","818.18","100",".598","1.2033",".5551","2.6927","7.4852","11.7968","Derivative Based ETF","Defined Outcome"
"Pacer Swan SOS Fund of Funds ETF","PSFF","604.89","100",".4719","1.2976",".317","2.7794","8.7279","12.524","Derivative Based ETF","Defined Outcome"
"Invesco Semiconductors ETF","PSI","2334.82","53.11012505042355788624445340863251311013",".3792","-6.7443","-6.3943","-20.8081","36.0029","110.9043","Technology  - Semiconductors","Technology ETFs"
"Invesco Global Listed Private Equity ETF","PSP","241.65","46.40734737979470556455969746083198271205","1.2556","2.4096","-2.2381","10.6322","8.588","-5.0389","Financials - BDCs/PE","Financials ETFs"
"Proshares Short QQQ","PSQ","640.27","9.06892382103990326481257557436517533253","-1.2256","-2.1624",".5458","3.6184","-15.6823","-18.2889","Derivative Based ETF","Inverse Equity ETFs"
"Palmer Square CLO Senior Debt ETF","PSQA","209.75","88.29787234042553191489361702127659574468",".1694",".4854","-.0483","1.397","2.5814","5.3435","Asset Backed - MBS","Mortgage-Backed Security ETFs"
"Palmer Square Credit Opportunities ETF","PSQO","294.44","86.74698795180722891566265060240963855422","-.0624",".4098","-.0959","1.2102","2.5099","4.9271","Total Bond Market - Broad","Total Bond Market ETFs"
"Invesco Dorsey Wright Technology Momentum ETF","PTF","542.03","38.66537909879716545720493630799380831333","1.1349","-6.3932","-6.8878","-29.9329","5.2649","41.8793","Technology  - broad","Technology ETFs"
"Invesco Dorsey Wright Healthcare Momentum ETF","PTH","272.84","89.01063225387549711874036198360522684847","-.14","5.5579","-3.414","24.8784","26.8139","57.6992","Healthcare - Broad","Health Care ETFs"
"GraniteShares 2x Long PLTR Daily ETF","PTIR","310.64","37.60292772186642268984446477584629460201","15.389","92.0605","-4.7351","41.3074","19.2488","-8.0568","Derivative Based ETF","Single Stock ETF"
"Inspire 500 ETF","PTL","879.42","78.82298252138341390851617701747861658609",".5412","-.1909","-1.6534","-3.4514","8.9152","18.5278","Style Box - Large Cap Blend","Style Box - Large Cap Blend"
"Pacer Trendpilot US Large Cap ETF","PTLC","3335.74","95.96412556053811659192825112107623318386","1.0902","2.0142",".2829","2.7534","8.7906","15.1794","Style Box - Large Cap Blend","Style Box - Large Cap Blend"
"Pacer Trendpilot US Mid Cap ETF","PTMC","386.08","81.45484555529356283895307710445649610941",".9326","-.5311","-1.159",".8086","7.0992","17.662","Style Box - Mid Cap Blend","Style Box - Mid Cap Blend"
"Pacer Trendpilot 100 ETF","PTNQ","1217.94","80.80335004683453633809025290649622568737","1.1314","2.4099","-.5763","-3.6817","12.3246","18.3818","Style Box - Large Cap Growth","Style Box - Large Cap Growth"
"PGIM Total Return Bond ETF","PTRB","1164.62","4.02843601895734597156398104265402843602",".1107",".0392","-.4968","-.5621","-1.6026","1.9319","Total Bond Market - Broad","Total Bond Market ETFs"
"PGIM Ultra Short Bond ETF","PULS","18716.27","21.21212121212121212121212121212121212121",".0404",".3775",".0948","1.0355","2.03","4.2548","Ultra short Bond ETF","Ultra short Bond ETF"
"Putnam Focused Large Cap Value ETF","PVAL","14108.98","98.84615384615384615384615384615384615385",".7776","1.1898",".5171","7.4579","14.3091","31.6525","Style Box - Large Cap Value","Style Box - Large Cap Value"
"Invesco Large Cap Growth ETF","PWB","2428.75","70.48242027800490596892886345053147996729",".673","-.8176","-1.9599","-5.8079","16.5343","29.8744","Style Box - Large Cap Growth","Style Box - Large Cap Growth"
"TCW Transform Systems ETF","PWRD","1441.57","44.30355365798850759205161953067317261083","1.3921","-4.1625","-2.6726","-8.2759","1.812","16.2724","Strategy - Socially Responsible","Broad Developed World ETFs"
"Invesco Large Cap Value ETF","PWV","2375.72","100",".6286","4.1802","2.0849","12.7412","18.8541","31.7557","Style Box - Large Cap Value","Style Box - Large Cap Value"
"Invesco RAFI Developed Markets ex-U.S. ETF","PXF","3029.11","100","1.1083","3.9156","1.0574","3.3188","13.2035","38.4888","Foreign Large Value ETF","Foreign Large Value ETF"
"Invesco RAFI Emerging Markets ETF","PXH","2044.64","100",".2001","3.3723","1.6926","3.1406","11.7196","28.0633","Geographic - Broad Emerging Markets","Broad Emerging Market ETFs"
"Principal Value ETF","PY","246.47","100",".7708","3.1689",".7413","8.4642","10.4838","15.189","Style Box - All Cap Value","Style Box - All Cap Value"
"PIMCO Multisector Bond Active Exchange-Traded Fund","PYLD","15596.54","8.33333333333333333333333333333333333333",".231",".9981","-.2287",".4939",".4494","4.318","Total Bond Market - Broad","Total Bond Market ETFs"
"NYLI Hedge Multi-Strategy Tracker ETF","QAI","1015","91.55313351498637602179836512261580381471",".2474",".5514","-.2871","-.2189","5.8636","10.4649","Absolute Returns ","Hedge Fund ETFs"
"First Trust NASDAQ Clean Edge Green Energy ETF","QCLN","552.9","38.0493273542600896860986547085201793722","1.2969","-2.6184","-2.8111","-27.9528","3.7671","31.8658","Strategy - Socially Responsible","Alternative Energy ETFs"
"FT Vest Nasdaq-100 Buffer ETF - December","QDEC","700.05","100",".4988","2.351",".1242","1.7536","12.7293","20.3538","Derivative Based ETF","Defined Outcome"
"Northern Trust Quality Dividend Defensive ETF","QDEF","559.14","100",".6715","3.0176",".4339","4.9754","10.9918","19.5469","Style Box - All Cap Blend","Style Box - All Cap Blend"
"Northern Trust Quality Dividend ETF","QDF","2227.08","95.28619528619528619528619528619528619529",".8482","1.3164","-.0108","4.3321","12.9739","22.0949","Style Box - All Cap Blend","Style Box - All Cap Blend"
"Pacer Metaurus US Large Cap Dividend Multiplier 400 ETF","QDPL","1788.77","94.04915912031047865459249676584734799483",".7801","1.7921",".0909","2.2913","13.1454","19.6939","Style Box - Large Cap Blend","Style Box - Large Cap Blend"
"Roundhill Innovation-100 0DTE Covered Call Strategy ETF","QDTE","947.96","19.79487179487179487179487179487179487179",".7629","2.3226","-.207","-2.1331","14.0999","20.8428","Derivative Based ETF","Derivative Based ETF"
"Amplify CWP Growth & Income ETF","QDVO","747.83","75.88932806324110671936758893280632411067",".7119","2.0464",".3388",".1053","12.7045","15.6208","Derivative Based ETF","Derivative Based ETF"
"State Street SPDR MSCI EAFE StrategicFactors ETF","QEFA","1069.18","97.42911153119092627599243856332703213611","1.037","2.3932",".4485","6.882","8.4415","21.532","Geographic - EAFE","Broad Developed World ETFs"
"Innovator Nasdaq-100 Managed Floor ETF","QFLR","502.56","68.95833333333333333333333333333333333333","1.2321","-.3666",".3408","-3.5885","2.9429","11.1705","Derivative Based ETF","Style Box - Large Cap Blend"
"American Century U.S. Quality Growth ETF","QGRO","2068.76","88.92931392931392931392931392931392931393","1.1859","2.3031","-.67","1.421","8.135","7.6508","Style Box - All Cap Growth","Style Box - All Cap Growth"
"WisdomTree U.S. Quality Growth Fund","QGRW","2953.92","93.43981745579007415858528237307472903594","1.3647","1.4104","-.581","-.192","20.16","23.4532","Style Box - All Cap Growth","Style Box - All Cap Growth"
"WisdomTree U.S. High Yield Corporate Bond ETF","QHY","246.05","33.10915675116399379203310915675116399379",".0768",".3723","-.2952",".8274","1.7167","4.6178","Corporates - Junk/High Yield","High-Yield/Junk Bond ETFs"
"ProShares UltraShort QQQ","QID","286.42","6.40074211502782931354359925788497217069","-2.3384","-4.634","1.1396","5.1769","-31.4091","-37.1631","Derivative Based ETF","Inverse Equity ETFs"
"American Century Quality Diversified International ETF","QINT","782.83","95.33678756476683937823834196891191709845","1.2474","2.5983","-.3818","5.2747","9.8329","25.8248","Foreign Large Blend ETF","Foreign Large Blend ETF"
"FT Vest Nasdaq-100 Buffer ETF - June","QJUN","709.89","90.03021148036253776435045317220543806647",".812","2.1951","-.3567","-.5784","5.5416","10.4812","Derivative Based ETF","Defined Outcome"
"Northern Trust US Quality Large Cap ETF","QLC","1058.78","97.99131378935939196525515743756786102063","1.0274","1.998",".3653","3.9883","15.2129","26.109","Style Box - Large Cap Blend","Style Box - Large Cap Blend"
"ProShares Ultra QQQ","QLD","13816.1","76.59672584735992621627853354853585427715","2.344","4.3408","-1.0943","-9.5593","35.6537","45.9391","Derivative Based ETF","Leveraged Equity ETFs"
"iShares Aaa - A Rated Corporate Bond ETF","QLTA","1195.03","2.75862068965517241379310344827586206897",".1084",".231","-.6916","-1.2755","-2.0649",".9607","Corporates - Investment Grade","Investment Grade Corporate Bond ETFs"
"GMO International Quality ETF","QLTI","293.34","86.51307274139269997411338338079213046855",".7551",".9908","-1.3394","5.5221","4.1311","10.4791","Foreign Large Value ETF","Foreign Large Value ETF"
"GMO U.S. Quality ETF","QLTY","5168.09","98.91566265060240963855421686746987951807",".8845","2.4829","-.2072","5.3261","14.2299","25.4369","Style Box - All Cap Blend","Style Box - All Cap Blend"
"FT Vest Nasdaq-100 Buffer ETF - March","QMAR","591.41","100",".4763","2.1798",".2323","1.769","13.9864","19.9684","Derivative Based ETF","Defined Outcome"
"Alpha Architect U.S. Quantitative Momentum ETF","QMOM","425.6","59.25437310661585067917521743379263168181",".6518","-1.2374","-2.4964","-9.8771","3.3549","17.4932","Style Box - All Cap Growth","Style Box - All Cap Growth"
"State Street SPDR Portfolio Nasdaq 100 ETF","QNDX","370.06","75.3968253968253968253968253968253968254","1.2068","2.5728","-.4503","0","0","0","Style Box - Large Cap Blend","Style Box - Large Cap Blend"
"Invesco QQQ Income Advantage ETF","QQA","852.76","78.71372231772676711497623622206492061887","1.0211","2.5656","-.2928","-.9047","14.2976","20.9773","Derivative Based ETF","Style Box - Large Cap Growth"
"First Trust NASDAQ-100 Select Equal Weight ETF","QQEW","1835.18","89.67712596634834015461573442473851750796",".4948","3.2863","-2.4377","1.9577","22.4128","20.6837","Style Box - Large Cap Growth","Style Box - Large Cap Growth"
"HCM Defender 100 Index ETF","QQH","744.19","76.9005847953216374269005847953216374269","1.6957","4.1508","-.1299","-4.7748","14.1623","19.3002","Moderate Allocation ","Total Portfolio ETFs"
"Invesco QQQ","QQQ","483772.62","84.83606557377049180327868852459016393443","1.1886","2.514","-.477","-3.4569","19.5546","26.4238","Style Box - Large Cap Growth","Style Box - Large Cap Growth"
"Direxion NASDAQ-100 Equal Weighted Index ETF","QQQE","1438.56","86.86692280824310164163464896961229479567",".8759","1.9818","-1.9937","-.4525","18.428","25.088","Style Box - Large Cap Growth","Style Box - Large Cap Growth"
"NEOS Nasdaq-100 Hedged Equity Income ETF","QQQH","377.85","71.5081132675787464206172446706967865097",".7558","1.241","-.2864","-2.4445","6.2626","10.3945","Derivative Based ETF","Style Box - All Cap Blend"
"NEOS Nasdaq-100 High Income ETF","QQQI","14132.9","68.23406478578892371995820271682340647858",".9793","2.7151","-.2009","-1.7302","12.4613","18.1234","Derivative Based ETF","Style Box - Large Cap Growth"
"Invesco NASDAQ Next Gen 100 ETF","QQQJ","1172.98","88.33605220228384991843393148450244698206","1.0247","1.6588","-2.0941",".042","21.8191","31.9301","Style Box - Large Cap Growth","Style Box - Large Cap Growth"
"Invesco NASDAQ 100 ETF","QQQM","103264.11","84.85005170630816959669079627714581178904","1.1951","2.5115","-.4749","-3.5054","19.5664","26.5036","Style Box - Large Cap Growth","Style Box - Large Cap Growth"
"FT Vest Nasdaq-100 Buffer ETF - September","QSPT","646.65","100",".4785","2.5126",".2894","2.793","13.5496","16.7964","Derivative Based ETF","Defined Outcome"
"First Trust NASDAQ-100-Technology Sector ETF","QTEC","4572.61","80.05593970942428715717504467407349856266","1.3764","2.0975","-3.6331","-6.9292","40.7254","47.0377","Technology  - broad","Technology ETFs"
"iShares Nasdaq Top 30 Stocks ETF","QTOP","280.6","82.47333525511674834246180455462669357163","1.4057","2.2951",".2115","-4.355","20.8596","26.682","Style Box - Large Cap Growth","Style Box - Large Cap Growth"
"Defiance Quantum ETF","QTUM","5434.24","69.19308749489726493400462647979316913866",".9674",".089","-3.2061","-12.7385","30.4855","57.6892","Technology  - broad","Technology ETFs"
"iShares MSCI USA Quality Factor ETF","QUAL","47401.74","90.85770459572376505283853526665028262472",".9304",".7757","-.5076","3.8102","10.8635","19.4389","Style Box - All Cap Blend","Style Box - All Cap Blend"
"State Street SPDR MSCI USA StrategicFactors ETF","QUS","1574.95","98.56345885634588563458856345885634588563",".9064","2.4916",".0885","5.9137","9.9288","18.699","Style Box - Large Cap Blend","Style Box - Large Cap Blend"
"Alpha Architect U.S. Quantitative Value ETF","QVAL","713.16","98.31283957678009722619388046897340577638",".4035","5.0312",".2223","11.9605","19.1468","38.4028","Style Box - Large Cap Value","Style Box - Large Cap Value"
"Invesco S&P 500 QVM Multi-factor ETF","QVML","1639.45","96.91316146540027137042062415196743554953","1.0231","1.784",".3856","3.1348","15.0266","21.3946","Style Box - Large Cap Blend","Style Box - Large Cap Blend"
"Invesco S&P MidCap 400 QVM Multi-factor ETF","QVMM","424.43","81.78400103720990535459613639310255412939",".9003","-1.0787","-1.1037",".8321","7.0458","18.8257","Style Box - Mid Cap Blend","Style Box - Mid Cap Blend"
"Invesco S&P SmallCap 600 QVM Multi-factor ETF","QVMS","247.86","83.49882851723753207631373424076760013388",".3667","-2.4237","-1.4118","4.3368","12.0452","23.9617","Style Box - Small Cap Blend","Style Box - Small Cap Blend"
"Global X Nasdaq 100 Covered Call ETF","QYLD","8291.2","89.56043956043956043956043956043956043956",".659","3.3663",".2735","4.1136","10.884","22.7767","Derivative Based ETF","Derivative Based ETF"
"SMI 3Fourteen REAL Asset Allocation ETF","RAA","618.18","100",".628","3.7492",".1014",".7742","8.3048","18.4386","Moderate Allocation","Total Portfolio ETFs"
"VanEck Real Assets ETF","RAAX","1345.94","90.03115264797507788161993769470404984424",".9432","5.8585","-.0957",".2883","1.7552","28.6855","Absolute Returns ","Total Portfolio ETFs"
"Roundhill T-REX 2X Long DRAM Daily Target ETF","RAM","649.34","21.81818181818181818181818181818181818182","-.5282","14.2857","-3.0879","0","0","0","Derivative Based ETF","Single Stock ETF"
"Northern Trust Ultra-Short Fixed Income ETF","RAVI","1521.38","5.76923076923076923076923076923076923077",".0399",".7245",".0653",".946","1.8023","3.9874","Ultra short Bond ETF","Ultra short Bond ETF"
"Invesco S&P Ultra Dividend Revenue ETF","RDIV","1413.54","93.98655818889281924301379554297842235585",".3808",".4605",".1266","10.6042","14.1609","25.6431","Style Box - Large Cap Value","Style Box - Large Cap Value"
"FT Vest Rising Dividend Achievers Target Income ETF","RDVI","3732.94","85.24271844660194174757281553398058252427","1.0359",".2306","-.2727","7.7785","14.1804","24.4493","Style Box - Large Cap Value","Style Box - Large Cap Value"
"First Trust Rising Dividend Achievers ETF","RDVY","25393.75","90.61505832449628844114528101802757158006","1.046",".4404","-.364","8.1054","15.8986","26.5083","Style Box - Large Cap Value","Style Box - Large Cap Value"
"Columbia Research Enhanced Core ETF","RECS","6071.84","100","1.1238","3.9176",".7022","5.3973","12.8628","17.6365","Strategy - Beta","Style Box - All Cap Blend"
"iShares Global REIT ETF","REET","4908.47","67.54176610978520286396181384248210023866",".7318","-3.0292","-1.2908","3.3402","3.5876","12.9759","Real Estate   - REITs","Real Estate ETFs"
"ProShares S&P MidCap 400 Dividend Aristocrats ETF","REGL","1762.65","81.97952218430034129692832764505119453925",".3878","-1.5115","-.5974","7.5758","3.1428","11.688","Strategy - Dividend Growth","Style Box - Mid Cap Value"
"iShares Mortgage Real Estate ETF","REM","538.34","34.63687150837988826815642458100558659218",".3238",".2774","-.7323","2.9654","-.8793","2.8659","Real Estate   - REITs","Financials ETFs"
"VanEck Rare Earth and Strategic Metals ETF","REMX","2244.83","35.79915676504407819087773093139133767727","-.3408","12.4205","-4.0631","-22.6709","-19.9094","27.6507","Materials  - Rare Earth/Lithium","Materials ETFs"
"Columbia Research Enhanced Value ETF","REVS","351.13","100",".8272","2.7717","1.008","8.9929","16.3969","24.8302","Strategy - Beta","Style Box - All Cap Value"
"iShares Residential and Multisector Real Estate ETF","REZ","850.34","72.03765227021040974529346622369878183832",".3299","-1.8225","-.6639","7.3226","6.0022","14.9919","Real Estate   - REITs","Real Estate ETFs"
"Invesco S&P MidCap 400 Pure Growth ETF","RFG","341.16","73.69638490516158879122331637036547485295",".9773",".3674","-2.3192","-5.2669","5.2183","20.9332","Style Box - Mid Cap Growth","Style Box - Mid Cap Growth"
"Invesco S&P MidCap 400 Pure Value ETF","RFV","339.6","96.22743624844799592499442870332049282099",".3339","1.1853","1.3153","5.7573","14.325","19.0167","Style Box - Mid Cap Value","Style Box - Mid Cap Value"
"Rockefeller Global Equity ETF","RGEF","815.22","91.15143056524773203070481507327285415213","1.1053",".0997",".0712","1.2908","13.2024","24.6973","Global Large-Cap Blend Equity ETF","Global Large-Cap Blend Equity ETF"
"Russell Investments Global Equity ETF","RGLO","358.24","97.40321809781742870798151983431575593436","1.0723","1.4055",".3083","3.5877","12.5154","22.9615","Global Large-Cap Blend Equity ETF","Global Large-Cap Blend Equity ETF"
"iShares MSCI Global Gold Miners ETF","RING","2488.63","75.68267419962335216572504708097928436911","4.1745","35.7665","-2.0989","21.3328","-.8887","61.1927","Materials  - Gold Mining","Materials ETFs"
"FolioBeyond Alternative Income and Interest Rate Hedge ETF","RISR","332.23","88.88888888888888888888888888888888888889","-.0545",".9307",".3265","2.8453","5.7983","5.1073","Asset Backed - MBS","Mortgage-Backed Security ETFs"
"RJ ClariVest Capital Appreciation ETF","RJCA","593.64","73.4866828087167070217917675544794188862","1.3463","0",".0233","0","0","0","Style Box - Large Cap Growth","Style Box - Large Cap Growth"
"State Street Multi-Asset Real Return ETF","RLY","1398.52","100",".132","5.653",".7168","3.9106","7.3014","29.1925","Hedge Fund - Inflation-Focused","Total Portfolio ETFs"
"Bushido Capital US SMID Cap Equity ETF","RNIN","212.96","100",".8895","6.4075","1.1719","21.1269","34.3568","44.2979","Style Box - All Cap Value","Style Box - All Cap Value"
"ROBO Global Robotics and Automation Index ETF","ROBO","2010.93","61.28205128205128205128205128205128205128","1.1539","-1.749","-2.9444","-11.0107","6.6586","27.4688","World Small/Mid Stock ETF","World Small/Mid Stock ETF"
"First Trust NASDAQ Artificial Intelligence and Robotics ETF","ROBT","762.85","90.32944322878677364454169705810843666424","1.6279","5.0892","-2.2932","-.0837","19.9886","18.9446","Artificial Intelligence and Robotics ETF","Artificial Intelligence and Robotics ETF"
"JPMorgan Nasdaq Equity Premium Yield ETF","ROCQ","528.34","74.13470533208606173994387277829747427502","1.0228","3.1559",".2057","-.8947","0","0","Derivative Based ETF","Style Box - Large Cap Growth"
"JPMorgan Equity Premium Yield ETF","ROCY","604.72","93.5725763256561328334226031065881092662",".8933","1.8319",".5358","3.2449","0","0","Derivative Based ETF","Style Box - Large Cap Blend"
"Hartford Multifactor Developed Markets (ex-US) ETF","RODM","1656.1","100","1.2103","2.4994","1.3522","5.4929","8.0466","24.6704","Foreign Large Value ETF","Foreign Large Value ETF"
"Astoria US Equal Weight Quality Kings ETF","ROE","282.5","93.80357142857142857142857142857142857143","1.1361","2.2743","-.4201","2.7274","18.7938","32.839","Style Box - All Cap Value","Style Box - All Cap Value"
"ProShares Ultra Technology","ROM","1223.82","73.03051809794180269694819020581973030518","2.579","7.988","-2.9182","-13.8236","70.709","80.9028","Derivative Based ETF","Leveraged Equity ETFs"
"Baron First Principles ETF","RONB","343.65","70.83333333333333333333333333333333333333","3.5865","14.0269","2.2917","1.9942",".3679","0","Style Box - Large Cap Growth","Style Box - Large Cap Growth"
"Hartford Multifactor US Equity ETF","ROUS","747.01","91.61807580174927113702623906705539358601",".7858","1.1908","-.585","1.6875","12.3711","23.6571","Style Box - Large Cap Value","Style Box - Large Cap Value"
"RPAR Risk Parity ETF","RPAR","583.23","62.76450511945392491467576791808873720137",".5517","3.7603","-.5151","-.6888","-1.0464","13.4423","Multi-Asset - Total Portfolio","Total Portfolio ETFs"
"Invesco S&P 500 Pure Growth ETF","RPG","1890.67","65.42842991579990094105993065874195146112","1.0663","-.4377","-2.0327","-7.2813","17.4119","22.2635","Style Box - Large Cap Growth","Style Box - Large Cap Growth"
"Invesco S&P 500 Pure Value ETF","RPV","1760.87","100",".3662","2.8779","1.2395","9.2973","12.4873","29.3948","Style Box - Large Cap Value","Style Box - Large Cap Value"
"Rockefeller U.S. Small-Mid Cap ETF","RSMC","763.35","81.60014989694584972831178564736743488851","1.3501","-.3102","-.9523","2.1829","9.637","9.4356","Style Box - All Cap Growth","Style Box - All Cap Growth"
"Invesco S&P 500 Equal Weight ETF","RSP","99922.06","93.29884207932988420793298842079329884208",".6633","1.3542","-.6322","5.5485","9.695","19.4902","Style Box - Large Cap Blend","Style Box - Large Cap Blend"
"Invesco S&P 500 Equal Weight Income Advantage ETF","RSPA","1160.14","90.24390243902439024390243902439024390244",".8895","1.4894","-.1101","5.3415","8.5819","17.901","Derivative Based ETF","Style Box - Large Cap Blend"
"Invesco S&P 500 Equal Weight Consumer Discretionary ETF","RSPD","302.11","51.54761904761904761904761904761904761905",".3767","-2.5771","-.6393","3.0115","-1.8293","-3.3441","Consumer Discretionary - Broad","Consumer Discretionary ETFs"
"Invesco S&P 500 Equal Weight Financials ETF","RSPF","309.12","100","2.137","2.3192",".9031","16.6918","15.709","11.8437","Financials-Broad","Financials ETFs"
"Invesco S&P 500 Equal Weight Energy ETF","RSPG","645.85","98.70936902485659655831739961759082217973","-.4624","10.336","3.4345","9.8141","15.9745","52.8562","Energy - Broad","Energy ETFs"
"Invesco S&P 500 Equal Weight Health Care ETF","RSPH","841.94","98.33852544132917964693665628245067497404",".0793","7.8917",".6913","22.6404","16.8993","30.3514","Healthcare - Broad","Health Care ETFs"
"Invesco S&P 500 Equal Weight Industrials ETF","RSPN","1019.09","65.60619088564058469475494411006018916595","1.0251","-4.232","-2.6295",".4179","-2.6256","11.8028","Industrials  - Broad","Industrials ETFs"
"Invesco S&P 500 Equal Weight Consumer Staples ETF","RSPS","249.63","57.79543197616683217477656405163853028798","-.7653",".7772","-.416","7.0987","-2.2658","4.1832","Consumer Staples - Broad","Consumer Staples ETFs"
"Invesco S&P 500 Equal Weight Technology ETF","RSPT","5776.02","87.39266198282591725214676034348165495706","1.3405","4.8287","-2.3701","-3.9968","39.3595","55.3111","Technology  - broad","Technology ETFs"
"Invesco S&P 500 Equal Weight Utilities ETF","RSPU","516.35","28.5347043701799485861182519280205655527",".9419","-3.6592","-.8082","-1.6177","-7.0532","5.831","Utilities  - Broad","Utilities/Infrastructure ETFs"
"Return Stacked Global Stocks & Bonds ETF","RSSB","518.55","93.43629343629343629343629343629343629344","1.2654","2.127","-.418","1.2983","8.4434","14.7005","Derivative Based ETF","Total Portfolio ETFs"
"Global X Russell 2000 ETF","RSSL","1494.24","86.98544134116129908032714562052465469848",".3987","-.4059","-1.5888","2.8459","14.3698","27.4761","Style Box - Small Cap Blend","Style Box - Small Cap Blend"
"Return Stacked U.S. Stocks & Managed Futures ETF","RSST","529.78","96.48780487804878048780487804878048780488","1.1319","5.1827","1.5498","-.0871","16.3735","41.3311","Derivative Based ETF","Hedge Fund ETFs"
"VanEck Retail ETF","RTH","246.27","64.78682170542635658914728682170542635659",".7478","-3.2627","1.0453","3.6794",".6201","6.0741","Consumer Discretionary - Retail","Consumer Discretionary ETFs"
"Running Oak Efficient Growth ETF","RUNN","410.56","82.5197238658777120315581854043392504931",".9715",".8457","-.6477","7.6621","1.3565","1.4451","Style Box - All Cap Growth","Style Box - All Cap Growth"
"Rayliant NxtGen Multifactor International Equity ETF","RWIN","207.09","99.88132911392405063291139240506329113924","1.5008","3.1422",".6434","8.2839","0","0","Foreign Large Blend ETF","Foreign Large Blend ETF"
"Invesco S&P SmallCap 600 Revenue ETF","RWJ","2065.96","89.72943125345113197128658199889563776919",".3953","-1.4711","-.4248","8.5875","17.7213","29.62","Style Box - Small Cap Blend","Style Box - Small Cap Blend"
"Invesco S&P MidCap 400 Revenue ETF","RWK","1334.34","89.82523696682464454976303317535545023697",".7431","-.7646",".0262","4.3219","12.1241","19.802","Style Box - Mid Cap Value","Style Box - Mid Cap Value"
"Invesco S&P 500 Revenue ETF","RWL","10037.43","100",".877","2.0757","1.3591","7.4368","13.9521","27.4015","Style Box - Large Cap Value","Style Box - Large Cap Value"
"State Street SPDR Dow Jones Global Real Estate ETF","RWO","1246.78","70.05076142131979695431472081218274111675",".7711","-2.6275","-1.184","3.7209","2.4897","14.0681","Real Estate   - Broad","Real Estate ETFs"
"State Street SPDR Dow Jones REIT ETF","RWR","1842.63","68.28184040897977328295176705934652144921",".3762","-3.3385","-1.2253","4.217","5.3493","16.9415","Real Estate   - REITs","Real Estate ETFs"
"State Street SPDR Dow Jones International Real Estate ETF","RWX","261.49","32.15277777777777777777777777777777777778",".9128","-1.7172","-.6532","3.6527","-3.7555","3.9387","Real Estate   - Broad","Real Estate ETFs"
"iShares Global Consumer Discretionary ETF","RXI","254.52","50.55240093815578323663745216639920997408",".8964","-2.6566",".0051",".7053",".8101","1.229","Consumer Discretionary - Broad","Consumer Discretionary ETFs"
"Global X Russell 2000 Covered Call ETF","RYLD","1388.31","87.70949720670391061452513966480446927374",".3094","1.207","-.6131","5.9492","10.1316","19.6909","Derivative Based ETF","Derivative Based ETF"
"7.125% Fixed-Rate Reset Subordinated Debentures due 2052","RZC","1712.04","34.95145631067961165048543689320388349515","-.1957","-.3517","-.6235",".3147","-.1957","-.7782","Corporates - Long Term","Investment Grade Corporate Bond ETFs"
"Invesco S&P SmallCap 600 Pure Value ETF","RZV","300.29","90.57018050708392077102641736196177225137",".298","-1.441","-.6993","7.3199","15.9339","28.7407","Style Box - Small Cap Value","Style Box - Small Cap Value"
"Strategas Macro Thematic Opportunities ETF","SAMT","830.42","62.51450676982591876208897485493230174081","1.1795","-1.425","-.7406","-7.385","8.4999","23.5311","Style Box - All Cap Blend","Style Box - All Cap Blend"
"Simplify Barrier Income ETF","SBAR","424.22","60.7758620689655172413793103448275862069",".3043","2.1645","-.1166","3.5616","6.6223","10.3633","Derivative Based ETF","Derivative Based ETF"
"Simplify Government Money Market ETF","SBIL","4823.34","22.22222222222222222222222222222222222222","0",".2997",".04",".8889","1.7684","3.6756","US Treasury - Ultra Short","Money Market/Ultra-Short Term ETFs"
"ALPS Medical Breakthroughs ETF","SBIO","244.4","90.0995732574679943100995732574679943101","-.8543","5.9566","-3.165","31.9287","36.0348","86.1295","Healthcare - Broad","Health Care ETFs"
"Schwab Core Bond ETF","SCCR","1757.18","1.55038759689922480620155038759689922481",".0401",".389","-.6364","-.7907","-1.7758","1.8206","Total Bond Market - Broad","Total Bond Market ETFs"
"Sterling Capital Enhanced Core Bond ETF","SCEC","605.97","7.01107011070110701107011070110701107011",".2666",".6396","-.4005","-.678","-1.4894","1.7152","Total Bond Market - Broad","Total Bond Market ETFs"
"Sterling Capital Hedged Equity Premium Income ETF","SCEP","236.83","69.5049504950495049504950495049504950495",".831",".5791","-.4326","1.1478","5.7768","0","Derivative Based ETF","Style Box - All Cap Blend"
"Schwab U.S. Small-Cap ETF","SCHA","23436.54","80.08298755186721991701244813278008298755",".4994",".0878","-1.6106",".7056","13.8131","27.3681","Style Box - Small Cap Blend","Style Box - Small Cap Blend"
"Schwab U.S. Broad Market ETF","SCHB","44486.32","95.26315789473684210526315789473684210526","1.0505","1.8791",".0335","2.6977","14.1505","21.1134","Style Box - All Cap Blend","Style Box - All Cap Blend"
"Schwab International Small-Cap Equity ETF","SCHC","5698.64","95.45997610513739545997610513739545997611","1.3585","5.3407","-.7327","3.4861","5.2383","21.0137","Foreign Small/Mid Blend ETF","Foreign Small/Mid Blend ETF"
"Schwab U.S. Dividend Equity ETF","SCHD","112803.97","98.51767388825541619156214367160775370582",".1999","4.5292",".7178","9.152","12.6603","30.8986","Style Box - Large Cap Value","Style Box - Large Cap Value"
"Schwab Emerging Markets Equity ETF","SCHE","13024.79","100",".4038","3.2097",".0805","1.9222","11.1107","21.32","Geographic - Broad Emerging Markets","Broad Emerging Market ETFs"
"Schwab International Equity ETF","SCHF","69271.52","97.74696707105719237435008665511265164645","1.1012","3.2656",".1407","3.0418","11.642","29.8316","Foreign Large Blend ETF","Foreign Large Blend ETF"
"Schwab U.S. Large-Cap Growth ETF","SCHG","62454.59","98.72448979591836734693877551020408163265","1.4723","2.8112","-.0558","3.4719","17.1997","17.7078","Style Box - Large Cap Growth","Style Box - Large Cap Growth"
"Schwab U.S. REIT ETF","SCHH","11149.3","69.95192307692307692307692307692307692308",".6823","-2.7995","-1.0063","3.0256","3.9278","14.054","Real Estate   - REITs","Real Estate ETFs"
"Schwab 5-10 Year Corporate Bond ETF","SCHI","11421.13","4.76190476190476190476190476190476190476",".1361",".1881","-.5846","-.8163","-1.7939","1.6016","Corporates - Investment Grade","Investment Grade Corporate Bond ETFs"
"Schwab 1-5 Year Corporate Bond ETF","SCHJ","852.95","5.79710144927536231884057971014492753623",".1231",".5824","-.2343",".4444",".2153","2.6491","Corporates - Investment Grade","Investment Grade Corporate Bond ETFs"
"Schwab 1000 Index ETF","SCHK","5843.9","95.93837535014005602240896358543417366947","1.0849","2.0816",".1882","2.8725","14.2872","21.0772","Style Box - Large Cap Blend","Style Box - Large Cap Blend"
"Schwab U.S. Mid-Cap ETF","SCHM","14828.41","85.5813953488372093023255813953488372093",".6782","1.0207","-1.1102",".0748","10.2262","22.9857","Style Box - Mid Cap Blend","Style Box - Mid Cap Blend"
"Schwab Short-Term U.S. Treasury ETF","SCHO","15132.89","4.2553191489361702127659574468085106383",".0834",".5139","-.1564",".5874",".4753","2.4022","US Treasury - Short Term","Government Bond ETFs"
"Schwab U.S. TIPS ETF","SCHP","16031.64","2.25563909774436090225563909774436090226",".1162","1.0174","-.4328","-.8473","-.6662","1.0894","US Treasury - TIPS","Inflation-Protected Bond ETFs"
"Schwab Long-Term U.S. Treasury ETF","SCHQ","854","5.49132947976878612716763005780346820809",".134",".7229","-.8285","-2.1837","-5.4063","-.2293","US Treasury - Long Term","Government Bond ETFs"
"Schwab Intermediate-Term U.S. Treasury ETF","SCHR","13413.04","4.16666666666666666666666666666666666667",".1239",".2303","-.5022","-.3053","-1.8381",".6193","US Treasury - Intermediate Term","Government Bond ETFs"
"Schwab U.S. Large-Cap Value ETF","SCHV","15665.18","91.37199434229137199434229137199434229137",".6952","1.4002","-.0288","2.6657","10.4534","24.021","Style Box - Large Cap Value","Style Box - Large Cap Value"
"Schwab U.S. Large-Cap ETF","SCHX","73900.26","96.20034542314335060449050086355785837651","1.1612","2.0415",".2631","2.8822","14.1987","20.758","Style Box - Large Cap Blend","Style Box - Large Cap Blend"
"Schwab International Dividend Equity ETF","SCHY","2607.33","90.90909090909090909090909090909090909091",".6641","-.0599",".1502","5.3347","4.4664","23.5951","Foreign Large Value ETF","Foreign Large Value ETF"
"Schwab U.S. Aggregate Bond ETF","SCHZ","10654.2","3.66972477064220183486238532110091743119",".1326",".4162","-.4963","-.5877","-1.646","1.6235","Total Bond Market - Broad","Total Bond Market ETFs"
"First Trust Structured Credit Income Opportunities ETF","SCIO","549.08","5.17241379310344827586206896551724137931",".0978",".1705","-.2923",".6547",".6699","2.9244","Asset Backed - MBS","Mortgage-Backed Security ETFs"
"iShares MSCI Japan Small-Cap ETF","SCJ","261.42","100","1.76","4.4281","1.4647","6.4585","10.9093","25.1605","Geographic - Japan","Asia-Pacific (Developed) ETFs"
"Sterling Capital Multi-Strategy Income ETF","SCMC","228.25",".8403361344537815126050420168067226890756","0",".6432","-.1939",".5478",".9663","0","Total Bond Market - Broad","Total Bond Market ETFs"
"ProShares UltraShort Bloomberg Crude Oil","SCO","779.06",".5040650406504065040650406504065040650407","1.1979","-21.2362","-9.0873","-7.6144","-54.16","-66.2174","Derivative Based ETF","Inverse Commodity ETFs"
"Schwab Ultra-Short Income ETF","SCUS","258.48","8.10810810810810810810810810810810810811",".0598",".645",".0361",".8888","1.6149","3.6761","Ultra short Bond ETF","Ultra short Bond ETF"
"Schwab High Yield Bond ETF","SCYB","2840.53","13",".0387","1.0201","-.308",".9511","1.9855","4.4913","Corporates - Junk/High Yield","High-Yield/Junk Bond ETFs"
"iShares MSCI EAFE Small-Cap ETF","SCZ","13127.25","100","1.4261","3.723",".0686","4.3677","8.5199","20.4533","Geographic - EAFE","Broad Developed World ETFs"
"USCF SummerHaven Dynamic Commodity Strategy No K-1 ETF","SDCI","680.55","99.65909090909090909090909090909090909091",".3584","8.3363","2.9068","8.4507","24.848","39.3149","Basket - Broad","Broad Commodity ETFs"
"Global X SuperDividend ETF","SDIV","1243.58","64.24418604651162790697674418604651162791",".2776","2.0842","1.5663","5.2138","1.7225","16.0919","Strategy - High Dividend Yield","World ETFs"
"ALPS Sector Dividend Dogs ETF","SDOG","1452.49","96.70010878762238607518433458237640517346",".2585","2.7178",".1223","8.707","12.2479","26.9915","Style Box - Large Cap Value","Style Box - Large Cap Value"
"ProShares UltraShort S&P500","SDS","389.54","3.32594235033259423503325942350332594235","-2.0445","-3.3153","-.4083","-3.9213","-21.3318","-27.4184","Derivative Based ETF","Inverse Equity ETFs"
"American Century Short Duration Strategic Income ETF","SDSI","291.36","16.17283950617283950617283950617283950617",".0998",".2615","-.1542",".7149","1.1965","3.6859","Short-Term Bond ETF","Short-Term Bond ETF"
"FT Vest SMID Rising Dividend Achievers Target Income ETF","SDVD","920.52","71.9402985074626865671641791044776119403",".8308","-2.0911","-.6463","6.1456","4.6561","15.5522","Style Box - All Cap Value","Style Box - All Cap Value"
"First Trust SMID Cap Rising Dividend Achievers ETF","SDVY","11462.45","82.72620446533490011750881316098707403055",".8585","-1.9842","-.7987","5.8054","4.9716","16.2069","Style Box - Mid Cap Value","Style Box - Mid Cap Value"
"State Street SPDR S&P Dividend ETF","SDY","21773.46","90.09474590869939707149009474590869939707",".4418",".7255","-.4","6.1734","2.693","14.64","Style Box - Large Cap Value","Style Box - Large Cap Value"
"Main Sector Rotation ETF","SECT","2845.64","90.40268456375838926174496644295302013423","1.2214","1.5064","-.5106",".3757","14.0164","20.9138","Style Box - All Cap Blend","Style Box - All Cap Blend"
"iShares Securitized Income Active ETF","SECU","951.26","7.26072607260726072607260726072607260726",".2234",".5579","-.2087",".6549",".8251","0","Asset Backed - MBS","Mortgage-Backed Security ETFs"
"SEI Select Emerging Markets Equity ETF","SEEM","669.89","82.91163876994939665239392759828727131179",".5616","4.2582",".0966","-2.3711","17.5496","41.2475","Geographic - Broad Emerging Markets","Broad Emerging Market ETFs"
"SEI Select International Equity ETF","SEIE","1306.22","99.4946808510638297872340425531914893617","1.1022","2.6253",".4088","7.2058","11.9349","28.4103","Global Large-Cap Blend Equity ETF","Global Large-Cap Blend Equity ETF"
"SEI QiM U.S. Large Cap Momentum Active ETF","SEIM","1475.58","82.92117465224111282843894899536321483771","1.2577",".2602","-1.1001","-1.3307","14.0843","25.3345","Style Box - Large Cap Blend","Style Box - Large Cap Blend"
"SEI QiM U.S. Large Cap Quality Active ETF","SEIQ","731.14","97.68786127167630057803468208092485549133",".6416","2.0974","-.2943","6.3434","10.0504","12.3017","Style Box - Large Cap Blend","Style Box - Large Cap Blend"
"SEI Select Small Cap ETF","SEIS","595.55","86.78979094523534692830575862511222264974",".5361","-.8478","-1.8677","2.7487","13.007","19.1504","Style Box - Small Cap Blend","Style Box - Small Cap Blend"
"SEI QiM U.S. Large Cap Value Active ETF","SEIV","1558.29","100","1.2894","3.4687",".7144","5.7266","21.9182","37.3818","Style Box - Large Cap Value","Style Box - Large Cap Value"
"Virtus Seix Senior Loan ETF","SEIX","255.35","43.42105263157894736842105263157894736842","-.0429","1.054",".2581","2.0362","4.8275","5.6022","Corporates - Bank Loan","High-Yield/Junk Bond ETFs"
"SEI QiM U.S. Large Cap Low Volatility Active ETF","SELV","263.61","100",".4691","3.735",".6227","9.1926","5.991","14.6367","Style Box - Large Cap Blend","Style Box - Large Cap Blend"
"Sprott Critical Materials ETF","SETM","618.15","69.84478935698447893569844789356984478936","1.1803","17.5523","-4.7765","-6.8966","-4.8029","56.6111","Materials  - Broad","Materials ETFs"
"SEI QiM U.S. Equity Factor Allocation Active ETF","SEUS","941.45","95.64149785144260282381829343155310006139","1.0686","2.4378",".2812","0","0","0","Style Box - All Cap Blend","Style Box - All Cap Blend"
"Sequoia Global Value ETF","SFGV","1195.36","99.10300030931023816888339004021033096195",".577","2.5628",".3657","5.4467","8.2528","0","Global Large-Cap Value Equity ETF","Global Large-Cap Value Equity ETF"
"VictoryShares Small Cap Free Cash Flow ETF","SFLO","825.67","100",".5982","5.5767",".7237","21.0536","33.3297","40.9852","Style Box - Small Cap Value","Style Box - Small Cap Value"
"Innovator Equity Managed Floor ETF","SFLR","2160.62","96.00886917960088691796008869179600886918",".8492","1.1746",".3328",".8816","7.3109","12.0231","Style Box - Large Cap Blend","Style Box - Large Cap Blend"
"Horizon International Managed Risk ETF","SFTX","771.18","98.95584725536992840095465393794749403341","1.4669","4.3478",".7249",".9882","13.8095","0","Foreign Large Blend ETF","Foreign Large Blend ETF"
"Horizon Managed Risk ETF","SFTY","788.74","97.23374827109266943291839557399723374827","1.0443","1.9476",".5194","3.2999","13.5895","20.8554","Style Box - Large Cap Blend","Style Box - Large Cap Blend"
"SoFi Select 500 ETF","SFY","690.16","95.60727272727272727272727272727272727273","1.246","3.49","-.0423","1.4835","17.935","24.8928","Style Box - Large Cap Growth","Style Box - Large Cap Growth"
"Sprott Junior Gold Miners ETF","SGDJ","373.12","77.11065952336966561980417513393681876963","3.5176","35.3127","-.1938","20.0676","-.7898","69.7429","Materials  - Gold Mining","Materials ETFs"
"Sprott Gold Miners ETF","SGDM","721.06","73.62581946545637922339889056984367120524","4.5197","34.5648","-1.4515","20.1954","-3.3811","54.9005","Materials  - Gold Mining","Materials ETFs"
"SGI U.S. Large Cap Core ETF","SGLC","211.78","97.29023516887641536823768508661569728056","1.1921","2.4472",".2625","4.3763","18.6643","28.6888","Style Box - Large Cap Blend","Style Box - Large Cap Blend"
"abrdn Physical Gold Shares ETF","SGOL","7337.65","48.5113835376532399299474605954465849387","1.8656","10.394","-2.9177",".6856","-12.2941","25.3016","Precious Metals - Gold","Precious Metals ETFs"
"iShares 0-3 Month Treasury Bond ETF","SGOV","104908.78","34.09090909090909090909090909090909090909",".01",".6213",".0766",".9259","1.8225","3.7267","US Treasury - Ultra Short","Government Bond ETFs"
"F/m Accumulator Ultrashort Treasury Fund","SGVA","266.05","100",".0198",".2885",".0397","0","0","0","US Treasury - Ultra Short","Government Bond ETFs"
"Schwab Government Money Market ETF","SGVT","901.66","35.8024691358024691358024691358024691358","0",".5696",".056",".8505","1.6827","3.5193","US Treasury - Ultra Short","Money Market/Ultra-Short Term ETFs"
"ProShares Short S&P500","SH","858.68","4.20757363253856942496493688639551192146","-1.0449","-1.4989","-.155","-1.4258","-10.2182","-12.9606","Derivative Based ETF","Inverse Equity ETFs"
"State Street SPDR MSCI USA Gender Diversity ETF","SHE","331.05","92.79952518412604203199611514284943480724",".8437","2.2743","-.0946","1.5429","20.5373","28.9386","Strategy - Socially Responsible","Style Box - Large Cap Blend"
"Global X Defense Tech ETF","SHLD","6979.97","28.00201816347124117053481331987891019173","1.0141","-.9632","-4.68",".9897","-16.7384","2.9418","Industrials  - Aerospace & Defense","Industrials ETFs"
"Strive U.S. Semiconductor ETF","SHOC","225.98","67.38037307380373073803730738037307380373",".2386","1.1676","-3.1777","-13.7796","39.8549","85.8886","Technology  - Semiconductors","Technology ETFs"
"iShares 0-1 Year Treasury Bond ETF","SHV","20772.72","12.76595744680851063829787234042553191489",".0182",".6159",".0619",".906","1.7709","3.6339","Ultra short Bond ETF","Ultra short Bond ETF"
"iShares 1-3 Year Treasury Bond ETF","SHY","25683.94","7.54716981132075471698113207547169811321",".0857",".5317","-.0988",".5771",".4537","2.3341","US Treasury - Short Term","Government Bond ETFs"
"iShares 0-5 Year High Yield Corporate Bond ETF","SHYG","7714.6","7.43243243243243243243243243243243243243",".1192","1.1242","-.2199","1.1433","2.4931","4.4962","Corporates - Junk/High Yield","High-Yield/Junk Bond ETFs"
"Xtrackers Short Duration High Yield Bond ETF","SHYL","265.75","2.01257861635220125786163522012578616352",".0159",".9924","-.1506",".9771","1.9901","3.9109","Corporates - Junk/High Yield","High-Yield/Junk Bond ETFs"
"Global X Silver Miners ETF","SIL","5293.47","70.51644853201273434736469755925008843297","2.7054","33.738","-1.7258","15.9767","-4.7785","67.995","Materials  - Silver Mining","Materials ETFs"
"Amplify Junior Silver Miners ETF","SILJ","4154.33","62.89868667917448405253283302063789868668","2.3704","30.447","-2.3221","9.7966","-10.2024","74.1232","Materials  - Silver Mining","Materials ETFs"
"Touchstone Strategic Income ETF","SIO","296.29","3.3003300330033003300330033003300330033",".1781",".5657","-.439",".0369","-.4591","2.8794","Total Bond Market - Broad","Total Bond Market ETFs"
"abrdn Physical Silver Shares ETF","SIVR","4418.42","34.30281102143055942109657667687169496243","2.5121","15.4725","-3.4723","-8.495","-18.8424","62.4394","Precious Metals - Silver","Precious Metals ETFs"
"ETC 6 Meridian Mega Cap Equity ETF","SIXA","546.58","99.47659788626069451434323100150981378963",".5294","3.3823",".8529","5.6473","9.2449","19.8893","Style Box - Large Cap Blend","Style Box - Large Cap Blend"
"AllianzIM U.S. Equity 6 Month Buffer10 Jun/Dec ETF","SIXD","381.69","99.59557832299811269884065785926125640334",".5889","1.334",".222","2.2323","9.1914","12.8007","Derivative Based ETF","Defined Outcome"
"ETC 6 Meridian Hedged Equity - Index Option ETF","SIXH","606.3","97.59339583041835735273541346019308800895","-.1144","2.7121",".7104","6.9214","4.8342","15.7881","Multi-Asset - Total Portfolio","Total Portfolio ETFs"
"ETC 6 Meridian Low Beta Equity Strategy ETF","SIXL","205.21","83.79593432369038311180609851446442533229",".4969","-.1576",".5937","8.3188","2.4602","10.5662","Style Box - All Cap Blend","Style Box - All Cap Blend"
"iShares MSCI USA Size Factor ETF","SIZE","435.91","89.38919461250798090663099328083670304947",".9965","1.4433","-.87","4.7437","10.4319","17.3997","Style Box - All Cap Blend","Style Box - All Cap Blend"
"State Street SPDR Bloomberg Short Term High Yield Bond ETF","SJNK","4787.39","3.19148936170212765957446808510638297872",".1215",".9448","-.273",".8065","2.1503","4.0065","Corporates - Junk/High Yield","High-Yield/Junk Bond ETFs"
"Northern Trust Credit-Scored US Corporate Bond ETF","SKOR","754.94","2.18085106382978723404255319148936170213",".0651",".3179","-.496","-.231","-.6978","2.0949","Corporates- Intermediate Term","Investment Grade Corporate Bond ETFs"
"First Trust Cloud Computing ETF","SKYY","3265.85","92.29343629343629343629343629343629343629","2.8937","10.7717","-1.6086","10.9517","49.1945","29.1115","Technology  - Cloud Computing","Technology ETFs"
"TCW Senior Loan ETF","SLNZ","221.76","31.93389906208128628852166145600714604734",".0351","1.0218",".0677","1.5707","4.6312","4.3916","Corporates - Bank Loan","High-Yield/Junk Bond ETFs"
"iShares 0-5 Year Investment Grade Corporate Bond ETF","SLQD","2424.41","6.81818181818181818181818181818181818182",".1203",".6063","-.1566",".5819",".6718","2.9927","Corporates - Investment Grade","Investment Grade Corporate Bond ETFs"
"iShares Silver Trust","SLV","31791.47","34.15667933352820812627886582870505700088","2.5055","15.4213","-3.5367","-8.5486","-18.9207","62.1585","Precious Metals - Silver","Precious Metals ETFs"
"ETRACS Silver Shares Covered Call ETN","SLVO","269.29","19.16666666666666666666666666666666666667","1.7817","12.5558","-1.4389","-16.5089","-26.073","-19.592","Derivative Based ETF","Precious Metals ETFs"
"iShares MSCI Global Silver and Metals Miners ETF","SLVP","1028.16","75.56841670111616370400992145514675485738","3.1746","36.8871","-.716","19.115","-1.2355","81.714","Materials  - Silver Mining","Materials ETFs"
"Sprott Silver Miners & Physical Silver ETF","SLVR","807.07","61.26715945089757127771911298838437170011","2.7984","33.1558","-1.5445","9.1049","-12.04","75.8723","Materials  - Silver Mining","Materials ETFs"
"Wisdom Short Duration Income ETF","SLWS","387.06","12.85714285714285714285714285714285714286",".0875",".1508",".0616","0","0","0","Short-Term Bond ETF","Short-Term Bond ETF"
"State Street SPDR S&P 600 Small Cap Growth ETF","SLYG","4983.21","80.74050016239038648911984410522897044495",".6202","-3.1964","-1.6965","4.807","12.7173","22.792","Style Box - Small Cap Growth","Style Box - Small Cap Growth"
"State Street SPDR S&P 600 Small Cap Value ETF","SLYV","5001.49","88.84955752212389380530973451327433628319",".101","-1.0344","-.9085","5.0009","12.1834","27.5378","Style Box - Small Cap Value","Style Box - Small Cap Value"
"Schwab Mortgage-Backed Securities ETF","SMBS","6532.17","4.18250950570342205323193916349809885932",".1614",".4443","-.6198","-.6131","-1.4072","2.8481","Asset Backed - MBS","Mortgage-Backed Security ETFs"
"ProShares Russell 2000 Dividend Growers ETF","SMDV","715.43","81.83322303110522832561217736598279285242",".3482","-2.3962","-.5145","7.3663","7.3518","15.5104","Strategy - Dividend Growth","Style Box - Small Cap Value"
"VanEck Semiconductor ETF","SMH","67043.98","69.03601948726140084657774938103985304688",".3851","1.309","-3.5602","-13.372","41.3082","92.9267","Technology  - Semiconductors","Technology ETFs"
"VanEck Fabless Semiconductor ETF","SMHX","247.01","60.59360730593607305936073059360730593607",".0455","-1.0005","-4.2358","-19.076","46.3229","57.9833","Technology  - Semiconductors","Technology ETFs"
"Bahl & Gaynor Small/Mid Cap Income Growth ETF","SMIG","1466.82","78",".5597","-2.7275","-1.3946","3.1153","4.9968","11.4058","Style Box - All Cap Value","Style Box - All Cap Value"
"iShares MSCI India Small-Cap ETF","SMIN","774","81.89461883408071748878923766816143497758",".6944","2.5315",".8065","10.2159","14.1912",".4578","Geographic - India","Asia-Pacific (Emerging) ETFs"
"Zacks Small/Mid Cap ETF","SMIZ","272.45","71.33120340788072417465388711395101171459",".8006","-1.785","-1.6098","-2.1106","8.4812","16.3915","Style Box - All Cap Value","Style Box - All Cap Value"
"iShares U.S. Small-Cap Equity Factor ETF","SMLF","4237.44","87.08737864077669902912621359223300970874",".6867",".2393","-1.5445","3.142","13.0922","22.0165","Style Box - Small Cap Blend","Style Box - Small Cap Blend"
"State Street SPDR US Small Cap Low Volatility Index ETF","SMLV","255.8","88.52543730460171046172131359326150427615",".3724","-1.9094","-.6083","8.2699","12.9657","23.0895","Style Box - Small Cap Blend","Style Box - Small Cap Blend"
"iShares Russell 2500 ETF","SMMD","3821.18","87.96216680997420464316423043852106620808",".6673","-.0993","-1.33","2.524","14.0041","26.7216","Style Box - Small Cap Blend","Style Box - Small Cap Blend"
"iShares MSCI USA Small-Cap Min Vol Factor ETF","SMMV","288.41","93.87755102040816326530612244897959183673",".3173",".5512","-.399","8.1873","3.9764","12.0847","Style Box - Small Cap Blend","Style Box - Small Cap Blend"
"VanEck Morningstar SMID Moat ETF","SMOT","328.21","90.79710144927536231884057971014492753623",".2838","1.5748","-.6868","4.8645","10.9034","13.7514","Style Box - All Cap Blend","Style Box - All Cap Blend"
"Bushido Capital US Equity ETF","SMRI","724.92","100",".6454","10.5624","1.166","15.2814","36.0872","45.6189","Style Box - Large Cap Value","Style Box - Large Cap Value"
"ALPS ","SMTH","3024.95","4.01606425702811244979919678714859437751",".0792",".0756","-.453","-.5784","-1.4371","1.7251","Total Bond Market - Broad","Total Bond Market ETFs"
"T-REX 2X Long SNDK Daily Target ETF","SNDU","270.69","23.12014824313399835383218184725851437022",".1838","32.1212","9.4378","-57.5322","0","0","Derivative Based ETF","Single Stock ETF"
"Xtrackers S&P 500 Scored & Screened ETF","SNPE","2941.74","96.06862044317369549678341672623302358828",".9911","2.3533","-.1679","4.5743","14.6224","23.7703","Strategy - Socially Responsible","Style Box - Large Cap Blend"
"Global X Internet of Things ETF","SNSR","205.41","65.82909408560711165921586763270130003597",".7694","-.0848","-1.4773","-11.8189","21.3822","24.6172","Technology  - broad","Technology ETFs"
"MRP SynthEquity ETF","SNTH","259.59","72.73336685101390983743924920395508630803","1.2765","1.0389","-.495","-.3975","11.1357","5.8343","Hedge Fund - Broad","Hedge Fund ETFs"
"Tradr 2X Long SNDK Daily ETF","SNXX","1774.65","25.13219826834795746411761287698297402522",".3566","34.8993","9.324","-54.7588","254.5152","0","Derivative Based ETF","Single Stock ETF"
"Amplify Samsung SOFR ETF","SOFR","452.7","4.20382165605095541401273885350318471338","-.017",".3169",".0671",".9199","1.7973","3.6864","US Treasury - Ultra Short","Money Market/Ultra-Short Term ETFs"
"Direxion Daily Semiconductor Bull 3X ETF","SOXL","18207.12","29.26873724117818606007582385535141440653",".3667","-8.5425","-13.2548","-61.9519","99.8128","328.5431","Derivative Based ETF","Leveraged Equity ETFs"
"Invesco PHLX Semiconductor ETF","SOXQ","2951.27","63.11863434227513986515564481423038301535",".1456","-.6446","-4.4463","-18.3452","46.3679","103.4576","Technology  - Semiconductors","Technology ETFs"
"Direxion Daily Semiconductor Bear 3X ETF","SOXS","1498.83","1.40391927464170810178414741152383737935","-.4438","-2.7882","13.7817","5.8554","-84.6806","-95.0285","Derivative Based ETF","Inverse Equity ETFs"
"iShares Semiconductor ETF","SOXX","40892.43","62.54289636238846945778997940974605353466",".1516","-1.0794","-4.4211","-18.3857","50.1555","108.4027","Technology  - Semiconductors","Technology ETFs"
"State Street SPDR Portfolio Aggregate Bond ETF","SPAB","10165.29","4.09836065573770491803278688524590163934",".0801",".392","-.4789","-.5678","-1.5903","1.7151","Total Bond Market - Broad","Total Bond Market ETFs"
"State Street SPDR Portfolio Corporate Bond ETF","SPBO","2135.5","4.59770114942528735632183908045977011494",".2127",".4124","-.5472","-1.0023","-1.5339","1.7674","Corporates - Investment Grade","Investment Grade Corporate Bond ETFs"
"Leverage Shares 2X Long SPCX Daily ETF","SPCH","297.81","46.27329192546583850931677018633540372671","12.5556","55.6068","12.1816","0","0","0","Derivative Based ETF","Single Stock ETF"
"Direxion Daily S&P 500 Bear 1X ETF","SPDN","256.37","4.34782608695652173913043478260869565217","-1.0514","-1.5116","-.1179","-1.2673","-10.1256","-12.6524","Derivative Based ETF","Inverse Equity ETFs"
"State Street SPDR Portfolio Developed World ex-US ETF","SPDW","42032.16","98.07135969141755062680810028929604628737","1.1454","3.4962",".1153","3.4307","11.486","29.3199","Foreign Large Blend ETF","Foreign Large Blend ETF"
"State Street SPDR Portfolio Emerging Markets ETF","SPEM","17818.53","95.44924154025670945157526254375729288215",".4168","3.6573",".208","1.6863","11.5392","22.1581","Geographic - Broad Emerging Markets","Broad Emerging Market ETFs"
"State Street SPDR Portfolio Europe ETF","SPEU","731.66","90.57088593453245447436040665847391352921",".8653",".8116","-.5884","5.4935","8.6952","20.9883","Geographic - Broad Europe","European Equity ETFs"
"State Street SPDR Portfolio MSCI Global Stock Market ETF","SPGM","1753.93","97.23430702299564947172156619018023617154","1.0715","2.5643",".1306","2.6478","13.4174","24.7547","Global Large-Cap Blend Equity ETF","Global Large-Cap Blend Equity ETF"
"Invesco S&P 500 GARP ETF","SPGP","2244.47","88.45843422114608555286521388216303470541",".8957","-.7864","-.9655","4.9907","11.3399","13.5132","Style Box - Large Cap Growth","Style Box - Large Cap Growth"
"Invesco S&P 500 High Beta ETF","SPHB","897.67","79.88131699846860643185298621745788667688","1.3373","1.9803","-2.2001","-3.7648","22.1479","41.898","Strategy - Beta","Style Box - Large Cap Blend"
"Invesco S&P 500 High Dividend Low Volatility ETF","SPHD","3424.66","86.9499241274658573596358118361153262519",".1902",".6461","-.0379","8.6916","3.6089","12.0827","Style Box - Large Cap Value","Style Box - Large Cap Value"
"Invesco S&P 500 Quality ETF","SPHQ","18797.75","73.07692307692307692307692307692307692308",".4247","-.0117","-1.184","-1.1647","7.9956","19.6819","Strategy - Dividend Growth","Style Box - Large Cap Blend"
"State Street SPDR Portfolio High Yield Bond ETF","SPHY","11944.87","12.08791208791208791208791208791208791209",".1296","1.0604","-.2125","1.0462","2.2003","4.6828","Corporates - Junk/High Yield","High-Yield/Junk Bond ETFs"
"State Street SPDR Portfolio Intermediate Term Corporate Bond ETF","SPIB","11600.07","4.76190476190476190476190476190476190476",".0912",".3189","-.4556","-.1752","-.6673","2.2103","Corporates- Intermediate Term","Investment Grade Corporate Bond ETFs"
"State Street SPDR Portfolio TIPS ETF","SPIP","1021.64","4.54545454545454545454545454545454545455",".1597",".9899","-.4367","-.8346","-.7201","1.0293","US Treasury - TIPS","Inflation-Protected Bond ETFs"
"State Street SPDR Portfolio Long Term Corporate Bond ETF","SPLB","1237.81","2.9535864978902953586497890295358649789",".1882",".2962","-1.009","-3.0761","-3.8732","-.0279","Long-Term Bond ETF","Long-Term Bond ETF"
"Invesco S&P 500 Low Volatility ETF","SPLV","7086.73","64.40677966101694915254237288135593220339",".7769","-1.0867",".1597","5.5242","-1.1967","5.0868","Style Box - Large Cap Blend","Style Box - Large Cap Blend"
"State Street SPDR Portfolio Mortgage Backed Bond ETF","SPMB","7100.23","4",".1833",".4696","-.5836","-.4798","-1.5733","2.819","Asset Backed - MBS","Mortgage-Backed Security ETFs"
"State Street SPDR Portfolio S&P 400 Mid Cap ETF","SPMD","18541.49","82.17270194986072423398328690807799442897",".8356","-.4798","-1.191","1.0351","7.3939","18.3162","Style Box - Mid Cap Blend","Style Box - Mid Cap Blend"
"Invesco S&P 500 Momentum ETF","SPMO","22084.17","73.52285395763656633221850613154960981048",".7312","1.4173","-.8008","-4.7939","24.1203","28.4358","Strategy - Momentum","Style Box - Large Cap Growth"
"SP Funds S&P Global REIT Sharia ETF","SPRE","208.28","54.48028673835125448028673835125448028674",".0487","-4.2668","-3.1604","-.3317",".5379","11.3958","Real Estate   - REITs","Real Estate ETFs"
"Spear Alpha ETF","SPRX","203.28","37.25367776173566941116790884613883794436",".8028","-4.089","-8.3493","-26.2057","11.9327","28.4373","Strategy - Socially Responsible","Style Box - All Cap Growth"
"State Street SPDR Portfolio Short Term Corporate Bond ETF","SPSB","10489.06","7.27272727272727272727272727272727272727",".0671",".5633","-.1295",".7186",".8717","3.1202","Short-Term Bond ETF","Short-Term Bond ETF"
"SP Funds Dow Jones Global Sukuk ETF","SPSK","659.63","7.52688172043010752688172043010752688172","0",".1792","-.4464","-.0222","-.4825","1.0451","Total Bond Market - Broad","Total Bond Market ETFs"
"State Street SPDR Portfolio S&P 600 Small Cap ETF","SPSM","16825.16","85.27027027027027027027027027027027027027",".3386","-2.0699","-1.3319","4.9611","12.5219","25.1047","Style Box - Small Cap Blend","Style Box - Small Cap Blend"
"State Street SPDR Portfolio Treasury ETF","SPTB","477.01","3.35570469798657718120805369127516778523",".1358",".4694","-.4053","-.3534","-1.7767","1.0988","US Treasury - Intermediate Term","Government Bond ETFs"
"SP Funds S&P Global Technology ETF","SPTE","232.61","84.47255551332862804712525109940821977306",".8257","4.3068","-.6136","-4.4726","31.6183","51.9241","Technology  - broad","Technology ETFs"
"State Street SPDR Portfolio Intermediate Term Treasury ETF","SPTI","10646.35","3.67647058823529411764705882352941176471",".1435",".2412","-.4837","-.2892","-1.7773",".6107","US Treasury - Intermediate Term","Government Bond ETFs"
"State Street SPDR Portfolio Long Term Treasury ETF","SPTL","11033.22","5.79710144927536231884057971014492753623",".1598",".7045","-.8138","-2.2126","-5.3804","-.1762","US Treasury - Long Term","Government Bond ETFs"
"State Street SPDR Portfolio S&P 1500 Composite Stock Market ETF","SPTM","14133.66","95.62002275312855517633674630261660978385","1.0355","1.7931",".139","2.7794","13.7553","21.2344","Style Box - All Cap Blend","Style Box - All Cap Blend"
"State Street SPDR Portfolio Short Term Treasury ETF","SPTS","7314.52","5.17241379310344827586206896551724137931",".0694",".5015","-.1285",".5639",".472","2.4372","US Treasury - Short Term","Government Bond ETFs"
"Simplify US Equity Income ETF","SPUC","234.08","75.92997811816192560175054704595185995624","1.1161","1.8418",".1206","3.1493","13.7344","18.2236","Style Box - Large Cap Blend","Style Box - Large Cap Blend"
"SP Funds S&P 500 Sharia Industry Exclusions ETF","SPUS","3124.45","97.27838258164852255054432348367029548989",".9212","3.5263","-.2024",".4034","17.6438","26.9821","Style Box - All Cap Blend","Style Box - All Cap Blend"
"Direxion Daily S&P 500 Bull 2X ETF","SPUU","286.7","95.18120270808442851453604141776184786937","2.0052","3.3466",".4496","3.6493","26.1223","37.4847","Derivative Based ETF","Leveraged Equity ETFs"
"SP Funds S&P World (ex-US) ETF","SPWO","222.8","82.86852589641434262948207171314741035857",".6942","3.553","-1.1848","-3.0545","13.9898","36.6553","Foreign Large Growth ETF","Foreign Large Growth ETF"
"Direxion Daily S&P 500 Bull 3X ETF","SPXL","6912.95","94.2813572245520396492565764391917651544","3.0799","5.0665",".5475","4.3765","37.8061","54.1518","Derivative Based ETF","Leveraged Equity ETFs"
"Direxion Daily S&P 500 Bear 3X ETF","SPXS","348.89","2.74963820549927641099855282199710564399","-3.0534","-5.1494","-.6178","-6.9191","-31.5202","-40.3016","Derivative Based ETF","Inverse Equity ETFs"
"ProShares S&P 500 Ex-Technology ETF","SPXT","297.03","95.59735136658213581290504367427444350521",".8216",".2969",".619","5.8543","5.9951","14.6878","Style Box - Large Cap Blend","Style Box - Large Cap Blend"
"ProShares UltraPro Short S&P500","SPXU","391.85","2.75482093663911845730027548209366391185","-3.039","-5.1598","-.6463","-6.7554","-31.5356","-40.088","Derivative Based ETF","Inverse Equity ETFs"
"State Street SPDR S&P 500 ETF Trust","SPY","808569.06","96.77198272907956959769721060927969296141","1.0468","2.0457",".2684","2.7622","14.1902","21.2749","Style Box - Large Cap Blend","Style Box - Large Cap Blend"
"State Street SPDR Portfolio S&P 500 High Dividend ETF","SPYD","7678.91","90.71100917431192660550458715596330275229",".2412",".0803","-.2201","6.7164","6.9895","16.4742","Style Box - Large Cap Value","Style Box - Large Cap Value"
"State Street SPDR Portfolio S&P 500 Growth ETF","SPYG","54181.64","94.74940334128878281622911694510739856802","1.322","1.8385",".0164",".6587","18.9035","22.9289","Style Box - Large Cap Growth","Style Box - Large Cap Growth"
"NEOS S&P 500 High Income ETF","SPYI","11705.58","93.47319347319347319347319347319347319347",".784","2.0058",".3905","3.3333","10.5895","17.3609","Style Box - Large Cap Blend","Style Box - Large Cap Blend"
"State Street SPDR Portfolio S&P 500 ETF","SPYM","169723.41","96.79860302677532013969732246798603026775","1.0436","2.0406",".2865","2.7466","14.2328","21.3783","Style Box - Large Cap Blend","Style Box - Large Cap Blend"
"MAX S&P 500 4X Leveraged ETN","SPYU","552.48","91.75093134646088344864289515699840340607","4.0834","5.4268",".4191","1.3536","40.117","50.1253","Style Box - Large Cap Blend","Leveraged Equity ETFs"
"State Street SPDR Portfolio S&P 500 Value ETF","SPYV","36744.19","99.89733059548254620123203285420944558522",".7414","2.307",".5986","5.4391","9.1742","19.4883","Style Box - Large Cap Value","Style Box - Large Cap Value"
"State Street SPDR S&P 500 Fossil Fuel Reserves Free ETF","SPYX","2837.52","96.58536585365853658536585365853658536585","1.1008","1.8319",".1739","2.9594","14.2669","20.6281","Strategy - Socially Responsible","Style Box - Large Cap Blend"
"ProShares UltraPro Short QQQ","SQQQ","2031.21","4.30872986137130011240164855751217684526","-3.45","-7.4584","1.4957","4.8068","-45.6346","-52.9348","Derivative Based ETF","Inverse Equity ETFs"
"Sapient Quality Select ETF","SQS","1404.19","91.07635694572217111315547378104875804968","1.0467","1.4426",".6574",".7999","0","0","Style Box - Large Cap Blend","Style Box - Large Cap Blend"
"Global X SuperDividend REIT ETF","SRET","229.21","45.26029526029526029526029526029526029526",".2044","-1.8217","-1.1867","3.3129","1.77","9.9181","Real Estate   - Broad","Real Estate ETFs"
"SRH U.S. Quality GARP ETF","SRHQ","220.35","96.68974963853588007000989270222966288715",".9136","2.9594","-.4963","13.2097","20.696","31.3789","Style Box - Large Cap Blend","Style Box - Large Cap Blend"
"State Street Blackstone Senior Loan ETF","SRLN","5501.23","46.5",".1235","1.9236",".0115","2.2438","5.8528","5.0937","Corporates - Bank Loan","High-Yield/Junk Bond ETFs"
"Pacer Data & Infrastructure Real Estate ETF","SRVR","343.58","27.05065926439972241498959056210964607911","1.9038","-.2519","-2.4713","-8.4087","-4.3417","4.2803","Real Estate   - REITs","Real Estate ETFs"
"ProShares Ultra S&P500","SSO","8996.49","95.09803921568627450980392156862745098039","2.0592","3.5248",".4221","3.6357","25.6352","37.1303","Derivative Based ETF","Leveraged Equity ETFs"
"Day Hagan Smart Sector ETF","SSUS","580.43","96.44691780821917808219178082191780821918","1.0334","2.5267",".0442","1.3156","15.8277","21.9935","Style Box - All Cap Blend","Style Box - All Cap Blend"
"Schwab Crypto Thematic Natural Language Processing ETF","STCE","216.51","34.90464135021097046413502109704641350211","9.1724","7.0707",".872","-12.1655","26.1495","17.9746","Digital Economy ETF","Digital Economy ETF"
"iShares 0-5 Year TIPS Bond ETF","STIP","16182.49","6.94444444444444444444444444444444444444",".0993",".9336","-.109","-.0443","1.129","2.3087","US Treasury - TIPS","Inflation-Protected Bond ETFs"
"State Street DoubleLine Short Duration Total Return Tactical ETF","STOT","530.76","3.91061452513966480446927374301675977654",".0429",".609","-.1037",".6009",".8518","3.0109","Short-Term Bond ETF","Short-Term Bond ETF"
"Horizon Core Equity ETF","STOX","226.49","97.7064220183486238532110091743119266055","1.0972","2.0893",".5926","3.4815","13.7165","21.7395","Derivative Based ETF","Style Box - Large Cap Blend"
"PIMCO 1-5 Year U.S. TIPS Index ETF","STPZ","534.33","3.41463414634146341463414634146341463415",".0952",".8375","-.2277","-.2202",".7208","1.734","US Treasury - TIPS","Inflation-Protected Bond ETFs"
"Strive 500 ETF","STXF","1167.49","92.44186046511627906976744186046511627907","1.0714","2.1868",".2607","0","0","0","Style Box - Large Cap Blend","Style Box - Large Cap Blend"
"iShares ESG Optimized MSCI USA ETF","SUSA","4103.18","95.44592030360531309297912713472485768501",".9923","2.353","-.5668","2.9823","15.0904","21.8895","Strategy - Socially Responsible","Style Box - All Cap Growth"
"iShares ESG Aware 1-5 Year USD Corporate Bond ETF","SUSB","1300.9","6.38297872340425531914893617021276595745",".1418",".5289","-.2184",".3353",".1172","2.5265","Strategy - Socially Responsible","Investment Grade Corporate Bond ETFs"
"iShares ESG Aware USD Corporate Bond ETF","SUSC","1286.18","3.81679389312977099236641221374045801527",".1332",".3403","-.5982","-1.0404","-1.6653","1.5057","Strategy - Socially Responsible","Investment Grade Corporate Bond ETFs"
"iShares ESG MSCI USA Leaders ETF","SUSL","1209.84","98.60559157777312974970368821027679007181","1.335","2.4479","-.2312","5.0285","16.3549","23.986","Strategy - Socially Responsible","Style Box - All Cap Blend"
"iShares US Small Cap Value Factor ETF","SVAL","212.74","93.98373983739837398373983739837398373984",".2395",".3181",".092","10.0088","17.144","31.4524","Style Box - Small Cap Value","Style Box - Small Cap Value"
"Simplify Volatility Premium ETF","SVOL","532.5","47.98761609907120743034055727554179566563",".6647","7.4192","1.3382","9.2385","11.2189","17.5029","Derivative Based ETF","Inverse Volatility ETFs"
"Proshares Short VIX Short-Term Futures ETF","SVXY","256.44","100","1.063","9.3375","1.1914","16.0926","25.295","31.016","Volatilty - Inverse Volatility","Inverse Volatility ETFs"
"AB Short Duration High Yield ETF","SYFI","958.53","35.39823008849557522123893805309734513274",".1099",".9","-.1309","1.2104","2.5689","4.5894","Total Bond Market - Broad","Total Bond Market ETFs"
"Cambria Shareholder Yield ETF","SYLD","1027.51","100",".3863","3.3543",".665","11.2621","15.3117","27.8347","Style Box - Large Cap Value","Style Box - Large Cap Value"
"iShares Systematic Bond ETF","SYSB","1257.01","4.41988950276243093922651933701657458564",".1154",".6011","-.5221","-.3369","-1.5219","1.9444","Total Bond Market - Broad","Total Bond Market ETFs"
"Fairlead Tactical Sector ETF","TACK","305.12","93.11751210808055059903135355595207749172",".3071","2.2636","-.2656","4.6728","4.5669","14.528","Multi-Asset - Total Portfolio","Total Portfolio ETFs"
"T. Rowe Price QM U.S. Bond ETF","TAGG","2578.98","2.65700483091787439613526570048309178744",".1321",".1287","-.5369","-.4359","-1.6456","2.0281","Total Bond Market - Broad","Total Bond Market ETFs"
"Invesco Solar ETF","TAN","1044.19","18.47589424572317262830482115085536547434",".952","-6.8696","-4.0611","-32.1098","-12.3921","14.7943","Strategy - Socially Responsible","Alternative Energy ETFs"
"Thornburg American Opportunities Fund","TAOZ","497.84","91.89527298722187472075775176481100884639",".991","3.0827",".0414","7.3352","0","0","Style Box - Large Cap Value","Style Box - Large Cap Value"
"BondBloxx IR+M Tax-Aware Short Duration ETF","TAXX","284.81","7.14285714285714285714285714285714285714",".1093",".5886","-.087",".4296",".5801","3.1485","Short-Term Bond ETF","Short-Term Bond ETF"
"Brinsmere Fund - Conservative ETF","TBFC","361.02","89.14983560356975105683419445749178017849",".4318","1.1159","-.1015",".124","3.4307","10.4735","Conservative","Total Portfolio ETFs"
"Brinsmere Fund - Growth ETF","TBFG","388.67","96.00446428571428571428571428571428571429",".6703","1.938",".009","1.1391","8.3407","18.4459","Multi-Asset - Total Portfolio","Total Portfolio ETFs"
"TBG Dividend Focus ETF","TBG","282.51","94.64788732394366197183098591549295774648",".2281","2.3554","-.0511","7.4505","8.8323","20.4008","Style Box - Large Cap Value","Style Box - Large Cap Value"
"F/m US Treasury 3 Month Bill ETF","TBIL","7194.5","27.77777777777777777777777777777777777778",".0401",".3291",".3694",".9445","1.8499","3.7146","US Treasury - Ultra Short","Government Bond ETFs"
"Invesco Short Term Treasury ETF","TBLL","2855.72","46.51162790697674418604651162790697674419",".0189",".337",".0473",".9176","1.7807","3.6538","US Treasury - Ultra Short","Money Market/Ultra-Short Term ETFs"
"ProShares UltraShort 20+ Year Treasury","TBT","301.98","88.63013698630136986301369863013698630137","-1.2135",".2358","2.1629","7.2834","16.7404","8.5454","Derivative Based ETF","Inverse Bond ETFs"
"T. Rowe Price Ultra Short-Term Bond ETF","TBUX","1514.56","36.11111111111111111111111111111111111111",".0201",".3557","0","1.0317","1.9649","4.304","Ultra short Bond ETF","Ultra short Bond ETF"
"T. Rowe Price Capital Appreciation Equity ETF","TCAF","8380.22","100",".7498","2.065",".1164","5.6252","15.004","17.1662","Style Box - Large Cap Blend","Style Box - Large Cap Blend"
"Tortoise AI Infrastructure ETF","TCAI","228.74","60.49298820040773460184098350528201643294","1.4493","-4.6322","-2.8608","-19.1829","29.2614","77.8081","Utilities  - Infrastructure","Utilities/Infrastructure ETFs"
"T. Rowe Price Capital Appreciation Premium Income ETF","TCAL","308.2","36.2745098039215686274509803921568627451",".3942","1.467","-.4144","8.4369","2.3036","5.0405","Derivative Based ETF","Derivative Based ETF"
"T. Rowe Price Blue Chip Growth ETF","TCHP","2164.38","79.22568460812086874409820585457979225685","1.0941","1.6807","-.3725","-1.9865","9.3844","7.7837","Style Box - All Cap Growth","Style Box - All Cap Growth"
"Thrivent Core Plus Bond ETF","TCPB","486.77","3.75968992248062015503875968992248062016",".1752","-.0922","-.5597","-.5087","-1.3872","2.3043","Total Bond Market - Broad","Total Bond Market ETFs"
"Towle Value ETF","TCV","204.38","90.87557603686635944700460829493087557604",".3316",".241","-.2697","4.1139","15.4633","31.0894","Style Box - Large Cap Value","Style Box - Large Cap Value"
"TappAlpha Innovation 100 Growth & Daily Income ETF","TDAQ","327.45","64.84018264840182648401826484018264840183","1.5038","2.7485","-.2217","-3.4","17.3401","0","Derivative Based ETF","Long-Short ETFs"
"Touchstone Dynamic International ETF","TDI","450.63","98.84152812168376370711001061195613724797","1.0224","4.7992",".114","3.2344","12.5294","32.6009","Foreign Large Blend ETF","Foreign Large Blend ETF"
"First Trust NASDAQ Technology Dividend ETF","TDIV","4379.36","66.77307794626230380420324554402766693269","1.0573","3.3538","-.5153","-7.7475","19.7887","28.5656","Technology  - broad","Technology ETFs"
"Northern Trust iBoxx 5-Year Target Duration TIPS ETF","TDTF","1046.25","2.95608108108108108108108108108108108108",".129",".7624","-.449","-.6258","-.3635",".9213","US Treasury - Intermediate Term","Inflation-Protected Bond ETFs"
"Northern Trust iBoxx 3-Year Target Duration TIPS ETF","TDTT","2529.57","4.21052631578947368421052631578947368421",".085",".9061","-.1696","-.2961",".755","1.5944","US Treasury - Intermediate Term","Inflation-Protected Bond ETFs"
"ProShares S&P Technology Dividend Aristocrats ETF","TDV","274.36","80.61159650516282764098490865766481334392",".9418","2.0998","-1.1428","-3.9176","16.0139","23.1137","Strategy - Dividend Growth","Technology ETFs"
"T. Rowe Price Dividend Growth ETF","TDVG","1453.7","92.42021276595744680851063829787234042553",".6224",".7437",".0999","4.2653","8.032","17.4529","Strategy - Dividend Growth","Style Box - Large Cap Blend"
"FT Vest Technology Dividend Target Income ETF","TDVI","569.77","58.75127942681678607983623336745138178096",".993","3.273","-.4106","-7.9659","18.4768","26.9801","Technology  - broad","Technology ETFs"
"iShares U.S. Tech Breakthrough Multisector ETF","TECB","495.42","97.63237193284545845888936719758932414981","1.6346","6.756","-.7158","4.7597","33.5553","32.0997","Style Box - All Cap Growth","Style Box - All Cap Growth"
"Direxion Daily Technology Bull 3X ETF","TECL","5659.84","63.37877708820836300742700172957574524367","3.8487","11.0627","-4.4479","-23.9912","105.4235","110.1656","Derivative Based ETF","Leveraged Equity ETFs"
"T. Rowe Price Equity Income ETF","TEQI","474.19","100",".7909","1.1196","1.1389","7.7066","13.9688","23.4334","Style Box - Large Cap Value","Style Box - Large Cap Value"
"Thornburg Focus Growth Fund","TFGZ","211.74","65.87189616252821670428893905191873589165",".9139","-1.7085","-3.6267","-1.5996","0","0","Style Box - All Cap Growth","Style Box - All Cap Growth"
"iShares Treasury Floating Rate Bond ETF","TFLO","6647.12","42.30769230769230769230769230769230769231","0",".6399",".0857",".9664","1.9045","3.8527","US Treasury - Intermediate Term","Government Bond ETFs"
"T. Rowe Price Floating Rate ETF","TFLR","764.15","40.57142857142857142857142857142857142857",".0789","1.0067",".1975","1.5369","4.4152","4.9496","Corporates - Floating Rate","High-Yield/Junk Bond ETFs"
"T. Rowe Price Growth ETF","TGRT","1577.3","90.85303186022610483042137718396711202467","1.1058","1.8812","-.4908","-.1071","12.6955","11.1296","Style Box - Large Cap Growth","Style Box - Large Cap Growth"
"T. Rowe Price Growth Stock ETF","TGRW","1005.92","81.47169811320754716981132075471698113208","1.3451","1.8677","-.2368","-2.2118","11.4555","8.9935","Style Box - All Cap Growth","Style Box - All Cap Growth"
"iShares MSCI Thailand ETF","THD","342.48","88.88888888888888888888888888888888888889","1.4424",".2605","-.8002","1.0322","7.5654","28.9472","Geographic - Thailand","Asia-Pacific (Emerging) ETFs"
"THOR Index Rotation ETF","THIR","205.09","89.34599156118143459915611814345991561181","1.0842","1.4261",".2762","-.7338","6.4989","14.184","Target Outcome","Total Portfolio ETFs"
"ROBO Global Artificial Intelligence ETF","THNQ","432.07","87.14285714285714285714285714285714285714","1.9378","2.864","-3.6834","-2.2195","46.6066","52.9241","Artificial Intelligence and Robotics ETF","Artificial Intelligence and Robotics ETF"
"iShares U.S. Thematic Rotation Active ETF","THRO","6764.16","97.85407725321888412017167381974248927039","1.1205","2.3137",".6143","1.8357","16.969","20.5225","Style Box - Large Cap Growth","Style Box - Large Cap Growth"
"T. Rowe Price U.S. High Yield ETF","THYF","845.71","26.51296829971181556195965417867435158501",".0196",".2104","-.448",".7316","1.9305","4.2083","Corporates - Junk/High Yield","High-Yield/Junk Bond ETFs"
"The Investment House ETF","TIH","657.23","98.41549295774647887323943661971830985915","1.197","0",".453","0","0","0","Style Box - Large Cap Growth","Style Box - Large Cap Growth"
"Thrivent International Large Cap ETF","TILC","861.89","89.86975397973950795947901591895803183792","1.0076","1.8363",".25","0","0","0","Foreign Large Blend ETF","Foreign Large Blend ETF"
"Northern Trust Morningstar US Market Factor Tilt ETF","TILT","2232.27","95.63636363636363636363636363636363636364",".9969","1.697",".0905","4.1777","13.8173","22.525","Style Box - All Cap Blend","Style Box - All Cap Blend"
"iShares TIPS Bond ETF","TIP","15045.89","4.23572744014732965009208103130755064457",".131",".865","-.4095","-.845","-.7347",".9965","US Treasury - TIPS","Inflation-Protected Bond ETFs"
"State Street SPDR Bloomberg 1-10 Year TIPS ETF","TIPX","2064.98","3.7037037037037037037037037037037037037",".1616",".8514","-.3215","-.4427",".1682","1.4234","US Treasury - Intermediate Term","Inflation-Protected Bond ETFs"
"iShares 10-20 Year Treasury Bond ETF","TLH","11039.42","4.5258620689655172413793103448275862069",".1765",".7575","-.7563","-1.688","-4.6476",".242","US Treasury - Long Term","Government Bond ETFs"
"iShares 20+ Year Treasury Bond ETF","TLT","46998.33","6.72268907563025210084033613445378151261",".1464",".6389","-.8966","-2.6689","-6.0393","-.7043","US Treasury - Long Term","Government Bond ETFs"
"Northern Trust Mrngstr Developed Markets ex-US Factor Tilt ETF","TLTD","685.78","98.89872483928759616397934450416271472231","1.3936","3.7807",".496","6.3254","9.2462","25.7352","Foreign Large Value ETF","Foreign Large Value ETF"
"Northern Trust Morningstar Emerging Markets Factor Tilt ETF","TLTE","356.67","86.99266252757966032120683462466006465185",".5688","5.9038",".4703","-1.4871","12.4866","32.8353","Geographic - Broad Emerging Markets","Broad Emerging Market ETFs"
"iShares 20+ Year Treasury Bond BuyWrite Strategy ETF","TLTW","1814.87","4.60526315789473684210526315789473684211",".715",".2967","-.7406","-2.0068","-3.5744","4.1991","Derivative Based ETF","Government Bond ETFs"
"Main Thematic Innovation ETF","TMAT","243.06","61.40155728587319243604004449388209121246",".5394","-1.3235","-5.4447","-9.1618","13.751","11.4607","Technology  - broad","Technology ETFs"
"Thornburg Multi Sector Bond ETF","TMB","259.44","2.49376558603491271820448877805486284289",".0597",".1648","-.3694",".1072","-.4325","2.5903","Total Bond Market - Broad","Total Bond Market ETFs"
"Direxion Daily 20+ Year Treasury Bull 3X ETF","TMF","2161.02","6.56883298392732354996505939902166317261",".5227","-.3562","-2.7497","-10.5828","-22.1878","-13.5655","Derivative Based ETF","Leveraged Bond ETFs"
"Motley Fool 100 Index ETF","TMFC","2077.96","97.32360097323600973236009732360097323601","1.253","1.5615",".3009","2.7881","15.8245","18.6529","Style Box - Large Cap Growth","Style Box - Large Cap Growth"
"Motley Fool Global Opportunities ETF","TMFG","347.2","80.71703463641887786104922017419485517521","1.1864","-1.6113","-.6804","2.0285","5.8516","3.4265","Global Large-Cap Growth Equity ETF","Global Large-Cap Growth Equity ETF"
"T. Rowe Price Small-Mid Cap ETF","TMSL","2957.4","81.36645962732919254658385093167701863354",".6368","-1.0895","-1.9306","2.0325","11.3227","23.5379","Style Box - All Cap Blend","Style Box - All Cap Blend"
"Direxion Daily 20+ Year Treasury Bear 3X ETF","TMV","203.13","87.86127167630057803468208092485549132948","-.4908",".094","3.0743","11.137","26.0845","13.0364","Derivative Based ETF","Inverse Bond ETFs"
"Thrivent Mid Cap Value ETF","TMVE","293.54","89.75397973950795947901591895803183791606",".5621","-.2565","-.2509","3.1421","9.7008","0","Style Box - Mid Cap Value","Style Box - Mid Cap Value"
"Direxion Daily Small Cap Bull 3X ETF","TNA","1231.19","80.62015503875968992248062015503875968992","1.1664","-2.2814","-4.854","4.1642","35.2881","69.7565","Derivative Based ETF","Leveraged Equity ETFs"
"Tortoise Energy Fund","TNGY","589.28","97.33840304182509505703422053231939163498","-.6098","10.0289","3.0155","11.9146","13.4932","31.5482","Energy - Broad","Energy ETFs"
"Twin Oak Active Opportunities III ETF","TOAO","442.16","88.66256725595695618754803996925441967717",".8439","1.4233","-.3423","5.906","0","0","Multi-Asset - Total Portfolio","Total Portfolio ETFs"
"iShares MSCI Kokusai ETF","TOK","246.83","96.69320946693209466932094669320946693209",".9406","1.7705",".1041","3.362","13.0328","20.8918","Global Large-Cap Blend Equity ETF","Global Large-Cap Blend Equity ETF"
"iShares Top 20 U.S. Stocks ETF","TOPT","667.29","96.60766961651917404129793510324483775811","1.2437","2.9199","1.6048",".6927","14.2565","18.2112","Style Box - Large Cap Growth","Style Box - Large Cap Growth"
"State Street DoubleLine Total Return Tactical ETF","TOTL","3917.15",".8368200836820083682008368200836820083682",".052",".4406","-.6173","-.7746","-2.2029",".8085","Total Bond Market - Broad","Total Bond Market ETFs"
"T. Rowe Price Total Return ETF","TOTR","572.25","5.2658227848101265822784810126582278481",".1754",".4771","-.1799","-.269","-1.2118","1.9393","Total Bond Market - Broad","Total Bond Market ETFs"
"T. Rowe Price International Equity ETF","TOUS","1675.5","95.04685408299866131191432396251673360107",".9121","1.9191",".0502","5.5938","10.8236","21.2112","Foreign Large Blend ETF","Foreign Large Blend ETF"
"JLens 500 Jewish Advocacy U.S. ETF","TOV","283.38","96.41993226898887276245766811804547653604","1.1173","2.1573",".0922","2.5323","14.5137","21.3174","Style Box - Large Cap Blend","Style Box - Large Cap Blend"
"Timothy Plan High Dividend Stock ETF","TPHD","365.26","92.4086223055295220243673851921274601687",".5088",".446",".2075","5.1475","2.6563","14.4281","Style Box - Large Cap Value","Style Box - Large Cap Value"
"Timothy Plan International ETF","TPIF","269.5","97.47912399558846699227981723648968016386","1.2727","2.4974",".0257","4.5032","7.2668","22.5403","Volatilty - Inverse Volatility","Broad Developed World ETFs"
"Timothy Plan US Large/Mid Cap Core ETF","TPLC","311.39","84.81781376518218623481781376518218623482",".7351","-.0987","-1.1696","3.0522","4.5495","12.3319","Style Box - Large Cap Blend","Style Box - Large Cap Blend"
"Timothy Plan US Small Cap Core ETF","TPSC","377.76","84.87066861883845778428501708150317227916",".5324","-1.0889","-1.0153","6.0855","8.2833","17.0248","Volatilty - Inverse Volatility","Style Box - Small Cap Blend"
"Tortoise North American Pipeline Fund","TPYP","896.61","90.90029041626331074540174249757986447241","-.4378","1.9001",".6254","4.1602","4.6247","25.9449","Energy - MLP","MLP ETFs"
"ProShares UltraPro QQQ","TQQQ","35061","69.20737887695114534765862558280964930063","3.4914","5.9888","-1.7326","-16.5882","50.2554","62.5122","Derivative Based ETF","Leveraged Equity ETFs"
"Pacer Data and Digital Revolution ETF","TRFK","1025.15","64.58534699400734583413879760293833365552",".734","1.9728","-2.6861","-14.6916","50.3923","52.6382","Technology  - broad","Technology ETFs"
"AAM Transformers ETF","TRFM","264.04","76.35336743393009377664109121909633418585","1.2097","-.4205","-3.1145","-5.4083","22.0025","31.9683","Technology  - broad","Technology ETFs"
"Cambria Trinity ETF","TRTY","283.31","100",".3374","3.6964",".8192","3.6769","6.7471","21.2302","Absolute Returns ","Total Portfolio ETFs"
"VanEck Technology TruSector ETF","TRUT","207.11","86.76484382328111809398743082262451927587","1.251","5.0755","-.4696","-2.6735","29.7539","32.8147","Technology  - broad","Technology ETFs"
"Direxion Daily TSLA Bull 2X ETF","TSLL","3577.94","22.34499693063228974831184775936157151627","10.7791","32.9065","11.493","-30.1474","-24.1813","-7.4493","Derivative Based ETF","Single Stock ETF"
"YieldMax TSLA Option Income Strategy ETF","TSLY","668.51","8.53746397694524495677233429394812680115","3.5287","10.6559","5.1002","-12.0982","-6.0983","15.7982","Derivative Based ETF","Single Stock ETF"
"Thrivent Small-Mid Cap Equity ETF","TSME","876.66","65.53956834532374100719424460431654676259","1.4932","-3.8011","-1.6739","-1.9373","6.3478","15.5135","Style Box - All Cap Blend","Style Box - All Cap Blend"
"Direxion Daily TSM Bull 2X ETF","TSMX","563.85","58.5708041958041958041958041958041958042",".5175","3.5909","-5.141","-16.0661","19.9785","145.7789","Derivative Based ETF","Single Stock ETF"
"T. Rowe Price U.S. Equity Research ETF","TSPA","4498.93","97.00214132762312633832976445396145610278","1.1199","1.987",".3499","2.394","14.1386","20.4545","Style Box - All Cap Blend","Style Box - All Cap Blend"
"Twin Oak Active Opportunities ETF","TSPX","243.32","96.77074422583404619332763045337895637297",".8844","1.643",".1894","2.3243","11.19","14.3475","Multi-Asset - Total Portfolio","Total Portfolio ETFs"
"TappAlpha S&P 500 Growth & Daily Income ETF","TSPY","322.7","79.48717948717948717948717948717948717949","1.0281","1.6147",".2226","1.93","12.2893","18.2716","Derivative Based ETF","Derivative Based ETF"
"T. Rowe Price Exchange-Traded Funds, Inc.","TTEQ","442.33","76.06060606060606060606060606060606060606","1.1793","2.6835","-1.7218","-7.952","32.2694","37.2095","Technology  - broad","Technology ETFs"
"Simplify Short Term Treasury Futures Strategy ETF","TUA","520.56","5.27472527472527472527472527472527472527",".324","-.4195","-1.1057","-1.2421","-6.2213","-5.6668","US Treasury - Intermediate Term","Government Bond ETFs"
"iShares MSCI Turkey ETF","TUR","221.48","59.7972972972972972972972972972972972973","-1.4412","2.7954","-3.8243",".7382","1.7513","18.8256","Geographic - Turkey","European Equity ETFs"
"T. Rowe Price Natural Resource ETF","TURF","333.45","99.48373773877129581827568404749612803304","-.011","11.6073",".6639","4.4832","5.01","36.5538","Materials  - Broad","Materials ETFs"
"Thrivent Ultra Short Bond ETF","TUSB","226.85","57.14285714285714285714285714285714285714",".0694",".3716",".0838","1.1637","2.2111","4.4","Ultra short Bond ETF","Ultra short Bond ETF"
"Touchstone Ultra Short Income ETF","TUSI","667.02","16.66666666666666666666666666666666666667","-.079",".4017","-.0333","1.0806","1.9795","0","Ultra short Bond ETF","Ultra short Bond ETF"
"T. Rowe Price Value ETF","TVAL","1041.83","100",".8577","1.3038","1.0685","7.0357","15.903","29.7992","Style Box - Large Cap Value","Style Box - Large Cap Value"
"Thornburg International Equity ETF","TXUE","552.37","93.02325581395348837209302325581395348837",".8631",".1382","-.3877","4.7117","9.4907","21.6257","Foreign Large Value ETF","Foreign Large Value ETF"
"Direxion Daily Small Cap Bear 3X ETF","TZA","238.92","6.4702877575344798229184403201089732675","-1.1078","1.1839","4.7731","-8.4722","-35.2345","-54.4073","Derivative Based ETF","Inverse Equity ETFs"
"iShares MSCI UAE ETF","UAE","300.14","42.88702928870292887029288702928870292887","1.3514","1.6154","-.2813","8.5202","2.4025","6.9437","Geographic - Middle East","Africa-Middle East Equity ETFs"
"Innovator U.S. Equity Ultra Buffer ETF - August","UAUG","240.3","100",".5826","1.1768",".2788","3.1204","7.7653","11.6948","Derivative Based ETF","Defined Outcome"
"VictoryShares Core Plus Bond ETF","UBND","2011.32","5.04291845493562231759656652360515021459",".2205",".1956","-.3777","-.2495","-1.0911","2.196","Strategy - Socially Responsible","Total Bond Market ETFs"
"ProShares Ultra Bloomberg Crude Oil","UCO","448.93","84.48786264061574896388395500296033155713","-1.2053","23.6961","9.4401","-2.9296","62.8442","99.5728","Derivative Based ETF","Leveraged Commodity ETFs"
"First Trust Smith Unconstrained Bond ETF","UCON","3286.68","2.27272727272727272727272727272727272727",".0816",".0203","-.5274","-.2212","-.3971","2.74","Total Bond Market - Broad","Total Bond Market ETFs"
"Innovator U.S. Equity Ultra Buffer ETF - December","UDEC","246.01","100",".392","1.2836",".2156","2.6104","7.7526","14.1366","Derivative Based ETF","Defined Outcome"
"ProShares UltraPro Dow30","UDOW","870.72","90.12903225806451612903225806451612903226","3.5158","2.2652",".635","15.2232","28.0021","49.8092","Derivative Based ETF","Leveraged Equity ETFs"
"VictoryShares Emerging Markets Value Momentum ETF","UEVM","255.48","90.54507580141187362573776183312116653165",".2055","1.7804",".6041","1.9238","6.6028","14.6779","Geographic - Broad Emerging Markets","Broad Emerging Market ETFs"
"Innovator U.S. Equity Ultra Buffer ETF - February","UFEB","228.64","100",".3425","1.2802",".2789","2.368","7.0501","12.564","Derivative Based ETF","Defined Outcome"
"Procure Space ETF","UFO","551.11","33.23707370737073707370737073707370737074",".904","-4.2244","-2.9215","-24.5096","-3.9697","32.4825","Industrials  - Aerospace & Defense","Industrials ETFs"
"Defiance Space and Connective Tech ETF","UFOX","838.11","15.80666231221423905943827563683866753756",".9146","-1.5173","-3.6518","-22.1835","0","0","Communication Services - Broad","Communication Services ETFs"
"ProShares Ultra Gold","UGL","858.38","28.50809133229882509421414320549767235646","3.8327","20.7466","-6.0553","-1.7489","-27.8881","33.6924","Derivative Based ETF","Leveraged Commodity ETFs"
"VictoryShares Core Intermediate Bond ETF","UITB","2670.62","4.23809523809523809523809523809523809524",".0935","-.0104","-.5533","-.4907","-1.6022","1.541","Total Bond Market - Broad","Total Bond Market ETFs"
"VictoryShares International Value Momentum ETF","UIVM","350.8","100","1.5419","4.5565","1.8975","8.7272","14.85","34.9359","Foreign Large Value ETF","Foreign Large Value ETF"
"Innovator U.S. Equity Ultra Buffer ETF - January","UJAN","254.35","100",".3352","1.3322",".2701","2.4283","7.2336","12.0232","Derivative Based ETF","Defined Outcome"
"Innovator U.S. Equity Ultra Buffer ETF - July","UJUL","298.56","99.8974358974358974358974358974358974359",".5639","1.2573",".1905","2.4935","6.6304","10.7245","Derivative Based ETF","Defined Outcome"
"State Street Ultra Short Term Bond ETF","ULST","513.3","4.30107526881720430107526881720430107527",".0397",".6876",".0496",".8673","1.4646","3.5156","Corporates - Money Market","Money Market/Ultra-Short Term ETFs"
"YieldMax Ultra Option Income Strategy ETF","ULTY","727.31","2.10660708586019789339291413980210660709","2.7499","3.4816","-1.7358","-1.2807","-.0199","-10.4787","Derivative Based ETF","Derivative Based ETF"
"VictoryShares US Value Momentum ETF","ULVM","265.13","90.62070151306740027510316368638239339752",".8049","-.0379",".0844","5.0343","11.5891","26.1429","Style Box - Large Cap Value","Style Box - Large Cap Value"
"USCF Midstream Energy Income Fund","UMI","526.64","95.15570934256055363321799307958477508651","-.2753","3.1897",".5717","5.5293","8.0128","29.5647","Energy - MLP","MLP ETFs"
"Wahed Dow Jones Islamic World ETF","UMMA","292.57","77.69625825385179750550256786500366837858",".4482","2.7341","-1.5352","-4.7882","14.9492","43.6158","Strategy - Socially Responsible","World ETFs"
"United States Natural Gas ETF","UNG","582.07","11.82943603851444291609353507565337001376","-2.4186","3.7587",".5753","-10.4184","-14.5765","-19.6784","Energy -  Natural Gas","Energy ETFs"
"WisdomTree Voya Yield Enhanced USD Universal Bond Fund","UNIY","1307.4","3.14136125654450261780104712041884816754",".1181",".042","-.5615","-.6105","-1.4099","1.83","Total Bond Market - Broad","Total Bond Market ETFs"
"ProShares UltraPro S&P500","UPRO","5451.07","94.2243017985085538821465126480479602281","3.0776","5.0642",".5363","4.2707","37.4298","53.4717","Derivative Based ETF","Leveraged Equity ETFs"
"Global X Uranium ETF","URA","6222.16","33.67641004528612597776862906545903664059","3.1137","11.9824","-5.52","-9.3074","-12.1154","15.5886","Energy - Nuclear Power","Energy ETFs"
"Sprott Junior Uranium Miners ETF","URNJ","378.7","25.62659846547314578005115089514066496164","4.3952","15.7871","-6.7027","-8.3864","-22.1587","5.6304","Materials  - Uranium Mining","Materials ETFs"
"Sprott Uranium Miners ETF","URNM","2127.39","27.31958762886597938144329896907216494845","4.0946","12.776","-6.3063","-6.9313","-17.5436","10.2332","Materials  - Uranium Mining","Materials ETFs"
"iShares MSCI World ETF","URTH","8195.2","96.80065627563576702214930270713699753897","1.125","2.1812",".1953","3.4373","13.0733","21.6779","Global Large-Cap Blend Equity ETF","Global Large-Cap Blend Equity ETF"
"ProShares UltraPro Russell2000","URTY","319.04","80.36717062634989200863930885529157667387","1.1535","-2.3717","-4.8921","3.987","34.8281","68.9368","Derivative Based ETF","Leveraged Equity ETFs"
"Xtrackers MSCI USA Climate Action Equity ETF","USCA","3510.12","98.22068454219696033609291980724082540467","1.1874","2.2642",".2816","3.1212","13.2585","16.333","Strategy - Socially Responsible","Style Box - All Cap Blend"
"United States Commodity ETF","USCI","397.64","98.74882702533625273694088207694713794182",".1582","8.4534","2.7933","8.17","24.4969","40.0468","Basket - Broad","Broad Commodity ETFs"
"iShares Climate Conscious & Transition MSCI USA ETF","USCL","2852.86","98.18122767132185774602143553101656381942","1.1779","2.2544",".2712","3.1621","13.2441","16.2931","Strategy - Socially Responsible","Style Box - All Cap Blend"
"ProShares Ultra Semiconductors","USD","2642.1","60.37722668529514495284666433810688089417","1.1881","4.7344","-4.1094","-23.9908","66.2541","108.4974","Derivative Based ETF","Leveraged Equity ETFs"
"WisdomTree Bloomberg U.S. Dollar Bullish ETF","USDU","279.42","49.48979591836734693877551020408163265306","-.6829","-1.2075","-.4563","-.4184",".8475","2.9501","Basket - Broad","Currency ETFs"
"SGI Enhanced Core ETF","USDX","305.48","19.65811965811965811965811965811965811966",".1176",".5025",".471","1.2067","2.6664","5.6954","US Treasury - Ultra Short","Money Market/Ultra-Short Term ETFs"
"WisdomTree Floating Rate Treasury ETF","USFR","18765.42","55.55555555555555555555555555555555555556","0",".2986",".0795",".9762","1.8879","3.9145","US Treasury - Short Term","Government Bond ETFs"
"iShares Broad USD High Yield Corporate Bond ETF","USHY","28466.56","12.76595744680851063829787234042553191489",".1093",".9983","-.2889","1.0647","2.0865","4.5693","Corporates - Junk/High Yield","High-Yield/Junk Bond ETFs"
"iShares Broad USD Investment Grade Corporate Bond ETF","USIG","17710.17","3.75",".1302",".3694","-.5761","-.8675","-1.466","1.7454","Corporates - Investment Grade","Investment Grade Corporate Bond ETFs"
"Principal U.S. Mega-Cap ETF","USMC","5099.49","100",".7948","2.8285","1.4245","4.0308","15.853","19.3819","Style Box - Large Cap Blend","Style Box - Large Cap Blend"
"WisdomTree U.S. Multifactor ETF","USMF","280.14","74.92333901192504258943781942078364565588",".7394","-.3628","-.6225","-.2383","3.6987","3.8595","Style Box - All Cap Blend","Style Box - All Cap Blend"
"iShares MSCI USA Min Vol Factor ETF","USMV","24093.83","98.43462246777163904235727440147329650092",".8219","3.6023","-.1667","6.077","5.4437","9.7745","Style Box - Large Cap Blend","Style Box - Large Cap Blend"
"Xtrackers Net Zero Pathway Paris Aligned US Equity ETF","USNZ","298.62","98.4242777939889115844762182667055733878","1.1121","2.343",".1796","2.6971","16.3723","21.5606","Strategy - Socially Responsible","Style Box - All Cap Blend"
"United States Oil ETF","USO","1894.74","87.47551561239774167530821523216960479318",".666","16.3528","9.2916",".8732","57.5277","89.8837","Energy -  Crude Oil","Energy ETFs"
"ETRACS Crude Oil Shares Covered Call ETN","USOI","256.48","19.01613329806929383760909812218989685268",".131","2.0018","4.2747","-18.8678","-14.2483","-11.5048","Derivative Based ETF","Energy ETFs"
"Franklin U.S. Equity Index ETF","USPX","2062.32","96.56115670183665494333724110980851895272","1.0995","2.0536",".1704","2.7302","14.2866","20.8336","Style Box - All Cap Blend","Style Box - All Cap Blend"
"iShares Core U.S. REIT ETF","USRT","4558.16","68.88720666161998485995457986373959121877",".5509","-3.2681","-1.3363","3.4012","5.2142","16.6344","Real Estate   - REITs","Real Estate ETFs"
"Segall Bryant & Hamill Select Equity ETF","USSE","354.58","87.83527769468541230431747931000099710839","1.2744",".1235","-1.2643",".173","16.8012","24.8998","Style Box - All Cap Blend","Style Box - All Cap Blend"
"Xtrackers MSCI USA Selection Equity ETF","USSG","587.42","98.5906040268456375838926174496644295302","1.3582","2.4885","-.2884","4.9038","16.3704","23.786","Strategy - Socially Responsible","Style Box - All Cap Blend"
"VictoryShares Short-Term Bond ETF","USTB","2583.26","14.86486486486486486486486486486486486486",".129",".2618","-.099",".7451","1.1003","3.4786","Short-Term Bond ETF","Short-Term Bond ETF"
"VictoryShares US Small Mid Cap Value Momentum ETF","USVM","1780.37","86.96848715066475444784681576805302531106",".3685","-1.4502","-.6637","4.7117","12.5155","24.7338","Style Box - Small Cap Blend","Style Box - Small Cap Blend"
"iShares ESG Advanced MSCI USA ETF","USXF","1468.38","85.60243075844337968914339137548206147014",".8952","1.3769","-1.6071","-1.8699","18.6375","23.6409","Strategy - Socially Responsible","Style Box - All Cap Growth"
"F/m US Treasury 10 Year Note ETF","UTEN","266.71","3.27052968361180234624955563455385709207",".1616","-.2156","-.3285","-1.0315","-3.286",".1139","US Treasury - Intermediate Term","Government Bond ETFs"
"Virtus Reaves Utilities ETF","UTES","1237.61","10.39244186046511627906976744186046511628",".5483","-4.4478",".5886","-4.1545","-8.997","-3.0122","Utilities  - Broad","Utilities/Infrastructure ETFs"
"F/m US Treasury 2 Year Note ETF","UTWO","491.4","7.21649484536082474226804123711340206186",".0838",".186",".2174",".5112",".32","2.1624","US Treasury - Short Term","Government Bond ETFs"
"Invesco DB US Dollar Index Bullish ETF","UUP","298.6","72.300469483568075117370892018779342723","-.568","-.568","-.0357",".5384","2.0029","1.8545","Basket - Broad","Currency ETFs"
"ProShares Ultra Russell2000","UWM","244.9","83.27927927927927927927927927927927927928",".8332","-1.2775","-3.2433","3.7008","25.142","48.8323","Derivative Based ETF","Leveraged Equity ETFs"
"ProShares Ultra Financials","UYG","825.14","90.03416856492027334851936218678815489749","3.0238","3.4905","2.0406","30.9634","27.7887","13.4024","Derivative Based ETF","Leveraged Equity ETFs"
"Angel Oak UltraShort Income ETF","UYLD","1607.59","10",".0451",".3941",".0214","1.0574","1.8972","4.2898","Ultra short Bond ETF","Ultra short Bond ETF"
"American Century U.S. Quality Value ETF","VALQ","360.31","99.59927487835130235664535826734090258563",".4349","3.3033",".1556","5.1499","7.167","16.0981","Style Box - All Cap Value","Style Box - All Cap Value"
"Vanguard Materials Index Fund ETF Shares","VAW","3090.75","85.12181513855309652222428863678631206993","-.4091","4.4038","-1.4112","1.2443",".513","16.4551","Materials  - Broad","Materials ETFs"
"Vanguard Morningstar Small-Cap ETF","VB","80458.27","86.11151978814182727673973811975871708107",".729",".0701","-1.4559","2.5164","10.1099","21.048","Style Box - Small Cap Blend","Style Box - Small Cap Blend"
"Vanguard 0-3 Month Treasury Bill ETF Shares","VBIL","10111.34","50",".0265",".6063",".0823",".9278","1.8503","3.727","US Treasury - Ultra Short","Government Bond ETFs"
"Vanguard Morningstar Small-Cap Growth ETF","VBK","23615.47","80.1204108133632392869791051823869673002","1.0031",".802","-2.6632","-1.2769","10.532","20.7394","Style Box - Small Cap Growth","Style Box - Small Cap Growth"
"Vident U.S. Bond Strategy ETF","VBND","521.91","5.86854460093896713615023474178403755869",".2221",".2323","-.3139","-.584","-.8378","2.0243","Total Bond Market - Broad","Total Bond Market ETFs"
"Vanguard Morningstar Small-Cap Value ETF","VBR","37397.99","91.01932550208412277377794619173929518757",".5743","-.327","-.5798","5.469","9.6828","21.1078","Style Box - Small Cap Value","Style Box - Small Cap Value"
"Vanguard ESG U.S. Corporate Bond ETF Shares","VCEB","1140.11","3.38541666666666666666666666666666666667",".1147",".3097","-.5869","-1.1628","-1.8038","1.0331","Corporates - Investment Grade","Investment Grade Corporate Bond ETFs"
"Vanguard Intermediate-Term Corporate Bond Index Fund ETF Shares","VCIT","67005.28","3.38600451467268623024830699774266365688",".0994",".1383","-.6875","-.8581","-1.8249","1.5817","Corporates- Intermediate Term","Investment Grade Corporate Bond ETFs"
"Vanguard Long-Term Corporate Bond Index Fund ETF Shares","VCLT","8702.24","3.39622641509433962264150943396226415094",".14",".3496","-.9894","-3.066","-3.8112",".1167","Long-Term Bond ETF","Long-Term Bond ETF"
"Vanguard Consumer Discretionary Index Fund ETF Shares","VCR","5919.58","66.68204891555145362251961236732810336871","1.29","-2.1568",".3052",".4223","4.1412","2.5741","Consumer Discretionary - Broad","Consumer Discretionary ETFs"
"Vanguard Core Bond ETF Shares","VCRB","7449.96","3.26530612244897959183673469387755102041",".106",".5253","-.5426","-.4961","-1.3389","2.0058","Total Bond Market - Broad","Total Bond Market ETFs"
"Vanguard Short-Term Corporate Bond Index Fund ETF Shares","VCSH","44739.57","6.13207547169811320754716981132075471698",".1024",".5003","-.2562",".3933",".2934","2.6512","Short-Term Bond ETF","Short-Term Bond ETF"
"Vanguard Consumer Staples Index Fund ETF Shares","VDC","7945.19","62.60336089623899706588423579621232328621","-.1908",".0304",".4188","4.1517","-2.5224","7.1704","Consumer Staples - Broad","Consumer Staples ETFs"
"Vanguard Energy Index Fund ETF Shares","VDE","11126.86","97.70714737507906388361796331435800126502","-.7897","9.8209","3.6531","10.6433","15.5484","49.5735","Energy - Broad","Energy ETFs"
"Vanguard FTSE Developed Markets Index Fund ETF Shares","VEA","236128.94","97.64942914707857622565480188045668233714","1.171","3.3784",".0272","2.996","10.9836","29.0341","Foreign Large Blend ETF","Foreign Large Blend ETF"
"Vanguard FTSE All-World ex-US Index Fund ETF Shares","VEU","70169.5","99.2044063647490820073439412484700122399",".9632","3.2805",".1632","2.5814","11.3837","27.5597","Foreign Large Blend ETF","Foreign Large Blend ETF"
"Vanguard Emerging Markets Ex-China ETF Shares","VEXC","271.71","97.5604536700192595762893216349240316713",".7523","5.1856",".6672","3.2225","16.9596","0","Geographic - Broad Emerging Markets","Broad Emerging Market ETFs"
"Vanguard Financials Index Fund ETF Shares","VFH","13782.72","100","1.5831","1.8362","1.0808","15.5603","15.0703","11.2157","Financials-Broad","Financials ETFs"
"VictoryShares Free Cash Flow ETF","VFLO","11100.41","100",".7909","12.2068","1.0634","19.0657","39.9963","51.7082","Style Box - Large Cap Value","Style Box - Large Cap Value"
"Vanguard U.S. Multifactor ETF Shares","VFMF","930.61","100",".6154","2.2181",".7178","9.4622","17.6534","34.1392","Style Box - All Cap Blend","Style Box - All Cap Blend"
"Vanguard U.S. Momentum Factor ETF Shares","VFMO","1859.06","69.91589687026058182820901695849993106301",".6142",".4411","-2.1193","-3.4274","11.9935","27.45","Style Box - All Cap Growth","Style Box - All Cap Growth"
"Vanguard U.S. Minimum Volatility ETF Shares","VFMV","441.26","93.49763226233514944752787820153775650491",".3686","1.0074","-.1474","3.6141","5.4052","13.778","Style Box - All Cap Blend","Style Box - All Cap Blend"
"Vanguard U.S. Quality Factor ETF Shares","VFQY","495.23","92.69394567219152854511970534069981583794",".6873","1.5052","-.7594","7.6327","13.3503","19.6473","Style Box - All Cap Blend","Style Box - All Cap Blend"
"Vanguard U.S. Value Factor ETF Shares","VFVA","945.87","100",".6025","2.8406","1.1247","13.6143","17.5128","30.8801","Style Box - All Cap Value","Style Box - All Cap Value"
"Vanguard High-Yield Active ETF Shares","VGHY","306.98","29.91452991452991452991452991452991452991",".1362","1.2064","-.1829","1.1364","1.9414","0","Corporates - Junk/High Yield","High-Yield/Junk Bond ETFs"
"Vanguard Intermediate-Term Treasury Index Fund ETF Shares","VGIT","42068.6","3.4965034965034965034965034965034965035",".0863",".207","-.4856","-.275","-1.8016",".61","US Treasury - Mid Term","Government Bond ETFs"
"Vanguard European Stock Index Fund ETF Shares","VGK","30583.41","90.51667756703727926749509483322432962721",".8575",".8908","-.5852","5.7328","9.0071","21.3279","Geographic - Broad Europe","European Equity ETFs"
"Vanguard Long-Term Treasury Index Fund ETF Shares","VGLT","10284.17","5.49084858569051580698835274542429284526",".152",".72","-.8148","-2.1871","-5.3354","-.1878","US Treasury - Long Term","Government Bond ETFs"
"Vanguard Multi-Sector Income Bond ETF Shares","VGMS","248.9","9.93377483443708609271523178807947019868",".1384",".783","-.3852",".6567",".8426","3.9304","Total Bond Market - Broad","Total Bond Market ETFs"
"Vanguard Short-Term Treasury Index Fund ETF Shares","VGSH","30103.15","6.89655172413793103448275862068965517241",".0778",".535","-.107",".5817",".4887","2.4303","US Treasury - Short Term","Government Bond ETFs"
"Vert Global Sustainable Real Estate ETF","VGSR","528.52","68.53997682502896871378910776361529548088",".7411","-3.2419","-1.4672","2.2676","3.2458","11.5156","Real Estate   - Broad","Real Estate ETFs"
"Vanguard Information Technology Index Fund ETF Shares","VGT","146103.08","88.40737755440709307287468588497463373003","1.469","4.9852","-.8449","-2.3336","33.8839","40.0636","Technology  - broad","Technology ETFs"
"Vanguard Ultra-Short Treasury ETF Shares","VGUS","1026.19","34.92063492063492063492063492063492063492",".0265",".6256",".0545",".9043","1.7824","3.6587","US Treasury - Ultra Short","Government Bond ETFs"
"Vanguard Health Care Index Fund ETF Shares","VHT","19485.12","94.09016289935597929031443364061118828135",".1017","6.6597",".5791","18.3517","12.9011","29.3616","Healthcare - Broad","Health Care ETFs"
"Vident International Equity Strategy ETF","VIDI","458.58","97.63124818717973508653195397853620806342","1.1723","6.7105","1.8113","1.6925","13.8244","37.3687","Foreign Large Value ETF","Foreign Large Value ETF"
"Vanguard Dividend Appreciation Index Fund ETF Shares","VIG","112540.06","90.33695349484823169033695349484823169034",".6124","1.2451","-.037","3.6683","8.7895","17.3299","Strategy - Dividend Growth","Style Box - Large Cap Blend"
"Vanguard International Dividend Appreciation Index Fund ETF Shares","VIGI","9178.74","100","1.6497","2.453","1.2168","7.5026","9.2662","14.4481","Foreign Large Blend ETF","Foreign Large Blend ETF"
"Vanguard S&P Small-Cap 600 Growth Index Fund ETF Shares","VIOG","1078.57","80.64386216617584132497671725943265624607",".6398","-3.1128","-1.7687","4.9","12.8012","22.8326","Style Box - Small Cap Growth","Style Box - Small Cap Growth"
"Vanguard S&P Small-Cap 600 Index Fund ETF Shares","VIOO","4193.2","85.29160739687055476529160739687055476529",".4187","-2.0707","-1.2426","4.9461","12.7045","23.8565","Style Box - Small Cap Blend","Style Box - Small Cap Blend"
"Vanguard S&P Small-Cap 600 Value Index Fund ETF Shares","VIOV","1863.35","89.33164045968030732167854933750040694078",".2304","-.9569","-.8859","5.0998","12.5519","27.6045","Style Box - Small Cap Value","Style Box - Small Cap Value"
"Vanguard Industrials Index Fund ETF Shares","VIS","7875.25","66.9089021541655852582403322086685699455","1.105","-4.7635","-2.4072","-1.6238","-.4475","17.5889","Industrials  - Broad","Industrials ETFs"
"State Street SPDR S&P 1500 Value Tilt ETF","VLU","766.73","99.1206296061113356039177201793376820797",".8197","1.7932",".81","6.0001","13.6338","26.8376","Style Box - All Cap Value","Style Box - All Cap Value"
"iShares MSCI USA Value Factor ETF","VLUE","9709.94","99.14943886591848789131718842291789722386",".8858","5.6814","1.2767",".8465","39.4959","74.0831","Style Box - Large Cap Value","Style Box - Large Cap Value"
"Vanguard Mortgage-Backed Securities Index Fund ETF Shares","VMBS","15510.48","5.85365853658536585365853658536585365854",".262",".5315","-.5896","-.324","-1.0021","3.0497","Asset Backed - MBS","Mortgage-Backed Security ETFs"
"Voya Multi-Sector Income ETF","VMSB","316.12","11.48514851485148514851485148514851485149",".1059",".2403","-.3165",".4416",".9199","0","Total Bond Market - Broad","Total Bond Market ETFs"
"Janus Henderson Short Duration Income ETF","VNLA","3436.55","5.35714285714285714285714285714285714286",".041",".3678",".0398",".9946","1.714","4.0649","Ultra short Bond ETF","Ultra short Bond ETF"
"VanEck Vietnam ETF","VNM","521.36","45.08670520231213872832369942196531791908","-.7761","2.2857","-1.864","-.6659","-1.2141","-1.7096","Geographic - Vietnam","Frontier Markets"
"Vanguard Real Estate Index Fund ETF Shares","VNQ","38024.8","69.24731182795698924731182795698924731183",".9188","-2.4326","-1.0138","3.2893","3.1871","10.3275","Real Estate   - Broad","Real Estate ETFs"
"Vanguard Global ex-U.S. Real Estate Index Fund ETF Shares","VNQI","3448.91","25.73333333333333333333333333333333333333","1.1075","-1.5468","-.7468","1.1867","-6.5163","-2.7963","Real Estate   - Broad","Real Estate ETFs"
"Vanguard Morningstar Mid-Cap ETF","VO","107561.19","86.55518394648829431438127090301003344482","1.0169",".8193","-.7702","3.9666","9.9802","16.1372","Style Box - Mid Cap Blend","Style Box - Mid Cap Blend"
"Vanguard Morningstar Mid-Cap Value ETF","VOE","24202.29","95.63152896486229819563152896486229819563",".8826","1.7562",".4128","7.5284","10.3152","24.2002","Style Box - Mid Cap Value","Style Box - Mid Cap Value"
"Tema Electrification ETF","VOLT","716.18","58.21689953426480372588157019294743845642","1.3889","-5.069","-1.9194","-9.8879","3.3516","33.2216","Energy - Broad","Energy ETFs"
"Vanguard Russell 1000 Index Fund ETF Shares","VONE","8581.55","96.30024360535931790499390986601705237515","1.0862","2.1038",".1517","2.9689","13.9375","20.844","Style Box - Large Cap Blend","Style Box - Large Cap Blend"
"Vanguard Russell 1000 Growth Index Fund ETF Shares","VONG","44785.64","79.66417910447761194029850746268656716418","1.3075","2.0971","-.431","-2.3717","10.297","11.2623","Style Box - Large Cap Growth","Style Box - Large Cap Growth"
"Vanguard Russell 1000 Value Index Fund ETF Shares","VONV","21908.57","100",".8781","2.0183",".6549","8.6843","17.4289","31.2508","Style Box - Large Cap Value","Style Box - Large Cap Value"
"Vanguard 500 Index Fund ETF Shares","VOO","1022298.81","96.84375466348306222951798239068795702134","1.0392","2.0563",".278","2.7867","14.1972","21.3523","Style Box - Large Cap Blend","Style Box - Large Cap Blend"
"Vanguard S&P 500 Growth Index Fund ETF Shares","VOOG","26729.39","94.69730446310207688908528501988510826337","1.3415","1.8048","-.0118",".6035","18.8554","22.8576","Style Box - Large Cap Growth","Style Box - Large Cap Growth"
"Vanguard S&P 500 Value Index Fund ETF Shares","VOOV","6770.24","100",".7613","2.3418",".616","5.473","9.1799","19.5637","Style Box - Large Cap Value","Style Box - Large Cap Value"
"Vanguard Morningstar Mid-Cap Growth ETF","VOT","19157.31","77.99347724801987886317751203603043950924","1.1879","-.5638","-2.3322","-.5698","9.3868","5.2","Style Box - Mid Cap Growth","Style Box - Mid Cap Growth"
"TCW Transform 500 ETF","VOTE","1131.48","96.21621621621621621621621621621621621622",".9531","2.033",".122","2.7491","14.6963","21.3553","Style Box - Large Cap Blend","Style Box - Large Cap Blend"
"Vanguard Communication Services Index Fund ETF Shares","VOX","5877.06","64.16394631846209648168298875589408777657","1.147","1.2922","2.2876",".2253","-.4033","4.9369","Communication Services - Broad","Communication Services ETFs"
"Vanguard Pacific Stock Index Fund ETF Shares","VPL","8556.05","89.04940768563998844264663392083212944236","1.4664","6.493","1.0106","-.7132","14.861","39.9666","Geographic - Broad Pacific","Asia-Pacific (Developed) ETFs"
"Vanguard Core-Plus Bond ETF Shares","VPLS","1753.07","5.6980056980056980056980056980056980057",".1646",".578","-.4692","-.3051","-.9654","2.4884","Total Bond Market - Broad","Total Bond Market ETFs"
"Vanguard Utilities Index Fund ETF Shares","VPU","8252.37","25.87046050168476226132534631224260576563",".769","-2.8609","-.3588","-1.2174","-7.1707","5.226","Utilities  - Broad","Utilities/Infrastructure ETFs"
"Invesco Variable Rate Investment Grade ETF","VRIG","1913.6","36.36363636363636363636363636363636363636","-.0199",".3438",".0798","1.0778","2.0873","4.4231","Corporates - Floating Rate","Investment Grade Corporate Bond ETFs"
"Invesco Variable Rate Preferred ETF","VRP","3012.59","33.33333333333333333333333333333333333333",".0415",".1634","-.1242",".203","1.1582","4.5025","Corporates - Floating Rate","Convertibles/CEFs/OET/Preferred Stock ETFs"
"VictoryShares Dividend Accelerator ETF","VSDA","220.48","86.75775631806040682145058557633038832957",".2685",".2438","-.5261","9.6177","4.7391","14.3106","Strategy - Dividend Growth","Style Box - Large Cap Value"
"Vanguard Short Duration Bond ETF Shares","VSDB","916.98","7.5",".086",".6057","-.2177",".5378",".7386","2.6636","Short-Term Bond ETF","Short-Term Bond ETF"
"Vanguard ESG International Stock ETF Shares","VSGX","6786","99.68808484092326887086712414223331253899",".9752","4.1605",".1074","2.5246","13.5404","28.4512","Strategy - Socially Responsible","World ETFs"
"Applied Finance Valuation Large Cap ETF","VSLU","566.48","100",".8786","2.7471",".3251","5.3834","12.6526","20.0416","Style Box - Large Cap Blend","Style Box - Large Cap Blend"
"Vanguard FTSE All-World ex-US Small-Cap Index Fund ETF Shares","VSS","11971.56","92.16142801707411719053162592161428017074",".9678","5.3854","-.6739","1.9173","6.2483","19.1363","Foreign Small/Mid Growth ETF","Foreign Small/Mid Growth ETF"
"Vanguard Total World Stock Index Fund ETF Shares","VT","80728.14","97.76595744680851063829787234042553191489","1.0305","2.6331",".1176","2.7684","12.92","23.2132","World Small/Mid Stock ETF","World Small/Mid Stock ETF"
"Vanguard Total Corporate Bond ETF Shares","VTC","1697.85","4.27163198247535596933187294633077765608",".1473",".424","-.5201","-1.0068","-1.6092","1.5593","Corporates - Investment Grade","Investment Grade Corporate Bond ETFs"
"Vanguard Russell 3000 Index Fund ETF Shares","VTHR","4794.71","95.66491823511261956186362233878432582536","1.0929","1.9658",".0997","2.9943","13.962","21.1546","Style Box - All Cap Blend","Style Box - All Cap Blend"
"Vanguard Morningstar Total Stock Market ETF","VTI","682520.69","95.35940512255576976039658496282015973561","1.0746","1.8965",".0788","2.7778","14.0714","21.2712","Style Box - All Cap Blend","Style Box - All Cap Blend"
"Vanguard Short-Term Inflation-Protected Securities Index Fund ETF Shares","VTIP","19794.16","24.63235294117647058823529411764705882353",".0906",".1914","-.1305","-.0884","1.0988","2.2856","US Treasury - TIPS","Inflation-Protected Bond ETFs"
"Vanguard Morningstar Value ETF","VTV","192531.84","98.91592920353982300884955752212389380531",".7143","2.724",".6964","6.9394","12.1951","27.1305","Style Box - Large Cap Value","Style Box - Large Cap Value"
"Vanguard Russell 2000 Growth Index Fund ETF Shares","VTWG","1490.99","80.28287031017495196405611176122162989931",".4795","-.4537","-2.6379",".0238","13.967","24.116","Style Box - Small Cap Growth","Style Box - Small Cap Growth"
"Vanguard Russell 2000 Index Fund ETF Shares","VTWO","16933.04","86.99054450603195304858167590479295728725",".3786","-.3341","-1.5593","2.9355","14.4036","27.6093","Style Box - Small Cap Blend","Style Box - Small Cap Blend"
"Vanguard Russell 2000 Value Index Fund ETF Shares","VTWV","1351.03","93.36340948358610097907467844115953157996",".3336","-.3601","-.5379","5.822","14.8727","31.4559","Style Box - Small Cap Value","Style Box - Small Cap Value"
"Vanguard Morningstar Growth ETF","VUG","225698.14","93.0500788643533123028391167192429022082","1.4612","2.0671","-.0225",".0476","16.3196","16.3942","Style Box - Large Cap Growth","Style Box - Large Cap Growth"
"Vanguard Ultra-Short Bond ETF Shares","VUSB","9307.37","6.25",".0404",".6434","-.0315",".8955","1.6002","3.8612","US Treasury - Ultra Short","Money Market/Ultra-Short Term ETFs"
"Vident U.S. Equity Strategy ETF","VUSE","681.13","91.53234960272417707150964812712826333712",".863",".9283","-.9783","1.5924","11.4688","14.4554","Style Box - All Cap Value","Style Box - All Cap Value"
"Vanguard Morningstar Large-Cap ETF","VV","53928.67","96.73960934057864590982523131149948597445","1.0958","2.0781",".2336","2.7845","14.5239","21.015","Style Box - Large Cap Blend","Style Box - Large Cap Blend"
"Vanguard Emerging Markets Stock Index Fund ETF Shares","VWO","126743.11","97.30312837108953613807982740021574973031",".362","3.2679","-.0328","1.2117","10.5577","20.8779","Geographic - Broad Emerging Markets","Broad Emerging Market ETFs"
"Vanguard Emerging Markets Government Bond Index Fund ETF Shares","VWOB","6175.89","18.39762611275964391691394658753709198813",".2597",".7253","-.3917","-.3427",".173","5.321","Sovereign - Investment Grade","Emerging Market Bond ETFs"
"Vanguard Extended Market Index Fund ETF Shares","VXF","30919.64","84.706316956039896564462504617657923901","1.1521",".7777","-1.3556","2.397","13.6079","19.7939","Style Box - Mid Cap Blend","Style Box - Mid Cap Blend"
"Vanguard Total International Stock Index Fund ETF Shares","VXUS","162818","99.08228816151728357295809115937595594983",".9293","3.4698",".0455","2.6203","11.1559","26.9479","Foreign Large Blend ETF","Foreign Large Blend ETF"
"Vanguard High Dividend Yield Index Fund ETF Shares","VYM","82832.71","92.76048714479025710419485791610284167794",".3652","1.29",".292","3.3584","8.7756","21.8865","Style Box - Large Cap Value","Style Box - Large Cap Value"
"Vanguard International High Dividend Yield Index Fund ETF Shares","VYMI","21512.3","100","1.2093","3.2578","1.9509","9.0192","13.0869","32.5515","Foreign Large Value ETF","Foreign Large Value ETF"
"Pabrai Wagons ETF","WAGN","299.45","93.33587204874333587204874333587204874334","-1.0707","11.8257",".8105","5.342","15.9639","0","World Small/Mid Stock ETF","World Small/Mid Stock ETF"
"WisdomTree Cloud Computing ETF","WCLD","349.1","93.80902413431269674711437565582371458552","2.4908","14.7348","-2.6218","26.8742","48.4088","19.8458","Technology  - Cloud Computing","Technology ETFs"
"First Trust WCM International Equity ETF","WCMI","1998.27","93.96751740139211136890951276102088167053","1.2239","2.7433","-.2513","2.9609","14.4175","27.3427","Foreign Large Blend ETF","Foreign Large Blend ETF"
"Weitz Core Plus Bond ETF","WCPB","240.82","9.86547085201793721973094170403587443946",".0799",".3517","-.3642",".3265","-.0619","3.4603","Total Bond Market - Broad","Total Bond Market ETFs"
"State Street SPDR S&P Global Dividend ETF","WDIV","288.8","97.12411000977244171436548932011726930057",".5486","2.2055",".0223","7.0148","8.9931","22.5626","Global Large-Cap Value Equity ETF","Global Large-Cap Value Equity ETF"
"Teucrium Wheat ETF","WEAT","340.03","89.16256157635467980295566502463054187192","-2.6561","11.789","-.3674","19.6295","24.119","30.0719","Agriculture - Wheat","Agricultural ETFs"
"Tema U.S. Manufacturing & Reshoring ETF","WELD","274.12","8.80161127895266868076535750251762336354",".9076","-7.5536","-3.3669","0","0","0","Industrials  - Broad","Industrials ETFs"
"CoinShares Bitcoin Mining and Digital Power ETF","WGMI","238.22","38.87456037514654161781946072684642438453","8.204","-15.9269","-.9255","-34.9077","21.5153","49.9349","Digital Economy ETF","Digital Economy ETF"
"Harbor Long-Term Growers ETF","WINN","1182.75","93.68770764119601328903654485049833887043","1.6231","1.991","-.2361","1.2882","16.1656","12.3256","Style Box - All Cap Growth","Style Box - All Cap Growth"
"State Street SPDR FTSE International Government Inflation-Protected Bond ETF","WIP","472.82","46.88644688644688644688644688644688644689","1.0406","2.7999",".3548","1.0715","2.6291","9.9192","Sovereign - Inflation-Protected","Inflation-Protected Bond ETFs"
"iShares Global Timber & Forestry ETF","WOOD","269.29","37.02561802791636302483323056225124726722","-.0365","-2.0561","-1.6897","7.2213","-3.9883","-2.2947","Materials  - Timber","Materials ETFs"
"WisdomTree Quantum Computing Fund","WQTM","334.73","46.52584769316286826014452473596442468038",".8272","-3.2662","-4.115","-20.2567","19.9016","0","Technology  - broad","Technology ETFs"
"iShares MSCI World Small-Cap ETF","WSML","671.09","91.15285150401524431740846604056077310467",".906","2.2082","-.0561","3.545","9.8175","24.4289","World Small/Mid Stock ETF","World Small/Mid Stock ETF"
"WisdomTree Artificial Intelligence and Innovation Fund","WTAI","697.2","64.43838108231014097316962255570713960891","1.7319","1.4264","-2.8756","-12.9697","40.778","59.8147","Artificial Intelligence and Robotics ETF","Artificial Intelligence and Robotics ETF"
"WisdomTree Managed Futures Strategy ETF","WTMF","263.12","93.38478500551267916207276736493936052922","-.2138","2.0899","-.4384","1.8424","6.8413","17.1585","Derivative Based ETF","Hedge Fund ETFs"
"WisdomTree Equity Premium Income Fund","WTPI","527.36","76.24113475177304964539007092198581560284",".8799","1.4573",".3017","3.2488","6.3903","14.1511","Derivative Based ETF","Style Box - Large Cap Blend"
"WisdomTree U.S. Value Fund","WTV","3328.56","100",".911","2.9865",".7534","7.5037","12.3036","23.7963","Style Box - Large Cap Value","Style Box - Large Cap Value"
"Inspire International ETF","WWJD","583.44","97.41353383458646616541353383458646616541",".8284","3.1803","-.017","6.5981","9.3967","21.6091","Strategy - Socially Responsible","World ETFs"
"Eaton Vance Income Opportunities ETF","XAGG","1459.66","7.21925133689839572192513368983957219251",".2728",".6716","-.2043","1.0349","1.0654","0","Total Bond Market - Broad","Total Bond Market ETFs"
"State Street SPDR S&P Aerospace & Defense ETF","XAR","5692.28","47.31010710328696294472485534900898682753","1.4868","-7.1995","-4.5555","-7.1192","-10.6339","18.4332","Industrials  - Aerospace & Defense","Industrials ETFs"
"BondBloxx BB-Rated USD High Yield Corporate Bond ETF","XBB","579.53","28.72887582659808963997060984570168993387",".2295","1.1934","-.1372","1.0416","1.6175","4.9113","Corporates - Junk/High Yield","High-Yield/Junk Bond ETFs"
"State Street SPDR S&P Biotech ETF","XBI","11604.84","93.20809248554913294797687861271676300578","-.5987","11.5878","-2.2885","26.7181","33.213","76.1359","Healthcare - Biotech","Health Care ETFs"
"F/m US Treasury 6 Month Bill ETF","XBIL","747.85","26.66666666666666666666666666666666666667",".01",".3375",".3676",".9402","1.8148","3.6843","US Treasury - Ultra Short","Government Bond ETFs"
"Roundhill Ultra Short Duration No Dividend Target ETF","XBOX","286.3","100",".0397",".1291",".1092","1.3262","0","0","Hedge Fund - Long/Short","Hedge Fund ETFs"
"BondBloxx CCC-Rated USD High Yield Corporate Bond ETF","XCCC","322.81",".7407407407407407407407407407407407407407",".085",".5598","-.6046","-.7629","1.0395","1.2204","Corporates - Junk/High Yield","High-Yield/Junk Bond ETFs"
"Columbia EM Core ex-China ETF","XCEM","2079.13","83.04950495049504950495049504950495049505",".6366","7.7258","-.0272","-2.8722","21.3183","49.9447","Geographic - Broad Emerging Markets","Broad Emerging Market ETFs"
"AB US Equity ETF","XCHG","713.97","95.01955134801399464910475406462235027783",".9432",".9028",".3221","3.8262","11.9556","0","Style Box - All Cap Blend","Style Box - All Cap Blend"
"FT Vest U.S. Equity Enhance & Moderate Buffer ETF - December","XDEC","203.83","100",".1376",".9246",".1032","2.1645","6.6178","10.1135","Derivative Based ETF","Defined Outcome"
"Roundhill S&P 500 0DTE Covered Call Strategy ETF","XDTE","339.04","33.67579908675799086757990867579908675799",".8495","1.8342",".4668","2.9936","10.4641","16.7748","Derivative Based ETF","Derivative Based ETF"
"BondBloxx JP Morgan USD Emerging Markets 1-10 Year Bond ETF","XEMD","921.78","41.1732456140350877192982456140350877193",".2036",".718","-.1452",".3762","1.4997","7.4528","International - Emerging Market","Emerging Market Bond ETFs"
"State Street SPDR S&P Oil & Gas Equipment & Services ETF","XES","408.55","84.05553860238022581629539212694537686909","-1.5824","11.5489","2.5737",".2344","11.0467","81.283","Energy - Equipment and services","Energy ETFs"
"BondBloxx Bloomberg Five Year Target Duration US Treasury ETF","XFIV","344.63","3.26397388820889432884536923704610363117",".1194",".2235","-.4962","-.3549","-1.9561",".3858","US Treasury - Intermediate Term","Government Bond ETFs"
"State Street SPDR S&P Homebuilders ETF","XHB","1310.15","27.96226415094339622641509433962264150943","1.0873","-3.8454","-2.1527","-1.4055","-7.8979","-9.36","Industrials  - Engineering and Construction","Industrials ETFs"
"BondBloxx Bloomberg Six Month Target Duration US Treasury ETF","XHLF","2002.99","7.40740740740740740740740740740740740741",".0399",".6191",".0514",".8985","1.7362","3.9295","US Treasury - Ultra Short","Government Bond ETFs"
"State Street SPDR S&P Health Care Services ETF","XHS","215.6","96.49699636597364712862475587748139724605",".5258","1.5821","-.2466","20.0678","26.2819","38.0383","Healthcare - Services","Health Care ETFs"
"iShares ESG Select Screened S&P Mid-Cap ETF","XJH","418","82.41952599929253625751680226388397594623","1.0125","-.6985","-1.3683","1.0979","7.3485","18.9474","Strategy - Socially Responsible","Style Box - Mid Cap Blend"
"iShares ESG Select Screened S&P Small-Cap ETF","XJR","213.38","82.88900376633926593309209068754154050661",".5196","-2.6441","-1.3693","4.6779","12.667","22.0316","Strategy - Socially Responsible","Style Box - Small Cap Blend"
"State Street Materials Select Sector SPDR ETF","XLB","8765.74","90.82167832167832167832167832167832167832","-.6232","3.1562","-1.146","2.2918","2.0823","17.5527","Materials  - Broad","Materials ETFs"
"State Street Communication Services Select Sector SPDR ETF","XLC","22675.11","54.42176870748299319727891156462585034014",".8539","1.8322","1.7682","1.413","-3.3394","1.549","Communication Services - Broad","Communication Services ETFs"
"State Street Energy Select Sector SPDR ETF","XLE","42555.77","97.86571809693196976433970653623832814584","-.7373","9.9167","3.7406","10.722","15.6937","49.48","Energy - Broad","Energy ETFs"
"State Street Financial Select Sector SPDR ETF","XLF","54595.11","100","1.5609","2.0565","1.1748","15.4847","15.2091","10.967","Financials-Broad","Financials ETFs"
"Invesco S&P 500 Top 50 ETF","XLG","11060.31","88.94557823129251700680272108843537414966","1.2154","2.3613","1.0054","-.3972","11.5816","15.6472","Style Box - Large Cap Blend","Style Box - Large Cap Blend"
"State Street Industrial Select Sector SPDR ETF","XLI","31718.26","69.10548086866597724922440537745604963806","1.0302","-4.6953","-2.3714",".5482",".0099","17.903","Industrials  - Broad","Industrials ETFs"
"State Street Technology Select Sector SPDR ETF","XLK","119645.11","82.68985999151463725074246924056003394145","1.2908","4.4541","-1.3997","-5.1124","35.5385","42.9219","Technology  - broad","Technology ETFs"
"State Street Consumer Staples Select Sector SPDR ETF","XLP","14520.58","67.0367800138792505204718945176960444136","-.3157",".4714",".2116","4.472","-1.6537","8.5213","Consumer Staples - Broad","Consumer Staples ETFs"
"State Street Real Estate Select Sector SPDR ETF","XLRE","8195","70.66666666666666666666666666666666666667","1.1891","-2.0584","-.918","2.5768","2.7511","10.0651","Real Estate   - REITs","Real Estate ETFs"
"State Street US Sector Rotation ETF","XLSR","1048.32","94.65949820788530465949820788530465949821",".9886","1.947",".0301",".3892","9.7659","15.6664","Style Box - All Cap Blend","Style Box - All Cap Blend"
"State Street Utilities Select Sector SPDR ETF","XLU","22130.72","26.79127725856697819314641744548286604361",".8437","-2.9982","-.3474","-.905","-7.3203","5.5123","Utilities  - Broad","Utilities/Infrastructure ETFs"
"State Street Health Care Select Sector SPDR ETF ETF","XLV","44848.59","94.17569193742478941034897713598074608905",".1792","6.7924",".9791","17.8694","11.3378","28.4001","Healthcare - Broad","Health Care ETFs"
"State Street Consumer Discretionary Select Sector SPDR ETF","XLY","22995.72","57.26405090137857900318133616118769883351","1.393","-1.4804",".5005","-.0315","2.2288","1.6389","Consumer Discretionary - Broad","Consumer Discretionary ETFs"
"State Street SPDR S&P Metals & Mining ETF","XME","4945.67","70.79037800687285223367697594501718213058","-.9041","14.8094","-3.7561","-7.8346","1.06","45.6372","Materials  - Broad","Materials ETFs"
"Invesco S&P MidCap Quality ETF","XMHQ","5553.52","93.30058061634658329611433675748101831175","1.1881","1.8585","-1.0118","5.8617","10.6776","14.0665","Style Box - Mid Cap Blend","Style Box - Mid Cap Blend"
"Invesco S&P MidCap Low Volatility ETF","XMLV","744.24","75.23659305993690851735015772870662460568",".4995","-1.4533",".0753","7.8069","3.1808","9.818","Style Box - Mid Cap Blend","Style Box - Mid Cap Blend"
"Invesco S&P MidCap Momentum ETF","XMMO","7263.71","52.15810995002271694684234438891412994094",".7785","-2.3274","-2.6696","-10.5257","3.0826","17.0175","Style Box - Mid Cap Growth","Style Box - Mid Cap Growth"
"Invesco S&P MidCap Value with Momentum ETF","XMVM","519.81","98.80163622745866221121161491041078527395",".8945",".8138","1.3682","10.2291","14.1853","25.9101","Style Box - Mid Cap Value","Style Box - Mid Cap Value"
"State Street SPDR NYSE Technology ETF","XNTK","1853.25","76.46095030038230475150191152375750955762","1.2825","3.7127","-2.1538","-7.9144","35.6728","47.8996","Technology  - broad","Technology ETFs"
"Xtrackers S&P 100 Ex Top 20 ETF","XOEX","273.58","96.92605926336194959844918305178620880642",".7551","3.0776","-.1076","4.6382","13.8164","0","Style Box - Large Cap Value","Style Box - Large Cap Value"
"BondBloxx Bloomberg One Year Target Duration US Treasury ETF","XONE","850.99","5.88235294117647058823529411764705882353",".0407",".6205","-.0068",".8157","1.436","3.6923","US Treasury - Short Term","Government Bond ETFs"
"State Street SPDR S&P Oil & Gas Exploration & Production ETF","XOP","4114.31","98.8120795763560898812079576356089881208","-.4297","10.3569","3.6987","12.8255","21.8863","49.4794","Energy - Exploration","Energy ETFs"
"ERShares Private-Public Crossover ETF","XOVR","1619.45","89.77272727272727272727272727272727272727","2.6175","10.0312","1.3889","5.4808","21.6667","7.2985","Style Box - Large Cap Blend","Style Box - Large Cap Blend"
"State Street SPDR S&P Pharmaceuticals ETF","XPH","618.23","89.27053824362606232294617563739376770538","-.6156","4.1038","-1.9058","26.2347","27.715","50.2751","Healthcare - Pharma","Health Care ETFs"
"NEOS Boosted Nasdaq-100 High Income ETF","XQQI","310.33","52.86499215070643642072213500784929356358","3.3521","3.8274","-.4719","-2.4379","14.9248","0","Derivative Based ETF","Style Box - Large Cap Growth"
"Bitwise XRP ETF","XRP","322.2","35.76741041244083840432724814063556457066","9.6667","36.2883",".8584","22.3958","8.6526","0","Digital Economy ETF","Digital Economy ETF"
"Canary XRP ETF","XRPC","310.65","35.72188719404043987229514012061014544165","9.5305","36.2685","1.0343","22.3005","8.6171","0","Digital Economy ETF","Digital Economy ETF"
"Franklin XRP ETF","XRPZ","322.66","35.94405594405594405594405594405594405594","9.5205","36.4334",".8833","22.3412","8.7755","0","Digital Economy ETF","Digital Economy ETF"
"State Street SPDR S&P Retail ETF","XRT","362.82","62.70736562707365627073656270736562707366",".4052","-5.1717",".1617","4.2539","1.7266","3.1066","Consumer Discretionary - Retail","Consumer Discretionary ETFs"
"State Street SPDR S&P Semiconductor ETF","XSD","2552.49","52.68873659776721565159721454625842820825",".2976","-3.3605","-4.3457","-26.3151","41.5161","69.9516","Technology  - Semiconductors","Technology ETFs"
"Invesco S&P SmallCap Quality ETF","XSHQ","302.15","82.08208208208208208208208208208208208208",".8597","-1.4913","-.8513","5.4887","9.9251","11.6153","Style Box - Small Cap Blend","Style Box - Small Cap Blend"
"Invesco S&P SmallCap Low Volatility ETF","XSLV","250.98","82.9773803261441346659652814308258811152",".5821","-2.5661","-.1497","8.051","7.5578","13.778","Style Box - Small Cap Blend","Style Box - Small Cap Blend"
"Invesco S&P SmallCap Momentum ETF","XSMO","2958.53","63.18944844124700239808153477218225419664",".812","-4.4482","-1.4821","-3.5746","6.671","17.5505","Style Box - Small Cap Growth","Style Box - Small Cap Growth"
"WisdomTree Emerging Markets ex-State-Owned Enterprises ETF","XSOE","2124.59","77.80979827089337175792507204610951008646",".4418","4.5783","-.4587","-3.7289","16.156","35.8828","Strategy - Socially Responsible","Broad Emerging Market ETFs"
"Invesco S&P SmallCap Value with Momentum ETF","XSVM","642.96","86.33553068628953957790382748224232203996",".5527","-2.7828",".4229","5.8878","14.7589","24.7618","Style Box - Small Cap Value","Style Box - Small Cap Value"
"BondBloxx Bloomberg Seven Year Target Duration US Treasury ETF","XSVN","390.38","3.26236263736263736263736263736263736264",".1085",".1947","-.6471","-.7613","-2.7956",".5462","US Treasury - Intermediate Term","Government Bond ETFs"
"State Street SPDR S&P Software & Services ETF","XSW","490.74","96.58326607479149852031207963411353241862","2.8819","10.4689","-1.2077","18.5902","35.3815","10.5101","Technology  - Software","Technology ETFs"
"iShares Future Exponential Technologies ETF","XT","3915.35","91.65583008235804074555700043346337234504","1.1622","2.9507","-.944","-.9327","17.7988","30.6243","Technology  - broad","Technology ETFs"
"BondBloxx Bloomberg Ten Year Target Duration US Treasury ETF","XTEN","1053","3.2276657060518731988472622478386167147",".1862",".5505","-.6682","-1.188","-3.7608",".6835","US Treasury - Intermediate Term","Government Bond ETFs"
"State Street SPDR S&P Telecom ETF","XTL","589.52","65.8405078702495869206017914601269675624","-.1629","-2.572","-2.7131","-12.2072","11.8435","59.3328","Communication Services - Broad","Communication Services ETFs"
"State Street SPDR S&P Transportation ETF","XTN","349.42","65.12594131394443001817709685795897169566",".8706","-5.876","-2.5512","-5.8303","3.0282","23.0266","Industrials  - Transportation/Shipping","Industrials ETFs"
"BondBloxx Bloomberg Two Year Target Duration US Treasury ETF","XTWO","248.06","6.36363636363636363636363636363636363636",".0411",".4857","-.1483",".4974",".3537","2.6052","US Treasury - Short Term","Government Bond ETFs"
"BondBloxx Bloomberg Twenty Year Target Duration US Treasry ETF","XTWY","245.99","8.73955431754874651810584958217270194986",".2248",".9617","-1.0212","-3.4103","-7.3692","-1.2606","US Treasury - Long Term","Government Bond ETFs"
"iShares ESG Select Screened S&P 500 ETF","XVV","680.12","97.49362786745964316057774001699235344095","1.1325","2.2945",".279","3.3502","14.9559","20.3759","Strategy - Socially Responsible","Style Box - Large Cap Blend"
"Global X S&P 500 Covered Call ETF","XYLD","3335.41","100",".5304","1.5001",".4093","4.984","8.3512","18.2343","Style Box - Large Cap Blend","Derivative Based ETF"
"AB Ultra Short Income ETF","YEAR","1539.3","6.89655172413793103448275862068965517241",".0399",".5879","-.0419",".8228","1.3121","3.215","Ultra short Bond ETF","Ultra short Bond ETF"
"Direxion Daily FTSE China Bull 3X ETF","YINN","661.48","21.52402615865794711401762866079044640318","-1.7603","-10.0434",".5544","-4.6659","-14.148","-37.1396","Derivative Based ETF","Leveraged Equity ETFs"
"Principal Active High Yield ETF","YLD","604.16","23.28767123287671232876712328767123287671",".1059","1.4247","-.0363","1.4444","3.2346","5.376","Corporates - Junk/High Yield","High-Yield/Junk Bond ETFs"
"YieldMax Magnificent 7 Fund of Option Income ETFs","YMAG","294.33","10.91954022988505747126436781609195402299","2.1907","2.2545","2.1907","1.2315","7.4797","9.7308","Derivative Based ETF","Technology ETFs"
"YieldMax Universe Fund of Option Income ETFs","YMAX","374.49","7.15502555366269165247018739352640545145","3.8887","6.5147","1.1762","1.8365","12.0973","-2.1004","Derivative Based ETF","Derivative Based ETF"
"YOKE Core ETF","YOKE","232.36","80.30482391240011837821840781296241491566",".8122","-1.5643","-.1773","-1.0238","9.8644","18.0502","Moderate Allocation","Total Portfolio ETFs"
"Amplify CEF High Income ETF","YYY","737.32","37.70491803278688524590163934426229508197","-.1789","-.0886","-1.2259","1.5873","2.7682","7.1429","Strategy - CEFs/OET","Convertibles/CEFs/OET/Preferred Stock ETFs"
"Innovator U.S. Equity 10 Buffer ETF - Quarterly","ZALT","784.31","100",".4206","1.1098",".2026","2.593","5.6454","9.6958","Derivative Based ETF","Defined Outcome"
"Global X U.S. Electrification ETF","ZAP","454.91","55.6","1.0852","-3.1202","-.5651","-4.4752","-2.7829","16.5354","Energy - Broad","Energy ETFs"
"Zacks Earnings Consistent Portfolio ETF","ZECP","375.02","90.8163265306122448979591836734693877551",".9796",".1576","-.1074","3.1647","7.2252","16.3356","Style Box - All Cap Blend","Style Box - All Cap Blend"
"PIMCO 25+ Year Zero Coupon U.S. Treasury Index ETF","ZROZ","1629.97","12.2230164403145103645461043602573266619",".2048",".4964","-1.278","-5.1474","-10.1682","-3.5192","US Treasury - Long Term","Government Bond ETFs"
