Company Name,Ticker,Market Value (mil),Price as a % of 52 Wk H-L Range,Performance 1D (%),Performance 1M (%),Performance 1W (%),Performance 3M (%),Performance 6M (%),Performance 1Y (%),Investment Strategy,Investment Category
"Amplius Aggressive Asset Allocation ETF","AAAA","282.48","92.65002013693113169552960128876359242851",".6603","-.5098","-.7032","2.0129","12.2505","17.5805","Strategy - Aggressive Growth","Total Portfolio ETFs"
"Goldman Sachs Physical Gold ETF","AAAU","2624.57","39.83739837398373983739837398373983739837",".5397","-.58","-1.9899","3.3028","-16.194","19.3427","Precious Metals - Gold","Precious Metals ETFs"
"Alpha Architect US Equity 2 ETF","AAEQ","504.99","92.60343481654957064793130366900858704137",".8778","-.4332","-.5292","4.1508","13.2224","0","Style Box - All Cap Blend","Style Box - All Cap Blend"
"Alpha Architect US Equity 3 ETF","AAUA","360.6","93.57374392220421393841166936790923824959",".8955","-.4469","-.5196","4.5898","0","0","Style Box - All Cap Blend","Style Box - All Cap Blend"
"Alpha Architect US Equity 4 ETF","AAUB","843.8","78.04364975019721272679463581383118590586",".835","-.2772","-.1915","0","0","0","Style Box - All Cap Blend","Style Box - All Cap Blend"
"Alpha Architect U.S. Equity ETF","AAUS","498.71","92.64900079232326789330046659036887049916",".8816","-.431","-.5519","4.2603","12.8266","15.7923","Style Box - Large Cap Blend","Style Box - Large Cap Blend"
"iShares MSCI All Country Asia ex Japan ETF","AAXJ","3950.8","81.3689292814541323487645555239988639591","1.2478","3.5469","-1.5811",".7258","17.4133","31.9408","Geographic - Broad Pacific","Asia-Pacific (Emerging) ETFs"
"Abacus FCF Leaders ETF","ABFL","522.72","71.89249720044792833146696528555431131019",".9112","-3.5552","-1.4747","-.7891","11.56","12.1451","Style Box - All Cap Blend","Style Box - All Cap Blend"
"Aptus Collared Investment Opportunity ETF","ACIO","2377.25","88.14352574102964118564742589703588143526",".5581","-.8885","-.4462","1.9966","8.4343","9.2307","Derivative Based ETF","Hedge Fund ETFs"
"American Century Large Cap Equity ETF","ACLC","319.18","85.90432175868098925805645765675743192606",".8859","-2.0871","-1.3245","3.458","11.4887","12.0615","Strategy - Socially Responsible","Style Box - Large Cap Blend"
"TCW AAA CLO ETF","ACLO","580.15","64.13301662707838479809976247030878859857",".0714",".4563",".0595","1.2807","2.7355","5.0645","Asset Backed - MBS","Mortgage-Backed Security ETFs"
"iShares MSCI ACWI ETF","ACWI","32837.77","92.11735595616825733474726051608342170378",".9195","-.3978","-1.013","3.4844","12.8164","19.0004","Global Large-Cap Blend Equity ETF","Global Large-Cap Blend Equity ETF"
"iShares MSCI Global Min Vol Factor ETF","ACWV","3340.17","79.52684258416742493175614194722474977252",".6954","-.2613","-1.2077","4.3337","4.6431","6.1313","Global Large-Cap Blend Equity ETF","Global Large-Cap Blend Equity ETF"
"iShares MSCI ACWI ex U.S. ETF","ACWX","12368.08","91.39118457300275482093663911845730027548",".8091",".1426","-1.5924","2.5774","11.2253","22.715","Foreign Large Blend ETF","Foreign Large Blend ETF"
"FT Vest Laddered Autocallable Barrier & Income ETF","ACYN","1917.96","73.86363636363636363636363636363636363636","0",".7865","0","2.759","5.6079","0","Derivative Based ETF","Defined Outcome"
"FT Vest Laddered Autocallable Barrier & Resilient Income ETF","ACYS","423.52","73.91304347826086956521739130434782608696",".0978",".6479","0","2.0592","0","0","Derivative Based ETF","Defined Outcome"
"Aptus Drawdown Managed Equity ETF","ADME","304.89","88.27313769751693002257336343115124153499",".7315","-.9835","-.6086","2.0934","9.6917","11.7743","Style Box - Large Cap Growth","Style Box - Large Cap Growth"
"Anfield U.S. Equity Sector Rotation ETF","AESR","249.7","74.20634920634920634920634920634920634921","1.0152","-1.2407","-1.0934","-.847","14.3021","17.4764","Style Box - Large Cap Blend","Style Box - Large Cap Blend"
"Anfield Universal Fixed Income ETF","AFIF","304.36","35.71428571428571428571428571428571428571","-.1068","-.2975","-.5845",".2084","1.2873","3.432","Total Bond Market - Broad","Total Bond Market ETFs"
"First Trust Active Factor Large Cap ETF","AFLG","765.53","91.60597930241471828286699885013415101571",".9718","-.4456","-.7993","3.7017","13.1521","17.1633","Style Box - Large Cap Blend","Style Box - Large Cap Blend"
"First Trust Active Factor Mid Cap ETF","AFMC","215.5","86.79402860423843825033928385008873577618","1.142","-2.0673","-.9771","1.0191","13.7099","18.663","Style Box - Mid Cap Blend","Style Box - Mid Cap Blend"
"ARS Focused Opportunity Strategy ETF","AFOS","299.73","89.71317181843497632971317181843497632971",".9415","-1.3745","-1.4598","3.39","21.2512","56.0338","Style Box - All Cap Value","Style Box - All Cap Value"
"abrdn Emerging Markets Dividend Active ETF","AGEM","373.08","90.89946389569130981534184922893639552585","1.3455","3.4929","-.7048","2.8672","18.088","38.8052","Geographic - Broad Emerging Markets","Broad Emerging Market ETFs"
"KraneShares Public-Private AI & Technology ETF","AGIX","862.58","80.29719317556411667583929554210236653825","1.1926","1.2821","-.2395","1.1926","31.7424","29.2655","Artificial Intelligence and Robotics ETF","Artificial Intelligence and Robotics ETF"
"Adaptive Alpha Opportunities ETF","AGOX","375.44","77.65190525231719876416065911431513903193",".8202","-2.9146","-.8336","-3.589","19.3479","13.4241","Target Outcome","Total Portfolio ETFs"
"ProShares Ultra Silver","AGQ","1385.7","5.05968967236676150529434194702724899539","2.2231","-3.348","-6.0098","-14.0955","-51.8075","24.2557","Derivative Based ETF","Leveraged Commodity ETFs"
"iShares Asia 50 ETF","AIA","4844.5","84.46797781139687342410489157841654059506","1.449","4.0692","-1.6071","1.2443","27.3616","57.3193","Geographic - Asia Developed","Asia-Pacific (Developed) ETFs"
"Allspring Income Plus ETF","AINP","218.05",".4587155963302752293577981651376146788991",".0204","-.902","-.8096","-.9287",".4039","1.5261","Total Bond Market - Broad","Total Bond Market ETFs"
"REX AI Equity Premium Income ETF","AIPI","441.05","36.23838513297020185837872476770265940404","1.4266","2.2204","-.0038","7.2856","17.6719","19.1693","Derivative Based ETF","Artificial Intelligence and Robotics ETF"
"Defiance AI & Power Infrastructure ETF","AIPO","884.88","57.06883789785344189489267209474463360474","1.8994","-4.1046","-.344","-6.2156","11.8533","36.3092","Artificial Intelligence and Robotics ETF","Artificial Intelligence and Robotics ETF"
"Global X Artificial Intelligence & Technology ETF","AIQ","9977.36","75.70977917981072555205047318611987381703","1.4268","1.2342","-.5286",".0476","28.166","35.6474","Artificial Intelligence and Robotics ETF","Artificial Intelligence and Robotics ETF"
"First Trust RBA American Industrial Renaissance ETF","AIRR","9106.86","38.49798625918028903103529969201610992656","2.0255","-12.7511","-1.3153","-16.4343","-4.3507","14.9754","Industrials  - Broad","Industrials ETFs"
"VistaShares Artificial Intelligence Supercycle ETF","AIS","973.5","69.3028000947331985207046692536117031936","2.7275","4.9883","1.7489","-6.1385","59.8749","116.3241","Artificial Intelligence and Robotics ETF","Artificial Intelligence and Robotics ETF"
"WisdomTree U.S. AI Enhanced Value Fund","AIVL","418.17","81.16210072053327168342773475128116210072",".5533","-2.3201","-1.7107","3.7342","11.425","15.8383","Style Box - Large Cap Value","Style Box - Large Cap Value"
"Akre Focus ETF","AKRE","4889.28","37.024901703800786369593709043250327654","1.0642","-4.2996","-4.3157","3.8455","3.3182","0","Style Box - All Cap Growth","Style Box - All Cap Growth"
"Alger AI Enablers & Adopters ETF","ALAI","1292.06","89.91060025542784163473818646232439335888",".3778","1.0515","-.8995","4.9733","30.6624","25.3677","Artificial Intelligence and Robotics ETF","Artificial Intelligence and Robotics ETF"
"State Street Bridgewater All Weather ETF","ALLW","1789.59","71.3073005093378607809847198641765704584",".0338","-1.0699","-1.9224",".4754","-.0675","11.6834","Multi-Asset - Total Portfolio","Total Portfolio ETFs"
"GraniteShares 2x Long AMD Daily ETF","AMDL","962.33","65.625","4.8736","14.7662","15.9196","-4.7249","355.1697","499.4802","Derivative Based ETF","Single Stock ETF"
"YieldMax AMD Option Income Strategy ETF","AMDY","397.7","52.72543741588156123822341857335127860027","2.0422","1.3598","6.2135","-9.6231","63.9679","76.0045","Derivative Based ETF","Single Stock ETF"
"Alerian MLP Index ETNs due January 28, 2044","AMJB","883.82","86.77450047573739295908658420551855375833","-1.615",".3267","-2.3903","6.02","8.1805","23.3322","Energy - MLP","MLP ETFs"
"Alerian MLP ETF","AMLP","13549.06","97.56733275412684622067767158992180712424",".287","2.8726",".341","8.8511","10.6087","25.5074","Energy - MLP","MLP ETFs"
"InfraCap MLP ETF","AMZA","492.05","98.71309613928841786525359576078728236185",".2946","4.1582",".8493","13.0208","15.485","32.0356","Energy - MLP","MLP ETFs"
"Direxion Daily AMZN Bull 2X ETF","AMZU","251.16","56.03569751056834194457491780178487552842","3.7447","-12.3022","-1.5612","5.581","29.378","-.2947","Derivative Based ETF","Single Stock ETF"
"YieldMax AMZN Option Income Strategy ETF","AMZY","229.54","10.35120147874306839186691312384473197782","1.7416","-4.324","-.7376","6.2518","13.6339","3.7752","Derivative Based ETF","Single Stock ETF"
"VanEck Fallen Angel High Yield","ANGL","3179.04","7.46268656716417910447761194029850746269","-.1401","-1.0219","-1.0069","-.349","1.6289","2.9029","Corporates - Junk/High Yield","High-Yield/Junk Bond ETFs"
"SEI Ang Research Enhanced U.S. Large Cap ETF","ANGU","444.64","32.6086956521739130434782608695652173913",".8383","-.3786","-.8128","0","0","0","Style Box - Large Cap Blend","Style Box - Large Cap Blend"
"iShares Core 80/20 Aggressive Allocation ETF","AOA","3256.5","88.83211678832116788321167883211678832117",".4288","-.7267","-1.0662","2.2681","9.5686","15.0187","Strategy - Aggressive Growth","Total Portfolio ETFs"
"iShares Core 30/70 Conservative Allocation ETF","AOK","784.44","67.88783355947535052012663952962460425147",".2454","-.9559","-1.0177","-.1043","2.7459","5.3256","Conservative","Total Portfolio ETFs"
"iShares Core 40/60 Moderate Allocation ETF","AOM","1780.68","78.42565597667638483965014577259475218659",".3049","-.9038","-1.0231",".1963","4.0483","7.161","Moderate Allocation","Total Portfolio ETFs"
"iShares Core 60/40 Balanced Allocation ETF","AOR","3705.3","85.71428571428571428571428571428571428571",".5217","-.7725","-1.0415","1.367","6.9333","11.1208","Moderate Allocation ","Total Portfolio ETFs"
"ActivePassive International Equity ETF","APIE","1143.32","85.63703954038526529232848935451165934437",".8879","-1.7051","-1.5323","2.2698","7.3973","14.9135","Foreign Large Blend ETF","Foreign Large Blend ETF"
"AllianzIM U.S. Equity Buffer20 Apr ETF","APRW","202.57","98.22532938962086582414627588061306802904",".223",".4631","-.1455","2.2457","7.3645","10.67","Derivative Based ETF","Defined Outcome"
"ActivePassive U.S. Equity ETF","APUE","2455.48","88.38219326818675352877307274701411509229",".7669","-1.1785","-1.0101","3.6808","13.5957","17.7896","Style Box - Large Cap Blend","Style Box - Large Cap Blend"
"AQE Core ETF","AQEC","600.31","77.29095074455899198167239404352806414662",".7831","-.771","-1.368","6.8473","5.3546","0","Style Box - Large Cap Growth","Style Box - Large Cap Growth"
"iShares MSCI Global Quality Factor ETF","AQLT","325.77","83.51174033149171270718232044198895027624",".8652","-2.2129","-1.1513","2.0165","10.2517","19.2942","Global Large-Cap Growth Equity ETF","Global Large-Cap Growth Equity ETF"
"Global X MSCI Argentina ETF","ARGT","822.99","78.69454648205707827069793727041537157389","-1.5277","3.0238","-1.0476","-2.2878","6.6376","31.4828","Geographic - Argentina","Frontier Markets"
"ARK 21Shares Bitcoin ETF","ARKB","2941.19","27.69784172661870503597122302158273381295",".1564","21.7102","-3.2112","21.537","9.2072","-32.6675","Cryptocurrency ETFs","Cryptocurrency ETFs"
"ARK Blockchain & Fintech Innovation ETF","ARKF","791.72","39.46208112874779541446208112874779541446",".8048","4.3267","-4.2675","15.8828","9.6147","-17.5987","Technology  - broad","Technology ETFs"
"ARK Genomic Revolution ETF","ARKG","1924.11","82.17115689381933438985736925515055467512",".3967","2.2671","-3.3517","35.3938","64.6549","73.9595","Healthcare - Broad","Health Care ETFs"
"ARK Innovation ETF","ARKK","6370.7","69.14856945880730782488796966563254050327",".6261","3.6973","-3.0619","10.7607","14.3835","6.7433","Geographic - Global Total Market","Broad Developed World ETFs"
"ARK Autonomous Technology & Robotics ETF","ARKQ","1879.64","47.22744360902255639097744360902255639098",".7221","-5.4092","-.728","-6.8182","-.0659","22.5859","Geographic - Global Total Market","World ETFs"
"ARK Next Generation Internet ETF","ARKW","1810.22","60.57564575645756457564575645756457564576",".4977","3.7222","-2.1522","11.0167","19.1129","-4.0067","Technology  - Internet","Technology ETFs"
"ARK Space & Defense Innovation ETF","ARKX","750.46","50.83333333333333333333333333333333333333",".5527","-7.4688","-1.1794","-7.5762",".6321","22.5087","Industrials  - Aerospace & Defense","Industrials ETFs"
"iShares Future AI & Tech ETF","ARTY","3978.02","85.5813953488372093023255813953488372093","1.3699","3.157","-.8798","4.1846","51.198","69.6393","Artificial Intelligence and Robotics ETF","Artificial Intelligence and Robotics ETF"
"Xtrackers Harvest CSI 300 China A-Shares ETF","ASHR","1519.62","37.11340206185567010309278350515463917526",".0595","-2.9988","-1.6374","-3.9406","-.8547","5.9055","Geographic - China","Asia-Pacific (Emerging) ETFs"
"Allspring Special Large Value ETF","ASLV","213.31","79.52991452991452991452991452991452991453",".8336","-2.9822","-1.2376","3.7331","7.851","10.7495","Style Box - Large Cap Value","Style Box - Large Cap Value"
"Tradr 2X Long ASTS Daily ETF","ASTX","238.81","1.41943872575576985588904540036840394409","-.3918","-34.5981","-8.6253","-72.7419","-77.1563","-40.2468","Derivative Based ETF","Single Stock ETF"
"Alger 35 ETF","ATFV","470.39","81.50186251269895022011513714866237724348",".3959","-.159","-1.3737","2.3704","19.1638","15.6793","Style Box - Large Cap Growth","Style Box - Large Cap Growth"
"iPath Select MLP ETN","ATMP","643.6","94.55645161290322580645161290322580645161",".0817","1.7662","-.49","6.4335","8.4046","28.2624","Energy - MLP","MLP ETFs"
"Global X Adaptive U.S. Factor ETF","AUSF","907.66","85.07144647781398846828779142642266232138",".5893","-1.4112","-1.4112","3.7487","6.6578","12.4793","Style Box - Large Cap Blend","Style Box - Large Cap Blend"
"Avantis International Equity ETF","AVDE","18877.44","89.77727013135351227869788692175899486008",".8792","-.3259","-1.3172","4.2651","9.1938","21.2642","Foreign Large Blend ETF","Foreign Large Blend ETF"
"Avantis International Small Cap Equity ETF","AVDS","347.42","90.23156611822059719683120048750761730652",".7181",".7002","-1.5982","4.5101","8.4212","21.4051","Foreign Small/Mid Blend ETF","Foreign Small/Mid Blend ETF"
"Avantis International Small Cap Value ETF","AVDV","20244.99","91.88779378316906747536012130401819560273",".722","2.3139","-1.4098","6.2193","10.5165","30.5025","Foreign Small/Mid Value ETF","Foreign Small/Mid Value ETF"
"Avantis Emerging Markets Equity ETF","AVEM","28100.79","82.17054263565891472868217054263565891473","1.2853","4.2553","-.8384",".7116","16.0624","31.3526","Geographic - Broad Emerging Markets","Broad Emerging Market ETFs"
"Avantis Emerging Markets Value ETF","AVES","1520.3","80.36630036630036630036630036630036630037","1.1598","2.6652","-1.39",".4457","9.354","19.2487","Geographic - Broad Emerging Markets","Broad Emerging Market ETFs"
"Avantis All Equity Markets ETF","AVGE","1228.03","91.4206468597216998871756299360661902971","1.1409","-.4053","-1.1753","3.3002","13.3057","23.2013","Global Large-Cap Blend Equity ETF","Global Large-Cap Blend Equity ETF"
"Avantis All Equity Markets Value ETF","AVGV","459.91","92.73326228078674547040015502373800988276","1.0687","-.4174","-1.3249","3.5037","13.0801","26.3843","Global Large-Cap Value Equity ETF","Global Large-Cap Value Equity ETF"
"Defiance Daily Target 2X Long AVGO ETF","AVGX","210.33","18.16878328553871364195002048340843916428",".5979","-26.1251","1.9182","-18.2757","-6.4628","-28.2007","Derivative Based ETF","Single Stock ETF"
"Avantis International Large Cap Value ETF","AVIV","2080.77","93.37142857142857142857142857142857142857",".9888",".5117","-.7621","5.9112","10.5763","26.6754","Foreign Large Value ETF","Foreign Large Value ETF"
"Direxion Daily AVGO Bull 2X ETF","AVL","272.03","18.83620689655172413793103448275862068966",".6286","-25.8587","2.0994","-17.513","-4.8076","-18.0766","Derivative Based ETF","Single Stock ETF"
"Avantis U.S. Large Cap Equity ETF","AVLC","1462.7","89.65330444203683640303358613217768147346",".8307","-.8362","-.8685","3.2489","14.9232","21.2415","Style Box - Large Cap Blend","Style Box - Large Cap Blend"
"Avantis U.S. Large Cap Value ETF","AVLV","21373.99","94.04905508644953759549658222758343385605",".689","-.4654","-.9595","3.1594","16.0895","30.7322","Style Box - Large Cap Value","Style Box - Large Cap Value"
"Avantis U.S. Mid Cap Equity ETF","AVMC","490.59","75.55274794693619709412507896399241945673",".9362","-3.2108","-1.7503","-.0173","8.4424","13.0602","Style Box - Mid Cap Blend","Style Box - Mid Cap Blend"
"Avantis U.S. Mid Cap Value ETF","AVMV","779.3","78.63151991026360067302299495232753785754",".7923","-3.5034","-1.9371","-.1209","9.2902","15.8721","Style Box - Mid Cap Value","Style Box - Mid Cap Value"
"Avantis All International Markets Equity ETF","AVNM","751.87","92.10074413279908414424728105323411562679","1.4041","1.3022","-1.124","4.622","10.8322","24.6894","Foreign Large Blend ETF","Foreign Large Blend ETF"
"Avantis Real Estate ETF","AVRE","860.57","49.92076069730586370839936608557844690967",".4346","-2.1182","-1.2474","-2.2414","2.846","6.4142","Real Estate   - REITs","Real Estate ETFs"
"Avantis U.S. Small Cap Equity ETF","AVSC","3064.41","81.99617956064947468958930276981852913085",".5345","-3.5155","-2.1057","1.6707","15.9399","25.0506","Style Box - Small Cap Value","Style Box - Small Cap Value"
"Avantis Responsible International Equity ETF","AVSD","372","86.2399333518467092474312690919189114135","1.0634","-1.255","-1.6574","3.4716","9.826","17.4404","Strategy - Socially Responsible","Broad Developed World ETFs"
"Avantis Responsible Emerging Markets Equity ETF","AVSE","221.09","80.09584945480126626802673232500879352796","1.3741","4.3786","-.8462",".8645","17.528","30.2718","Strategy - Socially Responsible","Broad Emerging Market ETFs"
"Avantis Responsible U.S. Equity ETF","AVSU","483.01","87.48319023481948898313851246508741077894",".8472","-1.3743","-1.2053","2.7417","16.7542","21.9859","Strategy - Socially Responsible","Style Box - All Cap Value"
"Avantis Total Equity Markets ETF","AVTM","780.7","86.43449721943659403774272951043850852402",".9744","-1.3822","-.8924","3.0469","14.5051","0","Global Large-Cap Blend Equity ETF","Global Large-Cap Blend Equity ETF"
"Avantis U.S. Quality ETF","AVUQ","337.2","88.44648001772918667356135037305163625619",".8697","-1.0075","-1.0016","2.9397","12.4768","14.2756","Style Box - Large Cap Growth","Style Box - Large Cap Growth"
"Avantis U.S. Equity ETF","AVUS","14329.38","89.41043935411190386781825009387908374014",".793","-.8815","-1.025","3.1877","14.6632","21.4157","Style Box - All Cap Blend","Style Box - All Cap Blend"
"Avantis U.S. Small Cap Value ETF","AVUV","31081.16","87.81959207124389543234702671646078713014",".5817","-1.8125","-1.5881","1.3914","16.0821","24.398","Style Box - Small Cap Value","Style Box - Small Cap Value"
"Avantis Emerging Markets ex-China Equity ETF","AVXC","463.71","84.9729951459629452382580159978122649894","1.4504","5.6129","-.0906","1.8873","21.5567","44.1911","Geographic - Broad Emerging Markets","Broad Emerging Market ETFs"
"Brown Advisory Flexible Equity ETF","BAFE","1700.31","82.57933828494260634706279540850776502363",".6702","-2.9377","-1.6996","2.9156","13.0617","8.7353","Style Box - All Cap Blend","Style Box - All Cap Blend"
"iShares A.I. Innovation and Tech Active ETF","BAI","14033.58","57.84908933217692974848222029488291413703","1.1131",".2026","-.1794","-8.8657","29.2393","31.6502","Technology  - broad","Technology ETFs"
"iShares U.S. Large Cap Premium Income Active ETF","BALI","1375.68","84.85436893203883495145631067961165048544",".7024","-.7045","-.6926","4.8758","13.0942","18.057","Style Box - Large Cap Blend","Style Box - Large Cap Blend"
"Innovator Defined Wealth Shield ETF","BALT","2894.91","97.66355140186915887850467289719626168224",".2595",".2884","-.1006","1.7262","3.1751","6.3303","Derivative Based ETF","Defined Outcome"
"Innovator U.S. Equity Buffer ETF - April","BAPR","413.39","97.77089783281733746130030959752321981424",".4519",".5502","-.2107","3.2809","12.335","16.7167","Derivative Based ETF","Defined Outcome"
"GraniteShares Gold Trust","BAR","1406.61","39.6862289366647298082510168506682161534",".5169","-.6041","-2.0604","3.2834","-16.2162","19.2973","Precious Metals - Gold","Precious Metals ETFs"
"Brown Advisory Sustainable Growth ETF","BASG","507.08","82.55521386636846519429689684092815208275",".9453","-3.7137","-1.8626","6.6299","18.0467","6.5647","Style Box - All Cap Growth","Style Box - All Cap Growth"
"Brown Advisory Sustainable Value ETF","BASV","410.47","82.96405711472181191531265386509108813392","1.3631","-2.7979","-2.1002","3.8194","15.5371","15.7942","Style Box - Large Cap Value","Style Box - Large Cap Value"
"Innovator U.S. Equity Buffer ETF - August","BAUG","268.81","95.02719502719502719502719502719502719503",".6143","-.1881","-.4688","4.1296","10.5025","13.7124","Derivative Based ETF","Defined Outcome"
"JPMorgan BetaBuilders Developed Asia Pacific ex-Japan ETF","BBAX","6730.88","83.23554065381391450125733445096395641241",".615","-1.2842","-2.8772","5.6213","5.0189","14.1165","Geographic - Asia Developed","Asia-Pacific (Developed) ETFs"
"JPMorgan BetaBuilders Canada ETF","BBCA","11063.24","84.4",".5196","-1.527","-2.3462","3.7026","7.8634","22.3189","Geographic - Canada","Canadian Equity ETFs"
"JPMorgan BetaBuilders Emerging Markets Equity ETF","BBEM","878.17","79.52369260986987478517063589491775104346","1.3345","3.6131","-.9743",".6876","15.4816","30.1084","Geographic - Broad Emerging Markets","Broad Emerging Market ETFs"
"JPMorgan BetaBuilders Europe ETF","BBEU","9213.31","79.06626506024096385542168674698795180723",".6797","-2.5931","-1.8748","1.7439","7.891","16.5429","Geographic - Broad Europe","European Equity ETFs"
"VanEck Biotech ETF","BBH","463.33","82.3782442104248499891558425910306769164",".3307","4.4043","-4.8648","22.0924","19.4514","35.4096","Healthcare - Biotech","Health Care ETFs"
"BBH Select Large Cap ETF","BBHL","517.45","78.30585192369867442612350468800517297123",".8989","-3.4354","-1.1472",".6608","9.8648","0","Style Box - Large Cap Growth","Style Box - Large Cap Growth"
"BBH Select Mid Cap ETF","BBHM","393.99","50","1.5762","-5.5375","-1.8446","2.5641","3.479","0","Style Box - Mid Cap Growth","Style Box - Mid Cap Growth"
"JPMorgan BetaBuilders International Equity ETF","BBIN","6652.88","88.94453004622496147919876733436055469954","1.0896","-1.1772","-1.3727","3.1582","8.8021","17.7773","Foreign Large Blend ETF","Foreign Large Blend ETF"
"JPMorgan BetaBuilders Japan ETF","BBJP","19486.21","100","2.2625","2.3283",".3153","6.4356","13.7078","18.4132","Geographic - Japan","Asia-Pacific (Developed) ETFs"
"EA Bridgeway Blue Chip ETF","BBLU","461.87","93.96825396825396825396825396825396825397",".7545","-.1438","-.0576","5.4038","14.7769","16.9024","Style Box - Large Cap Blend","Style Box - Large Cap Blend"
"JPMorgan BetaBuilders U.S. Mid Cap Equity ETF","BBMC","2073.23","80.84705415592144415790517754413806784368",".8115","-3.4561","-2.0408",".5028","12.9404","18.5355","Style Box - Mid Cap Blend","Style Box - Mid Cap Blend"
"JPMorgan BetaBuilders MSCI US REIT ETF","BBRE","1230.98","58.13842482100238663484486873508353221957",".3754","-1.8081","-1.2782","-1.958","6.1779","10.8903","Real Estate   - REITs","Real Estate ETFs"
"JPMorgan BetaBuilders U.S. Small Cap Equity ETF","BBSC","722.48","78.05427974947807933194154488517745302714",".6052","-4.2879","-2.3162",".8326","16.3565","20.3665","Style Box - Small Cap Value","Style Box - Small Cap Value"
"JPMorgan BetaBuilders U.S. Equity ETF","BBUS","9115.05","90.77560240963855421686746987951807228916",".8701","-.8196","-.7411","3.9794","13.6748","16.8947","Style Box - All Cap Blend","Style Box - All Cap Blend"
"abrdn Bloomberg All Commodity Longer Dated Strategy K-1 Free ETF ","BCD","450.87","95.9254947613504074505238649592549476135","-.885","5.9746","1.423","9.5584","8.0783","16.0794","Basket - Broad","Broad Commodity ETFs"
"Principal Focused Blue Chip ETF","BCHP","231.2","77.85471648811079174287954010974653775804","1.0196","-4.0404","-1.9096","3.7552","9.3766","-1.1452","Style Box - Large Cap Growth","Style Box - Large Cap Growth"
"abrdn Bloomberg All Commodity Strategy K-1 Free ETF","BCI","3526.85","95.46703296703296703296703296703296703297","-1.2309","8.0375","2.1211","12.7288","11.5417","25.2009","Basket - Broad","Broad Commodity ETFs"
"BNY Mellon Core Plus ETF","BCPL","310.27","1.58102766798418972332015810276679841897",".0829","-.8684","-.984","-1.7035","-1.1936","0","Total Bond Market - Broad","Total Bond Market ETFs"
"Baron Technology ETF","BCTK","233.01","74.08705813613789073911773298276365761028","1.1019","-1.9724","-.8248","-.5834","19.2037","0","Technology  - broad","Technology ETFs"
"Innovator U.S. Equity Buffer ETF - December","BDEC","213.85","96.49955122451596358507500961661751506603",".7555",".0881","-.3416","3.6936","10.5105","15.136","Derivative Based ETF","Defined Outcome"
"iShares Disciplined Volatility Equity Active ETF","BDVL","1743.73","83.95189003436426116838487972508591065292","1.0485","-1.1635","-1.134","2.7949","5.9825","0","Geographic - Global Total Market","World ETFs"
"iShares Dynamic Equity Active ETF","BDYN","3062.41","86.94798822374877330716388616290480863592",".9181","-1.2576","-.7085","3.0515","10.8562","0","Geographic - Global Total Market","World ETFs"
"BNY Mellon Enhanced Dividend and Income ETF","BEDY","245.05","82.88144603934077618288144603934077618288",".6114","-1.118","-.8934","4.9729","13.8682","0","Style Box - Large Cap Value","Style Box - Large Cap Value"
"Horizon Landmark ETF","BENJ","349.36","99.08069458631256384065372829417773237998",".0508",".3433",".079","1.0101","1.8805","3.7987","US Treasury - Ultra Short","Money Market/Ultra-Short Term ETFs"
"Tradr 2X Long BE Daily ETF","BEX","218.71","39.36267467676635758129815854773409951678","12.9274","59.3314","17.4727","-16.3147","53.4855","0","Derivative Based ETF","Single Stock ETF"
"Innovator U.S. Equity Buffer ETF - February","BFEB","258.45","96.52278177458033573141486810551558752998",".6198",".1617","-.3255","3.5008","9.9939","15.1399","Derivative Based ETF","Defined Outcome"
"iShares Flexible Equity Active ETF","BFLX","2092.73","63.27014218009478672985781990521327014218","1.0046","-1.6481","-.8518","2.1223","0","0","Global Large-Cap Blend Equity ETF","Global Large-Cap Blend Equity ETF"
"BARRONS-400 ETF","BFOR","230.16","80.6687957918467029870373849333082848018",".7641","-2.8601","-2.0621","2.7421","11.7396","16.1122","Style Box - All Cap Value","Style Box - All Cap Value"
"Bahl & Gaynor Dividend ETF","BGDV","793.47","77.33165286280158444364422038170687792582",".4291","-3.2263","-1.1318","1.1953","8.6897","14.3507","Style Box - Large Cap Value","Style Box - Large Cap Value"
"Baillie Gifford Long Term Global Growth ETF","BGGG","376.51","48.77608863694923988662715794898222107704",".4115","-5.1742","-2.6286","1.5837","0","0","Global Large-Cap Growth Equity ETF","Global Large-Cap Growth Equity ETF"
"Bahl & Gaynor Income Growth ETF","BGIG","2192.46","79.19485791610284167794316644113667117727",".5812","-2.877","-.5473","3.2419","8.4764","15.4473","Style Box - Large Cap Value","Style Box - Large Cap Value"
"Xtrackers USD High Yield BB-B ex Financials ETF","BHYB","3081.28","4.28485214242607121303560651780325890163",".0037","-.4238","-.6067",".0396","1.7719","3.6342","Corporates - Junk/High Yield","High-Yield/Junk Bond ETFs"
"Inspire 100 ETF","BIBL","489.88","79.92351816443594646271510516252390057361","1.4964","-2.6749","-.669","-.1183","14.3309","25.6624","Strategy - Socially Responsible","Style Box - Large Cap Growth"
"iShares International Dividend Active ETF","BIDD","402.43","68.68884540117416829745596868884540117417","1.082",".3908","-1.2176","2.1766","10.8362","18.7064","Foreign Large Value ETF","Foreign Large Value ETF"
"State Street SPDR Bloomberg 1-3 Month T-Bill ETF","BIL","46949.22","46.93877551020408163265306122448979591837",".0328",".3167",".0547",".9186","1.8184","3.6372","US Treasury - Ultra Short","Government Bond ETFs"
"State Street SPDR Bloomberg 3-12 Month T-Bill ETF","BILS","3868.02","25",".0101",".2764","0",".8801","1.7373","3.5608","US Treasury - Ultra Short","Government Bond ETFs"
"PIMCO Ultra Short Government Active Exchange-Traded Fund","BILZ","944.85","16.36363636363636363636363636363636363636","0",".2779",".0149",".9032","1.8061","3.6207","US Treasury - Ultra Short","Money Market/Ultra-Short Term ETFs"
"Bluemonte Global Equity ETF","BINT","433.97","93.73065015479876160990712074303405572755","1.0263",".4417","-1.2133","2.6674","12.6735","22.6071","Global Large-Cap Value Equity ETF","Global Large-Cap Value Equity ETF"
"Brandes International ETF","BINV","523.41","77.62982689747003994673768308921438082557",".4762","-3.3932","-2.8013","4.4056","6.66","17.8722","Foreign Large Value ETF","Foreign Large Value ETF"
"Bitwise Bitcoin ETF","BITB","2853.18","27.68470200494369678659708871189233726998",".1911","21.8124","-3.1632","21.53","9.3041","-32.6806","Cryptocurrency ETFs","Cryptocurrency ETFs"
"ProShares Bitcoin ETF","BITO","1647.69","18.71574001566170712607674236491777603759","0","21.1296","-3.4451","20.4275","7.3045","-31.2154","Cryptocurrency ETFs","Cryptocurrency ETFs"
"Bitwise Crypto Industry Innovators ETF","BITQ","439.48","66.32578524470416362308254200146092037984","1.9345","15.2164","-3.0053","-1.7878","25.7059","16.4637","Digital Economy ETF","Digital Economy ETF"
"ProShares Ultra Bitcoin ETF","BITU","480.97","9.1713305650839501715111030871998555696",".2278","43.952","-6.6478","37.1456","3.338","-62.6805","Basket - Broad","Leveraged Currency ETFs"
"Bitwise 10 Crypto Index ETF","BITW","752.07","27.2303554195840091986119951543026096955",".877","24.6433","-2.1404","25.6289","10.0238","-34.9014","Digital Economy ETF","Digital Economy ETF"
"2x Bitcoin ETF","BITX","1162.96","12.03371592539454806312769010043041606887",".2945","44.1853","-6.6849","38.8171","5.1363","-65.2986","Basket - Broad","Leveraged Currency ETFs"
"VanEck BDC Income ETF","BIZD","1627.04","26.33053221288515406162464985994397759104",".5393","-2.3204","-2.1005","5.3019","8.4323","-8.6867","Financials - BDCs/PE","Financials ETFs"
"Innovator U.S. Equity Buffer ETF - January","BJAN","346.28","96.74149167270094134685010861694424330196",".6571",".2591","-.3122","3.6599","10.1588","14.8566","Derivative Based ETF","Defined Outcome"
"Innovator U.S. Equity Buffer ETF - July","BJUL","353.65","93.66433566433566433566433566433566433566",".6086","-.2036","-.5442","2.9695","9.085","12.5091","Derivative Based ETF","Defined Outcome"
"Innovator U.S. Equity Buffer ETF - June","BJUN","257.57","90.27921406411582213029989658738366080662",".6593","-.3214","-.4694","3.0637","5.6464","9.1845","Derivative Based ETF","Defined Outcome"
"Global X Blockchain ETF","BKCH","283.49","30.29467266656989403396719407751487879228","2.713","14.8886","-2.9636","-11.7947","15.4359","3.4836","Digital Economy ETF","Digital Economy ETF"
"BNY Mellon Dynamic Value ETF","BKDV","1983.58","92.54698639014906027219701879455605962411",".6418","-1.513","-.8193","4.3873","15.6166","24.5487","Style Box - Large Cap Value","Style Box - Large Cap Value"
"BNY Mellon Global Infrastructure Income ETF","BKGI","1585.44","68.3574879227053140096618357487922705314","-.3406","-1.2598","-1.0149","-3.0898",".6131","16.7003","Utilities  - Infrastructure","Utilities/Infrastructure ETFs"
"BNY Mellon International Equity ETF","BKIE","1336.63","88.99449724862431215607803901950975487744","1.1143","-1.1782","-1.4048","3.9352","9.6152","18.93","Foreign Large Blend ETF","Foreign Large Blend ETF"
"BNY Mellon US Large Cap Core Equity ETF","BKLC","5729.97","90.67224187841749758764876165969765197813",".8671","-.812","-.7919","3.8313","13.8905","17.3347","Style Box - Large Cap Blend","Style Box - Large Cap Blend"
"Invesco Senior Loan ETF","BKLN","6761.76","44.70588235294117647058823529411764705882","0",".8942","-.097","2.3177","3.3852","4.4375","Corporates - Bank Loan","High-Yield/Junk Bond ETFs"
"BNY Mellon US Mid Cap Core Equity ETF","BKMC","638.55","72.5972687451687709353259469208966761144",".8535","-3.9952","-1.9373","-.3238","7.219","10.4799","Style Box - Mid Cap Blend","Style Box - Mid Cap Blend"
"iShares Large Cap Core Active ETF","BLCR","6712.44","86.8805882844489011448149076627391994652",".9426","-1.5981","-1.2232",".5056","15.9037","24.4407","Style Box - Large Cap Value","Style Box - Large Cap Value"
"iShares Large Cap Value Active ETF","BLCV","345.58","89.17024643906850553922676916120280352702",".6784","-1.1381","-1.2272","6.7668","16.1592","20.0416","Style Box - Large Cap Value","Style Box - Large Cap Value"
"Bluemonte Large Cap Growth ETF","BLGR","290.97","89.94459833795013850415512465373961218837",".876","-1.089","-.8822","3.6907","14.4127","14.6267","Style Box - Large Cap Growth","Style Box - Large Cap Growth"
"Amplify Blockchain Technology ETF","BLOK","1099.7","61.85489902767389678384442782348541510845","1.6868","8.0122","-2.0389","1.1076","19.172","1.5757","Technology  - broad","Technology ETFs"
"Nicholas Crypto Income ETF","BLOX","300.02","11.66123778501628664495114006514657980456","1.3758","11.5272","-1.4664","-6.1937","12.002","-11.4998","Digital Economy ETF","Digital Economy ETF"
"Bluemonte Large Cap Core ETF","BLUC","354.37","90.95911949685534591194968553459119496855",".8399","-.7084","-.6495","3.68","13.6488","15.6583","Style Box - Large Cap Blend","Style Box - Large Cap Blend"
"Bluemonte Dynamic Total Market ETF","BLUX","590.05","84.37125748502994011976047904191616766467",".6966","-2.1348","-1.5312","2.2193","13.9664","17.0796","Multi-Asset - Total Portfolio","Total Portfolio ETFs"
"Vanguard Long-Term Bond Index Fund ETF Shares","BLV","5620.76",".1291989664082687338501291989664082687339",".0154","-1.1824","-1.5039","-4.4885","-3.5901","-4.7184","Long-Term Bond ETF","Long-Term Bond ETF"
"Innovator U.S. Equity Buffer ETF - March","BMAR","202.26","96.50964120087869172565291676836709787649",".6107",".2856","-.3076","3.4662","9.695","15.2012","Derivative Based ETF","Defined Outcome"
"Innovator U.S. Equity Buffer ETF - May","BMAY","235.79","95.85182326837738761335134092224580358866",".7024","-.0041","-.2922","3.3043","7.3338","11.0174","Derivative Based ETF","Defined Outcome"
"BMO Covered Call Canadian Banks ETF","BMDLF","3486.05","100","0",".5305","0","31.7416","28.1276","55.03","Derivative Based ETF","Derivative Based ETF"
"T-REX 2X Long BMNR Daily Target ETF","BMNU","354.91","3.32969715858916419926237598046854708846","7.0252","75.9928",".0513","85.7143","-8.4507","0","Digital Economy ETF","Digital Economy ETF"
"Vanguard Total International Bond Index Fund ETF Shares","BNDX","82501.19",".8488964346349745331069609507640067911715",".0532","-1.4835","-.9694","-1.7428","-1.184","-.6718","Total Bond Market - Broad","Total Bond Market ETFs"
"Horizon Core Bond ETF","BNDY","419.62",".5181347150259067357512953367875647668394",".0411","-.9637","-1.0163","-1.5622","-1.1503","1.2798","Derivative Based ETF","Total Bond Market ETFs"
"United States Brent Oil ETF","BNO","798.59","95.10158641803506818814361258001669913721","-2.7879","20.4278","9.3744","24.9135","39.3506","105.8705","Energy -  Brent Oil","Energy ETFs"
"Innovator U.S. Equity Buffer ETF - October","BOCT","286.22","98.44337787002205214684135426125308081463",".7317",".7502","-.1735","4.2973","11.114","14.3213","Derivative Based ETF","Defined Outcome"
"ProShares Ultra Bloomberg Natural Gas","BOIL","409.92",".8459743290548424737456242707117852975496","-.1037","-5.8191","-5.5419","-26.2352","-51.7777","-65.4839","Derivative Based ETF","Leveraged Commodity ETFs"
"Global X Robotics & Artificial Intelligence ETF","BOTZ","3311.58","34.12863070539419087136929460580912863071","1.496","-5.8698","-1.8637","-5.2657","-2.7604","3.6421","Artificial Intelligence and Robotics ETF","Artificial Intelligence and Robotics ETF"
"Alpha Architect 1-3 Month Box ETF","BOXX","14794.05","100",".0466",".3311",".0508","1.043","1.9319","4.0405","Derivative Based ETF","Derivative Based ETF"
"Burney U.S. Equity Select ETF","BRES","664.47","72.33684210526315789473684210526315789474",".8588","-2.9241","-1.8194","1.5736","7.9508","0","Style Box - All Cap Blend","Style Box - All Cap Blend"
"MFS Blended Research International Equity ETF","BRIE","503.02","93.85185185185185185185185185185185185185",".7939",".6309","-1.3166","3.7375","12.0216","0","Foreign Large Blend ETF","Foreign Large Blend ETF"
"Burney U.S. Factor Rotation ETF","BRNY","600.74","83.59375","1.1158","-1.5689","-1.6275","2.6793","17.3441","22.2726","Style Box - All Cap Blend","Style Box - All Cap Blend"
"Coinshares Bitcoin ETF","BRRR","454.05","27.69287716144043149489714980699064036804",".2623","21.8512","-3.2119","21.5114","9.208","-32.6522","Cryptocurrency ETFs","Cryptocurrency ETFs"
"EA Bridgeway Select Small-Cap Value ETF","BRSV","299.89","16.16894197952218430034129692832764505119",".6474","-2.8607","-1.2146","0","0","0","Style Box - Small Cap Value","Style Box - Small Cap Value"
"Invesco BulletShares 2026 Corporate Bond ETF","BSCQ","3356.85","45.83333333333333333333333333333333333333",".0512",".3423",".0768",".9503","2.004","3.8865","Corporates - Investment Grade","Investment Grade Corporate Bond ETFs"
"Invesco BulletShares 2027 Corporate Bond ETF","BSCR","4576.97","16.27906976744186046511627906976744186047","0",".2262","-.0764",".803","1.642","3.4237","Corporates - Investment Grade","Investment Grade Corporate Bond ETFs"
"Innovator U.S. Equity Buffer ETF - September","BSEP","325.84","93.33972865561189529943812525695491297794",".5668",".2323","-.6813","3.3888","9.7234","12.7367","Derivative Based ETF","Defined Outcome"
"Invesco BulletShares 2026 High Yield Corporate Bond ETF","BSJQ","799.04","6.15384615384615384615384615384615384615","0",".2768","-.0873",".6358","1.193","2.9737","Corporates - Junk/High Yield","High-Yield/Junk Bond ETFs"
"Invesco BulletShares 2027 High Yield Corporate Bond ETF","BSJR","914.71","17.05426356589147286821705426356589147287","0",".1005","-.2459",".8219","1.8858","3.2563","Corporates - Junk/High Yield","High-Yield/Junk Bond ETFs"
"Invesco BulletShares 2028 High Yield Corporate Bond ETF","BSJS","769.99","24.46043165467625899280575539568345323741","-.0692","-.075","-.3906",".6018","2.2066","3.7642","Corporates - Junk/High Yield","High-Yield/Junk Bond ETFs"
"Invesco BulletShares 2029 High Yield Corporate Bond ETF","BSJT","602.89","25.88495575221238938053097345132743362832","-.2372","-.1154","-.4026",".5367","2.5355","3.817","Corporates - Junk/High Yield","High-Yield/Junk Bond ETFs"
"Invesco BulletShares 2030 High Yield Corporate Bond ETF","BSJU","326.27","20.31686859273066169617893755824790307549","-.0588","-.5379","-.6241",".2005","2.0567","3.515","Corporates - Junk/High Yield","High-Yield/Junk Bond ETFs"
"Bitwise Solana Staking ETF","BSOL","806.67","40.64131245339299030574198359433258762118","2.6335","35.818",".5735","55.0276","20.2228","0","Digital Economy ETF","Digital Economy ETF"
"EA Bridgeway Omni Small-Cap Value ETF","BSVO","2440.78","91.9035919035919035919035919035919035919",".5839","-1.0647","-1.4123","3.0613","18.4717","27.3584","Style Box - Small Cap Value","Style Box - Small Cap Value"
"AGF U.S. Market Neutral Anti-Beta Fund","BTAL","309.48","25.79365079365079365079365079365079365079","-.8921","2.6029","1.2428","6.2609","-12.9009","-23.193","Hedge Fund - Long/Short","Hedge Fund ETFs"
"Grayscale Bitcoin Mini Trust","BTC","4082.61","27.68399729912221471978392977717758271438",".2348","21.6601","-3.2852","21.487","9.245","-32.6961","Cryptocurrency ETFs","Cryptocurrency ETFs"
"NEOS Bitcoin High Income ETF","BTCI","1269.45","14.30898723866413250067879446103719793646",".5319","15.9197","-2.281","14.8254","6.1766","-29.1116","Derivative Based ETF","Cryptocurrency ETFs"
"Invesco Galaxy Bitcoin ETF","BTCO","411.72","27.65957446808510638297872340425531914894",".2478","21.7295","-3.2234","21.5178","9.1916","-32.7206","Cryptocurrency ETFs","Cryptocurrency ETFs"
"Simplify Treasury Option Income ETF","BUCK","509.32","10.52631578947368421052631578947368421053",".0858",".1709",".3441",".8514","2.0763","4.4314","Derivative Based ETF","Government Bond ETFs"
"Innovator Laddered Allocation Buffer ETF","BUFB","335.45","95.58823529411764705882352941176470588235",".6511","-.0373","-.3594","3.3556","9.553","13.7058","Derivative Based ETF","Defined Outcome"
"AB Conservative Buffer ETF","BUFC","1056.19","97.20634920634920634920634920634920634921",".3943",".0694","-.1845","2.4864","5.8191","7.1552","Derivative Based ETF","Defined Outcome"
"FT Vest Laddered Deep Buffer ETF","BUFD","2054.43","96.02649006622516556291390728476821192053",".3975",".3144","-.2961","2.6762","7.0268","10.3386","Derivative Based ETF","Defined Outcome"
"Innovator Laddered Allocation Power Buffer ETF","BUFF","1019.56","95.84837545126353790613718411552346570397",".3924",".2425","-.2784","2.8129","7.46","10.7607","Derivative Based ETF","Defined Outcome"
"FT Vest Buffered Allocation Growth ETF","BUFG","331.82","95.40169133192389006342494714587737843552",".4704",".0669","-.2668","2.9614","8.965","11.9221","Derivative Based ETF","Defined Outcome"
"AB Moderate Buffer ETF","BUFM","466.37","89.7054698457223001402524544179523141655",".2884","-.4416","-.4899","2.1105","5.1461","8.4249","Derivative Based ETF","Defined Outcome"
"PGIM Laddered S&P 500 Buffer 12 ETF","BUFP","253.46","96.8643846354847138750979879801411026914",".5518",".3611","-.2736","3.2421","8.7245","12.4563","Derivative Based ETF","Defined Outcome"
"FT Vest Laddered Nasdaq Buffer ETF","BUFQ","1613.29","99.0825688073394495412844036697247706422",".5304",".785","-.1255","2.2873","10.6785","15.3958","Derivative Based ETF","Defined Outcome"
"FT Vest Laddered Buffer ETF","BUFR","10492.13","95.1434878587196467991169977924944812362",".5382",".1877","-.3733","3.2329","8.8261","12.6659","Derivative Based ETF","Defined Outcome"
"FT Vest Laddered Moderate Buffer ETF","BUFZ","1058.2","98.0530973451327433628318584070796460177",".423",".3169","-.1752","2.7407","7.2464","10.512","Derivative Based ETF","Defined Outcome"
"Global X Cybersecurity ETF","BUG","1619.9","79.11153119092627599243856332703213610586","-1.5006","-6.7102","-3.2149","17.2474","49.6822","16.4976","Technology  - broad","Technology ETFs"
"MicroSectors FANG & Innovation 3X Leveraged ETN","BULZ","3291.2","60.63803064556644059281587540818889726199","1.8079","9.6523","-.152","-.0254","72.8947","81.7176","Active Non-Transparent ETFs","Leveraged Equity ETFs"
"Brandes U.S. Value ETF","BUSA","324.46","86.82758620689655172413793103448275862069",".6638","-.4957","-2.0415","4.7084","11.4123","20.1725","Style Box - Large Cap Value","Style Box - Large Cap Value"
"Strive Enhanced Income Short Maturity ETF","BUXX","465.96","20.51282051282051282051282051282051282051",".1487",".3607",".0495",".9132","1.9197","3.8337","Ultra short Bond ETF","Ultra short Bond ETF"
"Main BuyWrite ETF","BUYW","1363.28","92.30769230769230769230769230769230769231",".0686",".4315","-.2734","2.4775","5.5685","8.9563","Derivative Based ETF","Derivative Based ETF"
"Bluemonte Large Cap Value ETF","BVAL","292.36","91.20135363790186125211505922165820642978",".8517","-.8067","-.7759","3.7415","12.7551","19.7632","Style Box - Large Cap Value","Style Box - Large Cap Value"
"State Street SPDR Bloomberg International Treasury Bond ETF","BWX","1319.26","21.46596858638743455497382198952879581152","0","-.0723","-.7296","-.165","-1.0866","-3.6559","International - Broad Treasury","Developed Market Bond ETFs"
"State Street SPDR Bloomberg Short Term International Treasury Bond ETF","BWZ","328.32","48.82352941176470588235294117647058823529",".1096","1.0671","-.1349","2.1056","1.7137",".2701","International - Broad Treasury","Developed Market Bond ETFs"
"Congress Intermediate Bond ETF","CAFX","316.42",".9090909090909090909090909090909090909091",".0413","-.7635","-.6359","-.9886","-.867",".0573","Total Bond Market - Broad","Total Bond Market ETFs"
"Calamos Autocallable Income ETF","CAIE","1289","64.77794793261868300153139356814701378254","1.1381","-.9794","-.8553","2.3132","10.6119","12.6169","Derivative Based ETF","Short-Term Bond ETF"
"Calamos Nasdaq Autocallable Income ETF","CAIQ","340.2","53.43890333254549751831718269912550224533",".7937","-.1859","-.5988","-1.7545","10.3373","0","Derivative Based ETF","Total Bond Market ETFs"
"Pacer US Small Cap Cash Cows ETF","CALF","3790.6","87.86020846106683016554261189454322501533",".7202","-.5465","-2.5945","11.6491","25.2538","28.2673","Style Box - Small Cap Value","Style Box - Small Cap Value"
"Congress Large Cap Growth ETF","CAML","374.95","74.79119210326499620349278663629460895976","1.1136","-3.649","-.9422","1.8353","8.6188","3.7662","Style Box - Large Cap Growth","Style Box - Large Cap Growth"
"Tema Oncology ETF","CANC","205.06","79.95784011675044592184206259121128587644","-.5627","-3.5354","-5.7253","11.4606","11.7636","49.5211","Healthcare - Biotech","Health Care ETFs"
"Alpha Architect Tail Risk ETF","CAOS","677.89","73.33333333333333333333333333333333333333","-.0773",".1328",".011","-.0552","-.1324","1.1104","Target Outcome","Total Portfolio ETFs"
"DoubleLine Shiller CAPE U.S. Equities ETF","CAPE","234.99","61.96473551637279596977329974811083123426","1.1435","-2.7267","-1.3807","-.4747",".7808","-.3875","Style Box - All Cap Blend","Style Box - All Cap Blend"
"CastleArk Large Growth ETF","CARK","333.18","84.17935702199661590524534686971235194585","1.1182","-2.5561","-1.4312","3.3344","11.707","9.5607","Style Box - Large Cap Growth","Style Box - Large Cap Growth"
"Global X S&P 500 Catholic Values ETF","CATH","1348.94","88.98935220986258997085241805960383082506",".8545","-1.0561","-1.0647","3.6435","12.437","14.3931","Strategy - Socially Responsible","Style Box - Large Cap Blend"
"Calamos Tax-Aware Collateral ETF","CBOX","1533.41","45.74314574314574314574314574314574314574",".1083",".3257",".0591","1.1039","0","0","Derivative Based ETF","Derivative Based ETF"
"ALPS CoreCommodity Natural Resources ETF","CCNR","469.7","92.03868471953578336557059961315280464217","-.2741","2.768","-1.123","4.59","5.4651","43.9043","Materials  - Broad","Materials ETFs"
"VictoryShares US EQ Income Enhanced Volatility Wtd ETF","CDC","725.06","81.49890009861184859288477584768262155807",".3713","-1.3363","-1.4942","3.1713","7.7665","17.5792","Style Box - Large Cap Value","Style Box - Large Cap Value"
"VictoryShares US Large Cap High Div Volatility Wtd ETF","CDL","399.92","81.59424502252579566923412294724603981979",".3571","-1.3225","-1.501","3.191","7.7323","17.4819","Style Box - Large Cap Value","Style Box - Large Cap Value"
"Simplify High Yield ETF","CDX","352.15","3.10077519379844961240310077519379844961",".127","-.7218","-.2918","-1.6478","-2.1589","-3.0568","Corporates - Junk/High Yield","High-Yield/Junk Bond ETFs"
"Saba Opportunistically Hedged Closed-End Funds ETF","CEFS","438.55","81.20967741935483870967741935483870967742",".2434","-.1936","-.57",".9526","14.265","19.4102","Strategy - CEFs/OET","Convertibles/CEFs/OET/Preferred Stock ETFs"
"SPDR Bloomberg Enhanced Roll Yield Commodity Strategy No K-1 ETF","CERY","1160.06","96.91923397169025811823480432972522897585","-.9202","7.6175","2.0492","12.178","14.6475","46.3331","Basket - Broad","Broad Commodity ETFs"
"VictoryShares US 500 Volatility Wtd ETF","CFA","519.33","72.65659848340024214617982539985981010642",".7603","-3.2106","-1.7734","1.9206","6.9988","9.581","Style Box - Large Cap Blend","Style Box - Large Cap Blend"
"VictoryShares US 500 Enhanced Volatility Wtd ETF","CFO","405.1","72.78590530124272455560799119081327670285",".7554","-3.1796","-1.7544","1.9203","6.9738","9.5544","Style Box - Large Cap Blend","Style Box - Large Cap Blend"
"Capital Group Core Balanced ETF","CGBL","7583.93","80.37578288100208768267223382045929018789",".427","-1.8519","-1.2854","1.1059","5.9232","9.4363","Moderate Allocation ","Total Portfolio ETFs"
"Capital Group Conservative Equity ETF","CGCV","2018.72","75.22321428571428571428571428571428571429",".5528","-3.0213","-1.0577","2.1408","6.6495","10.509","Style Box - All Cap Value","Style Box - All Cap Value"
"Capital Group Dividend Growers ETF","CGDG","5683.03","84.29423459244532803180914512922465208748",".4988","-1.3402","-1.0085","2.9734","6.4606","11.907","Strategy - High Dividend Yield","World ETFs"
"Capital Group Dividend Value ETF","CGDV","38246.48","79.62413452027695351137487636003956478734",".4475","-3.4226","-1.3978","2.6894","11.4195","18.5717","Style Box - All Cap Value","Style Box - All Cap Value"
"Capital Group Global Equity ETF","CGGE","3121.06","83.66718027734976887519260400616332819723",".8372","-2.102","-.9921","2.344","10.0157","14.0013","Global Large-Cap Blend Equity ETF","Global Large-Cap Blend Equity ETF"
"Capital Group Global Growth Equity ETF","CGGO","11813.72","74.61832061068702290076335877862595419847",".6554","-1.4561","-1.5775","-1.2611","12.6375","20.1305","Global Large-Cap Growth Equity ETF","Global Large-Cap Growth Equity ETF"
"Capital Group Growth ETF","CGGR","25103.94","88.49557522123893805309734513274336283186",".7981","-.4474","-.9538","2.1573","9.0679","7.1915","Geographic - Global Total Market","World ETFs"
"Capital Group International Core Equity ETF","CGIC","2499.78","94.41260744985673352435530085959885386819",".8197",".4355","-1.0459","1.7928","9.4827","21.9002","Foreign Large Blend ETF","Foreign Large Blend ETF"
"Capital Group International Equity ETF","CGIE","2447.68","83.91003460207612456747404844290657439446","1.1072","-1.8096","-1.0309","3.2986","8.2683","12.8537","Foreign Large Growth ETF","Foreign Large Growth ETF"
"Capital Group U.S. Small and Mid Cap ETF","CGMM","3363.38","75.39797395079594790159189580318379160637",".914","-3.467","-2.0795",".9767","7.0097","11.7226","Style Box - All Cap Blend","Style Box - All Cap Blend"
"Capital Group New Geography Equity ETF","CGNG","3052.95","85.60509554140127388535031847133757961783",".9004","1.5655","-.7781","1.9014","12.5038","21.2857","Geographic - Global Total Market","World ETFs"
"Capital Group Core Equity ETF","CGUS","11689.82","80.66298342541436464088397790055248618785",".6767","-3.2097","-1.1955","2.8365","11.4767","13.7283","Style Box - Large Cap Blend","Style Box - Large Cap Blend"
"Invesco S&P Global Water Index ETF","CGW","1027.88","28.20855614973262032085561497326203208556",".063","-3.9369","-1.7715","1.6328","-1.5048",".6335","Industrials  - Water","Industrials ETFs"
"Capital Group International Focus Equity ETF","CGXU","6789.19","90.02557544757033248081841432225063938619","1.2905","1.3486",".1702","3.1831","18.0843","27.2548","Foreign Large Growth ETF","Foreign Large Growth ETF"
"Roundhill Generative AI & Technology ETF","CHAT","1809.98","68.31389183457051961823966065747613997879","1.3186",".9171","-.4801","-3.5703","36.2844","52.1509","Artificial Intelligence and Robotics ETF","Artificial Intelligence and Robotics ETF"
"YieldMax Semiconductor Portfolio Option Income ETF","CHPY","1150.22","39.90838049043384532471032066828348154136","1.4199","-1.0703",".7543","-8.4836","42.0124","73.3409","Derivative Based ETF","Derivative Based ETF"
"First Trust NASDAQ Cybersecurity ETF","CIBR","15249.21","81.18668596237337192474674384949348769899",".2549","-5.5244","-.2009","10.5325","43.8289","25.4014","Technology  - broad","Technology ETFs"
"Global X 1-3 Month T-Bill ETF","CLIP","2402.59","34.21052631578947368421052631578947368421",".03",".3295",".0499",".642",".9193","2.8191","US Treasury - Ultra Short","Money Market/Ultra-Short Term ETFs"
"iShares AAA CLO Active ETF","CLOA","2281.22","58.33333333333333333333333333333333333333",".0463",".4788",".0193","1.2252","2.6345","4.7569","Asset Backed - MBS","Mortgage-Backed Security ETFs"
"VanEck CLO ETF","CLOI","1543.51","66.66666666666666666666666666666666666667",".0378",".558",".0757","1.2774","3.1967","5.1337","Asset Backed - MBS","Mortgage-Backed Security ETFs"
"Global X Cloud Computing ETF","CLOU","360.82","82.79756733275412684622067767158992180712","-.1472","-2.9685","-2.375","19.2527","36.8819","15.9402","Technology  - Cloud Computing","Technology ETFs"
"Eldridge AAA CLO ETF","CLOX","320.28","70",".1567",".5095",".2904","1.1303","3.0985","4.9869","Asset Backed - MBS","Mortgage-Backed Security ETFs"
"Eldridge BBB-B CLO ETF","CLOZ","785.91","47.53521126760563380281690140845070422535",".0574","-.2422",".1918",".722","5.1471","4.4359","Asset Backed - MBS","Mortgage-Backed Security ETFs"
"Convergence Long/Short Equity ETF","CLSE","912.64","95.40983606557377049180327868852459016393",".5912","1.9778",".2061",".5021","21.4793","31.746","Hedge Fund - Long/Short","Long-Short ETFs"
"PIMCO Commodity Strategy Active Exchange-Traded Fund","CMDT","891.82","96.10091743119266055045871559633027522936","-.3384","6.3177","1.1448","9.2138","11.9987","34.3982","Derivative Based ETF","Broad Commodity ETFs"
"iShares Bloomberg Roll Select Commodity Strategy ETF","CMDY","707.91","95.27173913043478260869565217391304347826","-1.315","8.0066","2.0794","12.0666","11.6068","38.6589","Basket - Broad","Broad Commodity ETFs"
"Alger Concentrated Equity ETF","CNEQ","2586.35","83.04526748971193415637860082304526748971",".3533",".0755","-1.2171","2.3944","20.3692","17.3849","Style Box - Large Cap Growth","Style Box - Large Cap Growth"
"iShares MSCI China A ETF","CNYA","206.16","32.98969072164948453608247422680412371134","-.2919","-3.41","-1.8038","-4.4379","-2.4637","4.5608","Geographic - China","Asia-Pacific (Emerging) ETFs"
"Global X MSCI Colombia ETF","COLO","233.96","98.44236760124610591900311526479750778816","-.5227","6.9971","2.76","20.1833","33.1609","61.8421","Geographic - Colombia","Latin American Equity ETFs"
"Direxion Auspice Broad Commodity Strategy ETF","COM","226.2","94.60359760159893404397068620919387075283","-1.128","4.6642",".2259","8.0348","7.0541","28.6095","Basket - Broad","Broad Commodity ETFs"
"iShares GSCI Commodity Dynamic Roll Strategy ETF","COMT","1420.38","96.02601156069364161849710982658959537572","-1.4443","11.5504","4.3369","14.021","17.9076","41.5425","Basket - Broad","Broad Commodity ETFs"
"GraniteShares 2x Long COIN Daily ETF","CONL","495.14","3.10475765021219566674112128657583203038","3.5019","30.0733","-10.2867","1.1407","-43.7632","-84.9377","Derivative Based ETF","Single Stock ETF"
"YieldMax COIN Option Income Strategy ETF","CONY","334.96","2.943678747660370937553173387782882423","3.3429","15.4174","-4.2529","10.6128","-11.4006","-35.3303","Derivative Based ETF","Single Stock ETF"
"Sprott Copper Miners ETF","COPP","287.19","80.67540419018463598966803788386109250933",".1869",".1401","-1.8315","4.9437","11.3477","64.1654","Materials  - Copper Mining","Materials ETFs"
"Global X Copper Miners ETF","COPX","7844.59","81.90541466758053461274845784784098697738","-.0903","-.0677","-2.3494","6.7677","7.8965","70.6801","Materials  - Copper Mining","Materials ETFs"
"Tweedy, Browne Insider + Value ETF","COPY","419.06","91.85433636799233349305222807858169621466",".7697","-.3173","-2.0574","4.3854","14.5044","27.0008","Geographic - Global Total Market","World ETFs"
"iShares International Country Rotation Active ETF","CORO","8351.07","94.21891058581706063720452209660842754368","1.2005",".8977","-1.1987","3.0812","13.4779","26.8195","Foreign Large Blend ETF","Foreign Large Blend ETF"
"Pacer US Large Cap Cash Cows Growth Leaders ETF","COWG","2263.21","79.20410783055198973042362002567394094994",".3606","-.3498","-1.7551","1.4289","13.011","8.4451","Style Box - Large Cap Growth","Style Box - Large Cap Growth"
"Pacer US Cash Cows 100 ETF","COWZ","19387.2","85.33094812164579606440071556350626118068","1.011",".2013","-1.9074","10.8036","11.8426","23.1863","Style Box - Large Cap Value","Style Box - Large Cap Value"
"Counterpoint Quantitative Equity ETF","CPAI","438.7","92.45259863778609560041725470945572804811","1.9272",".5396",".3238","3.7654","21.9092","36","Style Box - All Cap Blend","Style Box - All Cap Blend"
"United States Copper Index Fund","CPER","730.05","85.28717545239968528717545239968528717545",".3586","-2.5858","-1.9274",".6163","8.4718","36.0417","Base Metals - Copper","Industrial Metals ETFs"
"Invesco China Technology ETF","CQQQ","2853.86","10.22222222222222222222222222222222222222",".6517","-10.6116","-3.9195","-10.8353","-7.801","-13.1635","Geographic - China","Asia-Pacific (Emerging) ETFs"
"VanEck Oil Refiners ETF","CRAK","518.32","97.88961038961038961038961038961038961039",".061","14.6324","3.2395","35.4306","39.3547","82.7205","Energy - Refining & Marketing","Energy ETFs"
"iShares Low Carbon Optimized MSCI ACWI ETF","CRBN","1160.39","92.56051521208083499888962913613146791028","1.1489","-.2976","-.9028","3.4273","12.083","17.3826","Strategy - Socially Responsible","World ETFs"
"VictoryShares US Small Cap High Div Volatility Wtd ETF","CSB","252.28","72.53030051469367424871326581437821683546",".3571","-3.2822","-2.0428","1.9464","8.2779","11.2881","Style Box - Small Cap Value","Style Box - Small Cap Value"
"Invesco S&P Spin-Off ETF","CSD","218.35","66.03890659064229414724132148247526412879",".8261","-3.6609","-2.3798","-8.072","13.4265","39.7997","Strategy - Alpha-Seeking","Style Box - All Cap Value"
"Cohen & Steers Future of Energy Active ETF","CSEN","203.4","95.76651699807568954457985888389993585632",".2821","3.0028","1.0757","0","0","0","Energy - Broad","Energy ETFs"
"NEOS Enhanced Income 1-3 Month T-Bill ETF","CSHI","1779.43","19.17808219178082191780821917808219178082",".1008",".368",".1338","1.1639","2.8955","4.8766","US Treasury - Ultra Short","Government Bond ETFs"
"iShares Dynamic Short-Term Active ETF","CSHP","372.55","92.87148594377510040160642570281124497992",".4751",".8521",".5065","1.3696","2.3394","4.2353","US Treasury - Ultra Short","Money Market/Ultra-Short Term ETFs"
"ProShares Large Cap Core Plus","CSM","521.36","87.89771388168748526985623379684185717653",".7042","-1.2885","-1.1087","4.2747","13.8461","17.1082","Derivative Based ETF","Hedge Fund ETFs"
"Congress SMid Growth ETF","CSMD","459.6","54.53216374269005847953216374269005847953",".8239","-7.1403","-2.5095","-4.4336","2.895","-.2687","Style Box - All Cap Growth","Style Box - All Cap Growth"
"Cohen & Steers Preferred and Income Opportunities Active ETF","CSPF","318.7","17.26546906187624750499001996007984031936","-.1949","-1.0808","-.9671","-.7451","1.1143","3.8884","Corporates - Convertible","Convertibles/CEFs/OET/Preferred Stock ETFs"
"Cohen & Steers Real Estate Active ETF","CSRE","560.88","61.95536663124335812964930924548352816153",".7535","-1.2658","-.9873","-1.5666","3.6713","9.4267","Real Estate   - REITs","Real Estate ETFs"
"Simplify Managed Futures Strategy ETF","CTA","1675.99","67.59776536312849162011173184357541899441","-2.5418","11.9205","6.5049","7.2727","2.8411","16.4103","Derivative Based ETF","Hedge Fund ETFs"
"Castellan Targeted Equity ETF","CTEF","637.51","77.8024828608486196034834167129886974245",".7884","-2.1142","-2.4657","-.3976","23.0272","39.48","Derivative Based ETF","Style Box - All Cap Growth"
"Calvert International Responsible Index ETF","CVIE","488.49","91.90471383869990915514282830321994549309","1.1553",".1058","-1.373","2.459","14.8368","28.155","Strategy - Socially Responsible","Broad Developed World ETFs"
"Calvert US Large-Cap Core Responsible Index ETF","CVLC","961.45","86.2017804154302670623145400593471810089",".923","-1.8064","-1.1236","2.751","15.099","17.9825","Strategy - Socially Responsible","Style Box - Large Cap Blend"
"Calvert Ultra-Short Investment Grade ETF","CVSB","273.34","12","-.0178",".1811","-.0691",".8213","1.7859","3.8261","Ultra short Bond ETF","Ultra short Bond ETF"
"State Street SPDR Bloomberg Convertible Securities ETF","CWB","5588.5","66.65292662819455894476504534212695795548",".657","-.8346","-.2914","-2.3799","10.7418","17.9162","Corporates - Convertible","Convertibles/CEFs/OET/Preferred Stock ETFs"
"State Street SPDR MSCI ACWI ex-US ETF","CWI","2850.73","91.67767503302509907529722589167767503303",".9046",".1213","-1.5036","2.4069","11.1984","22.4719","Foreign Large Blend ETF","Foreign Large Blend ETF"
"WisdomTree China ex-State-Owned Enterprises ETF","CXSE","464.27","1.82112068965517241379310344827586206897",".4687","-6.8544","-3.0896","-6.7668","-7.4378","-13.9814","Strategy - Socially Responsible","Asia-Pacific (Emerging) ETFs"
"VanEck Digital Transformation ETF","DAPP","386.3","48.55129209083790133124510571652310101801","2.1015","14.7465","-2.6869","-3.7216","19.2814","3.159","Technology  - broad","Technology ETFs"
"FT Vest U.S. Equity Deep Buffer ETF - April","DAPR","318.05","95.58645707376058041112454655380894800484",".4657",".2263","-.2563","2.4434","5.0277","7.9414","Derivative Based ETF","Defined Outcome"
"FT Vest U.S. Equity Deep Buffer ETF - August","DAUG","420.79","94.47739824094906933933319697279607281653",".4653",".0737","-.3566","2.2935","7.0784","9.6011","Derivative Based ETF","Defined Outcome"
"Global X DAX Germany ETF","DAX","219.12","74.50980392156862745098039215686274509804",".9107","-2.6381","-2.1229","4.2165","7.4145","5.4644","Geographic - Germany","European Equity ETFs"
"Invesco DB Agriculture ETF","DBA","1266.62","86.17283950617283950617283950617283950617","-1.3302","4.8568",".2773","10","8.3521","5.5454","Agriculture - Broad","Agricultural ETFs"
"Xtrackers MSCI All World ex US Hedged Equity ETF","DBAW","316.87","88.06495793386812756799060849148894541186",".6716","-1.0111","-1.7411","1.1907","10.675","24.857","Foreign Large Blend ETF","Foreign Large Blend ETF"
"Invesco DB Base Metals ETF","DBB","366.16","81.43074581430745814307458143074581430746",".2762","-1.0899","-1.3204","-.1964","3.5031","25.6677","Base Metals - Broad","Industrial Metals ETFs"
"Invesco DB Commodity Index Tracking ETF","DBC","1991.98","96.01731601731601731601731601731601731602","-1.3682","10.644","3.9498","14.9393","17.8813","49.2349","Basket - Broad","Broad Commodity ETFs"
"Xtrackers MSCI EAFE Hedged Equity ETF","DBEF","9154.08","84.96309963099630996309963099630996309963","1.047","-2.2044","-1.7152","2.8224","10.2184","21.7762","Geographic - EAFE","Broad Developed World ETFs"
"Xtrackers MSCI Europe Hedged Equity ETF","DBEU","767.22","84.47555166715271702148342568290074851755",".7575","-2.4271","-1.4922","2.2589","9.414","19.7278","Geographic - Broad Europe","European Equity ETFs"
"Xtrackers MSCI Japan Hedged Equity ETF","DBJP","700.42","86.61362650079560248806596267901055981484","1.2915","-1.5758","-1.7912","3.4627","13.1228","35.2895","Geographic - Japan","Asia-Pacific (Developed) ETFs"
"iMGP DBi Managed Futures Strategy ETF","DBMF","4261.32","100",".2193","2.1066","1.7494","4.5638","4.4399","24.5662","Derivative Based ETF","Hedge Fund ETFs"
"Invesco DB Oil ETF","DBO","311.97","95.18332135154565061107117181883537023724","-2.5879","19.8669","9.1302","19.6963","30.4033","89.7667","Energy -  Crude Oil","Energy ETFs"
"Invesco DB Precious Metals ETF","DBP","258.96","31.90287972896668548842461885940146809712",".6526","-.5673","-2.1999","1.4779","-18.4363","23.5614","Precious Metals - Broad","Precious Metals ETFs"
"Dimensional US Core Equity 1 ETF","DCOR","3498.18","88.50574712643678160919540229885057471264",".7444","-1.3752","-1.0845","3.8556","13.8169","18.2446","Style Box - All Cap Blend","Style Box - All Cap Blend"
"FT Vest U.S. Equity Deep Buffer ETF - December","DDEC","436.26","98.25750242013552758954501452081316553727",".4564",".446","-.1546","2.9443","7.5872","11.707","Derivative Based ETF","Defined Outcome"
"WisdomTree Dynamic International SmallCap Equity Fund","DDLS","425.66","85.40947599623470348289927831816755569501","1.0653",".5793","-1.2767","2.4869","5.5981","11.7184","Foreign Small/Mid Value ETF","Foreign Small/Mid Value ETF"
"Proshares Ultra Dow30","DDM","559.76","77.45192307692307692307692307692307692308","1.9583","-4.665","-3.202","5.8953","20.0635","24.469","Derivative Based ETF","Leveraged Equity ETFs"
"WisdomTree Dynamic International Equity Fund","DDWM","1447.85","85.89992531740104555638536221060492905153",".8735","-1.4793","-1.5","2.3155","5.9604","14.3913","Foreign Large Value ETF","Foreign Large Value ETF"
"AllianzIM U.S. Equity Buffer20 Dec ETF","DECW","226.59","98.00266311584553928095872170439414114514",".3724",".4555","-.14","2.8402","7.4402","11.2164","Derivative Based ETF","Defined Outcome"
"Dimensional Emerging Markets High Profitability ETF","DEHP","458.76","80.52860488457678153228504516560722649716","1.6937","4.6564","-.332","-.1452","20.7282","40.1137","Geographic - Broad Emerging Markets","Broad Emerging Market ETFs"
"WisdomTree Emerging Markets High Dividend ETF","DEM","4236.39","97.27414330218068535825545171339563862928",".6027","4.3007","-.613","3.9895","16","24.7513","Geographic - Broad Emerging Markets","Broad Emerging Market ETFs"
"WisdomTree U.S. SmallCap Dividend ETF","DES","2149","80.22088353413654618473895582329317269076",".5564","-3.1721","-1.6085",".8695","12.9141","17.9413","Style Box - Small Cap Value","Style Box - Small Cap Value"
"Xtrackers Russell US Multifactor ETF","DEUS","295.68","81.40777896554559657922868185182139626675",".5829","-2.5796","-1.5742","1.9676","9.2521","14.2131","Style Box - Large Cap Blend","Style Box - Large Cap Blend"
"Dimensional Emerging Markets ex China Core Equity ETF","DEXC","303.68","83.6189216010585511081706913661925239828","1.5541","5.647","-.2115","1.0033","22.7779","45.9486","Geographic - Broad Emerging Markets","Broad Emerging Market ETFs"
"Dimensional U.S. Core Equity 2 ETF","DFAC","48620.02","87.8300803673938002296211251435132032147",".7136","-1.5479","-1.2248","3.5409","13.6432","18.5924","Style Box - All Cap Blend","Style Box - All Cap Blend"
"Dimensional Emerging Core Equity Market ETF","DFAE","10064.6","83.76449598572702943800178412132024977698","1.2361","3.5079","-1.0845","1.1574","15.2158","30.4877","Geographic - Broad Emerging Markets","Broad Emerging Market ETFs"
"Dimensional International Core Equity Market ETF","DFAI","17998.79","90.07633587786259541984732824427480916031",".9202","-.9036","-1.4743","3.8247","8.7972","19.9644","Foreign Large Blend ETF","Foreign Large Blend ETF"
"Dimensional US Large Cap Core Equity Market ETF","DFAL","1124.23","70.86307592472420506164828033744321868916",".8619","-.8091","-.7556","0","0","0","Style Box - Large Cap Blend","Style Box - Large Cap Blend"
"Dimensional US Real Estate ETF","DFAR","1706.88","60.47008547008547008547008547008547008547",".5906","-1.5794","-1.1605","-2.7257","4.8179","8.9397","Real Estate   - Broad","Real Estate ETFs"
"Dimensional U.S. Small Cap ETF","DFAS","15249.91","79.58762886597938144329896907216494845361",".6374","-3.5689","-2.0438","1.3295","12.8346","17.1839","Style Box - Small Cap Value","Style Box - Small Cap Value"
"Dimensional U.S. Targeted Value ETF","DFAT","14529.15","86.88711516533637400228050171037628278221",".5713","-2.1944","-1.9493","2.5127","14.216","19.6024","Style Box - All Cap Value","Style Box - All Cap Value"
"Dimensional US Core Equity Market ETF","DFAU","12668.3","89.3",".7829","-1.1425","-.9384","3.7046","13.5605","17.5252","Style Box - All Cap Blend","Style Box - All Cap Blend"
"Dimensional World Equity ETF","DFAW","1661.42","90.71072319201995012468827930174563591022",".87","-.9015","-1.1677","3.2621","12.6265","19.5441","Global Large-Cap Blend Equity ETF","Global Large-Cap Blend Equity ETF"
"Dimensional World ex U.S. Core Equity 2 ETF","DFAX","12478.7","93.03797468354430379746835443037974683544",".9549",".8746","-1.4245","3.1245","10.5124","23.8235","Foreign Large Blend ETF","Foreign Large Blend ETF"
"FT Vest U.S. Equity Deep Buffer ETF - February","DFEB","444.94","96.75675675675675675675675675675675675676",".3509",".3412","-.2693","2.7756","6.8951","11.4069","Derivative Based ETF","Defined Outcome"
"Dimensional Emerging Markets Core Equity 2 ETF","DFEM","9563.09","83.63471971066907775768535262206148282098","1.1228","3.3006","-1.1463",".8006","14.6658","28.8107","Geographic - Broad Emerging Markets","Broad Emerging Market ETFs"
"Direxion Daily Aerospace & Defense Bull 3X ETF","DFEN","302.8","1.24045801526717557251908396946564885496",".9359","-35.629","-8.7388","-24.4222","-33.2075","3.02","Derivative Based ETF","Leveraged Equity ETFs"
"Dimensional Emerging Markets Value ETF","DFEV","2161.91","90.37472446730345334313005143277002204262","1.2847","4.6837","-.8688","2.1378","19.4174","38.0684","Geographic - Broad Emerging Markets","Broad Emerging Market ETFs"
"Dimensional Global Real Estate ETF","DFGR","3759.39","56.5426170468187274909963985594237695078",".353","-2.1848","-1.4216","-2.3442","3.5373","6.5088","Real Estate   - Broad","Real Estate ETFs"
"Dimensional International Core Equity 2 ETF","DFIC","15254.81","90.9638554216867469879518072289156626506",".8159","-.4221","-1.3933","3.8629","8.7844","20.9125","Foreign Large Blend ETF","Foreign Large Blend ETF"
"Dimensional International Small Cap ETF","DFIS","5928.7","90.02659574468085106382978723404255319149",".6781","-.0808","-1.46","4.2404","8.3121","19.5416","Foreign Small/Mid Blend ETF","Foreign Small/Mid Blend ETF"
"Dimensional International Value ETF","DFIV","22146.23","96.41577060931899641577060931899641577061",".9652","1.4372","-.6108","6.8798","12.1691","29.186","Foreign Large Value ETF","Foreign Large Value ETF"
"WisdomTree Japan SmallCap Dividend ETF","DFJ","443.83","100","2.0984","3.8737",".7335","10.9307","13.4944","23.6058","Geographic - Japan","Asia-Pacific (Developed) ETFs"
"Dimensional US Large Cap Value ETF","DFLV","7047.01","95.1581027667984189723320158102766798419",".7975","-.4297","-.8086","5.799","17.1127","28.4251","Style Box - Large Cap Value","Style Box - Large Cap Value"
"U.S. Micro Cap Portfolio: ETF Class Shares","DFMC","7590.13","74.5483110761979575805184603299293008641",".6708","-3.9474","-2.0313","1.7359","0","0","Style Box - Micro Cap Blend","Style Box - Micro Cap Blend"
"Davis Select Financial ETF","DFNL","480.47","84.84284532671629445822994210090984284533",".558","-1.9669","-1.6","9.4415","14.6518","14.5177","Financials-Broad","Financials ETFs"
"Dimensional Emerging Markets Sustainability Core 1 ETF","DFSE","640.2","84.02164111812443642921550946798917944094","1.4598","2.6514","-1.6587",".7223","12.8741","21.6779","Geographic - Broad Emerging Markets","Broad Emerging Market ETFs"
"Dimensional International Sustainability Core 1 ETF","DFSI","1171.96","83.8107416879795396419437340153452685422",".7802","-1.5143","-1.9401","3.6241","7.648","15.3184","Foreign Large Blend ETF","Foreign Large Blend ETF"
"Dimensional US Sustainability Core 1 ETF","DFSU","2384.22","86.7986798679867986798679867986798679868",".8228","-1.7879","-1.3011","4.1202","12.6567","14.1085","Style Box - All Cap Blend","Style Box - All Cap Blend"
"Dimensional US Small Cap Value ETF","DFSV","8418.07","89.43862987630827783063748810656517602284",".5311","-1.6089","-1.7062","3.4888","15.4741","23.1212","Style Box - Small Cap Value","Style Box - Small Cap Value"
"Dimensional U.S. Equity Market ETF","DFUS","21281.83","89.43792464484249536751080914144533662755",".8345","-1.1032","-.8562","3.5935","13.8206","17.3563","Style Box - All Cap Blend","Style Box - All Cap Blend"
"Dimensional US Marketwide Value ETF","DFUV","15590.39","95.25159461374911410347271438695960311836",".7066","-.5235","-.9727","5.1414","17.7356","28.8113","Style Box - Large Cap Value","Style Box - Large Cap Value"
"Dimensional US Large Cap Vector ETF","DFVX","538.05","90.41835357624831309041835357624831309042",".8683","-1.377","-1.0271","3.9616","11.7665","17.6025","Style Box - Large Cap Value","Style Box - Large Cap Value"
"DB Gold Double Long ETN","DGP","249.59","30.44912355183984716246336226251806373129",".5039","2.9821","-3.7982","8.281","-30.9202","30.8976","Precious Metals - Gold","Leveraged Commodity ETFs"
"iShares Core Dividend Growth ETF","DGRO","42899.56","86.27002288329519450800915331807780320366",".5914","-1.8196","-1.1247","4.2189","10.677","17.163","Strategy - Dividend Growth","Style Box - Large Cap Value"
"WisdomTree U.S. SmallCap Quality Dividend Growth ETF","DGRS","397.54","78.89914218871848193397452560436703925136",".5183","-4.2347","-2.2045","1.1866","11.1961","15.8847","Strategy - Dividend Growth","Style Box - Small Cap Blend"
"WisdomTree U.S. Quality Dividend Growth ETF","DGRW","16970.14","88.54805725971370143149284253578732106339",".6736","-1.1369","-1.1326","3.4728","9.189","12.2964","Strategy - Dividend Growth","Style Box - Large Cap Value"
"WisdomTree Emerging Markets SmallCap Dividend ETF","DGS","1744.74","80.6111603188662533215234720992028343667",".7839","1.3628","-1.2707",".155","6.871","14.1175","Geographic - Broad Emerging Markets","Broad Emerging Market ETFs"
"State Street SPDR Global Dow ETF","DGT","633.8","94.74702380952380952380952380952380952381",".9521","-.2012","-.8206","3.1908","11.2316","22.0544","Global Large-Cap Value Equity ETF","Global Large-Cap Value Equity ETF"
"WisdomTree U.S. High Dividend ETF","DHS","1598.24","88.83385862224223322827555155335434488969",".5915",".0723","-.9537","4.3566","9.9503","19.3085","Style Box - Large Cap Value","Style Box - Large Cap Value"
"State Street SPDR Dow Jones Industrial Average ETF Trust","DIA","45405.68","81.38262962152701815795230802887770728506",".9678","-2.0572","-1.5522","3.6165","11.467","15.4185","Style Box - Large Cap Value","Style Box - Large Cap Value"
"Dimensional International High Profitability ETF","DIHP","6421.88","78.76480541455160744500846023688663282572",".7421","-2.6985","-1.9127","1.3106","5.709","15.4754","Foreign Large Blend ETF","Foreign Large Blend ETF"
"Davis Select International ETF","DINT","280.94","72.46408839779005524861878453038674033149",".4671","-3.802","-3.0238",".1335","5.7065","7.9499","Foreign Large Blend ETF","Foreign Large Blend ETF"
"Dimensional International Small Cap Value ETF","DISV","5312.85","94.71407976934166266218164344065353195579",".7711","1.5775","-1.2228","7.5395","12.0311","27.6347","Foreign Small/Mid Value ETF","Foreign Small/Mid Value ETF"
"Global X SuperDividend U.S. ETF","DIV","788.13","86.50306748466257668711656441717791411043",".306","1.8594","-.5058","4.3215","6.2134","17.4229","Strategy - High Dividend Yield","Style Box - All Cap Value"
"iShares Core Dividend ETF","DIVB","2018.46","93.65495542737283691662296801258521237546","1.257","1.0926","-.7681","11.9284","27.3764","33.7126","Style Box - All Cap Value","Style Box - All Cap Value"
"Franklin International Core Dividend Tilt Index ETF","DIVI","2704.41","91.79104477611940298507462686567164179104",".9842","-.8294","-1.2313","3.7164","10.8691","21.7101","Foreign Large Value ETF","Foreign Large Value ETF"
"Horizon Dividend Income ETF","DIVN","314.85","88.18231942657599705936408748391839735343",".6645",".1267","-.4599","3.9","8.4001","19.6203","Derivative Based ETF","Style Box - Large Cap Value"
"Amplify CWP Enhanced Dividend Income ETF","DIVO","7842.97","79.46257197696737044145873320537428023033",".5264","-.3644","-1.3433","4.8074","6.7289","15.7241","Derivative Based ETF","Derivative Based ETF"
"Opal Dividend Income ETF","DIVZ","305.23","68.00089445438282647584973166368515205725",".2931","-.4518","-.5368","1.171","1.9739","6.5535","Style Box - All Cap Value","Style Box - All Cap Value"
"FT Vest U.S. Equity Deep Buffer ETF - January","DJAN","483.63","97.48178980228928199791883454734651404787",".4516",".3757","-.2489","2.9155","7.4766","11.045","Derivative Based ETF","Defined Outcome"
"Invesco Dow Jones Industrial Average Dividend ETF","DJD","503.18","86.58730158730158730158730158730158730159",".7441","-1.3794","-1.7684","3.1066","7.66","20.1382","Style Box - Large Cap Blend","Style Box - Large Cap Blend"
"iPath Bloomberg Commodity Index Total Return ETN","DJP","900.23","95.66844919786096256684491978609625668449","-1.5174","8.4365","1.7418","13.6403","12.2811","51.6734","Basket - Broad","Broad Commodity ETFs"
"FT Vest U.S. Equity Deep Buffer ETF - July","DJUL","478.6","95.23632303684406401190919240788983997023",".4694","-.1289","-.304","2.7086","7.5794","10.1412","Derivative Based ETF","Defined Outcome"
"FT Vest U.S. Equity Deep Buffer ETF - June","DJUN","355.43","93.26946107784431137724550898203592814371",".6719","-.1536","-.3207","1.8293","5.3403","8.2032","Derivative Based ETF","Defined Outcome"
"WisdomTree U.S. LargeCap Dividend ETF","DLN","6257.71","89.62553713934929404542664211172498465316",".6549","-.7442","-.9223","4.4012","10.8124","17.6856","Style Box - Large Cap Value","Style Box - Large Cap Value"
"WisdomTree International SmallCap Dividend ETF","DLS","1067.19","89.79833101529902642559109874826147426982",".863",".7345","-1.6289","3.6592","7.3726","13.5545","Geographic - EAFE","Broad Developed World ETFs"
"DoubleLine Ultrashort Income ETF","DLUX","208.62","18.3098591549295774647887323943661971831","-.0199",".0993","-.0797",".8688","0","0","Ultra short Bond ETF","Ultra short Bond ETF"
"FT Vest U.S. Equity Deep Buffer ETF - March","DMAR","464.52","98.51749357580549515714568096461751334256",".2531",".4965","-.1644","2.4404","8.0802","12.2074","Derivative Based ETF","Defined Outcome"
"FT Vest U.S. Equity Deep Buffer ETF - May","DMAY","376.28","93.21705426356589147286821705426356589147",".5039","-.1252","-.3933","2.3082","5.487","8.5734","Derivative Based ETF","Defined Outcome"
"iShares ESG Advanced MSCI EAFE ETF","DMXF","944.84","88.2982943276477588258627528758429194764","1.0221","-1.0016","-1.7369","3.3662","12.819","18.0196","Strategy - Socially Responsible","Broad Developed World ETFs"
"WisdomTree Global ex-U.S. Quality Growth Fund","DNL","479.25","74.64109060200265411991796356617203522741",".7747","-4.0006","-2.4908","-.6709","7.7035","13.168","Strategy - Dividend Growth","World ETFs"
"FT Vest U.S. Equity Deep Buffer ETF - November","DNOV","401.29","98.75225742899359711049088819569857166311",".371",".6019","-.0971","3.092","7.7398","12.8678","Derivative Based ETF","Defined Outcome"
"FT Vest U.S. Equity Deep Buffer ETF - October","DOCT","394.01","99.60095770151636073423782920989624900239",".3675",".6423","-.0418","3.2627","8.0244","11.5078","Derivative Based ETF","Defined Outcome"
"WisdomTree True Developed International Fund","DOL","842.56","93.74619041813970498598073875411434840912",".9894",".0548","-1.3208","3.8751","11.9672","25.2709","Geographic - EAFE","Broad Developed World ETFs"
"WisdomTree U.S. MidCap Dividend ETF","DON","3952.9","77.10583153347732181425485961123110151188",".549","-2.4687","-1.7137","1.8902","8.623","9.0689","Style Box - Mid Cap Value","Style Box - Mid Cap Value"
"Direxion Daily Regional Banks Bull 3X ETF","DPST","350.61","67.79208161282487247996113675006072382803",".0534","-12.353","-5.7611","3.7623","44.986","22.3377","Derivative Based ETF","Leveraged Equity ETFs"
"Roundhill Memory ETF","DRAM","25591.89","57.83931357254290171606864274570982839314",".9221","16.1328","-.9884","-9.2445","0","0","Technology  - Semiconductors","Technology ETFs"
"Global X Autonomous & Electric Vehicles ETF","DRIV","365.38","46.95790816326530612244897959183673469388","1.0336","-3.7338","-1.5736","-12.0176","9.8581","30.2756","Geographic - Global Total Market","World ETFs"
"Strive U.S. Energy ETF","DRLL","334.45","100",".1439","8.3876","2.6602","18.936","17.4354","50.8919","Energy - Broad","Energy ETFs"
"Aptus Defined Risk ETF","DRSK","1464.74","26.953125","-.0718","-3.283","-1.521","-3.6187","1.6996","-.6464","Target Outcome","Total Portfolio ETFs"
"FT Vest U.S. Equity Deep Buffer ETF - September","DSEP","356.7","100",".3091",".745",".1646","3.5635","8.685","10.7018","Derivative Based ETF","Defined Outcome"
"iShares ESG MSCI KLD 400 ETF","DSI","5399.17","89.65295629820051413881748071979434447301",".874","-.7507","-1.3365","4.0505","15.3778","18.4402","Strategy - Socially Responsible","Style Box - Large Cap Growth"
"Tema S&P 500 Historical Weight ETF Strategy","DSPY","999.82","84.09340228804262654756307788747845165335",".8583","-1.2744","-1.0581","3.0207","13.3341","18.3443","Style Box - Large Cap Blend","Style Box - Large Cap Blend"
"Distillate U.S. Fundamental Stability & Value ETF","DSTL","2078.75","78.90295358649789029535864978902953586498",".8398","-1.1322","-3.0286","13.1732","13.6371","16.7218","Style Box - Large Cap Blend","Style Box - Large Cap Blend"
"Global X Data Center & Digital Infrastructure ETF","DTCR","2129.51","67.00706991358994501178318931657501963865","1.9848",".8925",".2839","-8.7408","11.6148","45.1512","Real Estate   - REITs","Real Estate ETFs"
"WisdomTree U.S. Total Dividend ETF","DTD","1639.71","88.15789473684210526315789473684210526316",".6485","-.8744","-.9979","4.0107","10.7766","16.9666","Style Box - Large Cap Value","Style Box - Large Cap Value"
"WisdomTree International High Dividend ETF","DTH","658.45","93.55727361592464231760419443703901181907",".6464",".5009","-.8289","5.8193","9.8506","21.8733","Geographic - EAFE","Broad Developed World ETFs"
"Aptus Large Cap Enhanced Yield ETF","DUBS","415.49","92.59820491898822706609161906982165753584","1.0093","-.5904","-.6433","4.9628","16.0553","21.1949","Style Box - Large Cap Blend","Style Box - Large Cap Blend"
"Dimensional US High Profitability ETF","DUHP","12537.51","85.39007092198581560283687943262411347518",".6736","-1.3437","-1.5062","2.554","9.5934","12.7355","Style Box - Large Cap Value","Style Box - Large Cap Value"
"Davis Select U.S. Equity ETF","DUSA","1263.89","87.27885425442291491154170176916596461668",".5482","-.7506","-.5944","2.3398","12.0836","18.8601","Style Box - Large Cap Blend","Style Box - Large Cap Blend"
"Dimensional Ultrashort Fixed Income ETF","DUSB","2266.74","32.35294117647058823529411764705882352941","-.0789","-.007","-.1773",".5847","1.6581","3.6116","Ultra short Bond ETF","Ultra short Bond ETF"
"U.S. Small Cap Growth Portfolio","DUSG","1936.06","46.21761658031088082901554404145077720207",".9658","-4.7038","-2.2709","-.2402","0","0","Style Box - Small Cap Growth","Style Box - Small Cap Growth"
"iShares Select Dividend ETF","DVY","23522.17","88.85339013134540291089811856585019524317",".3957","-.1353","-1.1507","4.2217","9.0525","17.5698","Style Box - Large Cap Value","Style Box - Large Cap Value"
"iShares Emerging Markets Dividend ETF","DVYE","1281.22","98.16031537450722733245729303547963206307",".1665","5.803","-.2211","7.3842","7.4054","24.0456","Geographic - Broad Emerging Markets","Broad Emerging Market ETFs"
"Invesco Dorsey Wright SmallCap Momentum ETF","DWAS","411.86","55.14001759925461980433769863864589264455","1.2064","-5.7688","-.263","-5.8575","10.734","21.0144","Style Box - Small Cap Blend","Style Box - Small Cap Blend"
"Davis Select Worldwide ETF","DWLD","587.37","57.75729646697388632872503840245775729647",".3027","-3.9147","-2.1101","-.7913","3.3185","5.2893","Global Large-Cap Blend Equity ETF","Global Large-Cap Blend Equity ETF"
"WisdomTree International Equity ETF","DWM","664.99","85.8198871313886018599475399411811461728",".9088","-1.3309","-1.5306","3.2901","7.5375","15.7296","Geographic - EAFE","Broad Developed World ETFs"
"State Street SPDR S&P International Dividend ETF","DWX","523.17","84.88302339532093581283743251349730053989",".7013","-.2886","-1.0811","1.9318","5.5824","13.7571","Foreign Large Value ETF","Foreign Large Value ETF"
"Dimensional International Vector Equity ETF","DXIV","221.22","90.84470094438614900314795383001049317943",".5207","-.1428","-1.8485","4.5073","9.3063","22.7799","Foreign Small/Mid Value ETF","Foreign Small/Mid Value ETF"
"WisdomTree Japan Hedged Equity ETF","DXJ","6904.11","90.27279253409906676238334529791816223977","2.1618","-1.3526","-1.528","4.9759","11.9813","38.2855","Geographic - Japan","Asia-Pacific (Developed) ETFs"
"Dimensional US Vector Equity ETF","DXUV","580.89","88.0785413744740532959326788218793828892",".7463","-1.7131","-1.5162","4.6852","14.0282","19.0225","Style Box - All Cap Value","Style Box - All Cap Value"
"iShares U.S. Equity Factor Rotation Active ETF","DYNF","41375.76","95.97122302158273381294964028776978417266",".8674",".1148","-.3997","5.4838","15.964","20.7015","Style Box - All Cap Blend","Style Box - All Cap Blend"
"Eagle Capital Select Equity ETF","EAGL","4639.95","81.25894134477825464949928469241773962804",".3447","-.8515","-2.729","8.0087","11.776","11.991","Geographic - Global Total Market","World ETFs"
"Longview Advantage ETF","EBI","688.55","93.97421337430690092858574387066604315586",".772","-.2241","-1.0583","4.8929","15.439","24.5363","Style Box - All Cap Blend","Style Box - All Cap Blend"
"State Street SPDR Bloomberg Emerging Markets Local Bond ETF","EBND","2284.72","38.96103896103896103896103896103896103896",".0477",".1732","-.7565","2.0284","2.234","3.5621","International - Emerging Market","Emerging Market Bond ETFs"
"iShares MSCI Chile ETF","ECH","1014.08","50.28355387523629489603024574669187145558","-.5291","-2.3014","-3.3301","-2.0395","-1.2682","18.3584","Geographic - Chile","Latin American Equity ETFs"
"Columbia Research Enhanced Emerging Economies ETF","ECON","315.79","83.63880948377333109130654111316630233731","1.5417","5.305","-.585",".3565","21.8397","38.8041","Geographic - Broad Emerging Markets","Broad Emerging Market ETFs"
"Pacer Emerging Markets Cash Cows 100 ETF","ECOW","222.31","74.69595919968615143193409180070615927815",".154","1.9607","-.2483","3.2904","4.803","19.9383","Geographic - Broad Emerging Markets","Broad Emerging Market ETFs"
"State Street SPDR S&P Emerging Markets Dividend ETF","EDIV","1214.72","71.88612099644128113879003558718861209964",".601",".7827","-.9233","1.9404","5.6801","10.9184","Geographic - Broad Emerging Markets","Broad Emerging Market ETFs"
"First Trust Dow 30 Equal Weight ETF","EDOW","317.78","84.49296330395896356701302117585163751151","1.0202","-1.7663","-1.7048","4.3609","9.6687","15.4165","Style Box - Large Cap Blend","Style Box - Large Cap Blend"
"Vanguard Extended Duration Treasury Index Fund ETF Shares","EDV","3656.06","3.49761526232114467408585055643879173291",".2889","-1.0893","-2.1065","-7.1519","-7.2188","-10.4176","US Treasury - Long Term","Government Bond ETFs"
"Invesco S&P Emerging Markets Low Volatility ETF","EELV","429.46","75.71801566579634464751958224543080939948",".2766","1.6474","-1.0239","2.9508","4.4442","13.0334","Geographic - Broad Emerging Markets","Broad Emerging Market ETFs"
"iShares MSCI Emerging Markets ETF","EEM","31144.95","82.51167618059159314997405293201868188895","1.2537","3.6833","-1.2518","1.0234","15.9116","31.8686","Geographic - Broad Emerging Markets","Broad Emerging Market ETFs"
"iShares MSCI Emerging Markets Asia ETF","EEMA","891.2","87.1975308641975308641975308641975308642","1.4446","2.5074","-1.7308","1.7198","17.5158","31.9701","Geographic - Asia Emerging","Asia-Pacific (Emerging) ETFs"
"iShares MSCI Emerging Markets Small-Cap ETF","EEMS","371.08","79.68904593639575971731448763250883392226",".8662","1.7395","-1.1504",".9375","9.0268","15.1052","Geographic - Broad Emerging Markets","Broad Emerging Market ETFs"
"iShares MSCI Emerging Markets Min Vol Factor ETF","EEMV","3614.52","92.85714285714285714285714285714285714286","1.2535","3.0817","-1.2164","2.4445","16.3612","21.1753","Geographic - Broad Emerging Markets","Broad Emerging Market ETFs"
"WisdomTree U.S. SmallCap ETF","EES","701.68","83.60369788941217512646084074655503226932",".8269","-2.2164","-1.9863","2.2325","16.5514","19.4186","Style Box - Small Cap Value","Style Box - Small Cap Value"
"iShares MSCI EAFE ETF","EFA","78103.88","87.99089356858281161070005691519635742743",".9843","-1.286","-1.5228","3.4435","9.4196","17.8923","Geographic - EAFE","Broad Developed World ETFs"
"Invesco MSCI EAFE Income Advantage ETF","EFAA","662.97","82.54486133768352365415986949429037520392",".7335","-.6829","-1.4353","3.4789","8.7803","14.6013","Derivative Based ETF","Broad Developed World ETFs"
"iShares MSCI EAFE Min Vol Factor ETF","EFAV","5409.08","89.78354978354978354978354978354978354978",".772",".5241","-.8441","5.137","5.4964","12.1324","Geographic - EAFE","Broad Developed World ETFs"
"State Street SPDR MSCI EAFE Fossil Fuel Reserves Free ETF","EFAX","501.95","83.22649572649572649572649572649572649573",".7515","-1.8831","-1.7551","2.6364","9.047","14.9281","Strategy - Socially Responsible","Broad Developed World ETFs"
"iShares MSCI EAFE Growth ETF","EFG","16521.34","72.46673490276356192425793244626407369498",".828","-3.5103","-2.232","-.5982","6.0944","9.4622","Strategy - Dividend Growth","Broad Developed World ETFs"
"State Street SPDR S&P 500 ESG ETF","EFIV","1007.91","86.34212305611899932386747802569303583502",".7204","-1.3841","-1.7502","3.619","13.4683","19.8336","Strategy - Socially Responsible","Style Box - Large Cap Blend"
"iShares MSCI Finland ETF","EFNL","271.41","85.79068465891424662645357875753995398296",".9478","5.9598","1.623","1.8192","14.1372","31.1107","Geographic - Finland","European Equity ETFs"
"iShares MSCI EAFE Value ETF","EFV","31623.53","95.22935779816513761467889908256880733945","1.0808",".8949","-.8015","7.3491","12.835","26.0685","Geographic - EAFE","Broad Developed World ETFs"
"iShares MSCI Indonesia ETF","EIDO","505.01","23.15914489311163895486935866983372921615","-.7782","2.1635","-2.3737","7.0775","-19.7416","-25.2955","Geographic - Indonesia","Asia-Pacific (Emerging) ETFs"
"FT Energy Income Partners Enhanced Income ETF","EIPI","1108.25","92.02279202279202279202279202279202279202","-.2639","1.4864","-.657","4.5578","5.5405","22.1212","Energy - Broad","Energy ETFs"
"FT Energy Inc.ome Partners Strategy ETF","EIPX","586.49","96.6427718040621266427718040621266427718","-.1517","2.2143","-.2704","6.1901","8.1995","31.3246","Energy - Broad","Energy ETFs"
"iShares MSCI Israel ETF","EIS","891.77","67.97340669417698303530490600641907381935","1.277","1.9026","-2.0482","-2.9456","3.0475","29.4909","Geographic - Israel","Africa-Middle East Equity ETFs"
"Innovator Emerging Markets Pow","EJUL","213.91","91.20190873844318520727706531464360274381",".7913","2.7284","-.8661","1.5429","4.672","9.9356","Derivative Based ETF","Defined Outcome"
"Eventide High Dividend ETF","ELCV","293.37","76.79324894514767932489451476793248945148",".7369","-1.4111","-1.442","-.9941","9.7547","20.5933","Style Box - Large Cap Value","Style Box - Large Cap Value"
"Elm Market Navigator ETF","ELM","593.98","90.18404907975460122699386503067484662577",".3911","-.5123","-.7397","1.758","6.1871","8.7013","Multi-Asset - Total Portfolio","Total Portfolio ETFs"
"iShares J.P. Morgan USD Emerging Markets Bond ETF","EMB","14226.34","8.14196242171189979123173277661795407098","-.0749","-1.135","-1.1961","-1.769",".2086","2.8182","International - Emerging Market","Emerging Market Bond ETFs"
"Global X Emerging Markets Bond ETF","EMBD","246.24","5.26315789473684210526315789473684210526",".043","-1.0131","-.9842","-1.0533",".3777","2.9142","International - Emerging Market","Emerging Market Bond ETFs"
"VanEck Emerging Markets Bond ETF","EMBX","267.44","35.39944903581267217630853994490358126722",".0218","-.6841","-.9233","-.3092","2.3104","0","International - Emerging Market","Emerging Market Bond ETFs"
"Xtrackers MSCI Emerging Markets Select ETF","EMCS","1032.43","86.62371627224596542705874848504178095299","1.9179","6.2783","-.6178","2.2384","22.318","42.6113","Strategy - Socially Responsible","Broad Emerging Market ETFs"
"Nomura Focused Emerging Markets Equity ETF","EMEQ","636.9","73.35823648773289061058845231507102010699","1.3555","6.6643","-.7057","-1.9001","38.8194","96.0062","Geographic - Broad Emerging Markets","Broad Emerging Market ETFs"
"iShares Emerging Markets Equity Factor ETF","EMGF","1945.24","82.74398868458274398868458274398868458274","1.1702","3.6836","-1.4186",".648","17.1142","32.5263","Geographic - Broad Emerging Markets","Broad Emerging Market ETFs"
"iShares J.P. Morgan EM High Yield Bond ETF","EMHY","622.24","38.5390428211586901763224181360201511335","-.0503","-.6745","-.8483","-.3524","2.496","5.8399","Corporates - Junk/High Yield","Emerging Market Bond ETFs"
"VanEck J.P. Morgan EM Local Currency Bond ETF","EMLC","5120.58","34.65909090909090909090909090909090909091","-.0786","-.0766","-.7413","1.5485","2.3832","5.9353","Sovereign - Broad Market","Emerging Market Bond ETFs"
"First Trust North American Energy Infrastructure ETF","EMLP","4173.27","85.92493297587131367292225201072386058981","-.3641",".0686","-.7929","2.0882","2.0018","18.5585","Energy - MLP","MLP ETFs"
"PIMCO Enhanced Short Maturity Active ESG ETF","EMNT","220.84","14.48170731707317073170731707317073170732",".0051",".0556","-.0456",".8252","1.7877","3.8105","Ultra short Bond ETF","Ultra short Bond ETF"
"AB Emerging Markets Opportunities ETF","EMOP","2123.94","85.71065667471103772386637876286040899276","1.1352","4.6714","-.452","-.0579","14.7926","34.3508","Geographic - Broad Emerging Markets","Broad Emerging Market ETFs"
"EMQQ The Emerging Markets Internet ETF","EMQQ","246.1","12.80057423136738844359373130757267615744",".3419","-8.165","-4.3839","2.4112","-6.4348","-28.5841","Geographic - Broad Emerging Markets","Broad Emerging Market ETFs"
"iShares MSCI Emerging Markets ex China ETF","EMXC","25330.87","85.08971443012383118524134445286833459692","1.3808","6.2645","-.5241","1.994","24.3737","54.5511","Geographic - Broad Emerging Markets","Broad Emerging Market ETFs"
"Alerian Energy Infrastructure ETF","ENFR","543.03","90.64108563406644829199812821712681328966","-.4281","1.4116","-.9519","3.6763","7.8147","28.9929","Energy - MLP","MLP ETFs"
"WisdomTree India Earnings ETF","EPI","1982.4","36.6350067842605156037991858887381275441",".6905","-2.5576","-2.4227","1.1722","-1.2377","-6.1057","Geographic - India","Asia-Pacific (Emerging) ETFs"
"iShares MSCI Poland ETF","EPOL","855.59","98.59055673009161381254404510218463706836",".9081","2.6357",".9752","13.072","28.3572","44.2682","Geographic - Poland","European Equity ETFs"
"iShares MSCI Pacific ex Japan ETF","EPP","2260.04","79.14494264859228362877997914494264859228",".587","-1.7888","-3.0017","5.3509","4.8695","10.8744","Geographic - Asia Developed","Asia-Pacific (Developed) ETFs"
"WisdomTree U.S. LargeCap ETF","EPS","1642.77","92.52726106478511866581141757536882617062",".8819","-.426","-.769","4.7403","15.3365","19.2628","Style Box - Large Cap Value","Style Box - Large Cap Value"
"iShares MSCI Peru and Global Exposure ETF","EPU","558.3","88.7655300026434047052603753634681469733","-.0661","1.002","-1.5732","7.4664","8.8245","60.6098","Geographic - Peru","Latin American Equity ETFs"
"Invesco Russell 1000 Equal Weight ETF","EQAL","823.8","83.42223703950658443073845640940156692782",".654","-2.1525","-1.9023","1.9255","8.3537","16.1876","Style Box - Large Cap Blend","Style Box - Large Cap Blend"
"Columbia U.S. Equity Income ETF","EQIN","312.21","94.06743491250533504054630815194195475886",".5889","-.1751","-.2119","5.5352","10.7268","18.4802","Style Box - All Cap Value","Style Box - All Cap Value"
"ALPS Equal Sector Weight ETF","EQL","755.59","86.54592496765847347994825355756791720569",".6257","-1.2663","-.9623","2.5637","6.5777","13.7025","Style Box - Large Cap Blend","Style Box - Large Cap Blend"
"Kovitz Core Equity ETF","EQTY","1416.94","82.32023010546500479386385426653883029722",".9157","-2.8387","-1.3763","5.295","10.0549","11.1268","Style Box - All Cap Blend","Style Box - All Cap Blend"
"Invesco S&P 100 Equal Weight ETF","EQWL","2823.49","86.45104895104895104895104895104895104895",".684","-1.436","-1.414","4.2527","12.2715","17.9586","Style Box - Large Cap Blend","Style Box - Large Cap Blend"
"Direxion Daily Energy Bull 2X ETF","ERX","257.82","98.79967558799675587996755879967558799676",".5743","13.3495","3.119","28.5895","26.7869","103.641","Derivative Based ETF","Leveraged Equity ETFs"
"iShares ESG Aware MSCI EAFE ETF","ESGD","12057.88","87.73148148148148148148148148148148148148",".8591","-1.3814","-1.5284","3.6505","9.7133","17.4581","Strategy - Socially Responsible","Broad Developed World ETFs"
"iShares ESG Aware MSCI EM ETF","ESGE","6922.62","86.72142368240930869267624914442162902122","1.199","4.4356","-1.2243","1.866","17.3795","31.9993","Strategy - Socially Responsible","Broad Emerging Market ETFs"
"iShares ESG Aware MSCI USA ETF","ESGU","17893.06","89.9365367180417044424297370806890299184",".796","-1.1064","-.9188","3.8009","14.1536","17.3452","Strategy - Socially Responsible","Style Box - All Cap Growth"
"Vanguard ESG U.S. Stock ETF Shares","ESGV","13331.28","91.4442162902121834360027378507871321013",".8309","-.7191","-.9952","4.0356","15.7355","16.3866","Strategy - Socially Responsible","Style Box - All Cap Blend"
"iShares ESG Aware MSCI USA Small-Cap ETF","ESML","2798.68","79.21225382932166301969365426695842450766",".7115","-3.1857","-2.3598",".1828","13.0888","19.4947","Strategy - Socially Responsible","Style Box - Small Cap Blend"
"Essential 40 Stock ETF","ESN","343.32","94.27681992337164750957854406130268199234",".4889","-.2572","-.3877","4.6906","14.2381","21.554","Style Box - Large Cap Blend","Style Box - Large Cap Blend"
"VanEck Video Gaming and eSports ETF","ESPO","247.57","32.30769230769230769230769230769230769231","2.1004","-1.8971","-.6743","10.2018","4.7178","-18.8006","Consumer Discretionary - Leisure and Entertainment","Consumer Discretionary ETFs"
"Grayscale Ethereum Staking Mini ETF","ETH","2068.08","31.78607467204843592330978809283551967709","3.2354","35.1728","3.4998","51.7522","23.2842","-41.8465","Digital Economy ETF","Digital Economy ETF"
"iShares Ethereum Trust ETF","ETHA","8680.14","30.85239085239085239085239085239085239085","3.2328","35.1199","3.4557","50.8661","22.116","-42.7889","Digital Economy ETF","Digital Economy ETF"
"iShares Staked Ethereum Trust ETF","ETHB","698.23","100","3.1566","35.2089","3.3523","51.0865","0","0","Digital Economy ETF","Digital Economy ETF"
"Grayscale Ethereum Staking ETF","ETHE","1871.51","29.76054732041049030786773090079817559863","3.1834","34.7855","3.3401","50.1471","20.7569","-44.0395","Digital Economy ETF","Digital Economy ETF"
"ProShares Ultra Ether ETF","ETHT","257.61","9.71322849213691026827012025901942645698","6.3881","75.3069","6.5789","103.7822","17.5508","-82.8571","Digital Economy ETF","Digital Economy ETF"
"2x Ether ETF","ETHU","1184.11","10.65100154083204930662557781201848998459","6.3315","76.4577","6.7","109.0611","22.4223","-81.5617","Digital Economy ETF","Digital Economy ETF"
"Bitwise Ethereum ETF","ETHW","262.01","30.85714285714285714285714285714285714286","3.0647","35.0186","3.4169","50.9559","22.1251","-42.7671","Digital Economy ETF","Digital Economy ETF"
"Select STOXX Europe Aerospace & Defense ETF","EUAD","1081.2","49.24812030075187969924812030075187969925","1.013","-9.0176","-1.9437","3.4499","-3.5538","-4.0286","Industrials  - Aerospace & Defense","Industrials ETFs"
"iShares MSCI Europe Financials ETF","EUFN","4212.36","92.27722772277227722772277227722772277228","1.1481",".356","-1.5137","13.1201","23.3366","28.8635","Financials-Broad","Financials ETFs"
"iShares Euro High Yield Corporate Bond USD Hedged ETF","EUHY","252.31","20.58533377178559684314370272936534034857",".0666","-1.0553","-.8819","-.5139","1.8785","0","Corporates - Junk/High Yield","High-Yield/Junk Bond ETFs"
"iShares MSCI USA Equal Weighted ETF","EUSA","1895.55","78.02796871296515762028916804930078217587",".7356","-2.8217","-1.7509","2.4751","10.7082","12.6687","Style Box - All Cap Blend","Style Box - All Cap Blend"
"Corgi Lithography & Semiconductor Photonics ETF","EUV","422.36","28.93805309734513274336283185840707964602","1.785","-7.4217","1.785","-16.288","0","0","Technology  - Semiconductors","Technology ETFs"
"Eaton Vance Floating-Rate ETF","EVLN","1512.81","34.61753210496929089893914014517029592406","0",".5213","-.0717","1.7617","4.0291","4.2654","Corporates - Floating Rate","Investment Grade Corporate Bond ETFs"
"Eaton Vance Ultra-Short Income ETF","EVSB","253.95","4.65116279069767441860465116279069767442","-.0768",".1987","-.0591",".7964","1.9044","4.0008","Ultra short Bond ETF","Ultra short Bond ETF"
"iShares ESG Aware MSCI USA Value ETF","EVUS","380.42","92.11815561959654178674351585014409221902",".689","-.5434","-1.1153","6.087","13.7596","19.2219","Strategy - Socially Responsible","Style Box - All Cap Value"
"iShares MSCI Australia ETF","EWA","1291.15","78.83211678832116788321167883211678832117",".6534","-2.2705","-3.1757","2.4684","2.3271","9.8814","Geographic - Australia","Asia-Pacific (Developed) ETFs"
"iShares MSCI Canada ETF","EWC","6818.8","84.05572755417956656346749226006191950464",".481","-1.5119","-2.3533","4.0443","7.747","22.8574","Geographic - Canada","Canadian Equity ETFs"
"iShares MSCI Sweden ETF","EWD","727.28","69.80728051391862955032119914346895074946",".6204","-2.1862","-2.3335","2.9353","3.2757","13.4486","Geographic - Sweden","European Equity ETFs"
"iShares MSCI Germany ETF","EWG","1674.97","73.57910906298003072196620583717357910906",".5866","-2.546","-2.324","3.3868","7.1117","5.5849","Geographic - Germany","European Equity ETFs"
"iShares MSCI Hong Kong ETF","EWH","1162.82","47.8149100257069408740359897172236503856",".2225",".1779","-2.931","4.5252","-2.0552","6.8766","Geographic - Hong Kong","Asia-Pacific (Developed) ETFs"
"iShares MSCI Italy ETF","EWI","1107.33","89.34049079754601226993865030674846625767","1.5571","-1.7911",".1617","4.3012","17.8744","23.7126","Geographic - Italy","European Equity ETFs"
"iShares MSCI Japan ETF","EWJ","23189","100","2.1983","2.3681",".2849","7.4647","15.55","25.5808","Geographic - Japan","Asia-Pacific (Developed) ETFs"
"iShares MSCI Japan Value ETF","EWJV","780.63","100","2.7281","5.6158","1.6221","11.9291","18.5919","32.6383","Geographic - Japan","Asia-Pacific (Developed) ETFs"
"iShares MSCI Switzerland ETF","EWL","2283.86","57.39750445632798573975044563279857397504","0","-5.8254","-4.4828","-2.4154","2.1642","9.3914","Geographic - Switzerland","European Equity ETFs"
"iShares MSCI Malaysia ETF","EWM","318.06","48.34951456310679611650485436893203883495","-.5018","-1.1044","-1.3854",".8969","-1.5572","13.5305","Geographic - Malaysia","Asia-Pacific (Emerging) ETFs"
"iShares MSCI Netherlands ETF","EWN","661.79","76.84275184275184275184275184275184275184",".4591","-2.2901","-1.8377","-1.7403","14.1371","29.7785","Geographic - Netherlands","European Equity ETFs"
"iShares MSCI Austria ETF","EWO","206.74","97.01388888888888888888888888888888888889","-.0225","1.6697","-.9581","9.1872","27.15","46.6197","Geographic - Austria","European Equity ETFs"
"iShares MSCI Spain ETF","EWP","2234.15","92.72363150867823765020026702269692923899","1.1723","-.7824","-.9721","8.1163","16.6344","30.2666","Geographic - Spain","European Equity ETFs"
"iShares MSCI France ETF","EWQ","339.11","48.72563718140929535232383808095952023988",".6948","-5.7874","-1.6634","-1.123","4.1116","6.238","Geographic - France","European Equity ETFs"
"iShares MSCI Singapore ETF","EWS","1258.05","87.91348600508905852417302798982188295165",".7492","-.8844","-2.748","17.1862","22.881","19.3972","Geographic - Singapore","Asia-Pacific (Developed) ETFs"
"iShares MSCI Taiwan ETF","EWT","11817.82","97.564717162032598274209012464046021093","1.827","6.7058","-1.1321","8.2577","54.2345","81.2658","Geographic - Taiwan","Asia-Pacific (Developed) ETFs"
"iShares MSCI United Kingdom ETF","EWU","3688.33","82.63473053892215568862275449101796407186",".8626","-.7453","-1.3377","3.6381","4.9584","17.1732","Geographic - UK","European Equity ETFs"
"iShares MSCI Mexico ETF","EWW","1738.28","65.26128266033254156769596199524940617577",".1728","-1.128","-1.6312","-1.0631","2.4472","18.4674","Geographic - Mexico","Latin American Equity ETFs"
"State Street SPDR S&P Emerging Markets Small Cap ETF","EWX","673.24","67.26190476190476190476190476190476190476",".3025","1.5951","-1.9645","-.08","8.9657","10.4658","Geographic - Broad Emerging Markets","Broad Emerging Market ETFs"
"iShares MSCI South Korea ETF","EWY","27910.51","78.27976911565595382313119076462623815293","3.2498","12.8438","-.0794","-5.1372","42.0549","145.0001","Geographic - South Korea","Asia-Pacific (Developed) ETFs"
"iShares MSCI Brazil ETF","EWZ","8780.11","72.64296754250386398763523956723338485317","-.9595","12.3896",".8716","10.6599","2.4214","32.3123","Geographic - Brazil","Latin American Equity ETFs"
"iShares MSCI Brazil Small-Cap ETF","EWZS","248.33","36.03603603603603603603603603603603603604","-1.4738","9.8603","-.5948","-.5853","-7.8549","1.7525","Geographic - Brazil","Latin American Equity ETFs"
"iShares Global Industrials ETF","EXI","1394.9","71.54767981720508519895962468703663190646","1.4189","-5.0092","-1.1399","1.2197","3.7231","14.8839","Industrials  - Broad","Industrials ETFs"
"Cambria Emerging Shareholder Yield ETF","EYLD","941.92","97.07977207977207977207977207977207977208",".6683","5.721","-.818","6.0699","18.81","35.0275","Geographic - Broad Emerging Markets","Broad Emerging Market ETFs"
"iShares MSCI South Africa ETF","EZA","570.23","45.67784600850259801606046291922531884743",".8053","2.2015","-2.1496","7.9274",".6816","24.0847","Geographic - South Africa","Africa-Middle East Equity ETFs"
"Franklin Bitcoin ETF","EZBC","456.43","27.72047447137699845281072717895822588963",".2919","21.7557","-3.1866","21.5569","9.2733","-32.6497","Cryptocurrency ETFs","Cryptocurrency ETFs"
"WisdomTree U.S. MidCap ETF","EZM","927.9","81.19484046164290563475899524779361846572",".7111","-2.1765","-1.6561",".8842","11.7395","13.2765","Style Box - Mid Cap Value","Style Box - Mid Cap Value"
"iShares MSCI Eurozone ETF","EZU","9698.59","80.01679261125104953820319059613769941226",".9133","-2.6842","-1.2064","1.3026","10.6197","17.8475","Geographic - Broad Europe","European Equity ETFs"
"First Trust Alternative Absolute Return Strategy ETF","FAAR","218.59","68.92715231788079470198675496688741721854","-.4697","2.4464","1.4555","-3.3444","-3.6837","16.4959","Basket - Broad","Broad Commodity ETFs"
"First Trust Multi Cap Growth AlphaDEX ETF","FAD","586.01","63.79900719278695167662850774997467328538",".9938","-4.7683","-1.4199","-3.4041","11.4478","14.1728","Style Box - All Cap Growth","Style Box - All Cap Growth"
"iShares Fallen Angels USD Bond ETF","FALN","1623.02","8.02919708029197080291970802919708029197","0","-1.2501","-1.0817","-.4744","1.6105","2.5717","Corporates - Junk/High Yield","High-Yield/Junk Bond ETFs"
"First Trust Global Wind Energy ETF","FAN","240.91","58.5006382731809214343739120343507021005",".6425","-1.112","-.0676","-4.8846",".0455","27.2482","Strategy - Socially Responsible","Alternative Energy ETFs"
"FT Vest U.S. Equity Buffer ETF - April","FAPR","1315.83","95.19743863393810032017075773745997865528",".59",".2204","-.282","3.1993","6.6816","10.1015","Derivative Based ETF","Defined Outcome"
"Direxion Daily Financial Bull 3X ETF","FAS","2184.46","83.96946564885496183206106870229007633588","1.8984","-4.0497","-4.5133","25.3984","45.0741","4.6961","Derivative Based ETF","Leveraged Equity ETFs"
"FT Vest U.S. Equity Buffer ETF - August","FAUG","1311.1","94.64161447459986082115518441196938065414",".6567",".2784","-.4405","3.2611","8.9002","11.9573","Derivative Based ETF","Defined Outcome"
"Fidelity Blue Chip Growth ETF","FBCG","7301.16","85.52955665024630541871921182266009852217",".8333","-.676","-1.0423","1.3467","16.8529","17.3","Style Box - All Cap Growth","Style Box - All Cap Growth"
"GraniteShares 2x Long META Daily ETF","FBL","208.26","24.39739413680781758957654723127035830619","1.0514","14.4685","9.7252","20.1389","-15.5273","-41.6776","Derivative Based ETF","Single Stock ETF"
"Fidelity Disruptive Automation ETF","FBOT","208.59","77.12797326518576764301159819146844898762","1.292","-4.9369","-2.3662","1.2013","8.8785","20.5047","Artificial Intelligence and Robotics ETF","Artificial Intelligence and Robotics ETF"
"First Trust NYSE Arca Biotechnology ETF","FBT","2858.85","87.92176186040921791905777724363789321876","-.1639","1.2372","-3.3514","15.2331","31.4112","46.5502","Healthcare - Biotech","Health Care ETFs"
"Fidelity Wise Origin Bitcoin Fund","FBTC","14307.48","27.74447679397157047439630073642747045727",".2833","21.7635","-3.1119","21.6314","9.2253","-32.6894","Cryptocurrency ETFs","Cryptocurrency ETFs"
"First Trust Natural Gas ETF","FCG","710.84","91.56626506024096385542168674698795180723","-.3756","5.8882","1.2727","12.5759","10.3696","37.7442","Energy - natural gas","Energy ETFs"
"Fidelity MSCI Communication Services Index ETF","FCOM","1819.17","64.06551059730250481695568400770712909441","1.0373","2.3282",".9948","2.1705",".4424","2.5099","Communication Services - Broad","Communication Services ETFs"
"Fidelity Corporate Bond ETF","FCOR","351.39",".162074554294975688816855753646677471637",".011","-1.0708","-.9978","-2.2286","-1.548","-1.1576","Corporates - Investment Grade","Investment Grade Corporate Bond ETFs"
"Fidelity Stocks for Inflation ETF","FCPI","281.92","94.20212765957446808510638297872340425532",".7485",".6182","-.5132","6.5644","13.5896","16.5037","Style Box - All Cap Blend","Style Box - All Cap Blend"
"SMI 3Fourteen Full-Cycle Trend ETF","FCTE","231.76","72.41792834657472642782191575475940638585","1.808","-5.4202",".2055","3.6639","11.0879","7.0496","Style Box - Large Cap Blend","Style Box - Large Cap Blend"
"First Trust STOXX European Select Dividend ETF","FDD","931.84","94.12955465587044534412955465587044534413",".5911",".1471","-1.4003","6.8108","18.2476","31.8585","Geographic - Broad Europe","European Equity ETFs"
"FT Vest U.S. Equity Buffer ETF - December","FDEC","1305.38","97.16748768472906403940886699507389162562",".6314",".3869","-.2575","3.5264","9.5272","14.2331","Derivative Based ETF","Defined Outcome"
"Fidelity Emerging Markets Multifactor ETF","FDEM","603.74","81.75675675675675675675675675675675675676",".6599","3.214","-1.0166",".5542","13.6033","24.4566","Geographic - Broad Emerging Markets","Broad Emerging Market ETFs"
"Fidelity International Multifactor ETF","FDEV","285.08","90.41522491349480968858131487889273356401",".7358",".1883","-1.306","5.6004","6.1509","15.7517","Foreign Large Blend ETF","Foreign Large Blend ETF"
"American Century Focused Dynamic Growth ETF","FDG","414.2","73.85533752460786181494887915158442878009","1.4503","-.7941","-.7376",".7264","10.3714","11.8229","Style Box - All Cap Growth","Style Box - All Cap Growth"
"Fidelity Enhanced High Yield ETF","FDHY","602.02","28.07570977917981072555205047318611987382","-.0206","-.4203","-.6549",".5174","2.4076","4.6177","Corporates - Junk/High Yield","High-Yield/Junk Bond ETFs"
"Fidelity Crypto Industry and Digital Payments ETF","FDIG","267.24","48.44890182968474783421402638484489018297","1.4814","9.1688","-2.5278","2.3141","22.6113","2.9573","Cryptocurrency ETFs","Cryptocurrency ETFs"
"Fidelity MSCI Consumer Discretionary Index ETF","FDIS","1621.21","50.35756853396901072705601907032181168057","1.113","-5.1939","-1.8097","-2.771","1.8984","-2.9317","Consumer Discretionary - Broad","Consumer Discretionary ETFs"
"First Trust Morningstar Dividend Leaders ETF","FDL","7963.65","89.00804289544235924932975871313672922252",".3458",".1534","-1.3039","3.9921","6.4629","22.5694","Style Box - Large Cap Value","Style Box - Large Cap Value"
"Fidelity Low Volatility Factor ETF","FDLO","1397.64","83.95669291338582677165354330708661417323",".9845","-1.5288","-.4699","4.7297","8.4661","10.8627","Style Box - Large Cap Blend","Style Box - Large Cap Blend"
"Inspire Fidelis Multi Factor ETF","FDLS","250.45","90.22067144473783477932855526216522067144",".7037","-.0466","-1.1922","4.5492","14.7506","23.9568","Strategy - Socially Responsible","Style Box - All Cap Blend"
"First Trust Dow Jones Select MicroCap ETF","FDM","270.84","84.25866836843224845777494150180812593065",".3644","-2.5426","-1.825","3.541","12.9928","21.3266","Style Box - Small Cap Blend","Style Box - Small Cap Blend"
"Fidelity Momentum Factor ETF","FDMO","901.34","81.93218764514630747793776126335346028797",".8414","-.3473","-.5358",".4662","14.3189","16.3986","Style Box - Large Cap Blend","Style Box - Large Cap Blend"
"First Trust Dow Jones Internet ETF","FDN","5224.65","90.84598698481561822125813449023861171367","1.1979","-.4788","-.6704","8.9976","17.7151","1.937","Technology  - Internet","Technology ETFs"
"Fidelity Dividend ETF for Rising Rates","FDRR","761.98","97.16360856269113149847094801223241590214","1.1376",".9205","-.2122","7.3241","16.5745","22.8128","Style Box - All Cap Value","Style Box - All Cap Value"
"First Trust Developed Markets ex-US AlphaDEX ETF","FDT","1337.53","87.03378674857393593681439227731461167179","1.4785","4.3087","-.5991",".8678","9.1847","31.9929","Foreign Large Value ETF","Foreign Large Value ETF"
"Fidelity Disruptive Technology ETF","FDTX","286.45","84.16549009540923287554015316818551319899","1.0768","-.519",".0055",".5226","40.1668","38.997","Technology  - broad","Technology ETFs"
"Federated Hermes U.S. Strategic Dividend ETF","FDV","896.78","84.55284552845528455284552845528455284553",".455","-.3648","-1.2228","4.7166","8.7042","18.5044","Style Box - Large Cap Value","Style Box - Large Cap Value"
"Fidelity High Dividend ETF","FDVV","10352.55","88.9741131351869606903163950143815915628","1.1851","-.6604","-.4098","4.2196","12.19","16.7638","Style Box - All Cap Value","Style Box - All Cap Value"
"First Eagle Global Equity ETF","FEGE","2477.41","86.35907723169508525576730190571715145436",".2309","-.5916","-1.7726","5.2536","7.7241","20.3259","Global Large-Cap Blend Equity ETF","Global Large-Cap Blend Equity ETF"
"Fidelity Enhanced Large Cap Core ETF","FELC","8488.41","92.97658862876254180602006688963210702341",".8329","-.4796","-.7289","5.6545","15.8523","19.4562","Style Box - Large Cap Blend","Style Box - Large Cap Blend"
"Fidelity Enhanced Large Cap Growth ETF","FELG","5612.88","85.10638297872340425531914893617021276596",".9158","-.3166","-.877","2.6425","11.2903","10.2268","Style Box - Large Cap Growth","Style Box - Large Cap Growth"
"Fidelity Enhanced Large Cap Value ETF","FELV","3363.34","94.64627151051625239005736137667304015296","1.019","-.7682","-.6062","8.2835","20.734","28.9084","Style Box - Large Cap Value","Style Box - Large Cap Value"
"First Trust Emerging Markets AlphaDEX ETF","FEM","825.45","95.30125047366426676771504357711254262978",".6683","4.4642","-.3932","5.0017","10.8954","26.1373","Geographic - Broad Emerging Markets","Broad Emerging Market ETFs"
"First Trust Emerging Markets Local Currency Bond ETF","FEMB","389.66","47.03557312252964426877470355731225296443",".271",".4892","-.4373","2.3276","3.1176","6.7441","International - Emerging Market","Emerging Market Bond ETFs"
"First Trust Emerging Markets Small Cap AlphaDEX ETF","FEMS","234.38","60.60222672064777327935222672064777327935","-.4783","2.179","-1.6083",".9962","2.5727","8.8927","Geographic - Broad Emerging Markets","Broad Emerging Market ETFs"
"Fidelity Enhanced International ETF","FENI","11241.95","86.57894736842105263157894736842105263158",".9613","-1.6567","-1.7039","2.9158","8.5159","19.0619","Geographic - EAFE","Broad Developed World ETFs"
"Fidelity MSCI Energy Index ETF","FENY","2181.6","99.44089456869009584664536741214057507987",".2778","6.7416","1.5757","14.6149","15.3873","49.5418","Energy - Broad","Energy ETFs"
"First Eagle Overseas Equity ETF","FEOE","1901.27","85.31711555169417897480451781059947871416","1.1162","-1.55","-1.5675","3.0009","6.7001","21.1975","Foreign Large Blend ETF","Foreign Large Blend ETF"
"First Trust Europe AlphaDEX ETF","FEP","531.52","88.00206416100455835555173303517674378602",".2896","-.2596","-1.3074","1.8539","9.1472","20.8553","Geographic - Broad Europe","European Equity ETFs"
"REX FANG & Innovation Equity Premium Income ETF","FEPI","695.8","39.27335640138408304498269896193771626298",".83","4.2103",".4851","3.9622","11.2511","14.9867","Derivative Based ETF","Active Non-Transparent ETFs"
"Fidelity Enhanced Small Cap Core ETF","FESM","6357.2","81.92252510760401721664275466284074605452",".7826","-3.7575","-2.1115","1.3168","21.0109","28.1938","Style Box - Small Cap Blend","Style Box - Small Cap Blend"
"Fidelity Ethereum Fund","FETH","1327.29","30.84569264752287787945724203218680971915","3.2245","35.0962","3.3933","50.9851","22.056","-42.7957","Digital Economy ETF","Digital Economy ETF"
"First Trust Large Cap Core AlphaDEX ETF","FEX","1560.37","80.00326370757180156657963446475195822454",".9001","-2.8245","-1.3226",".329","11.0351","17.5285","Style Box - Large Cap Blend","Style Box - Large Cap Blend"
"State Street SPDR EURO STOXX 50 ETF","FEZ","4370.3","80.48780487804878048780487804878048780488",".956","-2.9653","-1.3447","2.7447","11.0116","18.2458","Geographic - Broad Europe","European Equity ETFs"
"FT Vest U.S. Equity Buffer ETF - February","FFEB","1425.19","97.18978102189781021897810218978102189781",".5781",".4083","-.2412","3.3713","9.0225","14.2515","Derivative Based ETF","Defined Outcome"
"Fidelity Fundamental Large Cap Core ETF","FFLC","1208.39","88.88888888888888888888888888888888888889",".6837","-.9878","-1.2746","3.4406","12.886","16.3729","Style Box - Large Cap Blend","Style Box - Large Cap Blend"
"Fidelity Fundamental Large Cap Growth ETF","FFLG","613.73","76.20367163145133356425355039833737443713",".9445","-.1507","-.9863","-.9949","13.6454","14.1962","Style Box - Large Cap Growth","Style Box - Large Cap Growth"
"Franklin Focused Dynamic Growth ETF","FFOG","352.73","84.34512065563818485354378509637274244954","1.0807","1.4052",".2895","1.3623","15.2214","6.7708","Style Box - Large Cap Growth","Style Box - Large Cap Growth"
"FundX Future Fund Opportunities ETF","FFOX","229.17","53.03964757709251101321585903083700440529",".7197","-7.5633","-2.1255","-1.2213","3.7126","4.2139","Geographic - Global Total Market","World ETFs"
"Fidelity Fundamental Small-Mid Cap ETF","FFSM","1556.29","71.66666666666666666666666666666666666667",".7084","-6.103","-2.5768","-2.8162","9.732","20.6964","Style Box - All Cap Blend","Style Box - All Cap Blend"
"Fidelity Managed Futures ETF","FFUT","368.36","96.74553887273013127898750098262715195346","-.6406","4.9457","2.7508","7.5255","13.3069","24.2403","Derivative Based ETF","Hedge Fund ETFs"
"First Trust Dow Jones Global Select Dividend ETF","FGD","1639.69","93.30723576209117312792019194342720040409",".5382","1.6032","-1.4714","6.099","12.8429","25.6756","Foreign Large Value ETF","Foreign Large Value ETF"
"Franklin Responsibly Sourced Gold ETF","FGDL","446.11","39.21761436511329628046173578452330055579",".5403","-.5277","-2.0065","3.1788","-16.0531","19.0068","Precious Metals - Gold","Precious Metals ETFs"
"Fidelity Hedged Equity ETF","FHEQ","972","88.67256637168141592920353982300884955752",".5333","-.7314","-.7895","3.8264","11.797","12.5961","Hedge Fund - Broad","Hedge Fund ETFs"
"Fidelity MSCI Health Care Index ETF","FHLC","3387.37","76.41099855282199710564399421128798842258","-.1989","-1.6052","-3.4159","8.634","10.6588","21.4638","Healthcare - Broad","Health Care ETFs"
"First Trust International Developed Capital Strength ETF","FICS","203.41","66.31126397248495270851246775580395528805",".3334","-3.6952","-2.874",".8433","4.6574","7.6261","Foreign Large Growth ETF","Foreign Large Growth ETF"
"Fidelity International High Dividend ETF","FIDI","391.01","94.09237379162191192266380236305048335124",".5312",".3077","-.7779","4.6899","9.1911","23.3225","Foreign Large Value ETF","Foreign Large Value ETF"
"Fidelity MSCI Industrials Index ETF","FIDU","2218.23","62.37113402061855670103092783505154639175","1.1487","-7.1856","-1.6749","-3.1515","1.4972","13.9069","Industrials  - Broad","Industrials ETFs"
"Fidelity Investment Grade Bond ETF","FIGB","640.49","2",".1202","-1.0631","-.9279","-1.9091","-1.8813","-1.0424","Total Bond Market - Broad","Total Bond Market ETFs"
"Fidelity MSCI North American Subset Index ETF","FINA","1664.6","72.78213639106819553409776704888352444176",".905","-.6432","-.6355","0","0","0","Style Box - All Cap Blend","Style Box - All Cap Blend"
"Fidelity International Value Factor ETF","FIVA","630.56","93.50923482849604221635883905013192612137",".9642","-.2282","-1.4123","3.846","13.4351","30.4444","Foreign Large Value ETF","Foreign Large Value ETF"
"First Trust Water ETF","FIW","1741.34","36.4142194744976816074188562596599690881",".6196","-6.7167","-3.0495",".9729","-.4701","-6.4096","Industrials  - Water","Industrials ETFs"
"FT Vest U.S. Equity Buffer ETF - January","FJAN","1466.53","97.40791268758526603001364256480218281037",".6324",".4035","-.1767","3.6134","9.6042","13.662","Derivative Based ETF","Defined Outcome"
"First Trust Japan AlphaDEX ETF","FJP","265.77","83.77457404980340760157273918741808650066","2.382","3.2397",".7434","6.2184","6.9708","20.2891","Geographic - Japan","Asia-Pacific (Developed) ETFs"
"FT Vest U.S. Equity Buffer ETF - July","FJUL","1284.61","95.02170028082716364564717896349246872607",".5591","-.098","-.3909","3.5931","9.4623","12.5612","Derivative Based ETF","Defined Outcome"
"FT Vest U.S. Equity Buffer ETF - June","FJUN","1411.62","93.98960363872644574398960363872644574399",".7165","-.147","-.3747","2.3431","6.8309","9.8832","Derivative Based ETF","Defined Outcome"
"Franklin FTSE Australia ETF","FLAU","220.87","78.83713660518912160050015629884338855892",".7389","-2.3656","-3.0571","2.4644","3.2686","10.7628","Geographic - Australia","Asia-Pacific (Developed) ETFs"
"Franklin Senior Loan ETF","FLBL","872.25","21.65605095541401273885350318471337579618","-.3688",".2521","-.5199","2.348","3.6477","2.1276","Corporates - Bank Loan","High-Yield/Junk Bond ETFs"
"Franklin FTSE Brazil ETF","FLBR","630.15","72.84688995215311004784688995215311004785","-.7095","12.9093","1.7232","9.4736","3.0257","35.737","Geographic - Brazil","Latin American Equity ETFs"
"Franklin FTSE Canada ETF","FLCA","842.13","83.5978835978835978835978835978835978836",".4646","-1.5067","-2.4364","4.3342","8.1041","22.9731","Geographic - Canada","Canadian Equity ETFs"
"Federated Hermes MDT Large Cap Growth ETF","FLCG","611.89","86.68555240793201133144475920679886685552","1.0124","-.4334","-.953","5.5623","11.1748","8.0931","Style Box - Large Cap Growth","Style Box - Large Cap Growth"
"Franklin FTSE China ETF","FLCH","322.48","11.41924959216965742251223491027732463295",".1433","-4.898","-3.5419","-2.4848","-9.3904","-15.2938","Geographic - China","Asia-Pacific (Emerging) ETFs"
"Fidelity Low Duration Bond ETF","FLDB","422.18","9.9009900990099009900990099009900990099",".0298",".2823","-.0199",".778","1.7724","3.666","Total Bond Market - Broad","Total Bond Market ETFs"
"Franklin FTSE United Kingdom ETF","FLGB","872.43","82.80155642023346303501945525291828793774",".8748","-.8598","-1.2841","4.2104","5.7619","17.3331","Geographic - UK","European Equity ETFs"
"Franklin High Yield Corporate ETF","FLHY","1258.49","3.22580645161290322580645161290322580645",".1049","-.5193","-.79","-.0342","1.6825","3.864","Corporates - Junk/High Yield","High-Yield/Junk Bond ETFs"
"Franklin International Aggregate Bond ETF","FLIA","758.84","1.43884892086330935251798561151079136691",".0498","-.9231","-.8148","-.9921","-.1675",".7435","International - Broad Treasury","Developed Market Bond ETFs"
"Franklin FTSE India ETF","FLIN","2583.13","35.09485094850948509485094850948509485095","1.0121","-3.053","-2.5662","2.0152","-.541","-8.1858","Geographic - India","Asia-Pacific (Emerging) ETFs"
"Franklin FTSE Japan ETF","FLJP","4131.79","100","2.2201","2.2201",".1913","6.9362","14.6911","24.3607","Geographic - Japan","Asia-Pacific (Developed) ETFs"
"Franklin FTSE South Korea ETF","FLKR","1698.2","77.83369803063457330415754923413566739606","3.1551","12.0895",".0161","-2.3649","45.0234","141.2447","Geographic - South Korea","Asia-Pacific (Developed) ETFs"
"iShares Floating Rate Bond ETF","FLOT","10786.97","60.27397260273972602739726027397260273973",".0196",".3947",".0786",".9629","2.2309","4.3837","Corporates - Floating Rate","Investment Grade Corporate Bond ETFs"
"Franklin U.S. Large Cap Multifactor Index ETF","FLQL","2107.47","92.80223619846261355695317959468902865129","1.1295","-.373","-.2406","2.8956","13.0965","17.7861","Style Box - Large Cap Blend","Style Box - Large Cap Blend"
"Franklin U.S. Mid Cap Multifactor Index ETF","FLQM","1495.74","69.008782936010037641154328732747804266",".7273","-2.9182","-2.0237","3.4987","7.4495","5.1333","Style Box - Mid Cap Blend","Style Box - Mid Cap Blend"
"Fidelity U.S. Multifactor ETF","FLRG","291.72","86.37802071346375143843498273878020713464",".8183","-1.2573","-1.0946","4.3352","11.7249","11.4592","Style Box - All Cap Value","Style Box - All Cap Value"
"State Street SPDR Bloomberg Investment Grade Floating Rate ETF","FLRN","2946.81","57.14285714285714285714285714285714285714",".0325",".3875",".0325",".9829","2.1948","4.3255","Corporates - Floating Rate","Investment Grade Corporate Bond ETFs"
"Pacer Aristotle Pacific Floating Rate High Income ETF","FLRT","750.5","39.4557823129251700680272108843537414966","-.0214",".6156","0","1.6013","4.484","5.1132","Corporates - Floating Rate","High-Yield/Junk Bond ETFs"
"Franklin Systematic Style Premia ETF","FLSP","1083.8","95.62289562289562289562289562289562289562","-.1045","1.3428",".1397","4.519","5.4024","14.104","Hedge Fund - Broad","Hedge Fund ETFs"
"VanEck IG Floating Rate ETF","FLTR","3220.58","73.91304347826086956521739130434782608696","0",".3943",".1176","1.0893","2.3537","4.743","Corporates - Floating Rate","Investment Grade Corporate Bond ETFs"
"Franklin FTSE Taiwan ETF","FLTW","3808.96","95.00287191269385410683515221137277426766","1.7154","6.2942","-1.066","6.6903","53.4582","86.9101","Geographic - Taiwan","Asia-Pacific (Developed) ETFs"
"Franklin Ultra Short Bond ETF","FLUD","582.89","8.33333333333333333333333333333333333333",".0803",".1498","-.1202",".6399","1.7361","3.4965","Ultra short Bond ETF","Ultra short Bond ETF"
"American Century Focused Large Cap Value ETF","FLV","371.34","83.17999222495788518854477128417778929636",".7744","-2.2979","-1.7991","5.8603","10.6977","17.1223","Style Box - Large Cap Value","Style Box - Large Cap Value"
"Fidelity Magellan ETF","FMAG","236.73","77.63937414552635576484885310648640437491","1.0981","-2.9953","-.6757",".0028","7.6777","1.0201","Style Box - All Cap Growth","Style Box - All Cap Growth"
"FT Vest U.S. Equity Buffer ETF - March","FMAR","1175.05","98.85409726848767488341105929380413057961",".4866",".6","-.1046","3.1591","11.3195","15.8774","Derivative Based ETF","Defined Outcome"
"Fidelity MSCI Materials Index ETF","FMAT","593.74","70.45338767193071828833418237391747325522",".4295","-3.975","-2.9548","-.7427","1.4633","10.2547","Materials  - Broad","Materials ETFs"
"FT Vest U.S. Equity Buffer ETF - May","FMAY","1456.76","93.26571333555038244097106750914532756901",".632","-.122","-.4325","3.0713","6.8944","10.3517","Derivative Based ETF","Defined Outcome"
"Fidelity Enhanced Mid Cap Core ETF","FMDE","8087.01","82.50289687137891077636152954808806488992","1.0236","-2.3097","-1.6141","4.6437","13.9836","14.9506","Style Box - Mid Cap Blend","Style Box - Mid Cap Blend"
"First Trust Managed Futures Strategy ETF","FMF","282.32","100",".9791","3.2807","2.3368","2.7178","3.7548","13.7727","Derivative Based ETF","Hedge Fund ETFs"
"MarketDesk Focused U.S. Momentum ETF","FMTM","272.28","60.94694653895795122613952856463555464982",".6134","-3.2899","-2.6439","-7.7853","6.9551","28.2484","Style Box - All Cap Growth","Style Box - All Cap Growth"
"Fidelity MSCI Financials Index ETF","FNCL","2378.02","87.27272727272727272727272727272727272727",".5996","-1.106","-1.6558","8.8301","16.3595","7.3548","Financials-Broad","Financials ETFs"
"Schwab Fundamental U.S. Small Company ETF","FNDA","8902.74","77.12418300653594771241830065359477124183",".6355","-4.1579","-2.0968","-.9316","11.5149","15.6208","Style Box - Small Cap Value","Style Box - Small Cap Value"
"Schwab Fundamental U.S. Broad Market ETF","FNDB","1478.3","94.90538573508005822416302765647743813683",".8301","-.1896","-.6762","4.5878","15.2946","25.043","Style Box - All Cap Value","Style Box - All Cap Value"
"Schwab Fundamental International Small Company Index ETF","FNDC","3132.76","93.45579793340987370838117106773823191734",".9484",".4522","-1.1034","3.7318","8.8536","17.3561","Foreign Small/Mid Value ETF","Foreign Small/Mid Value ETF"
"Schwab Fundamental Emerging Markets Equity ETF","FNDE","10423.45","94.81927710843373493975903614457831325301",".3293","3.119","-.9981","5.1728","11.0627","23.1803","Geographic - Broad Emerging Markets","Broad Emerging Market ETFs"
"Schwab Fundamental International Equity ETF","FNDF","26139.51","96.56160458452722063037249283667621776504",".9402","1.3617","-.8524","4.1497","13.7772","33.5505","Foreign Large Value ETF","Foreign Large Value ETF"
"Schwab Fundamental U.S. Large Company ETF","FNDX","27536.94","95.3586497890295358649789029535864978903",".8388",".1543","-.5515","5.0226","15.6741","25.8433","Style Box - Large Cap Value","Style Box - Large Cap Value"
"MicroSectors FANG+ Index -3X Inverse Leveraged ETNs","FNGD","414.3","2.17499584924456251037688859372405777852","-2.7878","-1.0685","2.0913","-27.9581","-55.3021","-49.3396","Active Non-Transparent ETFs","Inverse Equity ETFs"
"MicroSectors FANG+ Index 2X Leveraged ETN","FNGO","736.29","92.85146942017474185861795075456711675933","2.0189","-.0984","-1.3973","16.4878","45.5736","22.0129","Active Non-Transparent ETFs","Leveraged Equity ETFs"
"MicroSectors FANG+ ETN","FNGS","595.65","93.63599513579246047831374138629914876368",".7807","-.0237","-.9896","9.1058","23.5948","15.4812","Active Non-Transparent ETFs","Active Non-Transparent ETFs"
"MicroSectors FANG+ 3X Leveraged ETNs","FNGU","2516.8","82.11418376449598572702943800178412132025","2.1615","-1.7726","-2.6651","19.3022","57.3177","13.2488","Active Non-Transparent ETFs","Leveraged Equity ETFs"
"First Trust Mid Cap Value AlphaDEX ETF","FNK","227.56","88.7158933251117619855094804994604593803",".4461","-1.4344","-2.1423","4.5312","11.9779","13.8148","Style Box - Mid Cap Value","Style Box - Mid Cap Value"
"FT Vest U.S. Equity Buffer ETF - November","FNOV","1243.18","98.06924958167074269532758398764319732269",".5618",".5618","-.1997","3.7209","9.837","14.2313","Derivative Based ETF","Defined Outcome"
"First Trust Mid Cap Core AlphaDEX ETF","FNX","1354.65","80.8926813258943222842139809648834919593",".7243","-2.9558","-1.8805",".0534","10.1302","13.3287","Style Box - Mid Cap Blend","Style Box - Mid Cap Blend"
"First Trust Mid Cap Growth AlphaDEX ETF","FNY","564.65","61.47483690587138863000931966449207828518",".9946","-5.0177","-1.9202","-3.8468","8.3659","11.2137","Style Box - Mid Cap Growth","Style Box - Mid Cap Growth"
"FT Vest U.S. Equity Buffer ETF - October","FOCT","1184.36","98.80095923261390887290167865707434052758",".5704",".6457","-.1578","3.897","10.2173","14.488","Derivative Based ETF","Defined Outcome"
"Simplify Currency Strategy ETF","FOXY","360.45","20.07266121707538601271571298819255222525","-.0145","-.7082","-.3242","-2.1064","-3.2678","9.4656","Basket - Broad","Currency ETFs"
"FPA Global Equity ETF","FPAG","609.9","85.20958083832335329341317365269461077844",".94","-2.4458","-1.7939","5.0156","12.5107","16.8867","Global Large-Cap Value Equity ETF","Global Large-Cap Value Equity ETF"
"First Trust Preferred Securities and Income ETF","FPE","6213.23","3.80952380952380952380952380952380952381",".2291","-.964","-.7937","-.9588","-.4331","1.3534","Corporates - Convertible","Convertibles/CEFs/OET/Preferred Stock ETFs"
"First Trust Institutional Preferred Securities and Income ETF","FPEI","1921.36","11.62790697674418604651162790697674418605",".2128","-1.1623","-.6853","-.7654",".5858","3.3273","Corporates - Convertible","Convertibles/CEFs/OET/Preferred Stock ETFs"
"First Trust US Equity Opportunities ETF","FPX","1468.79","54.85232067510548523206751054852320675105",".1554","-.3863","-1.651","-5.2017","10.1185","14.2302","Style Box - All Cap Growth","Style Box - All Cap Growth"
"First Trust International Equity Opportunities ETF","FPXI","286.23","42.26515656229180546302465023317788141239",".2146","-3.916","-2.5354","-8.9832","7.9085","16.2124","Foreign Large Growth ETF","Foreign Large Growth ETF"
"Fidelity Quality Factor ETF","FQAL","1419.9","87.77173913043478260869565217391304347826",".7647","-1.146","-1.1694","4.7846","11.6647","14.2097","Style Box - Large Cap Blend","Style Box - Large Cap Blend"
"Freedom 100 Emerging Markets ETF","FRDM","3520.01","83.40557275541795665634674922600619195046","1.1135","6.3993","-.4637","-.0419","24.8892","63.7026","Geographic - Broad Emerging Markets","Broad Emerging Market ETFs"
"Fidelity MSCI Real Estate Index ETF","FREL","1424.15","55.35924617196702002355712603062426383981",".8059","-1.7753","-1.2697","-2.0472","4.2085","4.9965","Real Estate   - Broad","Real Estate ETFs"
"Nomura Transformational Technologies ETF","FRWD","274.22","78.62482479364584955614390281887556455381",".6345","-1.4111","-1.153","-.38","31.5964","0","Technology  - broad","Technology ETFs"
"Federated Hermes MDT Small Cap Core ETF","FSCC","408.52","73.67312552653748946925021061499578770008",".6066","-2.9264","-2.4643","-.9949","15.4076","17.3791","Style Box - Small Cap Blend","Style Box - Small Cap Blend"
"FT Vest U.S. Equity Buffer ETF - September","FSEP","1253.54","100",".5855",".9678",".0211","4.4261","10.6441","13.1002","Derivative Based ETF","Defined Outcome"
"Fidelity Small-Mid Multifactor ETF","FSMD","2510.42","77.66143106457242582897033158813263525305",".7737","-2.6074","-1.3209","-.4142","13.3127","15.1724","Style Box - All Cap Blend","Style Box - All Cap Blend"
"Fidelity MSCI Consumer Staples Index ETF","FSTA","1378.87","49.10868315123634272570442783208740655549",".4787","-2.1261","-1.409","-1.7938","-1.199","4.5284","Consumer Staples - Broad","Consumer Staples ETFs"
"First Trust Large Cap Value AlphaDEX ETF","FTA","1391.51","86.91681814247381632476413052886696096252",".7246","-1.5632","-1.7915","5.0922","10.9674","22.7372","Style Box - Large Cap Value","Style Box - Large Cap Value"
"First Trust Large Cap Growth AlphaDEX ETF","FTC","1302.86","59.65494359654943596549435965494359654944","1.2578","-4.6095","-.7672","-4.3737","10.5336","9.2756","Style Box - Large Cap Growth","Style Box - Large Cap Growth"
"First Trust Capital Strength ETF","FTCS","7631.89","58.30981372469962099830658817837271187807",".3306","-3.4788","-2.4638","3.4129","2.5096","4.7304","Style Box - Large Cap Blend","Style Box - Large Cap Blend"
"Fidelity MSCI Information Technology Index ETF","FTEC","20982.78","88.63164143662807954882754526565746512318","1.24",".7776","-.1002","4.357","32.1512","35.6003","Technology  - broad","Technology ETFs"
"First Trust Global Tactical Commodity Strategy ETF","FTGC","3393.95","96.67792792792792792792792792792792792793","-.9335","5.8674","1.0491","12.7094","12.8616","39.0391","Basket - Broad","Broad Commodity ETFs"
"First Trust Growth Strength ETF","FTGS","1269.33","72.10350341619421427533071667393516499491","1.0726","-4.5625","-1.5618","3.2911","7.8318","5.6857","Style Box - Large Cap Growth","Style Box - Large Cap Growth"
"First Trust BuyWrite Income ETF","FTHI","2501.05","76.84210526315789473684210526315789473684",".9287",".5384","-.4165","3.3841","6.8079","9.962","Derivative Based ETF","Derivative Based ETF"
"First Trust Long/Short Equity ETF","FTLS","2531.5","94.93392070484581497797356828193832599119",".4066","1.3235","-.3385","4.1477","8.9025","12.2534","Hedge Fund - Long/Short","Long-Short ETFs"
"First Trust Nasdaq BuyWrite Income ETF","FTQI","960.09","88.78205128205128205128205128205128205128","1.0517",".6856","-.0904","4.3736","14.1711","20.0391","Derivative Based ETF","Derivative Based ETF"
"First Trust Senior Loan ETF","FTSL","2433.58","27.55417956656346749226006191950464396285",".1114",".5006","-.0445","1.5354","2.9896","3.7676","Corporates - Junk/High Yield","High-Yield/Junk Bond ETFs"
"First Trust Enhanced Short Maturity ETF","FTSM","6543.1","4.34782608695652173913043478260869565217","-.0168",".1739","-.0502",".7569","1.6809","3.5169","Ultra short Bond ETF","Ultra short Bond ETF"
"First Trust NASDAQ Pharmaceuticals ETF","FTXH","1045.42","85.1626673565746070758683138218743936356","-.1308","1.4134","-3.1287","12.3767","17.8719","43.5175","Healthcare - Pharma","Health Care ETFs"
"First Trust NASDAQ Semiconductor ETF","FTXL","1225.79","67.31759813601646658099029349381980795954","2.3438","1.3967","2.9142","-11.1746","54.2916","124.0979","Technology  - Semiconductors","Technology ETFs"
"First Trust NASDAQ Bank ETF","FTXO","300.58","84.57688386319399388265826304569468903513",".4044","-2.3595","-.8806","5.1429","19.7992","19.5365","Financials - Banking","Financials ETFs"
"First Trust NASDAQ Transportation ETF","FTXR","1003.99","78.15278235100428054000658544616397760948",".4778","-4.0101","-1.7436","-3.7877","12.0601","24.2594","Industrials  - Transportation/Shipping","Industrials ETFs"
"Fidelity MSCI Utilities Index ETF","FUTY","2262.29","4.93653032440056417489421720733427362482","-.3824","-2.9798","-1.6718","-3.1447","-6.7132","2.278","Utilities  - Broad","Utilities/Infrastructure ETFs"
"First Trust Dorsey Wright Focus 5 ETF","FV","3718.49","78.15561959654178674351585014409221902017",".6183","-.9889","-1.8516","-1.0067","15.511","16.6731","Style Box - Large Cap Growth","Style Box - Large Cap Growth"
"Fidelity Value Factor ETF","FVAL","1363.59","92.66625233064014916096954630205096333126",".8181","-.5557","-.8551","5.8107","15.4204","22.1827","Style Box - Large Cap Value","Style Box - Large Cap Value"
"First Trust Value Line Dividend ETF","FVD","7940.79","68.09917355371900826446280991735537190083",".204","-2.9057","-1.9952","3.0033","3.3882","8.0391","Style Box - Large Cap Value","Style Box - Large Cap Value"
"AB Disruptors ETF","FWD","3157.75","58.46183876634784306070661721647472184267",".9896","-3.5682","-.9012","-8.4607","12.6059","30.9736","Global Large-Cap Growth Equity ETF","Global Large-Cap Growth Equity ETF"
"First Trust Consumer Discretionary AlphaDEX ETF","FXD","248.71","41.06090373280943025540275049115913555992","1.1933","-6.6986","-3.263","-4.3881","1.7964","-5.0537","Consumer Discretionary - Broad","Consumer Discretionary ETFs"
"Invesco CurrencyShares Euro Trust","FXE","364.24","35.44303797468354430379746835443037974684","-.112",".5383","-.1307",".3428",".5479","-.5461","Single Currency - Euro","Currency ETFs"
"Invesco CurrencyShares Swiss Franc Trust","FXF","390.13","4.12909349786426198386331276696725201709","-.4337","-.7131","-.8363","-2.6876","-4.7072","-3.0592","Single Currency - Swiss Franc","Currency ETFs"
"First Trust Consumer Staples AlphaDEX ETF","FXG","220.61","24.41920495611770779556014455343314403717","-.1336","-3.9884","-3.1069","-1.6894","-3.6821","-1.66","Consumer Staples - Broad","Consumer Staples ETFs"
"First Trust Health Care AlphaDEX ETF","FXH","1124.91","81.65391502523197134950349991860654403386",".2784","-1.4142","-2.8444","10.5531","17.8225","18.0724","Healthcare - Broad","Health Care ETFs"
"iShares China Large-Cap ETF","FXI","4096.24","28.54330708661417322834645669291338582677",".4076","-3.281","-3.874","-.4485","-4.5235","-13.6734","Geographic - China","Asia-Pacific (Emerging) ETFs"
"First Trust Technology AlphaDEX ETF","FXL","2715.49","87.07545868395640778038350117257552765899","2.0408","-.777",".1575","3.0359","31.4977","29.0922","Technology  - broad","Technology ETFs"
"First Trust Energy AlphaDEX ETF","FXN","403.87","97.75028121484814398200224971878515185602","-.1248","5.5385",".6287","12.7471","16.5248","49.5012","Energy - Broad","Energy ETFs"
"First Trust Financials AlphaDEX ETF","FXO","1104.84","83.38658146964856230031948881789137380192",".1543","-1.8154","-2.45","7.5302","15.8623","10.66","Financials-Broad","Financials ETFs"
"First Trust Industrials/Producer Durables AlphaDEX ETF","FXR","703.89","62.29405630865484880083420229405630865485","1.4822","-6.685","-2.4122","-2.4308","1.2732","7.1573","Industrials  - Broad","Industrials ETFs"
"First Trust Utilities AlphaDEX ETF","FXU","781.55","34.93333333333333333333333333333333333333","-.4501","-3.2493","-1.3381","-2.8778","-5.4893","6.7964","Utilities  - Broad","Utilities/Infrastructure ETFs"
"Invesco CurrencyShares Japanese Yen Trust","FXY","448.47","53.95894428152492668621700879765395894428",".4714","3.5572","1.7215","3.9178","3.2883","-4.6188","Single Currency - Japanese Yen","Currency ETFs"
"First Trust Materials AlphaDEX ETF","FXZ","397.34","87.13371505557426743011114853486022229707",".1076","-.2501","-2.6483",".7714","10.9379","34.8622","Materials  - Broad","Materials ETFs"
"First Trust Small Cap Growth AlphaDEX ETF","FYC","1388.23","73.76778614118882692740503638500587661607",".5853","-4.6434","-2.2503","-.4733","19.1203","31.673","Style Box - Small Cap Growth","Style Box - Small Cap Growth"
"Fidelity Yield Enhanced Equity ETF","FYEE","269.82","95.46568627450980392156862745098039215686",".9506",".5816","-.5095","6.1541","10.7048","17.235","Derivative Based ETF","Derivative Based ETF"
"Cambria Foreign Shareholder Yield ETF","FYLD","731.1","97.98350137488542621448212648945921173236",".7366","3.1942","-.3884","6.7081","12.5035","33.7237","Foreign Small/Mid Value ETF","Foreign Small/Mid Value ETF"
"First Trust Small Cap Core AlphaDEX ETF","FYX","1373.28","83.58090987284096984912941395262338145384",".6445","-3.2173","-2.0157","1.5098","17.8908","28.4209","Style Box - Small Cap Blend","Style Box - Small Cap Blend"
"State Street Global Allocation ETF","GAL","317.63","90.91069537592657959759971761383692199082",".4616","-.2701","-.9436","1.6896","7.0419","13.0181","Real Estate   - Broad","World ETFs"
"FT Vest U.S. Equity Moderate Buffer ETF - April","GAPR","293.2","95.55302166476624857468643101482326111745",".3118",".2857","-.2068","2.7383","5.3478","8.5963","Derivative Based ETF","Defined Outcome"
"iShares MSCI USA Quality GARP ETF","GARP","3031.28","91.1540093338990241832838353839626644039",".9908","-.6874","-1.0423","4.6422","23.0474","29.4139","Style Box - All Cap Growth","Style Box - All Cap Growth"
"Mango Growth ETF","GARY","298.5","83.36587270597422881686841077704021866458",".7607","-2.576","-1.1656","1.992","20.2303","0","Style Box - Large Cap Growth","Style Box - Large Cap Growth"
"FT Vest U.S. Equity Moderate Buffer ETF - August","GAUG","398.81","94.77434679334916864608076009501187648456",".5016",".3458","-.3552","2.4343","7.101","9.669","Derivative Based ETF","Defined Outcome"
"Goldman Sachs Access Treasury 0-1 Year ETF","GBIL","7765.34","25.64102564102564102564102564102564102564",".02",".2848",".02",".8809","1.734","3.5667","US Treasury - Ultra Short","Government Bond ETFs"
"Grayscale Bitcoin Trust ETF","GBTC","11570.91","26.93252693252693252693252693252693252693",".2012","21.6568","-3.1751","21.1882","8.574","-33.5298","Cryptocurrency ETFs","Cryptocurrency ETFs"
"WisdomTree Enhanced Commodity Strategy Fund","GCC","330.99","96.88571428571428571428571428571428571429","-.8035","7.0656",".8847","12.3674","10.3403","35.6069","Basket - Broad","Broad Commodity ETFs"
"Pacer Global Cash Cows Dividend ETF","GCOW","3532.69","84.00900900900900900900900900900900900901",".54",".2948","-1.1488","3.1805","4.4442","22.2744","Global Large-Cap Value Equity ETF","Global Large-Cap Value Equity ETF"
"Guggenheim Ultra Short Income ETF","GCSH","256.64","9.63855421686746987951807228915662650602",".0961",".1008","-.06","0","0","0","Ultra short Bond ETF","Ultra short Bond ETF"
"WisdomTree Efficient Gold Plus Equity Strategy Fund","GDE","465.27","55.74293527803099361896080218778486782133","1.4024","-1.2777","-2.566","5.2257","-6.9979","27.82","Target Outcome","Total Portfolio ETFs"
"FT Vest U.S. Equity Moderate Buffer ETF - December","GDEC","425.36","98.61431870669745958429561200923787528868",".4196",".4941","-.0491","3.0004","7.8187","11.5743","Derivative Based ETF","Defined Outcome"
"Harbor Dividend Growth Leaders ETF","GDIV","236.63","86.67442537096304917078847832411987198138",".6777","-2.2302","-1.6549","1.7506","9.2242","17.9489","Style Box - Large Cap Blend","Style Box - Large Cap Blend"
"Grayscale Digital Large Cap Fund LLC","GDLC","405.38","26.13507377979568671963677639046538024972",".7928","24.085","-2.0094","25.3036","10.0804","0","Digital Economy ETF","Digital Economy ETF"
"WisdomTree Efficient Gold Plus Gold Miners Strategy Fund","GDMN","218.97","35.92456925790259123592456925790259123592","1.3844","4.0304","-3.9451","20.2673","-22.9697","37.8872","Materials  - Gold Mining","Materials ETFs"
"VanEck Gold Miners ETF","GDX","28919.67","60.59714045416316232127838519764507989907","1.1142","7.7452","-2.1761","24.9357","-4.2028","40.0991","Materials  - Gold Mining","Materials ETFs"
"MicroSectors Gold Miners -3X Inverse Leveraged ETNs","GDXD","449","1.33504492939666238767650834403080872914","-3.0067","-29.5592","6.4142","-65.1181","-50.1859","-92.6807","Materials  - Gold Mining","Inverse Equity ETFs"
"VanEck Junior Gold Miners ETF","GDXJ","9200.46","55.15080868424887075622905434940987906163","1.0556","5.742","-2.8055","24.07","-7.3508","42.2724","Materials  - Gold Mining","Materials ETFs"
"MicroSectors Gold Miners 3X Leveraged ETNs","GDXU","1232.5","17.87260088313732348183447733135137498361","2.9655","13.3465","-7.7883","51.5736","-51.0476","-6.2245","Materials  - Gold Mining","Leveraged Equity ETFs"
"YieldMax Gold Miners Option Income Strategy ETF","GDXY","321.42","17.64080765143464399574920297555791710946","2.0082","7.1461","-1.5805","18.6854","-11.9022","17.9951","Materials  - Gold Mining","Materials ETFs"
"Goldman Sachs ActiveBeta Emerging Markets Equity ETF","GEM","1745.24","84.28084336511029155939043907870016004453","1.27","3.4324","-1.1444","1.2502","16.3151","31.1834","Geographic - Broad Emerging Markets","Broad Emerging Market ETFs"
"Pacific NoS Global EM Equity Active ETF","GEME","468.38","78.23591923485653560042507970244420828905",".5811","-.5885","-1.6346","-1.2374","15.5958","43.8903","Geographic - Broad Emerging Markets","Broad Emerging Market ETFs"
"Cambria Global EW 2 ETF","GEQ","206.02","54.9945906959971150378651280201947349441",".8609","-1.6766","-1.1998","0","0","0","Global Large-Cap Blend Equity ETF","Global Large-Cap Blend Equity ETF"
"FT Vest U.S. Equity Moderate Buffer ETF - February","GFEB","379.17","97.94764397905759162303664921465968586387",".3733",".5081","-.1623","2.9033","7.4459","11.4318","Derivative Based ETF","Defined Outcome"
"VictoryShares Free Cash Flow Growth ETF","GFLW","1027.81","83.43869831070577261892424085397450513007","1.2161","-2.0491","-2.1957","3.4359","21.9815","16.9964","Style Box - Large Cap Growth","Style Box - Large Cap Growth"
"Direxion Daily GOOGL Bull 2X ETF","GGLL","899.64","42.59673451129501230149854618653545068217","3.3457","-4.0971","-.3064","-15.4695","7.593","63.6931","Derivative Based ETF","Single Stock ETF"
"iShares Global Government Bond USD Hedged Active ETF","GGOV","3089.47","73.10924369747899159663865546218487394958","-.1395","-.0399","-.2588",".1199","2.2866","2.5462","Sovereign - Broad Market","Government Bond ETFs"
"Goldman Sachs MarketBeta Russell 1000 Growth Equity ETF","GGUS","501.22","79.07517050138649479127632466461815183992",".8158","-1.1977","-1.0006",".553","8.8868","7.1816","Style Box - Large Cap Growth","Style Box - Large Cap Growth"
"State Street SPDR S&P Global Infrastructure ETF","GII","939.51","42.09188660801564027370478983382209188661","-.0055","-3.0641","-1.6211","-2.8987","-2.9788","7.8624","Utilities  - Infrastructure","Utilities/Infrastructure ETFs"
"FT Vest U.S. Equity Moderate Buffer ETF - January","GJAN","437.2","98.22314049586776859504132231404958677686",".3801",".3582","-.1868","3.0359","7.9239","11.0268","Derivative Based ETF","Defined Outcome"
"FT Vest U.S. Equity Moderate Buffer ETF - July","GJUL","408.58","94.33304272013949433304272013949433304272",".429","0","-.2243","2.951","7.5695","10.3175","Derivative Based ETF","Defined Outcome"
"FT Vest U.S. Equity Moderate Buffer ETF - June","GJUN","528.17","94.28408116604744212632180623035152900829",".504","-.1192","-.3924","1.8978","5.4646","8.1612","Derivative Based ETF","Defined Outcome"
"SPDR Gold Shares","GLD","145939.75","39.39980034938857000249563264287496880459",".608","-.5462","-1.9667","3.2227","-16.267","19.1212","Precious Metals - Gold","Precious Metals ETFs"
"SPDR Gold MiniShares Trust","GLDM","31471.96","39.91900491755857680069424356378362742262",".573","-.532","-1.972","3.3281","-16.1712","19.4444","Precious Metals - Gold","Precious Metals ETFs"
"abrdn Physical Precious Metals Basket Shares ETF","GLTR","2672.19","32.79507823180920552939389336168919945314",".8654","-.545","-2.3681",".6641","-19.6627","28.3185","Precious Metals - Broad","Precious Metals ETFs"
"FT Vest U.S. Equity Moderate Buffer ETF - March","GMAR","395.38","98.29059829059829059829059829059829059829",".345",".524","-.144","2.5825","8.8747","12.7407","Derivative Based ETF","Defined Outcome"
"FT Vest U.S. Equity Moderate Buffer ETF - May","GMAY","514.21","93.04840370751802265705458290422245108136",".3435","-.1595","-.4091","2.6542","5.5446","8.8155","Derivative Based ETF","Defined Outcome"
"State Street SPDR S&P Emerging Asia Pacific ETF","GMF","427.23","85.42711792552815657457782802232742174804",".7885",".0869","-1.6896","2.0675","10.605","15.5354","Geographic - Asia Emerging","Asia-Pacific (Emerging) ETFs"
"GMO International Value ETF","GMOI","690.48","94.67948167853771560971423667725049343517",".8273","1.3451","-.885","8.849","14.8611","34.3122","Foreign Small/Mid Value ETF","Foreign Small/Mid Value ETF"
"FT Vest U.S. Equity Moderate Buffer ETF - November","GNOV","295.79","98.78787878787878787878787878787878787879",".3289",".6126","-.1403","3.0033","7.8283","12.9391","Derivative Based ETF","Defined Outcome"
"State Street SPDR S&P Global Natural Resources ETF","GNR","5251.74","94.39713133124159569699686239354549529359",".0382","4.5219","-.2665","10.3792","7.9206","36.872","Materials  - Broad","Materials ETFs"
"U.S. Global GO GOLD and Precious Metal Miners ETF","GOAU","211.43","60.40299906279287722586691658856607310216",".315","6.4916","-3.7128","26.0422","-3.5923","28.7948","Materials  - Broad","Materials ETFs"
"FT Vest U.S. Equity Moderate Buffer ETF - October","GOCT","261.57","99.22429078014184397163120567375886524823",".3187",".6633","-.0823","3.2058","8.2124","11.7995","Derivative Based ETF","Defined Outcome"
"YieldMax GOOGL Option Income Strategy ETF","GOOY","223.61","4.04040404040404040404040404040404040404","1.8076","-.3055",".1943","-4.3363","6.7242","27.9092","Derivative Based ETF","Single Stock ETF"
"iShares 25+ Year Treasury STRIPS Bond ETF","GOVZ","319.05","3.17073170731707317073170731707317073171",".4566","-1.1606","-2.1932","-8.0917","-7.8606","-11.8384","US Treasury - Long Term","Government Bond ETFs"
"Goldman Sachs Nasdaq-100 Premium Income ETF","GPIQ","5645.9","72.40484429065743944636678200692041522491",".7692","-.2513","-.5122",".3332","14.7907","20.8978","Style Box - Large Cap Growth","Style Box - Large Cap Growth"
"Goldman Sachs S&P 500 Premium Income ETF","GPIX","5609.34","87.35919899874843554443053817271589486859",".8151","-.3779","-.6781","3.9742","12.1395","16.7704","Style Box - Large Cap Blend","Style Box - Large Cap Blend"
"VanEck Alternative Asset Manager ETF","GPZ","237.62","30.45738045738045738045738045738045738046",".1734","-10.3569","-5.4032","2.2114","10.5742","-20.7204","Financials - BDCs/PE","Financials ETFs"
"GQG US Equity ETF","GQGU","643.53","62.53553155201819215463331438317225696418","1.1223","-1.8776","-.5329",".966","-1.5634","4.7657","Style Box - All Cap Growth","Style Box - All Cap Growth"
"Natixis Gateway Quality Income ETF","GQI","281.69","92.22065063649222065063649222065063649222",".5529",".3178","-.7114","5.1237","10.6438","17.7393","Style Box - All Cap Blend","Style Box - All Cap Blend"
"Northern Trust Global Quality Real Estate ETF","GQRE","409.86","46.40910168286323773406020383977245792842",".0741","-2.2785","-1.7532","-3.0465",".9648","4.7673","Real Estate   - REITs","Real Estate ETFs"
"Global X MSCI Greece ETF","GREK","347.73","100","1.3082","6.8368",".6244","16.7456","32.2637","39.3061","Geographic - Greece","European Equity ETFs"
"First Trust NASDAQ Clean Edge Smart Grid Infrastructure ETF","GRID","11821.91","64.30850065678363670482266841808969787953","1.9973","-3.5428","1.0001","-4.1321","7.4197","22.8738","Utilities  - Infrastructure","Utilities/Infrastructure ETFs"
"VictoryShares International Free Cash Flow Growth ETF","GRIN","348.26","81.24047367803962949935514128268261226404",".6422","-2.0635","-2.3801","1.8956","14.3455","22.5211","Foreign Large Growth ETF","Foreign Large Growth ETF"
"Fundstrat Granny Shots US Small- & Mid-Cap ETF","GRNJ","481.35","60.76309794988610478359908883826879271071","1.5146","-5.7388","-.5288","-6.3143","12.2209","0","Style Box - All Cap Blend","Style Box - All Cap Blend"
"Fundstrat Granny Shots US Large Cap ETF","GRNY","4427.51","91.65009940357852882703777335984095427435",".9444","-.6791","-1.1735","3.4221","12.5919","13.8362","Style Box - Large Cap Blend","Style Box - Large Cap Blend"
"Invesco S&P MidCap 400 GARP ETF","GRPM","496.66","82.51259009076927716293236030276529658334",".0364","-1.768","-3.1267","8.5426","18.7702","15.9619","Style Box - Mid Cap Blend","Style Box - Mid Cap Blend"
"Goldman Sachs Small Cap Equity ETF","GSC","270.43","67.15450666954690284603337473672841172976",".4102","-6.9163","-2.4756","-2.0746","13.8316","16.2478","Style Box - Small Cap Value","Style Box - Small Cap Value"
"FT Vest U.S. Equity Moderate Buffer ETF - September","GSEP","342.45","100",".191",".7562",".0358","3.3744","8.3936","10.5929","Derivative Based ETF","Defined Outcome"
"Goldman Sachs Equal Weight U.S. Large Cap Equity ETF","GSEW","2012.94","80.69983597594313832695462001093493712411",".8636","-2.405","-1.6331","3.0282","11.058","13.7649","Style Box - Large Cap Blend","Style Box - Large Cap Blend"
"iShares S&P GSCI Commodity-Indexed Trust","GSG","1069.41","96.75638371290545203588681849551414768806","-1.2723","12.1464","4.7086","17.7972","22.0141","60.8734","Basket - Broad","Broad Commodity ETFs"
"Goldman Sachs MarketBeta International Equity ETF","GSID","1071.98","90.33411146775605485847680186752261453166","1.0774","-.8646","-1.3448","3.8968","9.7246","18.3594","Foreign Large Blend ETF","Foreign Large Blend ETF"
"Goldman Sachs ActiveBeta International Equity ETF","GSIE","6012.51","87.99048751486325802615933412604042806183",".7003","-1.2281","-1.7802","4.567","9.4534","17.2233","Foreign Large Blend ETF","Foreign Large Blend ETF"
"Goldman Sachs ActiveBeta U.S. Large Cap Equity ETF","GSLC","15005.33","89.25406203840472673559822747415066469719",".8578","-.9914","-.8568","4.0917","12.7419","13.7725","Style Box - Large Cap Blend","Style Box - Large Cap Blend"
"Gotham Enhanced 500 ETF","GSPY","743.41","95.25738798856053384175405147759771210677",".9843",".4945","-.6479","5.6304","15.7393","17.5588","Style Box - Large Cap Blend","Style Box - Large Cap Blend"
"Goldman Sachs ActiveBeta U.S. Small Cap Equity ETF","GSSC","1063.27","81.31373858828768648407926965041193498107",".6794","-3.5539","-2.1133","1.4809","17.412","18.1079","Style Box - Small Cap Blend","Style Box - Small Cap Blend"
"Goldman Sachs Ultra Short Bond ETF","GSST","1638","12.12121212121212121212121212121212121212",".0198",".2742","0",".9292","1.9267","3.9004","Ultra short Bond ETF","Ultra short Bond ETF"
"Goldman Sachs MarketBeta U.S. Equity ETF","GSUS","3396.82","91.39784946236559139784946236559139784946",".8394","-.6484","-.7324","4.0305","13.8547","17.0971","Style Box - All Cap Blend","Style Box - All Cap Blend"
"Goldman Sachs ActiveBeta World Equity ETF","GSWO","1773.33","91.65799514394727714186611168921262573708",".8962","-.5634","-.8924","4.3858","12.7282","0","Global Large-Cap Blend Equity ETF","Global Large-Cap Blend Equity ETF"
"Invesco Ultra Short Duration ETF","GSY","3929.41","15.15151515151515151515151515151515151515","-.0399",".1204","-.0798",".7671","1.7483","2.7133","Corporates - Money Market","Money Market/Ultra-Short Term ETFs"
"Goldman Sachs Future Tech Leaders Equity ETF","GTEK","233.96","76.90918869084204056545789797172710510141","2.095","-1.3991",".1709","-3.025","35.1786","47.909","Technology  - broad","Technology ETFs"
"Goldman Sachs Technology Opportunities ETF","GTOP","706.39","90.4992454728370221327967806841046277666","1.3248","-.2706",".3747","2.6186","28.1673","0","Technology  - broad","Technology ETFs"
"Northern Trust Mrngstr Glob Upstream Natural Resources ETF","GUNR","7342.08","93.46801346801346801346801346801346801347","-.0177","5.2416","-.2818","9.0316","4.7198","32.6529","Materials  - Broad","Materials ETFs"
"Goldman Sachs MarketBeta U.S. 1000 Equity ETF","GUSA","2365.02","89.86033299139903732344354138720113627397",".8807","-.9472","-.8372","3.6808","13.3956","16.682","Style Box - Large Cap Blend","Style Box - Large Cap Blend"
"Goldman Sachs Enhanced U.S. Equity ETF","GUSE","356.26","87.19603549613921862394836925204563789328",".9291","-1.4187","-.735","2.9472","12.5188","0","Style Box - All Cap Blend","Style Box - All Cap Blend"
"Direxion Daily S&P Oil & Gas Exp. & Prod. Bull 2X ETF","GUSH","248.48","100",".6027","20.0645","5.4684","40.6604","34.0025","101.683","Derivative Based ETF","Leveraged Equity ETFs"
"Cambria Global Value ETF","GVAL","601.77","97.86607142857142857142857142857142857143",".1546","4.222",".4346","10.4983","18.9341","37.8678","Global Large-Cap Value Equity ETF","Global Large-Cap Value Equity ETF"
"Goldman Sachs Hedge Industry VIP ETF","GVIP","578.19","60.55288923017853714724515262046458053369",".6674","-1.8169","-1.407","-2.687","13.125","14.3767","Multi-Asset - Total Portfolio","Total Portfolio ETFs"
"Gotham 1000 Value ETF","GVLU","250.94","79.92214710100389264494980536775250973161",".7661","-1.2409","-2.3307","7.11","11.5508","10.3122","Style Box - All Cap Value","Style Box - All Cap Value"
"Goldman Sachs MarketBeta Russell 1000 Value Equity ETF","GVUS","448.5","93.64075136968432037568484216018784242108",".9154","-.824","-.7595","6.8253","18.222","27.1139","Style Box - Large Cap Value","Style Box - Large Cap Value"
"State Street SPDR S&P International Small Cap ETF","GWX","928.39","92.88244030618073803267451159602422026734",".9574",".9354","-1.1504","3.4875","7.0939","17.9254","Foreign Small/Mid Blend ETF","Foreign Small/Mid Blend ETF"
"State Street SPDR S&P China ETF","GXC","465.13","8.08858931150698122291766971593644679827","-.2051","-4.5158","-3.7582","-2.9202","-9.2218","-12.7937","Geographic - China","Asia-Pacific (Emerging) ETFs"
"Goldman Sachs MarketBeta Total International Equity ETF","GXUS","639.77","94.14108272791188188422779470353878603234","1.0066",".568","-1.1473","3.3271","11.7769","21.4198","Foreign Large Blend ETF","Foreign Large Blend ETF"
"Amplify Cybersecurity ETF","HACK","2850.9","76.58203125","-.543","-7.4916","-.7675","13.7446","40.1071","26.7986","Technology  - broad","Technology ETFs"
"VanEck Natural Resources ETF","HAP","339.81","95.50363676438175005510249063257659246198",".3108","5.1196","-.5341","10.0739","8.0324","40.4758","Materials  - Broad","Materials ETFs"
"Harbor Human Capital Factor US Large Cap ETF","HAPI","495.97","92.13957531354774618154724947224636781324","1.1977","-.7608","-.6859","4.7403","12.4194","15.4639","Strategy - Socially Responsible","Style Box - Large Cap Blend"
"Xtrackers International Real Estate ETF","HAUZ","1036.67","4.10958904109589041095890410958904109589",".4089","-3.4513","-2.7717","-2.6265","-6.081","-4.4339","Real Estate   - Broad","Real Estate ETFs"
"iShares Currency Hedged MSCI ACWI ex U.S. ETF","HAWX","347.92","84.25925925925925925925925925925925925926",".9571","-.7842","-1.3264","1.6028","11.2922","25.277","Foreign Large Blend ETF","Foreign Large Blend ETF"
"Horizon Expedition Plus ETF","HBTA","246.04","85.09038131679641113603377754321150547566","1.372","-.8637","-.2916",".9739","12.9304","16.3355","Derivative Based ETF","Style Box - Large Cap Growth"
"Direxion HCM Tactical Enhanced US ETF","HCMT","586.66","76.41618497109826589595375722543352601156","1.8569","-1.0582","-.9629","2.0738","10.7295","15.1533","Derivative Based ETF","Leveraged Equity ETFs"
"Xtrackers MSCI EAFE High Dividend Yield Equity ETF","HDEF","2307.46","83.09352517985611510791366906474820143885",".2986","-1.0021","-2.127","4.3951","6.5586","15.9138","Geographic - EAFE","Broad Developed World ETFs"
"iShares Core High Dividend ETF","HDV","15324.01","87.11422208081450843143493477569201399936",".3446",".5319","-.9524","6.7573","9.5563","21.9563","Style Box - Large Cap Value","Style Box - Large Cap Value"
"Hedgeye Capital Allocation ETF","HECA","281.49","32.64192139737991266375545851528384279476",".5985","-.2338","-.7337","1.6306","-5.4381","6.183","Target Outcome","Total Portfolio ETFs"
"Equable Shares Hedged Equity ETF","HEDG","452.58","100",".4239",".8183","0","3.4404","4.8395","0","Derivative Based ETF","Style Box - Large Cap Blend"
"WisdomTree Europe Hedged Equity ETF","HEDJ","1763.74","77.75486827033218785796105383734249713631",".8313","-3.0191","-1.6635","-.6713","7.779","14.6548","Geographic - Broad Europe","European Equity ETFs"
"iShares Currency Hedged MSCI Emerging Markets ETF","HEEM","290.15","70.86206896551724137931034482758620689655","1.055","2.0196","-.9038","-2.1745","12.8019","31.3205","Geographic - Broad Emerging Markets","Broad Emerging Market ETFs"
"iShares Currency Hedged MSCI EAFE ETF","HEFA","7399.25","84.13325804630152456239412761151891586674",".9105","-2.1236","-1.6895","2.8995","10.0423","21.7527","Geographic - EAFE","Broad Developed World ETFs"
"Swan Hedged Equity US Large Cap ETF","HEGD","732.68","82.10668467251856853477380148548278190412",".5234","-1.1397","-.6282","1.51","6.7826","9.5093","Derivative Based ETF","Hedge Fund ETFs"
"JPMorgan Hedged Equity Laddered Overlay ETF","HELO","4755.14","86.6568914956011730205278592375366568915",".4352","-.6885","-.6885","3.195","5.2564","7.3663","Style Box - Large Cap Blend","Style Box - Large Cap Blend"
"Simplify Hedged Equity ETF","HEQT","297.43","91.64456233421750663129973474801061007958",".7187","-.2035","-.5071","3.5951","7.4852","11.8319","Style Box - Large Cap Blend","Style Box - Large Cap Blend"
"iShares Currency Hedged MSCI Japan ETF","HEWJ","662.76","86.3764838892029395138496325607687959299","1.8061","-1.2903","-1.4493","3.923","13.2695","34.7458","Geographic - Japan","Asia-Pacific (Developed) ETFs"
"iShares Currency Hedged MSCI Eurozone ETF","HEZU","580.8","80.57553956834532374100719424460431654676",".8058","-3.1176","-1.2748","1.1798","11.435","21.4167","Geographic - Broad Europe","European Equity ETFs"
"Hartford Large Cap Growth ETF","HFGO","202.63","82.31382978723404255319148936170212765957",".9911","-.739","-.5754","2.0373","14.5349","8.8759","Strategy - Socially Responsible","Style Box - Large Cap Growth"
"NYLI FTSE International Equity Currency Neutral ETF","HFXI","2220.19","90.11882426516572858036272670419011882427","1.1218","-.4993","-1.3549","1.1348","11.0971","25.7412","Foreign Large Blend ETF","Foreign Large Blend ETF"
"Harbor Commodity All-Weather Strategy ETF","HGER","4671.44","97.32888146911519198664440734557595993322","-.8777","7.945","2.0616","19.2346","16.9579","49.6198","Basket - Broad","Broad Commodity ETFs"
"AB US High Dividend ETF","HIDV","200.34","90.41748388904455029420005603810591202017",".7116","-.5207","-1.5755","4.4311","15.0003","18.7053","Style Box - All Cap Value","Style Box - All Cap Value"
"Wahed FTSE USA Shariah ETF","HLAL","941.04","96.59231722428748451053283767038413878563",".9159",".5409","-.2826","3.7617","18.1489","27.4748","Style Box - All Cap Blend","Style Box - All Cap Blend"
"Strategy Shares Nasdaq 7HANDL Index ETF","HNDL","628.17","48.71977240398293029871977240398293029872",".3926","-1.3168","-1.2341","-.0926","2.9579","6.9757","Target Outcome","Total Portfolio ETFs"
"VanEck Bitcoin ETF","HODL","1286.74","27.8072033898305084745762711864406779661",".2752","21.7827","-3.1887","21.6472","9.4642","-32.5517","Cryptocurrency ETFs","Cryptocurrency ETFs"
"JPMorgan International Hedged Equity Laddered Overlay ETF","HOLA","276.7","87.87976209612602475486256228902105770776",".9532","-1.0621","-.9562","3.5361","5.892","10.3744","Derivative Based ETF","Broad Developed World ETFs"
"iShares Currency Hedged MSCI EAFE Small-Cap ETF","HSCZ","255.62","83.48052700159258723034602577095700014478",".6179","-1.7172","-2.165","1.9679","8.3444","18.4087","Geographic - EAFE","Broad Developed World ETFs"
"Hartford Schroders Tax-Aware Bond ETF","HTAB","234.19","2.72727272727272727272727272727272727273",".1627","-2.2861","-.8588","-2.7146","-1.9558",".2069","Total Bond Market - Broad","Total Bond Market ETFs"
"State Street Blackstone High Income ETF","HYBL","576.03","23.22274881516587677725118483412322274882","-.1434",".2235","-.5356","1.294","3.8554","4.357","Corporates - Junk/High Yield","High-Yield/Junk Bond ETFs"
"VanEck Emerging Markets High Yield Bond ETF","HYEM","522.05","35.8208955223880597014925373134328358209","0","-.2702","-.6009",".7738","2.9529","5.1989","Corporates - Junk/High Yield","Emerging Market Bond ETFs"
"iShares Interest Rate Hedged High Yield Bond ETF","HYGH","651.41","72.6086956521739130434782608695652173913",".197",".565",".0231","1.5614","4.3316","6.7782","Corporates - Junk/High Yield","High-Yield/Junk Bond ETFs"
"Northern Trust High Yield Value-Scored Bond ETF","HYGV","1073.16",".5952380952380952380952380952380952380952",".0253","-.4952","-.8014",".4033","2.2164","3.5664","Corporates - Junk/High Yield","High-Yield/Junk Bond ETFs"
"ProShares High Yield-Interest Rate Hedged","HYHG","270.12","79.32692307692307692307692307692307692308",".3246",".8898",".4099","1.6062","4.7982","7.1913","Corporates - Junk/High Yield","High-Yield/Junk Bond ETFs"
"First Trust Tactical High Yield ETF","HYLS","1621.67","5.38116591928251121076233183856502242152","-.0746","-.6267","-.667",".0122","1.4024","1.6872","Corporates - Junk/High Yield","High-Yield/Junk Bond ETFs"
"PIMCO 0-5 Year High Yield Corporate Bond ETF","HYS","1790.49","1.24688279301745635910224438902743142145",".0545","-.4097","-.5628",".0964","1.8739","3.2855","Corporates - Junk/High Yield","High-Yield/Junk Bond ETFs"
"WisdomTree Interest Rate Hedged High Yield Bond ETF","HYZD","300.05","79.46666666666666666666666666666666666667",".2039",".2915",".0221","1.631","4.0752","6.0896","Corporates - Junk/High Yield","High-Yield/Junk Bond ETFs"
"iShares Core International Aggregate Bond ETF","IAGG","11799.58","2.44897959183673469387755102040816326531",".1216","-1.0018","-.6634","-.9633","-.267",".6269","International - Broad Treasury","Developed Market Bond ETFs"
"iShares U.S. Broker-Dealers & Securities Exchanges ETF","IAI","1385.32","81.0206133735545500251382604323780794369",".3899","1.3459","-3.0286","5.5451","15.8236","7.7549","Financials - Brokers/ Capital markets","Financials ETFs"
"iShares U.S. Insurance ETF","IAK","508.64","69.85018726591760299625468164794007490637",".5165","-1.2344","-1.058","7.2433","12.0544","10.0592","Financials - Insurance","Financials ETFs"
"iShares Systematic Alternatives Active ETF","IALT","5812.35","100","1.0302","1.4133","1.0302","4.0901","10.7117","0","Hedge Fund - Broad","Hedge Fund ETFs"
"Innovator International Develo","IAPR","200.41","94.60171165240289664252797893350888742594",".5588","-.179","-.7181","2.9449","8.9113","13.4145","Derivative Based ETF","Defined Outcome"
"iShares U.S. Regional Banks ETF","IAT","651.53","81.03161397670549084858569051580698835275",".4029","-3.635","-1.1582","3.946","18.0179","19.1153","Financials - Regional Banks","Financials ETFs"
"iShares Gold Trust","IAU","64089.52","39.56177723676202069385270846013390139988",".5414","-.5719","-2.0146","3.2605","-16.2378","19.2325","Precious Metals - Gold","Precious Metals ETFs"
"NEOS Gold High Income ETF","IAUI","594.77","16.72727272727272727272727272727272727273",".6338","-.3723","-1.5501","2.1804","-14.5914","11.6107","Derivative Based ETF","Precious Metals ETFs"
"iShares Gold Trust Micro","IAUM","6841.1","39.98852553069420539300057372346528973035",".5803","-.5508","-1.9683","3.3635","-16.1409","19.4981","Precious Metals - Gold","Precious Metals ETFs"
"iShares Biotechnology ETF","IBB","10213.06","81.9874181538066504044164847862370008987",".1431","1.5971","-4.2422","19.0415","18.848","41.4058","Healthcare - Biotech","Health Care ETFs"
"Inspire Corporate Bond ETF","IBD","503.93","1.92307692307692307692307692307692307692",".0857","-.7814","-.6594","-.9958","-.616",".422","Strategy - Socially Responsible","Investment Grade Corporate Bond ETFs"
"iShares iBonds Dec 2026 Term Corporate ETF","IBDR","3246.3","21.42857142857142857142857142857142857143","0",".3668",".0827",".9874","1.9436","3.8911","Corporates - Investment Grade","Investment Grade Corporate Bond ETFs"
"iShares iBonds 2026 Term High Yield and Income ETF","IBHF","734.58","4.12371134020618556701030927835051546392",".1783",".3529",".1337",".4425",".5191","1.7764","Corporates - Junk/High Yield","High-Yield/Junk Bond ETFs"
"iShares iBonds 2027 Term High Yield and Income ETF","IBHG","534.11","1.48148148148148148148148148148148148148",".0458","-.0052","-.0686",".7703","1.841","3.1803","Corporates - Junk/High Yield","High-Yield/Junk Bond ETFs"
"iShares iBonds 2029 Term High Yield and Income ETF","IBHI","512.66","13.45029239766081871345029239766081871345","-.0216","-.0296","-.2586",".9627","2.5108","3.7981","Corporates - Junk/High Yield","High-Yield/Junk Bond ETFs"
"iShares iBonds Oct 2028 Term TIPS ETF","IBIE","232.02","8.57142857142857142857142857142857142857","-.2327","-.0777","-.2521","-.1514",".9428","1.8696","US Treasury - TIPS","Inflation-Protected Bond ETFs"
"iShares Bitcoin Trust ETF","IBIT","60619.11","27.57894736842105263157894736842105263158",".206","21.7863","-3.2279","21.4147","9.2338","-32.6926","Cryptocurrency ETFs","Cryptocurrency ETFs"
"State Street SPDR Bloomberg International Corporate Bond ETF","IBND","454.21","6.91056910569105691056910569105691056911",".1629","-1.1687","-.9665","-1.4287","-.727","-2.3624","International - Corporate","Investment Grade Corporate Bond ETFs"
"iShares iBonds Dec 2026 Term Treasury ETF","IBTG","2009.92","19.23076923076923076923076923076923076923",".0219",".3481",".0438",".9084","1.8078","3.6106","US Treasury - Intermediate Term","Government Bond ETFs"
"iShares iBonds Dec 2027 Term Treasury ETF","IBTH","2398.32","6","0",".2217","-.0224",".7069","1.3055","2.9151","US Treasury - Intermediate Term","Government Bond ETFs"
"iShares Select U.S. REIT ETF","ICF","1973.1","63.78708551483420593368237347294938917976",".7906","-1.5593","-.971","-3.2482","4.1276","9.476","Real Estate   - REITs","Real Estate ETFs"
"iShares Global Clean Energy ETF","ICLN","2045.74","34.78747203579418344519015659955257270694",".5612","-1.5385",".8441","-13.3266","-2.8846","23.2421","Strategy - Socially Responsible","Alternative Energy ETFs"
"Invesco AAA CLO Floating Rate Note ETF","ICLO","576.45","75.55555555555555555555555555555555555556",".0781",".4384",".0585",".9778","2.7702","4.7773","Asset Backed - MBS","Mortgage-Backed Security ETFs"
"iShares Copper and Metals Mining ETF","ICOP","482.59","79.37913257872912697523254510814748403003","-.1803",".1121","-3.3851","5.5232","10.7907","63.7385","Materials  - Broad","Materials ETFs"
"Pacer Developed Markets International Cash Cows 100 ETF","ICOW","1797.17","81.69425511197663096397273612463485881207",".868",".5986","-.9421","2.3334","7.2563","25.8069","Foreign Large Value ETF","Foreign Large Value ETF"
"iShares Convertible Bond ETF","ICVT","7827.68","64.47645818692902319044272663387210119466",".1931","-.9666","-.5402","-3.044","10.4115","18.8809","Corporates - Convertible","Convertibles/CEFs/OET/Preferred Stock ETFs"
"iShares Defense Industrials and Tech Active ETF","IDEF","4260.12","35.29853548629365377393916635373638753286",".6043","-9.551","-1.9529","-3.4607","-10.6102","4.9141","Industrials  - Aerospace & Defense","Industrials ETFs"
"Lazard International Dynamic Equity ETF","IDEQ","1786.13","94.34628975265017667844522968197879858657","1.2096","1.2096","-.8815","2.8427","10.6909","0","Foreign Large Blend ETF","Foreign Large Blend ETF"
"iShares Core MSCI International Developed Markets ETF","IDEV","32265.58","87.58752387014640356460852959898154042011",".9338","-1.1724","-1.6379","3.5707","9.136","18.3822","Foreign Large Blend ETF","Foreign Large Blend ETF"
"iShares U.S. Digital Infrastructure and Real Estate ETF","IDGT","508.23","67.30250714314459334379653104752706346332","3.0724","-.9277","2.1857","-6.2024","18.0881","34.2659","Technology  - broad","Technology ETFs"
"Invesco S&P International Developed Quality ETF","IDHQ","1031.26","82.24621382516119358224621382516119358225",".4339","-3.5103","-3.1704","5.5059","20.2578","33.6255","Foreign Large Growth ETF","Foreign Large Growth ETF"
"Invesco S&P International Developed Low Volatility ETF","IDLV","333.23","71.94637537239324726911618669314796425025",".3367","-.7907","-1.3136","2.9721","3.9204","9.0025","Foreign Large Blend ETF","Foreign Large Blend ETF"
"Invesco S&P International Developed Momentum ETF","IDMO","4327.07","93.99641577060931899641577060931899641577","1.0119",".7046","-.8982","7.4513","12.0605","20.6561","Foreign Large Blend ETF","Foreign Large Blend ETF"
"iShares Genomics Immunology and Healthcare ETF","IDNA","250.01","82.01892744479495268138801261829652996845",".4752","8.125","-4.2997","29.3544","27.4547","65.3337","Healthcare - Biotech","Health Care ETFs"
"ALPS International Sector Dividend Dogs ETF","IDOG","574.86","93.74680698886277715336671094308776949014",".2714",".7636","-.2475","2.6327","10.7128","27.2793","Foreign Large Value ETF","Foreign Large Value ETF"
"iShares U.S. Utilities ETF","IDU","1293.41","11.38888888888888888888888888888888888889","-.2726","-2.7392","-1.5236","-2.5216","-6.5527","2.037","Utilities  - Broad","Utilities/Infrastructure ETFs"
"Aptus International Enhanced Yield ETF","IDUB","517.64","92.71158435836240132182852946576096934092",".9555",".2131","-1.3878","3.8017","13.0917","24.2784","Geographic - Global ex-US","World ETFs"
"iShares International Select Dividend ETF","IDV","8703.58","95.77167019027484143763213530655391120507",".4692","1.3751","-.5968","3.6249","9.5987","27.59","Foreign Large Value ETF","Foreign Large Value ETF"
"Amplify CWP International Enhanced Dividend Income ETF","IDVO","1440","90.34391534391534391534391534391534391534",".6319",".5501","-.3476","2.357","8.337","23.0168","Derivative Based ETF","Derivative Based ETF"
"The Opal International Dividend Income ETF","IDVZ","200.13","74.01229148375768217734855136084284460053",".3989","-.8544","-.9262","-.8584","3.7895","15.655","Foreign Large Value ETF","Foreign Large Value ETF"
"iShares Core MSCI EAFE ETF","IEFA","192587.05","88.3180428134556574923547400611620795107","1.005","-1.1229","-1.5631","3.3624","9.4274","17.6745","Geographic - EAFE","Broad Developed World ETFs"
"iShares Core MSCI Emerging Markets ETF","IEMG","161332.61","84.25160697887970615243342516069788797062","1.2135","3.3546","-1.2911","1.4115","15.1632","30.1765","Geographic - Broad Emerging Markets","Broad Emerging Market ETFs"
"iShares U.S. Oil & Gas Exploration & Production ETF","IEO","728.67","100",".212","10.3424","2.2573","24.2753","24.0322","56.6195","Energy - Exploration","Energy ETFs"
"iShares U.S. Tech Independence Focused ETF","IETC","686.63","73.31334332833583208395802098950524737631","1.1366","-.319","-.6044","3.1475","16.9229","7.7108","Technology  - broad","Technology ETFs"
"iShares Core MSCI Europe ETF","IEUR","9133.69","77.99511002444987775061124694376528117359",".6084","-2.6117","-1.9464","1.7202","7.9901","15.9645","Geographic - Broad Europe","European Equity ETFs"
"iShares Europe ETF","IEV","1639.07","78.01476620180475799835931091058244462674",".8081","-2.7356","-1.8797","1.6294","8.1464","16.3389","Geographic - Broad Europe","European Equity ETFs"
"iShares U.S. Oil Equipment & Services ETF","IEZ","381.31","81.06267029972752043596730245231607629428","-.1007","-.4349","-2.5859","-2.1463","7.5487","55.9009","Energy - Equipment and services","Energy ETFs"
"Invesco Bloomberg Enhanced Fallen Angels ETF","IFLN","298.3","21.75","-.089","-.9053","-1.0799","-.3234","1.7219","0","Corporates - Junk/High Yield","High-Yield/Junk Bond ETFs"
"VictoryShares International Free Cash Flow ETF","IFLO","286.1","88.93501805054151624548736462093862815884",".8753","1.512","-2.1088","9.1053","20.4033","33.3689","Foreign Large Value ETF","Foreign Large Value ETF"
"iShares U.S. Infrastructure ETF","IFRA","4146.2","57.21804511278195488721804511278195488722",".5338","-4.6234","-1.485","-4.403","1.5142","13.4002","Utilities  - Infrastructure","Utilities/Infrastructure ETFs"
"First Trust Dorsey Wright International Focus 5 ETF","IFV","231.42","53.04878048780487804878048780487804878049",".6304",".1385","-1.402","-4.5299","1.0156","8.7333","Strategy - Alpha-Seeking","World ETFs"
"iShares Interest Rate Hedged Long-Term Corporate Bond ETF","IGBH","248.37","59.68379446640316205533596837944664031621",".143","1.1836",".0204",".502","4.8817","5.6383","Ultra short Bond ETF","Ultra short Bond ETF"
"iShares North American Natural Resources ETF","IGE","801.91","96.2044534412955465587044534412955465587",".2738","4.6024","-.1666","11.693","8.1776","38.5748","Materials  - Broad","Materials ETFs"
"iShares Global Infrastructure ETF","IGF","10364.91","41.01995565410199556541019955654101995565","-.0156","-2.8662","-1.5827","-2.7918","-2.7627","8.3403","Utilities  - Infrastructure","Utilities/Infrastructure ETFs"
"ProShares Investment Grade-Interest Rate Hedged","IGHG","351.41","30.09478672985781990521327014218009478673",".0579",".2635",".1611",".408","3.1055","3.6308","Corporates - Investment Grade","Investment Grade Corporate Bond ETFs"
"iShares 10+ Year Investment Grade Corporate Bond ETF","IGLB","2875.98",".7259528130671506352087114337568058076225",".085","-1.0677","-1.3196","-4.5595","-2.462","-4.3599","Corporates - Investment Grade","Investment Grade Corporate Bond ETFs"
"FT Vest Gold Strategy Target Income ETF","IGLD","588.7","8.86752136752136752136752136752136752137",".8323","-.7394","-1.2576","1.8091","-15.0442","13.6021","Precious Metals - Gold","Precious Metals ETFs"
"iShares Expanded Tech Sector ETF","IGM","10585.17","84.83009708737864077669902912621359223301","1.2355",".0432",".3091","2.5515","29.3313","32.6844","Technology  - broad","Technology ETFs"
"iShares International Treasury Bond ETF","IGOV","1536.92","20.8029197080291970802919708029197080292","-.0244","-.7759","-1.1116","-1.3976","-1.4451","-4.4595","International - Broad Treasury","Developed Market Bond ETFs"
"Invesco AI and Next Gen Software ETF","IGPT","1246.51","77.36332053391844944231120863046260742366","1.5272","5.5109",".5462","-1.187","52.4484","81.085","Technology  - Software","Technology ETFs"
"iShares International Dividend Growth ETF","IGRO","1286.09","85.58657770292155211504826067241044244348",".7702","-.9463","-2.0637","4.6047","9.5532","17.2067","Strategy - Dividend Growth","World ETFs"
"iShares Expanded Tech-Software Sector ETF","IGV","13333.1","62.26808905380333951762523191094619666048",".3162","-2.3095","-2.9167","11.6771","18.4241","-9.6647","Technology  - Software","Technology ETFs"
"iShares Cybersecurity and Tech ETF","IHAK","1047.29","74.39114391143911439114391143911439114391","-.8875","-8.0952","-2.5698","9.4373","37.0225","16.8751","Technology  - broad","Technology ETFs"
"WisdomTree International Hedged Quality Dividend Growth ETF","IHDG","2106.48","79.83193277310924369747899159663865546218","1.0035","-2.8041","-1.635","2.3548","7.4944","16.1844","Strategy - Dividend Growth","Broad Developed World ETFs"
"iShares U.S. Pharmaceuticals ETF","IHE","1620.32","81.85308420783209623752239570002559508574","-.1975","-1.7211","-3.4486","6.6107","14.9766","42.9285","Healthcare - Pharma","Health Care ETFs"
"iShares U.S. Healthcare Providers ETF","IHF","1301.04","91.36018680677174547577349678925861062464","-.1058",".5147","-1.3758","6.922","28.6947","16.3771","Healthcare - Healthcare - Providers","Health Care ETFs"
"iShares U.S. Medical Devices ETF","IHI","3206.7","19.68085106382978723404255319148936170213","-.0393","-9.1104","-5.1277","2.5873","-9.385","-17.2513","Healthcare - Medical Devices","Health Care ETFs"
"Innovator International Develo","IJAN","234.67","92.91744840525328330206378986866791744841",".3403","0","-.77","2.7781","6.5134","11.0414","Derivative Based ETF","Defined Outcome"
"iShares Core S&P Mid-Cap ETF","IJH","122711.01","74.2230347349177330895795246800731261426",".7853","-4.2819","-1.8589","-1.153","9.3848","13.2587","Style Box - Mid Cap Blend","Style Box - Mid Cap Blend"
"iShares S&P Mid-Cap 400 Value ETF","IJJ","8629.79","76.72072072072072072072072072072072072072",".7913","-3.4058","-1.958",".1616","9.9298","11.302","Style Box - Mid Cap Value","Style Box - Mid Cap Value"
"iShares S&P Mid-Cap 400 Growth ETF","IJK","10458.03","72.55965292841648590021691973969631236443",".8774","-4.9842","-1.7012","-2.298","8.7333","14.8982","Style Box - Mid Cap Growth","Style Box - Mid Cap Growth"
"iShares Core S&P Small-Cap ETF","IJR","106964","78.51002865329512893982808022922636103152",".5303","-4.1911","-2.1673",".2341","14.694","19.7609","Style Box - Small Cap Blend","Style Box - Small Cap Blend"
"iShares S&P Small-Cap 600 Value ETF","IJS","8074.17","83.28698553948832035595105672969966629588",".5751","-2.8145","-2.0867",".8803","14.7581","21.9242","Style Box - Small Cap Value","Style Box - Small Cap Value"
"iShares S&P Small-Cap 600 Growth ETF","IJT","8018.43","72.6286086390275667462556978510961580204",".4769","-5.6456","-2.2606","-.5508","14.2541","17.4914","Style Box - Small Cap Growth","Style Box - Small Cap Growth"
"Innovator International Develo","IJUL","253.6","93.12397372742200328407224958949096880131",".6029","-.5014","-.9043","3.2775","7.8754","12.4108","Derivative Based ETF","Defined Outcome"
"iShares Morningstar U.S. Equity ETF","ILCB","1286.74","93.59457422758100979653353428786737000754",".8568","-1.1892","-.7588","3.8294","13.8667","17.1496","Style Box - All Cap Growth","Style Box - All Cap Growth"
"iShares Morningstar Growth ETF","ILCG","3107.23","80.55360896986685353889278206026629292221",".933","-1.79","-.8645",".7232","13.5881","12.2078","Style Box - All Cap Growth","Style Box - All Cap Growth"
"iShares Morningstar Value ETF","ILCV","1338","92.65565795013332085886700659587407026243",".7661",".0742","-.6448","6.9463","14.1573","22.5476","Style Box - All Cap Value","Style Box - All Cap Value"
"First Trust Innovation Leaders ETF","ILDR","322.78","83.83763227513227513227513227513227513228","1.0131","-1.4809","-1.2161","1.7001","22.7649","21.4893","Geographic - Global Total Market","World ETFs"
"iShares Latin America 40 ETF","ILF","4002.31","80.42279411764705882352941176470588235294","-.6902","6.5778","-.2772","5.7179","4.2349","33.5416","Geographic - Broad Latin America","Latin American Equity ETFs"
"AB International Low Volatility Equity ETF","ILOW","1838.63","86.31875881523272214386459802538787023977",".9261","-.9093","-1.3266","3.2864","7.8233","11.0799","Foreign Large Blend ETF","Foreign Large Blend ETF"
"iShares Core 10+ Year USD Bond ETF","ILTB","581.69",".7448789571694599627560521415270018621974",".0863","-1.2195","-1.4447","-4.3329","-3.3317","-4.2466","Total Bond Market - Broad","Total Bond Market ETFs"
"iShares Morningstar Mid-Cap ETF","IMCB","1680.49","83.01971326164874551971326164874551971326",".8697","-2.6024","-1.3968","3.8175","15.2685","18.1483","Style Box - Mid Cap Blend","Style Box - Mid Cap Blend"
"iShares Morningstar Mid-Cap Growth ETF","IMCG","3989.79","78.43456991439054219323277619241744802283","1.1039","-4.0592","-1.2442","1.6677","17.3783","15.1297","Style Box - Mid Cap Growth","Style Box - Mid Cap Growth"
"iShares Morningstar Mid-Cap Value ETF","IMCV","1160.13","88.96085204375359815774323546344271732873",".7383","-1.1185","-1.3992","6.1137","13.5462","21.4464","Style Box - Mid Cap Value","Style Box - Mid Cap Value"
"Invesco Managed Futures Strategy ETF","IMF","323.89","100",".2704","2.2438","1.4222","4.6109","7.118","21.6488","Derivative Based ETF","Hedge Fund ETFs"
"Invesco International Developed Dynamic Multifactor ETF","IMFL","1068.6","90.09542215243386882473728711197004469139",".8759","-.2598","-1.567",".5053","7.6524","26.397","Foreign Large Blend ETF","Foreign Large Blend ETF"
"iShares MSCI Intl Momentum Factor ETF","IMTM","4299.7","89.26014319809069212410501193317422434368",".8634",".1864","-.9583","2.301","9.8712","17.3864","Foreign Large Blend ETF","Foreign Large Blend ETF"
"Franklin Income Equity Focus ETF","INCE","286.02","88.89083428171233476319705856605094983805",".558","-.7131","-.4362","2.547","7.4465","20.7883","Style Box - Large Cap Blend","Style Box - Large Cap Blend"
"Franklin Income Focus ETF","INCM","1852.11","79.11111111111111111111111111111111111111",".137","-.4746","-.747",".972","3.4643","10.7346","Moderate Allocation ","Total Portfolio ETFs"
"Columbia India Consumer ETF","INCO","220.25","46.61602209944751381215469613259668508287",".8635","-4.0879","-1.8585","4.4719","2.2305","-10.6149","Geographic - India","Asia-Pacific (Emerging) ETFs"
"iShares MSCI India ETF","INDA","6523.72","31.91489361702127659574468085106382978723",".9561","-3.0345","-2.6848","1.6321","-1.4207","-8.7716","Geographic - India","Asia-Pacific (Emerging) ETFs"
"iShares India 50 ETF","INDY","532.95","11.67551175132676269901440485216072782411",".902","-3.3204","-2.8076",".9453","-3.9039","-10.3767","Geographic - India","Asia-Pacific (Emerging) ETFs"
"Horizon Kinetics Inflation Beneficiaries ETF","INFL","1646.65","90.85545722713864306784660766961651917404",".3665","3.0286","-1.1907","9.1668","3.7358","25.8713","World Small/Mid Stock ETF","World Small/Mid Stock ETF"
"Harbor PanAgora Dynamic Large Cap Core ETF","INFO","875.28","92.33822260569456427955133735979292493529",".983","-.5652","-.5054","5.3086","16.2701","20.1025","Style Box - Large Cap Blend","Style Box - Large Cap Blend"
"iShares International Equity Factor ETF","INTF","3730.15","91.21706398996235884567126725219573400251",".8739","-.5356","-1.6125","4.2761","10.203","21.8548","Foreign Large Blend ETF","Foreign Large Blend ETF"
"Main International ETF","INTL","244.5","89.93174061433447098976109215017064846416","1.087",".5794","-1.4881","2.7714","8.9065","16.9222","Foreign Large Blend ETF","Foreign Large Blend ETF"
"GraniteShares 2x Long INTC Daily ETF","INTW","307.45","42.41492311570456264179480715906226367532","5.1124","6.6637","13.9785","-35.6796","203.5819","757.1429","Derivative Based ETF","Single Stock ETF"
"iShares Global 100 ETF","IOO","9003.3","92.75708916979842842500854116843184147591","1.0521","-.5591","-.6688","4.8298","15.2702","23.7013","Global Large-Cap Blend Equity ETF","Global Large-Cap Blend Equity ETF"
"iShares Core MSCI Pacific ETF","IPAC","2781.46","94.7570332480818414322250639386189258312","1.4813",".794","-.941","6.3034","11.5526","19.9324","Geographic - Asia Developed","Asia-Pacific (Developed) ETFs"
"Invesco International BuyBack Achievers ETF","IPKW","563.77","95.35895576504713560551124002900652646846","1.4682","-.1461","-.8255","6.8374","9.4083","19.8565","Foreign Large Value ETF","Foreign Large Value ETF"
"Northern Trust International Quality Dividend ETF","IQDF","1177.45","94.5145688333136722897251386103574377728",".6867","1.3113","-.9785","4.294","13.3085","28.2273","Strategy - Dividend","World ETFs"
"WisdomTree International Quality Dividend Growth ETF","IQDG","700.42","82.12982066338676400571337882875734010475","1.0399","-1.9906","-1.548","3.1098","6.8477","12.4101","Strategy - Dividend Growth","Broad Developed World ETFs"
"iShares MSCI Intl Quality Factor ETF","IQLT","13827.34","79.64989059080962800875273522975929978118",".5778","-2.2084","-2.1516","2.6788","9.2016","17.3918","Foreign Large Blend ETF","Foreign Large Blend ETF"
"ProShares GENIUS Money Market ETF","IQMM","20369.35","80",".03",".3858",".059",".9255","1.81","0","US Treasury - Ultra Short","Money Market/Ultra-Short Term ETFs"
"iShares Nasdaq 100 ETF","IQQ","386.56","75.63025210084033613445378151260504201681",".8757","-.4936","-.5754","0","0","0","Style Box - Large Cap Growth","Style Box - Large Cap Growth"
"ProShares Nasdaq-100 High Income ETF","IQQQ","400.65","68.18223569394690915771103150546523376504",".8396","-.3291","-.5259","-1.0561","13.08","18.886","Style Box - Large Cap Growth","Derivative Based ETF"
"NYLI Candriam International Equity ETF","IQSI","267.74","84.53399719931538820600591255640267620974",".9438","-1.7633","-1.9703","2.0323","7.743","15.607","Strategy - Socially Responsible","Broad Developed World ETFs"
"NYLI Candriam U.S. Mid Cap Equity ETF","IQSM","337.45","84.2740941582450086270643332511708158738",".943","-2.3279","-1.7902","2.9366","12.7328","15.0919","Strategy - Socially Responsible","Style Box - Mid Cap Blend"
"NYLI Candriam U.S. Large Cap Equity ETF","IQSU","321.14","93.63359798174667952808488536024337760629","1.1853","-.1996","-.214","3.0217","17.5653","21.3592","Strategy - Socially Responsible","Style Box - Large Cap Blend"
"Defiance Daily Target 2X Long IREN ETF","IRE","336.68","4.18865996935126851694193768091265111527",".8388","10.1833","-4.5013","-60","-48.2792","0","Derivative Based ETF","Single Stock ETF"
"iShares Morningstar Small-Cap ETF","ISCB","278.33","79.32278823600168400793889456907439706501",".6198","-4.0253","-2.3427","1.3123","12.0753","16.6582","Style Box - Small Cap Blend","Style Box - Small Cap Blend"
"iShares International Small-Cap Equity Factor ETF","ISCF","671.1","87.54277891854893908281998631074606433949",".7771","-.3447","-1.7107","3.8227","7.0057","14.3239","Foreign Small/Mid Blend ETF","Foreign Small/Mid Blend ETF"
"iShares Morningstar Small-Cap Growth ETF","ISCG","960.95","71.96452933151432469304229195088676671214",".733","-4.8921","-2.2932","-.4964","10.6075","15.1556","Style Box - Small Cap Growth","Style Box - Small Cap Growth"
"iShares Morningstar Small-Cap Value ETF","ISCV","681.38","83.80351808828410222369731164951875207434",".6895","-2.678","-2.2316","3.4986","13.6873","18.3328","Style Box - Small Cap Value","Style Box - Small Cap Value"
"iShares 1-3 Year International Treasury Bond ETF","ISHG","874.57","56.38188368502316006176016469377251672671",".0462",".4109","-.3617",".9259","1.074","-.8572","International - Broad Treasury","Developed Market Bond ETFs"
"Inspire Small/Mid Cap ETF","ISMD","329.13","81.41414141414141414141414141414141414141",".4612","-4.4467","-2.3237","-.6537","20.4235","23.1118","Strategy - Socially Responsible","Style Box - All Cap Blend"
"ProShares S&P 500 High Income ETF","ISPY","1218","84.00292184075967859751643535427319211103",".7968","-.797","-.7843","2.5781","10.2458","14.0818","Style Box - Large Cap Blend","Derivative Based ETF"
"iShares International Developed Small Cap Value Factor ETF","ISVL","335.74","94.02604033699259637477661475619096247128",".9713","2.4892","-1.1605","6.4385","13.4188","24.648","Foreign Small/Mid Value ETF","Foreign Small/Mid Value ETF"
"iShares U.S. Aerospace & Defense ETF","ITA","12924.54","37.79212512503410020914794944075656997363",".316","-13.0568","-2.9254","-7.1456","-8.1092","9.9989","Industrials  - Aerospace & Defense","Industrials ETFs"
"iShares U.S. Home Construction ETF","ITB","2117.28","12.10680321872713972201901975128017556693","1.4963","-10.9055","-4.6534","-8.2267","-5.7473","-22.1958","Consumer Discretionary - Broad","Consumer Discretionary ETFs"
"iShares Core S&P Total U.S. Stock Market ETF","ITOT","95446.44","88.9163322012966965112689101574560049398",".8388","-1.13","-.9073","3.5538","13.6543","17.0457","Style Box - All Cap Blend","Style Box - All Cap Blend"
"Invesco RAFI Strategic US ETF","IUS","972.96","93.27634984650574851020285318726298681755",".9077","-.3113","-.9367","6.691","18.0198","27.91","Style Box - Large Cap Blend","Style Box - Large Cap Blend"
"iShares Core S&P U.S. Growth ETF","IUSG","32926.07","89.44153577661431064572425828970331588133",".806","-1.3134","-.9432","3.3421","16.0236","17.6825","Style Box - All Cap Growth","Style Box - All Cap Growth"
"iShares Core S&P U.S. Value ETF","IUSV","27495.13","90.74814391776127926898914905768132495717",".9037","-.5848","-.6889","3.9081","10.4157","16.6576","Style Box - All Cap Value","Style Box - All Cap Value"
"ishares S&P/TSX 60 Index ETF","IUTSF","16591.87","100","0","7.8925","0","8.5283","9.9056","42.5004","Geographic - Canada","Canadian Equity ETFs"
"Alpha Architect International Quantitative Value ETF","IVAL","224.62","97.76873767258382642998027613412228796844","1.089","1.7884","-.3026","6.4226","9.8595","23.6218","Foreign Small/Mid Value ETF","Foreign Small/Mid Value ETF"
"iShares S&P 500 Value ETF","IVE","49437.34","91.28861675480100194823267464514333426106",".8875","-.4442","-.625","3.9927","10.3574","16.8666","Style Box - Large Cap Value","Style Box - Large Cap Value"
"Dan IVES Wedbush AI Revolution ETF","IVES","1047.33","84.32580424366872005475701574264202600958",".5609","1.258","-.5045","6.71","28.7627","29.5286","Artificial Intelligence and Robotics ETF","Artificial Intelligence and Robotics ETF"
"iShares MSCI Intl Value Factor ETF","IVLU","4638.46","96.22093023255813953488372093023255813953","1.3167","1.2018","-.734","6.0864","13.1836","28.9878","Foreign Large Value ETF","Foreign Large Value ETF"
"Vanguard S&P Mid-Cap 400 Growth Index Fund ETF Shares","IVOG","1596.95","72.57690075449796865931514799767846778874",".9094","-4.9665","-1.7539","-2.3203","8.7777","14.5222","Style Box - Mid Cap Growth","Style Box - Mid Cap Growth"
"Vanguard S&P Mid-Cap 400 Index Fund ETF Shares","IVOO","3764.97","74.51263537906137184115523465703971119134",".8079","-4.2328","-1.8459","-1.0687","9.3882","13.3179","Style Box - Mid Cap Blend","Style Box - Mid Cap Blend"
"Vanguard S&P Mid-Cap 400 Value Index Fund ETF Shares","IVOV","1314.84","76.42045454545454545454545454545454545455",".7811","-3.4159","-1.9745",".1606","10.049","9.6577","Style Box - Mid Cap Value","Style Box - Mid Cap Value"
"iShares Core S&P 500 ETF","IVV","844727.19","90.75337791729220690596424184522997133888",".8391","-.815","-.7753","3.8952","13.5871","17.423","Style Box - Large Cap Blend","Style Box - Large Cap Blend"
"iShares S&P 500 BuyWrite ETF","IVVW","339.23","61.36865342163355408388520971302428256071",".8669","1.0322","-.3732","6.2732","9.1906","16.1956","Derivative Based ETF","Derivative Based ETF"
"iShares S&P 500 Growth ETF","IVW","75992.09","90.45226130653266331658291457286432160804",".8178","-1.1004","-.8822","3.6702","16.349","17.6127","Style Box - Large Cap Growth","Style Box - Large Cap Growth"
"iShares Russell 1000 ETF","IWB","48516.87","89.75683507622527403300995338289026080383",".8665","-.9739","-.8517","3.7725","13.2818","16.5345","Style Box - Large Cap Blend","Style Box - Large Cap Blend"
"iShares Micro-Cap ETF","IWC","1435.26","82.34053769109119662625197680548234053769",".3893","-3.5869","-2.9417","1.9796","15.4423","31.0885","Style Box - Micro Cap Blend","Style Box - Micro Cap Blend"
"iShares Russell 1000 Value ETF","IWD","82699.59","93.66032699366032699366032699366032699366",".8882","-.9073","-.7957","6.907","18.1921","27.0888","Style Box - Large Cap Value","Style Box - Large Cap Value"
"iShares Russell 1000 Growth ETF","IWF","123885.92","75.04031948391060594424391367790492281699",".7831","-1.0761","-.9238",".6636","8.5476","7.0126","Style Box - Large Cap Growth","Style Box - Large Cap Growth"
"iShares Russell Top 200 ETF","IWL","2174.4","93.10117905127502056484782012613106663011",".8998","-.4016","-.6257","4.0853","13.7126","17.2409","Style Box - Large Cap Blend","Style Box - Large Cap Blend"
"NYLI Winslow Large Cap Growth ETF","IWLG","315.55","82.61589403973509933774834437086092715232","1.0477","-1.5089","-.9438","2.1362","10.2049","5.4298","Style Box - Large Cap Growth","Style Box - Large Cap Growth"
"iShares Russell 2000 ETF","IWM","77635.85","78.67859963148196893919452487496709660437",".4136","-4.0201","-2.4053","-.284","14.7032","21.0741","Style Box - Small Cap Blend","Style Box - Small Cap Blend"
"NEOS Russell 2000 High Income ETF","IWMI","1229.61","68.91719745222929936305732484076433121019",".4118","-2.3959","-1.8778","1.3939","12.8214","20.1867","Derivative Based ETF","Style Box - Small Cap Blend"
"iShares Russell 2000 Value ETF","IWN","14276.84","86.78729941959713212700580402867872994196",".3288","-2.347","-2.1948","2.1616","16.013","25.5782","Style Box - Small Cap Value","Style Box - Small Cap Value"
"iShares Russell 2000 Growth ETF","IWO","14242.85","70.49283909014321819713563605728727885425",".536","-5.5494","-2.6249","-2.6006","13.3305","16.9656","Style Box - Small Cap Growth","Style Box - Small Cap Growth"
"iShares Russell Mid-Cap Growth ETF","IWP","19196.71","59.71760797342192691029900332225913621262",".9658","-4.7356","-1.2098","-1.8177","3.93","-4.658","Style Box - Mid Cap Growth","Style Box - Mid Cap Growth"
"iShares Russell Mid-Cap ETF","IWR","55536.91","78.55598789450929528750540423692174664937",".826","-3.1302","-1.7616","2.2553","11.5714","13.9649","Style Box - Mid Cap Blend","Style Box - Mid Cap Blend"
"iShares Russell Mid-Cap Value ETF","IWS","15214.01","83.73326597625663046223793887345289214448",".7663","-2.6239","-1.9262","3.4806","13.9067","20.3146","Style Box - Mid Cap Value","Style Box - Mid Cap Value"
"iShares Russell 3000 ETF","IWV","20120.27","89.3037822211515297518670199951818838834",".8574","-1.0892","-.9199","3.6279","13.3932","16.7648","Style Box - All Cap Blend","Style Box - All Cap Blend"
"iShares Russell Top 200 Value ETF","IWX","3925.15","95.12820512820512820512820512820512820513",".8519","-.3368","-.3897","8.0327","19.7298","29.9065","Style Box - Large Cap Value","Style Box - Large Cap Value"
"iShares Russell Top 200 Growth ETF","IWY","15619.6","75.10440089945390298747189206553164150337",".7557","-.5654","-.9091",".6709","8.9442","7.9884","Style Box - Large Cap Growth","Style Box - Large Cap Growth"
"iShares Global Energy ETF","IXC","2950.7","98.93129770992366412213740458015267175573",".1007","6.4016","2.1572","11.8205","13.31","47.6786","Energy - Broad","Energy ETFs"
"iShares Global Financials ETF","IXG","691.08","89.73189453776838357993102681054622316164","1.0015",".3371","-1.4457","9.8852","18.6683","17.4391","Financials-Broad","Financials ETFs"
"iShares Global Healthcare ETF","IXJ","4146.58","69.35704514363885088919288645690834473324","-.1289","-2.2981","-3.9466","5.3131","5.5099","14.6553","Healthcare - Broad","Health Care ETFs"
"iShares Global Tech ETF","IXN","9317.89","87.0322341608002964060763245646535753983","1.3347","2.0592","-.1259","2.7072","34.5258","45.5975","Technology  - broad","Technology ETFs"
"iShares Global Comm Services ETF","IXP","461.8","57.14652956298200514138817480719794344473","1.2516","2.577","1.344","1.6201","-.2114","-.1851","Communication Services - Broad","Communication Services ETFs"
"iShares Core MSCI Total International Stock ETF","IXUS","59770.62","91.53889835320840431572969903463940942646",".9763",".1648","-1.5095","2.5981","11.0708","21.8756","Foreign Large Blend ETF","Foreign Large Blend ETF"
"iShares U.S. Consumer Discretionary ETF","IYC","1154.31","31.35135135135135135135135135135135135135",".9034","-5.1346","-1.9453","-2.9284","-1.659","-6.0724","Consumer Discretionary - Broad","Consumer Discretionary ETFs"
"iShares U.S. Energy ETF","IYE","1893.64","99.6173469387755102040816326530612244898",".3061","6.4172","1.6093","14.2063","15.3227","47.8567","Energy - Broad","Energy ETFs"
"iShares U.S. Financials ETF","IYF","4377.83","86.45833333333333333333333333333333333333",".4818","-1.3176","-1.7824","7.6244","15.643","8.4117","Financials-Broad","Financials ETFs"
"iShares U.S. Financial Services ETF","IYG","2197.48","89.33982683982683982683982683982683982684",".6982","-.7396","-1.3678","8.9405","17.0332","8.4517","Financials-Broad","Financials ETFs"
"iShares U.S. Healthcare ETF","IYH","3612","75.14092446448703494926719278466741826381","-.1143","-1.3683","-3.4254","8.4714","10.0159","19.9469","Healthcare - Broad","Health Care ETFs"
"iShares U.S. Industrials ETF","IYJ","1917.49","63.19870759289176090468497576736672051696","1.2394","-5.9023","-1.6325",".389","3.7442","9.1726","Industrials  - Broad","Industrials ETFs"
"iShares U.S. Consumer Staples ETF","IYK","1384.34","67.92908944399677679290894439967767929089",".2996","-.5938","-1.0877",".9639","2.5827","7.6938","Consumer Staples - Broad","Consumer Staples ETFs"
"iShares U.S. Basic Materials ETF","IYM","1199.89","82.71885374803424777214747510047178053468",".2849","-1.8725","-2.3757","1.2214","5.4287","25.3512","Materials  - Broad","Materials ETFs"
"iShares U.S. Real Estate ETF","IYR","4278.72","55.56313993174061433447098976109215017065",".7802","-1.7744","-1.3609","-2.117","3.597","4.6237","Real Estate   - REITs","Real Estate ETFs"
"NEOS Real Estate High Income ETF","IYRI","306.5","30.86680761099365750528541226215644820296",".6944","-1.4164","-.9727","-.7713","2.875","4.027","Derivative Based ETF","Real Estate ETFs"
"iShares U.S. Transportation ETF","IYT","2099.97","64.01463191586648376771833561957018747142",".1341","-5.5645","-2.4118","-4.4421","8.949","16.7618","Industrials  - Transportation/Shipping","Industrials ETFs"
"iShares U.S. Technology ETF","IYW","24880.81","92.25784052771669945608147205184585117463","1.1745",".8884","-.0237","4.0977","31.5159","34.9085","Technology  - broad","Technology ETFs"
"iShares Dow Jones U.S. ETF","IYY","3008","89.71779826767253422743783179659122659961",".7749","-.9692","-.8884","3.6323","13.5347","16.7461","Style Box - All Cap Blend","Style Box - All Cap Blend"
"iShares U.S. Telecommunications ETF","IYZ","1218.14","81.88552188552188552188552188552188552189","2.6335","-.9162","1.3352",".4716","10.9585","36.3178","Communication Services - Broad","Communication Services ETFs"
"Janus Henderson AAA CLO ETF","JAAA","30836.1","55.55555555555555555555555555555555555556",".0791",".5095",".0791","1.2599","2.7529","4.8027","Asset Backed - MBS","Mortgage-Backed Security ETFs"
"Innovator Equity Defined Protection ETF - 6 Mo Jan/Jul","JAJL","296.47","95.63953488372093023255813953488372093023",".1657",".0828","-.2146","1.4262","3.4819","5.8298","Derivative Based ETF","Defined Outcome"
"AllianzIM U.S. Equity Buffer20 Jan ETF","JANW","352.63","97.7496483825597749648382559774964838256",".341",".3691","-.1646","2.6132","6.6405","9.6357","Derivative Based ETF","Defined Outcome"
"JPMorgan Active Value ETF","JAVA","6959.11","90.29358897543439185140802875973636908328",".8092","-1.6272","-.7484","5.6326","13.7151","20.4681","Style Box - All Cap Value","Style Box - All Cap Value"
"Janus Henderson B-BBB CLO ETF","JBBB","1517.89","45.15151515151515151515151515151515151515","-.0211",".4864","-.2528","1.3679","3.6674","4.4105","Asset Backed - MBS","Mortgage-Backed Security ETFs"
"John Hancock Disciplined Value International Select ETF","JDVI","765.57","90.58190380087453750420450723175243861419","1.4171","1.332","-1.1692","5.6476","10.994","26.1243","Foreign Large Value ETF","Foreign Large Value ETF"
"John Hancock Disciplined Value Select ETF","JDVL","924.14","90.15402331941845400892471570462069958255",".7564","-2.0827","-1.6005","3.7987","15.6783","22.8451","Style Box - Large Cap Value","Style Box - Large Cap Value"
"JPMorgan ActiveBuilders Emerging Markets Equity ETF","JEMA","1754.6","83.67820732815181185020692439689108711012","1.6452","3.9762","-1.1296",".8304","17.0288","34.4283","Geographic - Broad Emerging Markets","Broad Emerging Market ETFs"
"Janus Henderson Emerging Markets Debt Hard Currency ETF","JEMB","463.91","15.93484419263456090651558073654390934844",".0591","-1.0406","-1.1683","-.4319",".9478","4.8655","International - Emerging Market","Emerging Market Bond ETFs"
"JPMorgan Equity Premium Income ETF","JEPI","45299.14","29.62962962962962962962962962962962962963",".6932","-1.33","-.9962","3.5398","1.8505","6.9579","Derivative Based ETF","Style Box - Large Cap Blend"
"JPMorgan Nasdaq Equity Premium Income ETF","JEPQ","42034.8","78.15344603381014304291287386215864759428",".8094","1.3622","-.1503","3.8899","10.0833","17.9645","Derivative Based ETF","Style Box - Large Cap Growth"
"U.S. Global Jets ETF","JETS","715.49","45.80384226491405460060667340748230535895","1.1853","-11.1356","-2.1875","-2.7615","11.6971","7.0289","Industrials  - Transportation/Shipping","Industrials ETFs"
"JPMorgan Global Select Equity ETF","JGLO","6473.67","83.4244401340151648739199435725621583495",".9985","-1.7802","-1.4212","3.8648","8.3941","8.8314","Global Large-Cap Blend Equity ETF","Global Large-Cap Blend Equity ETF"
"JPMorgan Active Growth ETF","JGRO","9828.33","68.94824707846410684474123539232053422371",".6969","-1.2823","-.8027","-1.2096","6.6303","2.2231","Style Box - Large Cap Growth","Style Box - Large Cap Growth"
"John Hancock Multifactor Emerging Markets ETF","JHEM","1022.53","88.32702361636920858121507120966288083649","1.4215","3.9065","-1.2649","1.3682","15.4566","32.5175","Geographic - Broad Emerging Markets","Broad Emerging Market ETFs"
"John Hancock Global Senior Loan ETF","JHLN","640.7","26.97368421052631578947368421052631578947","-.122",".3081","-.0814","1.59","3.0748","3.3345","Corporates - Bank Loan","High-Yield/Junk Bond ETFs"
"John Hancock Multifactor Developed International ETF","JHMD","960.26","87.62537449524553862185749641787156441318",".7471","-1.2917","-1.5672","3.5104","8.396","17.5563","Geographic - EAFE","Broad Developed World ETFs"
"John Hancock Multifactor Large Cap ETF","JHML","1152.23","86.15062503848759160046800911386169099082",".9292","-1.5507","-.9166","2.9674","12.653","17.1393","Style Box - Large Cap Blend","Style Box - Large Cap Blend"
"John Hancock Multifactor Mid Cap ETF","JHMM","5946.88","77.11864406779661016949152542372881355932","1.04","-3.4897","-1.4678",".6217","9.0278","14.1536","Style Box - Mid Cap Blend","Style Box - Mid Cap Blend"
"John Hancock Preferred Income ETF","JHPI","217.95",".8474576271186440677966101694915254237288",".045","-.8829","-.935","-.8408","-.2578","1.2287","Corporates - Convertible","Convertibles/CEFs/OET/Preferred Stock ETFs"
"John Hancock Multifactor Small Cap ETF","JHSC","712.02","77.21164072319443101614618582616262206323",".5961","-3.5564","-1.9166",".1958","9.8721","13.6517","Style Box - Small Cap Blend","Style Box - Small Cap Blend"
"JPMorgan International Growth ETF","JIG","519.79","75.83738906384196965359290008588605782995","1.1856","-.2479","-1.4418",".9318","8.5571","13.9048","Foreign Large Growth ETF","Foreign Large Growth ETF"
"JPMorgan International Research Enhanced Equity ETF","JIRE","11037.83","86.08942512420156139105748757984386089425","1.0225","-1.6743","-1.4897","3.1062","8.5153","17.5451","Geographic - EAFE","Broad Developed World ETFs"
"JPMorgan International Value ETF","JIVE","3986.56","95.60106181266590822904816078877512324611",".9903","2.169","-1.1591","6.3542","14.7417","31.3068","Foreign Large Value ETF","Foreign Large Value ETF"
"JPMorgan Small & Mid Cap Enhanced Equity ETF","JMEE","2881.05","77.63779527559055118110236220472440944882",".7597","-4.0731","-1.7288","-.3165","12.5167","17.757","Style Box - All Cap Blend","Style Box - All Cap Blend"
"JPMorgan U.S. Momentum Factor ETF","JMOM","2687.71","86.31216149679960610536681437715411127523","1.0259","-1.676","-.5052","1.1507","18.6331","23.1597","Style Box - All Cap Growth","Style Box - All Cap Growth"
"Direxion Daily Junior Gold Miners Index Bull 2X ETF","JNUG","494.74","31.59495871360278139939156888309430682312","1.9352","8.6658","-5.7524","40.7896","-30.1562","37.1998","Derivative Based ETF","Leveraged Equity ETFs"
"Virtus Terranova U.S. Quality Momentum ETF","JOET","238.5","77.98297157932605828036934884278690490466","1.0089","-3.0025","-.6035","1.4598","10.2985","7.37","Style Box - Large Cap Blend","Style Box - Large Cap Blend"
"JPMorgan Equity Focus ETF","JPEF","1993.85","85.23252232830304896827841084077610101632",".8842","-1.6523","-.5023","2.9483","8.5634","9.859","Style Box - All Cap Blend","Style Box - All Cap Blend"
"JPMorgan Diversified Return Emerging Markets Equity ETF","JPEM","399.39","94.45359127392467585923029429923852644577",".3095","2.3138","-.668","5.148","6.7738","17.5614","Geographic - Broad Emerging Markets","Broad Emerging Market ETFs"
"JPMorgan Diversified Return International Equity ETF","JPIN","365.66","93.2684067004285157771717958706661472536",".9858",".8257","-.894","4.4037","7.9329","18.022","Foreign Large Value ETF","Foreign Large Value ETF"
"JPMorgan Limited Duration Bond ETF","JPLD","4010.51","2.56410256410256410256410256410256410256",".0582","-.3672","-.3245",".1743",".5987","2.6109","Total Bond Market - Broad","Total Bond Market ETFs"
"JPMorgan Diversified Return U.S. Mid Cap Equity ETF","JPME","467.91","82.6086956521739130434782608695652173913",".7584","-2.4449","-1.5785","1.3807","9.4246","15.6796","Style Box - Mid Cap Blend","Style Box - Mid Cap Blend"
"JPMorgan Realty Income ETF","JPRE","468.55","62.34213547646383467278989667049368541906",".6815","-.615","-.7847","-1.2565","4.9473","9.0187","Real Estate   - REITs","Real Estate ETFs"
"JPMorgan Diversified Return U.S. Small Cap Equity ETF","JPSE","584.5","81.56715339019806274396414630620211074165",".4619","-2.8217","-1.5591","-.086","12.0708","17.7102","Style Box - Small Cap Blend","Style Box - Small Cap Blend"
"JPMorgan Ultra-Short Income ETF","JPST","41523.64","2.32558139534883720930232558139534883721",".0199",".1619","-.0595",".7764","1.6412","3.5478","Ultra short Bond ETF","Ultra short Bond ETF"
"JPMorgan Diversified Return U.S. Equity ETF","JPUS","464.02","84.29573026626752796596817394044430439578",".6792","-1.7824","-1.3615","2.1605","7.9645","15.4766","Style Box - Large Cap Blend","Style Box - Large Cap Blend"
"JPMorgan U.S. Quality Factor ETF","JQUA","8659.16","87.55612572161642078255291853752405388069",".8362","-1.3809","-1.2485","4.6371","17.1905","18.2651","Style Box - All Cap Blend","Style Box - All Cap Blend"
"Janus Henderson Small/Mid Cap Growth Alpha ETF","JSMD","1044.27","62.21970908240065514955348438170260889911",".8204","-4.525","-1.7946","-4.4485","13.7578","7.4397","Style Box - Small Cap Growth","Style Box - Small Cap Growth"
"Janus Henderson Small Cap Growth Alpha ETF","JSML","358.45","75.27345555384378370050839624094900631644",".4492","-4.6227","-2.2202","-2.0941","20.4624","15.4214","Style Box - Small Cap Growth","Style Box - Small Cap Growth"
"Adasina Social Justice All Cap Global ETF","JSTC","295.13","83.55658198614318706697459584295612009238",".984","-1.9797","-1.2725","1.1967","12.9955","11.8633","Strategy - Socially Responsible","World ETFs"
"JPMorgan U.S. Tech Leaders ETF","JTEK","4368.55","66.35791241080173499370365188190849307402",".4745","-2.1991","-.7825","-4.2843","18.4881","10.307","Technology  - broad","Technology ETFs"
"Aptus Enhanced Yield Etf","JUCY","346","2.32558139534883720930232558139534883721",".0688","-.2597","-.47",".8321","2.3467","5.6802","US Treasury - Intermediate Term","Government Bond ETFs"
"AllianzIM U.S. Equity Buffer20 Jul ETF","JULW","252.81","94.1092771770062606715993170176437108708",".3949",".0894","-.3535","2.0263","5.6553","8.3771","Derivative Based ETF","Defined Outcome"
"AllianzIM U.S. Equity Buffer20 Jun ETF","JUNW","374.43","90.72954453849254332930270052398226521564",".4029","-.043","-.3285","2.2717","3.9259","6.8018","Derivative Based ETF","Defined Outcome"
"JPMorgan U.S. Research Enhanced Large Cap ETF","JUSA","699.15","89.2371834465719579987646695491043854231",".8005","-1.241","-.7707","3.6584","12.8568","16.4604","Style Box - Large Cap Blend","Style Box - Large Cap Blend"
"Goldman Sachs JUST U.S. Large Cap Equity ETF","JUST","565.08","90.20341147496123323907689501048982942625",".9276","-1.0787","-.8103","4.1579","15.0026","18.7026","Strategy - Socially Responsible","Style Box - Large Cap Growth"
"JPMorgan U.S. Value Factor ETF","JVAL","985.99","91.41806293420514916223947691050265631385","1.1586","-.6194","-.951","3.4314","19.7733","26.5933","Style Box - All Cap Value","Style Box - All Cap Value"
"iShares Global Utilities ETF","JXI","299.85","41.48296593186372745490981963927855711423","-.1333","-2.0549","-.8794","-2.6241","-4.6383","9.9505","Utilities  - Broad","Utilities/Infrastructure ETFs"
"Innovator U.S. Small Cap Power Buffer ETF - April","KAPR","214.12","92.96218487394957983193277310924369747899",".3314","-.5746","-.8582","2.1363","11.8546","17.3833","Derivative Based ETF","Defined Outcome"
"Scharf ETF","KAT","661.26","76.71192003580486349395792928539459943309",".5648","-1.4688","-1.489","5.4916","3.9314","3.4599","Global Large-Cap Blend Equity ETF","Global Large-Cap Blend Equity ETF"
"State Street SPDR S&P Bank ETF","KBE","1570.02","78.10615199034981905910735826296743063932",".1177","-3.503","-1.8748","3.6383","17.1609","13.6284","Financials - Banking","Financials ETFs"
"Invesco KBW Bank ETF","KBWB","6822.4","89.1354246365723029839326702371843917368",".592","-1.435","-.8193","6.8895","24.8567","26.5169","Financials - Banking","Financials ETFs"
"Invesco KBW Property & Casualty Insurance ETF","KBWP","277.55","59.61405926946933149552033080634045485872",".1095","-3.3008","-2.3811","7.5063","8.9905","7.5601","Financials - Insurance","Financials ETFs"
"Invesco KBW Premium Yield Equity REIT ETF","KBWY","313.58","59.76331360946745562130177514792899408284",".2292","-1.0958","-2.5084","-2.7307","15.0324","14.1709","Real Estate   - REITs","Real Estate ETFs"
"State Street SPDR S&P Capital Markets ETF","KCE","463.19","78.16842158937358182698926650179741478214","-.4147","-1.1443","-4.4688","7.7591","19.154","5.1506","Financials - Brokers/ Capital markets","Financials ETFs"
"Kensington Hedged Premium Income ETF","KHPI","428.59","76.66666666666666666666666666666666666667",".6612","-.8158","-.1928","2.6827","6.3771","9.7597","Style Box - Large Cap Blend","Derivative Based ETF"
"State Street SPDR S&P Insurance ETF","KIE","675.41","68.21705426356589147286821705426356589147",".1606","-1.9962","-2.4257","7.7398","13.433","6.7551","Financials - Insurance","Financials ETFs"
"Innovator U.S. Small Cap Power Buffer ETF - January","KJAN","320.01","94.99187872225230102869518137520303194369",".4468","-.3352","-.7537","2.5866","9.7968","14.8965","Derivative Based ETF","Defined Outcome"
"Innovator U.S. Small Cap Power Buffer ETF - July","KJUL","227.69","76.92120622568093385214007782101167315175",".3567","-2.0766","-1.4483","-.8881","4.2049","8.592","Derivative Based ETF","Defined Outcome"
"Invesco MSCI North America Climate ETF","KLMN","2434.38","91.10561056105610561056105610561056105611",".8747","-.744","-.7878","4.1915","13.5828","17.8156","Strategy - Socially Responsible","Style Box - Large Cap Blend"
"Invesco MSCI Global Climate 500 ETF","KLMT","1584.74","92.53847349603606404476915902378361573139","1.0164","-.5062","-.9097","3.9989","13.7494","18.8475","Strategy - Socially Responsible","World ETFs"
"KraneShares Mount Lucas Managed Futures Index Strategy ETF","KMLM","460.43","98.12382739212007504690431519699812382739","-.3214","7.5616","3.4701","9.7311","11.4265","20.5053","Derivative Based ETF","Hedge Fund ETFs"
"FT Vest S&P 500 Dividend Aristocrats Target Income ETF","KNG","3312.41","37.42454728370221327967806841046277665996",".3019","-3.4582","-2.3324","2.0644","3.8011","7.5035","Derivative Based ETF","Style Box - Large Cap Growth"
"KraneShares Global Humanoid Robotics and Physical AI Index ETF","KOID","327.17","52.26683937823834196891191709844559585492","1.4702","-7.8562","-1.4552","-12.5061","5.5278","18.0981","Artificial Intelligence and Robotics ETF","Artificial Intelligence and Robotics ETF"
"Xtrackers MSCI Kokusai Equity ETF","KOKU","799.9","88.86176123926586967502946624010776224954",".8199","-1.2022","-1.0673","3.4596","12.1471","16.7152","Global Large-Cap Blend Equity ETF","Global Large-Cap Blend Equity ETF"
"State Street SPDR S&P Kensho New Economies Composite ETF","KOMP","2603.91","54.95327102803738317757009345794392523364","1.099","-5.7802","-1.5942","-5.3403","8.5858","12.8307","Geographic - Global Total Market","World ETFs"
"American Century Diversified Corporate Bond ETF","KORP","934.21",".3424657534246575342465753424657534246575",".0221","-.8954","-.5373","-1.9294","-.965","-.5179","Corporates- Intermediate Term","Investment Grade Corporate Bond ETFs"
"Direxion Daily MSCI South Korea Bull 3X ETF","KORU","1388.72","30.96308006907988005533264024332614467251","8.975","30.7823","-1.7043","-45.2032","17.1236","372.6308","Derivative Based ETF","Leveraged Equity ETFs"
"State Street SPDR S&P Regional Banking ETF","KRE","4170.46","79.63617988883274381000505305709954522486",".1219","-3.7886","-1.8201","2.7184","16.7255","15.779","Financials - Regional Banks","Financials ETFs"
"iShares MSCI Saudi Arabia ETF","KSA","630.79","45.96153846153846153846153846153846153846","-.0262","1.1646","-.7531","-1.2136","1.8451","6.6649","Geographic - Middle East","Africa-Middle East Equity ETFs"
"KraneShares China Technology & Semiconductor STAR 50 Index ETF","KSTR","383.04","34.38337801608579088471849865951742627346","1.3022","-8.664","-2.8424","-7.6545","13.8244","24.2291","Geographic - China","Asia-Pacific (Emerging) ETFs"
"KraneShares CSI China Internet ETF","KWEB","4712.03","5.02330398757120662868979803210771620922",".6547","-12.4244","-5.5662","-7.4144","-19.3178","-34.4718","Geographic - China","Asia-Pacific (Emerging) ETFs"
"iShares Global Consumer Staples ETF","KXI","1066.25","38.73343151693667157584683357879234167894",".3877","-2.2506","-1.4637","-1.5183","-.8015","4.5269","Consumer Staples - Broad","Consumer Staples ETFs"
"Direxion Daily S&P Biotech Bull 3X ETF","LABU","498.61","69.68265961465810351341140914242538723083","-1.7669","-6.9013","-13.9186","49.7507","56.1305","217.0322","Derivative Based ETF","Leveraged Equity ETFs"
"First Trust Multi-Strategy Alternative ETF","LALT","355.45","89.1138273491214667685255920550038197097","-.0807","1.8644",".7736","1.8241","1.6271","14.6944","Absolute Returns ","Hedge Fund ETFs"
"Principal Capital Appreciation Select ETF","LCAP","1840.7","84.47904588371707801888355143283087626304",".6339","-1.8604","-.9212","2.806","11.4677","16.5408","Style Box - All Cap Blend","Style Box - All Cap Blend"
"iShares World ex U.S. Carbon Transition Readiness Aware Active ETF","LCTD","300.17","84.61625666024260287949212107470808298379",".8971","-1.6088","-1.5762","3.4545","6.7414","15.0653","Foreign Large Blend ETF","Foreign Large Blend ETF"
"iShares U.S. Carbon Transition Readiness Aware Active ETF","LCTU","1234.19","89.74326059050064184852374839537869062901",".8433","-1.0455","-1.0217","4.1665","13.0685","15.7481","Style Box - All Cap Blend","Style Box - All Cap Blend"
"SGI Enhanced Market Leaders ETF","LDRX","251.89","94.3146522619851451721809588116137744767",".8771","-.0164","-.4693","4.7783","14.9211","16.7912","Style Box - Large Cap Blend","Derivative Based ETF"
"iShares J.P. Morgan EM Local Currency Bond ETF","LEMB","749.42","85.47854785478547854785478547854785478548","-.1393",".1863","-.6927","1.9919","3.4143","7.0133","Sovereign - Broad Market","Emerging Market Bond ETFs"
"SEI High Yield Bond & Alternative Credit ETF","LEND","1007.66","1.73913043478260869565217391304347826087",".0406","-.3393","-.5245",".2623","54.5662","54.5662","Corporates - Junk/High Yield","High-Yield/Junk Bond ETFs"
"JPMorgan Fundamental Data Science Large Growth ETF","LGDS","1095.75","71.05086264844275151243558144745686757786",".8752","-.8102","-.7502","0","0","0","Style Box - Large Cap Growth","Style Box - Large Cap Growth"
"HCM Defender 500 Index ETF","LGH","584.82","85.23646826110411796439489300485524186297","1.185","-1.1367","-1.0534","4.7675","8.7856","11.2879","Moderate Allocation ","Total Portfolio ETFs"
"State Street SPDR US Large Cap Low Volatility Index ETF","LGLV","1193.28","54.33555669574140584915341200615700359159",".397","-3.179","-1.8385","1.6981","1.028","3.7335","Style Box - Large Cap Blend","Style Box - Large Cap Blend"
"Global X Lithium & Battery Tech ETF","LIT","1512.65","49.3839577571033442293185818456122705557","-.4456","-3.5353","-3.6263","-11.0541","-1.6099","42.8993","Materials  - Rare Earth/Lithium","Materials ETFs"
"Tradr 2X Long LITE Daily ETF","LITX","201.24","44.41723800195886385896180215475024485798","-1.6918","16.8556","8.8185","-16.8574","10.3591","0","Derivative Based ETF","Single Stock ETF"
"PIMCO Senior Loan Active Exchange-Traded Fund","LONZ","605.47","8.23142050799623706491063029162746942615","-.0529",".6908","-.0732","1.7308","3.4958","5.2509","Corporates - Bank Loan","High-Yield/Junk Bond ETFs"
"Innovator Deepwater Frontier Tech ETF","LOUP","209.39","59.62273991655076495132127955493741307371",".5066","-9.7594","-3.1141","-7.8722","16.6011","20.1634","Technology  - broad","Technology ETFs"
"iShares Interest Rate Hedged Corporate Bond ETF","LQDH","572.76","42.15686274509803921568627450980392156863",".0974",".7213",".0649",".6063","3.6987","5.1487","Corporates - Investment Grade","Investment Grade Corporate Bond ETFs"
"AB US Large Cap Strategic Equities ETF","LRGC","1337.48","87.78718258766626360338573155985489721886",".9039","-1.7476","-.7505","4.6799","13.016","12.7202","Style Box - Large Cap Blend","Style Box - Large Cap Blend"
"ClearBridge Large Cap Growth Select ETF","LRGE","376.52","88.94475232817231331771696280637604982003",".9796","-.4833","-1.0675","4.9337","11.2292","8.99","Style Box - Large Cap Growth","Style Box - Large Cap Growth"
"iShares U.S. Equity Factor ETF","LRGF","3677.93","91.91852825229960578186596583442838370565",".8911","-.5094","-.8755","4.473","15.0513","15.5445","Style Box - All Cap Value","Style Box - All Cap Value"
"Nomura Focused Large Growth ETF","LRGG","286.85","80.59548254620123203285420944558521560575",".82","-.5158","-1.8949","7.8188","9.9069","-.5057","Style Box - Large Cap Growth","Style Box - Large Cap Growth"
"NYLIM U.S. Large Cap R&D Leaders ETF","LRND","439.7","89.47503860010293360782295419454451878538","1.0895","-1.3907","-.7119","5.877","17.8029","19.2358","Style Box - Large Cap Blend","Style Box - Large Cap Blend"
"Natixis Loomis Sayles Focused Growth ETF","LSGR","898.77","82.10023866348448687350835322195704057279",".7094","-.2098","-1.779","4.4884","6.3749","1.4059","Style Box - All Cap Growth","Style Box - All Cap Growth"
"LSV Disciplined Value ETF","LSVD","668.41","96.06265876375952582557154953429297205758","1.2066","1.1028","-.7021","6.2769","21.6193","31.7831","Style Box - Large Cap Value","Style Box - Large Cap Value"
"PIMCO 15+ Year U.S. TIPS Index ETF","LTPZ","882.08",".2610966057441253263707571801566579634465","-.6526","-1.0484","-1.953","-4.8013","-4.456","-6.611","US Treasury - TIPS","Inflation-Protected Bond ETFs"
"Franklin U.S. Low Volatility High Dividend Index ETF","LVHD","611.52","62.5254901960784313725490196078431372549",".1868","-1.8056","-1.1804",".6521","2.4638","9.3402","Style Box - Large Cap Value","Style Box - Large Cap Value"
"Franklin International Low Volatility High Dividend Index ETF","LVHI","5867.37","89.66292134831460674157303370786516853933",".5706","-.5794","-1.1451","4.3321","8.6518","27.6255","Foreign Large Value ETF","Foreign Large Value ETF"
"Roundhill Photonics & Optics ETF","LYTE","268.33","40.61930783242258652094717668488160291439","2.7699","2.2285","6.5906","0","0","0","Technology  - Semiconductors","Technology ETFs"
"Roundhill Magnificent Seven ETF","MAGS","4340.35","93.24758842443729903536977491961414790997","1.0263","2.1186",".648","7.6722","12.4537","12.7258","Derivative Based ETF","Technology ETFs"
"AllianzIM U.S. Equity Buffer10 May ETF","MAYT","236.67","94.78054567022538552787663107947805456702",".6059",".0879","-.3376","3.0808","7.187","10.9008","Derivative Based ETF","Defined Outcome"
"AllianzIM U.S. Equity Buffer20 May ETF","MAYW","452.21","94.80519480519480519480519480519480519481",".3971",".1556","-.2676","2.3151","4.7244","7.697","Derivative Based ETF","Defined Outcome"
"Regan Floating Rate MBS ETF","MBSF","249.89","48.71794871794871794871794871794871794872","-.078",".179","-.2726",".822","1.74","4.4486","Asset Backed - MBS","Mortgage-Backed Security ETFs"
"iShares MSCI China ETF","MCHI","6082.56","15.0211992731677771047849788007268322229",".303","-4.7825","-3.5513","-1.8747","-8.5555","-15.8133","Geographic - China","Asia-Pacific (Emerging) ETFs"
"Myriad Dynamic Asset Allocation ETF","MDAA","469.49","80.47989161437535653166001140901312036509",".9469","-.0589","-.8807",".8782","11.456","0","Moderate Allocation ","Total Portfolio ETFs"
"Multi-Asset Diversified Income ETF","MDIV","428.28","75.35055350553505535055350553505535055351",".0602","-.3456","-.8654","1.5406","5.2425","9.4293","Multi-Asset - Total Portfolio","Total Portfolio ETFs"
"Westwood Salient Enhanced Midstream Income ETF","MDST","299.83","85.83732057416267942583732057416267942584","-.1354","1.5198","-.0678","3.6229","7.3043","19.3477","Energy - MLP","MLP ETFs"
"State Street SPDR S&P MIDCAP 400 ETF Trust","MDY","25847.68","74.21769625033719989209603452926895063394",".8065","-4.2832","-1.8568","-1.2293","9.1859","12.8967","Style Box - Mid Cap Blend","Style Box - Mid Cap Blend"
"State Street SPDR S&P 400 Mid Cap Growth ETF","MDYG","2790.48","72.52788806957837020230667422953299300435",".872","-4.9737","-1.7541","-2.3097","8.8102","15.0377","Style Box - Mid Cap Growth","Style Box - Mid Cap Growth"
"State Street SPDR S&P 400 Mid Cap Value ETF","MDYV","2773.97","76.67605633802816901408450704225352112676",".6802","-3.4429","-1.9968",".0548","9.8986","11.3137","Style Box - Mid Cap Value","Style Box - Mid Cap Value"
"Direxion Daily META Bull 2X ETF","METU","519.98","23.60248447204968944099378881987577639752","1.0878","14.4095","9.8031","19.8727","-16.0003","-42.3574","Derivative Based ETF","Single Stock ETF"
"Roundhill Ball Metaverse ETF","METV","221.31","87.58278145695364238410596026490066225166","1.7605","6.7638",".5882","15.2809","23.6145","2.2063","Technology  - broad","Technology ETFs"
"PIMCO RAFI Dynamic Multi-Factor International Equity ETF","MFDX","465.55","93.67483296213808463251670378619153674833",".7537",".1785","-.9891","2.6263","6.996","17.1981","Foreign Large Blend ETF","Foreign Large Blend ETF"
"MFS Active Growth ETF","MFSG","376.81","85.95758354755784061696658097686375321337",".9774","-1.4441","-1.2199","2.0436","11.4252","7.6861","Style Box - Large Cap Growth","Style Box - Large Cap Growth"
"MFS Active International ETF","MFSI","1207.06","86.57587548638132295719844357976653696498",".9729","-1.6874","-1.8617","3.111","8.6764","13.894","Foreign Large Blend ETF","Foreign Large Blend ETF"
"MFS Active Value ETF","MFSV","595.11","82.76595744680851063829787234042553191489",".7923","-2.4667","-1.3153","3.8348","9.4014","13.7948","Style Box - Large Cap Value","Style Box - Large Cap Value"
"PIMCO RAFI Dynamic Multi-Factor U.S. Equity ETF","MFUS","303.07","89.3743498290979343141625798781393966414",".8689","-.75","-.6591","1.1734","12.5106","19.3204","Style Box - All Cap Blend","Style Box - All Cap Blend"
"Vanguard Morningstar Mega Cap ETF","MGC","10240.42","93.65308330328164442841687702848900108186",".8209","-.3472","-.5516","4.2225","14.4226","18.1621","Style Box - Large Cap Blend","Style Box - Large Cap Blend"
"Vanguard Morningstar Mega Cap Growth ETF","MGK","33208.83","89.88858721093530568298848422432356520925",".9092","-.1111","-.3657","3.7992","15.366","14.8814","Style Box - Large Cap Growth","Style Box - Large Cap Growth"
"American Beacon GLG Natural Resources ETF","MGNR","1293.12","88.29356145880234128770823953174245835209","-.2206","2.9401","-1.3631","5.0122","5.7937","41.0782","Materials  - Broad","Materials ETFs"
"Vanguard Morningstar Mega Cap Value ETF","MGV","13590.4","92.435973793924955330553901131625967838",".7268","-.6512","-.9765","3.9403","13.6267","23.3224","Style Box - Large Cap Value","Style Box - Large Cap Value"
"MIG Core ETF","MIGO","748.93","82.46839654025282767797737857618097139055",".7718","-3.0817","-1.2859",".8795","21.18","0","Style Box - Large Cap Blend","Style Box - Large Cap Blend"
"PIMCO Enhanced Short Maturity Active ETF","MINT","17595.77","56.60377358490566037735849056603773584906",".0497",".3231",".0597","1.0133","2.084","4.2851","Ultra short Bond ETF","Ultra short Bond ETF"
"First Trust Indxx Aerospace & Defense ETF","MISL","697.78","27.83152127386353908055817138943583597295",".6857","-10.3768","-2.1824","-9.5774","-12.0747","8.6089","Industrials  - Aerospace & Defense","Industrials ETFs"
"Global X MLP ETF","MLPA","2406.87","96.38447971781305114638447971781305114638","-.313","2.6688",".2098","8.1372","10.1299","24.1952","Energy - MLP","MLP ETFs"
"UBS ETRACS Alerian MLP Infrastructure Index ETN Series B","MLPB","240.43","98.38633127669672520170859041290934978643",".2055","3.0927",".3133","8.5651","9.5442","24.1716","Energy - MLP","MLP ETFs"
"NEOS MLP & Energy Infrastructure High Income ETF","MLPI","932.46","52.05784204671857619577308120133481646274","-.2955",".8868","-1.1715",".5049","3.8885","431.9928","Energy - MLP","MLP ETFs"
"Global X MLP & Energy Infrastructure ETF","MLPX","3656.7","87.46208291203235591506572295247724974722","-.1594","1.9262","-.6216","2.619","6.2278","27.4529","Energy - MLP","MLP ETFs"
"NYLI Merger Arbitrage ETF","MNA","260.78","86.2017804154302670623145400593471810089",".0109",".2292",".1472",".8622","1.6999","2.954","Hedge Fund - M&A","Hedge Fund ETFs"
"VanEck Morningstar Wide Moat ETF","MOAT","11687.76","68.34532374100719424460431654676258992806",".2957","-3.9894","-2.8551","5.934","7.6786","11.2679","Style Box - Large Cap Blend","Style Box - Large Cap Blend"
"VictoryShares WestEnd U.S. Sector ETF","MODL","1072.45","89.9109792284866468842729970326409495549",".6252","-.7007","-1.3295","4.7867","13.1682","15.4006","Style Box - Large Cap Blend","Style Box - Large Cap Blend"
"VanEck Agribusiness ETF","MOO","1162.99","87.86482334869431643625192012288786482335","-.3572","5.9544","-1.5371","10.9714","3.2227","17.6296","Materials  - Agribusiness","Materials ETFs"
"Monarch ProCap Index ETF","MPRO","249.34","68.57585139318885448916408668730650154799",".2753","-1.4602","-1.0037","-1.3466",".8825","6.0385","Target Outcome","Total Portfolio ETFs"
"Tradr 2X Long Innovation 100 Monthly ETF","MQQQ","251.85","74.89782688350855435609797344908255587813","1.6235","-1.5737","-1.2125","-2.8271","29.1365","32.1357","Derivative Based ETF","Leveraged Equity ETFs"
"Toews Agility Shares Managed Risk ETF","MRSK","318.83","86.51685393258426966292134831460674157303",".4601","-1.0972","-.9327","3.2852","7.4181","11.2953","Target Outcome","Total Portfolio ETFs"
"Morgan Stanley Bitcoin Trust ETF","MSBT","513.98","79.72972972972972972972972972972972972973",".2488","21.8252","-3.2314","21.6914","0","0","Digital Economy ETF","Digital Economy ETF"
"Direxion Daily MSFT Bull 2X ETF","MSFU","533.26","47.38276990185387131952017448200654307525","1.1401","-4.0433","-1.7923","51.4322","34.3373","-18.4035","Derivative Based ETF","Single Stock ETF"
"Morgan Stanley Pathway Large Cap Equity ETF","MSLC","4010.17","88.40644583706356311548791405550581915846",".8113","-1.3182","-.9598","3.9052","12.4347","13.8282","Style Box - Large Cap Blend","Style Box - Large Cap Blend"
"AdvisorShares Pure US Cannabis ETF","MSOS","951.34","47.56756756756756756756756756756756756757","-1.6563","2.5918","-7.045","-9.8672","23.3766","8.4475","Derivative Based ETF","Marijuana ETFs"
"Morgan Stanley Pathway Small Mid Cap Equity ETF","MSSM","695.16","74.9233186204832797187102566020797486347",".7305","-4.2433","-2.2843","-1.8013","11.7989","18.1773","Style Box - All Cap Blend","Style Box - All Cap Blend"
"T-Rex 2X Long MSTR Daily Target ETF","MSTU","519.87","2.81389933727386709654307719863872469998","3.5763","64.3784","-16.5935","-8.4036","-43.6852","-93.8441","Derivative Based ETF","Single Stock ETF"
"Defiance Daily Target 2x Long MSTR ETF","MSTX","268.5","2.82386850510243826439199189841863363714","3.3948","66.5874","-16.5575","-8.0105","-43.5081","-93.8255","Derivative Based ETF","Single Stock ETF"
"YieldMax MSTR Option Income Strategy ETF","MSTY","910.64","4.53433136605729091694256513602994098172","4.0396","22.4042","-6.6494","-8.7135","-35.978","-60.6958","Derivative Based ETF","Single Stock ETF"
"iShares MSCI USA Momentum Factor ETF","MTUM","24327.79","66.6404543468763652249890782000873743993","1.2832","-.4216",".7151","-3.64","23.6461","21.6308","Strategy - Momentum","Style Box - Large Cap Growth"
"GraniteShares 2x Long MU Daily ETF","MULL","699.56","49.39693087752319127278314479420746346054","-1.1759","20.585","-8.4241","-26.7565","220.701","1733.6021","Derivative Based ETF","Single Stock ETF"
"Direxion Daily MU Bull 2X ETF","MUU","3834.26","49.54148398540781150640918370762073697246","-1.1013","20.9777","-8.2336","-26.3899","226.8398","1760.0619","Derivative Based ETF","Single Stock ETF"
"GraniteShares 2x Long MRVL Daily ETF","MVLL","402.71","35.06180685846454322126985923504308850011","8.1919","15.4331","10.6833","-45.944","291.4553","482.1272","Derivative Based ETF","Single Stock ETF"
"iShares Global Materials ETF","MXI","395.83","78.8992628992628992628992628992628992629",".4906","-.7485","-2.8137","2.8482","5.7011","23.7576","Materials  - Broad","Materials ETFs"
"Direxion Daily Homebuilders & Supplies Bull 3X ETF","NAIL","463.99","2.37623762376237623762376237623762376238","4.5376","-31.09","-13.8527","-30.6247","-32.0605","-67.007","Derivative Based ETF","Leveraged Equity ETFs"
"Tidal Trust Subversive Congressional Democrats Trading ETF","NANC","287.36","88.27527612574341546304163126593033135089",".9044","-1.1918","-1.1099","4.5001","16.2664","15.9774","Geographic - Global Total Market","Broad Developed World ETFs"
"State Street SPDR S&P North American Natural Resources ETF","NANR","847.94","95.07256159298008774890313871076611542356",".1237","4.733","-.5865","13.5203","9.4558","43.9881","Materials  - Broad","Materials ETFs"
"Innovator Growth-100 Power Buffer ETF - April","NAPR","210.46","99.32810750279955207166853303471444568869",".3376",".8222","-.0894","2.5513","10.943","15.1921","Derivative Based ETF","Defined Outcome"
"Tema Space Innovators ETF","NASA","1029.89","13.58313817330210772833723653395784543326","1.7361","-8.1864","-.3401","-33.4847","0","0","Industrials  - Aerospace & Defense","Industrials ETFs"
"Neuberger Commodity Strategy ETF","NBCM","534.65","96.43792561550550026191723415400733368256","-1.0628","7.2518","1.9652","13.0357","13.6445","37.1317","Basket - Broad","Broad Commodity ETFs"
"Neuberger Core Equity ETF","NBCR","836.71","87.91190594469282993873157807584037092234",".7656","-1.2609","-1.0411","3.3213","11.0642","11.6039","Style Box - Large Cap Blend","Style Box - Large Cap Blend"
"Neuberger International Core Equity ETF","NBIE","243.26","84.66981132075471698113207547169811320755","1.0045","-1.5591","-1.8509","3.4286","0","0","Geographic - Global ex-US","Broad Developed World ETFs"
"Neuberger Option Strategy ETF","NBOS","532.42","92.81655844155844155844155844155844155844",".3173",".5463","-.5245","4.5593","7.6583","15.0075","Derivative Based ETF","Hedge Fund ETFs"
"Northern Trust STOXX Global Broad Infrastructure ETF","NFRA","3076.64","81.86197916666666666666666666666666666667",".5595",".6976",".3606","1.4014","2.9177","10.3918","Geographic - Global Total Market","Utilities/Infrastructure ETFs"
"Nuveen High Yield Corporate Bond ETF","NHYB","1764.73","2.82902829028290282902829028290282902829","0","-.1757","-.6515",".3743","2.0715","0","Corporates - Junk/High Yield","High-Yield/Junk Bond ETFs"
"NEOS MSCI EAFE High Income ETF","NIHI","202.84","86.016",".896","-.2795","-1.203","4.4808","9.7227","0","Geographic - EAFE","Derivative Based ETF"
"Innovator Growth-100 Power Buffer ETF - January","NJAN","352.56","99.65649359228431761130928788479323556612",".4318",".8351","-.0433","2.7796","9.5128","14.039","Derivative Based ETF","Defined Outcome"
"Innovator Growth-100 Power Buffer ETF - July","NJUL","275.9","91.76793414347314778518228145825166601333",".5089",".2081","-.3493",".0572","5.3906","9.4503","Derivative Based ETF","Defined Outcome"
"VanEck Uranium and Nuclear ETF","NLR","4111.28","17.05853737635803470082698232527971461002","-3.9124","-5.0008","-5.6107","-6.3833","-19.7704","-5.7831","Strategy - Socially Responsible","Alternative Energy ETFs"
"ProShares S&P 500 Dividend Aristocrats ETF","NOBL","11392.65","67.2433679354094579008073817762399077278",".2675","-3.7981","-2.5477","2.1755","4.6335","9.2506","Strategy - Dividend Growth","Style Box - Large Cap Value"
"Innovator Growth-100 Power Buffer ETF - October","NOCT","226.74","100",".3731","1.1854",".086","3.5001","10.7421","13.38","Derivative Based ETF","Defined Outcome"
"Northern Trust US Equity ETF","NOEQ","887.15","92.04741379310344827586206896551724137931",".9323","-.1992","-.5451","4.0988","0","0","Style Box - All Cap Blend","Style Box - All Cap Blend"
"NPF Core Equity ETF","NPFE","646.32","82.91079812206572769953051643192488262911",".8146","-2.6216","-1.8114","5.2651","0","0","Style Box - All Cap Blend","Style Box - All Cap Blend"
"WisdomTree International Efficient Core Fund","NTSI","490.26","80.69321982365460626330191547582851930678",".7913","-1.9481","-1.9522","1.846","6.9112","14.0334","Moderate Allocation","Total Portfolio ETFs"
"WisdomTree U.S. Efficient Core Fund","NTSX","1367.1","85.89494163424124513618677042801556420233","1.0884","-1.3116","-1.2625","2.1773","9.6842","12.6843","Target Outcome","Total Portfolio ETFs"
"Nuveen Dividend Growth Fund: ETF Class Shares","NUDG","6061.3","52.76566444801468900619692448932751893505",".9787","-2.6886","-.4901","3.1046","0","0","Style Box - Large Cap Blend","Style Box - Large Cap Blend"
"Nuveen ESG International Developed Markets Equity ETF","NUDM","723.24","82.32758620689655172413793103448275862069",".8213","-1.9603","-2.0077","2.9872","8.8393","15.2331","Strategy - Socially Responsible","Broad Developed World ETFs"
"Nuveen ESG Emerging Markets Equity ETF","NUEM","417.16","89.21949115998275118585597240189736955584","1.3343","4.2915","-1.1979","3.9923","15.6461","26.0204","Strategy - Socially Responsible","Broad Emerging Market ETFs"
"Nuveen Growth Opportunities ETF","NUGO","2407.03","83.27464788732394366197183098591549295775",".8663","-2.2813","-1.1617","2.2028","13.0215","10.1387","Style Box - Large Cap Growth","Style Box - Large Cap Growth"
"Direxion Daily Gold Miners Index Bull 2X ETF","NUGT","1217.81","38.21403260099220411055988660524450744153","2.0777","12.9333","-4.7381","44.4613","-22.668","41.332","Derivative Based ETF","Leveraged Equity ETFs"
"Range Nuclear Renaissance Index ETF","NUKZ","742.34","23.92372333548804137039431157078215901745","-.4002","-4.4881","-1.8858","-4.133","-7.7151","6.0214","Energy - Nuclear Power","Energy ETFs"
"Nuveen ESG Large-Cap Growth ETF","NULG","2940.36","76.44862846940431748092842071092355137153",".5066","-4.4843","-2.0628","-.5728","16.5548","11.4896","Strategy - Socially Responsible","Style Box - Large Cap Growth"
"Nuveen ESG Large-Cap Value ETF","NULV","2506.61","94.74381625441696113074204946996466431095","1.0273","-.3069","-.5843","6.5295","15.681","25.3051","Strategy - Socially Responsible","Style Box - Large Cap Value"
"Nuveen ESG Mid-Cap Growth ETF","NUMG","343.9","61.79079843201980606560759232514957705797","1.1271","-5.7467","-1.6971","-.3267","7.0409","-7.2632","Strategy - Socially Responsible","Style Box - Mid Cap Growth"
"Nuveen ESG Mid-Cap Value ETF","NUMV","439.59","79.14691943127962085308056872037914691943",".823","-3.2895","-1.5185","2.0597","12.0996","13.8065","Strategy - Socially Responsible","Style Box - Mid Cap Value"
"Nuveen ESG Small-Cap ETF","NUSC","1257.45","72.32704402515723270440251572327044025157",".7831","-4.5999","-2.2019","-.8103","9.8009","14.4283","Strategy - Socially Responsible","Style Box - Small Cap Growth"
"GraniteShares 2x Long NVDA Daily ETF","NVDL","3653.5","56.64628410159924741298212605832549388523","-.1772","-1.4864","-10.321","6.5809","21.0602","18.7924","Derivative Based ETF","Single Stock ETF"
"Direxion Daily NVDA Bull 2X ETF","NVDU","502.02","56.15067686874632136550912301353737492643","-.0668","-1.2755","-10.1355","6.9474","21.2197","18.2188","Derivative Based ETF","Single Stock ETF"
"T-REX 2X Long NVIDIA Daily Target ETF","NVDX","413.61","54.35684647302904564315352697095435684647","-.3135","-1.7508","-10.2118","5.531","18.2889","9.1533","Derivative Based ETF","Single Stock ETF"
"YieldMax NVDA Option Income Strategy ETF","NVDY","1373.32","14.03197158081705150976909413854351687389",".9806","1.0918","-3.9206","7.2289","9.2194","20.0025","Derivative Based ETF","Single Stock ETF"
"First Trust Indxx NextG ETF","NXTG","563.98","82.66738823246444785183848952226331138571","2.3755","2.7179",".8896",".9655","35.3772","52.7397","Technology  - Telecom","Technology ETFs"
"Nuveen International Aggregate Bond ETF","NXUS","3929.31","3.46320346320346320346320346320346320346",".1647","-1.2348","-.7143","-1.6263","-.9796","0","Total Bond Market - Broad","Total Bond Market ETFs"
"OneAscent International Equity ETF","OAIM","386.13","96.24436654982473710565848773159739609414","1.5303","3.1386","-.7641","3.2326","10.9896","22.3311","Foreign Large Blend ETF","Foreign Large Blend ETF"
"Oakmark U.S. Large Cap ETF","OAKM","1138.43","83.59497645211930926216640502354788069074",".8277",".8277","-2.1883","10.7882","13.4587","15.5692","Style Box - Large Cap Value","Style Box - Large Cap Value"
"OneAscent Large Cap Core ETF","OALC","262.83","86.66666666666666666666666666666666666667",".9632","-1.8792","-1.1204","3.1674","16.5707","19.5052","Style Box - Large Cap Blend","Style Box - Large Cap Blend"
"AllianzIM U.S. Equity Buffer20 Oct ETF","OCTW","315.84","100",".2878",".6863",".012","3.018","7.2454","9.5781","Derivative Based ETF","Defined Outcome"
"iShares S&P 100 ETF","OEF","20161.34","94.78386545788989620286427539088161870976",".8351","-.1234","-.4814","4.8251","14.5545","17.253","Style Box - Large Cap Blend","Style Box - Large Cap Blend"
"VanEck Oil Services ETF","OIH","2059.31","84.27672955974842767295597484276729559748",".1071","1.293","-1.6046","-1.2233","9.2593","63.5619","Energy - Equipment and services","Energy ETFs"
"ProShares K-1 Free Crude Oil ETF","OILK","244","83.91551584077985377741673436230706742486","-.7157","11.2655","4.3287","9.0941","23.0703","59.5292","Energy -  Crude Oil","Energy ETFs"
"VistaShares Target 15 Berkshire Select Income ETF","OMAH","1102.01","26.66666666666666666666666666666666666667",".9372",".2142",".1093","2.1701","8.3672","8.3579","Derivative Based ETF","Derivative Based ETF"
"Invesco Russell 1000 Dynamic Multifactor ETF","OMFL","4698.67","88.54314002828854314002828854314002828854",".8525","-1.704","-1.035","3.1836","13.1646","17.4203","Style Box - Large Cap Growth","Style Box - Large Cap Growth"
"Invesco Russell 2000 Dynamic Multifactor ETF","OMFS","276.02","81.56462585034013605442176870748299319728",".2938","-3.2633","-2.0595",".4616","13.4559","18.272","Style Box - Small Cap Blend","Style Box - Small Cap Blend"
"Fidelity Nasdaq Composite Index ETF","ONEQ","10647.04","88.26366559485530546623794212218649517685",".8846","-.3648","-.651","2.1858","16.5186","20.3503","Style Box - Large Cap Growth","Style Box - Large Cap Growth"
"State Street SPDR Russell 1000 Low Volatility Focus ETF","ONEV","278.36","73.3245671707210168748630287091825553364",".5532","-2.9026","-2.2234","2.2642","7.6865","9.8451","Style Box - Large Cap Blend","Style Box - Large Cap Blend"
"State Street SPDR Russell 1000 Yield Focus ETF","ONEY","652.53","82.87264833574529667149059334298118668596",".4739","-1.7603","-1.987","1.7048","10.2816","17.0616","Style Box - Large Cap Value","Style Box - Large Cap Value"
"TrueShares Seasonality Laddered Buffered ETF","ONEZ","345.33","87.47099767981438515081206496519721577726",".6438","-.8011","-.766","2.1575","9.1845","6.4192","Derivative Based ETF","Defined Outcome"
"WisdomTree European Opportunities Fund","OPPE","294.53","95.05039011703511053315994798439531859558",".6622","-.2249","-.8197","5.3017","14.3541","26.3505","Geographic - Broad Europe","European Equity ETFs"
"WisdomTree Japan Opportunities Fund","OPPJ","337.43","97.19771405654702225787046320433126127933","2.2433","4.2114","1.3157","5.1045","12.3051","46.675","Geographic - Japan","Asia-Pacific (Developed) ETFs"
"Optimize Strategy Index ETF","OPTZ","265.79","74.69214437367303609341825902335456475584",".8473","-1.9487","-1.54","-2.073","22.3194","32.0415","Style Box - All Cap Blend","Style Box - All Cap Blend"
"Defiance Daily Target 2X Long ORCL ETF","ORCX","237.32","5.6402216228425654039833650000664337058","-3.9073","3.4196","-10.8722","-39.9195","-33.1601","-84.7584","Derivative Based ETF","Single Stock ETF"
"Militia Long/Short Equity ETF ","ORR","351.77","92.43439736453481767579234351925479950017","1.2852","-.3999","-.8472","8.9263","5.3525","21.4112","Derivative Based ETF","Long-Short ETFs"
"Opus Small Cap Value Plus ETF","OSCV","647.25","71.04136947218259629101283880171184022825",".4387","-4.1182","-1.3879","1.6407","5.119","7.5553","Style Box - Small Cap Value","Style Box - Small Cap Value"
"Harbor International Compounders ETF","OSEA","427.76","48",".4068","-4.3436","-2.3087","-1.953","-1.4637","1.6467","Foreign Large Growth ETF","Foreign Large Growth ETF"
"VanEck Merk Gold Trust","OUNZ","2791.56","39.71377459749552772808586762075134168157",".5535","-.5475","-1.9709","3.288","-16.2054","19.3033","Precious Metals - Gold","Precious Metals ETFs"
"ALPS OShares U.S. Quality Dividend ETF","OUSA","724.91","75.61885806692374673466849110585893767882",".9492","-1.897","-1.3643","4.2652","6.6344","8.8427","Style Box - Large Cap Value","Style Box - Large Cap Value"
"ALPS O'Shares U.S. Small-Cap Quality Dividend ETF","OUSM","824.76","75.36407766990291262135922330097087378641",".8135","-2.6391","-1.8082","4.2786","9.569","7.8213","Style Box - Small Cap Blend","Style Box - Small Cap Blend"
"Overlay Shares Large Cap Equity ETF","OVL","429.37","83.65287588294651866801210898082744702321","1.3523","-.8895","-.6454","4.0366","14.0794","19.4967","Style Box - Large Cap Blend","Style Box - Large Cap Blend"
"PGIM AAA CLO ETF","PAAA","12727.93","66.66666666666666666666666666666666666667",".0389",".4832",".0973","1.2458","2.641","4.8028","Asset Backed - MBS","Mortgage-Backed Security ETFs"
"iShares Paris-Aligned Climate Optimized MSCI World ex USA ETF","PABD","329.12","78.92293407613741875580315691736304549675",".8696","-2.3542","-2.0533","1.6123","7.7887","14.1775","Foreign Large Blend ETF","Foreign Large Blend ETF"
"iShares Paris-Aligned Climate Optimized MSCI USA ETF","PABU","2503.56","85.26360751769587503051012936294849890164",".9639","-.4142","-.704","2.9839","13.2514","11.2889","Strategy - Socially Responsible","Style Box - All Cap Blend"
"Pacer Lunt Large Cap Multi-Factor Alternator ETF","PALC","204.45","67.08239222233133654129431405283315329471",".6891","-2.5366","-2.0868","-.7251","6.1388","10.4347","Style Box - Large Cap Growth","Style Box - Large Cap Growth"
"abrdn Physical Palladium Shares ETF","PALL","689.64","16.34591660498396249691586479151245990624","1.6789","-4.6427","-6.6772","1.7665","-20.8657","8.6377","Precious Metals - Palladium","Precious Metals ETFs"
"Parametric Equity Premium Income ETF","PAPI","483.21","70.40498442367601246105919003115264797508",".7326","-.671","-1.2213","5.0325","4.3119","12.3542","Derivative Based ETF","Style Box - Large Cap Value"
"Innovator U.S. Equity Power Buffer ETF - April","PAPR","962.43","97.24208375893769152196118488253319713994",".2799",".397","-.2274","2.6014","8.8354","12.4215","Derivative Based ETF","Defined Outcome"
"Pacer Nasdaq International Patent Leaders ETF","PATN","290.71","80.87334212363297913596525246257659194912","1.3605",".6519","-.9281","-1.4693","20.4027","43.9751","Foreign Large Blend ETF","Foreign Large Blend ETF"
"Innovator U.S. Equity Power Buffer ETF - August","PAUG","1032.13","94.68302658486707566462167689161554192229",".4091","-.0214","-.4058","3.0497","7.6408","10.55","Derivative Based ETF","Defined Outcome"
"Global X U.S. Infrastructure Development ETF","PAVE","13457.93","59.18508287292817679558011049723756906077","1.3493","-7.8705","-1.9579","-5.2419","4.2376","15.6366","Utilities  - Infrastructure","Utilities/Infrastructure ETFs"
"Putnam BDC Income ETF","PBDC","298.44","19.65811965811965811965811965811965811966",".4748","-3.1338","-2.4468","3.4685","6.946","-9.5747","Financials - BDCs/PE","Financials ETFs"
"Invesco Biotechnology & Genome ETF","PBE","405.61","81.15022181924160487030860399598458599139","-.129","-1.0648","-4.8414","10.4961","19.8608","32.2222","Healthcare - Biotech","Health Care ETFs"
"Portfolio Building Block European Banks Index ETF","PBEU","463.58","98.7745574790896712701808986578486675744","1.6596","1.312","-.2539","16.5919","28.0607","0","Financials - Banking","Financials ETFs"
"PGIM Laddered S&P 500 Buffer 20 ETF","PBFR","222.37","98.22064056939501779359430604982206405694",".3537",".3666","-.096","2.6307","6.6644","9.71","Derivative Based ETF","Defined Outcome"
"Portfolio Building Block Integrated Oil & Gas and Exp and Prod Index ETF","PBOG","486.57","100",".0028","6.0471","2.8559","12.2746","12.1703","0","Energy - Exploration","Energy ETFs"
"Invesco S&P 500 BuyWrite ETF","PBP","380.45","92.78350515463917525773195876288659793814",".6552",".8171","-.0856","5.7614","8.4631","16.9812","Derivative Based ETF","Style Box - Large Cap Blend"
"Portfolio Building Block World Pharma and Biotech Index ETF","PBPH","1011.07","64.45868945868945868945868945868945868946","-.1472","-.5864","-4.1506","6.6145","6.8398","0","Healthcare - Broad","Health Care ETFs"
"Invesco 0-5 Yr US TIPS ETF","PBTP","238.92","5.46697038724373576309794988610478359909","-.3114","-.292","-.4857","-.4033",".5325","1.6979","US Treasury - TIPS","Inflation-Protected Bond ETFs"
"Invesco MSCI USA ETF","PBUS","11532.23","90.68660774983004758667573079537729435758",".8418","-.8278","-.7765","3.9704","13.7233","17.0801","Style Box - All Cap Blend","Style Box - All Cap Blend"
"Invesco WilderHill Clean Energy ETF","PBW","380.69","23.78896882494004796163069544364508393285",".8104","-11.1682","-2.1705","-21.0791","-5.0527","24.7413","Strategy - Socially Responsible","Alternative Energy ETFs"
"Invesco CEF Income Composite ETF","PCEF","796.01","73.09417040358744394618834080717488789238",".2508","-1.7351","-1.284","1.6205","6.4699","6.7025","Strategy - CEFs/OET","Convertibles/CEFs/OET/Preferred Stock ETFs"
"BondBloxx Private Credit CLO ETF","PCMM","209.15","51.25",".0261",".6902",".2112","1.7395","3.2935","4.9485","Asset Backed - MBS","Mortgage-Backed Security ETFs"
"Invesco Emerging Markets Sovereign Debt ETF","PCY","1287.12","8.78378378378378378378378378378378378378","-.1927","-1.3575","-1.5209","-2.8994","-.5796","1.6949","Sovereign - Broad Market","Emerging Market Bond ETFs"
"Invesco Agriculture Commodity Strategy No K-1 ETF","PDBA","357.77","87.43819813221021790880791063907709210767","-1.0486","4.9932",".1035","10.3852","8.5883","6.16","Agriculture - Broad","Agricultural ETFs"
"Invesco Optimum Yield Diversified Commodity Stratgy No K-1 ETF","PDBC","7920.75","96.2264150943396226415094339622641509434","-1.2968","10.4969","4.1031","14.7912","18.0788","49.4713","Basket - Broad","Broad Commodity ETFs"
"Innovator U.S. Equity Power Buffer ETF - December","PDEC","985.79","98.07097361237488626023657870791628753412",".5651",".4576","-.1488","3.3524","8.6586","12.888","Derivative Based ETF","Defined Outcome"
"Invesco RAFI Developed Markets ex-U.S. Small-Mid ETF","PDN","357.86","91.94982340762391913287053952015588844233",".9021",".2847","-1.3811","3.2228","7.5689","16.7393","Foreign Small/Mid Value ETF","Foreign Small/Mid Value ETF"
"Invesco Dorsey Wright Momentum ETF","PDP","1444.95","61.61945854105653797142921016744539581051","1.4712","-1.6402","-.1014","-5.7109","9.1414","17.2353","Strategy - Alpha-Seeking","Style Box - All Cap Growth"
"Invesco Leisure and Entertainment ETF","PEJ","354.49","55.30474040632054176072234762979683972912","1.0896","-6.4016","-2.6239","-2.8463","7.2889","2.4956","Consumer Discretionary - Leisure and Entertainment","Consumer Discretionary ETFs"
"Invesco High Yield Equity Dividend Achievers ETF","PEY","1118.43","76.81440932368002825357584319265407028077",".2595","-3.1881","-3.1541","4.6885","16.7886","16.8364","Style Box - All Cap Value","Style Box - All Cap Value"
"Innovator U.S. Equity Power Buffer ETF - February","PFEB","924.64","98.12108559498956158663883089770354906054",".5255",".4796","-.1135","2.9842","7.9225","11.6468","Derivative Based ETF","Defined Outcome"
"iShares Preferred and Income Securities ETF","PFF","12729.76","8.33333333333333333333333333333333333333",".6006","-.957","-.6917","-1.4143","-.1225","-.8011","Corporates - Convertible","Convertibles/CEFs/OET/Preferred Stock ETFs"
"Virtus InfraCap U.S. Preferred Stock ETF","PFFA","2485.74","16.2037037037037037037037037037037037037","0","-.5619","-1.6221",".1303","1.619","1.8868","Corporates - Convertible","Convertibles/CEFs/OET/Preferred Stock ETFs"
"Global X U.S. Preferred ETF","PFFD","2110.77","6.14525139664804469273743016759776536313",".6108","-1.8848","-.7667","-1.8647","-.5842","-2.1277","Corporates - Convertible","Convertibles/CEFs/OET/Preferred Stock ETFs"
"Global X Variable Rate Preferred ETF","PFFV","312.32","1.89873417721518987341772151898734177215",".0917","-.1364","-.456",".3278","1.4193","1.5487","Corporates - Floating Rate","Convertibles/CEFs/OET/Preferred Stock ETFs"
"AAM Low Duration Preferred & Income Securities ETF","PFLD","397.08","27.89373814041745730550284629981024667932",".5679",".2048","-.0718",".7139","1.9623","4.2144","Corporates - Convertible","Convertibles/CEFs/OET/Preferred Stock ETFs"
"Invesco Dividend Achievers ETF","PFM","786.37","81.0706744503788349273382188548006458825",".6859","-2.2249","-1.0003","2.6964","8.8133","12.5166","Style Box - Large Cap Value","Style Box - Large Cap Value"
"VanEck Preferred Securities ex Financials ETF","PFXF","2375.31","43.08510638297872340425531914893617021277","1.1312","-.269","-.1675","-1.2597","1.9817","5.6888","Corporates - Convertible","Convertibles/CEFs/OET/Preferred Stock ETFs"
"Invesco Financial Preferred ETF","PGF","639.92","1.94444444444444444444444444444444444444",".2664","-1.9348","-.9398","-2.6471","-4.1586","-5.5725","Corporates - Convertible","Convertibles/CEFs/OET/Preferred Stock ETFs"
"Invesco Global ex-US High Yield Corporate Bond ETF","PGHY","226.44","23.52941176470588235294117647058823529412",".0461","-.3488","-.5094",".1456","2.2912","3.3871","Corporates - Junk/High Yield","High-Yield/Junk Bond ETFs"
"Putnam Focused Large Cap Growth ETF","PGRO","209.51","75.23892267593397046046915725456125108601",".8078","-1.2859","-.7781",".1889","9.6921","6.3528","Style Box - Large Cap Growth","Style Box - Large Cap Growth"
"Invesco Preferred ETF","PGX","3659.64","1.36986301369863013698630136986301369863",".1921","-1.7038","-.572","-3.024","-4.3094","-5.9299","Corporates - Convertible","Convertibles/CEFs/OET/Preferred Stock ETFs"
"Invesco Water Resources ETF","PHO","1918.89","41.49139579349904397705544933078393881453",".617","-6.2166","-2.9199","3.3481",".3819","-4.7639","Industrials  - Water","Industrials ETFs"
"iShares Physical Metals PLC","PHYMF","35925.41","40.4742237986492395899130265779116660998",".0907","-.2455","-1.3806","5.0009","0","0","Precious Metals - Gold","Precious Metals ETFs"
"Invesco International Corporate Bond ETF","PICB","350.75","5.74382538770821367030442274554853532453",".1751","-1.0051","-1.0804","-1.4441","-1.1856","-1.2966","International - Corporate","Investment Grade Corporate Bond ETFs"
"iShares MSCI Global Metals & Mining Producers ETF","PICK","2543.05","79.04618850920015020653398422831393165603",".1423","-.5338","-2.6283",".176","8.6973","52.6281","Base Metals - Broad","Materials ETFs"
"Invesco International Dividend Achievers ETF","PID","886.23","50.93632958801498127340823970037453183521",".3133","-2.1526","-2.1782","-1.2006",".4402","8.5392","Foreign Large Value ETF","Foreign Large Value ETF"
"Invesco Dorsey Wright Emerging Markets Momentum ETF","PIE","248.59","93.70350690754516471838469713071200850159",".6503","3.24","-1.7695","6.1486","26.4417","40.3948","Geographic - Broad Emerging Markets","Broad Emerging Market ETFs"
"Principal International Equity ETF","PIEQ","1374.65","88.88888888888888888888888888888888888889","1.0592",".4089","-1.3156","2.7336","3.5132","18.8936","Foreign Large Blend ETF","Foreign Large Blend ETF"
"Simplify Health Care ETF","PINK","366.32","82.2422258592471358428805237315875613748",".3371","-3.828","-2.5981","4.2519","11.4655","24.5681","Healthcare - Broad","Health Care ETFs"
"Invesco Global Water ETF","PIO","262.73","16.60969546302050963331261653200745804848",".4365","-5.5006","-2.2395",".0809","-2.9592","-3.4223","Industrials  - Water","Industrials ETFs"
"VanEck Commodity Strategy ETF","PIT","432.78","97.10177416255684365592775251393069877666","-1.0769","9.1805","3.5243","17.6312","20.7144","64.0458","Basket - Broad","Broad Commodity ETFs"
"Invesco Dorsey Wright Developed Markets Momentum ETF","PIZ","672.9","59.47436978009347942686384185119914182821","1.1141",".8592","-.4315","-1.1469","5.6543","15.0241","Foreign Large Growth ETF","Foreign Large Growth ETF"
"Innovator U.S. Equity Power Buffer ETF - January","PJAN","1417.22","96.33699633699633699633699633699633699634",".3969",".4168","-.1382","3.0556","7.9138","11.2113","Derivative Based ETF","Defined Outcome"
"Invesco Pharmaceuticals ETF","PJP","545.1","81.77649046584600531016171856142891624427","-.5179","-.5211","-3.9179","9.2536","18.2177","33.6555","Healthcare - Pharma","Health Care ETFs"
"Innovator U.S. Equity Power Buffer ETF - July","PJUL","1289.34","93.97463002114164904862579281183932346723",".496","-.1308","-.3913","2.2765","6.4658","9.6158","Derivative Based ETF","Defined Outcome"
"Innovator U.S. Equity Power Buffer ETF - June","PJUN","874.6","93.23615160349854227405247813411078717201",".59","-.1067","-.3444","2.6079","4.5094","7.5501","Derivative Based ETF","Defined Outcome"
"Invesco Building & Construction ETF","PKB","297.57","23.51459416233506597361055577768892443023","1.9905","-10.0095","-2.6373","-9.2546","-4.2753",".9952","Industrials  - Engineering and Construction","Industrials ETFs"
"Invesco BuyBack Achievers ETF","PKW","1757.86","88.31124117748321569977620933034945773799",".8775",".7115","-1.5365","8.8706","13.7585","14.6547","Style Box - Large Cap Value","Style Box - Large Cap Value"
"Direxion Daily PLTR Bull 2X ETF","PLTU","391.58","22.6611616777704794970441963028995026743","1.582","-11.1306","-8.1402","39.5369","-6.181","-25.2142","Derivative Based ETF","Single Stock ETF"
"YieldMax PLTR Option Income Strategy ETF","PLTY","371.5","18.88834235120511559272011805213969503197","1.0204","-3.9637","-3.9725","24.1379","5.3248","4.4311","Derivative Based ETF","Single Stock ETF"
"Innovator U.S. Equity Power Buffer ETF - March","PMAR","742.74","97.42911153119092627599243856332703213611",".4099",".4306","-.2782","2.7921","7.3893","11.6445","Derivative Based ETF","Defined Outcome"
"Innovator U.S. Equity Power Buffer ETF - May","PMAY","807.25","95.32581798185317569425350563651361011823",".465",".1902","-.2958","2.8313","5.5625","8.863","Derivative Based ETF","Defined Outcome"
"iShares Prime Money Market ETF","PMMF","736.02","36.95652173913043478260869565217391304348",".005",".3038",".0392",".9264","1.8075","3.7293","Ultra short Bond ETF","Money Market/Ultra-Short Term ETFs"
"Innovator U.S. Equity Power Buffer ETF - November","PNOV","884.2","97.21706864564007421150278293135435992579",".5977",".4421","-.2524","3.4844","8.995","11.2635","Derivative Based ETF","Defined Outcome"
"Invesco NASDAQ Internet ETF","PNQI","524.25","57.80566915808771682414328021435622620223","1.0701","-1.6969","-2.0098","11.5487","7.9569","-7.5905","Technology  - Internet","Technology ETFs"
"Innovator U.S. Equity Power Buffer ETF - October","POCT","942.66","100",".3378",".6992","0","3.3036","8.3181","10.9736","Derivative Based ETF","Defined Outcome"
"iShares U.S. Power Infrastructure ETF","POWR","457.01","48.6055776892430278884462151394422310757",".707","-4.5421","-.4658","-3.7109","-1.4744","0","Utilities  - Infrastructure","Utilities/Infrastructure ETFs"
"Invesco Aerospace & Defense ETF","PPA","7674.08","39.75171015961489739042310615657461363061",".7033","-12.0932","-2.0402","-8.1523","-8.9881","8.5222","Industrials  - Aerospace & Defense","Industrials ETFs"
"VanEck Pharmaceutical ETF","PPH","1001.54","73.55708908406524466750313676286072772898","-.146","-2.3032","-4.1765","2.6724","4.5916","23.8489","Healthcare - Pharma","Health Care ETFs"
"abrdn Physical Platinum Shares ETF","PPLT","2175.13","30.17912772585669781931464174454828660436",".806","3.0418","-1.4545","4.0307","-17.7209","28.7513","Precious Metals - Platinum","Precious Metals ETFs"
"Principal Spectrum Preferred Securities Active ETF","PREF","1877.98","1.5625",".0536","-.4865","-.6922","-.2716",".5304","3.1283","Corporates - Convertible","Convertibles/CEFs/OET/Preferred Stock ETFs"
"Invesco RAFI US 1000 ETF","PRF","9968.65","95.3263497179693795326349717969379532635",".8652","-.0357","-.6568","4.7691","16.4118","25.9061","Style Box - Large Cap Value","Style Box - Large Cap Value"
"Invesco RAFI US 1500 Small-Mid ETF","PRFZ","2732.89","77.07978421351504826802952867688813174333",".6742","-4.2627","-2.2054","2.4026","15.0465","17.9374","Style Box - Small Cap Blend","Style Box - Small Cap Blend"
"Invesco Dorsey Wright Industrials Momentum ETF","PRN","362.66","40.9762898275711837659382896533028686501","2.8781","-8.2433",".6583","-16.6999","1.4141","20.2069","Industrials  - Broad","Industrials ETFs"
"Principal U.S. Small-Cap ETF","PSC","2687.36","83.90036092538903023489734335246435122182",".4132","-2.4768","-1.6209","1.9511","17.2859","19.7695","Style Box - Small Cap Blend","Style Box - Small Cap Blend"
"Invesco S&P SmallCap Information Technology ETF","PSCT","481.61","68.1845560775810143356222141910613179135","2.295","-3.359","1.1609","-7.0122","30.4764","56.0129","Technology  - broad","Technology ETFs"
"Innovator U.S. Equity Power Buffer ETF - September","PSEP","1031.97","93.85593220338983050847457627118644067797",".4722",".3","-.4043","2.4087","7.0922","9.7281","Derivative Based ETF","Defined Outcome"
"Pacer Swan SOS Fund of Funds ETF","PSFF","602.12","97.83197831978319783197831978319783197832",".5595",".5768","-.114","3.0276","8.2124","11.3052","Derivative Based ETF","Defined Outcome"
"Invesco Semiconductors ETF","PSI","2572.14","59.87993996998499249624812406203101550775","2.7055","-3.7614","2.7206","-14.2845","47.0732","108.2377","Technology  - Semiconductors","Technology ETFs"
"State Street SPDR ICE Preferred Securities ETF","PSK","661.88",".8583690987124463519313304721030042918455",".1378","-2.0114","-.9506","-3.6156","-4.8927","-6.6128","Corporates - Convertible","Convertibles/CEFs/OET/Preferred Stock ETFs"
"Invesco Global Listed Private Equity ETF","PSP","233.01","31.92868719611021069692058346839546191248",".5342","-5.8621","-3.6326","4.8406","8.219","-12.0463","Financials - BDCs/PE","Financials ETFs"
"Proshares Short QQQ","PSQ","646.73","10.76178960096735187424425634824667472793","-.8792",".9342",".6209",".5712","-14.4318","-15.9517","Derivative Based ETF","Inverse Equity ETFs"
"Palmer Square CLO Senior Debt ETF","PSQA","210.43","100",".4886",".7079",".3672","1.5936","2.957","5.4071","Asset Backed - MBS","Mortgage-Backed Security ETFs"
"Palmer Square Credit Opportunities ETF","PSQO","294.61","91.56626506024096385542168674698795180723","-.024",".2887","0","1.2528","2.905","4.8214","Total Bond Market - Broad","Total Bond Market ETFs"
"Invesco Dorsey Wright Technology Momentum ETF","PTF","572.85","48.56355709558771319425706860559239956261","1.4532","-3.4594","1.9768","-20.1095","14.0719","41.3817","Technology  - broad","Technology ETFs"
"Invesco Dorsey Wright Healthcare Momentum ETF","PTH","282.9","86.59605551497443389335281227173119065011",".3136","1.3323","-.5873","19.9878","24.3814","52.3116","Healthcare - Broad","Health Care ETFs"
"GraniteShares 2x Long PLTR Daily ETF","PTIR","295.08","27.32540408661177188167124123208295211955","1.5578","-11.3957","-8.3288","39.8515","-5.6236","-30.5432","Derivative Based ETF","Single Stock ETF"
"Inspire 500 ETF","PTL","882.08","73.29118631461509854964670881368538490145",".7495","-3.798","-1.1131","-.776","8.644","12.4916","Style Box - Large Cap Blend","Style Box - Large Cap Blend"
"Pacer Trendpilot US Large Cap ETF","PTLC","3303.85","88.11659192825112107623318385650224215247",".8806","-.758","-.7498","3.7986","8.1321","11.5121","Style Box - Large Cap Blend","Style Box - Large Cap Blend"
"Pacer Trendpilot US Mid Cap ETF","PTMC","377.81","73.44965809950483376562131572742277764678",".9005","-4.2033","-1.8372","-1.2485","9.1155","12.8458","Style Box - Mid Cap Blend","Style Box - Mid Cap Blend"
"Pacer Trendpilot 100 ETF","PTNQ","1216.82","79.38178412033720866163424982092677282495",".9216","-.4609","-.5447","-.2685","10.8413","15.1647","Style Box - Large Cap Growth","Style Box - Large Cap Growth"
"PGIM Ultra Short Bond ETF","PULS","19032.28","21.21212121212121212121212121212121212121",".0202",".2966",".0202",".9337","2.0095","4.1289","Ultra short Bond ETF","Ultra short Bond ETF"
"Putnam Focused Large Cap Value ETF","PVAL","14117.45","94.69230769230769230769230769230769230769",".6913","-1.0285","-.4618","6.2687","16.3414","28.176","Style Box - Large Cap Value","Style Box - Large Cap Value"
"Invesco Large Cap Growth ETF","PWB","2468.64","76.09021629727009428342542571328800608015","1.4814","-1.0783",".4997","-.7717","18.2229","27.5366","Style Box - Large Cap Growth","Style Box - Large Cap Growth"
"TCW Transform Systems ETF","PWRD","1472.87","49.42590120160213618157543391188251001335","2.1083","-4.1792",".2679","-3.6629","3.7199","13.8336","Strategy - Socially Responsible","Broad Developed World ETFs"
"Invesco Large Cap Value ETF","PWV","1894.16","93.6499872999745999491998983997967995936",".3795","1.4351","-.7145","8.4263","19.3655","28.1902","Style Box - Large Cap Value","Style Box - Large Cap Value"
"Invesco RAFI Developed Markets ex-U.S. ETF","PXF","3007.75","96.08717186726102030708271421495789995047","1.0274","1.175","-.9821","4.2713","13.7348","33.2793","Foreign Large Value ETF","Foreign Large Value ETF"
"Invesco RAFI Emerging Markets ETF","PXH","2093.07","92.52336448598130841121495327102803738318",".5049","2.5764","-1.4521","4.9509","11.2641","22.0269","Geographic - Broad Emerging Markets","Broad Emerging Market ETFs"
"Principal Value ETF","PY","242.76","88.70870870870870870870870870870870870871","1.1398",".0191","-.708","6.5404","11.4527","11.8904","Style Box - All Cap Value","Style Box - All Cap Value"
"NYLI Hedge Multi-Strategy Tracker ETF","QAI","1003.85","88.82833787465940054495912806539509536785",".3587","-.4026","-.4925",".331","5.512","8.5542","Absolute Returns ","Hedge Fund ETFs"
"First Trust NASDAQ Clean Edge Green Energy ETF","QCLN","553.13","35.39823008849557522123893805309734513274","1.9992","-6.2689",".1194","-18.1713","2.981","28.9964","Strategy - Socially Responsible","Alternative Energy ETFs"
"FT Vest Nasdaq-100 Buffer ETF - December","QDEC","698.79","98.8372093023255813953488372093023255814",".583",".7508","-.1818","3.0725","11.7865","18.167","Derivative Based ETF","Defined Outcome"
"Northern Trust Quality Dividend Defensive ETF","QDEF","550.69","90.05941167946674395015215186204897840893",".6918","-.57","-1.0374","4.7226","10.8889","15.3548","Style Box - All Cap Blend","Style Box - All Cap Blend"
"Northern Trust Quality Dividend ETF","QDF","2197.29","87.68901132537496173859810223446587082951",".8476","-1.3381","-1.157","4.0726","13.0231","17.86","Style Box - All Cap Blend","Style Box - All Cap Blend"
"Pacer Metaurus US Large Cap Dividend Multiplier 400 ETF","QDPL","1783.66","87.96895213454075032341526520051746442432",".5899","-.7823","-.8613","3.2212","12.9678","15.9134","Style Box - Large Cap Blend","Style Box - Large Cap Blend"
"Roundhill Nasdaq-100 0DTE Covered Call Strategy ETF","QDTE","942.4","18.30769230769230769230769230769230769231","1.4415","-.118","-.2469","2.2496","13.9017","18.8627","Derivative Based ETF","Derivative Based ETF"
"Amplify CWP Growth & Income ETF","QDVO","746.81","73.91304347826086956521739130434782608696",".5092","-.0627","-.4706","2.3631","11.5814","13.1205","Derivative Based ETF","Derivative Based ETF"
"State Street SPDR MSCI EAFE StrategicFactors ETF","QEFA","1024.03","85.22999369880277252678008821676118462508",".5592","-1.2651","-1.8689","3.3344","7.676","16.2726","Geographic - EAFE","Broad Developed World ETFs"
"Innovator Nasdaq-100 Managed Floor ETF","QFLR","505.15","65.34883720930232558139534883720930232558",".7127","-.2822","-.1441","-.5629","2.3761","8.788","Derivative Based ETF","Style Box - Large Cap Blend"
"American Century U.S. Quality Growth ETF","QGRO","1943.16","77.13097713097713097713097713097713097713","1.0248","-1.4636","-1.7713","1.2185","7.2022","2.4022","Style Box - All Cap Growth","Style Box - All Cap Growth"
"WisdomTree U.S. Quality Growth Fund","QGRW","2949.91","89.21848260125499144324015972618368511124",".8448","-1.8355","-1.1533","3.4189","17.219","18.9545","Style Box - All Cap Growth","Style Box - All Cap Growth"
"WisdomTree U.S. High Yield Corporate Bond ETF","QHY","244.41","15.51991722710812209001551991722710812209","-.0022","-.6551","-.7086","-.0696","1.5878","3.0957","Corporates - Junk/High Yield","High-Yield/Junk Bond ETFs"
"ProShares UltraShort QQQ","QID","242.18","7.60667903525046382189239332096474953618","-1.782","1.4873","1.2721","-.7124","-29.4245","-33.5849","Derivative Based ETF","Inverse Equity ETFs"
"American Century Quality Diversified International ETF","QINT","815.81","84.45595854922279792746113989637305699482",".9022","-1.577","-1.7789","2.85","9.5477","19.7021","Foreign Large Blend ETF","Foreign Large Blend ETF"
"FT Vest Nasdaq-100 Buffer ETF - June","QJUN","709.68","87.42424242424242424242424242424242424242",".5866","-.0747","-.4259","-.904","4.5824","8.6257","Derivative Based ETF","Defined Outcome"
"Northern Trust US Quality Large Cap ETF","QLC","1052.59","91.47025813692480359147025813692480359147",".8085","-.7209","-1.0361","4.4276","14.702","21.4017","Style Box - Large Cap Blend","Style Box - Large Cap Blend"
"ProShares Ultra QQQ","QLD","13858.75","74.68296057182384136499884712935208669587","1.7382","-1.5718","-1.2461","-2.7872","31.994","37.9172","Derivative Based ETF","Leveraged Equity ETFs"
"GMO International Quality ETF","QLTI","284.07","62.38674605229096557079989645353352316852",".5349","-4.9501","-3.1567",".018","2.0662","5.3448","Foreign Large Value ETF","Foreign Large Value ETF"
"GMO U.S. Quality ETF","QLTY","5096.56","89.70588235294117647058823529411764705882",".7809","-1.2978","-1.0455","3.9352","13.6327","18.9063","Style Box - All Cap Blend","Style Box - All Cap Blend"
"FT Vest Nasdaq-100 Buffer ETF - March","QMAR","592.83","99.16998671978751660026560424966799468792",".4502",".9851","-.1316","2.7913","13.207","18.8283","Derivative Based ETF","Defined Outcome"
"Alpha Architect U.S. Quantitative Momentum ETF","QMOM","423.23","59.49379458614287110329326688165738297664","1.2833","-4.1976","-.0409","-6.0179","5.1727","13.2105","Style Box - All Cap Growth","Style Box - All Cap Growth"
"State Street SPDR Portfolio Nasdaq 100 ETF","QNDX","381.76","71.03174603174603174603174603174603174603",".833","-.5341","-.6565","0","0","0","Style Box - Large Cap Blend","Style Box - Large Cap Blend"
"Invesco QQQ Income Advantage ETF","QQA","848.92","78.35979371018303165132976033977146324199",".7535",".4607","-.2717","1.8609","13.0134","18.4492","Derivative Based ETF","Style Box - Large Cap Growth"
"First Trust NASDAQ-100 Select Equal Weight ETF","QQEW","1817.16","77.86493860845839017735334242837653478854",".4105","-3.6832","-2.5192","2.9653","18.1845","14.5428","Style Box - Large Cap Growth","Style Box - Large Cap Growth"
"HCM Defender 100 Index ETF","QQH","742.67","74.17153996101364522417153996101364522417","1.2292","-.5329","-.4975",".647","11.8732","14.5507","Moderate Allocation ","Total Portfolio ETFs"
"Invesco QQQ","QQQ","473971.88","83.35107515435384287843304236746859697679",".8734","-.4969","-.5675","-.1989","17.8934","22.9137","Style Box - Large Cap Growth","Style Box - Large Cap Growth"
"Direxion NASDAQ-100 Equal Weighted Index ETF","QQQE","1404.96","77.47118407265106531610199091861683548725",".5699","-3.3671","-2.0787",".1433","16.2212","20.0369","Style Box - Large Cap Growth","Style Box - Large Cap Growth"
"NEOS Nasdaq-100 Hedged Equity Income ETF","QQQH","377.32","70.79223671651288577791918549156856506522",".6691","-.4992","-.1682","-.3815","5.3127","8.6819","Derivative Based ETF","Style Box - All Cap Blend"
"NEOS Nasdaq-100 High Income ETF","QQQI","14217.09","67.29362591431556948798328108672936259143",".8876",".3121","-.347","1.3517","11.2402","15.7363","Derivative Based ETF","Style Box - Large Cap Growth"
"Invesco NASDAQ Next Gen 100 ETF","QQQJ","1156.58","79.853181076672104404567699836867862969","1.2569","-4.1324","-2.099",".292","18.9337","24.386","Style Box - Large Cap Growth","Style Box - Large Cap Growth"
"Invesco NASDAQ 100 ETF","QQQM","103521.89","83.40227507755946225439503619441571871768",".8876","-.4868","-.5674","-.0942","17.9289","22.9707","Style Box - Large Cap Growth","Style Box - Large Cap Growth"
"FT Vest Nasdaq-100 Buffer ETF - September","QSPT","651.94","100",".5698","1.4958",".2743","4.4244","13.3439","16.0571","Derivative Based ETF","Defined Outcome"
"First Trust NASDAQ-100-Technology Sector ETF","QTEC","4559.25","78.85945148007147851759770025639033486132",".8301","-2.2278","-1.1914","-1.7223","36.9989","41.3221","Technology  - broad","Technology ETFs"
"iShares Nasdaq Top 30 Stocks ETF","QTOP","282.91","84.14528682617469011242432977803401556645","1.045",".6206",".1171",".1269","19.4987","24.7983","Style Box - Large Cap Growth","Style Box - Large Cap Growth"
"Defiance Quantum ETF","QTUM","5467.65","68.79567377959660917860274773458053200818","1.2362","-3.6536","-.3246","-7.3294","31.5166","50.058","Technology  - broad","Technology ETFs"
"iShares MSCI USA Quality Factor ETF","QUAL","46654.51","82.84590808552469894322929466699434750553",".8149","-2.1985","-1.0693","2.1704","10.7687","15.9291","Style Box - All Cap Blend","Style Box - All Cap Blend"
"State Street SPDR MSCI USA StrategicFactors ETF","QUS","1557.47","86.36690647482014388489208633093525179856",".7717","-1.2405","-1.0643","4.2092","9.8003","14.9775","Style Box - Large Cap Blend","Style Box - Large Cap Blend"
"Alpha Architect U.S. Quantitative Value ETF","QVAL","621.67","91.81584215041464112096082356305404632542",".8954",".2462","-1.5253","8.7107","20.1472","31.7633","Style Box - Large Cap Value","Style Box - Large Cap Value"
"Invesco S&P 500 QVM Multi-factor ETF","QVML","1631.25","92.02849389416553595658073270013568521031",".8511","-.6523","-.6828","4.2937","14.6952","18.0158","Style Box - Large Cap Blend","Style Box - Large Cap Blend"
"Invesco S&P MidCap 400 QVM Multi-factor ETF","QVMM","417.86","73.71969402307792039413976403474653182938",".7641","-4.7537","-2.0337","-1.4948","8.7405","13.6404","Style Box - Mid Cap Blend","Style Box - Mid Cap Blend"
"Invesco S&P SmallCap 600 QVM Multi-factor ETF","QVMS","243.16","77.79761240656030346982037264308825170144",".6292","-4.3823","-2.0512","-.2661","14.8733","19.0141","Style Box - Small Cap Blend","Style Box - Small Cap Blend"
"Global X Nasdaq 100 Covered Call ETF","QYLD","8275.49","91.75824175824175824175824175824175824176",".7127","2.1635",".0545","5.1462","9.8571","20.9121","Derivative Based ETF","Derivative Based ETF"
"SMI 3Fourteen REAL Asset Allocation ETF","RAA","612.83","93.63541121005762179151388161341016238869",".3304",".9039","-.6544","2.2486","7.7337","14.9924","Moderate Allocation","Total Portfolio ETFs"
"VanEck Real Assets ETF","RAAX","1356.99","86.68122270742358078602620087336244541485","-.1204",".851","-.3364","3.2354","-.1444","26.107","Absolute Returns ","Total Portfolio ETFs"
"Roundhill T-REX 2X Long DRAM Daily Target ETF","RAM","647.53","28.46590909090909090909090909090909090909","1.7451","27.3504","-2.9667","0","0","0","Derivative Based ETF","Single Stock ETF"
"Northern Trust Ultra-Short Fixed Income ETF","RAVI","1537.52","3.84615384615384615384615384615384615385","-.0452",".2689","-.0399",".8778","1.7877","3.7951","Ultra short Bond ETF","Ultra short Bond ETF"
"Invesco S&P Ultra Dividend Revenue ETF","RDIV","1487.91","78.98832684824902723735408560311284046693",".1802","-2.4102","-2.7672","4.0943","13.1087","20.0728","Style Box - Large Cap Value","Style Box - Large Cap Value"
"FT Vest Rising Dividend Achievers Target Income ETF","RDVI","3713.18","75.92233009708737864077669902912621359223",".8763","-2.7581","-1.6405","3.6537","14.6155","20.6052","Style Box - Large Cap Value","Style Box - Large Cap Value"
"First Trust Rising Dividend Achievers ETF","RDVY","25049.2","82.55567338282078472958642629904559915164",".8131","-3.1952","-1.7674","3.8824","16.0125","21.8213","Style Box - Large Cap Value","Style Box - Large Cap Value"
"Columbia Research Enhanced Core ETF","RECS","5986.5","91.18387909319899244332493702770780856423",".6235",".1996","-1.224","4.9954","12.6933","14.1738","Strategy - Beta","Style Box - All Cap Blend"
"iShares Global REIT ETF","REET","4842.89","54.41527446300715990453460620525059665871",".3347","-2.5289","-1.5328","-1.8911","4.2961","7.7137","Real Estate   - REITs","Real Estate ETFs"
"ProShares S&P MidCap 400 Dividend Aristocrats ETF","REGL","1722.06","67.30375426621160409556313993174061433447",".3307","-4.2193","-2.1393","2.2516","5.0692","7.4891","Strategy - Dividend Growth","Style Box - Mid Cap Value"
"iShares Mortgage Real Estate ETF","REM","516.78","9.49720670391061452513966480446927374302","-.431","-5.757","-4.5893","-2.7454","-2.9114","-2.5373","Real Estate   - REITs","Financials ETFs"
"VanEck Rare Earth and Strategic Metals ETF","REMX","2120.09","20.3718839395177768696362893338782182264","-2.5684","-8.0292","-6.7407","-24.0964","-27.1977","22.0462","Materials  - Rare Earth/Lithium","Materials ETFs"
"Columbia Research Enhanced Value ETF","REVS","348.82","92.08865198485061018375648758591667835601",".799","-.1565","-.9841","6.8757","17.7159","20.8637","Strategy - Beta","Style Box - All Cap Value"
"iShares Residential and Multisector Real Estate ETF","REZ","832.6","59.91140642303433001107419712070874861573",".087","-1.0212","-1.2547",".6594","6.0435","10.2501","Real Estate   - REITs","Real Estate ETFs"
"Invesco S&P MidCap 400 Pure Growth ETF","RFG","338.18","70.06146322120150684026171436124512590047",".9422","-4.6334","-1.2325","-4.9832","6.6032","16.4748","Style Box - Mid Cap Growth","Style Box - Mid Cap Growth"
"Invesco S&P MidCap 400 Pure Value ETF","RFV","333.85","92.32752857279297061538951322785011620133","1.2374","-.6101","-1.1997","3.7968","18.2247","15.0603","Style Box - Mid Cap Value","Style Box - Mid Cap Value"
"Rockefeller Global Equity ETF","RGEF","808.08","88.11822367443932867963760582207039952473","1.0405","-1.1787","-.7861","3.1311","13.0147","20.742","Global Large-Cap Blend Equity ETF","Global Large-Cap Blend Equity ETF"
"Russell Investments Global Equity ETF","RGLO","359.1","91.3093477903729259076720880565138820437",".6707","-.7178","-.7619","3.5514","12.1561","18.6145","Global Large-Cap Blend Equity ETF","Global Large-Cap Blend Equity ETF"
"iShares MSCI Global Gold Miners ETF","RING","2443.78","66.08315098468271334792122538293216630197","1.0762","9.3946","-2.2082","27.5911","-1.1649","44.874","Materials  - Gold Mining","Materials ETFs"
"FolioBeyond Alternative Income and Interest Rate Hedge ETF","RISR","348.11","89.58333333333333333333333333333333333333","-.0545",".4357",".2732","2.4062","4.9153","7.5204","Asset Backed - MBS","Mortgage-Backed Security ETFs"
"RJ ClariVest Capital Appreciation ETF","RJCA","588.81","60.89588377723970944309927360774818401937",".9995",".343","-.6749","0","0","0","Style Box - Large Cap Growth","Style Box - Large Cap Growth"
"State Street Multi-Asset Real Return ETF","RLY","1409.12","94.88188976377952755905511811023622047244","-.343","2.608","-.2114","5.8357","5.7575","26.7427","Hedge Fund - Inflation-Focused","Total Portfolio ETFs"
"Bushido Capital US SMID Cap Equity ETF","RNIN","206.29","89.44815521628498727735368956743002544529","1.3019","1.3624","-2.097","15.9965","31.4113","36.0874","Style Box - All Cap Value","Style Box - All Cap Value"
"ROBO Global Robotics and Automation Index ETF","ROBO","1984.41","58.86446886446886446886446886446886446886","1.6577","-5.8214","-1.8121","-4.0277","9.1323","21.0373","World Small/Mid Stock ETF","World Small/Mid Stock ETF"
"First Trust NASDAQ Artificial Intelligence and Robotics ETF","ROBT","743.58","79.41283734500364697301239970824215900802","1.0976","-3.5967","-2.6251","3.6374","16.1195","11.0573","Artificial Intelligence and Robotics ETF","Artificial Intelligence and Robotics ETF"
"JPMorgan Nasdaq Equity Premium Yield ETF","ROCQ","563.75","75.65014031805425631431244153414405986904",".8582",".6177",".018","2.3478","0","0","Derivative Based ETF","Style Box - Large Cap Growth"
"JPMorgan Equity Premium Yield ETF","ROCY","642.74","88.61810391001606855918585966791644349223",".9179","-.1061","-.3264","4.5202","0","0","Derivative Based ETF","Style Box - Large Cap Blend"
"Hartford Multifactor Developed Markets (ex-US) ETF","RODM","1801.01","91.78617992177314211212516297262059973924",".7916",".0238","-1.3383","2.9046","8.0929","20.1424","Foreign Large Value ETF","Foreign Large Value ETF"
"Astoria US Equal Weight Quality Kings ETF","ROE","279.89","91.10714285714285714285714285714285714286","1.3713","-1.3033","-.4642","3.7664","19.4519","28.0584","Style Box - All Cap Value","Style Box - All Cap Value"
"ProShares Ultra Technology","ROM","1241.95","75.41316029605596674439825610868903984589","2.6084",".8523",".3076","1.5854","66.7645","71.1676","Derivative Based ETF","Leveraged Equity ETFs"
"Baron First Principles ETF","RONB","335.81","51.98412698412698412698412698412698412698","1.2007","1.5054","-1.7485","-1.2552","-1.4614","0","Style Box - Large Cap Growth","Style Box - Large Cap Growth"
"Hartford Multifactor US Equity ETF","ROUS","814.02","88.84839650145772594752186588921282798834","1.1068","-.6759","-.3685","1.8499","13.2544","20.0222","Style Box - Large Cap Value","Style Box - Large Cap Value"
"RPAR Risk Parity ETF","RPAR","572.98","42.63736263736263736263736263736263736264",".1993","-.2974","-1.9239","-.9446","-1.5762","7.435","Multi-Asset - Total Portfolio","Total Portfolio ETFs"
"Invesco S&P 500 Pure Growth ETF","RPG","1883.51","66.17137196631996037642397226349678058445",".9919","-2.3463","-1.2983","-5.0879","16.9253","18.7619","Style Box - Large Cap Growth","Style Box - Large Cap Growth"
"Invesco S&P 500 Pure Value ETF","RPV","1733.87","94.86338797814207650273224043715846994536",".6938",".5028","-.7651","6.0726","14.4258","25.3984","Style Box - Large Cap Value","Style Box - Large Cap Value"
"Rockefeller U.S. Small-Mid Cap ETF","RSMC","755.22","73.46824058459808881394041596402473299607",".8847","-3.3059","-1.5243","-.6455","12.4476","6.0904","Style Box - All Cap Growth","Style Box - All Cap Growth"
"Invesco S&P 500 Equal Weight ETF","RSP","97862.08","80.5370780980537078098053707809805370781",".7975","-2.6372","-1.8858","2.8272","10.1346","14.5776","Style Box - Large Cap Blend","Style Box - Large Cap Blend"
"Invesco S&P 500 Equal Weight Income Advantage ETF","RSPA","1153.33","68.98954703832752613240418118466898954704",".8719","-1.7668","-1.8624","2.9171","8.3419","13.889","Derivative Based ETF","Style Box - Large Cap Blend"
"Invesco S&P 500 Equal Weight Consumer Discretionary ETF","RSPD","285","25.5952380952380952380952380952380952381",".7495","-7.8492","-3.213","-3.3355","-2.7929","-8.6848","Consumer Discretionary - Broad","Consumer Discretionary ETFs"
"Invesco S&P 500 Equal Weight Financials ETF","RSPF","303.97","82.04237786933490288404944084755738669806",".4588","-1.7128","-2.6228","8.5509","16.1318","6.8023","Financials-Broad","Financials ETFs"
"Invesco S&P 500 Equal Weight Energy ETF","RSPG","640.59","98.20745697896749521988527724665391969407",".1727","6.0695",".7642","12.9691","14.443","50.8894","Energy - Broad","Energy ETFs"
"Invesco S&P 500 Equal Weight Health Care ETF","RSPH","830.11","79.75077881619937694704049844236760124611",".4454",".1388","-3.6582","12.7696","15.5402","22.5092","Healthcare - Broad","Health Care ETFs"
"Invesco S&P 500 Equal Weight Industrials ETF","RSPN","778.87","55.28804815133276010318142734307824591574",".9777","-7.633","-2.1562","-2.6667",".0754","6.8815","Industrials  - Broad","Industrials ETFs"
"Invesco S&P 500 Equal Weight Consumer Staples ETF","RSPS","239.04","36.74280039721946375372393247269116186693",".0999","-2.5766","-2.687","-1.3464","-1.1405","1.3447","Consumer Staples - Broad","Consumer Staples ETFs"
"Invesco S&P 500 Equal Weight Technology ETF","RSPT","5756.96","89.38329430132708821233411397345823575332","2.5166",".2942",".9507","4.7906","39.5273","50.7967","Technology  - broad","Technology ETFs"
"Invesco S&P 500 Equal Weight Utilities ETF","RSPU","510.88","13.81868131868131868131868131868131868132","-.2937","-3.001","-1.5499","-3.9554","-6.6795","3.0398","Utilities  - Broad","Utilities/Infrastructure ETFs"
"Return Stacked Global Stocks & Bonds ETF","RSSB","509.63","78.57142857142857142857142857142857142857",".4952","-2.0907","-2.3577","-.164","7.676","8.366","Derivative Based ETF","Total Portfolio ETFs"
"Global X Russell 2000 ETF","RSSL","1462","78.60997047544711032680625784776190314589",".4217","-3.9242","-2.4241","-.1863","14.7648","21.173","Style Box - Small Cap Blend","Style Box - Small Cap Blend"
"Return Stacked U.S. Stocks & Managed Futures ETF","RSST","540.86","100",".8999","3.1148","1.4891","8.1855","16.6052","37.2015","Derivative Based ETF","Hedge Fund ETFs"
"VanEck Retail ETF","RTH","240.32","45.02583979328165374677002583979328165375",".8443","-5.7014","-2.0794","-1.1744","-.2519","1.4872","Consumer Discretionary - Retail","Consumer Discretionary ETFs"
"Running Oak Efficient Growth ETF","RUNN","397.21","50.61637080867850098619329388560157790927",".909","-5.4915","-3.0761","3.4148","1.6155","-3.9646","Style Box - All Cap Growth","Style Box - All Cap Growth"
"Rayliant NxtGen Multifactor International Equity ETF","RWIN","205.47","84.05854430379746835443037974683544303797",".844",".1088","-1.418","5.6307","0","0","Foreign Large Blend ETF","Foreign Large Blend ETF"
"Invesco S&P SmallCap 600 Revenue ETF","RWJ","2023.71","82.10933186085035891772501380452788514633",".642","-3.2169","-2.9014","2.7037","19.3348","22.8594","Style Box - Small Cap Blend","Style Box - Small Cap Blend"
"Invesco S&P MidCap 400 Revenue ETF","RWK","1304.86","81.20853080568720379146919431279620853081","1.1175","-3.6282","-2.1893",".8691","14.4416","14.3143","Style Box - Mid Cap Value","Style Box - Mid Cap Value"
"Invesco S&P 500 Revenue ETF","RWL","9910.59","92.33027522935779816513761467889908256881",".8375","-.7796","-.9193","4.8111","14.7162","22.9423","Style Box - Large Cap Value","Style Box - Large Cap Value"
"State Street SPDR Dow Jones Global Real Estate ETF","RWO","1222.29","58.75634517766497461928934010152284263959",".3498","-2.0289","-1.3153","-1.23","3.5007","8.92","Real Estate   - Broad","Real Estate ETFs"
"State Street SPDR Dow Jones REIT ETF","RWR","1823.32","59.34652144921093576350300066681484774394",".374","-1.7412","-1.1587","-1.6368","6.2034","12.0061","Real Estate   - REITs","Real Estate ETFs"
"State Street SPDR Dow Jones International Real Estate ETF","RWX","256.89","16.89814814814814814814814814814814814815",".2612","-3.6054","-2.3974","-.7022","-2.953","-.9747","Real Estate   - Broad","Real Estate ETFs"
"iShares Global Consumer Discretionary ETF","RXI","246.57","33.24280952968769287742254042710776447352","1.1921","-6.3473","-2.2854","-2.0116","-1.4312","-4.619","Consumer Discretionary - Broad","Consumer Discretionary ETFs"
"Global X Russell 2000 Covered Call ETF","RYLD","1368.55","74.30167597765363128491620111731843575419",".2511","-1.3131","-1.7835","4.0303","10.362","17.0184","Derivative Based ETF","Derivative Based ETF"
"7.125% Fixed-Rate Reset Subordinated Debentures due 2052","RZC","1712.04","45.63106796116504854368932038834951456311",".2348",".1956",".1956",".3134","-.039","-1.2341","Corporates - Long Term","Investment Grade Corporate Bond ETFs"
"Invesco S&P SmallCap 600 Pure Value ETF","RZV","291.62","83.96006194097117895855964129706242632954",".7947","-3.1459","-2.9466","1.5213","18.8903","23.7227","Style Box - Small Cap Value","Style Box - Small Cap Value"
"Strategas Macro Thematic Opportunities ETF","SAMT","780.12","48.87568943572337717437420449724225710649",".4092","-3.8275","-2.2613","-8.3699","5.063","15.7646","Style Box - All Cap Blend","Style Box - All Cap Blend"
"Simplify Barrier Income ETF","SBAR","430.18","53.44827586206896551724137931034482758621",".0392",".3502","-.6419","3.5039","7.0467","8.6331","Derivative Based ETF","Derivative Based ETF"
"Simplify Government Money Market ETF","SBIL","4768.14","41.66666666666666666666666666666666666667",".01",".2795",".025",".8782","1.7875","3.6213","US Treasury - Ultra Short","Money Market/Ultra-Short Term ETFs"
"ALPS Medical Breakthroughs ETF","SBIO","234.47","78.66287339971550497866287339971550497866","-.8025","-5.6781","-6.4588","21.5012","22.4178","71.937","Healthcare - Broad","Health Care ETFs"
"Schwab Core Bond ETF","SCCR","1771.03",".3322259136212624584717607973421926910299",".0202","-1.1171","-.9806","-1.9636","-1.723","-.5307","Total Bond Market - Broad","Total Bond Market ETFs"
"Sterling Capital Hedged Equity Premium Income ETF","SCEP","235.85","60.3960396039603960396039603960396039604",".8388","-2.8173","-.8249","1.7412","5.0041","0","Derivative Based ETF","Style Box - All Cap Blend"
"Schwab U.S. Small-Cap ETF","SCHA","23168.03","75.72614107883817427385892116182572614108",".416","-2.7626","-2.1997","-1.5958","15.2473","22.1742","Style Box - Small Cap Blend","Style Box - Small Cap Blend"
"Schwab U.S. Broad Market ETF","SCHB","44080.3","89.12280701754385964912280701754385964912",".8211","-1.0742","-.8745","3.4862","13.6397","17.07","Style Box - All Cap Blend","Style Box - All Cap Blend"
"Schwab International Small-Cap Equity ETF","SCHC","5654.88","86.37992831541218637992831541218637992832",".6349","-.0394","-1.7435","2.9111","5.3208","15.3451","Foreign Small/Mid Blend ETF","Foreign Small/Mid Blend ETF"
"Schwab U.S. Dividend Equity ETF","SCHD","110362.13","87.57126567844925883694412770809578107184",".3825","-.4377","-1.954","5.664","11.7077","26.8687","Style Box - Large Cap Value","Style Box - Large Cap Value"
"Schwab Emerging Markets Equity ETF","SCHE","12884.55","90.37800687285223367697594501718213058419",".7347",".7347","-1.4902","3.2719","9.5928","16.0165","Geographic - Broad Emerging Markets","Broad Emerging Market ETFs"
"Schwab International Equity ETF","SCHF","68757.66","92.92035398230088495575221238938053097345","1.1119",".1421","-1.3646","2.5127","11.7218","24.8731","Foreign Large Blend ETF","Foreign Large Blend ETF"
"Schwab U.S. Large-Cap Growth ETF","SCHG","61766.69","90.05102040816326530612244897959183673469",".8606","-1.3745","-1.0414","5.4335","14.3831","12.6804","Style Box - Large Cap Growth","Style Box - Large Cap Growth"
"Schwab U.S. REIT ETF","SCHH","11015.76","60.09615384615384615384615384615384615385",".6071","-1.4862","-1.0661","-2.3473","4.9754","9.5533","Real Estate   - REITs","Real Estate ETFs"
"Schwab 1000 Index ETF","SCHK","5785.25","89.6358543417366946778711484593837535014",".8767","-1.0215","-.8616","3.7182","13.712","16.9956","Style Box - Large Cap Blend","Style Box - Large Cap Blend"
"Schwab U.S. Mid-Cap ETF","SCHM","14620.66","79.76744186046511627906976744186046511628",".6879","-2.3896","-1.9537","-1.1038","11.8901","18.0607","Style Box - Mid Cap Blend","Style Box - Mid Cap Blend"
"Schwab Long-Term U.S. Treasury ETF","SCHQ","837.57",".5361930294906166219839142091152815013405",".0679","-1.2051","-1.6361","-4.2877","-4.4943","-5.2164","US Treasury - Long Term","Government Bond ETFs"
"Schwab U.S. Large-Cap Value ETF","SCHV","15523.9","87.55304101838755304101838755304101838755",".789","-1.2031","-.9477","1.5136","12.0744","20.4144","Style Box - Large Cap Value","Style Box - Large Cap Value"
"Schwab U.S. Large-Cap ETF","SCHX","73271.97","89.63730569948186528497409326424870466321",".8372","-1.0516","-.8235","3.84","13.5015","16.6601","Style Box - Large Cap Blend","Style Box - Large Cap Blend"
"Schwab International Dividend Equity ETF","SCHY","2582.8","80.09404388714733542319749216300940438871",".2763","-2.0102","-1.7449","1.0934","4.1698","18.4437","Foreign Large Value ETF","Foreign Large Value ETF"
"iShares MSCI Japan Small-Cap ETF","SCJ","259.7","97.52813948355771352902229088501434561907","1.9268","1.6057","-.5052","6.3984","12.7403","21.1253","Geographic - Japan","Asia-Pacific (Developed) ETFs"
"Sterling Capital Multi-Strategy Income ETF","SCMC","228.2","5.47945205479452054794520547945205479452",".1621","-.435","-.5233",".1477","1.1313","0","Total Bond Market - Broad","Total Bond Market ETFs"
"ProShares UltraShort Bloomberg Crude Oil","SCO","843.97",".4397675514370975341605151562745405999686","1.3773","-20.2091","-8.1551","-22.4605","-46.2161","-70.5571","Derivative Based ETF","Inverse Commodity ETFs"
"Schwab Ultra-Short Income ETF","SCUS","258.53","2.7027027027027027027027027027027027027","0",".1954","-.0796",".829","1.6156","3.4718","Ultra short Bond ETF","Ultra short Bond ETF"
"iShares MSCI EAFE Small-Cap ETF","SCZ","12887.85","89.49609652235628105039034776437189496097",".867","-.1276","-1.6901","3.0832","8.5322","15.0749","Geographic - EAFE","Broad Developed World ETFs"
"USCF SummerHaven Dynamic Commodity Strategy No K-1 ETF","SDCI","762.41","96.14994934143870314083080040526849037487","-1.1912","7.138","2.6543","14.9107","20.4433","41.8628","Basket - Broad","Broad Commodity ETFs"
"Global X SuperDividend ETF","SDIV","1223.37","53.48837209302325581395348837209302325581","-.2821","1.5485","-1.4735","1.6486","2.0545","12.5918","Strategy - High Dividend Yield","World ETFs"
"ALPS Sector Dividend Dogs ETF","SDOG","1415.94","88.05753656472863531971473467907651396108",".8512","-.7893","-1.2975","5.2621","12.7004","22.9424","Style Box - Large Cap Value","Style Box - Large Cap Value"
"ProShares UltraShort S&P500","SDS","380.94","8.38876570583887657058388765705838876571","-1.6092","2.4004","1.6814","-5.6387","-20.3918","-22.5401","Derivative Based ETF","Inverse Equity ETFs"
"American Century Short Duration Strategic Income ETF","SDSI","291.76",".4524886877828054298642533936651583710407",".0099","-.4087","-.1529",".176","1.0292","2.8516","Short-Term Bond ETF","Short-Term Bond ETF"
"FT Vest SMID Rising Dividend Achievers Target Income ETF","SDVD","906.26","61.49253731343283582089552238805970149254","1.1131","-4.6519","-1.4751","2.7607","7.3904","11.5","Style Box - All Cap Value","Style Box - All Cap Value"
"First Trust SMID Cap Rising Dividend Achievers ETF","SDVY","11266.13","73.32549941245593419506462984723854289072",".8032","-4.1339","-1.7499","1.8583","7.2515","11.4701","Style Box - Mid Cap Value","Style Box - Mid Cap Value"
"State Street SPDR S&P Dividend ETF","SDY","21218.08","73.38501291989664082687338501291989664083",".4135","-3.1155","-1.8539","1.6895","3.622","10.795","Style Box - Large Cap Value","Style Box - Large Cap Value"
"Main Sector Rotation ETF","SECT","2988.86","86.24161073825503355704697986577181208054",".8038","-1.6375","-.8599","2.0391","14.3182","16.4496","Style Box - All Cap Blend","Style Box - All Cap Blend"
"SEI Select Emerging Markets Equity ETF","SEEM","669.07","83.76158724995934298259879655228492437795","1.191","3.2385","-1.109","1.0595","17.4579","35.9758","Geographic - Broad Emerging Markets","Broad Emerging Market ETFs"
"SEI Select International Equity ETF","SEIE","1297.99","91.76861702127659574468085106382978723404","1.0087","-.7829","-1.6011","5.4334","11.7739","22.7348","Global Large-Cap Blend Equity ETF","Global Large-Cap Blend Equity ETF"
"SEI QiM U.S. Large Cap Momentum Active ETF","SEIM","1475.15","81.29829984544049459041731066460587326121","1.5306","-1.6474","-.7041",".0027","14.3407","21.0176","Style Box - Large Cap Blend","Style Box - Large Cap Blend"
"SEI QiM U.S. Large Cap Quality Active ETF","SEIQ","710.42","79.47976878612716763005780346820809248555",".7849","-2.5449","-1.8629","5.2271","8.7318","7.8833","Style Box - Large Cap Blend","Style Box - Large Cap Blend"
"SEI Select Small Cap ETF","SEIS","587.14","79.19712710016673079389508785430293702706",".8087","-3.5292","-2.0575","-.6491","14.6967","13.7098","Style Box - Small Cap Blend","Style Box - Small Cap Blend"
"SEI QiM U.S. Large Cap Value Active ETF","SEIV","1567.47","96.97190806275082086829624224735497993433","1.4308",".9693","-.3903","6.5122","22.846","33.4766","Style Box - Large Cap Value","Style Box - Large Cap Value"
"Virtus Seix Senior Loan ETF","SEIX","259.66","48.68421052631578947368421052631578947368",".0428",".8786",".0643","2.2303","4.0956","5.5036","Corporates - Bank Loan","High-Yield/Junk Bond ETFs"
"SEI QiM U.S. Large Cap Low Volatility Active ETF","SELV","256.35","82.66871165644171779141104294478527607362","1.0142","-.0604","-1.0617","5.9947","6.3436","11.0305","Style Box - Large Cap Blend","Style Box - Large Cap Blend"
"Sprott Critical Materials ETF","SETM","596.08","54.5295149035651665692577440093512565751","-2.2338","-3.9387","-5.9187","-3.8519","-10.4038","45.2273","Materials  - Broad","Materials ETFs"
"SEI QiM U.S. Equity Factor Allocation Active ETF","SEUS","929.55","79.7421731123388581952117863720073664825","1.3576",".1149","-.7596","0","0","0","Style Box - All Cap Blend","Style Box - All Cap Blend"
"Sequoia Global Value ETF","SFGV","1176.28","90.99907206928549334982987936900711413548",".7531","-.8641","-1.304","3.3285","9.1252","0","Global Large-Cap Value Equity ETF","Global Large-Cap Value Equity ETF"
"VictoryShares Small Cap Free Cash Flow ETF","SFLO","829.02","88.8389396992714307859246628429700821578",".8421",".4375","-2.4048","15.6728","31.0442","33.0685","Style Box - Small Cap Value","Style Box - Small Cap Value"
"Innovator Equity Managed Floor ETF","SFLR","2159.67","89.35698447893569844789356984478935698448",".7513","-.3332","-.6133","2.1062","6.724","9.5441","Style Box - Large Cap Blend","Style Box - Large Cap Blend"
"Horizon International Managed Risk ETF","SFTX","776.89","95.42367877177443165042810746973723058754",".9936","1.1719","-.9742","1.4815","13.8161","0","Foreign Large Blend ETF","Foreign Large Blend ETF"
"Horizon Managed Risk ETF","SFTY","785","91.70124481327800829875518672199170124481",".8293","-.6287","-.66","4.2202","12.4911","16.3416","Style Box - Large Cap Blend","Style Box - Large Cap Blend"
"SoFi Select 500 ETF","SFY","684.22","89.62909090909090909090909090909090909091",".7581","-.7858","-1.3156","3.3279","15.8941","19.5203","Style Box - Large Cap Growth","Style Box - Large Cap Growth"
"Sprott Junior Gold Miners ETF","SGDJ","362.34","65.04553381127688432474326680875799263709",".7524","6.1382","-3.1247","25.6615","-2.7473","50.9068","Materials  - Gold Mining","Materials ETFs"
"Sprott Gold Miners ETF","SGDM","713.29","63.09766022380467955239064089521871820956",".6162","8.0741","-2.509","25.8879","-3.8887","39.4651","Materials  - Gold Mining","Materials ETFs"
"SGI U.S. Large Cap Core ETF","SGLC","212.46","93.72884730240891897272546287079434600836",".9543","-.3723","-.59","5.8153","17.7034","25.169","Style Box - Large Cap Blend","Style Box - Large Cap Blend"
"abrdn Physical Gold Shares ETF","SGOL","7223.58","39.78365384615384615384615384615384615385",".5588","-.5526","-1.9891","3.32","-16.1976","19.3483","Precious Metals - Gold","Precious Metals ETFs"
"iShares 0-3 Month Treasury Bond ETF","SGOV","108193.28","54.54545454545454545454545454545454545455",".0199",".3155",".0498",".9351","1.831","3.713","US Treasury - Ultra Short","Government Bond ETFs"
"F/m Accumulator Ultrashort Treasury Fund","SGVA","267.69","100",".0198",".2485",".0198","0","0","0","US Treasury - Ultra Short","Government Bond ETFs"
"Schwab Government Money Market ETF","SGVT","929.54","55","0",".2797",".0398",".8499","1.7016","3.499","US Treasury - Ultra Short","Money Market/Ultra-Short Term ETFs"
"ProShares Short S&P500","SH","868.47","10.0981767180925666199158485273492286115","-.7908","1.3358",".8346","-2.3722","-9.685","-10.1018","Derivative Based ETF","Inverse Equity ETFs"
"State Street SPDR MSCI USA Gender Diversity ETF","SHE","328.06","89.91247145808415787756877242579101881048","1.0946","-.9702","-.6854","3.5431","20.6825","26.3901","Strategy - Socially Responsible","Style Box - Large Cap Blend"
"Global X Defense Tech ETF","SHLD","6824.22","17.91120080726538849646821392532795156408","-.0486","-11.0871","-1.953","-4.9323","-18.1166","-4.8455","Industrials  - Aerospace & Defense","Industrials ETFs"
"Strive U.S. Semiconductor ETF","SHOC","228.89","69.65406151722021937562322620234716575899","1.2243","-1.6787","-.6604","-7.6657","38.5512","76.5114","Technology  - Semiconductors","Technology ETFs"
"iShares 0-1 Year Treasury Bond ETF","SHV","21102.3","27.65957446808510638297872340425531914894",".0272",".2889",".0182",".8871","1.7605","3.5752","Ultra short Bond ETF","Ultra short Bond ETF"
"Global X Silver Miners ETF","SIL","5119.51","61.18574243238402292674189503850976177682",".1663","6.1233","-2.951","21.9724","-5.9766","48.8932","Materials  - Silver Mining","Materials ETFs"
"Amplify Junior Silver Miners ETF","SILJ","4015.15","51.43564356435643564356435643564356435644","-.522","1.4305","-3.7563","15.7995","-11.2373","52.701","Materials  - Silver Mining","Materials ETFs"
"Touchstone Strategic Income ETF","SIO","294.3","1.19047619047619047619047619047619047619",".0797","-.5209","-.4951","-.9746","-.6965","1.4059","Total Bond Market - Broad","Total Bond Market ETFs"
"abrdn Physical Silver Shares ETF","SIVR","4303.15","30.15873015873015873015873015873015873016","1.1078","-.666","-2.7976","-4.3485","-25.2536","54.1856","Precious Metals - Silver","Precious Metals ETFs"
"ETC 6 Meridian Mega Cap Equity ETF","SIXA","540.9","94.32310015098137896326119778560644187217",".6935",".8078","-.5302","3.764","10.4468","17.9325","Style Box - Large Cap Blend","Style Box - Large Cap Blend"
"AllianzIM U.S. Equity 6 Month Buffer10 Jun/Dec ETF","SIXD","380.35","94.60771097330816931787543812348341871124",".5602","-.0477","-.3963","2.5628","8.7476","11.3889","Derivative Based ETF","Defined Outcome"
"ETC 6 Meridian Hedged Equity - Index Option ETF","SIXH","604.68","97.95718483279697775290331607667552819365",".3966","2.0918",".0427","5.1188","6.4322","16.083","Multi-Asset - Total Portfolio","Total Portfolio ETFs"
"ETC 6 Meridian Low Beta Equity Strategy ETF","SIXL","246.38","64.6207974980453479280688037529319781079","-.1176","-1.2974","-1.7999","1.8605","2.9776","6.9114","Style Box - All Cap Blend","Style Box - All Cap Blend"
"iShares MSCI USA Size Factor ETF","SIZE","427.06","76.5589370952540208567693289957739199173",".7176","-3.1662","-1.9799","2.2299","10.7362","12.2876","Style Box - All Cap Blend","Style Box - All Cap Blend"
"GraniteShares 2x Long SK Hynix Daily ETF","SKUU","208.04","84.51160280626011872638963842417701025364","2.0232","70.51","14.5197","0","0","0","Derivative Based ETF","Single Stock ETF"
"First Trust Cloud Computing ETF","SKYY","3249.66","83.87644787644787644787644787644787644788","1.1877","-1.6264","-1.9126","18.4557","39.8059","17.0989","Technology  - Cloud Computing","Technology ETFs"
"TCW Senior Loan ETF","SLNZ","221.51","33.45243412237606074140241179097811523001",".2196",".2294",".3959","1.5896","4.2532","4.5086","Corporates - Bank Loan","High-Yield/Junk Bond ETFs"
"iShares Silver Trust","SLV","30946.5","29.98082878631470284618787789411591210736","1.0783","-.7344","-2.8419","-4.4393","-25.4011","53.7973","Precious Metals - Silver","Precious Metals ETFs"
"ETRACS Silver Shares Covered Call ETN","SLVO","265.15","15.76754385964912280701754385964912280702","1.0989",".3082","-1.8771","-12.1355","-31.3228","-22.1395","Derivative Based ETF","Precious Metals ETFs"
"iShares MSCI Global Silver and Metals Miners ETF","SLVP","992.27","63.88650042992261392949269131556319862425","-.2805","5.4178","-3.6225","25.1128","-2.7314","58.3653","Materials  - Silver Mining","Materials ETFs"
"Sprott Silver Miners & Physical Silver ETF","SLVR","777.08","49.80460269214068606165870603560573165436","-1.0837",".6684","-4.7739","15.0057","-14.444","57.3668","Materials  - Silver Mining","Materials ETFs"
"State Street SPDR S&P 600 Small Cap Growth ETF","SLYG","4881.23","72.88080545631698603442676193569340695031",".5336","-5.5409","-2.2341","-.4919","14.3733","17.5419","Style Box - Small Cap Growth","Style Box - Small Cap Growth"
"State Street SPDR S&P 600 Small Cap Value ETF","SLYV","4901.13","82.97345132743362831858407079646017699115",".4865","-2.8316","-2.0964",".8497","14.7987","21.7984","Style Box - Small Cap Value","Style Box - Small Cap Value"
"ProShares Russell 2000 Dividend Growers ETF","SMDV","686.54","72.43547319655857048312375909993381866314",".0067","-4.2353","-2.2369","1.3493","10.0063","12.071","Strategy - Dividend Growth","Style Box - Small Cap Value"
"VanEck Semiconductor ETF","SMH","69414.14","72.39729417587856789308694934829236099654","1.4725","-.768",".2681","-6.7143","41.7674","87.0595","Technology  - Semiconductors","Technology ETFs"
"VanEck Fabless Semiconductor ETF","SMHX","250.16","65.99695585996955859969558599695585996956","1.9751","-1.7845","1.1779","-7.9349","47.8535","52.4744","Technology  - Semiconductors","Technology ETFs"
"Bahl & Gaynor Small/Mid Cap Income Growth ETF","SMIG","1454","74.33333333333333333333333333333333333333",".6897","-2.8045","-1.1388","1.1637","8.1789","8.9626","Style Box - All Cap Value","Style Box - All Cap Value"
"iShares MSCI India Small-Cap ETF","SMIN","763.25","75.50448430493273542600896860986547085202",".507","-.2655","-1.4365","7.8923","12.5907","-1.7329","Geographic - India","Asia-Pacific (Emerging) ETFs"
"Zacks Small/Mid Cap ETF","SMIZ","273.02","68.46645367412140575079872204472843450479","1.0895","-3.3613","-1.2422","-2.6659","10.355","11.7311","Style Box - All Cap Value","Style Box - All Cap Value"
"iShares U.S. Small-Cap Equity Factor ETF","SMLF","4129.49","78.10679611650485436893203883495145631068",".9376","-4.0659","-2.3029","-.1086","13.5884","15.6947","Style Box - Small Cap Blend","Style Box - Small Cap Blend"
"State Street SPDR US Small Cap Low Volatility Index ETF","SMLV","251.67","81.66808774513603596620417021936284008992",".3109","-2.6597","-1.9129","2.3335","14.6433","19.3058","Style Box - Small Cap Blend","Style Box - Small Cap Blend"
"iShares Russell 2500 ETF","SMMD","3821.3","79.75064488392089423903697334479793637145",".5105","-4.0295","-2.283","-.0852","14.6423","20.5028","Style Box - Small Cap Blend","Style Box - Small Cap Blend"
"iShares MSCI USA Small-Cap Min Vol Factor ETF","SMMV","283.04","78.23129251700680272108843537414965986395",".2371","-1.2527","-1.3992","4.2838","4.8485","8.3411","Style Box - Small Cap Blend","Style Box - Small Cap Blend"
"VanEck Morningstar SMID Moat ETF","SMOT","316.47","70.28985507246376811594202898550724637681",".3839","-4.2013","-2.9856","2.1354","10.3235","7.9045","Style Box - All Cap Blend","Style Box - All Cap Blend"
"Bushido Capital US Equity ETF","SMRI","706.2","89.5547179454417683511148022743244106561",".5614","1.647","-2.1442","14.8004","33.726","38.5974","Style Box - Large Cap Value","Style Box - Large Cap Value"
"Tradr 2X Short SNDK Daily ETF","SNDQ","219.01",".7648601398601398601398601398601398601399","6.8237","-51.4043","11.6299","-68.6158","0","0","Derivative Based ETF","Single Stock ETF"
"T-REX 2X Long SNDK Daily Target ETF","SNDU","279.04","25.64368536187082130863005679425689901303","-7.6198","51.7419","-12.7273","-54.8214","0","0","Derivative Based ETF","Single Stock ETF"
"Xtrackers S&P 500 Scored & Screened ETF","SNPE","2891.2","86.27591136526090064331665475339528234453",".6619","-1.3536","-1.7692","3.54","13.4469","19.8283","Strategy - Socially Responsible","Style Box - Large Cap Blend"
"Global X Internet of Things ETF","SNSR","205.46","69.1947998561225014130825754072247058219","2.1431","-2.9242",".5574","-4.8961","24.5962","22.6934","Technology  - broad","Technology ETFs"
"MRP SynthEquity ETF","SNTH","247","65.86224233283056812468577174459527400704",".7794","-2.3958","-.7343",".624","9.6767","1.0365","Hedge Fund - Broad","Hedge Fund ETFs"
"Tradr 2X Long SNDK Daily ETF","SNXX","1840.49","27.92143645766749956418153291882154686501","-7.0603","53.6217","-12.0392","-52.6658","194.7876","0","Derivative Based ETF","Single Stock ETF"
"Amplify Samsung SOFR ETF","SOFR","454.11","16.56050955414012738853503184713375796178","-.01",".3036",".0499",".8506","1.7925","3.7159","US Treasury - Ultra Short","Money Market/Ultra-Short Term ETFs"
"Direxion Daily Semiconductor Bull 3X ETF","SOXL","19771.82","33.9106991173320530339402444879417956199","5.235","-8.406","3.8711","-45.6136","117.1867","317.6554","Derivative Based ETF","Leveraged Equity ETFs"
"Invesco PHLX Semiconductor ETF","SOXQ","2949.15","67.3248218527315914489311163895486935867","1.7764","-2.1956",".7576","-10.1472","49.6276","97.7221","Technology  - Semiconductors","Technology ETFs"
"Direxion Daily Semiconductor Bear 3X ETF","SOXS","1522.24",".9786595531843947982660886962320773591197","-5.5627",".2498","-4.7475","-10.4326","-87.4414","-94.7391","Derivative Based ETF","Inverse Equity ETFs"
"iShares Semiconductor ETF","SOXX","43645.22","67.7903376047934342035699000528687595982","1.8631","-1.3347","1.3869","-10.1507","54.2169","107.1154","Technology  - Semiconductors","Technology ETFs"
"Leverage Shares 2X Long SPCX Daily ETF","SPCH","331.43","47.61904761904761904761904761904761904762","3.9514","23.913","3.9514","0","0","0","Derivative Based ETF","Single Stock ETF"
"Direxion Daily S&P 500 Bear 1X ETF","SPDN","236.3","10.32608695652173913043478260869565217391","-.6944","1.4184",".8226","-2.2556","-9.4486","-9.7563","Derivative Based ETF","Inverse Equity ETFs"
"State Street SPDR Portfolio Developed World ex-US ETF","SPDW","41607.84","92.71844660194174757281553398058252427184","1.1179",".0971","-1.4338","2.796","11.6184","24.2417","Foreign Large Blend ETF","Foreign Large Blend ETF"
"State Street SPDR Portfolio Emerging Markets ETF","SPEM","17609.22","88.69346733668341708542713567839195979899",".671",".7483","-1.6851","2.6668","9.8998","16.6976","Geographic - Broad Emerging Markets","Broad Emerging Market ETFs"
"State Street SPDR Portfolio Europe ETF","SPEU","719.53","78.33761590883700145235169254831862361747",".5872","-2.5009","-1.9514","1.7058","8.0636","15.9552","Geographic - Broad Europe","European Equity ETFs"
"State Street SPDR Portfolio MSCI Global Stock Market ETF","SPGM","1731","91.55759162303664921465968586387434554974",".9243","-.5318","-.9637","3.3239","12.6985","20.2042","Global Large-Cap Blend Equity ETF","Global Large-Cap Blend Equity ETF"
"Invesco S&P 500 GARP ETF","SPGP","2178.95","74.13236481033091202582728006456820016142","1.005","-4.196","-1.7627","2.9494","11.0105","8.4947","Style Box - Large Cap Growth","Style Box - Large Cap Growth"
"Invesco S&P 500 High Beta ETF","SPHB","896.9","83.53751914241960183767228177641653905054","2.0878",".4066","-.1483","1.2359","24.3391","38.0531","Strategy - Beta","Style Box - Large Cap Blend"
"Invesco S&P 500 High Dividend Low Volatility ETF","SPHD","3365.01","66.00910470409711684370257966616084977238",".3324","-1.8483","-1.8929","1.8126","4.5318","8.3521","Style Box - Large Cap Value","Style Box - Large Cap Value"
"Invesco S&P 500 Quality ETF","SPHQ","18566.54","70.04333694474539544962080173347778981582",".9791","-1.6399","-.879","-1.9269","9.7109","17.2563","Strategy - Dividend Growth","Style Box - Large Cap Blend"
"Invesco S&P 500 Low Volatility ETF","SPLV","7085.58","45.50195567144719687092568448500651890482",".1629","-2.2712","-1.2711",".5023","-.0553","2.1964","Style Box - Large Cap Blend","Style Box - Large Cap Blend"
"State Street SPDR Portfolio S&P 400 Mid Cap ETF","SPMD","18244.57","74.30362116991643454038997214484679665738",".8035","-4.27","-1.8505","-1.1297","9.3947","13.3127","Style Box - Mid Cap Blend","Style Box - Mid Cap Blend"
"Invesco S&P 500 Momentum ETF","SPMO","22310.96","75.19509476031215161649944258639910813824",".5287","-.1683","-.9418","-1.3447","25.4223","24.3311","Strategy - Momentum","Style Box - Large Cap Growth"
"SP Funds S&P Global REIT Sharia ETF","SPRE","204.42","43.33333333333333333333333333333333333333",".3923","-4.3564","-1.0328","-3.8606","1.6013","6.653","Real Estate   - REITs","Real Estate ETFs"
"Spear Alpha ETF","SPRX","213.49","48.19136067428883599328832871580754672806","1.7513","-3.9016","2.3004","-16.5266","17.3831","22.2897","Strategy - Socially Responsible","Style Box - All Cap Growth"
"State Street SPDR Portfolio S&P 600 Small Cap ETF","SPSM","16107.49","78.58108108108108108108108108108108108108",".5454","-4.1255","-2.1235",".2719","14.7013","19.8873","Style Box - Small Cap Blend","Style Box - Small Cap Blend"
"SP Funds S&P Global Technology ETF","SPTE","236.31","85.31791907514450867052023121387283236994",".9263","1.1316","-.343",".9886","31.2695","45.6125","Technology  - broad","Technology ETFs"
"State Street SPDR Portfolio S&P 1500 Composite Stock Market ETF","SPTM","13978.09","89.2491467576791808873720136518771331058",".806","-1.0901","-.8995","3.4789","13.3195","17.2168","Style Box - All Cap Blend","Style Box - All Cap Blend"
"Simplify US Equity Income ETF","SPUC","229.92","69.69365426695842450765864332603938730853",".695","-.8353","-.8055","4.2654","13.129","12.6676","Style Box - Large Cap Blend","Style Box - Large Cap Blend"
"SP Funds S&P 500 Sharia Industry Exclusions ETF","SPUS","3124.7","92.22395023328149300155520995334370139969",".7404","-.4828","-.8809","3.6589","16.1473","22.0749","Style Box - All Cap Blend","Style Box - All Cap Blend"
"Direxion Daily S&P 500 Bull 2X ETF","SPUU","281.18","88.0658436213991769547325102880658436214","1.5608","-2.064","-1.6398","6.211","24.6293","28.686","Derivative Based ETF","Leveraged Equity ETFs"
"SP Funds S&P World (ex-US) ETF","SPWO","225.84","80.26598026598026598026598026598026598027",".8189","-.1336","-1.5986","-.7847","14.1251","29.8024","Foreign Large Growth ETF","Foreign Large Growth ETF"
"Direxion Daily S&P 500 Bull 3X ETF","SPXL","6809.07","85.95501334349980937857415173465497521921","2.4255","-3.4929","-2.5354","8.0974","35.4884","39.6375","Derivative Based ETF","Leveraged Equity ETFs"
"Direxion Daily S&P 500 Bear 3X ETF","SPXS","367.52","7.187650747708634828750602990834539315","-2.4153","3.4269","2.4959","-9.2623","-30.2863","-34.2554","Derivative Based ETF","Inverse Equity ETFs"
"ProShares S&P 500 Ex-Technology ETF","SPXT","293.01","81.7554240631163708086785009861932938856",".7902","-1.8552","-1.0728","2.9929","6.1881","10.6664","Style Box - Large Cap Blend","Style Box - Large Cap Blend"
"ProShares UltraPro Short S&P500","SPXU","423.88","7.1625344352617079889807162534435261708","-2.4187","3.3873","2.4818","-9.1593","-30.3012","-34.0207","Derivative Based ETF","Inverse Equity ETFs"
"State Street SPDR S&P 500 ETF Trust","SPY","798928.81","90.68603933931875813857857583441847714344",".8524","-.8137","-.766","3.854","13.5526","17.3631","Style Box - Large Cap Blend","Style Box - Large Cap Blend"
"State Street SPDR Portfolio S&P 500 High Dividend ETF","SPYD","7470.65","74.88532110091743119266055045871559633028",".4766","-2.7282","-2.2773",".8699","7.245","12.4436","Style Box - Large Cap Value","Style Box - Large Cap Value"
"State Street SPDR Portfolio S&P 500 Growth ETF","SPYG","53754.27","90.52165018752130923968632799181725196045",".8191","-1.123","-.8874","3.7352","16.3933","17.7929","Style Box - Large Cap Growth","Style Box - Large Cap Growth"
"NEOS S&P 500 High Income ETF","SPYI","11686.3","87.02408702408702408702408702408702408702",".7428",".0505","-.5291","4.4648","10.2345","14.7673","Style Box - Large Cap Blend","Style Box - Large Cap Blend"
"State Street SPDR Portfolio S&P 500 ETF","SPYM","164177.62","89.28987194412107101280558789289871944121",".5717","-1.0696","-1.0478","3.5919","13.2722","17.1381","Style Box - Large Cap Blend","Style Box - Large Cap Blend"
"MAX S&P 500 4X Leveraged ETN","SPYU","529.76","81.79882916444917509313464608834486428952","2.8994","-6.0138","-3.6209","6.5687","37.213","31.5444","Style Box - Large Cap Blend","Leveraged Equity ETFs"
"State Street SPDR Portfolio S&P 500 Value ETF","SPYV","36291.25","91.35416666666666666666666666666666666667",".8801","-.4107","-.6305","4.0396","10.3864","16.9454","Style Box - Large Cap Value","Style Box - Large Cap Value"
"State Street SPDR S&P 500 Fossil Fuel Reserves Free ETF","SPYX","2810.36","90.08130081300813008130081300813008130081",".7893","-1.0673","-.8635","3.8857","13.462","16.4791","Strategy - Socially Responsible","Style Box - Large Cap Blend"
"ProShares UltraPro Short QQQ","SQQQ","2084.82","5.30161109029599100786811539902585237917","-2.5815","1.914","1.8072","-3.2387","-43.1762","-48.8483","Derivative Based ETF","Inverse Equity ETFs"
"Sapient Quality Select ETF","SQS","1391.19","84.28702851885924563017479300827966881325",".7274","-1.8539","-1.3649","3.118","0","0","Style Box - Large Cap Blend","Style Box - Large Cap Blend"
"Global X SuperDividend REIT ETF","SRET","224.01","23.85392385392385392385392385392385392385","-.3178","-2.8275","-2.6962","-2.5459","1.3549","5.1903","Real Estate   - Broad","Real Estate ETFs"
"SRH U.S. Quality GARP ETF","SRHQ","214.64","85.48055703523323947949166730081424549121",".5437","-2.6482","-2.5503","8.481","19.9386","23.7713","Style Box - Large Cap Blend","Style Box - Large Cap Blend"
"State Street Blackstone Senior Loan ETF","SRLN","5572.8","46.5",".0741",".8524","-.0986","2.4215","4.5864","4.6888","Corporates - Bank Loan","High-Yield/Junk Bond ETFs"
"Pacer Data & Infrastructure Real Estate ETF","SRVR","337.84","24.67730742539902845246356696738376127689",".9424","-2.3462","-.8731","-7.6658","-4.4208","-.2448","Real Estate   - REITs","Real Estate ETFs"
"ProShares Ultra S&P500","SSO","8771.42","87.68115942028985507246376811594202898551","1.6496","-2.1501","-1.6525","5.9673","24.217","28.3553","Derivative Based ETF","Leveraged Equity ETFs"
"Day Hagan Smart Sector ETF","SSUS","576.05","91.60958904109589041095890410958904109589",".8821","-.7087","-.7263","3.1474","15.3086","18.0038","Style Box - All Cap Blend","Style Box - All Cap Blend"
"Schwab Crypto Thematic Natural Language Processing ETF","STCE","228.98","32.46244725738396624472573839662447257384","2.5674","12.7987","-1.7734","-9.1135","20.2508","2.4545","Digital Economy ETF","Digital Economy ETF"
"Horizon Core Equity ETF","STOX","224.64","92.38204456094364351245085190039318479685",".9008","-.4521","-.6071","4.6035","12.9689","16.9842","Derivative Based ETF","Style Box - Large Cap Blend"
"Strive 500 ETF","STXF","1156.4","74.70930232558139534883720930232558139535",".7959","-.7834","-.8034","3.9019","0","0","Style Box - Large Cap Blend","Style Box - Large Cap Blend"
"iShares ESG Optimized MSCI USA ETF","SUSA","4017.84","87.19165085388994307400379506641366223909",".859","-1.3456","-1.2458","3.4355","14.2785","17.5127","Strategy - Socially Responsible","Style Box - All Cap Growth"
"iShares ESG MSCI USA Leaders ETF","SUSL","1190.29","87.90350693718190057867949522415115387297",".7167","-1.292","-1.748","3.9635","14.3169","19.1366","Strategy - Socially Responsible","Style Box - All Cap Blend"
"Simplify Volatility Premium ETF","SVOL","523.95","51.3931888544891640866873065015479876161",".9025","5.4422",".5999","11.6677","15.0967","12.3128","Derivative Based ETF","Inverse Volatility ETFs"
"Proshares Short VIX Short-Term Futures ETF","SVXY","250.14","95.95261599210266535044422507403751233959","2.2772","5.2385","-1.0231","17.3572","28.8525","24.2688","Volatilty - Inverse Volatility","Inverse Volatility ETFs"
"AB Short Duration High Yield ETF","SYFI","957.15","15.04424778761061946902654867256637168142","-.0255","-.457","-.5632",".3951","2.0955","3.4334","Total Bond Market - Broad","Total Bond Market ETFs"
"Cambria Shareholder Yield ETF","SYLD","1006.9","93.40987370838117106773823191733639494834",".7532",".6229","-1.6147","7.1566","16.3455","23.7597","Style Box - Large Cap Value","Style Box - Large Cap Value"
"Fairlead Tactical Sector ETF","TACK","299.14","79.68391537088962528677032882997705837369",".5507","-1.0286","-1.2476","2.6631","4.1832","10.2225","Multi-Asset - Total Portfolio","Total Portfolio ETFs"
"Invesco Solar ETF","TAN","1001.48","15.19949335022165927802406586447118429386",".2338","-10.5313","-1.8526","-24.3178","-15.3957","12.6374","Strategy - Socially Responsible","Alternative Energy ETFs"
"Thornburg American Opportunities Fund","TAOZ","487.46","73.35358770440532570815834152443928156554",".6418","-2.6407","-2.1551","4.9601","0","0","Style Box - Large Cap Value","Style Box - Large Cap Value"
"BondBloxx IR+M Tax-Aware Short Duration ETF","TAXX","285.11","2.23463687150837988826815642458100558659",".0398","-.2061","-.3077","-.0447",".4135","2.3592","Short-Term Bond ETF","Short-Term Bond ETF"
"Brinsmere Fund - Conservative ETF","TBFC","358.29","78.11178957256928135274776890558947862846",".3905","-.5936","-.7955",".1318","3.5169","7.5579","Conservative","Total Portfolio ETFs"
"Brinsmere Fund - Growth ETF","TBFG","385.46","89.36924167257264351523742026931254429483",".682","-.3903","-.8971","1.6057","8.3615","14.6936","Multi-Asset - Total Portfolio","Total Portfolio ETFs"
"TBG Dividend Focus ETF","TBG","279.12","78.45070422535211267605633802816901408451",".503","-2.3788","-2.2657","2.4373","8.2021","15.2316","Style Box - Large Cap Value","Style Box - Large Cap Value"
"F/m US Treasury 3 Month Bill ETF","TBIL","7231.46","44.44444444444444444444444444444444444444",".02",".3088",".02",".9136","1.808","3.6708","US Treasury - Ultra Short","Government Bond ETFs"
"Invesco Short Term Treasury ETF","TBLL","2866.85","58.13953488372093023255813953488372093023",".0095",".2799",".0095",".8694","1.751","3.5639","US Treasury - Ultra Short","Money Market/Ultra-Short Term ETFs"
"ProShares UltraShort 20+ Year Treasury","TBT","313.98","100","0","3.1862","3.4835","12.3038","14.4979","21.8859","Derivative Based ETF","Inverse Bond ETFs"
"T. Rowe Price Ultra Short-Term Bond ETF","TBUX","1649.29","27.77777777777777777777777777777777777778","-.0603",".1446","-.0803",".7893","1.9252","4.1185","Ultra short Bond ETF","Ultra short Bond ETF"
"T. Rowe Price Capital Appreciation Equity ETF","TCAF","8662.07","92.89940828402366863905325443786982248521",".7126","-1.0502","-1.004","6.4792","14.3474","14.2857","Style Box - Large Cap Blend","Style Box - Large Cap Blend"
"Tortoise AI Infrastructure ETF","TCAI","234.65","64.32387862796833773087071240105540897098","3.1797",".472",".4932","-8.4593","31.8694","72.1839","Utilities  - Infrastructure","Utilities/Infrastructure ETFs"
"T. Rowe Price Capital Appreciation Premium Income ETF","TCAL","303.01","17.64705882352941176470588235294117647059",".3142","-2.8724","-1.8445","4.2086","2.9814","2.2919","Derivative Based ETF","Derivative Based ETF"
"T. Rowe Price Blue Chip Growth ETF","TCHP","2140.1","73.27667610953729933899905571293673276676",".6215","-1.7808","-1.2979",".8236","7.4502","4.7371","Style Box - All Cap Growth","Style Box - All Cap Growth"
"TappAlpha Innovation 100 Growth & Daily Income ETF","TDAQ","335.3","63.01369863013698630136986301369863013699","1.0906",".0834","-.5917","1.3664","16.5319","22.1339","Derivative Based ETF","Long-Short ETFs"
"Touchstone Dynamic International ETF","TDI","452.61","95.92542064574806730331969076853115052296","1.0413","1.4544","-.9223","4.4683","12.1477","26.5111","Foreign Large Blend ETF","Foreign Large Blend ETF"
"First Trust NASDAQ Technology Dividend ETF","TDIV","4368.63","69.53977121574886938015429635541367384943","2.2152",".1929",".776","1.2718","21.1811","20.9265","Technology  - broad","Technology ETFs"
"ProShares S&P Technology Dividend Aristocrats ETF","TDV","271.14","82.52581413820492454328832406671961874504","2.6243","-1.081",".506",".4824","18.3716","19.6826","Strategy - Dividend Growth","Technology ETFs"
"T. Rowe Price Dividend Growth ETF","TDVG","1432.07","82.18085106382978723404255319148936170213",".6937","-2.6435","-.9633","2.4544","8.8074","13.9723","Strategy - Dividend Growth","Style Box - Large Cap Blend"
"FT Vest Technology Dividend Target Income ETF","TDVI","577.02","62.53838280450358239508700102354145342886","2.2764",".5821",".9494","1.1431","20.0337","19.7861","Technology  - broad","Technology ETFs"
"iShares U.S. Tech Breakthrough Multisector ETF","TECB","493.59","93.85708136030994403788204907447266465777",".837","1.3616","-.7332","8.6445","30.3353","26.819","Style Box - All Cap Growth","Style Box - All Cap Growth"
"Direxion Daily Technology Bull 3X ETF","TECL","5670.81","65.77983518160545325058500356089124020755","3.8985",".5172",".3361","-1.8704","98.6163","93.7982","Derivative Based ETF","Leveraged Equity ETFs"
"T. Rowe Price Equity Income ETF","TEQI","476","93.95801815431164901664145234493192133132",".6282","-.9512","-.5733","5.271","15.6678","21.0472","Style Box - Large Cap Value","Style Box - Large Cap Value"
"Thornburg Focus Growth Fund","TFGZ","207.89","57.81602708803611738148984198645598194131","1.0018","-6.4324","-1.9369","-1.1193","0","0","Style Box - All Cap Growth","Style Box - All Cap Growth"
"iShares Treasury Floating Rate Bond ETF","TFLO","6661.17","65.38461538461538461538461538461538461538",".0594",".3429",".099",".9852","1.9224","3.9098","US Treasury - Intermediate Term","Government Bond ETFs"
"T. Rowe Price Floating Rate ETF","TFLR","790.43","45.14285714285714285714285714285714285714",".1182",".8834",".1182","1.9155","3.3993","4.9562","Corporates - Floating Rate","High-Yield/Junk Bond ETFs"
"T. Rowe Price Growth ETF","TGRT","1569.2","84.37821171634121274409044193216855087359",".9879","-1.6905","-1.3532","2.8853","10.5503","7.0764","Style Box - Large Cap Growth","Style Box - Large Cap Growth"
"T. Rowe Price Growth Stock ETF","TGRW","1000.54","76.76415094339622641509433962264150943396",".8238","-1.468","-1.0812","1.0119","9.2695","5.4898","Style Box - All Cap Growth","Style Box - All Cap Growth"
"iShares MSCI Thailand ETF","THD","344.89","94.47674418604651162790697674418604651163","-.0809","1.6459",".9811","2.1072","13.1544","25.284","Geographic - Thailand","Asia-Pacific (Emerging) ETFs"
"THOR Index Rotation ETF","THIR","202.42","78.27004219409282700421940928270042194093",".861","-1.4791","-1.112",".503","6.2226","10.3997","Target Outcome","Total Portfolio ETFs"
"ROBO Global Artificial Intelligence ETF","THNQ","441.06","87.42857142857142857142857142857142857143",".9983","-1.8998","-.7867","4.5906","44.466","43.3099","Artificial Intelligence and Robotics ETF","Artificial Intelligence and Robotics ETF"
"iShares U.S. Thematic Rotation Active ETF","THRO","6756.23","94.63519313304721030042918454935622317597",".9423","-.1818","-.363","3.5515","16.3918","17.4085","Style Box - Large Cap Growth","Style Box - Large Cap Growth"
"T. Rowe Price U.S. High Yield ETF","THYF","840.01","11.07451626183614656237134623301770275834","-.0414","-.8109","-.7123","-.37","1.6424","3.0271","Corporates - Junk/High Yield","High-Yield/Junk Bond ETFs"
"The Investment House ETF","TIH","644.57","38.40304182509505703422053231939163498099","1.2368","-.5653","-1.4895","0","0","0","Style Box - Large Cap Growth","Style Box - Large Cap Growth"
"Thrivent International Large Cap ETF","TILC","850.86","66.06367583212735166425470332850940665702","1.0245","-1.1864","-1.5267","0","0","0","Foreign Large Blend ETF","Foreign Large Blend ETF"
"Northern Trust Morningstar US Market Factor Tilt ETF","TILT","2206.36","88.1675392670157068062827225130890052356",".7784","-1.23","-1.1592","3.7523","13.8137","18.0051","Style Box - All Cap Blend","Style Box - All Cap Blend"
"iShares 20+ Year Treasury Bond ETF","TLT","46068.84",".7978723404255319148936170212765957446809",".1114","-1.2232","-1.63","-4.823","-4.9471","-6.1764","US Treasury - Long Term","Government Bond ETFs"
"Northern Trust Mrngstr Developed Markets ex-US Factor Tilt ETF","TLTD","679.02","92.55453683212140373063547265254505216567","1.2335",".1635","-1.1944","5.1496","9.7121","20.5304","Foreign Large Value ETF","Foreign Large Value ETF"
"Northern Trust Morningstar Emerging Markets Factor Tilt ETF","TLTE","355.67","87.80947395969641455116461659251504841664","1.1187","3.6442","-1.073",".4233","12.6225","28.0108","Geographic - Broad Emerging Markets","Broad Emerging Market ETFs"
"iShares 20+ Year Treasury Bond BuyWrite Strategy ETF","TLTW","1782.15",".6230529595015576323987538940809968847352",".0959","-1.078","-1.603","-4.1077","-3.4992","-.672","Derivative Based ETF","Government Bond ETFs"
"Main Thematic Innovation ETF","TMAT","246.42","62.1802002224694104560622914349276974416","1.009","-5.6769","-.7788","-3.677","16.0663","5.0412","Technology  - broad","Technology ETFs"
"Direxion Daily 20+ Year Treasury Bull 3X ETF","TMF","2049.49",".0673854447439353099730458221024258760108",".0341","-4.8685","-5.0842","-16.4083","-19.6066","-27.0332","Derivative Based ETF","Leveraged Bond ETFs"
"Motley Fool 100 Index ETF","TMFC","2061.53","92.33576642335766423357664233576642335766",".9177","-.6649","-.3649","5.2646","14.5213","14.8856","Style Box - Large Cap Growth","Style Box - Large Cap Growth"
"Motley Fool Global Opportunities ETF","TMFG","342.15","71.58193234757950172169333603402876240632","1.204","-3.5873","-.97",".1749","5.971",".8141","Global Large-Cap Growth Equity ETF","Global Large-Cap Growth Equity ETF"
"T. Rowe Price Small-Mid Cap ETF","TMSL","2953.55","74.53416149068322981366459627329192546584",".7938","-5.0102","-2.057","-.0239","12.453","18.2614","Style Box - All Cap Blend","Style Box - All Cap Blend"
"Direxion Daily 20+ Year Treasury Bear 3X ETF","TMV","209.91","99.68627450980392156862745098039215686275","-.0895","4.6403","5.3066","18.9167","22.3089","34.3098","Derivative Based ETF","Inverse Bond ETFs"
"Thrivent Mid Cap Value ETF","TMVE","289.01","82.80752532561505065123010130246020260492",".765","-2.4539","-1.4297",".1589","12.5925","0","Style Box - Mid Cap Value","Style Box - Mid Cap Value"
"Direxion Daily Small Cap Bull 3X ETF","TNA","1160.57","69.16729182295573893473368342085521380345","1.0761","-12.702","-7.2686","-4.5484","36.9279","45.6871","Derivative Based ETF","Leveraged Equity ETFs"
"Tortoise Energy Fund","TNGY","587.84","100",".4704","7.493","1.5317","17.1799","14.2563","31.6818","Energy - Broad","Energy ETFs"
"Twin Oak Active Opportunities III ETF","TOAO","440.05","82.93620292083013066871637202152190622598",".7776","-.7838","-.6135","6.952","0","0","Multi-Asset - Total Portfolio","Total Portfolio ETFs"
"iShares MSCI Kokusai ETF","TOK","236.25","88.75617488756174887561748875617488756175",".7539","-1.2158","-1.0962","3.4492","12.2165","16.7626","Global Large-Cap Blend Equity ETF","Global Large-Cap Blend Equity ETF"
"iShares Top 20 U.S. Stocks ETF","TOPT","669.52","94.69026548672566371681415929203539823009",".8289","1.1583",".0882","3.8545","13.2938","15.4956","Style Box - Large Cap Growth","Style Box - Large Cap Growth"
"T. Rowe Price International Equity ETF","TOUS","1661.03","87.55020080321285140562248995983935742972",".9512","-1.8741","-1.5049","3.5328","10.6197","16.5628","Foreign Large Blend ETF","Foreign Large Blend ETF"
"JLens 500 Jewish Advocacy U.S. ETF","TOV","281.18","91.09820996613449443638122883405902273827",".8758","-.6806","-.6775","3.8974","13.8888","17.3085","Style Box - Large Cap Blend","Style Box - Large Cap Blend"
"Timothy Plan High Dividend Stock ETF","TPHD","357.74","78.19431427678850359262730396751015307716",".4723","-2.0764","-1.4885","2.0468","3.8205","10.6981","Style Box - Large Cap Value","Style Box - Large Cap Value"
"Timothy Plan International ETF","TPIF","271.7","87.7107294784937765873641090278871907988",".9737","-.6355","-1.2101","3.0676","7.0025","17.2879","Volatilty - Inverse Volatility","Broad Developed World ETFs"
"Timothy Plan US Large/Mid Cap Core ETF","TPLC","311.34","70.39473684210526315789473684210526315789",".8752","-3.6196","-1.897",".5394","5.4947","7.6451","Style Box - Large Cap Blend","Style Box - Large Cap Blend"
"Timothy Plan US Small Cap Core ETF","TPSC","369.83","74.57296242069302098584675451439726695949",".4192","-3.805","-2.1806","1.1624","10.4076","12.4685","Volatilty - Inverse Volatility","Style Box - Small Cap Blend"
"Tortoise North American Pipeline Fund","TPYP","884.58","84.07550822846079380445304937076476282672","-.431",".7046","-1.3436","1.6995","3.6166","23.1329","Energy - MLP","MLP ETFs"
"ProShares UltraPro QQQ","TQQQ","34591.16","67.07885667950537198459355361848773565781","2.5574","-2.847","-1.9207","-6.3923","44.3219","49.3299","Derivative Based ETF","Leveraged Equity ETFs"
"Pacer Data and Digital Revolution ETF","TRFK","1083.72","71.48656485598298859462594239319543785038","1.2496","1.7694",".4794","-3.2052","49.1212","45.2474","Technology  - broad","Technology ETFs"
"AAM Transformers ETF","TRFM","263.75","74.13682864450127877237851662404092071611","1.1552","-4.8368","-1.3266","-1.4683","20.264","24.2384","Technology  - broad","Technology ETFs"
"Cambria Trinity ETF","TRTY","287.21","93.72619763479655241531369011826017237923",".1119","2.5725",".0528","4.8103","7.1152","19.1457","Absolute Returns ","Total Portfolio ETFs"
"VanEck Technology TruSector ETF","TRUT","219.95","87.18694306350248569552574805365350342369","1.1952","1.1381","-.164","4.8552","27.309","28.9652","Technology  - broad","Technology ETFs"
"Direxion Daily TSLA Bull 2X ETF","TSLL","3611.59","18.23204419889502762430939226519337016575",".9356","16.8472","6.1202","-25.1915","-33.8606","-27.8811","Derivative Based ETF","Single Stock ETF"
"YieldMax TSLA Option Income Strategy ETF","TSLY","661.64","6.88040345821325648414985590778097982709","1.2777","7.1684","2.378","-7.4081","-10.5086","8.1365","Derivative Based ETF","Single Stock ETF"
"Thrivent Small-Mid Cap Equity ETF","TSME","862.63","61.15107913669064748201438848920863309353","1.8209","-6.9348","-1.9211","-4.9383","11.5041","10.5957","Style Box - All Cap Blend","Style Box - All Cap Blend"
"Direxion Daily TSM Bull 2X ETF","TSMX","575.28","64.21367790734320832020170185943901670344","2.3473","3.5066","1.9404","-1.8607","28.9906","111.998","Derivative Based ETF","Single Stock ETF"
"T. Rowe Price U.S. Equity Research ETF","TSPA","4467.39","91.11349036402569593147751605995717344754",".8577","-.7616","-.8229","3.3662","13.5154","16.768","Style Box - All Cap Blend","Style Box - All Cap Blend"
"Twin Oak Active Opportunities ETF","TSPX","241.4","90.59024807527801539777587681779298545766",".7291","-.6375","-.644","3.1073","10.6077","11.3411","Multi-Asset - Total Portfolio","Total Portfolio ETFs"
"TappAlpha S&P 500 Growth & Daily Income ETF","TSPY","316.76","71.79487179487179487179487179487179487179",".8779","-.5235","-.746","4.0996","11.7435","14.8427","Derivative Based ETF","Derivative Based ETF"
"T. Rowe Price Exchange-Traded Funds, Inc.","TTEQ","449.76","80.24242424242424242424242424242424242424","1.1646","1.053",".2093","-.3972","30.9198","34.4718","Technology  - broad","Technology ETFs"
"iShares MSCI Turkey ETF","TUR","225.62","72.12837837837837837837837837837837837838",".3723","5.4223","3.0844","4.5457","4.1465","27.718","Geographic - Turkey","European Equity ETFs"
"T. Rowe Price Natural Resource ETF","TURF","359.5","92.82272121398544037731979903619399159233",".0503","5.0054","-.5447","9.3562","3.1056","31.6062","Materials  - Broad","Materials ETFs"
"Thrivent Ultra Short Bond ETF","TUSB","232.07","51.94805194805194805194805194805194805195","-.0496",".2822",".0695",".9158","2.1714","4.2755","Ultra short Bond ETF","Ultra short Bond ETF"
"Touchstone Ultra Short Income ETF","TUSI","694.59","13.88888888888888888888888888888888888889","-.0593",".164","-.0988",".9212","1.8392","0","Ultra short Bond ETF","Ultra short Bond ETF"
"T. Rowe Price Value ETF","TVAL","1039.74","95.68273092369477911646586345381526104418",".8899","-.7373","-.3124","5.3816","17.4162","26.7432","Style Box - Large Cap Value","Style Box - Large Cap Value"
"Thornburg International Equity ETF","TXUE","550.82","86.34984833164812942366026289180990899899","1.0254","-2.1532","-1.0979","3.424","9.3235","17.5023","Foreign Large Value ETF","Foreign Large Value ETF"
"Direxion Daily Small Cap Bear 3X ETF","TZA","255.22","11.16975991827004937851183381576706964073","-1.0602","13.5414","7.594","1.4211","-35.6497","-46.9413","Derivative Based ETF","Inverse Equity ETFs"
"iShares MSCI UAE ETF","UAE","288.71","51.04602510460251046025104602510460251046","1.2729","2.2622","2.1572","8.7463","10.0271","9.1078","Geographic - Middle East","Africa-Middle East Equity ETFs"
"Innovator U.S. Equity Ultra Buffer ETF - August","UAUG","239.4","94.77272727272727272727272727272727272727",".4211","-.0931","-.3251","2.7894","7.4593","9.9641","Derivative Based ETF","Defined Outcome"
"ProShares Ultra Bloomberg Crude Oil","UCO","467.1","98.03230543318649045521292217327459618209","-1.2828","23.2903","9.0063","16.1785","42.6674","128.8504","Derivative Based ETF","Leveraged Commodity ETFs"
"Innovator U.S. Equity Ultra Buffer ETF - December","UDEC","245.09","97.38521721227094914556310479719991764464",".4713",".4358","-.1989","3.0723","7.8102","12.2401","Derivative Based ETF","Defined Outcome"
"ProShares UltraPro Dow30","UDOW","834.06","74.74193548387096774193548387096774193548","2.8167","-7.1638","-4.8191","7.8156","28.574","33.0329","Derivative Based ETF","Leveraged Equity ETFs"
"VictoryShares Emerging Markets Value Momentum ETF","UEVM","252.23","80.26848744358291864367550052077305867376",".0183",".7784","-1.3903","1.9986","5.2988","10.9207","Geographic - Broad Emerging Markets","Broad Emerging Market ETFs"
"Innovator U.S. Equity Ultra Buffer ETF - February","UFEB","227.71","97.35757575757575757575757575757575757576",".4738",".4482","-.1317","2.7641","6.8997","11.0217","Derivative Based ETF","Defined Outcome"
"Procure Space ETF","UFO","546.64","32.54950495049504950495049504950495049505","1.1451","-9.7393","-.9611","-23.8345","-4.5625","26.4026","Industrials  - Aerospace & Defense","Industrials ETFs"
"Defiance Space and Connective Tech ETF","UFOX","855.53","25.7380796864794252122795558458523840627","2.1034","-1.7432","2.7169","-13.1004","0","0","Communication Services - Broad","Communication Services ETFs"
"ProShares Ultra Gold","UGL","860.16","20.41920216362407031778228532792427315754","1.1866","-1.968","-4.0069","3.839","-34.132","22.2897","Derivative Based ETF","Leveraged Commodity ETFs"
"VictoryShares International Value Momentum ETF","UIVM","344.85","91.6615099009900990099009900990099009901","1.1822","2.1639","-.3695","8.3528","15.901","30.4002","Foreign Large Value ETF","Foreign Large Value ETF"
"Innovator U.S. Equity Ultra Buffer ETF - January","UJAN","252.18","97.49460043196544276457883369330453563715",".4863",".53","-.1639","2.9907","7.1141","10.6479","Derivative Based ETF","Defined Outcome"
"Innovator U.S. Equity Ultra Buffer ETF - July","UJUL","296.84","93.53846153846153846153846153846153846154",".5428","-.2945","-.4027","1.9951","6.1357","9.0065","Derivative Based ETF","Defined Outcome"
"State Street Ultra Short Term Bond ETF","ULST","514.45","1.07526881720430107526881720430107526882","-.0248",".2234","-.0621",".7677","1.4701","3.2749","Corporates - Money Market","Money Market/Ultra-Short Term ETFs"
"YieldMax Ultra Option Income Strategy ETF","ULTY","724.68","1.14905841046919885094158953080114905841","1.0208",".495","-.8591",".6073","3.0582","-10.9668","Derivative Based ETF","Derivative Based ETF"
"VictoryShares US Value Momentum ETF","ULVM","266.72","83.58407840440165061898211829436038514443",".7152","-1.8693","-1.0071","2.8469","12.4046","22.0906","Style Box - Large Cap Value","Style Box - Large Cap Value"
"USCF Midstream Energy Income Fund","UMI","521.7","88.15224913494809688581314878892733564014","-.5207","1.002","-1.2749","3.3614","6.8045","26.6148","Energy - MLP","MLP ETFs"
"Wahed Dow Jones Islamic World ETF","UMMA","288.61","74.66035719737444664936650892993436116623","1.0593","-.774","-1.9129","-3.6681","15.0435","37.5333","Strategy - Socially Responsible","World ETFs"
"United States Natural Gas ETF","UNG","552.77","7.4277854195323246217331499312242090784","-.1963",".993","-3.6932","-8.871","-21.0404","-18.1159","Energy -  Natural Gas","Energy ETFs"
"ProShares UltraPro S&P500","UPRO","5281.48","85.8751279426816786079836233367451381781","2.436","-3.482","-2.5415","8.0332","35.1111","38.9792","Derivative Based ETF","Leveraged Equity ETFs"
"Global X Uranium ETF","URA","6308.17","24.74269246603540551667352820090572251956","-3.2667","-3.6307","-5.4928","-2.8998","-15.2453","6.9504","Energy - Nuclear Power","Energy ETFs"
"Sprott Junior Uranium Miners ETF","URNJ","375.98","11.96930946291560102301790281329923273657","-5.5714","-6.6345","-10.5547","-4.797","-28.1559","-7.4163","Materials  - Uranium Mining","Materials ETFs"
"Sprott Uranium Miners ETF","URNM","2074.57","14.24308193163320672816060770482908301682","-4.1186","-5.4","-8.218","-3.5181","-22.4","-1.9835","Materials  - Uranium Mining","Materials ETFs"
"iShares MSCI World ETF","URTH","8152.45","89.55427946404156412359857806945583811868",".8841","-.9538","-1.0152","3.7186","12.372","17.3063","Global Large-Cap Blend Equity ETF","Global Large-Cap Blend Equity ETF"
"ProShares UltraPro Russell2000","URTY","294.51","68.76889848812095032397408207343412526998","1.0059","-12.8054","-7.2765","-4.6971","36.3292","44.9223","Derivative Based ETF","Leveraged Equity ETFs"
"Xtrackers MSCI USA Climate Action Equity ETF","USCA","3474.81","91.12813542567651056468553070554800444829",".9368","-.7592","-.7179","4.6116","12.3187","12.3637","Strategy - Socially Responsible","Style Box - All Cap Blend"
"United States Commodity ETF","USCI","418.65","96.6263705369693561990441383188079842564","-1.0749","7.1536","2.8114","14.9997","20.7258","43.0385","Basket - Broad","Broad Commodity ETFs"
"iShares Climate Conscious & Transition MSCI USA ETF","USCL","2823.93","91.07502435855797336797661578434556674245",".9323","-.7543","-.7097","4.6056","12.3028","12.3194","Strategy - Socially Responsible","Style Box - All Cap Blend"
"ProShares Ultra Semiconductors","USD","2645.8","60.9468296843901052032982655672448109184","1.3544","-3.6174","-3.0856","-10.2148","55.5663","84.5571","Derivative Based ETF","Leveraged Equity ETFs"
"WisdomTree Bloomberg U.S. Dollar Bullish ETF","USDU","274.42","54.59183673469387755102040816326530612245",".0762","-.6051",".1906","-.2657",".8829","3.9197","Basket - Broad","Currency ETFs"
"SGI Enhanced Core ETF","USDX","305.36","19.65811965811965811965811965811965811966",".1569",".3646",".1569","1.128","2.5581","5.6749","US Treasury - Ultra Short","Money Market/Ultra-Short Term ETFs"
"WisdomTree Floating Rate Treasury ETF","USFR","19253.76","85.18518518518518518518518518518518518519",".0793",".3976",".1389","1.0347","1.9658","4.0115","US Treasury - Short Term","Government Bond ETFs"
"iShares Broad USD High Yield Corporate Bond ETF","USHY","28342.09",".6666666666666666666666666666666666666667",".0275","-.508","-.6829",".0607","1.7699","3.2138","Corporates - Junk/High Yield","High-Yield/Junk Bond ETFs"
"Principal U.S. Mega-Cap ETF","USMC","5052.66","94.38995953638296413140388176393937315685",".7408",".3671","-.5993","5.3278","14.2216","14.508","Style Box - Large Cap Blend","Style Box - Large Cap Blend"
"WisdomTree U.S. Multifactor ETF","USMF","276.34","68.96081771720613287904599659284497444634",".9743","-1.9773","-.7802","-1.0064","5.0396","1.7051","Style Box - All Cap Blend","Style Box - All Cap Blend"
"iShares MSCI USA Min Vol Factor ETF","USMV","23690.7","78.17679558011049723756906077348066298343",".6162","-1.1119","-1.1806","4.4644","5.1161","6.4734","Style Box - Large Cap Blend","Style Box - Large Cap Blend"
"Xtrackers Net Zero Pathway Paris Aligned US Equity ETF","USNZ","295.6","92.6077229841455111370489252018286158934",".9009","-.4659","-.9497","4.2312","15.5938","17.3302","Strategy - Socially Responsible","Style Box - All Cap Blend"
"United States Oil ETF","USO","2252.73","96.22600585619780934822687344105845352999","-2.1972","21.3855","9.1152","20.236","43.3596","112.1918","Energy -  Crude Oil","Energy ETFs"
"ETRACS Crude Oil Shares Covered Call ETN","USOI","262.58","23.93546680772282464956360751124041258926","-.2133","2.5647","1.5188","-11.8783","-14.3197","-7.9028","Derivative Based ETF","Energy ETFs"
"Franklin U.S. Equity Index ETF","USPX","2052.6","90.9964830011723329425556858147713950762",".8338","-.7348","-.7141","3.921","13.7007","16.8451","Style Box - All Cap Blend","Style Box - All Cap Blend"
"iShares Core U.S. REIT ETF","USRT","4485.77","59.57607872823618470855412566237698713096",".4049","-2.0061","-1.3162","-2.0929","5.9698","11.4783","Real Estate   - REITs","Real Estate ETFs"
"Segall Bryant & Hamill Select Equity ETF","USSE","352.45","87.83527769468541230431747931000099710839","1.4264","-2.5487","-.2216","2.1936","17.0711","22.8554","Style Box - All Cap Blend","Style Box - All Cap Blend"
"Xtrackers MSCI USA Selection Equity ETF","USSG","578.06","88.18791946308724832214765100671140939597",".8015","-1.2918","-1.6117","4.0652","14.2819","19.1558","Strategy - Socially Responsible","Style Box - All Cap Blend"
"VictoryShares US Small Mid Cap Value Momentum ETF","USVM","1759.79","81.54192022946625838210783363696267297182",".5431","-2.325","-1.5557","1.2655","14.5876","20.7051","Style Box - Small Cap Blend","Style Box - Small Cap Blend"
"iShares ESG Advanced MSCI USA ETF","USXF","1464.75","83.04312258969264929297651045927310973472",".9539","-2.2568","-1.2548","1.1705","17.8244","18.9458","Strategy - Socially Responsible","Style Box - All Cap Growth"
"Virtus Reaves Utilities ETF","UTES","1218.1","8.72093023255813953488372093023255813953","0","-2.4339","-1.5886","-3.1298","-6.0923","-6.0251","Utilities  - Broad","Utilities/Infrastructure ETFs"
"Invesco DB US Dollar Index Bullish ETF","UUP","319.54","75.11737089201877934272300469483568075117",".1427","-.2488","-.0356",".4293","1.8875","2.6325","Basket - Broad","Currency ETFs"
"ProShares Ultra VIX Short-Term Futures ETF","UVXY","327.01","1.18815738215816127775613556680950525906","-6.777","-14.9599","2.7952","-41.5125","-61.0463","-66.4432","Volatilty - Short Term","Volatility ETFs"
"ProShares Ultra Russell2000","UWM","231.15","72.97297297297297297297297297297297297297",".7398","-8.4827","-4.9185","-2.4007","25.9494","34.3352","Derivative Based ETF","Leveraged Equity ETFs"
"ProShares Ultra Financials","UYG","797.31","76.87927107061503416856492027334851936219","1.1178","-2.532","-3.1218","16.9338","30.023","6.6237","Derivative Based ETF","Leveraged Equity ETFs"
"Angel Oak UltraShort Income ETF","UYLD","1637.7","4.87804878048780487804878048780487804878",".0216",".2252","-.0196",".9471","1.8761","3.9743","Ultra short Bond ETF","Ultra short Bond ETF"
"American Century U.S. Quality Value ETF","VALQ","329.93","85.86012785039595458448621314760041980727","1.0301","-.4952","-1.3359","3.5153","8.392","12.2988","Style Box - All Cap Value","Style Box - All Cap Value"
"Vanguard Materials Index Fund ETF Shares","VAW","2951.22","70.83875767156406918355960572810117165706",".325","-4.0731","-2.9772","-.7525","1.5106","10.2182","Materials  - Broad","Materials ETFs"
"Vanguard Morningstar Small-Cap ETF","VB","78592.33","76.69560100044137119317345887891716933941",".7796","-4.1514","-2.1866",".0075","10.8529","15.0396","Style Box - Small Cap Blend","Style Box - Small Cap Blend"
"Vanguard 0-3 Month Treasury Bill ETF Shares","VBIL","11390.67","66.66666666666666666666666666666666666667",".0397",".3206",".0662",".9269","1.8621","3.7098","US Treasury - Ultra Short","Government Bond ETFs"
"Vanguard Morningstar Small-Cap Growth ETF","VBK","22906.52","69.8382717506787864478810057844410341164",".8018","-5.7696","-2.504","-2.4578","9.9588","13.7735","Style Box - Small Cap Growth","Style Box - Small Cap Growth"
"Vident U.S. Bond Strategy ETF","VBND","517.83",".6160164271047227926078028747433264887064",".0353","-.9302","-.9102","-1.7384","-1.0265","-.2904","Total Bond Market - Broad","Total Bond Market ETFs"
"Vanguard Morningstar Small-Cap Value ETF","VBR","36480.07","81.88707843880257673361121636983705949223",".77","-3.0165","-2.0274","1.6555","11.4357","16.0325","Style Box - Small Cap Value","Style Box - Small Cap Value"
"Vanguard Long-Term Corporate Bond Index Fund ETF Shares","VCLT","8779.24",".3488372093023255813953488372093023255814",".0425","-1.0706","-1.3544","-4.7314","-2.4899","-4.633","Long-Term Bond ETF","Long-Term Bond ETF"
"Vanguard Consumer Discretionary Index Fund ETF Shares","VCR","5800.12","50.02307337332718043377941855099215505307","1.0391","-5.1609","-1.8408","-2.8248","1.9301","-3.0018","Consumer Discretionary - Broad","Consumer Discretionary ETFs"
"Vanguard Consumer Staples Index Fund ETF Shares","VDC","7678.11","49.37316617764737263270205388103494265137",".4953","-2.0613","-1.3708","-1.8662","-1.2489","4.5172","Consumer Staples - Broad","Consumer Staples ETFs"
"Vanguard Energy Index Fund ETF Shares","VDE","11042.07","99.63762407436584213014022372774539152355",".3608","6.7748","1.6779","14.6133","15.3508","49.5609","Energy - Broad","Energy ETFs"
"Vanguard FTSE Developed Markets Index Fund ETF Shares","VEA","234799.92","92.61249160510409670920080591000671591672","1.0706","0","-1.4507","2.4642","11.1087","24.0265","Foreign Large Blend ETF","Foreign Large Blend ETF"
"Vanguard FTSE All-World ex-US Index Fund ETF Shares","VEU","69544.26","92.41209130166563849475632325724861196792","1.0439",".3062","-1.4234","2.5315","11.1218","22.4536","Foreign Large Blend ETF","Foreign Large Blend ETF"
"Vanguard Emerging Markets Ex-China ETF Shares","VEXC","270.28","95.23505637098489683046160391406083811955",".8619","2.4918","-1.1272","4.7256","17.1539","0","Geographic - Broad Emerging Markets","Broad Emerging Market ETFs"
"Vanguard Financials Index Fund ETF Shares","VFH","13318.47","86.92985818321195860482943656573399770027",".5543","-1.2024","-1.6684","8.7372","16.3498","7.3433","Financials-Broad","Financials ETFs"
"VictoryShares Free Cash Flow ETF","VFLO","10977.12","88.76462138313154114508516314385388877488",".5975","2.0139","-2.3589","17.8201","36.2983","43.7683","Style Box - Large Cap Value","Style Box - Large Cap Value"
"Vanguard U.S. Multifactor ETF Shares","VFMF","970.31","95.07348715001231628212496920929468757698",".8147",".1808","-1.0407","6.3276","19.2368","29.5316","Style Box - All Cap Blend","Style Box - All Cap Blend"
"Vanguard U.S. Momentum Factor ETF Shares","VFMO","1914.69","71.29463670205432234937267337653384806287",".9268","-1.8076","-.483","-2.627","13.4126","23.11","Style Box - All Cap Growth","Style Box - All Cap Growth"
"Vanguard U.S. Minimum Volatility ETF Shares","VFMV","450.1","86.34350017821681348337491725647945414736",".9728","-1.2051","-.4141","2.9909","6.5715","11.2473","Style Box - All Cap Blend","Style Box - All Cap Blend"
"Vanguard U.S. Quality Factor ETF Shares","VFQY","493.14","82.11901473296500920810313075506445672192",".7694","-2.1989","-2.1315","4.3853","13.9872","14.9323","Style Box - All Cap Blend","Style Box - All Cap Blend"
"Vanguard U.S. Value Factor ETF Shares","VFVA","940.43","90.35045023119980530542711121927476271599",".6854","-.7243","-2.2444","8.5096","18.4077","25.4136","Style Box - All Cap Value","Style Box - All Cap Value"
"Vanguard European Stock Index Fund ETF Shares","VGK","30305.7","79.26749509483322432962720732504905166776",".671","-2.4702","-1.8749","1.9664","8.3651","16.273","Geographic - Broad Europe","European Equity ETFs"
"Vanguard Long-Term Treasury Index Fund ETF Shares","VGLT","10345.89",".3076923076923076923076923076923076923077",".0386","-1.2219","-1.6673","-4.3383","-4.5113","-5.1975","US Treasury - Long Term","Government Bond ETFs"
"Vert Global Sustainable Real Estate ETF","VGSR","496.22","57.64774044032444959443800695249130938586",".6989","-2.7269","-1.3691","-2.3369","4.3719","6.1531","Real Estate   - Broad","Real Estate ETFs"
"Vanguard Information Technology Index Fund ETF Shares","VGT","146542.19","88.8578066473851405812905978853539424399","1.2037",".7489","-.1649","4.427","32.0215","35.2351","Technology  - broad","Technology ETFs"
"Vanguard Ultra-Short Treasury ETF Shares","VGUS","1079.72","47.61904761904761904761904761904761904762",".0132",".2796",".0132",".8904","1.7478","3.595","US Treasury - Ultra Short","Government Bond ETFs"
"Vanguard Health Care Index Fund ETF Shares","VHT","18786.96","76.33539588331860083343856547543881803258","-.1703","-1.5742","-3.3949","8.6914","10.5998","21.3551","Healthcare - Broad","Health Care ETFs"
"Vident International Equity Strategy ETF","VIDI","457.15","95.84259885913177994779077637049212027458","1.0363","3.7615","-.8296","3.257","14.612","32.8494","Foreign Large Value ETF","Foreign Large Value ETF"
"Vanguard Dividend Appreciation Index Fund ETF Shares","VIG","110748.77","80.00556947925368978000556947925368978001",".7151","-2.5281","-1.0702","2.537","9.1734","12.235","Strategy - Dividend Growth","Style Box - Large Cap Blend"
"Vanguard International Dividend Appreciation Index Fund ETF Shares","VIGI","8992.36","80.30619345859429366736256089074460681976",".8212","-2.1094","-2.4559","3.8702","8.2772","9.3252","Foreign Large Blend ETF","Foreign Large Blend ETF"
"Vanguard S&P Small-Cap 600 Growth Index Fund ETF Shares","VIOG","1058.02","72.90392408568048528782501447305494726774",".4383","-5.5372","-2.1622","-.4602","14.3763","17.6217","Style Box - Small Cap Growth","Style Box - Small Cap Growth"
"Vanguard S&P Small-Cap 600 Index Fund ETF Shares","VIOO","4139.93","78.17923186344238975817923186344238975818",".5339","-4.187","-2.2036",".2053","14.7481","18.3958","Style Box - Small Cap Blend","Style Box - Small Cap Blend"
"Vanguard S&P Small-Cap 600 Value Index Fund ETF Shares","VIOV","1832.91","83.08103004850734121170687241592603444347",".5132","-2.8336","-2.1756",".8987","14.7299","21.8685","Style Box - Small Cap Value","Style Box - Small Cap Value"
"Vanguard Industrials Index Fund ETF Shares","VIS","7793.02","62.06851803789255125875940825330910978458","1.2103","-7.2149","-1.6513","-3.0892","1.8514","13.9016","Industrials  - Broad","Industrials ETFs"
"ProShares VIX Short-Term Futures ETF","VIXY","224.12","1.59090909090909090909090909090909090909","-4.7357","-10.3627","1.7647","-29.1274","-44.5335","-47.1433","Volatilty - Short Term","Volatility ETFs"
"State Street SPDR S&P 1500 Value Tilt ETF","VLU","759.58","93.33641209182397198329773518828532394312",".8705","-.4563","-.8325","4.3888","14.2083","22.864","Style Box - All Cap Value","Style Box - All Cap Value"
"iShares MSCI USA Value Factor ETF","VLUE","9622.63","97.25151048453974647553607392489041582751","1.1449","2.7406","-1.1289","3.1922","39.727","68.4864","Style Box - Large Cap Value","Style Box - Large Cap Value"
"Janus Henderson Short Duration Income ETF","VNLA","3435.14","1.75438596491228070175438596491228070175",".0205",".1627","-.0615",".7889","1.7566","3.8346","Ultra short Bond ETF","Ultra short Bond ETF"
"VanEck Vietnam ETF","VNM","520.2","33.52601156069364161849710982658959537572","-2.7778","-.2849","-3.6344","-2.9933",".5169","-2.7288","Geographic - Vietnam","Frontier Markets"
"Vanguard Real Estate Index Fund ETF Shares","VNQ","37178.31","55.91397849462365591397849462365591397849",".7225","-1.6393","-1.2706","-2.0025","4.2645","5.3981","Real Estate   - Broad","Real Estate ETFs"
"Vanguard Global ex-U.S. Real Estate Index Fund ETF Shares","VNQI","3397.64","10.93333333333333333333333333333333333333",".1136","-3.1549","-2.6287","-2.8647","-5.7918","-8.4528","Real Estate   - Broad","Real Estate ETFs"
"Vanguard Morningstar Mid-Cap ETF","VO","105208.34","77.05685618729096989966555183946488294314",".7836","-2.4792","-1.5192","2.8278","10.8832","11.8256","Style Box - Mid Cap Blend","Style Box - Mid Cap Blend"
"Vanguard Morningstar Mid-Cap Value ETF","VOE","23865.61","86.68091168091168091168091168091168091168",".7455","-1.5529","-1.4348","4.8102","11.6715","19.8817","Style Box - Mid Cap Value","Style Box - Mid Cap Value"
"Tema Electrification ETF","VOLT","726.74","61.92121630960608154803040774015203870076","2.067","-4.3956","1.1068","-6.1392","6.5928","30.7335","Energy - Broad","Energy ETFs"
"Vanguard Russell 1000 Index Fund ETF Shares","VONE","8552.53","89.75334957369062119366626065773447015834",".8497","-.9826","-.8776","3.7067","13.3227","16.579","Style Box - Large Cap Blend","Style Box - Large Cap Blend"
"Vanguard Russell 1000 Growth Index Fund ETF Shares","VONG","45364.59","75.29850746268656716417910447761194029851",".8491","-1.0454","-.9052",".7909","8.6348","7.1784","Style Box - Large Cap Growth","Style Box - Large Cap Growth"
"Vanguard Russell 1000 Value Index Fund ETF Shares","VONV","21893.79","93.73567608861726508785332314744079449962",".8729","-.9018","-.8141","6.8784","18.22","27.1898","Style Box - Large Cap Value","Style Box - Large Cap Value"
"Vanguard 500 Index Fund ETF Shares","VOO","1036468.31","90.75511117743620355170870019400089538875",".8483","-.8272","-.7698","3.8766","13.5628","17.4232","Style Box - Large Cap Blend","Style Box - Large Cap Blend"
"Vanguard S&P 500 Growth Index Fund ETF Shares","VOOG","26788.07","90.42568861393430549418176461923700103108",".8065","-1.1334","-.8994","3.6963","16.3637","17.7214","Style Box - Large Cap Growth","Style Box - Large Cap Growth"
"Vanguard S&P 500 Value Index Fund ETF Shares","VOOV","6686.31","91.0555076215127983894161633592177164222",".8523","-.4513","-.6559","3.9832","10.3697","16.8999","Style Box - Large Cap Value","Style Box - Large Cap Value"
"Vanguard Morningstar Mid-Cap Growth ETF","VOT","18982.31","70.44572138530827768287001087125330020189",".7652","-3.7584","-1.729",".1625","9.5882",".9872","Style Box - Mid Cap Growth","Style Box - Mid Cap Growth"
"TCW Transform 500 ETF","VOTE","1120.54","90.86201991465149359886201991465149359886",".8863","-.776","-.7257","3.9166","14.0499","17.3763","Style Box - Large Cap Blend","Style Box - Large Cap Blend"
"Vanguard Communication Services Index Fund ETF Shares","VOX","5747.05","65.65107000362713093942691331157054769677","1.0909","2.3045","1.0374","2.1565",".7116","2.8224","Communication Services - Broad","Communication Services ETFs"
"Vanguard Pacific Stock Index Fund ETF Shares","VPL","8610.86","92.40104016180294712510835018780699219879","1.9774","4.1446","-.2702","3.3336","17.279","35.7452","Geographic - Broad Pacific","Asia-Pacific (Developed) ETFs"
"Vanguard Utilities Index Fund ETF Shares","VPU","8224.57","4.2634022794428028704094554664415365133","-.4456","-3.0074","-1.6957","-3.256","-6.7899","2.2073","Utilities  - Broad","Utilities/Infrastructure ETFs"
"Invesco Variable Rate Investment Grade ETF","VRIG","1929.04","33.33333333333333333333333333333333333333","-.0598",".2439","-.0199",".9975","2.0065","4.3409","Corporates - Floating Rate","Investment Grade Corporate Bond ETFs"
"Invesco Variable Rate Preferred ETF","VRP","3001.35","25.83333333333333333333333333333333333333",".0416","-.2913","-.5379","-.1256","1.1208","2.917","Corporates - Floating Rate","Convertibles/CEFs/OET/Preferred Stock ETFs"
"VictoryShares Dividend Accelerator ETF","VSDA","213.94","68.44051777275529073351140332853914115472",".2508","-3.9262","-2.189","3.1185","6.3262","9.5913","Strategy - Dividend Growth","Style Box - Large Cap Value"
"Vanguard ESG International Stock ETF Shares","VSGX","6736.31","90.56831922611850060459492140266021765417",".9994",".4607","-1.8477","2.2919","13.2941","22.7405","Strategy - Socially Responsible","World ETFs"
"Applied Finance Valuation Large Cap ETF","VSLU","555.95","90.10356731875719217491369390103567318757",".9994","-.7387","-1.1412","5.5414","11.6456","14.65","Style Box - Large Cap Blend","Style Box - Large Cap Blend"
"Vanguard FTSE All-World ex-US Small-Cap Index Fund ETF Shares","VSS","11829.16","84.01241753977493209157935584012417539775",".7242","-.1574","-1.7231","1.5793","5.9541","14.1209","Foreign Small/Mid Growth ETF","Foreign Small/Mid Growth ETF"
"Vanguard Total World Stock Index Fund ETF Shares","VT","80893.86","91.31205673758865248226950354609929078014",".8894","-.5472","-1.1068","3.1442","12.437","18.6697","World Small/Mid Stock ETF","World Small/Mid Stock ETF"
"Vanguard Russell 3000 Index Fund ETF Shares","VTHR","4771.4","89.22400493674791730947238506633755013885",".874","-1.0609","-.8835","3.7393","13.4418","16.8858","Style Box - All Cap Blend","Style Box - All Cap Blend"
"Vanguard Morningstar Total Stock Market ETF","VTI","681313.06","88.99752134398237400165243734508399889838",".8225","-1.1402","-.9006","3.5832","13.5374","17.0669","Style Box - All Cap Blend","Style Box - All Cap Blend"
"Vanguard Short-Term Inflation-Protected Securities Index Fund ETF Shares","VTIP","20529.29","8.08823529411764705882352941176470588235","-.282","-.3423","-.4625","-.3764",".5268","1.7006","US Treasury - TIPS","Inflation-Protected Bond ETFs"
"Vanguard Morningstar Value ETF","VTV","190131.75","92.06989247311827956989247311827956989247",".7241","-.6124","-1.0995","4.6363","13.4114","22.5736","Style Box - Large Cap Value","Style Box - Large Cap Value"
"Vanguard Russell 2000 Growth Index Fund ETF Shares","VTWG","1461.34","70.5731085395628367933659833282769181872",".565","-5.5166","-2.6358","-2.707","13.5346","17.0721","Style Box - Small Cap Growth","Style Box - Small Cap Growth"
"Vanguard Russell 2000 Index Fund ETF Shares","VTWO","16921.66","78.64362569285947179654385392892076948158",".361","-4.0355","-2.3909","-.2629","14.7755","21.2582","Style Box - Small Cap Blend","Style Box - Small Cap Blend"
"Vanguard Russell 2000 Value Index Fund ETF Shares","VTWV","1361.55","86.83048569783067767325782299865617200998",".4049","-2.3168","-2.1536","2.2179","16.2985","25.7761","Style Box - Small Cap Value","Style Box - Small Cap Value"
"Vanguard Morningstar Growth ETF","VUG","224373.88","88.81111987381703470031545741324921135647",".9288","-.6434","-.4862","3.5154","14.1614","12.8259","Style Box - Large Cap Growth","Style Box - Large Cap Growth"
"Vident U.S. Equity Strategy ETF","VUSE","667.4","81.96746121831252364737041241013999243284",".6232","-1.8133","-1.5327","2.1377","10.8967","8.6351","Style Box - All Cap Value","Style Box - All Cap Value"
"Vanguard Morningstar Large-Cap ETF","VV","53700.28","91.37905713026876193273608459391981201351",".8555","-.6595","-.7015","4.0152","13.8735","17.1497","Style Box - Large Cap Blend","Style Box - Large Cap Blend"
"Vanguard Emerging Markets Stock Index Fund ETF Shares","VWO","126236.95","87.91574279379157427937915742793791574279",".684",".3826","-1.7741","2.2352","8.7491","15.2165","Geographic - Broad Emerging Markets","Broad Emerging Market ETFs"
"Vanguard Extended Market Index Fund ETF Shares","VXF","30713.53","76.28370890284447728112301440709272257111",".6775","-3.8304","-2.0193",".4025","13.7952","13.9374","Style Box - Mid Cap Blend","Style Box - Mid Cap Blend"
"Vanguard Total International Stock Index Fund ETF Shares","VXUS","163074.28","92.17980295566502463054187192118226600985",".9968",".2531","-1.4365","2.5616","10.837","21.817","Foreign Large Blend ETF","Foreign Large Blend ETF"
"iPath Series B S&P 500 VIX Short-Term Futures ETN","VXX","344.56","2.01342281879194630872483221476510067114","-4.2903","-9.8753","1.9752","-28.6335","-43.9864","-46.348","Volatilty - Short Term","Volatility ETFs"
"Vanguard High Dividend Yield Index Fund ETF Shares","VYM","82102.74","86.09607577807848443843031123139377537212",".6735","-1.9381","-.7977","3.049","9.6289","17.2642","Style Box - Large Cap Value","Style Box - Large Cap Value"
"Vanguard International High Dividend Yield Index Fund ETF Shares","VYMI","21767.54","93.68029739776951672862453531598513011152",".8307","1.1979","-1.3361","6.5373","12.6098","27.4848","Foreign Large Value ETF","Foreign Large Value ETF"
"Pabrai Wagons ETF","WAGN","290.92","69.34501142421934501142421934501142421935","-.3207","1.9685","-4.3103","4.3653","8.5802","0","World Small/Mid Stock ETF","World Small/Mid Stock ETF"
"WisdomTree Cloud Computing ETF","WCLD","317.76","77.07240293809024134312696747114375655824","-.2315","-3.0742","-4.7642","26.4428","34.4893","7.4536","Technology  - Cloud Computing","Technology ETFs"
"First Trust WCM International Equity ETF","WCMI","2025.02","89.32714617169373549883990719257540603248",".8209","-.2538","-1.4544","2.1639","13.1373","21.1196","Foreign Large Blend ETF","Foreign Large Blend ETF"
"State Street SPDR S&P Global Dividend ETF","WDIV","285.59","89.41086137093396621527293033645120759458",".3643",".4396","-1.5221","4.2163","10.3695","18.8726","Global Large-Cap Value Equity ETF","Global Large-Cap Value Equity ETF"
"Teucrium Wheat ETF","WEAT","323.99","78.44827586206896551724137931034482758621","-1.7222","10.7128","-.906","17.0308","14.8796","25.5981","Agriculture - Wheat","Agricultural ETFs"
"Tema U.S. Manufacturing & Reshoring ETF","WELD","270.5","10.96676737160120845921450151057401812689","1.8646","-7.5036","-1.3709","0","0","0","Industrials  - Broad","Industrials ETFs"
"CoinShares Bitcoin Mining and Digital Power ETF","WGMI","296.27","37.03796831782750817198893638420920291677","3.247",".9222","-.8846","-26.3767","20.9147","31.9316","Digital Economy ETF","Digital Economy ETF"
"Harbor Long-Term Growers ETF","WINN","1182.63","88.37209302325581395348837209302325581395",".7843","-1.6485","-.6542","4.2434","13.6395","8.5445","Style Box - All Cap Growth","Style Box - All Cap Growth"
"State Street SPDR FTSE International Government Inflation-Protected Bond ETF","WIP","473.3","35.16483516483516483516483516483516483516",".1268",".3984","-.6041",".8264","2.1387","6.5835","Sovereign - Inflation-Protected","Inflation-Protected Bond ETFs"
"iShares Global Timber & Forestry ETF","WOOD","266.5","34.47502662705308593531027523964347777342",".3645","-2.5035","-1.3523","6.08","-2.0624","-4.2558","Materials  - Timber","Materials ETFs"
"WisdomTree Quantum Computing Fund","WQTM","334.84","47.97109505280711506392440244580322401334","1.6221","-6.3325","0","-12.7764","21.2984","0","Technology  - broad","Technology ETFs"
"iShares MSCI World Small-Cap ETF","WSML","665.95","80.75404927181162379202395535592758949231",".5507","-2.3901","-2.1684","1.1043","10.4116","18.2988","World Small/Mid Stock ETF","World Small/Mid Stock ETF"
"WisdomTree Artificial Intelligence and Innovation Fund","WTAI","695.86","69.79648473635522664199814986123959296947",".9657","1.8262","-.2861","-4.6294","40.2414","53.9869","Artificial Intelligence and Robotics ETF","Artificial Intelligence and Robotics ETF"
"WisdomTree Managed Futures Strategy ETF","WTMF","267.5","95.1171875","-.0119","1.7514",".0594","3.5144","5.3263","15.4363","Derivative Based ETF","Hedge Fund ETFs"
"WisdomTree Equity Premium Income Fund","WTPI","530.23","64.89361702127659574468085106382978723404",".6111","-.2628","-.6337","3.4695","5.1918","11.6661","Derivative Based ETF","Style Box - Large Cap Blend"
"WisdomTree U.S. Value Fund","WTV","3276.61","90.27777777777777777777777777777777777778",".7777",".3171","-1.4928","5.2404","13.5357","18.8961","Style Box - Large Cap Value","Style Box - Large Cap Value"
"Inspire International ETF","WWJD","579.54","86.75187969924812030075187969924812030075",".1065","-.2246","-1.7282","4.6772","8.3603","16.6659","Strategy - Socially Responsible","World ETFs"
"State Street SPDR S&P Aerospace & Defense ETF","XAR","5486.5","34.89356245191074634521672223647088997179",".5313","-15.8622","-2.7519","-13.4914","-11.2872","11.7709","Industrials  - Aerospace & Defense","Industrials ETFs"
"State Street SPDR S&P Biotech ETF","XBI","10820.58","82.46190225959012086179716237519705727798","-.3954","-1.183","-4.6456","17.7777","23.7048","63.8154","Healthcare - Biotech","Health Care ETFs"
"F/m US Treasury 6 Month Bill ETF","XBIL","753.4","33.33333333333333333333333333333333333333","0",".2673","0",".8896","1.7532","3.59","US Treasury - Ultra Short","Government Bond ETFs"
"Roundhill Ultra Short Duration No Dividend Target ETF","XBOX","286.53","100",".0496",".4078",".0992","1.1981","0","0","Hedge Fund - Long/Short","Hedge Fund ETFs"
"Columbia EM Core ex-China ETF","XCEM","2083.59","85.10301109350237717908082408874801901743","1.5978","5.5038","-.2582","1.0661","22.8558","45.6832","Geographic - Broad Emerging Markets","Broad Emerging Market ETFs"
"AB US Equity ETF","XCHG","707.01","89.03066474583247581806956163819715990945",".8679","-1.4091","-.7814","4.8315","11.706","0","Style Box - All Cap Blend","Style Box - All Cap Blend"
"FT Vest U.S. Equity Enhance & Moderate Buffer ETF - December","XDEC","203.69","99.62556165751372940589116325511732401398",".2295",".4832","0","2.6684","6.9033","9.4239","Derivative Based ETF","Defined Outcome"
"Roundhill S&P 500 0DTE Covered Call Strategy ETF","XDTE","333.01","27.62557077625570776255707762557077625571","1.2351","-.3169","-.6306","4.7124","10.8165","14.6145","Derivative Based ETF","Derivative Based ETF"
"BondBloxx JP Morgan USD Emerging Markets 1-10 Year Bond ETF","XEMD","932.38","21.43640350877192982456140350877192982456","-.091","-.7079","-1.0026","-.8157","1.6031","5.6187","International - Emerging Market","Emerging Market Bond ETFs"
"State Street SPDR S&P Oil & Gas Equipment & Services ETF","XES","408.34","82.13304851998779371376258773268233140067",".445",".3871","-.376","-.5545","9.1914","72.6086","Energy - Equipment and services","Energy ETFs"
"State Street SPDR S&P Homebuilders ETF","XHB","1269.52","13.58490566037735849056603773584905660377","1.5994","-10.7344","-4.6392","-8.5413","-4.0876","-16.4981","Industrials  - Engineering and Construction","Industrials ETFs"
"BondBloxx Bloomberg Six Month Target Duration US Treasury ETF","XHLF","2012.32","11.11111111111111111111111111111111111111",".0199",".2506","-.0199",".8581","1.6751","3.7842","US Treasury - Ultra Short","Government Bond ETFs"
"State Street SPDR S&P Health Care Services ETF","XHS","220.31","95.56994882697584732145064398902375713827",".5756","1.8033",".2411","11.7338","29.6683","36.1552","Healthcare - Services","Health Care ETFs"
"iShares ESG Select Screened S&P Mid-Cap ETF","XJH","413.2","74.04492394764768305624336752741422002122",".9039","-4.5472","-2.015","-1.0609","9.5818","13.6171","Strategy - Socially Responsible","Style Box - Mid Cap Blend"
"iShares ESG Select Screened S&P Small-Cap ETF","XJR","209.31","76.2499076877630898751938556975112620929",".6702","-4.4345","-2.2084","-.2603","15.1924","17.0931","Strategy - Socially Responsible","Style Box - Small Cap Blend"
"State Street Materials Select Sector SPDR ETF","XLB","8352.43","76.22377622377622377622377622377622377622",".3743","-4.3013","-2.8413","-.1499","3.0328","11.8644","Materials  - Broad","Materials ETFs"
"State Street Communication Services Select Sector SPDR ETF","XLC","22612.2","49.11564625850340136054421768707482993197",".9865","1.1953",".5088",".6812","-3.213","-2.0182","Communication Services - Broad","Communication Services ETFs"
"State Street Energy Select Sector SPDR ETF","XLE","42460.87","99.25110132158590308370044052863436123348",".3234","6.9096","1.6859","14.7144","15.6723","49.5735","Energy - Broad","Energy ETFs"
"State Street Financial Select Sector SPDR ETF","XLF","54057.52","87.81395348837209302325581395348837209302",".6682","-.9516","-1.463","9.1545","16.2139","7.4539","Financials-Broad","Financials ETFs"
"Invesco S&P 500 Top 50 ETF","XLG","11442.33","85.62925170068027210884353741496598639456",".8174",".271","-.2221","2.8683","10.4113","12.1888","Style Box - Large Cap Blend","Style Box - Large Cap Blend"
"State Street Industrial Select Sector SPDR ETF","XLI","30993.37","63.44364012409513960703205791106514994829","1.0671","-7.1782","-1.6546","-1.3337","2.2286","14.1549","Industrials  - Broad","Industrials ETFs"
"State Street Technology Select Sector SPDR ETF","XLK","120543.36","85.09404610380427096591712629048225144958","1.3228",".8491",".2082","2.5588","33.9211","39.0564","Technology  - broad","Technology ETFs"
"State Street Consumer Staples Select Sector SPDR ETF","XLP","14430.39","53.99028452463566967383761276891047883414",".349","-1.5468","-1.4188","-1.5431","-.2139","6.1885","Consumer Staples - Broad","Consumer Staples ETFs"
"State Street Real Estate Select Sector SPDR ETF","XLRE","8052.5","56.83333333333333333333333333333333333333",".8595","-1.4973","-1.1609","-2.4908","3.9194","5.3714","Real Estate   - REITs","Real Estate ETFs"
"State Street US Sector Rotation ETF","XLSR","1046.97","88.74551971326164874551971326164874551971",".8702","-.9403","-.6369","2.4425","9.1352","12.0422","Style Box - All Cap Blend","Style Box - All Cap Blend"
"State Street Utilities Select Sector SPDR ETF","XLU","22074.19","8.8737201365187713310580204778156996587","-.3057","-2.8421","-1.6017","-3.1228","-6.8998","2.4697","Utilities  - Broad","Utilities/Infrastructure ETFs"
"State Street Health Care Select Sector SPDR ETF ETF","XLV","43024.44","75.16245487364620938628158844765342960289","-.1811","-1.5773","-3.5521","7.7398","9.0029","20.1636","Healthcare - Broad","Health Care ETFs"
"State Street Consumer Discretionary Select Sector SPDR ETF","XLY","21446.67","38.70625662778366914103923647932131495228",".8932","-5.2667","-1.697","-2.6713","-.6406","-4.0755","Consumer Discretionary - Broad","Consumer Discretionary ETFs"
"State Street SPDR S&P Metals & Mining ETF","XME","4722.81","57.69993390614672835426305353602115003305","-.9933","-3.5645","-4.2067","-3.9204","-.9807","32.4995","Materials  - Broad","Materials ETFs"
"Invesco S&P MidCap Quality ETF","XMHQ","5420.99","77.08798570790531487271103171058508262617",".6314","-3.8381","-2.8201","3.6662","10.3806","7.7483","Style Box - Mid Cap Blend","Style Box - Mid Cap Blend"
"Invesco S&P MidCap Low Volatility ETF","XMLV","730.04","60.59208929871390439213783062363504003883","-.099","-1.7785","-1.4836","2.5743","4.3264","6.5921","Style Box - Mid Cap Blend","Style Box - Mid Cap Blend"
"Invesco S&P MidCap Momentum ETF","XMMO","7218.72","50.81781008632439800090867787369377555657",".8884","-6.1085","-1.3676","-9.3062","4.5206","12.5916","Style Box - Mid Cap Growth","Style Box - Mid Cap Growth"
"Invesco S&P MidCap Value with Momentum ETF","XMVM","518.01","92.47219355578488705423689943813782823071",".3095","-.4181","-1.7308","5.9154","16.6224","20.7813","Style Box - Mid Cap Value","Style Box - Mid Cap Value"
"State Street SPDR NYSE Technology ETF","XNTK","1877.23","80.33861277990169306389950846531949754233","1.5833",".38",".1245","-1.2192","33.4021","41.1429","Technology  - broad","Technology ETFs"
"Xtrackers S&P 100 Ex Top 20 ETF","XOEX","284.96","84.99030739407366380504015508169482137912",".6224","-1.5595","-1.5619","2.9581","13.2634","0","Style Box - Large Cap Value","Style Box - Large Cap Value"
"State Street SPDR S&P Oil & Gas Exploration & Production ETF","XOP","4075.55","100",".1279","9.727","2.627","20.2303","19.7262","51.4568","Energy - Exploration","Energy ETFs"
"ERShares Private-Public Crossover ETF","XOVR","1491.8","82.57575757575757575757575757575757575758","1.3158","3.7943","-1.2352","3.4328","18.0579","0","Style Box - Large Cap Blend","Style Box - Large Cap Blend"
"State Street SPDR S&P Pharmaceuticals ETF","XPH","591.71","76.80594900849858356940509915014164305949","-.7352","-3.1976","-4.8217","13.0484","21.8778","42.503","Healthcare - Pharma","Health Care ETFs"
"NEOS Boosted Nasdaq-100 High Income ETF","XQQI","328.25","52.43328100470957613814756671899529042386","1.419",".468","-.4098",".3948","13.8861","0","Derivative Based ETF","Style Box - Large Cap Growth"
"Bitwise XRP ETF","XRP","323.7","27.4509803921568627450980392156862745098",".9954","34.4523","-2.7476","19.0923","-2.1222","0","Digital Economy ETF","Digital Economy ETF"
"Canary XRP ETF","XRPC","311.96","27.42107130188009932600212841433132316424",".9072","34.5116","-2.8552","19.0123","-2.2973","0","Digital Economy ETF","Digital Economy ETF"
"Franklin XRP ETF","XRPZ","324.43","27.48251748251748251748251748251748251748",".6812","34.2416","-2.7632","19.0975","-2.184","0","Digital Economy ETF","Digital Economy ETF"
"State Street SPDR S&P Retail ETF","XRT","451.62","49.83410749834107498341074983410749834107","1.3871","-5.4","-3.1967","-3.0723","4.2193","-3.0587","Consumer Discretionary - Retail","Consumer Discretionary ETFs"
"State Street SPDR S&P Semiconductor ETF","XSD","2648.54","60.16359014037802586492760030949486017464","3.0787","-4.6292","2.8731","-15.3567","50.1478","68.9797","Technology  - Semiconductors","Technology ETFs"
"Invesco S&P SmallCap Quality ETF","XSHQ","295.27","69.42942942942942942942942942942942942943",".5051","-4.0343","-2.6213",".6351","11.5114","6.2205","Style Box - Small Cap Blend","Style Box - Small Cap Blend"
"Invesco S&P SmallCap Low Volatility ETF","XSLV","248.67","74.33982114676486059968437664387164650184","-.0655","-2.6605","-1.787","1.7549","9.688","10.9185","Style Box - Small Cap Blend","Style Box - Small Cap Blend"
"Invesco S&P SmallCap Momentum ETF","XSMO","2949.67","60.5115907274180655475619504396482813749",".2274","-5.6657","-1.5169","-5.3748","9.5966","13.3732","Style Box - Small Cap Growth","Style Box - Small Cap Growth"
"WisdomTree Emerging Markets ex-State-Owned Enterprises ETF","XSOE","2110.82","77.28987260693189096861433349939506084976","1.3511","2.3962","-1.5226","-.29","15.4528","30.4793","Strategy - Socially Responsible","Broad Emerging Market ETFs"
"Invesco S&P SmallCap Value with Momentum ETF","XSVM","635.63","81.60866676886912974602687924778987173591",".2611","-2.0616","-2.0464","1.3693","17.8907","21.2335","Style Box - Small Cap Value","Style Box - Small Cap Value"
"State Street SPDR S&P Software & Services ETF","XSW","479.76","79.86279257465698143664245359160613397902",".977","-.9583","-3.7687","18.4065","27.6982","-.0358","Technology  - Software","Technology ETFs"
"iShares Future Exponential Technologies ETF","XT","3860.68","83.63675769397485912440398786302557433897",".8632","-2.1212","-1.4155",".776","15.364","24.3744","Technology  - broad","Technology ETFs"
"State Street SPDR S&P Telecom ETF","XTL","551.69","67.4319506044003826419688668579876511001","1.9055","-2.9372",".8203","-8.4783","10.5852","51.6591","Communication Services - Broad","Communication Services ETFs"
"State Street SPDR S&P Transportation ETF","XTN","340.23","60.28044663723708127759023630225915346663",".5399","-6.6673","-2.9435","-11.785","12.158","19.5936","Industrials  - Transportation/Shipping","Industrials ETFs"
"BondBloxx Bloomberg Twenty Year Target Duration US Treasry ETF","XTWY","242.06","1.1728709841917389087200407955124936257",".1995","-1.094","-1.8386","-5.861","-5.9417","-7.5755","US Treasury - Long Term","Government Bond ETFs"
"iShares ESG Select Screened S&P 500 ETF","XVV","671.93","90.78164825828377230246389124893797790994","1.0013","-.8961","-.9095","4.3723","14.0916","16.027","Strategy - Socially Responsible","Style Box - Large Cap Blend"
"Global X S&P 500 Covered Call ETF","XYLD","3323.34","97.60479041916167664670658682634730538922",".7017",".8439","-.096","5.513","8.1804","16.9176","Style Box - Large Cap Blend","Derivative Based ETF"
"Direxion Daily FTSE China Bull 3X ETF","YINN","597.38","15.15496161501279499573500142166619277794","1.0566","-10.9411","-11.6755","-6.5786","-22.2847","-48.8997","Derivative Based ETF","Leveraged Equity ETFs"
"Principal Active High Yield ETF","YLD","614.43","12.32876712328767123287671232876712328767",".1597",".2282","-.3706","1.2361","2.8671","4.3108","Corporates - Junk/High Yield","High-Yield/Junk Bond ETFs"
"YieldMax Magnificent 7 Fund of Option Income ETFs","YMAG","294.31","9.19540229885057471264367816091954022989",".5367","1.819",".3023","5.322","6.582","8.7349","Derivative Based ETF","Technology ETFs"
"YieldMax Universe Fund of Option Income ETFs","YMAX","370.39","3.40715502555366269165247018739352640545",".5384",".773","-2.0832","4.8275","9.5323","-4.3073","Derivative Based ETF","Derivative Based ETF"
"YOKE Core ETF","YOKE","229.38","74.28233205090263391535957383841373187334",".8033","-2.9713","-1.6528","-1.6769","9.7661","14.261","Moderate Allocation","Total Portfolio ETFs"
"Amplify CEF High Income ETF","YYY","725.89","22.13114754098360655737704918032786885246","-.182","-3.0594","-1.6143",".1768","3.1774","4.6374","Strategy - CEFs/OET","Convertibles/CEFs/OET/Preferred Stock ETFs"
"Innovator U.S. Equity 10 Buffer ETF - Quarterly","ZALT","786.44","97.02970297029702970297029702970297029703",".4363",".3487","-.159","2.296","5.4995","8.8005","Derivative Based ETF","Defined Outcome"
"Global X U.S. Electrification ETF","ZAP","457.45","52.79798129731334421849487902627282173074",".7919","-2.3926","-.1255","-2.9183","-1.0019","13.7888","Energy - Broad","Energy ETFs"
"Zacks Earnings Consistent Portfolio ETF","ZECP","368.09","80.6737588652482269503546099290780141844",".8857","-2.4143","-.8703","1.3235","8.1415","14.0242","Style Box - All Cap Blend","Style Box - All Cap Blend"
"PIMCO 25+ Year Zero Coupon U.S. Treasury Index ETF","ZROZ","1607.99","5.71837026447462473195139385275196568978",".5392","-.8746","-1.8342","-7.7879","-7.6026","-11.637","US Treasury - Long Term","Government Bond ETFs"
