Company Name,Ticker,Market Cap (mil),Last Close,Avg Volume,% Price Change (1 Week),% Price Change (4 Weeks),% Price Change (12 Weeks),Price as a % of 52 Wk H-L Range,Relative Price Change (YTD),Sales Growth F(0)/F(-1),Operating Margin 12 Mo %,52 Week High,52 Week Low,Zacks Industry Rank,Sector,Industry,Net Margin %,Zacks Rank
"Agilent Technologies","A","37523.91","132.86","2193409","-1.73","4.89","15.66","48.17","-10.99","6.73","22.83","157.2","110.24","168","Medical","Medical - Products","19.55","3"
"Alcoa","AA","11703.51","44.35","6700635","-9.6","-19.48","-29.79","28.8","-23.92","7.87","9.29","83.79","28.4","238","Industrial Products","Metal Products - Distribution","9.48","5"
"American Airlines","AAL","10105.96","15.28","145507152","-2.49","-5.33","31.27","63.99","-9.14",".78",".64","18.15","10.18","78","Transportation","Transportation - Airline",".36","2"
"Acadian Asset Management Inc.","AAMI","2991.05","83.95","473342","4.13","14.98","25.47","100","62.83","11.49","22.65","83.95","39.3","186","Finance","Financial - Miscellaneous Services","13.78","1"
"Applied Optoelectronics","AAOI","9569.75","119.26","9300882","-4.93","-19.11","-13.11","49","211.87","82.75","-3.91","223.1","19.49","60","Computer and Technology","Electronics - Semiconductors","-8.55","3"
"AAON","AAON","8650.7","105.61","994662","-6.48","-18.42","19.9","44.02","26.26","20.11","7.45","148.25","72.07","48","Construction","Building Products - Air Conditioner and Heating","7.3","3"
"Advance Auto Parts","AAP","3359.8","55.64","1805188",".42","1.51","-1.7","60.87","29.06","-5.42","2.28","66.5","38.75","30","Retail-Wholesale","Automotive - Retail and Wholesale - Parts",".51","2"
"Apple","AAPL","4813633.5","327.74","63030004","4.09","11.36","21.07","95.43","9.9","6.43","27.15","333.74","202.38","19","Computer and Technology","Computer - Micro Computers","27.15","3"
"American Assets Trust","AAT","1552.58","25.29","372047",".44","3.86","17.25","93.08","21.79","-4.73","4.16","25.85","17.76","73","Finance","REIT and Equity Trust - Retail","4.16","3"
"Allied Gold Corporation","AAUC","2662.57","21.04","542258","-6.9","-14.82","-30.17","46.3","-16.17","82.35","12.12","32.01","11.58","231","Basic Materials","Mining - Gold","-9.08","5"
"ABB","ABBNY","181950.81","99.8","501888","-4","-5.82","3.43","78.03","23","1.13","13.74","109.73","64.55","105","Industrial Products","Manufacturing - Electronics","13.86","3"
"AbbVie","ABBV","452475.66","256.1","8758382","4.62","9.09","29.55","93.48","2.18","8.57","28.85","261.07","184.85","230","Medical","Large Cap Pharmaceuticals","5.79","3"
"Ameris Bancorp","ABCB","6101.41","90.67","509572",".62","2.63","5.85","90.91","11.29","-.36","35","93.17","65.68","78","Finance","Banks - Southeast","25.73","4"
"ABCELLERA BIOLG","ABCL","1823.09","5.97","7690100","-11.42","6.04","43.51","59.74","59.13","160.56","-181.75","8.12","2.78","98","Medical","Medical - Biomedical and Genetics","-181.75","3"
"ABM Industries","ABM","2750.38","46.95","505968","3.64","6.92","16.1","77.91","1.18","4.62","2.32","49.66","37.39","204","Business Services","Business - Services","1.75","3"
"Airbnb","ABNB","86849.78","144.1","3369415","-1.67","3.78","3.64","87.08","-3.21","10.26","19.9","148.93","111.54","87","Consumer Discretionary","Leisure and Recreation Services","19.9","4"
"Arbor Realty Trust","ABR","981.04","5.1","3786727","2","0","-36.65","2.52","-40.09","-19.51","23.55","12.46","4.91","180","Finance","REIT and Equity Trust","12.73","4"
"Abbott Laboratories","ABT","173606.45","99.67","13077291","12.04","10.1","6.19","31.65","-27.48","5.67","19.79","136.62","82.56","168","Medical","Medical - Products","11.65","3"
"American Bitcoin Corp.","ABTC","458.74","6.47","1772274","19.82","-44.17","-63.12",".88","-76.86","801.52","-69.42","139.58","5.28","186","Finance","Financial - Miscellaneous Services","-69.42",""
"Abacus Global Management, Inc.","ABX","995.67","10.38","763092","-6.82","7.79","9.84","76.79","10.67","110.18","33.72","12","5.02","186","Finance","Financial - Miscellaneous Services","15.63","2"
"Arcosa","ACA","7101.79","144.65","954288","-.3","-.19","22.69","98.82","24.03","12.2","7.84","145.38","83.66","98","Construction","Building Products - Miscellaneous","7.88","2"
"ACADIA Pharmaceuticals","ACAD","4354.53","25.43","1754022","-.24","12.52","12.18","67.13","-13.21","11.87","9.24","28.06","20.06","98","Medical","Medical - Biomedical and Genetics","34.3","2"
"Air Canada","ACDVF","4511.75","16.11","359692","-.95","-5.46","22.05","70.14","4.68","-1.43","2.63","17.83","12.07","78","Transportation","Transportation - Airline","3.45","3"
"Accel Entertainment","ACEL","988.11","12.14","319368","-2.88","-6.69","-.41","66.58","-3.01","8.12","5.42","13.41","9.61","176","Consumer Discretionary","Gaming","3.79","2"
"Arch Capital Group","ACGL","35131.13","100.55","1696584","-.97","7.3","3.6","86.31","-4.44","14.27","21.73","103.06","84.72","158","Finance","Insurance - Property and Casualty","24.64","3"
"Acadia Healthcare","ACHC","3274.95","35.61","3523192","12.69","45.11","29.11","100","128.77","5.04","5.31","35.61","11.68","221","Medical","Medical - Hospital","-32.84","3"
"Albertsons Companies","ACI","7209.54","14.72","6311475",".75","5.82","-11.11","17.28","-21.85","3.46","1.45","20.8","13.45","186","Consumer Staples","Consumer Products - Staples",".26","3"
"American Coastal Insurance Corporation","ACIC","493.85","10.19","315954","-5.91","-6.94","-16.82","9.55","-26.45","13.07","30.81","13.03","9.89","158","Finance","Insurance - Property and Casualty","31.32","5"
"ACI Worldwide","ACIW","5763.19","56.69","1117527","2.87","25.5","29.02","90.2","8.09","10.38","17.1","58.67","38.47","93","Computer and Technology","Computer - Software","11.51","2"
"Axcelis Technologies","ACLS","4401.4","143.21","595399",".68","-16.28","6.86","60.95","62.5","-17.57","16.89","191.6","67.69","30","Computer and Technology","Electronics - Manufacturing Machinery","11.93","3"
"AECOM","ACM","8860.37","68.94","1633447",".57","-.19","-14.95","3.08","-34.08",".21","9.55","134.35","66.86","96","Construction","Engineering - R and D Services","3.16","4"
"ACM Research","ACMR","5833.67","95.27","1483878","-3.67","-3.88","92.35","69.29","120.15","15.24","10.75","126.89","23.92","105","Computer and Technology","Semiconductor Equipment - Material Services","9.48","3"
"Accenture","ACN","94067.84","140.86","9917354","4.68","10.9","-20.75","10.01","-52.14","7.36","11.72","288.54","124.44","64","Computer and Technology","Computers - IT Services","10.66","4"
"Aclaris Therapeutics","ACRS","794.69","5.69","2092955","4.79","15.65","34.83","99.52","72.33","-58.19","-832.58","5.71","1.53","105","Medical","Medical - Drugs","-832.58","3"
"Enact Holdings","ACT","6353.23","45.51","340436","-.31","5.06","3.41","91.43","4.66","2.83","54.87","46.55","34.42","169","Finance","Insurance - Multi line","54.49","4"
"ACV Auctions","ACVA","1384.46","7.93","3147024","9.68","23.91","57.97","34.08","-9.86","19.22","3.8","15.24","4.15","205","Business Services","Auction and Valuation Services","-7.97","3"
"Array Digital Infrastructure Inc.","AD","2935.01","33.97","345603","-.56","-10.39","-29.38","0","-42.25","-95.68","31.34","77.01","33.97","199","Computer and Technology","Wireless National","19.32","2"
"Adamas Trust, Inc.","ADAM","795.27","8.85","840906","-3.28","-2.43","8.86","79.25","10.52","50.01","75.85","9.51","6.33","180","Finance","REIT and Equity Trust","24.14","3"
"Adobe","ADBE","90296.1","227.16","5739671","2.89","15.06","-6.6","18.81","-40.83","10.53","37.44","372.87","193.41","93","Computer and Technology","Computer - Software","28.69","3"
"Agree Realty","ADC","9639.46","80.26","1041002","2.91","7.92","4.44","85.81","1.58","16.42","30.76","81.92","70.22","73","Finance","REIT and Equity Trust - Retail","29.25","3"
"ADEIA INC","ADEA","3079.4","27.92","1600400","-.07","-8.13","-7.64","73.92","47.55","17.91","43.5","33.63","11.74","98","Business Services","Technology Services","26.5","3"
"Analog Devices","ADI","186461.78","382.81","4453979","-2.53","-6","-.12","72.12","28.68","16.89","38.18","445.48","220.68","20","Computer and Technology","Semiconductor - Analog and Mixed","26.01","2"
"Archer Daniels Midland","ADM","41544.65","86.2","3151107","4.76","13.66","18.41","100","36.69","-6.15","2.07","86.2","53.85","165","Consumer Staples","Agriculture - Operations","1.34","2"
"ADMA Biologics","ADMA","1990.93","8.59","2998184","-3.16","-1.15","-21.19","7.75","-57.07","19.63","33.27","20.38","7.6","98","Medical","Medical - Biomedical and Genetics","32.43","5"
"Adient","ADNT","1561.99","19.92","1040832","3.43","-2.78","-5.95","22.82","-5.27","-1.04","1","27.09","17.8","159","Auto-Tires-Trucks","Automotive - Original Equipment",".39","3"
"Automatic Data Processing","ADP","98422.58","246.22","2563400","-.09","11.66","23.62","47.02","-12.74","7.07","20.16","310.94","188.79","104","Computer and Technology","Internet - Software","20.12","3"
"Adaptive Biotechnologies","ADPT","3613.8","22.58","3051227","5.37","31.05","60.83","97.32","26.75","54.77","-28.24","22.92","10.24","98","Medical","Medical - Biomedical and Genetics","-16.82","2"
"Autodesk","ADSK","44552.65","211.15","2357911","2.54","11.85","-10.09","16.85","-34.97","17.53","31.67","326.79","187.72","104","Computer and Technology","Internet - Software","19.49","3"
"ADT","ADT","5052.07","6.89","7919047","2.38","5.03","-4.17","23.14","-22.17","4.72","14.71","8.85","6.3","169","Industrial Products","Security and Safety Services","12.12","3"
"ADTRAN Holdings, Inc.","ADTN","988.84","12.14","1631555","-3.65","-16.1","-24.88","40.25","27.35","17.46","2.19","19.4","7.25","39","Computer and Technology","Communication - Components","-3.18","3"
"Aebi Schmidt Holding AG","AEBI","1009.13","13.02","327185","7.96","4.83","14.51","59.34","-6.17","40.58",".48","15.61","9.24","105","Auto-Tires-Trucks","Automotive - Domestic",".48","3"
"Ameren","AEE","30426.07","109.94","1795532","-2.66","-1.58","-2.01","60.23",".36","15.43","16.19","118.32","97.25","102","Utilities","Utility - Electric Power","17.17","2"
"Aehr Test Systems","AEHR","3111.04","98.91","2983376","37.36","-3.4","19.99","82.59","346.6","-15.21","1.82","116.58","15.07","8","Computer and Technology","Electronics - Measuring Instruments","-14.25","1"
"Advanced Energy Industries","AEIS","11550.29","303.71","925008","-.49","-16.78","-17.71","66.38","32.24","21.37","14.77","389.05","135.25","30","Computer and Technology","Semiconductor Equipment - Wafer Fabrication","10","3"
"Agnico Eagle Mines","AEM","71880.79","141.62","2496705","-1.93","-11.58","-25.16","17.77","-23.85","43.71","37.8","252.19","117.73","231","Basic Materials","Mining - Gold","39.46","5"
"American Eagle Outfitters","AEO","2909.07","17.36","4514956","7.49","-2.09","-.06","40.72","-39.99","3.16","6.08","28.19","9.92","55","Retail-Wholesale","Retail - Apparel and Shoes","5.01","3"
"American Electric Power","AEP","70994.81","130.48","4781011","-3.31","-2.44","-3.77","74.54","3.15","10.93","14.52","138.69","106.44","102","Utilities","Utility - Electric Power","16.29","2"
"Aercap","AER","25328.52","151.78","1003980","3.43","3.67","10.68","93.59","-3.75","6.5","33.58","154.83","107.25","189","Transportation","Transportation - Equipment and Leasing","45.22","2"
"AES","AES","10569","14.82","8375027",".14",".82","2.35","48.43","-5.79","-.37","15.68","17.28","12.51","102","Utilities","Utility - Electric Power","10.78","3"
"Atlas Energy Solutions Inc.","AESI","1778.66","14.24","2694649","-3.13","-13.22","-16.73","52.7","37.81","3.73","-8.5","19.75","8.1","202","Oils-Energy","Oil and Gas - Integrated - United States","-9.29","3"
"Aeva Technologies","AEVA","1115.19","17.69","1928943","-10.75","-24.85","13.32","36.89","21.43","99.44","-482.33","32.23","9.19","159","Auto-Tires-Trucks","Automotive - Original Equipment","-693.94","4"
"American Financial Group","AFG","11752.53","141.45","442786",".21","3.19","7.67","72.39","-5.66","-1.8","11.49","148.71","122.42","158","Finance","Insurance - Property and Casualty","10.76","3"
"Aflac","AFL","62905.44","123.59","1935468","1.26","4.04","6.28","95.76","2.17","-9.31","21.77","124.72","98.09","69","Finance","Insurance - Accident and Health","25.6","3"
"Affirm","AFRM","25023.62","74.72","4030048","-11.52","4.02","18.3","64.83","-8.48","39.66","9.63","92.18","42.53","104","Computer and Technology","Internet - Software","9.63","2"
"First Majestic Silver","AG","8317.39","16.87","9592183","-.35","2.24","-13.49","37.39","-7.69","124.25","23.28","32.01","7.83","189","Basic Materials","Mining - Silver","19.51","2"
"AGCO","AGCO","8094.55","111.79","658543","-2.06",".51","-3.01","28.87","-2.31","-13.55","4.15","140.49","100.14","30","Industrial Products","Manufacturing - Farm Equipment","7.43","3"
"Agenus","AGEN","249.72","5.58","10602987","9.84","81.76","43.44","78.49","62","10.37","71.76","6.35","2.77","98","Medical","Medical - Biomedical and Genetics","50.49","3"
"Alamos Gold","AGI","12356.75","29.52","4216459",".51","-4.4","-29.23","16.82","-30.25","34.29","36.63","55.33","24.3","231","Basic Materials","Mining - Gold","51.24","4"
"Agios Pharmaceuticals","AGIO","2221.86","37.36","1169922","-6.41","4.97","50.65","64.88","25.12","48.03","-639.84","45.49","22.34","98","Medical","Medical - Biomedical and Genetics","-639.84","3"
"Agilon Health","AGL","2098.49","125.78","325994","2.59","12.57","350.82","96.67","565.97","-2.11","-6.42","129.84","7.91","90","Medical","Medical Services","-6.09","3"
"AGNC Investment","AGNC","12374.68","10.78","17064424","-3.58","3.26","-2.71","52.72","-8.33","19.46","186.81","12.17","9.23","180","Finance","REIT and Equity Trust","57.94","3"
"Assured Guaranty","AGO","3746.86","84.76","315572","2.52","8.47","1.48","60.91","-14.02","27.29","48.95","92.18","73.2","169","Finance","Insurance - Multi line","40.45","3"
"Adecoagro","AGRO","1536.98","10.78","654672","3.26","15.05","-21.31","44.95","23.92","-6","-2.59","15.25","7.13","165","Consumer Staples","Agriculture - Operations",".95","3"
"Argan","AGX","8488.93","605.52","329955","-2.45","-17.81","-3.99","67.54","76.18","8.06","15.48","798.55","203.84","98","Construction","Building Products - Miscellaneous","15.48","1"
"Agilysys","AGYS","2838.17","100.65","362215","-3.46","16.53","51.38","48.73","-22.79","15.85","15.9","141.12","62.19","17","Computer and Technology","Computer - Integrated Systems","12.15","1"
"AdaptHealth","AHCO","1523.6","11.21","1403913","10.01","15.57","-16.22","53.83","2.6","-.49","1.9","13.38","8.68","168","Medical","Medical - Products","-2.42","3"
"American Healthcare REIT, Inc.","AHR","11100.8","57.6","4280272","5.24","18.35","14.47","100","11.58","9.15","4.24","57.6","37.01","59","Finance","REIT and Equity Trust - Other","4.23","2"
"AH Realty Trust Inc","AHRT","718.08","7.13","727346",".71","4.7","15.19","82.16","-1.82","-59.74","2.31","7.56","5.15","59","Finance","REIT and Equity Trust - Other","-6.87","3"
"C3.ai","AI","1335.31","8.59","5192993","-6.12","-11.26","-4.24","3.88","-41.91","-35.67","-75.79","29.16","7.76","64","Computer and Technology","Computers - IT Services","-187.95","3"
"American International Group","AIG","42543.74","80.24","3992238","1.57","4.85","8.2","56.8","-14.5","-1.75","16.14","86.59","71.89","169","Finance","Insurance - Multi line","11.86","3"
"Arteris","AIP","1580.01","34.22","956790","2.42","-16.98","33.41","64.07","101.26","22.27","-14.23","48.59","8.59","104","Computer and Technology","Internet - Software","-44.92","3"
"AAR","AIR","5622.67","141.4","522924","5.16","6.91","29.89","96.93","55.7","18.97","5.89","143.61","71.73","86","Aerospace","Aerospace - Defense Equipment","5.67","3"
"AIRO Group Holdings, Inc.","AIRO","222.63","7.08","448993","3.06","-4.71","-11.06","6.17","-21.1","4.57","-19.98","25.79","5.85","98","Aerospace","Aerospace - Defense","-19.98","3"
"Assurant","AIZ","13667.22","275.84","333881","-.41","3.97","17.18","95.53","4.41","7.89","8.85","280.11","184.56","169","Finance","Insurance - Multi line","7.6","3"
"Arthur J. Gallagher & Co.","AJG","63767.72","248.22","1679287","-2.21","15.03","16.31","45.65","-12.56","22.29","20.24","315.14","192","165","Finance","Insurance - Brokerage","10.76","3"
"Akamai Technologies","AKAM","18160.1","124.91","3758719","-.95","4.2","30.89","60.01","30.51","5.44","24.13","161.14","70.53","105","Computer and Technology","Internet - Services","10.2","3"
"Acadia Realty Trust","AKR","3033.51","22.72","1608975","6.37","4.89","7.17","100",".84","14.2","9.77","22.72","18.39","73","Finance","REIT and Equity Trust - Retail","9.77","3"
"Astera Labs, Inc.","ALAB","54814.54","319.79","4676081","-11.61","-19.45","74.45","57.35","75.24","115.13","38.05","483.02","100.27","104","Computer and Technology","Internet - Software","26.72","3"
"Albemarle","ALB","13989.41","118.62","2239208","-7.87","-20.91","-36.53","34.6","-23.55","-4.37","7.53","215.62","67.3","105","Basic Materials","Chemical - Diversified ","-5","3"
"Alcon","ALC","33312.41","67.35","2061030",".73","1.86","-10.68","17.65","-22.1","4.94","14.89","92.22","62.02","165","Medical","Medical - Instruments","7.7","3"
"Allegro MicroSystems","ALGM","9194.35","49.35","3472329","-5.68","-11.11","20.01","56.71","70.54","22.77","11.24","69.62","22.8","60","Computer and Technology","Electronics - Semiconductors","-1.67","3"
"Align Technology","ALGN","12712.22","177.5","972066","-.54","5.35",".12","63.93","3.63",".9","19.31","207.19","124.88","74","Medical","Medical - Dental Supplies","10.5","3"
"Allegiant","ALGT","1868.62","101.35","608514","-2.82","-2.12","30.25","74.93","8.35","3.74","4.02","119.16","48.12","78","Transportation","Transportation - Airline","-1.3","2"
"Alignment Healthcare","ALHC","4444.78","21.5","4656515","1.42","-.74","-1.83","76.32","-.76","46.06",".47","24.56","11.64","90","Medical","Medical Services",".47","3"
"Alight","ALIT","501.9","18.78","1176585","-14.4","79.3","28.07","8.52","-56.1","-3","11.08","115.2","9.8","104","Computer and Technology","Internet - Software","-137.5","3"
"Alaska Air Group","ALK","5065.56","45.46","2996302","-3.01","-7.62","14.25","37.98","-17.61","21.34","-.82","63.86","34.19","78","Transportation","Transportation - Airline","-1.19","3"
"Alkermes","ALKS","8808.82","52.85","2141059","2.42","9.94","54.8","91.85","72.19","-5.25","11.59","55.22","26.13","98","Medical","Medical - Biomedical and Genetics","9.78","3"
"Alkami Technology","ALKT","1862.13","17.4","1944815","1.99","15.61","6.95","20.62","-31.24","32.89","8.9","28.22","14.59","104","Computer and Technology","Internet - Software","-10.55","3"
"Allstate","ALL","64803.14","251.74","1726255",".56","8.72","16.33","92.91","10.25","5.58","16.48","256.45","190","158","Finance","Insurance - Property and Casualty","17.81","2"
"Allegion","ALLE","11799","137.3","1235950",".58","6.63","-.41","21.53","-21.39","7.82","16.82","179.77","125.65","169","Industrial Products","Security and Safety Services","15.24","3"
"Allot","ALLT","393.05","8.08","322964","-7.45","8.75","13.32","34.86","-25.07","10.63","12.54","11.5","6.25","104","Computer and Technology","Internet - Software","5.68","3"
"Ally Financial","ALLY","13618.82","44.43","2943476","-2.03","-1.77",".05","75.02","-10.57","-3.26","17.86","47.25","35.96","163","Finance","Financial - Consumer Loans","16.75","3"
"Almonty Industries Inc.","ALM","4321.63","15","6131344","-5","-17.54","-27.78","57.9","55.21","10.56","-49.16","23.42","3.42","209","Basic Materials","Mining - Miscellaneous","-262.29","2"
"Aeluma, Inc.","ALMU","300.57","16.42","553383","-3.64","-24.82","-13.17","27.41","-12.82","407.62","-39.4","31.49","10.73","60","Computer and Technology","Electronics - Semiconductors","-115.57",""
"Alnylam Pharmaceuticals","ALNY","36231.3","271.37","1512662","-3.52","-5.83","-10.18","1.74","-37.79","65.19","20.6","491.22","267.47","98","Medical","Medical - Biomedical and Genetics","11.72","3"
"Alarm.com","ALRM","2581.84","52.2","514025","-.06","21.17","15.9","59.13","-6.73","7.59","14.46","59.16","42.13","169","Industrial Products","Security and Safety Services","12.36","2"
"Allison Transmission Holdings","ALSN","9637.99","116.21","1497894","1","-.68","-10.62","65.11","8.21","-6.67","18.92","136","79.27","159","Auto-Tires-Trucks","Automotive - Original Equipment","14.88","3"
"Autoliv","ALV","8606.11","117.51","773730","-3.27",".75","2.29","54.77","-9.75","4.09","6.81","131.69","100.34","159","Auto-Tires-Trucks","Automotive - Original Equipment","5.79","3"
"Antero Midstream","AM","10691.8","22.51","2080993","-1.1","1.35","2.97","83.8","15.35","7.43","33.9","23.6","16.87","202","Oils-Energy","Oil and Gas - Integrated - United States","33.9","4"
"Applied Materials","AMAT","448229.78","564.55","11088232","-5.23","-3.64","48.13","72.04","100.26","4.39","27.24","723","156.25","60","Computer and Technology","Electronics - Semiconductors","29.31","2"
"Ambarella","AMBA","3127.8","71.3","1885423","-2.19","8.84","11.84","48.33","-8.25","37.15","7.13","95.51","48.65","60","Computer and Technology","Electronics - Semiconductors","-17.19","2"
"Ambiq Micro, Inc.","AMBQ","1670.3","78.14","627252","-8.59","-2.06","124.41","81.78","149.94","-4.67","-25.35","90.48","22.76","60","Computer and Technology","Electronics - Semiconductors","-46.86","3"
"Amcor","AMCR","20084.3","43.44","3063182","1.54","7.45","12.71","48.6","-5.03","10.04","7.67","50.58","36.69","182","Industrial Products","Containers - Paper and Packaging","3.06","3"
"AMC Global Media Inc.","AMCX","458.17","10.43","465807","6.21","6.21","21.7","91.08","-.12","-4.52","3.87","10.9","5.63","74","Consumer Discretionary","Media Conglomerates","2.28","3"
"Advanced Micro Devices","AMD","887747.88","544.43","26949462","-.68","4.73","68.44","91.51","131.75","34.34","20.1","580.91","151.14","17","Computer and Technology","Computer - Integrated Systems","13.37","2"
"AMETEK","AME","54495.3","237.76","964502","1.62","1.57","3.85","93.59","5.57","6.63","23.23","241.94","176.76","30","Computer and Technology","Electronics - Testing Equipment","20.11","2"
"Amgen","AMGN","197662.77","366.24","2175697","3.09","5.54","7.85","81.26","2","9.95","32.21","388.16","271.18","98","Medical","Medical - Biomedical and Genetics","20.96","4"
"American Homes 4 Rent","AMH","12015.04","33.32","2066203","-1.59","2.65","5.84","63.46","-5.37","7.03","25.27","36.74","27.38","93","Finance","REIT and Equity Trust - Residential","25.27","4"
"Amkor Technology","AMKR","16540.53","66.73","4519251","-4.94","-23.05","-6.49","62.96","54.08","6.18","6.17","93.55","21.14","60","Computer and Technology","Electronics - Semiconductors","6.17","2"
"AMN Healthcare Services","AMN","1326.48","34.2","893741","5.23","9.48","63.4","92.4","97.82","-8.49","3.43","35.77","15.1","204","Business Services","Business - Services","-.95","3"
"Ameriprise Financial","AMP","47498.92","528.37","735334","1.88","13.36","11.15","85.12","-1.77","7.04","21.34","545.5","430.4","69","Finance","Financial - Investment Management","20.57","2"
"Amphastar Pharmaceuticals","AMPH","863.78","19.59","426045","4.17",".31","-10.22","19.51","-33.31","-1.65","19.32","30.81","16.87","217","Medical","Medical - Generic Drugs","11","3"
"Amplitude","AMPL","996.09","9.59","2232732","-1.03","43.99","35.84","53.57","-24.5","14.68","1.83","13.04","5.61","98","Business Services","Technology Services","-25.11","3"
"Amprius Technologies, Inc.","AMPX","1540.9","10.88","6952831","-2.16","-22.95","-44.74","27.31","25.71","202.11","-19.03","22.91","6.36","98","Business Services","Technology Services","-43.98","3"
"Ameresco","AMRC","1224.24","23.12","477312","-7.52","-16.75","-16.66","26.5","-28.04","9.16","1.85","43.23","15.87","105","Oils-Energy","Alternative Energy - Other","1.59","2"
"Amneal Pharmaceuticals","AMRX","5774.31","18.1","2185631","8.45","8.64","42.13","100","30.95","8.05","9.59","18.1","7.82","105","Medical","Medical - Drugs","4.01","3"
"Amrize Ltd","AMRZ","26929.56","48.69","2627844","-2.17","-7.78","-15.28","10.62","-17.92",".95","10.67","65.86","46.65","98","Construction","Building Products - Miscellaneous","9.7","3"
"American Superconductor","AMSC","1674.13","34.545","731432","-2.58","-17.02","-27.27","21.1","9.42","34.26","52.85","66.68","25.95","60","Computer and Technology","Electronics - Miscellaneous Components","44.73","3"
"American Tower","AMT","76122.27","163.39","3281957","-3.22","-8.91","-8.41","1.82","-15.16","5.11","26.81","232.35","162.11","59","Finance","REIT and Equity Trust - Other","26.81","3"
"Amerant Bancorp","AMTB","1017.72","25.86","359578",".9","6.51","13.17","94.43","20.83","11.65","18.53","26.4","16.7","78","Finance","Banks - Southeast","8.83","1"
"Amentum Holdings, Inc.","AMTM","5125.76","20.98","1876771","2.39",".1","-19","5.1","-34.05","71.59","4","37.53","20.09","96","Construction","Engineering - R and D Services","1.04","1"
"America Movil, S.A.B. de C.V. Unsponsored ADR","AMX","78530.9","26.09","1185496","-.34",".93","-.34","84.56","15.06","3.21","9.23","27.75","17","202","Computer and Technology","Wireless Non-US ","9.23","2"
"Amazon.com","AMZN","2662922.5","247.55","54077524",".02","5.74","-4.68","63.99","-2.23","12.38","10.44","274.99","198.79","161","Retail-Wholesale","Internet - Commerce","12.22","2"
"AutoNation","AN","6641.44","198.48","378437","1.12","3.29","-1.24","40.93","-12.37","3.24","2.73","227.18","178.59","169","Retail-Wholesale","Automotive - Retail and Whole Sales","2.47","3"
"AnaptysBio","ANAB","1591.75","53.76","817705","-14","-9.54","-18.68","67.61","1.09","157.01","-11.53","70.22","19.4","98","Medical","Medical - Biomedical and Genetics","-11.53","3"
"The Andersons","ANDE","2651.11","77.85","320479","3.91","9.99","1.65","96.5","33.48","-2.21","1.32","79.42","34.63","24","Basic Materials","Agriculture - Products","1.17",""
"Arista Networks","ANET","219831.58","174.58","8110655","-4.38","7.63","5.62","83.96","21.46","28.6","41.61","186.96","109.78","104","Computer and Technology","Internet - Software","38.32","2"
"Abercrombie & Fitch","ANF","4090.38","92.06","1065259","-.87","9.31","8.01","41.17","-33.33","6.42","8.8","129.85","65.61","55","Retail-Wholesale","Retail - Apparel and Shoes","9.34","3"
"Angi","ANGI","242.69","6","637495","-1.64","24.22","-19.25","8.64","-57.7","-13.04","1.93","18.9","4.78","180","Computer and Technology","Internet - Content","1.93","3"
"AngioDynamics","ANGO","587.75","14.22","540880","9.38","14.96","29.51","95.88",".96","9.46","-3.13","14.47","8.4","165","Medical","Medical - Instruments","-11.48","4"
"ANI Pharmaceuticals","ANIP","1800.31","79.15","308550","-1.74","-4.57",".83","44.56","-8.6","43.78","18.58","98.81","63.35","98","Medical","Medical - Biomedical and Genetics","9.98","3"
"Aon","AON","76759.55","359.4","1427023",".14","12.05","11.73","76.31","-7.15","9.45","22.1","375.27","308.27","165","Finance","Insurance - Brokerage","22.54","3"
"Artivion","AORT","1210.67","24.94","726630","7.83","20.6","-31.35","17.58","-50.15","13.59","6.85","47.63","20.1","165","Medical","Medical - Instruments","2.55","3"
"A. O. Smith","AOS","8098.81","58.76","1670909","-3.47","2.3","-8.06","12.07","-19.91",".32","13.84","80.47","55.78","105","Industrial Products","Manufacturing - Electronics","13.84","4"
"Alpha and Omega Semiconductor","AOSL","1047.24","34.99","669844",".52","-22.37","-11.57","48.87","61.02","5.92","-1.2","53.32","17.47","60","Computer and Technology","Electronics - Semiconductors","-15.51","3"
"APA","APA","12641.13","35.77","5024427","3.59","4.53","-7.45","67.26","33.31","-5.31","16.52","44.39","18.06","210","Oils-Energy","Oil and Gas - Exploration and Production - United States","17.38","4"
"Artisan Partners Asset Management","APAM","3159.78","39.21","921867","2.22","10.67","3.65","36.47","-12.26","7.64","26.43","48.34","33.97","69","Finance","Financial - Investment Management","23.49","3"
"Air Products and Chemicals","APD","66000.34","296.39","1351983","-1.01","4.94","-2.29","78.67","9.38","-.52","22.98","314.19","230.76","105","Basic Materials","Chemical - Diversified ","16.91","3"
"American Public Education","APEI","896.26","48.86","347365","-15.82","-5.66","-14.82","63.45","17.83","3.89","6.13","60.86","28.03","105","Consumer Discretionary","Schools","6.13","1"
"APi Group","APG","16934.88","39.09","2669193","-5.83","-5.99","-19.73","34.58","-6.86","12.72","15.35","49.4","33.64","204","Business Services","Business - Services","3.85","3"
"Amphenol","APH","194143.3","157.81","6945782","-.35","-.56","9.8","75.52","6.45","51.71","18.71","176.32","100.71","105","Computer and Technology","Electronics - Connectors","17.24","1"
"Applied Digital Corporation","APLD","8587.37","30.05","18797150","5.55","-33.62","-6.42","50.53","11.72","-12.91","-51.18","49.65","10.03","186","Finance","Financial - Miscellaneous Services","-52.84","5"
"Apple Hospitality REIT","APLE","4029.67","17.07","2863501","2.34","2.83","27.48","100","31.32","-1.33","12.08","17.07","11.17","59","Finance","REIT and Equity Trust - Other","12.08","2"
"Apollo Global Management","APO","68259.67","118.4","5079148","-1.28","-9.35","-4.18","34.54","-25.44","22.73","127.65","152.7","100.3","69","Finance","Financial - Investment Management","3.62","3"
"Apogee Enterprises","APOG","816.37","39.12","329534","1.53","-2.61","5.76","42.99","-2.05","3.21","5.35","48.92","31.73","8","Industrial Products","Glass Products","4.88","1"
"AppLovin","APP","144014.13","428.69","5101427","-4.52","-8.21","-4.53","20.51","-42","16.38","63.52","733.6","350","98","Business Services","Technology Services","64.29","3"
"AppFolio","APPF","5934.58","167.84","320526","-3.79","14.52","-.56","13.77","-34.23","19.72","20.64","321.25","143.34","104","Computer and Technology","Internet - Software","15.27","3"
"Appian","APPN","1861","25.35","695588",".68","23.6","16.34","24.63","-34.76","17.81","7.29","45.64","18.72","104","Computer and Technology","Internet - Software",".12","3"
"Digital Turbine","APPS","1110.19","9.18","4154142","-6.52","-.86","165.32","60.63","67.37","15.24","11.28","13.31","2.82","104","Computer and Technology","Internet - Software","-6.68","1"
"APTIV PLC","APTV","12254.94","57.91","2382030","-.26","-5.71","-2.05","14.79","-30.62","3.47","8.23","88.67","52.57","98","Business Services","Technology Services","1.77","3"
"Algonquin Power & Utilities","AQN","4433.36","5.76","4123966","-.86","-2.54","-7.99","24.22","-14.62","4.92","10.05","6.98","5.37","102","Utilities","Utility - Electric Power","6.62","4"
"Antero Resources","AR","10491.05","33.86","4442693","-.18","-1.94","-12.17","26.11","-10.43","21.97","11","45.15","29.87","210","Oils-Energy","Oil and Gas - Exploration and Production - United States","16.39","3"
"ArcBest","ARCB","3582.02","160.89","382497","6.14","11.93","25.93","89.15","97.69","-4.04","1.98","173.22","59.62","5","Transportation","Transportation - Truck","1.38","1"
"Ares Capital","ARCC","13606.53","18.95","4742518",".85","5.93",".16","26.04","-14.61","2.07","45.34","23.21","17.45","201","Finance","Financial - SBIC & Commercial Industry","37.3","4"
"Arcos Dorados","ARCO","1740.08","8.26","1390354",".73","1.85","-9.13","58.11","2.59","4.66","1.56","9.5","6.54","205","Retail-Wholesale","Retail - Restaurants","4.86","3"
"Ardent Health, Inc.","ARDT","1498.01","10.45","530799","6.63","13.83","7.62","35.5","7.89","6.01","3.61","15.21","7.83","90","Medical","Medical Services","2.09","3"
"Ardelyx","ARDX","1257.38","5.09","4186004","-1.36","-17.64","-14.74","23.08","-20.41","22.09","-13.58","7.99","4.22","105","Medical","Medical - Drugs","-13.58","4"
"Alexandria Real Estate Equities","ARE","8819.78","50.61","1619449","6.55","-1.92","25.24","21.68","-5.73","-2.88","-36.03","87.45","40.41","59","Finance","REIT and Equity Trust - Other","-36.03","5"
"Ares Management","ARES","39839","120.78","2089429",".4","0","6.88","25.22","-31.88","44.19","33.24","192.76","96.5","69","Finance","Financial - Investment Management","10.54","4"
"Argenx","ARGX","54724.6","874.74","314839","1.78","2.5","12.86","82.69","-5.18","88.63","31.31","939.68","564.59","98","Medical","Medical - Biomedical and Genetics","31.31","2"
"Arhaus, Inc.","ARHS","1067.21","7.54","1170726","-3.7","6.65","0","25.39","-38.68","8.51","4.67","12.8","5.75","55","Retail-Wholesale","Retail - Miscellaneous","4.67","3"
"Apollo Commercial Real Estate Finance","ARI","899.66","6.88","7380533","-35.16","-36.94","-37.79","1.14","-35.21","-10.56","97.02","11.22","6.83","180","Finance","REIT and Equity Trust","48.01","4"
"Aris Mining Corporation","ARIS","3034.34","14.7","1422860","1.17","-6.73","-17.92","49.94","-17.43","81.68","29.53","22.68","6.74","231","Basic Materials","Mining - Gold","15.19","5"
"ARKO","ARKO","889.63","7.93","749935","3.66","2.85","20.7","85.27","59.23","-12.47",".38","8.64","3.82","186","Consumer Staples","Consumer Products - Staples",".38","3"
"Arlo Technologies","ARLO","1437.99","13.24","1182397",".38","3.36","-5.43","24.48","-13.73","3.6","16.35","19.44","11.23","104","Computer and Technology","Internet - Software","5.47","3"
"ARM Holdings PLC Sponsored ADR","ARM","309454.47","289.73","6332634","3.04","-20.92","45.85","55.29","141.63","22.79","38.56","439.46","104.55","60","Computer and Technology","Electronics - Semiconductors","18.37","3"
"Aramark","ARMK","14754.32","56.11","2539635","-3.26","4.37","23.51","90.77","38.77","6.35","2.79","58.15","36.04","205","Retail-Wholesale","Retail - Restaurants","1.84","4"
"Archrock","AROC","6710.77","38.29","2200578","-.62","-1.97",".79","81.65","34.15","28.7","22.04","41.95","22","160","Oils-Energy","Oil and Gas - Field Services","21.45","3"
"Arcutis Biotherapeutics","ARQT","3534.86","28.26","1539555","5.41","7.58","21.34","82.79","-11.29","91.34","-.57","31.2","14.12","98","Medical","Medical - Biomedical and Genetics","-.57","2"
"ARMOUR Residential REIT","ARR","2038.08","16.43","4342679","-3.97","-2.2","-6.7","46.94","-15.33","45.28","167.45","19.12","14.05","180","Finance","REIT and Equity Trust","27.43","3"
"Array Technologies","ARRY","929.88","6.045","6068485","-3.74","-23.48","-23.77","8.72","-40.23","40.22","12.69","11.96","5.48","53","Oils-Energy","Solar","-5.56","1"
"Arvinas","ARVN","532.95","8.26","716149","-.12","1.47","-19.18","26.61","-36.51","-.3","-247.54","13.83","6.24","98","Medical","Medical - Biomedical and Genetics","-247.54","3"
"Arrow Electronics","ARW","11056.69","216.23","587490","4.71","-4.09","17.5","86.01","78.91","10.49","2.24","234.83","101.87","62","Computer and Technology","Electronics - Parts Distribution","2.17","2"
"Arrowhead Pharmaceuticals","ARWR","10496.67","74.52","2910977","3.63","-6.73","6.26","82.77","2.33","23258.15","-48.38","86.97","14.71","98","Medical","Medical - Biomedical and Genetics","-48.38",""
"Accelerant Holdings","ARX","2950.08","13.52","2181935","6.71","2.97",".9","20.11","-24.62","51.49","26.6","30.05","9.36","165","Finance","Insurance - Brokerage","-135.47","2"
"Amer Sports, Inc.","AS","19107.66","34.5","3777462",".55","-.75","-.89","39.94","-15.8","26.68","8.74","41.96","29.54","84","Consumer Discretionary","Leisure and Recreation Products","6.5","3"
"Asana","ASAN","1703.47","7.39","5187895","-.94","10.8","16.75","19.51","-50.86","9.25","9.57","15.35","5.46","104","Computer and Technology","Internet - Software","-20.21","2"
"Assa Abloy","ASAZY","38895.66","17.48","693200","3.49","3.86","-11","19.06","-17.48","9.67","10.81","21.94","16.43","169","Industrial Products","Security and Safety Services","10.82","4"
"Associated BancCorp","ASB","5839.32","30.96","2197922",".81","3.61","9.98","89.86","9.56","2.81","32.12","31.77","23.78","78","Finance","Banks - Midwest","19.88","3"
"Ardmore Shipping","ASC","663.52","16.29","652668",".68","-8.94","-4.9","65.09","40.23","-23.56","28.4","19.68","9.97","45","Transportation","Transportation - Shipping","18",""
"ASHLAND INC","ASH","3136.92","68.51","902726","2.65","7.15","20.19","98.59","6.45","-13.68","8.39","68.81","47.49","84","Basic Materials","Chemical - Specialty","-39.03","3"
"AerSale","ASLE","290.13","6.14","441764","2.16","-4.66","-10.1","11.73","-21.28","-2.83","5.45","9","5.76","86","Aerospace","Aerospace - Defense Equipment","3.06","3"
"Avino Silver","ASM","1027.7","6.05","2952344","1.17","2.89","-5.76","35.61","-11.19","39.36","55.49","11.24","3.18","189","Basic Materials","Mining - Silver","32.74","3"
"ASML Holding","ASML","708504.56","1801.51","2053751","1.46","1.3","30.11","85.54","53.51","20.81","30.11","1989.44","689.63","30","Computer and Technology","Semiconductor Equipment - Wafer Fabrication","30.11","2"
"Ascendis Pharma","ASND","15918.57","255.2","857726","-3.9","6.96","14.91","80.7","9.1","106.99","-13.32","277.18","163.32","98","Medical","Medical - Biomedical and Genetics","57.87","3"
"Academy Sports and Outdoors","ASO","2992.39","48.25","1499683","3.92","-2.92","-11.29","33.51","-11.96","2.02","6.56","61.19","41.73","84","Consumer Discretionary","Leisure and Recreation Products","6.24","3"
"Aspen Aerogels","ASPN","450.02","5.43","1148462","3.04","-7.97","50.42","45.76","74.91","-40.11","-25.59","8.82","2.57","98","Construction","Building Products - Miscellaneous","-48.64","3"
"Astrana Health, Inc.","ASTH","2532.86","45.46","738917","-7.22","10.34","30.3","86.26","67.04","56.39","2.07","49.81","18.16","87","Medical","Medical - Outpatient and Home Healthcare",".86","3"
"AST SpaceMobile","ASTS","24583.81","63.34","18484438","-7.96","-13.08","-11.88","27.48","-20.5","1505.21","-573.67","133.09","36.91","69","Computer and Technology","Wireless Equipment","-573.67","3"
"ASE Technology","ASX","88962.83","40.01","11042502","-.87",".6","33.01","85.65","126.54","11.82","7.03","45.12","9.5","60","Computer and Technology","Electronics - Semiconductors","7.03","2"
"Amtech Systems","ASYS","261.74","17.98","481193","-3.75","-11.56","8.31","69.27","30.6","-21.59","5.31","23.99","4.43","5","Computer and Technology","Semiconductor - General","3.11","3"
"Atour Lifestyle Holdings Limited Sponsored ADR","ATAT","4290.13","31.21","854408",".58","-4.82","-16.42","1.52","-27.79","40.99","17.22","42.9","31.03","87","Consumer Discretionary","Leisure and Recreation Services","17.22","3"
"Alphatec","ATEC","1276.45","8.3","2809870","-7.47","-2.35","-11.23","8.35","-64.04","24.95","2.1","22.68","6.99","165","Medical","Medical - Instruments","-15.93","3"
"A10 Networks","ATEN","2622.89","36.43","1150491","-3.21","7.62","29.51","92.21","87.73","11.03","23.04","38.11","16.55","104","Computer and Technology","Internet - Software","14.9","3"
"Anterix","ATEX","2063.33","105.82","475968",".05","32.31","121.8","97.36","341.9","7.79","-398.86","108.21","17.99","8","Computer and Technology","Communication - Infrastructure","1394.17","3"
"Autohome","ATHM","2448.53","21.26","763206","1.92","15.73","16.43","36.04","-12.93","-4.33","22.14","29.92","16.38","105","Computer and Technology","Internet - Services","17.91","4"
"ATI INC","ATI","26913.33","197.21","1548042","4.1","-1.2","30","94.82","56.66","5.16","10.77","204.09","71.34","86","Aerospace","Aerospace - Defense Equipment","9.26","2"
"Atmus Filtration Technologies Inc.","ATMU","4176.73","51.14","748037","-1.79","1.97","-16.62","48.88","-10.19","5.67","12.64","65.57","37.34","159","Auto-Tires-Trucks","Automotive - Original Equipment","11.56","2"
"Atmos Energy","ATO","29219.32","175.05","1150812","-1.91","2.31","-6.46","54.16","-4.8","12.91","27.58","192.29","154.68","186","Utilities","Utility - Gas Distribution","27.58","3"
"AptarGroup","ATR","8227.08","128.91","432754",".49","6.88","2.5","34.02","-3.64","5.42","9.78","161.82","111.94","182","Industrial Products","Containers - Paper and Packaging","9.98","3"
"AtriCure","ATRC","1747.37","34.505","995364",".54","21.33","21.16","52.25","-20.49","14.88",".25","42.4","25.86","168","Medical","Medical - Products","-.83","3"
"Astronics","ATRO","2967.58","69","711362","-4.76","-16.57","15.69","70.79","39.16","8.39","9.49","87.15","25.01","86","Aerospace","Aerospace - Defense Equipment","5.12","1"
"AngloGold Ashanti PLC","AU","39633.87","78.5","3129533","-2.29","-6.31","-16.45","39.32","-16.09","70.78","32.52","128.26","46.25","231","Basic Materials","Mining - Gold","31.11","5"
"Atlantic Union Bankshares","AUB","6126.78","42.81","1395563","2.37","6.07","12.36","96.34","10.56","51.58","34.06","43.25","31.23","87","Finance","Banks - Northeast","21.97","3"
"Aura Minerals Inc.","AUGO","4594.16","54.83","1116894","-3.93","-10.85","-34.42","36.44","-.86","55.13","25.23","109.14","23.69","209","Basic Materials","Mining - Miscellaneous","7.8","5"
"Aurinia Pharmaceuticals","AUPH","2011.33","15.64","1846724","-2.13","-12.53","-2.49","70.2","-10.61","20.38","41.27","18.62","8.62","105","Medical","Medical - Drugs","99.97","4"
"Avista","AVA","3434.45","41.56","613426","-.62","2.16",".85","79.81","-1.7","1.34","10.75","43.08","35.55","102","Utilities","Utility - Electric Power","10.75","3"
"Aveanna Healthcare","AVAH","2120.94","9.74","2351849","4.28","18.78","45.37","91.88","8.68","20.19","5.9","10.27","3.74","87","Medical","Medical - Outpatient and Home Healthcare","10.37","2"
"AeroVironment","AVAV","7532.5","148.84","2374139","3.74","-.16","-22.62","4.45","-43.91","140.89","8.18","409.83","136.68","86","Aerospace","Aerospace - Defense Equipment","-9","3"
"AvalonBay Communities","AVB","27084.44","190.65","888783","-.57","4.61","3.9","68.28","-4.14","4.36","37.29","204.51","160.81","93","Finance","REIT and Equity Trust - Residential","37.21","3"
"Broadcom","AVGO","1838804.75","386.5","22528858","-.67","1.67","-3.33","53.16","1.8","23.87","53.5","481.57","278.59","60","Computer and Technology","Electronics - Semiconductors","38.85","2"
"Avanos Medical","AVNS","1170.26","24.98","682282",".2",".2","1.42","99.54","102.78","1.95","5.87","25.05","9.89","165","Medical","Medical - Instruments","-10.39","3"
"Avient","AVNT","3384.1","36.9","957432","3.04","3.16",".08","59.62","7.68",".61","8.1","43.28","27.48","105","Basic Materials","Chemical - Diversified ","4.81","2"
"Mission Produce","AVO","1115.48","12.63","1286697","-5.46","7.86","-8.01","48.18","-.74","12.68","3.89","15.34","10.11","165","Consumer Staples","Agriculture - Operations","1.83","3"
"AvePoint","AVPT","2758.34","13.01","2494284",".15","26.19","29.97","38.95","-14.61","26.93","18.31","19.31","8.99","104","Computer and Technology","Internet - Software","10.55","3"
"Avnet","AVT","7369.86","89.85","1089554","4.42",".28","14.78","93.66","70.36","-6.55","1.4","92.93","44.37","62","Computer and Technology","Electronics - Parts Distribution",".86","3"
"Avantor","AVTR","7503.48","10.99","8685006","-2.66","16.54","39.82","43.71","-12.58","-3.41","8.73","15.6","7.41","90","Medical","Medical Services","-8.42","2"
"Avery Dennison","AVY","11913.38","155.75","673672","-.9","-1.34","-6.45","6.17","-21.94","1.14","8.37","197.45","153.01","182","Industrial Products","Containers - Paper and Packaging","7.66","3"
"Armstrong World Industries","AWI","6462.86","151.43","447131","-2.64","-2.28","-10.84","0","-27.76","12.11","19.61","203.71","151.43","98","Construction","Building Products - Miscellaneous","18.59","3"
"American Water Works","AWK","25685.25","131.53","2026166","-.03","3.89","-.86","40.2","-8.12","9.74","21.28","147","121.13","212","Utilities","Utility - Water Supply","21.17","3"
"American States Water","AWR","3394.08","86.6","353745","1.87","9.58","8.99","86.03","8.92","10.52","19.66","89.28","70.1","212","Utilities","Utility - Water Supply","19.66","3"
"Axos Financial","AX","5541.7","97.42","400880","-.36","6.59","-1.49","85.87","3.08","3.63","33.23","101.01","75.6","186","Finance","Financial - Miscellaneous Services","22.53","2"
"AxoGen","AXGN","2140.94","40.26","1471057","3.84","-9.91","-4.12","83.01","12.13","20.21","8.17","46.19","11.28","165","Medical","Medical - Instruments","-13.21","3"
"Axon Enterprise","AXON","41201.37","511.17","1038921","-6.59","18.04","25.81","31.47","-17.95","33.47","19.51","870.97","345.94","86","Aerospace","Aerospace - Defense Equipment","6.9","3"
"American Express","AXP","239353.31","350.79","2918203","-1.2","3.85","11.05","63.18","-13.56","9.52","15.13","384.89","292.27","186","Finance","Financial - Miscellaneous Services","15.13","3"
"Axis Capital Holdings","AXS","8442.79","114.52","684018","1.85","8.32","14.12","98.1","-2.51","10.17","15.79","115.03","88.25","158","Finance","Insurance - Property and Casualty","16","3"
"Axsome Therapeutics","AXSM","12193.39","236.95","1189662",".72","-2.07","28.08","88.23","18.27","65.55","-27.32","255.17","100.39","98","Medical","Medical - Biomedical and Genetics","-26.59","4"
"Axalta Coating Systems","AXTA","6947.05","32.46","1421610","1.06","-3.51","13.65","69.3","-8.42","-3.01","10.39","35.57","25.44","84","Basic Materials","Chemical - Specialty","7.22","2"
"AXT","AXTI","3697.06","56.51","8720622","-1.84","-27.47","-17.76","39.3","215.08","-11.11","-10.85","140.83","1.92","60","Computer and Technology","Electronics - Semiconductors","-14.69","3"
"Acuity, Inc.","AYI","9761.08","326.07","454107","-.43","9.17","14.37","57.43","-17.44","13.14","13.16","376.69","257.79","98","Business Services","Technology Services","10.25","3"
"AstraZeneca","AZN","262630.75","169.34","2657114","2.94","-6.45","-9.29","44.28","-16.04","8.63","23.86","209.48","137.44","98","Medical","Medical - Biomedical and Genetics","17.19","4"
"AutoZone","AZO","49188.79","3013.03","354431","-.63","-1.1","-15.44","5.48","-19.01","2.43","12.4","4354.54","2935.19","30","Retail-Wholesale","Automotive - Retail and Wholesale - Parts","12.4","3"
"Azenta","AZTA","1225.61","26.59","600095","4.52","19.77","9.69","42.3","-27.12","-9.52","3.44","41.01","16.02","74","Medical","Medical Info Systems","-30.49",""
"AZZ","AZZ","4520.35","150.42","362718",".29","-1.45","6.24","84.41","27.94","4.58","11.28","160.17","97.64","105","Industrial Products","Manufacturing - Electronics","11.83","3"
"Barrick Mining Corporation","B","60497.36","36.37","8454066","-.33","-4.74","-7.15","48.5","-23.87","31.22","27.22","52.98","20.73","231","Basic Materials","Mining - Gold","32.14","3"
"Boeing","BA","161444.31","204.8","5202670","-5.67","-5.5","-11.23","35.16","-14.01","34.5","-9.1","252.15","179.12","98","Aerospace","Aerospace - Defense","2.27","3"
"Alibaba","BABA","282781.75","117.97","14091122","5.03","14.98","-9.84","24.5","-26.63","8.09","6.13","189.34","94.81","161","Retail-Wholesale","Internet - Commerce","10.31","4"
"Bank of America","BAC","434453.31","61.22","32899098",".99","5.72","16.25","97.78","1.47","-.45","28.55","61.59","44.92","29","Finance","Financial - Investment Bank","17.56","2"
"Booz Allen Hamilton","BAH","7645.79","63.85","2331862",".46","-.05","-16.25","7.36","-31","-6.37","7.11","115.95","59.71","163","Business Services","Consulting Services","7.59","3"
"Ball","BALL","16653.72","62.55","2149302","3.46","3.41","1.82","75.6","7.65","11.58","7.44","67.76","46.41","105","Industrial Products","Containers - Metal and Glass","6.86","3"
"Brookfield Asset Management Ltd.","BAM","76239.8","46.54","2406842","-2.06","-.89",".11","18.06","-19.02","21.03","48.87","63.19","42.87","186","Finance","Financial - Miscellaneous Services","49.69","3"
"Banc of California","BANC","3366.23","21.83","2872839","6.02","6.44","15.63","100","3.17","-3.76","24.32","21.83","14.16","42","Finance","Banks - Southwest","13.58","3"
"Bandwidth","BAND","2252.74","70.36","1156819","-7.14","33.43","194.02","87.69","315.15",".71","6.03","78.44","12.82","8","Computer and Technology","Communication - Infrastructure","-.64","1"
"Banner","BANR","2402.89","70.74","385561","2.45","5.65","5","88.23","2.92","5.38","30.93","72.43","58.07","77","Finance","Financial - Savings and Loan","23.24","3"
"Baxter International","BAX","11470.78","22.21","5724767","1.88","10.5","23.8","47.76","5.95","5.72","9.5","29.22","15.8","168","Medical","Medical - Products","-9.7","4"
"Bayer","BAYRY","53448","13.6","1012991","-2.65","24.31","28.3","80.03","14.58","2.21","11.14","15.19","7.25","230","Medical","Large Cap Pharmaceuticals","-4.75","4"
"BlackBerry","BB","5268.69","8.99","31471524","-18.35","1.93","74.9","60.46","116.24","2.65","19.02","12.81","3.15","104","Computer and Technology","Internet - Software","10.31","2"
"BBVA Banco Frances","BBAR","4096.99","20.06","484433",".05","-1.62","35.82","86.8","1.2","2.25","5.77","21.9","7.96","102","Finance","Banks - Foreign","3.44","3"
"Bed Bath & Beyond, Inc.","BBBY","384.48","5.2","2417007",".97","-21.33","9.7","10.95","-13.18","-25.12","-4.91","12.11","4.35","161","Retail-Wholesale","Internet - Commerce","-5.76","3"
"Barings BDC","BBDC","883.73","8.44","591798","-.59","3.69","-5.91","23.56","-16.19","-2.43","42.62","9.9","7.99","201","Finance","Financial - SBIC & Commercial Industry","32.45","3"
"BridgeBio Pharma","BBIO","16148.76","82.45","4883618","-1.95","20.14","18.28","82.98","-1.74","126.26","-124.42","90.17","44.81","217","Medical","Medical - Generic Drugs","-124.42","3"
"Beta Bionics, Inc.","BBNX","785.18","17.62","979781","4.51","28.9","74.8","37.87","-47.28","53.94","-60.27","31.99","8.86","165","Medical","Medical - Instruments","-60.27","4"
"Beacon Financial Corporation","BBT","2558.91","30.53","852232","1.46",".99","-4.05","78.91","5.54","26.81","27.88","32.51","23.12","87","Finance","Banks - Northeast","6.97","3"
"Brookfield Business Partners","BBUC","6411.02","30.97","701941","1.71","-5.75","-7.36","53.17","-19.79","-32.41","1.28","37.17","23.93","204","Business Services","Business - Services","1.28","3"
"Banco Bilbao Viscaya Argentaria","BBVA","146492.13","25.66","1131219","-.04","4.27","16.37","95.79",".35","8.79","28.07","26.14","14.73","102","Finance","Banks - Foreign","28.21","4"
"BuildABear Workshop","BBW","425.9","33.97","367388","3.22","10.44","-10.39","8.98","-49.46","6.73","9.46","75.85","29.84","55","Retail-Wholesale","Retail - Miscellaneous","10.48","2"
"Bath & Body Works, Inc.","BBWI","4085.66","20.27","5135835","1.15","-2.17","5.24","29.68","-7.98","-.22","8.68","33.11","14.85","55","Retail-Wholesale","Retail - Miscellaneous","10.03","3"
"Best Buy","BBY","17961.57","85.22","3486734","1.48","13.4","44.17","99.36","16.07",".39","3.32","85.41","55.52","105","Retail-Wholesale","Retail - Consumer Electronics","2.73","3"
"Brunswick","BC","5236.29","80.59","631374","3.99","-.8",".85","73.51","-1.04","2.4","4.08","89.22","56.64","84","Consumer Discretionary","Leisure and Recreation Products","-2.47","3"
"Boise Cascade","BCC","2618.12","74.4","470579",".42","3.62","-9.94","34.68","-7.85","-4.75","1.83","91.22","65.47","105","Construction","Building Products - Wood","1.73","2"
"BCE","BCE","20189.18","21.65","3902583","2.12","-6.03","-7.87","13.98","-17.14","-1.71","10.49","26.45","20.87","235","Utilities","Diversified Communication Services","25.66","4"
"Brink's","BCO","5073.09","123.19","548088","12.89","27.46","13.32","75.41","-3.79","4.97","6.41","135.58","85.19","90","Business Services","Financial Transaction Services","3.35","3"
"BioCryst Pharmaceuticals","BCRX","2394.21","9.42","5870832","-3.29","1.18","6.32","65.3","10.1","94.1","31.95","11.11","6.24","105","Medical","Medical - Drugs","-51.71","2"
"Barclays","BCS","95201.88","27.93","4675187","1.45","3.37","21.43","94.96",".04","12.23","21.1","28.41","18.88","102","Finance","Banks - Foreign","21.1","3"
"Belden","BDC","3974.24","102.05","574646","-2.59","-13.84","-20.14","4.92","-20.18","10.33","11.03","150.91","99.52","39","Computer and Technology","Communication - Components","8.49","2"
"Becton, Dickinson and Company","BDX","42389.14","153.84","2311739","2.12","6.89","2.89","18.94","-27.74","8.24","17.97","210.02","140.71","74","Medical","Medical - Dental Supplies","5.33","4"
"Bloom Energy","BE","64358.27","226.26","15427730","-7.04","-29.73","-.05","62.73","137.38","37.33","13.46","345.85","24.99","105","Oils-Energy","Alternative Energy - Other",".25","1"
"Beam Therapeutics","BEAM","2807.57","27.29","2582558","-11.65","-17.8","-10.7","51.48","-10.25","120.01","-195.22","37.92","16.01","98","Medical","Medical - Biomedical and Genetics","-39.66","3"
"KE Hodlings","BEKE","18539.59","16.57","3711192","2.92","11.13","4.94","37.87","-4.15","5.63","5.81","20.36","14.26","105","Computer and Technology","Internet - Services","3.77","2"
"Bel Fuse","BELFB","3581.57","281.51","328352",".76","-2.47","12.69","77.73","51.29","26.3","13.53","333.04","101.69","65","Computer and Technology","Electronics - Miscellaneous Products","7.84","5"
"Franklin Resources","BEN","16955.76","32.63","4152670","-1.54","-3.43","10.76","86.35","24.51","3.45","15.32","34.44","21.18","69","Finance","Financial - Investment Management","8.12","1"
"Brookfield Renewable Partners","BEP","9657.59","32.18","638479",".22","-9.2","-3.16","60.51","8.77","9.04","14.49","37.31","24.32","102","Utilities","Utility - Electric Power","8.28","3"
"Brookfield Renewable","BEPC","5155.56","34.17","1192246","-1.04","-9.84","-15.09","10.55","-18.75","-36.56","-62.4","44.43","32.96","105","Oils-Energy","Alternative Energy - Other","-62.4","3"
"BrownForman","BF.B","12063.54","26.29","2590054","4.74","-3.49","-5.19","41.25","-8.03","-1.18","18.2","31.26","22.8","219","Consumer Staples","Beverages - Alcohol","18.2","3"
"Bright Horizons Family Solutions","BFAM","3922.88","74.57","886016","2.02","13.26","-8.59","23.35","-32.96","9.22","8.77","125.1","59.18","204","Business Services","Business - Services","6.35","3"
"Bread Financial","BFH","4108.59","101.68","648788","3.24","-2.03","17.79","87.1","25.21","-2.06","15.85","108.73","54.08","186","Finance","Financial - Miscellaneous Services","11.9","3"
"Butterfly Network","BFLY","1736.6","6.82","8840373","-12","-11.08","32.17","72.43","63.61","18.96","-57.3","8.91","1.33","74","Medical","Medical Info Systems","-73.63","3"
"BUNGE GLOBAL SA","BG","23582.9","121.55","1414836","4.22","9.64","-3.81","82.75","24.39","32.43","1.71","131.41","74.24","24","Basic Materials","Agriculture - Products",".85","1"
"BGC Group, Inc.","BGC","5437.29","11.35","3383871","3.75","-9.63",".35","70.05","15.87","29.99","19.97","12.65","8.31","29","Finance","Financial - Investment Bank","5.69","3"
"Benchmark Electronics","BHE","3036.99","84.65","541657","2.28","-6.87","23.02","77.64","80.47",".11","3.29","98.67","35.97","21","Computer and Technology","Electronics - Manufacturing Services","1.27",""
"Brighthouse Financial","BHF","3655.27","63.63","489970","-3.44",".19","3.09","87.18","-10.47","43.23","12.09","66.61","43.36","183","Finance","Insurance - Life Insurance","-1.1","3"
"Baidu","BIDU","36822.05","108.22","2348012","-1.38","-1.74","-13.95","29.17","-24.5","1.21","13.05","162.52","85.86","105","Computer and Technology","Internet - Services","1.08","5"
"Biogen","BIIB","29993.96","203.16","1485042","5.84","3.03","10.79","85.66","5.24","2.22","23.47","216.63","122.68","98","Medical","Medical - Biomedical and Genetics","13.81","3"
"Bilibili","BILI","7568.6","18.25","2156893","4.41","14.35","-14.96","11.47","-32.34","18.06","9.15","35.92","15.96","105","Consumer Discretionary","Broadcast Radio and Television","4.58","4"
"BILL Holdings, Inc.","BILL","4408.15","44.26","2330549","6.99","37.07","17.31","50.51","-26.02","13.36","17.65","56.31","31.96","104","Computer and Technology","Internet - Software",".01","3"
"Brookfield Infrastructure Partners","BIP","18316.53","39.57","677882","3.72","7.61","11.91","95.03","3.84","9.8","3.46","40.08","29.81","59","Finance","REIT and Equity Trust - Other","3.46","3"
"Brookfield Infrastructure","BIPC","5041.79","40.99","783728","3.22","5.64","3.04","35.46","-17.69",".05","-.72","51","35.49","186","Utilities","Utility - Gas Distribution","-20.48","3"
"Birkenstock Holding PLC","BIRK","7764.51","42.22","1516994","-4.82","-.31","8.01","49.66","-5.9","18.45","16.16","53.4","31.19","54","Consumer Discretionary","Shoes and Retail Apparel ","16.26","4"
"BJ's Wholesale Club","BJ","11791.26","92.34","1856075","2.93","7.21",".16","32.57","-6.5","4.66","2.61","109.98","83.82","186","Consumer Staples","Consumer Products - Staples","2.62","3"
"BJ's Restaurants","BJRI","1427.05","67.9","489483","10.17","27.73","81.99","97.66","57.1","3.08","3.54","68.84","28.69","205","Retail-Wholesale","Retail - Restaurants","3.15","2"
"Brookdale Senior Living","BKD","3627.22","15.19","5501865","7.05","9.75","7.43","83.61","28.34","2.19","-4.18","16.77","7.13","105","Medical","Medical - Nursing Homes","-6.51","3"
"The Buckle","BKE","2196.73","42.64","552826",".38","-3.42","-24.57","5.86","-27.24","6.58","16.85","61.58","41.46","55","Retail-Wholesale","Retail - Apparel and Shoes","16.85",""
"Black Hills","BKH","5656.35","74.3","783558","-1.64",".62","-1.25","87.93","-2.43","8.57","13.18","76.83","55.87","102","Utilities","Utility - Electric Power","12.61","3"
"BAKKT INC","BKKT","371.17","8.32","1132003","1.46","-6.2","-3.03","3.6","-24.46","-33.09","-5.03","45.04","6.95","186","Finance","Financial - Miscellaneous Services","-8.37",""
"Booking Holdings","BKNG","139013.19","179.4","6933044","2.6","6.19","3.47","32.87","-23.65","13.39","27.17","231.02","154.13","161","Retail-Wholesale","Internet - Commerce","22.23","3"
"Baker Hughes","BKR","55932.83","56.38","9270935","-2.41","-3.92","-16.68","55.63","12.86","-.34","9.49","69.67","39.72","160","Oils-Energy","Oil and Gas - Field Services","11.17","3"
"BlackSky Technology","BKSY","876.14","23.61","1456226","-8.02","-12.23","-24.38","27.2","14.79","4.39","-67.05","51.63","13.14","98","Business Services","Technology Services","-89.07","3"
"BankUnited","BKU","3493.81","48.07","1059593",".25","-2.14","1.78","81.63","-1.68","-6.22","24.7","50.93","35.36","28","Finance","Banks - Major Regional","14.46","3"
"BKV Corporation","BKV","2865.93","26.2","802787","2.38","2.79","-13.42","52.24","-12.03","73.64","10.02","32.16","19.68","105","Oils-Energy","Alternative Energy - Other","21.71","3"
"BlackLine","BL","1722.29","29.36","962302",".86","10.71","-7.32","12.29","-51.59","7.21","22.37","58.83","25.23","104","Computer and Technology","Internet - Software","3.71","3"
"Blue Bird","BLBD","2572.24","81.28","453944","5.18","10.26","29.16","99.43","57.65","9.87","9.85","81.5","42.75","105","Auto-Tires-Trucks","Automotive - Domestic","8.91","3"
"Bausch + Lomb","BLCO","5709.34","15.99","353830",".19","4.92","1.72","48.82","-14.66","6.47","4.49","18.6","13.5","90","Medical","Medical Services","-4.21","3"
"Builders FirstSource","BLDR","7501.23","69.74","2174422","-7.21","-9.11","-20.86","4.04","-38.21","-7.38","4.23","149.21","66.39","232","Retail-Wholesale","Building Products - Retail","1.97","4"
"BioLife Solutions","BLFS","1426.15","29.19","1047413","1.88","17.75","39.67","91.16","10.05","16.97","6.2","30.26","18.15","168","Medical","Medical - Products","-2.8","4"
"BlackRock","BLK","160922.42","1038.24","886101","1.25","2.26","-1.1","41.24","-11.57","18.67","30.92","1202.59","922.9","69","Finance","Financial - Investment Management","24.09","1"
"Blackbaud","BLKB","1448.24","31.53","636519","5.45","16.91","-15.94","11.07","-54.61","-2.35","19.4","71.61","26.54","93","Computer and Technology","Computer - Software","12.41","3"
"Bloomin' Brands","BLMN","722.59","8.44","2056154","1.56","2.3","39.97","60.23","24.7",".14","2.62","10.54","5.26","205","Retail-Wholesale","Retail - Restaurants",".55","4"
"Bullish","BLSH","3736.16","24.77","1333051","-.32","-.64","-37.8","5.48","-40.37","-99.88","17.86","74.63","21.88","104","Computer and Technology","Internet - Software","-314.4","4"
"Backblaze","BLZE","810.15","13.48","3861054","-18.55","15.61","214.22","70.04","163.7","14.27","5.88","17.83","3.31","104","Computer and Technology","Internet - Software","-14.97","3"
"Badger Meter","BMI","4257.3","145.87","447962","3.12","14.13","23.18","24.63","-23.76","10.9","14.56","245.22","113.41","48","Computer and Technology","Instruments - Control","14.56","3"
"Bank Of Montreal","BMO","125203.59","178.76","744159","-1.16","3.08","18.02","93.32","25.56","-4.05","27.01","183.65","110.44","102","Finance","Banks - Foreign","12.6","3"
"BioMarin Pharmaceutical","BMRN","11444.37","59.21","1575641",".97","4.8","11.09","66.2","-9.18","12.87","16.75","64.08","49.67","98","Medical","Medical - Biomedical and Genetics","8.29","3"
"Bristol Myers Squibb","BMY","124423.41","60.93","11419842","6.99","9.72","4.58","92.72","2.97","-.22","24.99","62.37","42.6","98","Medical","Medical - Biomedical and Genetics","15.01","3"
"Brookfield Corporation","BN","103316.15","42.15","3348805","-3.46","-4.07","-4.7","35.65","-16.27","-12.68","8.16","49.17","38.26","96","Finance","Real Estate - Operations","1.76","3"
"Barnes & Noble Education","BNED","427.85","12.35","473527","-.32","15.42","22.64","81.76","22.51","6.5","1.3","13.74","6.12","189","Consumer Discretionary","Consumer Products - Discretionary",".98","3"
"Broadstone Net Lease","BNL","4372.11","22.84","2053627","4.44","8.5","14.03","100","19.87","5.17","27.01","22.84","15.77","93","Finance","REIT and Equity Trust - Residential","27.01","2"
"Bank of Nova Scotia","BNS","107023.37","87.37","2996873","-1.82","1.13","13.9","91.68","8.09","-5.72","26.53","90.29","55.19","102","Finance","Banks - Foreign","13.38","3"
"BioNTech","BNTX","23348.8","92.33","786945","2.13","1.89","-9.53","23.81","-11.59","9.03","-35.01","119.34","83.89","98","Medical","Medical - Biomedical and Genetics","-44.39","4"
"BNY","BNY","109058.77","158.89","4487649","2.84","7.88","18.98","94.57","24.77","2.12","29.9","162.35","98.6","28","Finance","Banks - Major Regional","15.52","2"
"Bank of Hawaii","BOH","3344.01","84.4","415968","2.83","4.07","8.33","94.43","12.53","2.96","29.68","85.85","59.82","45","Finance","Banks - West","20.46","4"
"Boot Barn","BOOT","4520.94","149.05","598496","-4.27","-14.12","-11.78","19.07","-23","17.93","10.02","207.98","135.16","55","Retail-Wholesale","Retail - Apparel and Shoes","10.02","2"
"Box","BOX","4145.18","29.94","2508594","-.2","19.86","22.2","70.36","-8.75","7.99","20.71","33.55","21.37","104","Computer and Technology","Internet - Software","10.35","4"
"BP","BP","111999.88","42.76","9419534","3.29","8.72","-7.75","69.33","12.24","-1.07","4.7","47.63","31.75","234","Oils-Energy","Oil and Gas - Integrated - International","1.62","3"
"Popular","BPOP","11117.91","172.27","535015","1.93","4.37","14.28","97.54","26.12","2.51","27.21","173.86","109.24","78","Finance","Banks - Southeast","20.1","3"
"Broadridge Financial Solutions","BR","16771.61","145.01","1321885","-.69","6.37","-8.7","7.28","-40.77","5.88","15.06","266.89","135.44","104","Computer and Technology","Internet - Software","15.03","3"
"BellRing Brands","BRBR","1472.08","12.66","5377262","4.63","12.33","-25.22","9.46","-56.82","16.05","8.37","58.2","7.9","198","Consumer Staples","Food - Miscellaneous","6.78","3"
"Berkshire Hathaway","BRK.B","1056103.63","489.65","4361459","-.29","-.64","2.4","55.83","-11.2","0","12.31","513.81","459.11","158","Finance","Insurance - Property and Casualty","19.31","2"
"Bruker","BRKR","9199","60.43","2013513","1","9.65","66.66","93.19","16.94","2.08","7.72","62.7","29.35","8","Computer and Technology","Instruments - Scientific","-.65","2"
"Brown & Brown","BRO","22587.48","66.64","2675178","-2.72","10.33","5.54","24.79","-23.78","22.83","24.88","103.84","54.38","165","Finance","Insurance - Brokerage","17.94","3"
"Dutch Bros","BROS","11549.49","66.13","2883243","3.25","-1.94","19.41","70.56","-1.53","27.88","5.62","74.24","46.69","205","Retail-Wholesale","Retail - Restaurants","4.61","2"
"Brightstar Lottery","BRSL","1988.1","10.64","1428752","-.65","-1.66","-17.52",".39","-37.34","-.04","7.43","18.31","10.61","176","Consumer Discretionary","Gaming","6.24","3"
"BrightSpire Capital","BRSP","704.8","5.41","2023481","1.12","-2.87","-10.87","40.65","-11.93","-20.38","120.28","6.14","4.91","180","Finance","REIT and Equity Trust","-24.16","3"
"Brixmor Property Group","BRX","10030.49","32.69","2082201","3.32","2.9","7.53","100","13.66","6.73","31.99","32.69","24.67","73","Finance","REIT and Equity Trust - Retail","31.99","3"
"Braze","BRZE","2734.7","24.28","2290198","-7.29","26.06","8.34","41.62","-35.45","24.4","5.85","36.19","15.79","104","Computer and Technology","Internet - Software","-15.51","2"
"Banco Santander Chile","BSAC","16032.05","34.03","335829",".53","5.52","2.87","76.47","-.28","-4.66","40.53","37.46","22.88","102","Finance","Banks - Foreign","24.95","3"
"Banco  ntander Brasil","BSBR","20209.6","5.41","1730737",".37","2.85","-8.31","28.68","-19.28","67.14","7.18","7.2","4.69","102","Finance","Banks - Foreign","7.06","5"
"Boston Scientific","BSX","64195.68","43.19","18794792","1.31","-5.29","-26.11",".85","-58.71","19.87","22.51","108.14","42.63","168","Medical","Medical - Products","17.29","4"
"Bentley Systems","BSY","9136.72","31.26","2946560",".35","9.99","-3.28","9.37","-25.33","10.99","25.96","58.72","28.42","104","Computer and Technology","Internet - Software","18.12","3"
"BITDEER TEC GRP","BTDR","2939.69","12.48","8942094",".97","-27.57","10.44","27.93","1.49","77.33","-68.11","25.9","7.28","98","Business Services","Technology Services","-68.11","3"
"BrightSpring Health Services, Inc.","BTSG","14314.99","72.56","4771138","4.15","8.56","52.79","100","76.63","14.59","1.99","72.56","19.36","90","Medical","Medical Services","2.27","3"
"Peabody Energy","BTU","2809.93","23.07","2351961","-4.03","-4.83","-14.24","31.77","-29.19","-8.86","-2.59","39.5","15.42","18","Oils-Energy","Coal","-3.07","3"
"AnheuserBusch InBev","BUD","159063.28","81.55","2128987","2.75","-1.74","9.58","87.35","16.09","-.75","12.68","85.09","57.1","219","Consumer Staples","Beverages - Alcohol","11.9","3"
"Webull Corporation","BULL","4334.32","8.15","9831899","8.23","22.74","14.79","26.85","-4.38","46.32","12.4","17.74","4.63","186","Finance","Financial - Miscellaneous Services","-1.64","3"
"Burlington Stores","BURL","22325.6","354.7","638587","6.1","6.76","10.38","98.66","11.94","8.76","5.54","356.22","242.43","22","Retail-Wholesale","Retail - Discount Stores","5.24","2"
"First Busey","BUSE","2528.01","29.89","902090","1.98","3.5","12.66","93.76","14.54","57.36","31.39","30.41","22.08","78","Finance","Banks - Midwest","19.16","1"
"BrightView","BV","1311.32","14.07","978561","-1.88","5.08","13.93","54.9","1.23","-3.41","3.89","16.28","11.38","24","Basic Materials","Agriculture - Products","1.7","3"
"Buenaventura Mining","BVN","7928.6","31.25","954880",".71",".81",".48","54.15","2.36","49.98","48.17","43.67","16.58","189","Basic Materials","Mining - Silver","47.72","3"
"Bioventus","BVS","992.39","11.88","713330","2.77","27.88","19.28","91.26","45.56","-.91","11.33","12.43","6.14","105","Medical","Medical - Drugs","4.94","2"
"Babcock","BW","1616.4","10.86","4514021","-2.07","-31.7","-25.72","47.58","56.15","-18.07","-1.47","21.85",".88","189","Computer and Technology","Electronics - Power Generation","-13.63","3"
"BorgWarner","BWA","13051.46","63.63","2371420","-.64","-9.77","17.16","68.47","28.73","1.63","7.52","77.03","34.53","159","Auto-Tires-Trucks","Automotive - Original Equipment","2.53","3"
"Baldwin Insurance Group, Inc.","BWIN","3728.14","26.15","1458423","-1.36","7.22","10.24","38.08","-.8","8.34","13.04","41.84","16.5","183","Finance","Insurance - Life Insurance","-2.8","2"
"BW LPG Limited","BWLP","3252.35","21.49","352597","2.68","12.63","8.98","89.48","49.55",".52","10.13","22.61","11.96","45","Transportation","Transportation - Shipping","10.13",""
"BWX Technologies","BWXT","15857.58","173.09","935322","-3.75","-17.53","-19.93","33.59","-8.71","18.3","11.45","238.42","140.04","86","Aerospace","Aerospace - Defense Equipment","10.2","3"
"The Blackstone Group","BX","92228.53","124.15","4510098","-.33","3.4","2.16","25.45","-26.58","9.22","33.26","188.68","102.12","186","Finance","Financial - Miscellaneous Services","20.67","3"
"Blackstone Mortgage Trust","BXMT","2832.2","16.79","1737533","-1.81","-7.49","-16.09","2.04","-19.99","-23.33","66.96","20.63","16.71","180","Finance","REIT and Equity Trust","8.75","3"
"BXP, Inc.","BXP","10893.9","68.31","1195615",".87","6.17","15.47","61.95","-7.72","2.19","9.78","78.93","51.02","59","Finance","REIT and Equity Trust - Other","9.09","3"
"Blackstone Secured Lending Fund","BXSL","5448.71","23.42","1576406","-.26","-.89","-2.21","4.6","-18.91","6.93","52.68","32.55","22.98","201","Finance","Financial - SBIC & Commercial Industry","31.63","4"
"Byline Bancorp","BY","1731","38.12","361058","2.47","5.95","15.1","95.46","19.21","1.34","31.58","38.72","25.49","87","Finance","Banks - Northeast","21.86","3"
"Boyd Gaming","BYD","6479.36","87.17","851751","1.25",".89",".36","79.94","-6.77","4.12","14.4","89.77","76.81","176","Consumer Discretionary","Gaming","44.84","4"
"Kanzhun","BZ","6472.15","15.78","3097005","10.89","20.09","15.1","25.53","-29.42","17.32","44.73","24.91","12.65","104","Computer and Technology","Internet - Software","40.21","3"
"Beazer Homes USA","BZH","897.1","32.82","433993",".77","23.62","47.44","96.86","47.6","1.77",".58","33.3","18.03","205","Construction","Building Products - Home Builders","-.18","3"
"Citigroup","C","226568.83","132.84","13381751","-.32","-8.37","3.35","76.43","3.78","-1.44","21.57","145.67","91.23","29","Finance","Financial - Investment Bank","10.23","2"
"CAE","CAE","7851.7","24.43","602025","-1.97","-1.69","-4.42","11.66","-26.79","8.45","7.86","34.05","23.16","86","Aerospace","Aerospace - Defense Equipment","6.36","4"
"Conagra Brands","CAG","7106.7","14.85","23636852","4.95","10.57","4.06","30.51","-21.79","-2.85","7.3","20.02","12.58","198","Consumer Staples","Food - Miscellaneous","-16.99","5"
"Cardinal Health","CAH","53185.81","227.09","2263548","-1.31","-.8","10.45","86.53",".74","-1.87",".99","239.71","146.04","74","Medical","Medical - Dental Supplies",".62","2"
"Caris Life Sciences,?Inc.","CAI","4446.57","15.73","3441778","-7.2","-10.63","-14.7","4.77","-46.85","96.97","56.93","39.3","14.55","90","Medical","Medical Services","3.75","4"
"The Cheesecake Factory","CAKE","4326.1","87.07","1304571","8.24","13.01","38.91","100","57.24","4.75","4.95","87.07","43.14","205","Retail-Wholesale","Retail - Restaurants","4.34","2"
"Caleres","CAL","396.36","11.8","500585","4.33","-3.83","-12.14","42.67","-11.61","1.29","1.61","15.75","8.86","54","Consumer Discretionary","Shoes and Retail Apparel ",".02","2"
"CalMaine Foods","CALM","4133.61","87.25","892433","4.94","9.65","12.9","31.7","-.04","83.19","20.07","119.16","72.44","24","Basic Materials","Agriculture - Products","20.07",""
"Calix","CALX","2389.92","37.47","1431622","-4.07","3.05","-10.85","6.83","-35.47","20.26","10.41","68.42","35.2","104","Computer and Technology","Internet - Software","4.61","5"
"Callaway Golf Company","CALY","3300.35","18.36","1962371","-3.27","2.46","18.99","88.74","43.42","-51.4","3.28","19.66","8.12","84","Consumer Discretionary","Leisure and Recreation Products","1.05","1"
"Camtek","CAMT","7285.42","156.15","521051","4.17","-7.82","-13.5","60.75","33.86","15.57","31.18","207.46","76.73","8","Computer and Technology","Electronics - Measuring Instruments","9.63","3"
"Avis Budget Group","CAR","5731.13","162.24","684269","1.54","-14.82","-10.86","11.9","15.26","-1.16","-1.27","713.97","87.69","81","Transportation","Transportation - Services","-5.68","2"
"Carter Bankshares","CARE","739.77","33.29","408978","4.13","2.97","34.23","92.64","54.36","4.74","14.62","34.59","16.94","87","Finance","Banks - Northeast","33.6","4"
"CarGurus","CARG","3161.96","35.06","1280873","2.97","15.18","-5.12","67.11","-16.66","1.41","24.01","39.03","26.96","161","Retail-Wholesale","Internet - Commerce","15.57","3"
"Carrier Global","CARR","55391.41","66.69","5396792","-4.4","-5.74","7.56","53.77","15.06","-3.29","9.78","80.73","50.36","48","Construction","Building Products - Air Conditioner and Heating","5.99","2"
"Cars.com","CARS","663.57","11.87","692050","5.32","20.63","6.46","69.08","-11.3",".57","15.3","13.79","7.58","161","Retail-Wholesale","Internet - Commerce","3.73","3"
"Maplebear Inc.","CART","10682.1","45.45","4078830","-4.74","-1.39","7.62","66.45","-7.89","10.78","14.1","51.77","32.93","161","Retail-Wholesale","Internet - Commerce","12.5","2"
"Casey's General Stores","CASY","31759.84","858.26","516858","1.31","3.17","9.39","86.24","41.56","10.16","4.07","916.28","494.52","30","Retail-Wholesale","Retail - Convenience Stores","4.07","2"
"Caterpillar","CAT","409913.03","889.97","3509490","-4.65","-9.58","8.82","73.38","41.62","4.29","13.51","1064.9","407.79","105","Industrial Products","Manufacturing - Construction and Mining","13.33","2"
"Cathay General Bancorp","CATY","4160.22","62.06","533938","1.09","1.92","11.36","91.24","16.91","-.43","39.35","63.72","44.78","45","Finance","Banks - West","23.79","2"
"CAVA Group, Inc.","CAVA","7418.22","63.69","2896063","-8.98","-17.89","-30.04","37.36","-1.07","22.41","4.79","97.39","43.59","205","Retail-Wholesale","Retail - Restaurants","4.79","3"
"Chubb Limited","CB","137612.77","354.8","1789672","2.48","6.83","7.4","93.31","3.63","6.54","18.41","361.17","265.99","158","Finance","Insurance - Property and Casualty","18.1","3"
"Colony Bankcorp","CBAN","441.18","20.85","385640","2.21","-1.09","3.63","89.47","6.66","7.71","24.35","21.43","15.92","78","Finance","Banks - Southeast","14.83","1"
"CBL & Associates Properties","CBL","1718.36","55.53","342205","5.95","10.86","23.1","99.93","36.82","12.18","29.62","55.55","26.45","73","Finance","REIT and Equity Trust - Retail","29.62",""
"CeriBell, Inc.","CBLL","678.79","17.89","376955","-6.48","-2.72","-13.99","55.72","-25.63","36.09","-63.51","23.43","10.92","168","Medical","Medical - Products","-63.51","3"
"Cboe Global Markets","CBOE","28717","274.4","1320940","-.21","6.6","-9.63","31.73","-.34","15.13","48.18","366.7","231.51","214","Finance","Securities and Exchanges","25.72","2"
"CBRE Group","CBRE","40487.75","138.27","1659238","3.86","3.8","-5.89","29.02","-21.61","13.37","5.07","171.61","124.64","96","Finance","Real Estate - Operations","3.11","2"
"Cracker Barrel Old Country Store","CBRL","1204.74","53.9","1036816","1.01","16.01","75.17","61.66","93.45",".37",".37","71.86","25.02","205","Retail-Wholesale","Retail - Restaurants",".79","3"
"Commerce Bancshares","CBSH","8509.01","58.37","1242727",".79","4.31","12.31","63.48","1.66","2.44","31.29","64.63","47.49","78","Finance","Banks - Midwest","26.07","2"
"Cabot","CBT","4587.6","88.87","552374","1.29","1.58","15.63","86.94","22.23","-7.04","10.15","93.4","58.71","105","Basic Materials","Chemical - Diversified ","7.97","3"
"Community Financial System, Inc.","CBU","3564.27","67.82","350841","-.09","5.02","7.36","83.77","7.64","7.44","26.31","70.99","51.46","186","Finance","Financial - Miscellaneous Services","21.26","4"
"CBIZ","CBZ","2196.38","40.94","795767",".05","34.67","26.05","30","-26.02","52.08","8.45","77.81","25.14","163","Business Services","Consulting Services","5.57","3"
"Chemours","CC","2694.77","17.92","2802777","-3.81","-10.22","-30.27","42.61","38.56",".45","2.27","27.94","10.48","105","Basic Materials","Chemical - Diversified ","-6.82","1"
"CCC Intelligent Solutions","CCC","3580.34","6.1","10277951",".49","39.27","28.15","32.36","-30.05","11.88","23.04","10.03","4.22","104","Computer and Technology","Internet - Software","3.18","3"
"Crown Castle Inc.","CCI","33257.64","76.2","4053142","-3.61","-9.64","-11.57","3.28","-21.84","-35.08","24.66","113.91","74.92","59","Finance","REIT and Equity Trust - Other","25.13","3"
"Cameco","CCJ","38623.07","88.68","3477953","-3.16","-18.56","-23.76","28.62","-11.64","8.87","21.48","134.09","70.47","105","Oils-Energy","Alternative Energy - Other","18.38","3"
"Crown Holdings","CCK","13184.98","117.99","1078299","7.75","11.92","17.79","100","4.46","4.78","7.09","117.99","90.21","105","Industrial Products","Containers - Metal and Glass","5.91","3"
"Carnival","CCL","35830.02","26.16","18624004","-1.28","-8.91","-.53","22.48","-21.91","6.4","12.01","33.99","23.89","87","Consumer Discretionary","Leisure and Recreation Services","11.24","3"
"Cogent Communications","CCOI","635.99","12.7","1384011","3.67","-10.31","-47.54","4.4","-46.3","-5.82","-17.53","50.28","10.97","199","Computer and Technology","Wireless National","-17.53","4"
"Coeur Mining","CDE","15828.01","15.3","32092772","-4.38","-6.25","-14.29","35.84","-21.77","96.41","29.44","27.15","8.68","183","Basic Materials","Mining - Non Ferrous","31.15","5"
"CareDx","CDNA","1990.96","38.54","1108184","33.22","53.42","75.9","93.74","86.48","13.79","10.82","40.34","11.57","90","Medical","Medical Services","-2.01","3"
"Cadence Design Systems","CDNS","95057.23","344.64","2022323","-8.54","-9.08","5.94","52.4",".51","14.12","37.2","416.39","265.66","93","Computer and Technology","Computer - Software","21.18","3"
"COPT DEFENSE PR","CDP","4261.84","37.59","1082897","2.85","8.96","17.14","99.14","23.26","1.41","20.1","37.68","27.28","59","Finance","REIT and Equity Trust - Other","20.1","3"
"Cadre Holdings, Inc.","CDRE","1247.55","29.15","324610","2.71","5.88","-1.88","9.57","-34.93","7.53","6.46","46.07","27.36","169","Industrial Products","Security and Safety Services","5.8","3"
"CDW","CDW","16572.18","129.72","1876560","-6.93","-.26","-2.41","36.7","-13.18","6.79","5.81","182.18","99.3","64","Computer and Technology","Computers - IT Services","4.7","3"
"Celanese","CE","5089.44","46.41","1812781","-2.81","-3.57","-28.21","32.28",".07","-7.16","4.98","69.24","35.53","84","Basic Materials","Chemical - Specialty","-11.54","3"
"CECO Environmental","CECO","2944.82","82.09","752003","-.92","-15.08","10.5","74.19","25.04","38.79","5.35","99.67","31.55","42","Industrial Products","Pollution Control","1.7","1"
"Constellation Energy Corporation","CEG","94163.73","262.22","3189085","2.26","-2.97","-14.23","15.36","-32.33","8.34","10.85","403.95","236.5","105","Oils-Energy","Alternative Energy - Other","12.69","3"
"Celsius","CELH","7163.04","28.02","7369268","-7.03","-.5","-14.1",".73","-44.16","85.54","15.67","64.86","27.75","198","Consumer Staples","Food - Miscellaneous","5.85","4"
"Central Garden & Pet","CENTA","2394.58","38.27","378947","3.1",".92","12.76","90.43","19.52","-2.23","5.84","39.54","26.27","189","Consumer Discretionary","Consumer Products - Discretionary","5.42","4"
"Century Aluminum","CENX","4434.04","44.8","2160213","-2.78","-5.35","-24.47","50.53","4.24","13.85","4.8","68.77","20.32","205","Industrial Products","Metal Products - Procurement and Fabrication","13.75","5"
"Capstone Green Energy","CEPL","341.27","10.48","312718","-10.35",".77","39.73","75.32","89.56","23.89","15.32","13.6",".96","105","Oils-Energy","Alternative Energy - Other","2.66","3"
"Certara","CERT","1065.62","6.85","4137747","2.7","26.85","11.56","25.99","-29.12","8.75","15.05","13.6","4.48","98","Medical","Medical - Biomedical and Genetics","-3.6","3"
"Ceva, Inc.","CEVA","1134.43","40.72","665922","-6.46","-10.47","63.93","71.57","72.5","2.49","9.35","50.06","17.21","104","Computer and Technology","Internet - Software","-10.47","3"
"CF Industries","CF","18890.26","122.96","2483587","3.16","20.35",".53","76.2","44.93","19.34","22.29","137.6","76.09","69","Basic Materials","Fertilizers","23.73","2"
"Capitol Federal Financial","CFFN","1090.22","8.6","751834","1.3","3.74","9.14","93.79","15.12","9.99","35.32","8.79","5.73","77","Finance","Financial - Savings and Loan","17.8",""
"Citizens Financial Group","CFG","30447.5","72","5058320","2.39","4.36","10.79","91.35","12.37","-2.47","24.36","74.4","46.64","87","Finance","Banks - Northeast","17.18","2"
"Cullen/Frost Bankers","CFR","10200.12","162.43","545967","3.21","8.3","13.24","97.5","16.93","2.46","28.4","163.52","119.85","42","Finance","Banks - Southwest","22.86","3"
"Carlyle Group","CG","16058.46","44.61","3377916","-1.91","3.96","-6.52","14.19","-31.2","-11.91","40.62","69.35","40.52","69","Finance","Financial - Investment Management","13.46","3"
"Centerra Gold","CGAU","3177.13","16.05","1321179",".19",".19","-11.03","65","1.82","14.01","18.5","21.03","6.8","231","Basic Materials","Mining - Gold","40.32","3"
"Carlyle Secured Lending","CGBD","725.55","10.44","552984",".19","-2.61","-9.53","2.08","-23.8","9.88","60.51","14.2","10.36","201","Finance","Financial - SBIC & Commercial Industry","19.52","4"
"Cognyte Software","CGNT","628.47","8.6","620399","-5.18","5.39","-9.95","38.31","-16.6","14.09","4.41","12.24","6.34","104","Computer and Technology","Internet - Software","-.66","5"
"Cognex","CGNX","10474.44","62.94","2280181","-3.21","-1.59","17.12","75.5","59.47","8.73","19.33","72.42","33.73","30","Computer and Technology","Electronics - Testing Equipment","13.62","2"
"Chagee Holdings Limited - Sponsored ADR","CHA","2123.67","11.57","574986","2.57",".78","5.86","14.63","-9.31","8.6","13.26","25.63","9.16","90","Consumer Staples","Beverages - Soft drinks","7.25","3"
"Church & Dwight Co.","CHD","22687.35","95.75","1656469",".36","-.76","-1.37","59.81","4.1","1.57","13.89","105.26","81.6","186","Consumer Staples","Consumer Products - Staples","11.81","3"
"Churchill Downs","CHDN","5807.84","83.33","923504","-.2","-3.46","-16.27",".77","-33.24","7.01","15.44","117.59","83.07","176","Consumer Discretionary","Gaming","13.21","4"
"The Chef's Warehouse","CHEF","3880.4","95.16","504852","-3.67","1.04","48.13","84.93","39.18","9.36","2.14","102.36","54.6","198","Consumer Staples","Food - Miscellaneous","1.87","4"
"Choice Hotels International","CHH","4919.43","108.13","606746","-.18","-3.11","-9.85","46.63","3.48",".75","19.43","135.29","84.4","219","Consumer Discretionary","Hotels and Motels","21.55","3"
"Check Point Software Technologies","CHKP","13776.06","130.46","1139033","-4.79","5.3","-6.34","16.28","-35.91","6.25","48.12","223","112.47","48","Computer and Technology","Security","38.37","3"
"Chord Energy Corporation","CHRD","7554.79","134.19","804795","10","7.84","-4.31","76.09","31.96","-7.12","12.6","149.65","84.99","210","Oils-Energy","Oil and Gas - Exploration and Production - United States","-1.25","4"
"C.H. Robinson Worldwide","CHRW","24684.97","209.42","1577985","4.91","17.1","11.42","100","18.75","-8.42","3.94","209.42","96.82","81","Transportation","Transportation - Services","3.7","3"
"Charter Communications","CHTR","15716.19","127.79","2732151","-.09","-3.01","-26.18",".83","-44.19","-.56","9.03","398.11","125.54","221","Consumer Discretionary","Cable Television","9.03","5"
"Chewy","CHWY","8806.71","21.51","9090824","5.7","20.5","-15.94","16.12","-40.67","6.24","4.45","42.33","17.51","161","Retail-Wholesale","Internet - Commerce","1.99","5"
"Chime Financial, Inc.","CHYM","8508.16","22.33","6012599","4.05","33.95","3.28","29.81","-19.12","30.69","-41.87","36.2","16.44","186","Finance","Financial - Miscellaneous Services","-41.87","3"
"Cigna Group","CI","76844.02","290.49","1692436","-4.24","2.62","1.95","69.2","-3.78","11.24","2.96","311","244.41","24","Medical","Medical - HMOs","2.26","3"
"Ciena","CIEN","57856.93","408.73","2400102","-8.55","-11.12","-13.71","59.78","59.32","18.79","11.97","627","84.36","39","Computer and Technology","Communication - Components","7.87","1"
"Cipher Digital Inc.","CIFR","9363.14","22.89","24755124","15.2","-17.19","32.62","74.29","41.37","48.04","-427.79","29.18","4.72","98","Business Services","Technology Services","-427.79","3"
"Chimera Investment","CIM","1065.65","12.74","697556","-2.3","-3.92","-7.14","33.56","-6.57","7.94","87.91","14.74","11.73","180","Finance","REIT and Equity Trust","2.27",""
"Cincinnati Financial","CINF","27922.5","180.51","910554",".27","2.67","9.43","74.87",".76","11.41","14.11","192.03","146.19","158","Finance","Insurance - Property and Casualty","21.33","2"
"CION Investment Corporation","CION","307.2","6.17","510594","-3.89","-1.59","-19.03","3.3","-41.83","-4.6","36.99","10.86","6.01","201","Finance","Financial - SBIC & Commercial Industry","-.41","3"
"ColgatePalmolive","CL","72417.13","90.5","4303826","-.58","-1.02","5.64","64.24","4.41","1.4","14.6","99.14","74.98","186","Consumer Staples","Consumer Products - Staples","10.04","3"
"CORE LABS INC","CLB","525.96","11.41","1243673","-1.21","-1.98","-31.96","16.82","-35.11",".51","5.99","19.67","9.74","160","Oils-Energy","Oil and Gas - Field Services","5.94","4"
"Columbia Financial","CLBK","2536.47","11.08","4606543","14.01","22.99","27.69","100","43","3.85","22.02","11.08","6.24","186","Finance","Financial - Miscellaneous Services","10.91","3"
"Cellebrite DI Ltd.","CLBT","3679.24","14.75","1828009","-8.84","15.78","16.33","43.61","-25.42","18.56","27.18","19.56","11.03","104","Computer and Technology","Internet - Software","14.48","3"
"Chatham Lodging Trust REIT","CLDT","627.86","13.45","349756","1.43","-.37","54.24","98.23","80.05","-6.98","3.14","13.58","6.23","59","Finance","REIT and Equity Trust - Other","3.14","1"
"ClevelandCliffs","CLF","5276.34","9.25","18667700","-5.52","-17.12","-9.49","17.1","-36.5","-3","-4.93","16.18","7.82","47","Basic Materials","Steel - Producers","-6.42","2"
"Clean Harbors","CLH","16126.5","305.16","422458","0","5.27","-.34","92.37","18.64","2.39","6.53","313.7","201.73","93","Business Services","Waste Removal Services","6.53","2"
"Calumet, Inc.","CLMT","3849.29","44.17","1066978","11.63","34.54","44.77","100","102.65","-1.25","-6.22","44.17","13.23","202","Oils-Energy","Oil and Gas - Integrated - United States","-4.52","2"
"Coloplast A/S Sponsored ADR","CLPBY","14265.73","6.33","375087","3.94","11.05",".32","14.89","-32.11","5.1","17.22","9.93","5.7","165","Medical","Medical - Instruments","7.46","4"
"ClearPoint Neuro","CLPT","462.14","15.41","581630","-3.45","-16.84","39.08","32.24","2.69","17.78","-71.57","29.6","8.66","165","Medical","Medical - Instruments","-71.57","3"
"Celestica","CLS","39043.71","339.59","1762555","-1.58","-3.31","-6.07","57.9","4.72","28.46","5.89","472.4","156.91","21","Computer and Technology","Electronics - Manufacturing Services","6.95","2"
"Cleanspark","CLSK","3946.64","15.38","22309532","14.35","-10.53","30.45","47.94","38.54","102.21","15.97","23.2","8.18","186","Finance","Financial - Miscellaneous Services","-67.66","5"
"Clorox","CLX","11570.96","95.69","2167357",".99","3.29","-.94","21.12","-13.49",".16","12.26","131.43","86.12","186","Consumer Staples","Consumer Products - Staples","11.18","4"
"Canadian Imperial Bank of Commerce","CM","107140.67","117.37","1690307","-1.01","2.2","7.12","92.23","18.08","-5.81","30.2","121.24","71.44","102","Finance","Banks - Foreign","15.84","4"
"CMB.TECH nv","CMBT","3108.7","15.59","1014661","-1.2","-2.32","17.75","82.14","47.28","77.21","31.88","17.26","7.91","45","Transportation","Transportation - Shipping","24.94",""
"Commercial Metals","CMC","7489.27","67.7","1544945","2.28","-4.84","-1.84","52.9","-10.84","-1.61","7.73","83.21","50.28","47","Basic Materials","Steel - Producers","6.72","3"
"Columbus McKinnon","CMCO","426.36","14.79","532955","12.22","5.34","-5.07","23.95","-21.84","23.93","5.06","23.27","12.12","105","Industrial Products","Manufacturing - Material Handling","-19.23","3"
"Comcast","CMCSA","85054.76","23.81","38737440","2.67","4.43","-13.86","11.06","-27.38","-.02","11.74","35.79","22.32","221","Consumer Discretionary","Cable Television","15","4"
"CME Group","CME","86016.86","237.38","3456792","-2.56","-2.01","-16.57","17.43","-20.76","6.37","63.48","326.46","218.58","214","Finance","Securities and Exchanges","63.19","4"
"Chipotle Mexican Grill","CMG","42740.7","33.32","18423312","-8.54","7.66","1.37","19.96","-17.91","5.41","12.26","53.93","28.18","205","Retail-Wholesale","Retail - Restaurants","11.96","3"
"Cummins","CMI","91134.88","660.45","976802","-2.23","-5.52","2.8","82.47","17.95","-1.27","9.82","727.59","344.62","8","Auto-Tires-Trucks","Automotive - Internal Combustion Engines","7.89","2"
"Compass Minerals International","CMP","1254.97","29.91","396896",".37","6.37","14.25","78.79","38.83","11.32","1.77","33.51","16.54","105","Basic Materials","Chemical - Diversified ",".55","3"
"Costamare","CMRE","1840.12","15.3","411690",".13","-.26","-7.33","70.24","-11.67","-57.87","40.34","17.91","9.14","45","Transportation","Transportation - Shipping","39.93",""
"CMS Energy","CMS","22396.67","72.5","3175038","-3.44","-3.76","-4.5","30.92","-5.49","13.63","12.85","79.94","69.17","102","Utilities","Utility - Electric Power","12.55","3"
"CNA Financial","CNA","14235.36","52.62","495749","3.36","12.15","8","97.37",".48","5.04","9.47","52.91","41.9","158","Finance","Insurance - Property and Casualty","8.08","3"
"Centene","CNC","33375.74","67.59","4195300","-1.64","7.05","36.35","97.4","49.74","19.44",".63","68.72","25.21","24","Medical","Medical - HMOs","-3.25","3"
"CNH Industrial","CNH","12833.49","10.35","9268746","-.67","3.6","3.09","27.16","2.33","-8.78","3.22","13.38","9.22","30","Industrial Products","Manufacturing - Farm Equipment","2.13","3"
"Canadian National Railway","CNI","77025.16","127.1","1415803","1.85","10.62","10.63","94.94","17.21","-.46","27.17","129.03","90.91","183","Transportation","Transportation - Rail","27.22","4"
"Cinemark","CNK","3676.48","31.48","2359519","7.18","-6.89","7.62","79.06","23.48","2.15","5.31","34.01","21.93","189","Consumer Discretionary","Film and Television Production and Distribution","5.31","3"
"Core & Main","CNM","8392.96","43.37","2392641","-4.09","-6.63","-12.4","0","-23.92","2.77","7.12","66.98","43.37","105","Industrial Products","Manufacturing - Tools & Related Products","5.87","2"
"CONMED","CNMD","1260.97","41.88","742750",".31","23.91","13.84","41.22","-5.96","5.18","10.26","55.81","32.11","74","Medical","Medical - Dental Supplies","4","4"
"Cannae","CNNE","649.88","14.79","434878","-.54","7.25","8.75","36.82","-14.29","-6.39","-97.6","21.91","10.64","69","Finance","Financial - Investment Management","-103.77","3"
"CNO Financial Group","CNO","4949.34","53.02","867392","1.59",".47","18.96","96.85","13.81",".85","9.93","53.59","35.49","169","Finance","Insurance - Multi line","5.44","4"
"ConnectOne Bancorp","CNOB","1680.14","33.41","509658","3.09","1","12.27","94.1","16.16","27.18","33.74","34.11","22.24","87","Finance","Banks - Northeast","13.21","4"
"CenterPoint Energy","CNP","27946.12","42.72","6775041","-2.38","-1.79","-.95","70.71","1.58","8.26","12.53","45.04","37.12","102","Utilities","Utility - Electric Power","11.38","3"
"Canadian Natural Resources Limited","CNQ","93196.04","44.9","7827117","5.35","9.46","-3.15","73.4","20.92","4.33","19.31","50.55","29.31","229","Oils-Energy","Oil and Gas - Exploration and Production - Canadian","22.04","1"
"Core Natural Resources, Inc.","CNR","4248.35","84.28","550741","-2.53","2.47","-5.7","34.01","-13.2","86.23","-1.49","113.23","69.36","18","Oils-Energy","Coal","-1.49","3"
"Cohen & Steers","CNS","4153.06","80.79","329832","4.83","6.25","17.19","84.81","17.31","7.48","28.79","84.65","59.24","69","Finance","Financial - Investment Management","28.82","2"
"CNX Resources","CNX","4759.31","33.64","1858236","3.92",".42","-14.12","38.14","-16.6","76.76","23.73","42.61","28.11","210","Oils-Energy","Oil and Gas - Exploration and Production - United States","40.06","3"
"Concentrix","CNXC","1451.63","23.79","2313179",".93","-2.26","-5.07","6.87","-47.84","2.15","6.99","62","20.97","204","Business Services","Business - Services","-13.16","5"
"Vita Coco Company","COCO","4334.28","75.89","1187918","2.51","-8.28","46.99","84.28","30.51","18.17","12.59","84.02","32.3","90","Consumer Staples","Beverages - Soft drinks","12.59","2"
"Compass Diversified Holdings","CODI","769.66","10.23","781507","4.92","-.2","-13.31","71.26","94.29","-14.77",".9","12.48","4.65","105","Finance","Financial - Investment Funds","-12.3","3"
"Capital One Financial","COF","128329.22","206.22","4004427",".45","4.25","7.35","36.8","-22.43","28.39","20.61","257.94","176.1","163","Finance","Financial - Consumer Loans","13.37","3"
"COHERENT CORP","COHR","62060.71","317.22","4561201","2.08","-16.79","4.36","67.78","56.68","23.42","14.2","426.89","86.55","98","Business Services","Technology Services","7.1","2"
"Cohu","COHU","2652.2","56.22","1254402",".79","-12.66","27.34","68.44","120.25","12.74","-1.81","73.91","17.86","30","Computer and Technology","Electronics - Manufacturing Machinery","-11.54","2"
"Coinbase Global","COIN","46329.57","175.85","7276485","8.89","11.17","-9.4","12.47","-29.11","9.4","8.94","419.78","141.09","186","Finance","Financial - Miscellaneous Services","12.2","4"
"Coca-Cola Consolidated, Inc.","COKE","12187.26","183.09","571203","3.35",".04","-8.9","67.84","8.88","4.76","8.7","216.91","111.75","90","Consumer Staples","Beverages - Soft drinks","7.72",""
"Columbia Banking System","COLB","9509.76","32.85","2684331","1.86","5.05","10.9","92.66","7.14","8.35","32.84","33.61","23.26","45","Finance","Banks - West","19.28","4"
"Americold Realty Trust","COLD","4376.6","15.34","4385547","-3.52","8.79","23.01","76.43","8.74","-2.43","-4.29","16.95","10.12","59","Finance","REIT and Equity Trust - Other","-4.29","4"
"Collegium Pharmaceutical","COLL","1162.75","35.85","458655","2.37","3.55","9.27","30.36","-29.41","23.62","37.81","49.84","29.75","105","Medical","Medical - Drugs","9.41","3"
"Columbia Sportswear","COLM","3232.61","63.21","486007",".81","-1.16","3.49","75.68","4.6",".85","5.72","67.79","48.96","172","Consumer Discretionary","Textile - Apparel","4.98","3"
"Compass","COMP","8532.49","11.42","14754603","-2.23","15.47","44.74","68.7","-1.51","23.67",".17","13.58","6.68","104","Computer and Technology","Internet - Software",".17","3"
"Concentra Group Holdings Parent, Inc.","CON","4066.63","31.78","1053542","2.85","10.89","40.87","99.01","47.21","13.85","8.3","31.91","18.71","90","Medical","Medical Services","7.97","3"
"The Cooper Companies","COO","13849.13","71.01","2574501","3.65","7.35","12.55","47.47","-21.02","5.06","21.34","84.32","58.98","74","Medical","Medical - Dental Supplies","5.57","3"
"ConocoPhillips","COP","143149.55","117.5","6551365","5.03","6.85","-5.49","66.14","14.43","8.07","12.21","133.8","85.66","202","Oils-Energy","Oil and Gas - Integrated - United States","12.1","4"
"Cencora, Inc.","COR","58965.62","303.07","1538363",".26","7.82","-2.86","41.25","-18.2","9.31",".99","374.75","252.74","90","Medical","Medical Services",".78","2"
"Corcept Therapeutics","CORT","10268.18","95.65","1063341","5.73","19.79","105.17","100","150.56","12.79","6.14","95.65","32.15","105","Medical","Medical - Drugs","6.14","2"
"Core Scientific, Inc.","CORZ","7632.43","24.01","11066636","8.69","-17.66","19.93","68.81","50.33","-37.53","-347.74","29.16","12.65","186","Finance","Financial - Miscellaneous Services","-342.42","3"
"Costco Wholesale","COST","412089.38","929.22","2606211",".81","-2.97","-6.52","32.42","-1.77","8.17","2.99","1094.32","850","22","Retail-Wholesale","Retail - Discount Stores","3.01","3"
"Coursera","COUR","907.63","5.36","6544742","-6.13","-.92","-17.41","3.55","-33.61","9.04","7.69","12.7","5.09","98","Business Services","Technology Services","-8.23","2"
"Canadian Pacific Kansas City Limited","CP","80677.63","91.16","2518366","-.21","6.88","5.08","89.73","12.86","1.64","27.77","93.71","68.88","183","Transportation","Transportation - Rail","27.2","4"
"Corpay, Inc.","CPAY","23932.27","366.15","630440","2.8","7.89","17.52","95.15","10.92","13.93","33.29","371.81","255","90","Business Services","Financial Transaction Services","24.6","3"
"The Campbell's Company","CPB","6661.93","22.34","6673802","1.09","5.33","8.76","16.68","-26.93","6.4","7.22","34.03","20","198","Consumer Staples","Food - Miscellaneous","6.12","4"
"China Pharma Holdings","CPHI","328.23","8.1","11230453","1217.5","1065.3","1336.43","100","510.26","-8.5","-88.79","8.1",".52","217","Medical","Medical - Generic Drugs","-88.8",""
"Coupang","CPNG","28290.21","15.76","18401648","-11.16","-9.99","-22.52","3.48","-39.1","14.09","-.47","33.53","15.12","161","Retail-Wholesale","Internet - Commerce","-.47","4"
"Capri Holdings","CPRI","1828.7","15.93","3151662","-4.5","-16.82","-19.71","0","-40.48","-21.79","5.21","27.66","15.93","55","Retail-Wholesale","Retail - Apparel and Shoes","3.94","3"
"Copart","CPRT","25154.3","27.17","12668444","-1.27","-8.21","-18.51","0","-36.73","9.68","33.48","49.97","27.17","205","Business Services","Auction and Valuation Services","33.48","4"
"Camden Property Trust","CPT","11267.26","112.09","910541","-.79","1.44","5.82","73.38","-7.17","1.92","24.69","117.58","96.96","93","Finance","REIT and Equity Trust - Residential","24.69","3"
"Crane Company","CR","12552.76","217.38","404844",".42","2.13","22.17","90.1","7.45","8.16","15.13","223.59","160.86","62","Industrial Products","Manufacturing - General Industrial ","13.36","2"
"Corebridge Financial, Inc.","CRBG","14059.54","31.54","3892778","2.8","9.1","17.12","67.74","-4.7","4.52","11.71","35.94","22.3","169","Finance","Insurance - Multi line","1.2","4"
"California Resources","CRC","4733.66","53.31","780947","1.89",".78","-19.97","36.72","8.7","14.73","9.13","70.13","43.55","210","Oils-Energy","Oil and Gas - Exploration and Production - United States","-16.1","5"
"Circle Internet Group, Inc.","CRCL","17668.79","71.08","14738147","12.43","-6.08","-24.66","12.01","-18.29","63.86","17.89","223.78","50.23","186","Finance","Financial - Miscellaneous Services","-2.76","4"
"Credo Technology Group","CRDO","41746.81","223.87","8169364","-5.21","-17.7","34.93","63.37","41.83","205.68","49.55","302.52","87.81","60","Computer and Technology","Electronics - Semiconductors","35.37","1"
"Crescent Energy Company","CRGY","3645.98","11.04","6071715","10.29","4.94","-15.53","53.32","19.95","22.14","13.22","13.92","7.75","105","Oils-Energy","Alternative Energy - Other","-7.47","4"
"CRH","CRH","66646.29","99.74","3792435","-4.01","-9.56","-12.85","15.22","-27.14","5.27","9.75","131.38","94.06","98","Construction","Building Products - Miscellaneous","9.65","3"
"Carter's","CRI","1427.2","38.73","855300","1.92","-9.4","3.09","72.78","8.87","1.91","3.95","44.37","23.65","54","Consumer Discretionary","Shoes and Retail Apparel ","3.07","2"
"Comstock Resources","CRK","3900.28","13.28","2451431","2.31","-1.34","-23.19","4.15","-47.77","77.12","6.68","27.37","12.67","210","Oils-Energy","Oil and Gas - Exploration and Production - United States","27.18","5"
"Charles River Laboratories International","CRL","10568","219.4","897189","-5.11","17.58","31.54","83.87",".26","-.85","12.29","233.6","145.57","90","Medical","Medical Services","-4.59","2"
"Salesforce, Inc.","CRM","139279.14","170.06","12087594","1.49","10.85","-6.21","16.6","-41.48","9.58","30","270.25","150.12","104","Computer and Technology","Internet - Software","18.73","2"
"CorMedix","CRMD","642.52","8.19","1226944","-.97","-4.77","8.19","22.61","-35.8","617.03","40.93","14.83","6.25","98","Medical","Medical - Biomedical and Genetics","45.25","3"
"Cerence","CRNC","416.18","9.21","707670","-10.06","-8.63","5.44","42.99","-21.46","-24.05","19.23","13.52","5.96","64","Computer and Technology","Computers - IT Services","-6.5","3"
"Crocs","CROX","6722.02","135.28","995051","3.13","11.67","31.95","94.46","44.2","-1.5","16.51","138.91","73.39","172","Consumer Discretionary","Textile - Apparel","-2.58","4"
"Carpenter Technology","CRS","29264.33","588.99","756573","2.1","1.88","37.57","92.18","70.54","4.25","16.21","619.25","232.4","5","Basic Materials","Steel - Speciality","15.82","1"
"Corsair Gaming","CRSR","1056","9.88","1491762","2.38","13.56","47.68","70.11","51.63","11.86","6.03","12.14","4.58","176","Consumer Discretionary","Gaming",".71","3"
"Criteo","CRTO","1083.78","21.57","468464","-3.66","24.25","11.47","63.66","-4.59",".6","19.39","24.83","15.86","68","Computer and Technology","Internet - Software and Services","6.06","3"
"Cirrus Logic","CRUS","7034.12","139.42","612860","1.5","-11.64","-14.21","51.65","7.26","5.34","24.5","178.9","97.25","60","Computer and Technology","Electronics - Semiconductors","20.75","3"
"CrowdStrike","CRWD","194640.25","191.15","9817410","-9.29","12.29","68.05","84.1","48.69","21.71","20.72","210.73","87.56","48","Computer and Technology","Security","-.89","4"
"CoreWeave Inc.","CRWV","35617.93","79.58","25507114","-.45","-24.73","-24.59","17.85","1.31","167.94","-16.78","148.75","64.55","104","Computer and Technology","Internet - Software","-25.57","2"
"Cisco Systems","CSCO","442150.13","112.18","23336560","-4.19","-7.4","29.15","72.07","32.76","5.3","26.89","130","66.2","172","Computer and Technology","Computer - Networking","20.14","2"
"CoStar Group","CSGP","11638.14","28.5","6439300","2.96","-5.82","-20.75","1.19","-61.36","18.67","11.59","96.83","27.68","64","Computer and Technology","Computers - IT Services",".74","2"
"Canadian Solar","CSIQ","1043.57","15.37","2542955","1.18","4.34","3.5","24.35","-41.05","-6.65","-3.05","33.58","9.51","53","Oils-Energy","Solar","-1.87","3"
"Carlisle Companies","CSL","13054.44","322.61","572840","-4.65","-8.58","-9.65","19.47","-8.05",".33","16.63","435.11","295.41","176","Conglomerates","Diversified Operations","14.57","3"
"Castle Biosciences","CSTL","743.39","24.51","312904","6.01","14.64","-.73","34.73","-42.56","3.66","-3.78","43.04","14.65","98","Medical","Medical - Biomedical and Genetics","-3.78","3"
"Constellium","CSTM","3881.65","28.51","1834527","-2.23","-14.31","-8.27","66.88","37.88","15.19","4.87","36.15","13.08","238","Industrial Products","Metal Products - Distribution","4.87","3"
"Capital Southwest","CSWC","1495.11","24.06","719848",".67","3.35","1.95","95.03","-.98","13.53","58.36","24.3","19.47","69","Finance","Financial - Investment Management","48.68","3"
"CSX","CSX","92702.55","49.89","11379482","-.06","8.08","10.3","94.69","25.46","-3.08","22.43","50.89","32.05","183","Transportation","Transportation - Rail","21.55","2"
"Cintas","CTAS","80181.45","200.41","2271676","8.72","18.73","15.03","58.77","-2.86","8.94","17.86","226.27","163.55","172","Consumer Discretionary","Textile - Apparel","17.75","2"
"CTO Realty Growth","CTO","761.14","22.53","401651","4.26","8.16","14.36","100","11.56","20.1","9.06","22.53","15.26","59","Finance","REIT and Equity Trust - Other","9.06","1"
"Custom Truck One Source","CTOS","2336.51","10.31","1040807","-2.46","-8.36","14.43","74.96","63.17","7.86","-.88","11.97","5.34","159","Auto-Tires-Trucks","Automotive - Original Equipment","-.88","3"
"CareTrust REIT","CTRE","10252.83","43.4","2672889","7.19","11.86","9.29","100","9.41","60.79","64.1","43.4","30.34","59","Finance","REIT and Equity Trust - Other","64.1","2"
"Centuri Holdings, Inc.","CTRI","2826.17","28","1680149","6.54","-7.38","-21.04","38.47","1.09","13.1","1.52","41.8","19.37","102","Utilities","Utility - Electric Power",".98","3"
"CTS","CTS","1753.03","61.31","305240","2.1","-6.89","12.97","78.01","30.37","4.95","12.82","68.31","36.47","60","Computer and Technology","Electronics - Miscellaneous Components","12.46","3"
"Cognizant Technology Solutions","CTSH","20674.93","43.63","10027357","1.39","6.54","-20.85","10.22","-52.08","6.95","12.32","86.7","38.73","64","Computer and Technology","Computers - IT Services","10.41","3"
"Corteva","CTVA","58147.21","86.94","3429200","2.39","9.9","10.13","98.63","18.24","2.92","13.99","87.3","61","165","Consumer Staples","Agriculture - Operations","6.5","3"
"CubeSmart","CUBE","9262.58","40.91","1890067",".96",".15","3.31","79.51","3.45","20.88","28.93","42.34","35.36","59","Finance","REIT and Equity Trust - Other","28.93","3"
"Customers Bancorp","CUBI","2606.22","77.05","336920","1","-.95","-.12","79.89","-3.94","6.63","31.68","81.21","60.52","78","Finance","Banks - Southeast","18.63","3"
"Curbline Properties Corp.","CURB","3620.7","31.75","1645702","4.72","2.42","10.4","100","24.7","51.3","16.5","31.75","21.89","73","Finance","REIT and Equity Trust - Retail","16.24","2"
"Cousins Properties","CUZ","5238.96","31.84","1378344","2.54","10.33","24.33","98.04","12.59","16","-.53","32.05","21.34","59","Finance","REIT and Equity Trust - Other","-.52","3"
"CVB Financial","CVBF","3956.13","22.42","1607857","-.75","4.04","9.42","83.24","9.88","-5.28","40.16","23.3","18.05","45","Finance","Banks - West","32.05","2"
"Cenovus Energy","CVE","53566.83","28.79","6912453","4.65","11.85","5","83.04","55.12","-10.22","9.53","31.8","14.05","221","Oils-Energy","Oil and Gas - Integrated - Canadian","9.53","3"
"CVR Energy","CVI","3558.76","35.4","930450","5.42","30.15","8.42","76.1","26.85","-5.89","-2.49","40.01","20.72","40","Oils-Energy","Oil and Gas - Refining and Marketing","-.56","3"
"CommVault Systems","CVLT","6067.86","146.49","702301","-1.44","16.98","49.51","59.31","6.53","18.89","16.42","195.41","75.18","93","Computer and Technology","Computer - Software","5.97","3"
"Carvana","CVNA","71930.48","65.58","10112924","-6.82","1.16","-19.32","23.65","-29.17","48.63","6.4","95.69","56.26","161","Retail-Wholesale","Internet - Commerce","6.4","3"
"CVS Health","CVS","141117.55","110.6","7226937","4.16","8.89","36.58","100","27.05","7.85","2.21","110.6","58.75","90","Medical","Medical Services",".72","2"
"Covista Inc.","CVSA","3959.49","116.35","378389","-11.93","-3.63","2.82","41.47","2.51","12.85","14.89","154.45","89.36","105","Consumer Discretionary","Schools","12.26","3"
"Chevron","CVX","380534.59","191.07","8502414","5.12","8.57","1.44","68.82","14.28","-6.79","6.58","211.15","146.75","234","Oils-Energy","Oil and Gas - Integrated - International","5.79","3"
"Community West Bancshares","CWBC","737.51","27.18","412727","1.15","5.59","12.83","91.1","10.12","17.6","27.83","28.02","18.58","186","Finance","Financial - Miscellaneous Services","20.77","2"
"Clearway Energy","CWEN","6899.06","33.61","1191587","-2.44","-8.07","-16.87","42.78","-7.88","4.23",".13","41.26","27.89","105","Oils-Energy","Alternative Energy - Other",".13","5"
"Camping World","CWH","613.8","5.96","2300600","-3.56","-17.57","-12.48","1.2","-44.16","4.41",".36","19.11","5.8","159","Auto-Tires-Trucks","Automotive - Original Equipment","-1.49","3"
"Cushman & Wakefield","CWK","3066.99","13.09","2300723","1.71","2.35","-9.72","31.73","-26.29","8.91","2.84","17.2","11.18","96","Finance","Real Estate - Operations",".7","2"
"Casella Waste Systems","CWST","5759.24","90.54","770286","-6.14","5.06","16.45","43.02","-15.73","17.95","4.33","111.16","74.97","93","Business Services","Waste Removal Services",".38","3"
"California Water Service Group","CWT","3029.77","50.62","532508","1.22","9.38","8.79","86.93","6.5","-3.54","11.77","51.88","42.24","212","Utilities","Utility - Water Supply","11.77","3"
"Cemex","CX","18399.49","12.7","4894265","-.78","4.44","4.7","85.67",".76","-.42","3","13.55","7.62","172","Construction","Building Products - Concrete and Aggregates","2.74","3"
"Crexendo","CXDO","252.84","7.8","435184","-2.13","6.56","14.71","48.36","9.9","12.05","16.43","10.47","5.3","105","Computer and Technology","Internet - Services","6.15","3"
"Sprinklr","CXM","1356.19","5.79","3370726","1.94","16.5","14.2","21.06","-32.16","7.64","14.07","9.35","4.84","98","Business Services","Technology Services","3.29","2"
"Crane NXT, Co.","CXT","2940.99","51.11","1116952",".89","12.35","15.37","45.7","-1.01","11.43","13.93","68.91","36.13","98","Business Services","Technology Services","7.57","3"
"CoreCivic","CXW","3172.34","32.08","1229183","2.3","7.9","55.96","100","53.03","12.72","5.72","32.08","16.13","59","Finance","REIT and Equity Trust - Other","5.53",""
"CryoPort","CYRX","818.53","16.24","790421","1.06","10.03","60.79","96.65","54.22","-22.86","-20.14","16.57","6.71","90","Medical","Medical Services","41.57","3"
"Cytokinetics","CYTK","10092.73","81.11","2145445","-1","1.37","33.65","88.62","16.37","376.56","-669.43","87.26","33.23","98","Medical","Medical - Biomedical and Genetics","-784.02","3"
"Caesars Entertainment","CZR","6116.42","30.03","4411703",".6","2.04","9.96","96.9","17.04","2.14","-2.62","30.41","18.14","87","Consumer Discretionary","Leisure and Recreation Services","-4.19","2"
"Dominion Energy","D","61429.96","69.85","4844663","-2.03","2.05","11.07","87.41","8.68","14.16","17.35","71.69","57.08","102","Utilities","Utility - Electric Power","16.93","3"
"Daktronics","DAKT","945.42","19.58","673183","-1.31","-2.64","2.41","31.45","-9.71","10.87","6.16","27.73","15.84","65","Computer and Technology","Electronics - Miscellaneous Products","5.41","2"
"Delta Air Lines","DAL","55654.64","84.63","7401123","-1.03","-2.41","25.9","78.76","11.17","2.79","5.55","93.66","51.15","78","Transportation","Transportation - Airline","5.79","2"
"Dana","DAN","2968.91","27.43","1726365","1.33","-4.46","-27.11","51.19","5.24","-27.07",".63","38.93","15.37","159","Auto-Tires-Trucks","Automotive - Original Equipment","15.12","5"
"Darling Ingredients","DAR","10157.05","63.91","2347252","3.36","21.09","4.21","97.35","61.84","7.36","4.3","64.84","29.74","198","Consumer Staples","Food - Miscellaneous","3.54","3"
"DoorDash","DASH","81932.55","188.04","3966752",".13","9.63","9.34","30.66","-24.31","27.93","6.29","281.74","146.6","105","Computer and Technology","Internet - Services","6.29","5"
"DAVE INC","DAVE","5580.28","438.9","538655","5.25","38.03","57.57","98.73","80.71","59.67","35.21","442.53","155.92","98","Business Services","Technology Services","37.22","2"
"Deutsche Bank","DB","68617.8","35.37","1987617","-.76",".54","10.7","58.53","-16.38","-4.17","19.44","40.33","28.37","102","Finance","Banks - Foreign","10.43","4"
"Designer Brands","DBI","292.98","5.77","605932","8.66","-5.72","-23.37","49.01","-29.21","-3.87",".85","9.11","2.56","55","Retail-Wholesale","Retail - Apparel and Shoes",".35","2"
"Deutsche Boerse","DBOEY","51762.45","28.74","739620","-1.74","2.13","-8.15","67.39","-.34","-10.63","35.17","31.29","23.47","214","Finance","Securities and Exchanges","32.67","3"
"Dropbox","DBX","6863.71","29.42","3256875","-1.84","10.77","22.63","72.8","-3.53","-1.07","29.64","32.17","22.06","105","Computer and Technology","Internet - Services","18.71","3"
"Dauch Corporation","DCH","1310.26","5.52","3819811","6.77","-2.82","-3.66","25.8","-21.5","-4.71","1.77","9","4.31","159","Auto-Tires-Trucks","Automotive - Original Equipment","-1.87","3"
"Donaldson","DCI","10452.86","90.18","739343",".5","6.55","2.63","49.75","-7.28","2.92","11.95","110.57","69.99","42","Industrial Products","Pollution Control","11.52","3"
"Ducommun","DCO","2641.63","175.11","344390","3.77","7.92","22.36","85.42","67.81","4.85","6.73","190.25","86.41","86","Aerospace","Aerospace - Defense Equipment","-4.11","4"
"Dime Community Bancshares","DCOM","1772.48","40.18","341296",".75","1.03","11.15","92.9","21.73","13.03","27.24","41.28","25.78","78","Finance","Banks - Southeast","16.65","3"
"Delcath Systems","DCTH","442.22","12.81","405828","-2.51","4.23","21.42","86.68","15.62","129.08",".62","13.52","8.19","165","Medical","Medical - Instruments",".62","3"
"DuPont de Nemours","DD","18737.47","138.79","1386001","3.44","-.88","2.05","24.37","4.9","-44.7","13.86","246.51","104.08","105","Basic Materials","Chemical - Diversified ","-.3","3"
"Datadog","DDOG","90695.1","254.79","4154783","-5.89","15.51","93.68","87.02","70.8","27.68","21.7","277.49","102.61","104","Computer and Technology","Internet - Software","3.69","3"
"Deere & Company","DE","158420.89","586.88","1130872",".42","-.85","4.08","66.15","14.91","-11.66","11.75","662.49","439.11","30","Industrial Products","Manufacturing - Farm Equipment","10.09","3"
"Easterly Government Properties","DEA","1174.24","25.28","404476","2.35","4.98","6.49","93.1","8.76","11.27","3.22","25.63","20.56","59","Finance","REIT and Equity Trust - Other","3.22","3"
"Deckers Outdoor","DECK","14347.79","103.31","2065125","-3.09","-.31","-2.7","53.57","-9.16","9.76","18.9","123.91","79.54","55","Retail-Wholesale","Retail - Apparel and Shoes","18.9","2"
"Douglas Emmett","DEI","2056.72","12.28","2175562","-1.52","5.05","10.43","40.1","1.86","1.77","-2.59","16.91","9.18","59","Finance","REIT and Equity Trust - Other","-2.59","2"
"Dell Technologies","DELL","261932.83","404.15","7120536","-11.67","-5.52","96.26","82.58","192.68","18.8","6.83","465.96","111.07","19","Computer and Technology","Computer - Micro Computers","6.28","1"
"Dream Finders Homes","DFH","1395","15.24","626671","-3.24","3.32","3.11","14.49","-18.75","-2.89","4.16","30.99","12.57","205","Construction","Building Products - Home Builders","4.16",""
"Dollar General","DG","27176.27","123.2","2561927","2.55","7.52","6.37","45.21","-15.41","5.2","3.63","156.24","95.94","22","Retail-Wholesale","Retail - Discount Stores","3.63","3"
"Digi International","DGII","2518.13","66.79","482776","-1.24","-2.84","21.92","81.37","40.65","1.46","18.25","74.95","31.14","172","Computer and Technology","Computer - Networking","9.1","3"
"Quest Diagnostics","DGX","22896.45","206.84","822625",".41","4.9","6.04","81.48","8.66","11.78","10.17","216.02","166.45","87","Medical","Medical - Outpatient and Home Healthcare","9.07","2"
"Diversified Healthcare Trust","DHC","2333.91","9.64","1555711","8.19","5.47","25.03","100","81.19","2.84","-21.1","9.64","3.27","59","Finance","REIT and Equity Trust - Other","-21.1","2"
"D.R. Horton","DHI","40699.35","143.52","2336675","-4.31","-8.05","-8.24","23.29","-9.16","-6.93","9.15","184.04","131.22","205","Construction","Building Products - Home Builders","9.15","3"
"DHL Group Sponsored ADR","DHLGY","72907.51","32.57","383888",".03","12.35","16.66","95.95","8.58","2.87","4.28","33.02","21.9","81","Transportation","Transportation - Services","4.28","1"
"Danaher","DHR","126698.02","179.01","5263912","-10.07",".02",".02","21.34","-28.71","2.9","23","242.05","161.91","90","Medical","Medical Services","15.95","2"
"DHT","DHT","2974.44","18.47","3392389","1.6","-7.46",".98","83.87","37.9","-12.83","69.95","19.96","10.72","45","Transportation","Transportation - Shipping","58.54",""
"Dine Brands Global","DIN","448.29","35.34","303933","-.95","6.19","28.09","81.14",".24","8.25","6.6","38.81","20.41","205","Retail-Wholesale","Retail - Restaurants","1.77","4"
"HF Sinclair","DINO","16529.46","91.69","2525189","10.32","39.67","46.17","100","81.39","-5.99","4.09","91.69","42.36","40","Oils-Energy","Oil and Gas - Refining and Marketing","4.46","2"
"Diodes","DIOD","4307.32","93.75","604027","-1.45","-16.35","-3.02","63.92","73.21","13.04","4.35","122.76","42.36","60","Computer and Technology","Electronics - Semiconductors","5.5","3"
"Disney","DIS","166948.22","96.14","9997615",".28","-7.14","-5.25","12.19","-22.97","3.35","10.5","122.94","92.42","74","Consumer Discretionary","Media Conglomerates","11.54","3"
"Delek US Holdings","DK","4117.91","67.19","1203986","10.24","54.78","63.72","100","106.51","-9.53",".85","67.19","20.04","40","Oils-Energy","Oil and Gas - Refining and Marketing","-.48","2"
"DraftKings","DKNG","11832.67","23.85","10440903","-5.39","-5.17","1.92","11.38","-36.91","26.99","6.03","48.23","20.72","176","Consumer Discretionary","Gaming",".93","3"
"DICK'S Sporting Goods","DKS","18653.22","208.41","1113952","-1.4","-11.97","-7.92","40.14","-4.03","28.06","5.79","239.17","187.78","55","Retail-Wholesale","Retail - Miscellaneous","4.71","3"
"Dolby Laboratories","DLB","4722.34","49.92","906022","2.91","-4.2","-20.7","4.99","-29.14","5.92","29.73","76.79","48.51","105","Consumer Discretionary","Audio Video Production","17.85","3"
"DLocal Limited","DLO","4356.15","14.77","3171391","-.47","21.56","8.6","81.79","-4.78","46.6","17.64","15.83","10.01","90","Business Services","Financial Transaction Services","15.85","4"
"Digital Realty Trust","DLR","63010.62","179.31","3688844","3.58","-8.05","-7.85","56.06","5.66","10.04","21.73","203.91","147.93","59","Finance","REIT and Equity Trust - Other","21.73","3"
"Dollar Tree","DLTR","24164.03","125.74","3649065",".95","10.87","28.02","72.46","-6.82","10.43","6.39","141.21","85.04","22","Retail-Wholesale","Retail - Discount Stores","6.51","2"
"Deluxe","DLX","1183.06","25.84","380271","4.91","14.08","-14.24","62.85","5.49",".54","8.52","31.9","15.59","105","Business Services","Business - Office Products","5.01","3"
"Del Monte Corporation","DMC","1347.37","28.32","402062","1.18","1.65","-32.46","8.81","-27.54",".98","3.64","43.02","26.9","198","Consumer Staples","Food - Miscellaneous","1.63",""
"Ginkgo Bioworks","DNA","515.41","7.89","1100259","-12.72","-10.95",".51","22.61","-13.45","-25.06","-210.79","16.14","5.48","98","Medical","Medical - Biomedical and Genetics","-215.41",""
"DNOW INC","DNOW","2601.28","14.25","2532257","8.61","6.26","10.12","54.44","-1.96","18.84","2.44","16.87","11.12","62","Industrial Products","Manufacturing - General Industrial ","-4.14","3"
"Healthpeak Properties, Inc.","DOC","15580.89","22.6","6303901","4.34","9.92","40.81","100","28.13","4.52","7.73","22.6","15.78","59","Finance","REIT and Equity Trust - Other","7.73","3"
"DigitalOcean","DOCN","14240.49","136.45","3782584","8.04","-13.19","44.58","71.17","158.5","15.48","22.16","181.29","25.74","104","Computer and Technology","Internet - Software","24.97","2"
"Doximity","DOCS","3860.43","21.11","3262431","-3.17","3.08","-14.08","5.43","-56.54","13.05","46.94","75.12","18.01","74","Medical","Medical Info Systems","30.4","3"
"Docusign","DOCU","9688.53","50.74","3396405","2.75","18.91","10.83","20.78","-32.38","8.16","25.17","85.01","41.75","104","Computer and Technology","Internet - Software","9.59","3"
"Dole","DOLE","1329.37","13.97","931443","-.92","-1.83","-6.43","34.96","-15.04","8.23","1.2","16.37","12.68","165","Consumer Staples","Agriculture - Operations",".46","3"
"Dover","DOV","28470.12","211.42","988717","-1.27","-5.42","-5.68","69.66","-1.28","4.48","16.31","233.31","161.16","62","Industrial Products","Manufacturing - General Industrial ","13.3","2"
"Dow","DOW","21960.99","30.47","10830226",".53",".46","-19.84","46.28","18.81","-6.97","-1.96","41.87","20.65","105","Basic Materials","Chemical - Diversified ","-7.24","3"
"Amdocs","DOX","5571.28","51.61","1466390","-.67","-1.41","-19.7","4.37","-41.56","-9.43","16.89","89.71","49.87","64","Computer and Technology","Computers - IT Services","11.81","2"
"Domino's Pizza","DPZ","10795.89","326.34","999600","5.32","15.3","-4.15","21.39","-28.63","4.96","11.86","485.53","283.03","205","Retail-Wholesale","Retail - Restaurants","11.86","4"
"DAQO New Energy","DQ","802.52","11.86","738855",".17","-11.95","-45.97",".96","-63.35","-35.34","-32.92","35.69","11.63","53","Oils-Energy","Solar","-32.92","3"
"DiamondRock Hospitality","DRH","2652.24","12.97","2645066","7.19","5.45","26.41","100","31.96","-.83","9.26","12.97","7.5","59","Finance","REIT and Equity Trust - Other","9.26","3"
"Darden Restaurants","DRI","22149.92","193.39","1600316","-1.2","-8.17","-1.59","48.9","-4.2","9.39","9.37","218.66","169.21","205","Retail-Wholesale","Retail - Restaurants","9.13","4"
"Leonardo DRS, Inc.","DRS","12127","45.46","1178275","2.46","-.61","13.14","75.32","21.57","12.8","8.74","49.69","32.55","86","Aerospace","Aerospace - Defense Equipment","7.85","3"
"Driven Brands Holdings","DRVN","2401.76","14.56","906933","-5.94","16.95","15.83","47.81","-10.44","-20.39","10.92","19.21","10.3","30","Retail-Wholesale","Automotive - Retail and Wholesale - Parts","9.08","3"
"DISCO CORP","DSCSY","45313.65","41.77","322501","-5.24","-17.21","-10.94","54.87","25.01","12.37","31.21","55.39","25.21","105","Industrial Products","Manufacturing - Material Handling","30.95","3"
"The Descartes Systems Group","DSGX","6083.19","70.99","498855","-1.16","4.84",".11","18.17","-26.17","11.98","23.35","107.79","62.82","93","Computer and Technology","Computer - Software","23.35","3"
"Dynatrace","DT","12436.31","42.85","4769271","-4.86","6.06","19.06","46.94","-9.87","18.82","25.64","54.71","32.36","64","Computer and Technology","Computers - IT Services","8.06","3"
"DTE Energy","DTE","30170.35","145.03","1159430","-2.71","-2.79","-2.39","64.91","2.51","26.95","9.09","154.43","127.64","102","Utilities","Utility - Electric Power","7.65","3"
"Deutsche Telekom","DTEGY","149166.84","30.41","708403",".16","1.16","-3","24.08","-15.22","7.51","8.27","40.28","27.28","235","Utilities","Diversified Communication Services","7.38","3"
"DT Midstream","DTM","14475.8","141.9","678392","-4.29","-3.46","2.31","82.25","8.09","26.71","36.28","151.12","99.17","202","Oils-Energy","Oil and Gas - Integrated - United States","36.28","3"
"Duke Energy","DUK","98158.97","125.91","3617959","-.36",".69","-1.48","61.2","-2.07","6.19","15.41","133.46","114","102","Utilities","Utility - Electric Power","15.49","2"
"Duolingo","DUOL","5810.63","124.71","1152033","-2.84","-5.65","17.39","11.53","-35.22","38.71","16.08","390.84","90.03","98","Business Services","Technology Services","38.44","2"
"Duos Technologies Group, Inc.","DUOT","248.08","8.46","847622","0","-30.03",".83","28.47","-31.45","271.16","-45.37","14.64","6","98","Business Services","Technology Services","-45.36","3"
"DoubleVerify","DV","1735.68","11.31","3203695","-2.5","8.33","3.67","35.25","-9.87","13.92","16.24","16.27","8.61","104","Computer and Technology","Internet - Software","7.16","3"
"DaVita","DVA","15233.38","237.28","734891","2.1","12.49","58.11","100","90.39","6.46","6.17","237.28","103.87","87","Medical","Medical - Outpatient and Home Healthcare","5.65","3"
"Devon Energy","DVN","27403.74","44.1","11707555","1.61","1.64","-10.87","60.8","9.75","7.83","14.16","52.07","31.74","210","Oils-Energy","Oil and Gas - Exploration and Production - United States","13.71","3"
"Dynex Capital","DX","2801.26","13.02","5766663","-1.51",".77","-5.24","40.48","-15.28","66.97","88.52","14.74","11.85","180","Finance","REIT and Equity Trust","49.18",""
"DXC Technology","DXC","1522","9.31","5213278","1.64","10.83","-19.25","15.12","-42.07","-1.76","4.56","15.43","8.22","64","Computer and Technology","Computers - IT Services",".14","3"
"DexCom","DXCM","28844.01","74.75","4265922",".85","8.46","26.01","57.39","2.67","15.6","19.03","89.53","54.84","165","Medical","Medical - Instruments","19.31","2"
"Dycom Industries","DY","12710.21","423.23","632726","1.04","-8.91","4.9","61.38","14.18","17.95","6.38","535.2","245.31","48","Construction","Building Products - Heavy Construction","4.98","1"
"Eni","E","84719.11","50.19","460849","1.29","3.02","-8.4","69.93","20.6","-4.17","6.05","57.61","32.93","234","Oils-Energy","Oil and Gas - Integrated - International","3.37","5"
"Electronic Arts","EA","52417.09","209.04","2045253","1.16","2.71","3.21","99.59","-6.74",".91","24.85","209.29","147.79","176","Consumer Discretionary","Gaming","11.78","4"
"Airbus SE - Unsponsored ADR","EADSY","179246.64","56.8","413100","2.12","3.52","17.45","61.41","-10.6","10.85","6.92","64.09","45.2","86","Aerospace","Aerospace - Defense Equipment","6.92","3"
"Brinker International","EAT","8270.05","192.83","1019360","4.05","17.4","49.32","97.65","22.48","21.95","8.06","195.01","102.29","205","Retail-Wholesale","Retail - Restaurants","8.07","3"
"eBay","EBAY","50191.98","113.045","2948963",".45","3.74","12.64","85.71","18.32","7.95","23.16","118.96","77.56","161","Retail-Wholesale","Internet - Commerce","17.58","3"
"Eastern Bankshares","EBC","5302.42","22.94","2481407","2.23","9.34","13.9","93.83","13.47","22.11","32.04","23.46","15.03","87","Finance","Banks - Northeast","26.28","3"
"Emergent Biosolutions","EBS","394.71","7.65","786855","2","-4.49","-7.05","24.43","-43.58","-28.81","8.6","13.9","5.63","98","Medical","Medical - Biomedical and Genetics","-1.27",""
"Ecopetrol","EC","33982.95","16.53","2505992","2.29","6.58","18.33","99.4","50.39","-9.86","8.84","16.58","8.29","234","Oils-Energy","Oil and Gas - Integrated - International","8.84","3"
"Everus Construction Group, Inc.","ECG","6944.21","136.05","656466","-1.61","-13.02","-.42","67.68","44.96","31.47","5.65","169.16","66.7","98","Construction","Building Products - Miscellaneous","5.65","2"
"EchoStar","ECHO","27462.73","94.76","6449031",".28","-8.81","-23.4","59.26","-20.53","-5.18","-3.11","141.8","26.33","199","Computer and Technology","Satellite and Communication","-97.56","4"
"Ecolab","ECL","74355.79","264.2","1251416","-2.06","-1.66","-1.03","29.5","-8.26","2.16","13.4","308.35","245.73","84","Basic Materials","Chemical - Specialty","12.8","4"
"Okeanis Eco Tankers Corp.","ECO","2229.84","57.11","449785",".67",".83","4.46","100","53.85","-.43","52.82","57.11","22.63","45","Transportation","Transportation - Shipping","41.26","3"
"Encore Capital Group","ECPG","1912.48","89.2","315889","-.44","3.84","6.1","92.06","49.62","34.37","16","93.79","35.97","163","Finance","Financial - Consumer Loans","16","3"
"Ecovyst Inc.","ECVT","1383.49","12.64","1958490","3.78","-1.17","-9.65","67.32","18.43","2.7","9.79","14.97","7.84","84","Basic Materials","Chemical - Specialty","-7.71","2"
"Consolidated Edison","ED","40468.25","109.81","1948711","-1.92",".97",".17","71.82",".79","10.89","11.83","115.46","95.41","102","Utilities","Utility - Electric Power","12.52","3"
"New Oriental Education & Technology Group","EDU","7696.01","48.7","582611","-1.79","8.13","-8.66","23.66","-19.33","13.6","10.82","63.51","44.11","105","Consumer Discretionary","Schools","7.82","3"
"Excelerate Energy","EE","4496.3","39.49","326172","1.96","9.51","17.95","82.9","28.34","44.26","6.31","42.89","23.01","105","Oils-Energy","Alternative Energy - Other","2.98","3"
"Euronet Worldwide","EEFT","3015.55","79.2","586569","2.56","22.96","4.6","36.41","-5.14","6.38","9.69","106.22","63.73","90","Business Services","Financial Transaction Services","7.15","4"
"Ellington Financial","EFC","1691.56","13.49","1313303","-.95","0","1.2","80.51","-9.44","39.26","101.6","14.02","11.3","180","Finance","REIT and Equity Trust","72.08","3"
"Everforth Inc.","EFOR","752.54","18.31","999801","7.01","2.29","-17.22","3.24","-65.35","-2.91","4.69","55.65","17.06","98","Business Services","Technology Services","2.46","3"
"Equifax","EFX","20599.53","173","1755526","3.64","13.42",".75","18.95","-27.32","6.92","15.54","263.09","151.93","163","Business Services","Consulting Services","10.73","3"
"Enerflex Ltd.","EFXT","2926.81","23.97","354244","-1.2","-5.07","-5.7","78.55","41.62","6.5","6.3","28.39","7.78","105","Oils-Energy","Alternative Energy - Other","3.19","4"
"Everest Group, Ltd.","EG","14922.06","377.09","361997","1.41","9.76","8.65","92.94","1.3","1.24","12.99","382.57","304.91","169","Finance","Insurance - Multi line","11.76","3"
"Eagle Bancorp","EGBN","831.31","27.26","330297","1.49","-3.5","3.06","85.97","16.02","-10.35","-38.12","29.13","15.8","87","Finance","Banks - Northeast","-18.65","3"
"Eldorado Gold","EGO","7959.77","30.46","2183067","3.32","-3.09","-.78","35.75","-22.7","37.53","24.38","49.71","19.75","231","Basic Materials","Mining - Gold","28.62","5"
"EastGroup Properties","EGP","11898.18","221.34","389970","4.78","8.03","9.45","96.81","13.27","12.67","39.69","223.38","159.46","59","Finance","REIT and Equity Trust - Other","39.69","3"
"Vaalco Energy","EGY","567.16","5.44","1313012",".18","2.26","-17.07","62.73","36.24","-24.99","-18.46","6.67","3.37","105","Oils-Energy","Oil and Gas - Exploration and Production - International","-45.86","3"
"Ehang Holdings","EH","399.64","5.32","1106356","-2.39","-18.15","-46.05","1.35","-63.2","16.59","-3.06","19.99","5.12","86","Aerospace","Aerospace - Defense Equipment","-54.89","4"
"Encompass Health","EHC","11120.22","112.1","1142496","3.1","12.21","10.24","54.78","-3.72","10.46","9.56","127.18","93.83","87","Medical","Medical - Outpatient and Home Healthcare","10.04","4"
"Edison International","EIX","30079.34","78.17","2123931","2.08","7.17","15.06","100","18.73","9.76","13.45","78.17","50.92","102","Utilities","Utility - Electric Power","19.27","2"
"The Estee Lauder Companies","EL","29801.05","82.37","2531341","1.87","-1.66","6.84","28.9","-28.3","-8.21","5.49","119.61","67.23","172","Consumer Staples","Cosmetics","-1.67","2"
"Elanco Animal Health","ELAN","12725.97","25.48","4014582","-.27","9.92","15.03","89.67","2.64","6.22","10.08","26.84","13.68","87","Medical","Medical - Outpatient and Home Healthcare","-4.95","2"
"e.l.f. Beauty","ELF","4709.07","79.9","2877633","10.59","25.85","26.83","31.24","-4.21","24.59","11.36","146.67","49.57","172","Consumer Staples","Cosmetics","1.61","3"
"Equity Lifestyle Properties","ELS","12586.55","64.9","1427078","1.28","3.67","3.67","65.09","-2.39",".34","24.99","68.37","58.43","93","Finance","REIT and Equity Trust - Residential","24.99","3"
"Elevance Health, Inc.","ELV","85325.05","393.44","1750222","-7.81","-.42","8.46","78.08","2.32","12.49","3.26","426.79","274.66","90","Medical","Medical Services","2.47","2"
"Electrovaya Inc.","ELVA","504.48","10.19","2083750","29.15","2.31","12.97","75.85","17.59","43.06","7.03","12.26","3.69","65","Computer and Technology","Electronics - Miscellaneous Products","7.03","4"
"EmbraerEmpresa Brasileira de Aeronautica","EMBJ","11829.88","65.47","860596",".86","7.19","3.69","55.63","-7.28","18.5","2.91","79.89","47.39","98","Aerospace","Aerospace - Defense","3.94","3"
"EMCOR Group","EME","33786.61","760.27","477053","-1.87","-9.34","-11.98","52.31","13.29","16.62","6.91","943.75","558.98","48","Construction","Building Products - Heavy Construction","7.54","2"
"Eastman Chemical","EMN","7889","68.99","1248354","2.62","-.71","-3.69","50.5","-1.47","-6.71","6.14","81.36","56.37","105","Basic Materials","Chemical - Diversified ","4.62","4"
"Emerson Electric Co.","EMR","77999.53","139.26","2444141","2.33","-2.71",".61","41.57","-4.35","3","18.95","161.69","123.3","105","Industrial Products","Manufacturing - Electronics","13.35","4"
"Enbridge","ENB","121126.84","55.46","3586579","-.77","-.5","4.56","80.82","5.7","22.08","9.82","58.04","44.59","221","Oils-Energy","Oil and Gas - Production and Pipelines","9.83","3"
"Enovis","ENOV","1559.95","27.1","1219902","9.94","28.13","15.81","53.16","-7.26","6.66","8.58","33.32","20.04","74","Medical","Medical Info Systems","-49.92","3"
"Enphase Energy","ENPH","5264.02","39.94","5240415","-11.22","-15.42","16.44","29.91","13.6","10.72","25.92","72.33","26.12","53","Oils-Energy","Solar","9.64","3"
"Energizer","ENR","1374.95","20.08","926717","-1.62","-6.99","1.98","28.25","-7.97","2.28","8.08","29.86","16.23","186","Consumer Staples","Consumer Products - Staples","6.55","3"
"Enersys","ENS","7338.98","201.31","569840",".04","-9.9","-2.26","72.84","25.05","3.7","10.74","243.34","88.59","105","Industrial Products","Manufacturing - Electronics","7.83","3"
"The Ensign Group","ENSG","9986.57","170.87","941836","2.48","7.54","-9.26","43.42","-10.58","18.72","7.73","215.83","136.36","105","Medical","Medical - Nursing Homes","6.89","3"
"Entegris","ENTG","21375.92","140.17","3140946","-.33","-16.68","-3.14","61.95","51.67","-1.38","13.89","184","68.8","60","Computer and Technology","Electronics - Semiconductors","8.18","2"
"Enova International","ENVA","5685.2","228.46","402582","-.95","8.28","32.42","90.31","32.49","18.58","11.22","242.18","100.56","163","Finance","Financial - Consumer Loans","9.95","2"
"EOG Resources","EOG","76400.24","143.44","3278405","3.93","6.33","5.64","86.59","24.52","-4.5","24.23","149.89","101.78","210","Oils-Energy","Oil and Gas - Exploration and Production - United States","23.01","3"
"Evolus","EOLS","382.29","5.805","773527","-7.42","-13.87","10.15","32.66","-20.42","11.61","-8.89","9.65","3.94","168","Medical","Medical - Products","-14.39","3"
"Enerpac Tool Group","EPAC","1735.1","33.93","685892","-.64","-4.1","-5.96","9.28","-19.11","4.65","15.52","43.71","32.93","105","Industrial Products","Manufacturing - Tools & Related Products","14.72","5"
"EPAM Systems","EPAM","4661.25","89.22","1594875","5.59","16.04","-21.84","9.07","-60.3","15.42","11.95","221.4","76.04","64","Computer and Technology","Computers - IT Services","6.96","3"
"Edgewell Personal Care","EPC","1281.06","27.8","879044","1.27","6.03","21.98","86.47","48.64","-1.34","4.53","29.66","15.91","186","Consumer Staples","Consumer Products - Staples","-3.69","4"
"Enterprise Products Partners","EPD","83357.5","38.56","2728176","2.2","3.85",".23","87.1","9.64","-6.44","11.45","39.8","30.19","55","Oils-Energy","Oil and Gas - Production Pipeline - MLB","11.45","3"
"EPR Properties","EPR","4751.13","62.1","599140","4.3","4.93","9.99","98.82","13.45","2.91","44.01","62.26","48.71","73","Finance","REIT and Equity Trust - Retail","37.5","3"
"Essential Properties Realty Trust","EPRT","7192.34","33.26","1929413","6.6","9.59","6.09","75.32","2.23","24.82","43.46","34.59","29.2","73","Finance","REIT and Equity Trust - Retail","43.46","4"
"Equitable Holdings","EQH","13224.82","48.45","2917552","2.43","7.83","15.8","67.23","-7.31","-6.21","12.1","54.84","35.34","169","Finance","Insurance - Multi line","-7.26","3"
"Equinix","EQIX","101373.89","1027.88","571492",".42","-7.89","-4.51","77.41","22.3","5.36","15.07","1115.94","726.09","73","Finance","REIT and Equity Trust - Retail","15.07","3"
"Equinor","EQNR","110692.52","37.59","3476354","3.87","15.13","-2.39","75.94","45.02","2.59","7.99","42.4","22.41","40","Oils-Energy","Oil and Gas - Refining and Marketing","5.3","3"
"Equity Residential","EQR","25603.34","68.29","2497287","-.63","3.94","4.82","84.72","-1.25","3.82","30.63","70.15","57.98","93","Finance","REIT and Equity Trust - Residential","30.63","3"
"EQT","EQT","31148.8","49.8","7391780","-.02","-3.6","-16.19","4.98","-15.3","63.92","29.58","67.93","48.85","210","Oils-Energy","Oil and Gas - Exploration and Production - United States","28.44","4"
"Equinox Gold","EQX","7149.75","9.06","10830617","-4.63","-7.27","-34.49","23.56","-41.17","20.02","20.58","18.76","6.07","231","Basic Materials","Mining - Gold","21.72","3"
"Ericsson","ERIC","32327.89","9.59","14108781","-5.42","-15.73","-15.13","36.54","-9.41","3.17","9.49","13.74","7.2","69","Computer and Technology","Wireless Equipment","10.72","4"
"Energy Recovery","ERII","444.32","8.62","716581","-.46","-2.71","-22.27","6.87","-41.75","-6.87","23.55","18.11","7.92","42","Industrial Products","Pollution Control","15.07","3"
"Ero Copper","ERO","2801.95","26.87","999902","3.79","-3.17","1.78","55.45","-13.41","67.1","27.8","38.03","12.98","183","Basic Materials","Mining - Non Ferrous","31.63","3"
"Eversource Energy","ES","27472.65","73.05","2162120","-2.13","2.84","6.52","76.33","-1.09","13.83","13.4","76.21","62.86","102","Utilities","Utility - Electric Power","12.55","4"
"ESAB Corporation","ESAB","5237.04","86.02","689432","-1.32","-10.97","-13.57","5.97","-29.81","3.71","11.85","134.82","82.92","205","Industrial Products","Metal Products - Procurement and Fabrication","7.11","3"
"Element Solutions","ESI","9313.1","38.23","6536940","-5.95","-16.64","-1.42","58.39","39.46","3.84","13.63","49.09","22.99","84","Basic Materials","Chemical - Specialty","5.32","2"
"Essent Group","ESNT","6034.17","65.48","798117",".72","9.53","1.85","87.96","-8.18","1.45","53.64","66.82","55.69","158","Finance","Insurance - Property and Casualty","53.64","4"
"Empire State Realty Trust","ESRT","953.54","5.53","1759630","-.18","7.17","-3.49","18.94","-22.68",".05","6.21","7.97","4.96","59","Finance","REIT and Equity Trust - Other","5.09",""
"Essex Property Trust","ESS","18893.93","294.01","449389","-1.38","5.27","9.75","92.64","2.42","6.36","30.03","298.33","239.61","93","Finance","REIT and Equity Trust - Residential","30.03","3"
"Establishment Labs","ESTA","2815.02","95.65","776967","10.46","9.93","48.53","100","19.64","27.14","-18.45","95.65","33.62","90","Medical","Medical Services","-19.05","3"
"Elastic","ESTC","6255.81","60.18","1726070","-3.43","2.03","26.83","32.99","-27.28","17.26","15.83","94.47","43.3","104","Computer and Technology","Internet - Software","21.14","2"
"Energy Transfer","ET","69683.48","20.25","7656228",".9","5.36","4.33","96.65","11.95","3.47","4.66","20.39","16.21","55","Oils-Energy","Oil and Gas - Production Pipeline - MLB","4.66","1"
"Ethan Allen Interiors Inc.","ETD","581.45","22.85","477869","2.79","5.49","1.83","35.34","-8.8","-4.89","6.88","30.48","18.68","81","Retail-Wholesale","Retail - Home Furnishings","6.81","3"
"Eaton","ETN","156465.48","402.95","2161004","-3.03","-.57","-2.45","72.63","15.33","10.33","16.64","435.78","315.82","105","Industrial Products","Manufacturing - Electronics","13.99","2"
"Eton Pharmaceuticals","ETON","1183.35","43.2","509619","15.17","28.99","78.81","100","132.89","104.94","-1.7","43.2","14.13","98","Medical","Medical - Biomedical and Genetics","-1.7","3"
"eToro Group Ltd.","ETOR","3135.1","37.84","746786","-.79","3.11","3.39","32.44","-1.81","10.33","29.76","65.08","24.76","165","Finance","Insurance - Brokerage","1.9","3"
"Entergy","ETR","51384.06","112.22","2759439","-2.76","-1.4","-.83","81.94","10.68","8.98","13.59","117.91","86.4","102","Utilities","Utility - Electric Power","13.48","3"
"Etsy","ETSY","7752.07","81.69","2683176","-1.65","9.08","29.24","90.29","34.33","2.68","11.17","85.74","44.05","161","Retail-Wholesale","Internet - Commerce","9.94","3"
"Entravision Communications","EVC","997.8","10.85","1816629","-6.06",".09","182.55","77.13","237.58","22.65","-3.3","13.48","1.98","105","Consumer Discretionary","Broadcast Radio and Television","-3.41",""
"EverQuote","EVER","969.92","26.92","740336","4.54","29.74","66.58","93.01","-9.11","38.45","15.35","27.87","14.27","104","Computer and Technology","Internet - Software","15.35","3"
"Evolent Health","EVH","658.01","5.85","2267931","-5.49","21.88","61.6","45.77","33.32","-26.56","2.01","10.21","2.17","74","Medical","Medical Info Systems","-26.29","2"
"Evolv Technologies","EVLV","1012.68","5.63","2082123","-6.32","1.62","-17.08","18.91","-28.32","40.48","-22.75","8.76","4.9","64","Computer and Technology","Computers - IT Services","-22.75","3"
"Evercore","EVR","13172.18","340.52","404324","-.49","-7.12","0","63.25","-8.77","29.41","18.02","383.12","267.19","29","Finance","Financial - Investment Bank","16.33","3"
"Evergy","EVRG","19575.17","84.92","2117169","-1.77",".09","3.66","83.76","6.79","1.95","15.38","88.13","68.36","102","Utilities","Utility - Electric Power","14.63","2"
"Evertec","EVTC","1849.84","30.02","481091","3.27","17.77",".03","50.13","-5.92","10.21","24.5","37.66","22.34","90","Business Services","Financial Transaction Services","13.95","3"
"Edwards Lifesciences","EW","48683.89","84.55","4810308","-6.15","-2.76","2.76","52.82","-9.59","11.55","24.98","95.18","72.65","165","Medical","Medical - Instruments","17.39","3"
"East West Bancorp","EWBC","18275.3","133.4","922019","1.67","1.92","6.79","93.45","8.2","3.18","46.27","136.14","94.31","45","Finance","Banks - West","30.45","3"
"Exelon","EXC","46955.02","45.89","8956289","-2.2","-1.57","-2.44","41.8","-4.03","5.34","11.28","50.29","42.73","102","Utilities","Utility - Electric Power","11.21","2"
"Expand Energy Corporation","EXE","21190.89","88.58","3929069",".88","-.17","-8.64","4.54","-26.83","186.28","20.05","122.89","86.95","105","Oils-Energy","Alternative Energy - Other","22.53","4"
"Exelixis","EXEL","14106.05","56.12","2541742",".63","9.31","24.91","95.66","16.72","6.98","38.84","57.1","34.54","98","Medical","Medical - Biomedical and Genetics","35.08","2"
"Endeavour Silver","EXK","2428.37","8.2","5183509","1.49","2.37","-11.06","35.37","-20.48","98.9","9.11","14.12","4.96","189","Basic Materials","Mining - Silver","-3.68","3"
"EXL Service","EXLS","4178.61","27.35","2776877",".11","4.55","-10.74","10.78","-41.25","13.56","12.44","44.98","25.22","64","Computer and Technology","Computers - IT Services","11.66","2"
"Eagle Materials","EXP","6333.88","205.01","435311",".01","-7.27","-1.17","46.16","-9.58","2.13","18.36","242.26","173.07","172","Construction","Building Products - Concrete and Aggregates","18.36","3"
"Expeditors International of Washington","EXPD","23356.68","178.58","1224514",".2","10.69","21.17","94.09","9.25","4.42","7.48","182.8","111.37","81","Transportation","Transportation - Services","7.48","1"
"EXPEDIA GROUP","EXPE","32464.39","264.94","1510265","-.5","8.11","9.4","70.49","-14.75","7.61","14.71","301.31","178.06","87","Consumer Discretionary","Leisure and Recreation Services","9.81","2"
"Exponent","EXPO","2942.72","60.66","546698","-2.29","5.77","-9.38","26.76","-20.39","4.21","19.76","79.79","53.67","163","Business Services","Consulting Services","18.07","3"
"Extra Space Storage","EXR","30749.03","145.55","977111",".03","-1.5","3.21","72.37","1.89","3.7","28.12","152.75","126.69","59","Finance","REIT and Equity Trust - Other","27.66","3"
"Extreme Networks","EXTR","3980.89","30.44","2098565","-7.81","-3.21","78.53","83.63","66.66","2.05","10.64","33.71","13.74","172","Computer and Technology","Computer - Networking","1.3","3"
"National Vision","EYE","1587.91","19.82","1824393","-1.44","18.12","-17.69","31.24","-30.02","9","3.67","29.46","15.44","186","Consumer Staples","Consumer Products - Staples","2.31","4"
"EZCORP","EZPW","2001.77","32.53","1029274","2.1",".46",".87","86.38","52.7","9.7","9.63","35.59","13.13","163","Finance","Financial - Consumer Loans","9.91","3"
"Ford Motor","F","56861.57","14.27","46079040","2.37","1.93","15.08","52.12","-.85","1.23","3.71","17.44","10.82","105","Auto-Tires-Trucks","Automotive - Domestic","-3.22","3"
"First Advantage Corporation","FA","3622.86","21.12","1874082","-.14","27.54","61.84","90.82","32.51","83.02","12.23","22.35","8.95","104","Computer and Technology","Internet - Software",".53","3"
"First American Financial","FAF","7301.13","71.65","895783","2.71","3.18","1.62","91.78","6.31","21.61","8.77","73.03","56.25","158","Finance","Insurance - Property and Casualty","8.73","3"
"Diamondback Energy","FANG","56206.4","199.8","2060793","4.78","6.33","-.13","82.45","21.16","35.79","22.19","213.69","134.53","210","Oils-Energy","Oil and Gas - Exploration and Production - United States","1.87","3"
"Fanuc","FANUY","41078.63","20.91","532328","-1.09","-8.29","-2.74","58.87","-2.1","8.86","19.41","26.61","12.75","239","Industrial Products","Industrial Automation and Robotics","19.41","4"
"Fastenal","FAST","51648.86","45.01","8808300","-1.6","-1.29",".74","52.13","2.25","8.67","15.45","50.39","39.15","161","Industrial Products","Industrial Services","15.45","2"
"Fortune Brands Innovations, Inc.","FBIN","5914.57","49.58","2809583","-2.05","21.97","19.76","52.14","-9.64","-3.16","9.44","64.44","33.39","48","Construction","Building Products - Air Conditioner and Heating","6.12","3"
"FB Financial","FBK","3056.37","59.32","429457","1.58","8.39","8.21","84.21","-3.09","14.81","33.84","61.62","47.05","87","Finance","Banks - Northeast","19","3"
"First Bancorp","FBNC","2668.3","64.49","308331",".8","3.97","8.08","91.26","15.75","2.26","40.56","66.23","46.32","78","Finance","Banks - Southeast","20.59","3"
"FIRST BANCORP","FBP","4275.48","27.64","1401905","3.44","5.38","14.31","97.67","21.55","2.38","33.32","27.84","19.25","102","Finance","Banks - Foreign","28.31","2"
"Franklin BSP Realty Trust","FBRT","613.4","7.97","1065654","-1.24","-4.55","-13.28","4.15","-27.56","28.33","32.3","11.67","7.81","180","Finance","REIT and Equity Trust","24.26","3"
"FuelCell Energy","FCEL","1463.04","21.64","14757390","1.36","-.82","117.71","55.22","169.87","41.05","-61.63","36.01","3.92","105","Oils-Energy","Alternative Energy - Other","-132.41","2"
"First Commonwealth Financial","FCF","2132.32","20.97","706567","2.69","4.85","11.07","93.88","13.38","4.26","30.23","21.34","15.29","87","Finance","Banks - Northeast","21.19","3"
"FirstCash ","FCFS","9288.56","211.89","443642",".87","-5.2","-1.02","81.31","21.2","8.04","10.74","233","120.08","90","Business Services","Financial Transaction Services","9.15","2"
"FTI Consulting","FCN","4684.38","155.4","392740","-2.47","8.18","-14.95","32.17","-17.07","2.44","6.88","187.03","140.4","163","Business Services","Consulting Services","6.88","3"
"Four Corners Property Trust","FCPT","2895.18","26.38","865977","4.89","5.73","3.37","87.25","4.29","9.72","38.74","26.89","22.89","59","Finance","REIT and Equity Trust - Other","38.74","2"
"FreeportMcMoRan","FCX","89933.74","62.56","14880410",".98","-2.86","7.47","74.82","12.29","1.81","11.47","71.72","35.34","183","Basic Materials","Mining - Non Ferrous","10.34","3"
"4D Molecular Therapeutics","FDMT","594.64","11.375","955178","-2.78","-1.94","20.75","78.8","38.26","230194.59","-182.34","13.3","4.22","105","Medical","Medical - Drugs","-182.34","4"
"FactSet Research Systems","FDS","8782.91","246.95","968982","-2.24","13.2","7.58","23.48","-22.42","5.39","26.79","432.32","190.06","41","Business Services","Business - Information Services","23.21","3"
"Fidus Investment","FDUS","751.12","19.79","460681","-3.13","8.2","5.94","58.33","-6.52","6.65","48.38","21.84","16.92","201","Finance","Financial - SBIC & Commercial Industry","49.51","3"
"FedEx","FDX","74568.02","315.19","2057400",".49","-.65","-19.23","50.38","-.53","7.73","5.11","411.78","217.1","105","Transportation","Transportation - Air Freight and Cargo","4.68","3"
"FirstEnergy","FE","27990.28","48.39","3754450","-1.71","1.98","-2.4","68.37","-1.47","12.01","9.68","51.91","40.78","102","Utilities","Utility - Electric Power","6.86","3"
"Frequency Electronics","FEIM","788.08","79.845","317607","35.49","15.77","63.72","100","35.19","-9.43","-1.43","79.85","21.47","48","Computer and Technology","Instruments - Control","-1.43",""
"Ferguson plc","FERG","43926.92","226.5","1183813","-3.49","-3.23","-12.27","26.54","-7.25","5.67","7","267.71","211.61","62","Industrial Products","Manufacturing - General Industrial ","6.98","2"
"First Financial Ban","FFBC","3742.83","35.67","1238745","4.21","9.86","15.74","96.05","29.97","-22.25","31.11","36.18","23.26","78","Finance","Banks - Midwest","20.77","4"
"First Financial Bankshares","FFIN","4983.35","34.78","1046320",".4","3.82","6.43","65.92","6.15","10.66","39.54","37.98","28.59","42","Finance","Banks - Southwest","31.03","2"
"F5","FFIV","23060.8","408.74","530227","-5.22","4.93","34.55","89.14","45.97","9.66","30.45","431.26","223.99","104","Computer and Technology","Internet - Software","21.96","3"
"F&G Annuities & Life, Inc.","FG","4001.05","30.2","582704","-.2","8.48","5.52","64.21","-10.76","-.23","8.55","35.5","20.69","183","Finance","Insurance - Life Insurance","8.89","3"
"First Hawaiian","FHB","3535.12","29.06","2666501","1.86","1.61","7","83.09","4.71",".21","32","30.34","22.77","45","Finance","Banks - West","24.44","1"
"Federated Hermes","FHI","4364.22","57.49","584880","-2.13","-2.97","1.09","79.98",".65","10.33","21.47","60.04","47.3","69","Finance","Financial - Investment Management","21.47","3"
"First Horizon","FHN","12107.5","25.51","5568427","-.82","2.24","3.49","88.55","-2.7","-.68","30.35","26.23","19.94","42","Finance","Banks - Southwest","21.12","3"
"Foghorn Therapeutics","FHTX","302.96","5.16","421353","-4.09","24.64","-.19","51.75","-12.89","36.75","-266.88","6.68","3.53","98","Medical","Medical - Biomedical and Genetics","-266.88","3"
"First Interstate BancSystem","FIBK","3785.66","38.97","1077961",".08","4.39","9.22","89.42","2.68","-4.67","29.47","40.22","28.41","78","Finance","Banks - Midwest","22.64","3"
"Figma, Inc.","FIG","9773.82","21.93","22592032","-8.09","15.48","27.65","4.84","-46.5","40.96","15.64","122","16.84","104","Computer and Technology","Internet - Software","-123.83","2"
"FIGS","FIGS","1715.57","10.27","3020389","5.66","-6.89","-31.62","38.89","-17.59","13.6","6.1","17.12","5.91","55","Retail-Wholesale","Retail - Apparel and Shoes","6.1","2"
"Fidelity National Information Services","FIS","21491.84","41.58","5204162","2.46","9.33","-10.19","8.73","-42.97","5.43","26.96","81.94","37.72","90","Business Services","Financial Transaction Services","23.35","3"
"Fiserv","FISV","26987.98","50.61","7165024","2.16","7","-17.84","2.89","-31.31","3.6","22.82","165.98","47.18","90","Business Services","Financial Transaction Services","15.17","3"
"Fifth Third Bancorp","FITB","52257.92","57.66","6793635","1.07","5.47","14.61","91","12.29","-2.54","29.09","59.37","40.36","28","Finance","Banks - Major Regional","15.77","3"
"Five Below","FIVE","11264.22","203.71","1160339","5.49","9.55","-12.4","61.99","-1.41","22.9","8.77","247.71","131.94","55","Retail-Wholesale","Retail - Miscellaneous","8.67","1"
"Five9","FIVN","1931.71","25.23","2050526","-1.37","32.37","50.54","74.73","14.71","10.28","20.42","29.16","13.61","104","Computer and Technology","Internet - Software","4.87","3"
"Comfort Systems USA","FIX","62431.85","1773.51","497145","-.09","-7.05","3.16","80.9","73.23","29.52","12.07","2066.51","532.14","48","Construction","Building Products - Air Conditioner and Heating","12.07","3"
"National Beverage","FIZZ","2881.38","30.78","701878","-.45","-10.91","-10.81","0","-12.01","-1.73","15.56","47.69","30.78","90","Consumer Staples","Beverages - Soft drinks","15.56",""
"Flex","FLEX","46672.88","127.39","4735976","-3.67","-16.11","46.16","69.33","92.21","8.14","4.47","162.07","49","65","Computer and Technology","Electronics - Miscellaneous Products","3.15","2"
"Flagstar Bank, National Association","FLG","6181.37","14.83","4310387","-.87","-1.33","5.85","88.58","7.38","-24.33","-.39","15.36","10.72","78","Finance","Banks - Southeast","-1.22","4"
"Fluence Energy","FLNC","2816.27","15.28","7942326","-2.11","-27.96","23.73","33.48","-29.58","-16.15","-1.62","32.23","6.75","105","Oils-Energy","Alternative Energy - Other","-1.62","2"
"Flex LNG","FLNG","1693.09","31.3","393810","1.59","1.33","-1.17","81.13","14.36","-2.44","26.09","33.27","22.83","45","Transportation","Transportation - Shipping","22.26",""
"Flowers Foods","FLO","1801.94","8.5","6782949","2.53","12.58","-4.82","15.28","-28.78","3","4.13","16.76","7.01","198","Consumer Staples","Food - Miscellaneous","1.38","3"
"Flowco Holdings Inc.","FLOC","1824.98","20.2","777760","-1.61","-8.18","-16.98","42.99","-1.74","41.93","16.95","28.09","14.25","234","Oils-Energy","Oil and Gas - Integrated - International","5.49","4"
"Fluor","FLR","7177.64","51.39","1907955",".53","-3.71","1.7","68.61","18.21","-4.98","1.69","56.77","39.63","96","Construction","Engineering - R and D Services","2.3","5"
"Flowserve","FLS","8629.53","67.52","1931861","-2.97","-15.58","-20.62","42.91","-11.28","3.76","10.54","92.04","49.09","62","Industrial Products","Manufacturing - General Industrial ","7.61","3"
"Flutter Entertainment PLC","FLUT","17562.49","100.95","2285969","-6.93","3.17","-7.46","3.96","-57.2","16.62","7.85","308.6","92.38","176","Consumer Discretionary","Gaming","-2.2","4"
"Firefly Aerospace, Inc.","FLY","3382.56","21.11","4611529","-2.04","-22.42","-38.3","9.94","-13.97","162.95","-128.8","60.35","16.78","98","Aerospace","Aerospace - Defense","-181.16","4"
"FLYWIRE CORP","FLYW","2156.11","17.47","2324533","-.68","11.91","28.65","84.5","12.47","26.59","4.75","18.78","10.33","104","Computer and Technology","Internet - Software","4.45","3"
"FMC","FMC","1421.77","11.37","4817249","6.06","3.18","-25.49","1.96","-25.27","-18.34","8.32","43.9","10.72","165","Consumer Staples","Agriculture - Operations","-72.93","5"
"Freddie Mac","FMCC","3646.83","5.61","1874159","2.37","-.12","-15","15.36","-49.56","6.36","48.81","14.15","4.06","214","Finance","Financial - Mortgage & Related Services","8.61","3"
"Farmers National Banc","FMNB","863.35","14.58","479918","2.24","1.32","1.46","76","-.22","3.89","32.29","15.3","12.3","78","Finance","Banks - Midwest","19.55","3"
"Fresenius Medical Care AG & Co.","FMS","13256.35","24.68","585984","2.24","4.14","9.64","62.19","-5.55","7.63","6.48","27.41","20.19","165","Medical","Medical - Instruments","4.88","4"
"Fomento Economico Mexicano","FMX","45041.14","130.35","502962","-2.12","2.55","14.66","94.3","17.57","2.29","2.39","133.17","83.67","90","Consumer Staples","Beverages - Soft drinks","3.4","1"
"Fabrinet","FN","18894.81","527.35","1098298","9.23","-9.63","-17.31","53.32","5.59","18.6","10.8","746.47","277.04","60","Computer and Technology","Electronics - Miscellaneous Components","9.94","4"
"F.N.B.","FNB","6795.35","19.09","6056481",".53","1.81","7.61","91.74","1.77","4.92","33.66","19.49","14.65","78","Finance","Banks - Southeast","22.29","4"
"Floor & Decor","FND","5757.31","53.37","2371644","-4.98","3.71","8.01","21.05","-20.1","5.12","4.27","90.42","43.49","81","Retail-Wholesale","Retail - Home Furnishings","4.27","3"
"FIDELITY NAT FI","FNF","13667.82","50.78","1594278","1.76","5.88","-3.59","48.11","-15.2","5.58","9.29","58.89","43.26","169","Finance","Insurance - Multi line","5.1","4"
"Funko","FNKO","324.96","5.81","605014","4.68","7.99","31.75","97.67","55.78","-13.49","-2.97","5.89","2.46","24","Consumer Discretionary","Toys - Games - Hobbies","-6.3",""
"Fannie Mae","FNMA","7214.88","6.23","3930050","3.11","1.14","-18.67","14.98","-47.07","4.26","74.09","15.31","4.63","214","Finance","Financial - Mortgage & Related Services","4.53","3"
"FrancoNevada","FNV","39998.26","207.4","674150","2.19","-3.05","-10.77","41.92","-8.79","63.69","63.08","280.82","154.4","231","Basic Materials","Mining - Gold","65.12","3"
"FormFactor","FORM","8867.36","113.75","1991918","-2.22","-20.34","-15.23","65.1","85.9","2.8","15.24","159.93","27.62","60","Computer and Technology","Electronics - Semiconductors","8.14","3"
"Shift4 Payments","FOUR","3895.84","49.11","1351717","-1.8","27","6.23","18.94","-28.9","25.5","22.28","106.81","35.63","90","Business Services","Financial Transaction Services","2.63","2"
"Fox","FOX","21626.99","51.47","1779110","3.98","15.53","-9.03","30.3","-27.74","16.6","13.56","67.76","44.39","105","Consumer Discretionary","Broadcast Radio and Television","10.56","1"
"Fox","FOXA","24190.13","57.57","6779762","4.92","18","-8.84","32.14","-28.18","16.6","13.56","76.11","48.79","105","Consumer Discretionary","Broadcast Radio and Television","10.56","2"
"Fox Factory Holdings","FOXF","767.01","18.29","596819","5.24","4.22","3.39","29.62","-2.55","5.27","2.85","30.41","13.19","105","Auto-Tires-Trucks","Automotive - Domestic","-20.25","4"
"Farmland Partners","FPI","423.52","9.71","458673",".52","-1.22","-15.86","8.52","-8.65","-10.39","57.94","13.04","9.4","59","Finance","REIT and Equity Trust - Other","57.94","4"
"First Industrial Realty Trust","FR","9075.77","68.46","1324040","5.73","7.59","9.57","98.12","8.97","8.58","45.98","68.86","47.58","59","Finance","REIT and Equity Trust - Other","45.98","3"
"First Merchants","FRME","2774.89","44.03","481218","1.69","5.06","8.77","88.28","7.09","-2.04","35.59","45.23","34.99","78","Finance","Banks - Midwest","18.87","2"
"FRONTLINE PLC","FRO","8559.85","38.45","2572491",".18","-10.33","6.48","82.13","60.64","-8.85","40.66","42.88","18.09","45","Transportation","Transportation - Shipping","36.7",""
"JFrog","FROG","10484.12","86.56","3438413","-5.06","9.97","90.24","81.78","26.34","24.12","19.68","98.1","34.75","104","Computer and Technology","Internet - Software","-10.93","3"
"Freshpet","FRPT","2880.75","58.62","1348380","8.1","9.84","-10.71","29.47","-12.3","13.01","6.46","85.5","47.39","198","Consumer Staples","Food - Miscellaneous","17.63","3"
"Freshworks","FRSH","2955.08","10.69","24727740","2.1","16.32","28.95","48.29","-20.45","16.43","19.64","14.77","6.88","104","Computer and Technology","Internet - Software","20.69","3"
"Federal Realty Investment Trust","FRT","10849.62","125.59","768907","2.85","1.54","11.74","98.79","13.58","6.36","38.63","126.02","90.61","73","Finance","REIT and Equity Trust - Retail","38.63","2"
"FS KKR Capital Corp.","FSK","3077.93","10.99","2417810","1.85","7.43","1.57","8.67","-32.35","-11.74","17.86","22.37","9.91","201","Finance","Financial - SBIC & Commercial Industry","-38.65","4"
"First Solar","FSLR","22140.77","206.05","1685141","-6.59","-17.33","5.2","21.82","-28.1","24.09","30.73","318.25","174.73","53","Oils-Energy","Solar","30.73","3"
"Fastly","FSLY","3244.25","20.73","4926911","-.81","24.43","-15.83","52.95","85.64","14.78","7.54","33.5","6.36","104","Computer and Technology","Internet - Software","-15.79","3"
"Fortuna Mining Corp.","FSM","2536.33","8.47","4203804","-.47","-1.51","-11.77","30.24","-21.29","-10.83","25.21","13.66","6.22","209","Basic Materials","Mining - Miscellaneous","31.07","4"
"Federal Signal","FSS","7077.48","116.02","673008","-1.95","-1.84","3.83","38.67","-2.6","17.14","12.21","133.86","104.77","105","Auto-Tires-Trucks","Automotive - Domestic","11.56","2"
"FirstSun Capital Bancorp","FSUN","1598.86","34.21","337600","-3.09","-7.67","-8.31","36.03","-17.14","3.7","22.88","41.4","30.16","78","Finance","Banks - Midwest","16.52","4"
"FTAI Aviation Ltd.","FTAI","21568.07","210.25","1203863","1.95","-19.78","-2.66","50.13","-2.63","44.53","18.92","310.04","109.92","86","Aerospace","Aerospace - Defense Equipment","18.92","3"
"Frontdoor","FTDR","5142.6","73.22","640317","-1.63",".01","18.08","80.48","15.7","13.56","14.68","79.07","49.1","98","Construction","Building Products - Miscellaneous","12.22","3"
"TechnipFMC","FTI","29751.13","74.62","4323111",".07","12.82","-1.1","94.71","52.66","9.35","11.23","76.99","32.19","160","Oils-Energy","Oil and Gas - Field Services","10.62","2"
"Fortinet","FTNT","115831.71","158.1","5003885","-5.23","6.82","84.44","90.56","81.5","14.17","31.79","166.83","74.39","48","Computer and Technology","Security","27.49","1"
"Fortrea Holdings Inc.","FTRE","1694.29","17.91","1270289","-.67","8.81","66.45","96.43","-5.35","1","1.98","18.4","4.66","98","Medical","Medical - Biomedical and Genetics","-16.5","3"
"Fortis","FTS","29410.03","57.57","675266","-.26","1.53","1.89","89.48","1.04","3.7","14.46","58.78","47.28","102","Utilities","Utility - Electric Power","14.21","4"
"Fortive","FTV","18346.55","60.67","2383676","-.02",".55","-1.78","82.82",".18","-33.26","22.02","63.6","46.55","30","Computer and Technology","Electronics - Testing Equipment","12.84","2"
"fuboTV","FUBO","277.36","9.42","1465931","-1.26","8.15","-18.02","2.85","-71.61","-76.76",".15","54.74","8.09","105","Consumer Discretionary","Broadcast Radio and Television","-.9","3"
"Subaru Corporation","FUJHY","11463.02","7.99","392353","4.17","9.15","5.69","17.26","-32.12","3.3","1.96","11.49","7.26","189","Auto-Tires-Trucks","Automotive - Foreign","1.96","5"
"H. B. Fuller","FUL","3012.09","56","957494","-.04","-11.28","-9.52","36.87","-14.14","-2.67","7.1","67.49","49.29","84","Basic Materials","Chemical - Specialty","5.29","2"
"Fulton Financial","FULT","4705.71","24.62","2026160","1.69","4.06","13.3","93.21","16.11","1.92","30.7","25.19","16.79","87","Finance","Banks - Northeast","20.85","4"
"Six Flags Entertainment Corporation","FUN","1797.77","17.59","2393584","-6.49","-24.02","-3.35","23.67","4.53","14.45","1.33","32.94","12.83","87","Consumer Discretionary","Leisure and Recreation Services","-52.76","3"
"Futu Holdings","FUTU","14529.78","103.66","1479699","5.64","5.88","-33.17","12.72","-42.45","67.78","41.87","199.04","89.76","186","Finance","Financial - Miscellaneous Services","41.87","5"
"Fiverr International","FVRR","396.54","11.03","527585","-.36","8.67","6.47","8.27","-49.11","10.07","26.31","26.67","9.62","161","Retail-Wholesale","Internet - Commerce","6.7","3"
"Forward Air","FWRD","512.64","16.21","788926","26.74","23.93","-27.67","32.97","-40.89",".84","-2.91","32.27","8.31","5","Transportation","Transportation - Truck","-3.71","3"
"First Watch Restaurant Group","FWRG","765.63","12.42","1067380","2.31","11.39","-3.42","25.5","-24.92","20.34","1.38","19.17","10.11","205","Retail-Wholesale","Retail - Restaurants","1.38","3"
"Genpact","G","5115.71","30.18","2229383","2.24","6.72","-11.11","12.76","-41.19","6.56","12.89","48.5","27.5","64","Computer and Technology","Computers - IT Services","11.04","3"
"The Gap","GAP","7055.59","19.6","8069111","-2.63","-4.16","-19.8","11.6","-30.2","1.86","4.99","29.13","18.35","55","Retail-Wholesale","Retail - Apparel and Shoes","6.25","3"
"Glacier Bancorp","GBCI","6801.25","52.26","1317093",".91","5.28","5.68","84.3","8.15","13.32","25.17","54.51","40.18","45","Finance","Banks - West","17.6","2"
"Golub Capital BDC","GBDC","3389.04","13.01","1092216","-.08","5.6","-3.06","29.63","-12.6","20.16","47.96","15.48","11.97","201","Finance","Financial - SBIC & Commercial Industry","24.64","3"
"Global Business Travel Group, Inc.","GBTG","4906.9","9.41","1901775","0",".32","60.03","97.8","12.14","12.17","1.28","9.51","4.97","104","Computer and Technology","Internet - Software","2.93","3"
"The Greenbrier Companies","GBX","1548.84","50.06","612750","5.75","-.2","3.39","49.89","-2.36","-8.59","4.2","58.87","41.29","189","Transportation","Transportation - Equipment and Leasing","4.07","4"
"GCM Grosvenor","GCMG","2560.97","12.675","578778","-8.22","3.3","16.28","73.97","2.07","8.47","30.02","13.81","9.45","69","Finance","Financial - Investment Management","9.05","3"
"GigaCloud Technology Inc.","GCT","1415.95","38.49","613143","8.73","15.55","-10.45","56.83","-10.67","11.1","10.77","51.8","20.97","98","Business Services","Technology Services","10.77","3"
"General Dynamics","GD","99445.29","367.73","1089359","-.48","4.96","17.23","88.54","-.43","10.13","8.07","376.88","297.05","98","Aerospace","Aerospace - Defense","8.07","2"
"GoDaddy","GDDY","12224.08","92.32","1870352","1.34","21.31","8.23","18.36","-32.17","8.26","17.32","169.4","74.99","66","Computer and Technology","Internet - Delivery Services","17.32","4"
"Green Dot","GDOT","758.41","13.38","409673",".38","1.36","10.21","66.67","-4.78","20.69","3.99","15.25","9.64","90","Business Services","Financial Transaction Services","-3.25","3"
"GDS Holdings","GDS","6568.38","32.78","2010836","2.21","2.82","-21.6","20.32","-14.38","15.61","34.11","47.52","29.02","98","Business Services","Technology Services","23.83","1"
"Grid Dynamics","GDYN","490.05","5.86","2450046",".51","8.12","4.64","11.65","-40.84","17.47","7.86","10.79","5.21","64","Computer and Technology","Computers - IT Services","1.27","4"
"GE Aerospace","GE","353497.56","340.7","4566841","-3.68","-4.42","17.81","68.26",".83","18.48","15.84","378.68","259","98","Aerospace","Aerospace - Defense","17.72","3"
"GE HealthCare Technologies Inc.","GEHC","28221.49","62.04","4836243",".62","-2.64","-9.43","8.91","-31.05","4.84","9.95","88.16","59.49","168","Medical","Medical - Products","9.1","5"
"GEN DIGITAL INC","GEN","15729.55","26.11","4777144","-1.73","12.25","35.64","57.6","-12.46","27.06","31.74","32.16","17.89","98","Business Services","Technology Services","19.46","3"
"Genius Sports Limited","GENI","1637.94","6.65","4656737","3.58","13.48","53.94","28.35","-44.99","31.04","-20.41","13.55","3.92","180","Computer and Technology","Internet - Content","-22.27","3"
"The Geo Group","GEO","4172.9","31.23","1901833","4.87","4.24","65.94","100","76.61","8.58","5.09","31.23","13.26","8","Business Services","Government Services","10","2"
"GE Vernova Inc.","GEV","289897.84","1078.8101","2662457","1.2","4.23","-.93","84.68","50.47","8.97","13.13","1174.86","547.96","105","Oils-Energy","Alternative Energy - Other","23.81","2"
"Griffon","GFF","4072.04","88.78","338981","-2.26","-1.72","-3.57","71.54","9.89","-3.95","10.85","97.53","66.79","176","Conglomerates","Diversified Operations",".31","3"
"GFL Environmental","GFL","13755.72","38.35","3884328","-.8","6.5","-4.48","27.5","-18.6","-15.74","5.18","51.03","33.54","93","Business Services","Waste Removal Services","3.09","3"
"GlobalFoundries","GFS","32587.34","59.39","3214478","-6.31","-28.78","-.17","47.6","55.04",".61","14.66","89.96","31.62","60","Computer and Technology","Electronics - Semiconductors","11.4","3"
"Graco","GGG","12137.25","73.13","1302751","-.92","-1.39","-9","0","-18.67","5.83","21.8","94.82","73.13","62","Industrial Products","Manufacturing - General Industrial ","22.96","3"
"Guardant Health","GH","20193.64","152.29","3438522","-4.88","16.4","83.28","85.76","35.92","32.88","-20.9","170.77","40.98","98","Medical","Medical - Biomedical and Genetics","-40.1","4"
"CGI Group","GIB","14091.57","66.64","463911","1.65","6.97","-9.35","13.07","-34.18","5.47","11.55","102.3","61.28","55","Computer and Technology","Computer - Services","10.26","3"
"GIII Apparel Group","GIII","1508.73","35.76","572780","4.62","6.37","13.74","98.91","12.57","-7.04","3.4","35.9","23.08","172","Consumer Discretionary","Textile - Apparel","4.34","3"
"Gildan Activewear","GIL","9950.2","53.73","1136629","4.29","1.84","-7.22","19.65","-21.58","10.66","12.97","72.58","49.12","172","Consumer Discretionary","Textile - Apparel","6.1","3"
"Gilead Sciences","GILD","161751.73","130.28","7295821",".18","4.18",".79","46.36","-3.24","2.4","35.29","155.8","108.22","98","Medical","Medical - Biomedical and Genetics","30.99","3"
"Gilat Satellite Networks","GILT","859.4","11.64","579641","-2.51","-4.82","-29.41","31.78","-18","47.87","10.8","20.85","7.35","199","Computer and Technology","Satellite and Communication","6.8","3"
"General Mills","GIS","19827.27","37.15","10935546","1.89","7.9","6.91","26.07","-27.17","-5.45","10.32","51.27","32.17","198","Consumer Staples","Food - Miscellaneous","-.48","5"
"Glaukos","GKOS","8991.57","153.09","765223",".42","13.69","27.97","95.44","23.6","32.33","-8.98","156.84","74.67","165","Medical","Medical - Instruments","-34.34","4"
"Globe Life","GL","14313.04","184.34","584752","2.99","4.99","20.74","99.35","20.15","3.74","19.87","184.76","120.29","69","Finance","Insurance - Accident and Health","19.38","3"
"Globale Online","GLBE","6069.4","35.76","1527727","-7.72","11.16","11.96","58.51","-17.07","27.82","11.37","41.59","27.54","161","Retail-Wholesale","Internet - Commerce","11.37","3"
"GCI Liberty, Inc. - Series C GCI Group","GLIBK","790.21","22.04","873402","2.32","8.62","-36.56","10.8","-46","2.95","19.21","40.04","19.86","105","Utilities","Wireline - National","-31.47","3"
"Golar LNG Limited","GLNG","5041.65","49.76","966420","-4.16","-2.83","-5.83","65.5","21.91","51.14","32.24","57.36","35.33","234","Oils-Energy","Oil and Gas - Integrated - International","30.1","3"
"Globant","GLOB","1407.12","32.1","2267643","3.82","9.63","-21.75","6.66","-55.24","1.62","11.16","93.3","27.73","68","Computer and Technology","Internet - Software and Services","4.46","4"
"Gaming and Leisure Properties","GLPI","12615.06","44.51","2674206","1.53","-.45","-7.31","37.46","-9.21","4.13","55.56","49.82","41.33","59","Finance","REIT and Equity Trust - Other","55.56","2"
"Monte Rosa Therapeutics","GLUE","1996.25","23.63","1576634",".72","14.1","24.3","92.04","37.38","63.54","-302.69","25.31","4.19","98","Medical","Medical - Biomedical and Genetics","-302.69","3"
"Corning","GLW","139776.19","162.41","15395242","-13.45","-16.31","6.12","53.77","69.09","19.14","13.73","255.69","53.9","39","Computer and Technology","Communication - Components","11.09","2"
"Galaxy Digital Inc.","GLXY","9907.36","25.41","6908087","4.91","-18.95","-3.6","32.94","3.6","44.04","-.12","42.86","16.84","186","Finance","Financial - Miscellaneous Services","-.54","5"
"General Motors","GM","71700.41","79.52","6830238","3.45",".72",".72","81.7","-10.86","-1.29","6.38","86.38","48.89","105","Auto-Tires-Trucks","Automotive - Domestic","1.05","3"
"Genmab","GMAB","17686.5","28.365","1995274","-1.27","9.35","5.88","51.09","-16.05","19.14","22.2","35.34","21.08","98","Medical","Medical - Biomedical and Genetics","21.05","3"
"GameStop","GME","9776.98","21.79","3431502","-2.85","3.37","-13.15","23.87","-1.08","-5.05","20.05","27.69","19.94","176","Consumer Discretionary","Gaming","20.45",""
"Globus Medical","GMED","10328.81","76.09","1908603",".36","-4.94","-16.15","53.86","-20.55","16.65","19.53","96.82","51.89","165","Medical","Medical - Instruments","18.92","3"
"Global Net Lease","GNL","1947.65","9.19","2726751","4.31",".22","-3.77","75.24","-2.58","-38.47","-10.37","9.96","6.85","59","Finance","REIT and Equity Trust - Other","-8.72",""
"Generac Holdings","GNRC","12692.68","215.61","903428","-4.22","-21.47","-.7","49.78","44.13","-2.02","9.41","295.54","136.37","62","Industrial Products","Manufacturing - General Industrial ","4.37","3"
"Gentex","GNTX","5102.33","23.96","2472983","1.1","-3.19","2.22","38.99","-6.14","9.55","15.32","29.06","20.7","159","Auto-Tires-Trucks","Automotive - Original Equipment","14.75","2"
"Genworth Financial","GNW","3879.88","10.13","2949561","4.33","10.47","12.43","100","2.27",".08","2.35","10.13","7.34","183","Finance","Insurance - Life Insurance","2.96","2"
"Grocery Outlet","GO","918.99","9.29","1988712","-5.49","-1.9","17.74","27.19","-16.15","7.26","1.41","18.66","5.79","186","Consumer Staples","Consumer Products - Staples","-8.08","3"
"Gold.com Inc.","GOLD","1158.44","39.94","397882","2.23","-5.76","-12.64","44.46","6.93","13.19",".58","64.14","20.57","186","Finance","Financial - Miscellaneous Services",".35","3"
"Acushnet","GOLF","6405.81","109.4","330764","-2.69","1.24","12.41","79.54","24.94","4.14","7.19","118.53","73.9","84","Consumer Discretionary","Leisure and Recreation Products","6.54","2"
"Gladstone Commercial","GOOD","635.1","13.12","474355","4.38","8.34","2.9","79.88","12.09","8","12.74","13.81","10.38","59","Finance","REIT and Equity Trust - Other","12.74","3"
"Alphabet","GOOG","4194438","346.19","20850116","-3.12",".03","-.38","75.2",".57","15.09","44.37","399.04","185.94","105","Computer and Technology","Internet - Services","37.92","1"
"Alphabet","GOOGL","4206069.5","347.15","31202822","-3.44",".29","-.75","74.5","1.11","15.09","44.37","402.62","185.06","105","Computer and Technology","Internet - Services","37.92","1"
"Canada Goose","GOOS","946.17","9.74","496825","3.07","3.84","-14.56","8.49","-31.44","14.14","4.99","15.24","9.23","55","Retail-Wholesale","Retail - Apparel and Shoes","1.42","1"
"Genuine Parts","GPC","16393.84","119.12","2109766","-2.49","11.88","13.01","46.93","-11.69","3.46","4.12","149.26","92.47","30","Retail-Wholesale","Automotive - Retail and Wholesale - Parts",".13","2"
"Graphic Packaging Holding Company","GPK","3225.17","10.9","4123071","5.52","6.55","12.14","13.61","-34.02","-2.16","4.77","23.53","8.91","182","Industrial Products","Containers - Paper and Packaging","3.17","4"
"Global Payments","GPN","21902.63","80.07","3387945","5.51","24.56","17.94","63.91","-5.69","-23.75","31.11","90.01","62.47","90","Business Services","Financial Transaction Services","-7.99","4"
"Gulfport Energy","GPOR","2767.32","154","539999","1.66","-4.66","-19.6","5.27","-32.5","48.47","26.15","222.49","150.19","210","Oils-Energy","Oil and Gas - Exploration and Production - United States","35.72","4"
"Green Plains","GPRE","1238.69","17.67","1348475","3.21","22.62","5.05","86.91","64.37","-14.93","1.13","19.23","7.31","84","Basic Materials","Chemical - Specialty","-.8","3"
"Geopark","GPRK","524.83","10.15","398066","-1.93","4.96","9.73","71.99","24.87","-25.47","18.04","11.78","5.96","210","Oils-Energy","Oil and Gas - Exploration and Production - United States","11.74",""
"GRAIL, Inc.","GRAL","3120.47","72.71","532283","-.56","18.98","39.29","48.78","-22.56","17.18","-253.22","116.06","31.42","98","Medical","Medical - Biomedical and Genetics","-253.22","3"
"Guardian Pharmacy Services, Inc.","GRDN","2036.55","40.91","411869","3.13","4.39","8.83","89.41","23.94","17.93","4.96","43.4","19.88","105","Medical","Medical - Drugs","3.64","3"
"Grifols","GRFS","5274.46","7.75","669200","10.4","7.94","-3.97","19.06","-24.44","9.04","6.35","10.85","7.02","105","Medical","Medical - Drugs","5.54","3"
"Garmin","GRMN","45639.42","236.65","835437","-1.96",".1","-4.5","61.61","6.35","15.06","23.43","267.52","187.1","65","Computer and Technology","Electronics - Miscellaneous Products","23.26","3"
"GRINDR INC","GRND","2683.66","15.1","1662290","-3.45","14.92","12.35","52.19","1.66","27.64","19.85","19.91","9.85","104","Computer and Technology","Internet - Software","19.85","2"
"Groupon","GRPN","989.48","26.05","1815211","1.76","55.43","82.29","60.22","34.85","1.19","-20.74","36.89","9.64","161","Retail-Wholesale","Internet - Commerce","-20.78","3"
"The Goldman Sachs Group","GS","320248.28","1085.5601","1991901","-4.78","-.81","17.16","85.27","12.58","-1.38","31.68","1152.07","700.41","29","Finance","Financial - Investment Bank","15.53","1"
"Globalstar","GSAT","10286.37","79.87","1233278","-.35","-.05","-1.73","92.56","19.28","9.04","-4.72","84.43","23.15","199","Computer and Technology","Satellite and Communication","-6.84","3"
"Goldman Sachs BDC","GSBD","991.73","8.81","944666","-1.01","-6.57","-9.83","7.62","-13.46","-15.84","45.36","11.96","8.55","201","Finance","Financial - SBIC & Commercial Industry","21.32","4"
"Goosehead Insurance","GSHD","1913.83","53.75","579541","6.86","34.17","9.83","28.06","-33.47","16.15","14.79","103.43","34.37","169","Finance","Insurance - Multi line","7.94","3"
"GSI Technology","GSIT","239.82","6.25","1142046",".81","-9.02","-12.1","33.2","-8.25","22.44","-52.73","12.97","2.91","27","Computer and Technology","Computer- Storage Devices","-52.73",""
"GSK PLC Sponsored ADR","GSK","102712.59","50.78","3728069","-.92","-2.48","-6.77","58.37","-5.6","7.42","21.4","61.18","36.2","98","Medical","Medical - Biomedical and Genetics","17.82","3"
"Goodyear","GT","2093.99","7.285","11815516","9.38","23.48","2.46","28.61","-24.19","-3.17",".2","11.54","5.58","221","Auto-Tires-Trucks","Rubber - Tires","-11.64","3"
"Green Thumb Industries Inc.","GTBIF","1465.41","7.05","603553","-6.25","-2.08","-11.1","39.96","-20.03","3.36","9","9.69","5.29","168","Medical","Medical - Products","10.14","3"
"Gates Industrial","GTES","6870.7","27.05","1893947","3.09","-.73","7.64","75.31","14.85","1.03","11.31","29.02","21.04","62","Industrial Products","Manufacturing - General Industrial ","7.23","3"
"Gitlab","GTLB","5548.37","32.85","4335173","-.39","21.67","46.39","42.47","-20.21","25.81","17.43","51.04","19.42","104","Computer and Technology","Internet - Software","-2.49","1"
"GARRETT MOTION","GTX","6057.42","32.36","2714262","2.15","-4.12","59.49","84.29","69.25","3.14","9.29","36.23","11.6","159","Auto-Tires-Trucks","Automotive - Original Equipment","9.29","3"
"Getty Realty","GTY","2213.7","36.61","505877","6.27","8.64","10.47","100","21.94","9.02","40.41","36.61","25.61","59","Finance","REIT and Equity Trust - Other","40.06","3"
"Granite Construction","GVA","5458.71","124.78","883102","3.18","-16.86","0","47.72","-1.39","10.4","6.2","160.39","92.28","48","Construction","Building Products - Heavy Construction","3.99","3"
"Guidewire Software","GWRE","11866.53","142.53","1429907","1.29","30.01","2.78","25.03","-35.36","22.64","21.07","261.88","102.69","104","Computer and Technology","Internet - Software","11.25","3"
"W.W. Grainger","GWW","64285.86","1361.61","314970","-.69","3.11","17.37","91.65","23.01","4.51","10.76","1402.03","918.18","161","Industrial Products","Industrial Services","9.7","2"
"GXO Logistics","GXO","6219.53","54.06","1304527","8.84","10.71","-4.82","42.55","-6.38","12.55","2.34","65.59","45.52","105","Transportation","Transportation - Air Freight and Cargo",".98","3"
"Hyatt Hotels","H","17844.56","189.51","718138","-.1","-4.31","16.72","81.25","7.76","6.81","3.14","202.09","135.01","219","Consumer Discretionary","Hotels and Motels","-.48","3"
"Haemonetics","HAE","3547.97","78.07","642808","4.92","7.27","30.47","76.98","-11.2","-1.97","17.59","87.16","47.67","168","Medical","Medical - Products","7.29","4"
"Hafnia Limited","HAFN","3869.85","7.55","1601251",".94","-.92","-13.91","55.06","29.13","-50.62","44.74","9.46","5.21","45","Transportation","Transportation - Shipping","44.74",""
"Halliburton","HAL","27726.85","33.19","11371366","-6.3","-5.47","-18.67","56.45","7.06","-3.31","8.91","42.98","20.5","160","Oils-Energy","Oil and Gas - Field Services","7.16","3"
"Halozyme Therapeutics","HALO","9322.98","78.6","1764441","4.73","12.9","23.08","88.42","6.47","37.55","37.29","81.57","55.92","98","Medical","Medical - Biomedical and Genetics","23.13","2"
"Happen Inc.","HAPN","2223.78","19.25","2208970","-3.51","1.53","14.11","73.43","-7.35","26.92","16.99","21.58","12.81","42","Finance","Banks - Southwest","16.99","2"
"Hasbro","HAS","12561.54","88.78","2287251","13.21","7.13","-7.08","50.96","-1.3","13.68","17.05","105.94","70.95","24","Consumer Discretionary","Toys - Games - Hobbies","15.97","3"
"HA Sustainable Infrastructure Capital, Inc.","HASI","4933.1","38.41","871892","-.13","-1.89","-6.02","74.11","11.41","4.41","416.4","43.31","24.38","186","Finance","Financial - Miscellaneous Services","13.08","3"
"Hayward Holdings","HAYW","3067.86","14.14","2997255","-10.96","-4.52","-10.51","25.06","-16.57","6.71","15.52","17.31","13.08","65","Computer and Technology","Electronics - Miscellaneous Products","13.98","4"
"Huntington Bancshares","HBAN","36832.96","18.17","19448460","1.79","4.43","9.79","74.12","-4.53","4.38","28.69","19.27","15.02","78","Finance","Banks - Midwest","16.63","3"
"HudBay Minerals","HBM","10215.33","23","4744487","2.22","-9.31",".09","61.11","5.63","9.39","13.93","31.87","9.06","209","Basic Materials","Mining - Miscellaneous","27.75","3"
"Horizon Bancorp IN","HBNC","1047.64","20.41","793582","4.03","3.71","10.98","97.3","9.71","12.8","31.8","20.56","15.01","87","Finance","Banks - Northeast","-37.28","3"
"HCA HEALTHCARE","HCA","82766.22","373.09","1601063","2.61","-3.57","-13.62","18.39","-27.15","7.08","8.86","545.13","334.32","90","Medical","Medical Services","8.89","4"
"Warrior Met Coal","HCC","4211.48","79.76","679552","-4.28","-7.37","-10.92","48.78","-17.53","-14.11","9.36","110.28","50.69","18","Oils-Energy","Coal","9.36","1"
"The Hackett Group","HCKT","256.17","10.17","338416","3.67","-3.05","-22.6","6.64","-52.77","-2.62","13.8","23.53","9.22","163","Business Services","Consulting Services","4.75","3"
"Healthcare Services Group","HCSG","1702.4","24.8","679935","3.42","9.49","14.98","95.96","18.24","7.08","4.8","25.31","12.69","204","Business Services","Business - Services","3.67","3"
"Home Depot","HD","330643.91","331.6","4116285","-1.82","2.2",".77","27.08","-12.15","3.24","8.7","423.42","297.51","81","Retail-Wholesale","Retail - Home Furnishings","8.41","4"
"HDFC Bank Limited","HDB","121058.14","23.73","8130322","-8.63","-5.16","-6.39","4.37","-40.8","-2.77","25.52","39.47","23.01","102","Finance","Banks - Foreign","15.96","3"
"Hudson Technologies","HDSN","252.41","6","543429","-3.69","4.17","-5.36","20.71","-20.15","4","6.95","10.44","4.84","161","Industrial Products","Industrial Services","5.66","3"
"Hawaiian Electric Industries","HE","2327.13","13.48","1698881","-.3","2.74","-11.55","43.66","-.09","-4.13","4.63","17.08","10.69","102","Utilities","Utility - Electric Power","4.19","3"
"Heico","HEI","47540.02","340.4","429628","-1.51","1.86","29","76.12","-4.1","16.26","16.08","365.31","260.99","86","Aerospace","Aerospace - Defense Equipment","16.08","1"
"Heico","HEI.A","34585.23","247.64","308894","-.82",".57","20.49","61.94","-10.57","16.26","16.08","276.13","201.28","86","Aerospace","Aerospace - Defense Equipment","16.08",""
"Helen of Troy","HELE","635.41","27.28","613790",".22","5","16.33","83.86","17.03","-6.36","4.21","29.86","13.88","172","Consumer Staples","Cosmetics","-22.71","3"
"Hess Midstream Partners","HESM","8240.95","39.97","715013",".3","5.18","5.71","69.81","5.62","8.41","22.64","43.53","31.74","236","Oils-Energy","Energy and Pipeline - Master Limited Partnerships","22.64","4"
"Heritage Financial","HFWA","1253.46","30.41","369534","2.7","5.85","10.22","91.41","17.22","5.92","31.3","31.25","21.47","77","Finance","Financial - Savings and Loan","20.5","3"
"Hamilton Insurance Group, Ltd.","HG","3450.74","34.76","534320","-.29","7.38","6.79","97.03","13.58","24.7","21.86","35.18","21.03","169","Finance","Insurance - Multi line","21.73","3"
"Hilton Grand Vacations","HGV","3899.07","49.19","1118814","0","-6.02","8.23","68.93",".21","1.33","5.07","54.69","36.99","219","Consumer Discretionary","Hotels and Motels","3.16","3"
"HOWARD HUGH HLD","HHH","3970.4","66.59","339654","-7.58","-.94","4.08","17.52","-23.9","-15.75","10.45","89.85","61.65","178","Finance","Real Estate - Development","8.04","5"
"The Hartford Insurance Group, Inc.","HIG","38921.09","141.98","1522019","2.77","8.11","2.3","93.05","-6.07","6.91","20.09","143.53","121.24","158","Finance","Insurance - Property and Casualty","14.1","4"
"Huntington Ingalls Industries","HII","10590.23","268.76","431042","-4.01","-5.19","-25.63","7.88","-27.95","8.23","4.71","453.73","252.93","98","Aerospace","Aerospace - Defense","4.71","3"
"Hims & Hers Health","HIMS","7575.61","32.73","12798642","-6.88","-.7","17.27","35.25","-8.11","59","1.37","66.18","14.52","74","Medical","Medical Info Systems","-.56","3"
"Himax Technologies","HIMX","2385.27","13.675","2093113","-3.15","-18.48","25","39.08","52.21","-8.23","3.91","24.19","6.93","60","Computer and Technology","Electronics - Semiconductors","3.91","3"
"Highwoods Properties","HIW","3647.82","33.08","2153516","3.09","12.02","32.74","97.43","16.79","-2.39","11.64","33.41","20.58","59","Finance","REIT and Equity Trust - Other","11.64","2"
"Hecla Mining","HL","10255.19","15.29","39720696","-1.35","1.46","-14.29","36.75","-27.37","53.03","26.63","31.81","5.69","189","Basic Materials","Mining - Silver","17.41","3"
"Herbalife Ltd","HLF","1248.18","12.04","1659015","-1.63","-1.79","-27.6","35.13","-14.85",".89","4.45","19.96","7.75","105","Retail-Wholesale","Retail - Pharmacies and Drug Stores","4.67","3"
"Houlihan Lokey","HLI","9659.34","139.87","872699","2.15","-.52","-12.31","9.59","-26.8","9.55","19.8","209.19","132.52","186","Finance","Financial - Miscellaneous Services","16.26","4"
"Helios Technologies","HLIO","2712.45","82.08","351035","1.26","-8.25","20.8","81.2","39.89","4.11","11.13","92.88","35.43","62","Industrial Products","Manufacturing - General Industrial ","6.98","3"
"Harmonic","HLIT","1352.95","12.47","1864155","-8.78","-14.94","22.14","47.03","14.94","-15.9","10.6","17.11","8.35","39","Computer and Technology","Communication - Components","-7.5","3"
"Hillman Solutions Corp.","HLMN","1553.98","7.92","1363182","-.25","1.8","-4.92","23.78","-16.63","5.41","7.14","10.74","7.04","98","Construction","Building Products - Miscellaneous","2.3","3"
"Hamilton Lane","HLNE","4680.39","84.28","862257","2.26","11.44","-7.13","12.05","-42.8","6.46","42.32","160.88","73.79","69","Finance","Financial - Investment Management","32.83","2"
"Hilton Worldwide","HLT","73744.41","323.94","2586993","-.59","-5.78",".18","71.88","2.81","7.74","16.11","350.22","256.75","219","Consumer Discretionary","Hotels and Motels","12.56","3"
"Helix Energy Solutions Group","HLX","1428.77","9.7","1388863","1.78","9.85","-3.77","82.47","41.03","-4.94","2.2","10.55","5.7","160","Oils-Energy","Oil and Gas - Field Services","1.1","4"
"Honda Motor Co.","HMC","44578.01","28.56","1356704","1.67","11.65","18.02","44.63","-11.68","1.66","-1.75","34.85","23.49","189","Auto-Tires-Trucks","Automotive - Foreign","-1.75","2"
"Hinge Health Inc.","HNGE","6527.01","84.35","2162356","-5.55","19.85","88.53","90.4","65.54","50.58","21.05","90","31.17","74","Medical","Medical Info Systems","-78.95","1"
"HNI","HNI","2914.27","40.89","696616","3.02","19.39","7.92","49.96","-11.33","12.37","4.83","52.55","29.25","105","Business Services","Business - Office Products",".04","3"
"Hallador Energy","HNRG","782.84","16.61","739947","-3.65","-6.32","7.44","18","-20.47","16.09","4.98","23.81","15.03","105","Oils-Energy","Alternative Energy - Other","4.98","3"
"HarleyDavidson","HOG","2994.88","28.45","2895325","13.44","11.22","21.53","81.36","26.58","-13.76","6.44","31.03","17.19","105","Auto-Tires-Trucks","Automotive - Domestic","5.68","3"
"Home BancShares","HOMB","6127","30.42","2239461","4.9","7.95","12.46","91.86","-.18",".61","43.17","30.84","25.68","78","Finance","Banks - Southeast","32.1","3"
"Honeywell International","HON","72825.76","229.86","4066653","3.22","-48.32","-46.03","3.45","-46.3","-2.74","17.09","496.08","220.36","176","Conglomerates","Diversified Operations","11.37","5"
"Robinhood Markets","HOOD","95777.72","106.36","23392844","-6.25","3.01","29.6","47.19","-14.27","51.58","41.12","152.46","65.16","29","Finance","Financial - Investment Bank","41.12","3"
"Hope Bancorp","HOPE","1752.67","13.71","1180614","2.39","3.79","6.2","93.68","14.03","-3.34","21.39","13.98","9.71","45","Finance","Banks - West","6.56","4"
"Helmerich & Payne","HP","3456.61","34.59","1224233","2.52","-2.81","-11.96","73.49","9.95","35.89","-.8","41.53","15.35","81","Oils-Energy","Oil and Gas - Drilling","-9.38","3"
"Hewlett Packard","HPE","61866.79","46.72","19062626","-5.73","-4.5","67.16","74.05","77.31","13.84","9.1","56.15","19.81","17","Computer and Technology","Computer - Integrated Systems","3.94","1"
"HighPeak Energy","HPK","975.48","7.72","509377","3.07","7.52","15.4","59.29","48.47","-19.27","-1.35","10.35","3.89","210","Oils-Energy","Oil and Gas - Exploration and Production - United States","-18.78","2"
"Hudson Pacific Properties","HPP","790.31","14.57","746157","-6.24","1.18","48.83","56.72","22.64","-1.3","-67.89","21.48","5.51","59","Finance","REIT and Equity Trust - Other","-67.89","1"
"HP","HPQ","22689.31","24.81","14070333",".73","4.82","25.75","59.28","1.51","3.24","5.46","29.35","18.2","19","Computer and Technology","Computer - Micro Computers","4.45","3"
"HealthEquity","HQY","8173.78","97.77","875028","3.46","15.13","20.44","76.2","-2.71","9.47","27.6","105.44","73.21","90","Medical","Medical Services","17.25","3"
"Healthcare Realty Trust Incorporated","HR","7439.82","21.47","3599223","2.78","5.76","15.49","100","15.47","-6.92","-17.34","21.47","15.36","59","Finance","REIT and Equity Trust - Other","-17.34","2"
"H&R Block","HRB","5123.65","40.42","1753140","-1.27","12.69","28.28","42.69","-15.45","4.17","17.71","56.64","28.34","66","Consumer Discretionary","Consumer Services - Miscellaneous","18.9","2"
"Herc Holdings","HRI","4940.17","147.94","528759",".48","3.25","10.44","63.17","-9.11","22.65","4.44","181.12","91.04","189","Transportation","Transportation - Equipment and Leasing","-.11","3"
"Hormel Foods","HRL","13818.41","25.11","4046258","1.21","1.58","17.83","54.91","-3.42","1.55","6.37","29.52","19.74","214","Consumer Staples","Food - Meat Products","3.82","2"
"Harmony Biosciences","HRMY","2132.77","36.84","910416","5.83","7.85","18.23","74.88","-10.25","21.51","16.2","40.51","25.9","98","Medical","Medical - Biomedical and Genetics","16.2","1"
"Harrow, Inc.","HROW","1629.3","43.71","668383","5.66","2.17","7.98","56.97","-18.68","36.41","3.21","54.8","29.03","105","Medical","Medical - Drugs","-5.57","3"
"Heritage Insurance","HRTG","818.54","26.97","356813","-1.93","8.1","-11.08","65.59","-15.97","3.71","23.76","31.14","19.02","158","Finance","Insurance - Property and Casualty","23.76","3"
"Hesai Group Sponsored ADR","HSAI","2140.6","15.29","1883430","-2.05","-3.84","-31.98","3.27","-37.77","52.14","14.75","29.8","14.8","159","Auto-Tires-Trucks","Automotive - Original Equipment","14.75","2"
"HSBC","HSBC","347520.41","101.12","1227876","1.88","5.79","12.39","100","17.18","-7.34","38.34","101.12","61.3","102","Finance","Banks - Foreign","16.06","2"
"Himalaya Shipping Ltd.","HSHP","722.14","15.48","325875","-1.34","5.02","11.53","91.97","55.08","6.73","20.28","16.24","6.78","45","Transportation","Transportation - Shipping","20.28",""
"Henry Schein","HSIC","9780.89","85.86","1279200","-1.21","7.19","12.8","90.85","3.56","4.03","4.59","88.26","62.03","74","Medical","Medical - Dental Supplies","2.95","2"
"Host Hotels & Resorts","HST","16738.45","24.44","9084078","4.53","-1.53","16.71","93","25.66","7.57","16.4","25.13","15.27","59","Finance","REIT and Equity Trust - Other","16.4","2"
"Hershey","HSY","34611.16","170.63","1849314","-.48","-4.82","-9.2","11.25","-14.52","4.38","11.15","236.28","162.31","236","Consumer Staples","Food - Confectionery","9.12","4"
"Heartflow, Inc.","HTFL","2193.97","25.44","2003914","-.2","-26.22","-16.73","25.49","-20.44","39.92","-23.82","39.91","20.49","74","Medical","Medical Info Systems","-58.42","3"
"Hercules Capital","HTGC","3018.22","16.13","1326116",".56","6.26","3.07","39.72","-21.87","7.88","63.55","19.53","13.89","201","Finance","Financial - SBIC & Commercial Industry","59.85","3"
"Hitachi","HTHIY","134252.61","29.6","861705","-.47",".75","-5.61","29.15","-13.51","9.47","7.64","38.18","26.07","176","Conglomerates","Diversified Operations","7.64","4"
"H World Group Limited Sponsored ADR","HTHT","12300.95","40","1578500","-2.94","-6.24","-21.45","37.22","-22.5","10.51","20.17","56.06","30.48","219","Consumer Discretionary","Hotels and Motels","19.22","3"
"Heartland Express","HTLD","1186.37","15.31","586934","1.8","4.58","12.82","90.04","54.56","-23.08","-3.72","16.22","7.08","5","Transportation","Transportation - Truck","-5.69","1"
"H2O America","HTO","2678.61","64.02","541625","1.72","11.26","8.03","93.28","19.13","6.97","13.18","65.43","44.44","93","Business Services","Waste Removal Services","12.87","3"
"Hubbell","HUBB","25360.35","479.93","494777","-.82","-5.89","-11.89","48.22","-1.49","3.84","16.75","557.85","407.36","8","Industrial Products","Manufacturing - Electrical Utilities ","15.1","2"
"HubSpot","HUBS","11194.15","218.56","1423643","4.24","26.12","-3.28","12.36","-50.35","19.17","17.07","560.9","170.28","104","Computer and Technology","Internet - Software","3.04","1"
"Humana","HUM","48545.67","404.34","1328458","-.6","12.59","76.01","97.93","43.91","10.11","1.39","409.42","163.67","24","Medical","Medical - HMOs",".82","1"
"Huntsman","HUN","2211.15","12.61","5788386","5.88","10.81","-7.69","61.28","14.95","-5.85","-2.41","15.89","7.42","105","Basic Materials","Chemical - Diversified ","-5.83","3"
"Hut 8 Corp.","HUT","12270.51","108.98","4279271","10.83","-9.57","51.13","78.83","116.26","44.79","-1.96","133.02","19.45","186","Finance","Financial - Miscellaneous Services","-109.77","3"
"Hancock Whitney","HWC","6219.95","76.64","965051",".82","6.49","13.69","89.77","9.71","-1.75","34.4","79.16","54.52","78","Finance","Banks - Southeast","21.81","3"
"Howmet Aerospace","HWM","111629.98","279","3034556",".8","1.41","16.04","96.23","24.06","11.06","17.78","283.23","171","98","Aerospace","Aerospace - Defense","20.23","2"
"Hexagon AB Unsponsored ADR","HXGBY","21797.15","8.12","934777","-1.46","-.85","-23.4","0","-36.95","4.98","20.26","12.8","8.12","64","Computer and Technology","Computers - IT Services","40.44","2"
"Hexcel","HXL","8196.67","108.67","1035298","6.66","13.06","16.77","100","34.05","-.48","8.06","108.67","59.55","86","Aerospace","Aerospace - Defense Equipment","6.07","3"
"Iamgold","IAG","8591.82","14.96","4502081","-.2","-7.54","-9.28","46.1","-17.3","74.7","30.69","24.57","6.74","231","Basic Materials","Mining - Gold","29.49","4"
"Integra LifeSciences","IART","1478.92","19.01","906386","3.32","7.46","77","92.33","39.53","1.53","11.02","19.85","8.9","165","Medical","Medical - Instruments","-30.15","2"
"Interactive Brokers","IBKR","160169.72","94.42","4097496","-1.24","-.3","21.85","91.97","33.84","101.04","16.37","97.41","60.16","29","Finance","Financial - Investment Bank","9.94","2"
"International Business Machines","IBM","197845.86","210.5","12508269","-3.03","-20.55","-9.67","0","-35.22","7.62","16.39","329.23","210.5","17","Computer and Technology","Computer - Integrated Systems","15.61","4"
"ICICI Bank","IBN","107783.58","30.05","7432306","3.62","6.11","11.67","52.66","-8.07",".19","42.85","34.41","25.2","102","Finance","Banks - Foreign","25.6","4"
"International Bancshares","IBOC","4705.25","75.67","392515",".6","-.33","4.36","84.95","3.83","1.26","48.99","77.84","63.42","42","Finance","Banks - Southwest","39.33",""
"Installed Building Products","IBP","5983.26","222.09","440476","-1.03","5.42","-24.45","23.74","-21.95","1","10.29","344.19","184.09","98","Construction","Building Products - Miscellaneous","8.65","2"
"ImmunityBio","IBRX","8452.15","8.07","11934394","2.41","10.25","15.95","63.64","271.55","668.31","-218.47","11.55","1.98","98","Medical","Medical - Biomedical and Genetics","-606.15","3"
"Intercontinental Exchange","ICE","78419.62","138.67","4377981",".77","4.26","-11.28","24.05","-21.95","7.47","41.55","188.45","122.91","214","Finance","Securities and Exchanges","30.06","3"
"Ichor Holdings","ICHR","3342.01","95.85","1224466","1.05","3.96","44.05","83.27","374.11","11.61",".93","112.28","14.06","60","Computer and Technology","Electronics - Semiconductors","-5.28","4"
"ICL Group","ICL","6776.03","5.25","1242031","4.79","5","-3.31","20.18","-16.18","4.56","6.67","7.03","4.8","69","Basic Materials","Fertilizers","3.52","3"
"ICON","ICLR","12757.65","166.62","854484","-.8","16.79","62.57","70.45","-16.64","-.37","11.04","202.92","80.08","90","Medical","Medical Services","5.35","5"
"IDACORP","IDA","8078.52","145.8","611058","-3.82",".41",".12","74.54","5.02","-.75","18.6","154.55","120.18","102","Utilities","Utility - Electric Power","18.6","3"
"Industria de Diseno Textil","IDEXY","191985.77","15.4","473182",".65","-1.66","1.45","66.79","-14.92","7.85","15.6","17.14","11.9","55","Retail-Wholesale","Retail - Apparel and Shoes","15.6","3"
"IDEXX Laboratories","IDXX","43579.71","552.46","664875","2.18","2.06","-2.79","15.02","-25.56","10.42","24.63","766.68","514.61","165","Medical","Medical - Instruments","24.63","3"
"Icahn Enterprises","IEP","5168.07","7.69","685078","3.36","5.63","-5.53","20.44","-7.15","-3.61","-3.24","9.68","7.18","236","Oils-Energy","Energy and Pipeline - Master Limited Partnerships","-3.24",""
"IES","IESC","12909.08","647.92","355303","5.16","-8.81","7.81","74.08","51.83","16.89","8.65","766.54","308.81","232","Computer and Technology","Electronics - Miscellaneous Services","10.4",""
"IDEX","IEX","16371.39","221.19","607376","-.7",".01","7.71","89.12","13.32","5.77","17.42","228.96","157.53","62","Industrial Products","Manufacturing - General Industrial ","14.38","3"
"International Flavors & Fragrances","IFF","19469.44","76.26","1861527","2.13","2.07","7.76","68.82","3.16","-5.17","10.11","83.83","59.55","84","Basic Materials","Chemical - Specialty","7.78","3"
"Infineon Technologies","IFNNY","100684.38","77.26","394031","-4.57","-16.21","24.53","61.78","60.14","-.05","12.59","102.41","36.61","60","Computer and Technology","Electronics - Semiconductors","7.84","3"
"IHS Holding","IHS","2754.63","8.21","952409","0","-.36","-.48","81.69",".33","-7.55","34.51","8.73","5.89","8","Computer and Technology","Communication - Infrastructure","10.74",""
"i3 Verticals","IIIV","577.62","20.68","382588","-.91","3.71","-7.55","13.8","-25.16","-7.29","16.17","33.11","18.69","104","Computer and Technology","Internet - Software","8.59","3"
"Innovative Industrial Properties","IIPR","1820.27","63.26","360354","-.72","4.29","12.94","92.98","21.77","-13.8","45.58","64.67","44.58","59","Finance","REIT and Equity Trust - Other","45.58","3"
"Illumina","ILMN","29129.79","192.53","1824463",".7","16.73","51.69","98.26","33.82","-.66","17.71","194.33","91","98","Medical","Medical - Biomedical and Genetics","19.42","2"
"Industrial Logistics Properties Trust","ILPT","613.32","9.2","521490","3.02","5.99","20.42","96.29","51.39","1.48","-11.93","9.36","5.05","59","Finance","REIT and Equity Trust - Other","-11.93","3"
"IMAX","IMAX","2082.35","37.85","1079589","-1.66","-15.83","2.38","65.2","-6.64","16.47","20.49","44.97","24.51","189","Consumer Discretionary","Film and Television Production and Distribution","9.08","3"
"Immunocore","IMCR","1753.84","34.48","677586","3.02","18.08","19.76","53.84","-9.44","28.95","-6.68","40.22","27.79","98","Medical","Medical - Biomedical and Genetics","-6.68","3"
"Immersion","IMMR","215.82","6.52","593645","-3.69","-.91","10.14","44.35","-12.59","4487.03","-1.46","7.85","5.46","105","Computer and Technology","Computer - Peripheral Equipment","-.97","3"
"Imperial Oil","IMO","60071.92","124.22","495945","1.39","8.36","-2.56","74.99","31.2","-10.42","8.4","138.33","81.92","221","Oils-Energy","Oil and Gas - Integrated - Canadian","6.22","3"
"Immatics","IMTX","1261.61","9.41","357371",".64","-5.05","-18.81","63.72","-18.3","-67.63","-572.35","11.87","5.09","98","Medical","Medical - Biomedical and Genetics","-572.35","3"
"International Money Express","IMXI","393.33","13.07","354382","-5.7","-4.81","-17.95","60.3","-22.43","-7.72","7.32","15.94","8.71","90","Business Services","Financial Transaction Services","4.34","3"
"Incyte","INCY","23452.43","117.39","1711370","2.18","12.44","20.1","97.79","8.35","21.22","28.17","118.52","67.38","98","Medical","Medical - Biomedical and Genetics","26.71","3"
"Independent Bank","INDB","4114.57","85.14","443167","1.13","2.63","8.09","91.92","6.21","19.41","32.45","87.17","62.06","87","Finance","Banks - Northeast","20.31","4"
"Indivior Pharmaceuticals Inc.","INDV","4931.75","40.45","1794071",".55","1.23","17.49","94.74","2.77","4.29","29.98","41.83","15.6","105","Medical","Medical - Drugs","19.44","3"
"Infosys","INFY","45163.86","11.16","21487960","1","3.43","-8.9","6.89","-42.91","4.57","16.98","20.22","10.49","64","Computer and Technology","Computers - IT Services","16.44","4"
"ING Group","ING","96360.26","33.11","2957119","1.1","4.61","17.83","98.11","7.8","6.46","27.68","33.31","22.71","102","Finance","Banks - Foreign","27.68","3"
"Ingram Micro Holding Corporation","INGM","6821.99","29.45","1204210","0","3.95","-.88","83","25.81","9.53","1.32","31.64","18.76","98","Business Services","Technology Services",".66","1"
"Ingredion","INGR","6419.41","101.8","723615","3.67","3.9","-9.92","17.99","-15.83","-2.84","9.46","134.13","94.71","198","Consumer Staples","Food - Miscellaneous","9.36","3"
"InMode","INMD","882.91","15.36","833812","2.95","15.06","8.09","67.36","-4.68","-6.16","26.68","16.62","12.76","168","Medical","Medical - Products","23.27",""
"Summit Hotel Properties","INN","760.72","7.02","1477187","7.34","4.78","36.84","98.36","31.41","-.32","-1.75","7.07","4.03","59","Finance","REIT and Equity Trust - Other","-1.75","2"
"InnovAge","INNV","1607.12","11.84","425779","1.98","27.04","43.17","96.99","107.97","11.76","-1.22","12.11","3.13","90","Medical","Medical Services","-1.22","2"
"Innodata Inc","INOD","2077.86","63.63","1109426","-5.23","-26.89","51.93","33.52","13.85","47.64","13.86","121.5","34.45","96","Construction","Engineering - R and D Services","13.86","1"
"Infinity Natural Resources Inc.","INR","852.6","13.42","314308","3.95","4.93","-17.42","27.65","-16.95","37.61","19.79","19.23","11.2","210","Oils-Energy","Oil and Gas - Exploration and Production - United States","11.05","3"
"Insmed","INSM","23543.65","108.62","2697369","-1.35","6.33","-19.51","14.01","-43.11","66.73","-144.44","211.41","91.88","98","Medical","Medical - Biomedical and Genetics","-144.44","3"
"Inspire Medical Systems","INSP","1512.4","52.49","1083693","6.8","25.73","-4.75","11.97","-48.12","13.6","8.25","143.99","40.05","74","Medical","Medical Info Systems","14.33","3"
"International Seaways","INSW","4478.69","90.47","593063","2.67",".54","10.49","97.84","69.87","-11.38","42.96","91.62","38.42","45","Transportation","Transportation - Shipping","55.39","1"
"Intapp","INTA","2163.3","28.1","720476","1.3","28.14","23.84","31.41","-44.09","17.09","16.94","47.67","19.14","104","Computer and Technology","Internet - Software","-6.48","3"
"Intel","INTC","529991.69","105.45","101729888","-2.14","-20.28","24.76","70.82","160.51","-.47","5.27","140.94","19.31","5","Computer and Technology","Semiconductor - General","-5.9","1"
"Inter & Co. Inc.","INTR","2462.57","5.58","4783274","-2.11","4.69","-28.46","6.84","-40.01","46.76","15.78","10.21","5.24","186","Finance","Financial - Miscellaneous Services","12.24","3"
"Intuit","INTU","79303.84","289.92","4689661","2.65","12.35","-27.59","6.31","-60.1","15.63","30.64","807.39","255.07","93","Computer and Technology","Computer - Software","21.91","3"
"Innoviva","INVA","1592.79","21.58","883007","-.74","-8.37","-8.91","64.86","-1.59","14.67","83.97","24.24","16.67","230","Medical","Large Cap Pharmaceuticals","119.89","3"
"Invitation Home","INVH","17732.15","29.85","4419853","-1.26","2.75","6.08","66.5","-2.08","4.21","21.45","32.6","24.39","93","Finance","REIT and Equity Trust - Residential","20.88","3"
"Innovex International, Inc.","INVX","1814.57","26.39","392064","2.61","2.88","-6.25","70.09","10","48.04","7.09","31.05","15.47","105","Oils-Energy","Oil and Gas - Mechanical and and Equipment","5.31","3"
"IonQ","IONQ","13254.82","35.51","20265390","-9.62","-38.62","-17.57","16.07","-27.86","201.85","-311.67","82.09","26.59","17","Computer and Technology","Computer - Integrated Systems","174.88","3"
"Ionis Pharmaceuticals","IONS","8823.37","53.39","4074523","-2.8","-29.74","-25.62","27.72","-38.48","33.9","-17.01","86.5","40.69","105","Medical","Medical - Drugs","-30.91","4"
"Samsara Inc.","IOT","21018.35","36.07","5435255","-2.25","15.28","22.98","56.37","-7.24","29.57","20.9","45.22","24.25","104","Computer and Technology","Internet - Software","3.32","2"
"Iovance Biotherapeutics","IOVA","2446.83","5.48","16418566","39.44","23.42","62.13","100","82.99","60.6","-123.92","5.48","1.81","98","Medical","Medical - Biomedical and Genetics","-123.92","3"
"International Paper","IP","19247.94","36.35","4867632","-.41","-.57","6.85","26.5","-15.87","26.93","-.32","55.68","29.38","211","Basic Materials","Paper and Related Products","-13.42","3"
"Interparfums, Inc.","IPAR","3933.41","122.82","356950","4.26","23.54","33.25","81.48","31.99","2.49","11.32","132.65","79.57","189","Consumer Discretionary","Consumer Products - Discretionary","11.32","3"
"IPG Photonics","IPGP","4362.78","102.79","367812","-3.47","-4.51","-8.52","37.89","30.87","2.73","5.77","153.91","71.6","105","Computer and Technology","Lasers Systems and Components","2.78","3"
"IQVIA","IQV","33650.38","201.62","1223628","-2.99","17.71","26.82","51.31","-18.46","5.87","12.51","244.29","156.66","165","Medical","Medical - Instruments","8.33","3"
"Ingersoll Rand","IR","31659.15","80.9","3958644","2.39","5.56","-.36","40.9","-6.91","5.75","17.38","98.76","68.54","62","Industrial Products","Manufacturing - General Industrial ","7.54","3"
"Iridium Communications","IRDM","4994.58","47.24","2788674","-3.32","6.97","26.48","78.74","147.78","4.93","12.05","55.72","15.84","199","Computer and Technology","Satellite and Communication","12.05","3"
"IREN Limited","IREN","14756.17","41.29","41574304","7","-24.54","-7.09","42.44","-.34","165.43","-42.78","76.41","15.4","186","Finance","Financial - Miscellaneous Services","20.9","3"
"Iron Mountain","IRM","37357.2","125.56","2078277","2.36","-5.64","11.49","86.16","37.99","12.23","9.16","133.06","78.86","41","Business Services","Business - Information Services","3.76","3"
"Independence Realty Trust","IRT","3882.74","16.47","2719345","-.48","1.23",".92","51.04","-14.11","2.76","7.27","18.11","14.76","93","Finance","REIT and Equity Trust - Residential","7.27",""
"IRHYTHM HLDGS","IRTC","3582","109","577166","-3.15","-1.02","-13.11","8.24","-44","26.24","-1.76","189.25","101.79","74","Medical","Medical Info Systems","-3.53","3"
"Intuitive Surgical","ISRG","123978.24","350.06","3490032","-7.76","-13.18","-24.98","1.88","-43.65","20.51","33.39","592.85","345.42","165","Medical","Medical - Instruments","28.45","2"
"Innovative Solutions and Support","ISSC","343.9","19.22","377080","4.63","17.27","-4.24","49.01","-7.49","78.6","19.92","30.56","8.32","86","Aerospace","Aerospace - Defense Equipment","18.82","3"
"Gartner","IT","9023.11","134.77","1261815","1.35","4.33","-10.23","3.89","-51.3","3.13","15.41","357.98","125.73","163","Business Services","Consulting Services","11.44","4"
"Integer Holdings","ITGR","3270.19","96.31","487971","3.22","7.56","13.79","62.9","11.94","7.98","11.91","115.77","63.32","165","Medical","Medical - Instruments","7.64","3"
"Itron","ITRI","3730.71","84.14","568489",".81","3.75","-3.29","10.13","-17.4","-3.02","13.97","138.42","78.02","30","Computer and Technology","Electronics - Testing Equipment","12.31","4"
"ITT","ITT","17119.21","191.49","980018","-1.76","-1.56","-10.35","53.62",".61","8.48","13.97","221.69","156.57","176","Conglomerates","Diversified Operations","10.8","4"
"Itau Unibanco","ITUB","93041.13","8.4","19201358","-1.75","5.79","-5.08","67.23","6.95","-51.69","25.14","9.57","6","102","Finance","Banks - Foreign","27.27","2"
"Illinois Tool Works","ITW","78251.52","271.99","1377912","-.11","3.96","1.31","52.83",".67",".92","19.32","299.6","241.07","62","Industrial Products","Manufacturing - General Industrial ","19.32","3"
"Ivanhoe Mines Ltd.","IVPAF","10911.75","7.65","333225","-.39","-1.16","-6.99","9.41","-38.76","981.91","53.58","13.91","7","209","Basic Materials","Mining - Miscellaneous","24.86","3"
"Invesco Mortgage Capital","IVR","734.23","7.91","2643950","-2.35","1.28","-4.47","33.04","-14.26","3.05","208.93","9.41","7.17","180","Finance","REIT and Equity Trust","20.5","5"
"InvenTrust Properties","IVT","2844.66","36.5","784111","2.67","4.26","11.83","97.65","17.95","9.2","35.66","36.73","26.96","59","Finance","REIT and Equity Trust - Other","35.66","3"
"Invesco","IVZ","13343.23","30.1","4676270","4.77","11.4","16.4","98.07","4.45","5.11","25.85","30.3","19.92","69","Finance","Financial - Investment Management","-6.11","2"
"JACOBS SOLUTNS","J","15308","129.64","935262",".29","7.23","2.51","39.13","-10.78","4.6","6.01","164.44","107.27","98","Construction","Building Products - Miscellaneous","2.92","2"
"Jack In The Box","JACK","282.48","14.81","1295276","-2.57","27.89","13.92","34.97","-28.76","-6.75","4.71","24.88","9.4","205","Retail-Wholesale","Retail - Restaurants","2.82","3"
"Jazz Pharmaceuticals","JAZZ","15969.5","254.22","729964","6.79","10.41","24.63","100","36.32","4.88","18.84","254.22","105.93","98","Medical","Medical - Biomedical and Genetics",".66","3"
"JBG SMITH Properties","JBGS","844.13","14.49","557745","-1.16","1.33","-7.06","5.8","-22.34","-8.9","-26.6","24.23","13.89","59","Finance","REIT and Equity Trust - Other","-22.16",""
"J.B. Hunt Transport Services","JBHT","27654.19","293.26","1028291","4.41","8.92","16.7","96.93","37.56","-.73","5.31","298.41","130.65","5","Transportation","Transportation - Truck","5.31","1"
"Janus International Group","JBI","735.95","5.3","1328616","-1.12",".95","-2.39","9.43","-26.12","-8.26","7.6","10.68","4.74","98","Construction","Building Products - Miscellaneous","4.82","3"
"Jabil","JBL","33419.75","318.93","1340468","-2.41","-14.49","-3.6","65.46","27.51","3.18","3.85","385.63","192.49","21","Computer and Technology","Electronics - Manufacturing Services","2.57","1"
"JetBlue Airways","JBLU","1990.3","5.35","28705172",".38","-3.26","7","54.32","7.19","-2.34","-7.69","6.46","4.03","78","Transportation","Transportation - Airline","-7.78","2"
"JBS N.V.","JBS","9273.61","11.95","5446359","1.01","-2.29","-26.01","4.85","-24.45","11.66","2.04","18.42","11.62","198","Consumer Staples","Food - Miscellaneous","1.98","2"
"JBT Marel Corporation","JBTM","6896.9","132.46","561222","-3.21","2.29","2.62","32.05","-19.86","121.34","9.43","168.55","115.44","98","Business Services","Technology Services","4.32","3"
"Jefferson Capital, Inc.","JCAP","1189.76","19.31","365944","2.93","10.28","-7.52","48.28","-21.2","41.53","26.89","23.37","15.52","186","Finance","Financial - Miscellaneous Services","25.42","3"
"Johnson Controls International","JCI","86459.48","141.71","4273588","-2.43",".3",".08","85.55","7.88","2.81","11.33","148.21","103.24","105","Construction","Building Products - Wood","14.45","2"
"JD.com","JD","37984.54","30.43","8172634","5.51","16.5","2.35","47.72","-3.34","17.91","1.63","36.17","25.19","161","Retail-Wholesale","Internet - Commerce","1.04","3"
"Jefferies Financial Group","JEF","10992.96","56.74","2374321","5.15","-6.25","17.86","60.34","-16.53","53.86","11.73","70.36","36.02","186","Finance","Financial - Miscellaneous Services","7.58","3"
"James Hardie Industries","JHX","14450.39","24.9","6293358","-3.41","2.55","14.27","63.3","9.39","24.71","12.32","29.66","16.69","98","Construction","Building Products - Miscellaneous","2.15","2"
"Jack Henry & Associates","JKHY","10579.46","148.9","1325365","2.43","18.88","-2.55","36.83","-25.61","7.21","20.64","192.6","123.42","64","Computer and Technology","Computers - IT Services","20.64","2"
"JinkoSolar","JKS","859.4","16.41","683480","5.53","-5.2","-26.58","7.57","-42.04","-25.9","-4.1","30.58","15.25","53","Oils-Energy","Solar","-5.62","3"
"Jones Lang LaSalle","JLL","15051.93","324.44","381771","3.2","8.53","-5.01","67.53","-12.1","11.45","3.59","358.66","253.27","96","Finance","Real Estate - Operations","3.35","3"
"Jumia Technologies","JMIA","777.79","6.28","1445820","-8.32","-.48","-8.19","18.03","-54.16","12.8","-30.79","14.6","4.45","161","Retail-Wholesale","Internet - Commerce","-30.79",""
"Johnson & Johnson","JNJ","603272.63","250.61","8178621","-1.28","4.82","10.02","83.94","10.39","6.05","27.07","267.24","163.7","230","Medical","Large Cap Pharmaceuticals","21.48","3"
"JPMorgan Chase & Co.","JPM","925047.69","345.23","9963970",".68","3.32","10.85","97.38","-2.33",".52","31.54","346.91","282.84","29","Finance","Financial - Investment Bank","21.86","1"
"Kaiser Aluminum","KALU","2685.91","164.37","306792","1.99","-8.23","-4.88","74.63","30.46","11.54","3.77","195.63","72.44","205","Industrial Products","Metal Products - Procurement and Fabrication","4.14","3"
"KB Financial Group","KB","42594.45","120.09","343386","-.52","17.07","11.99","93.09","27.24","-13.69","31.57","123.25","77.5","102","Finance","Banks - Foreign","17.36","3"
"KB Home","KBH","3381.84","55.16","1316174","-.59","4.61","1.3","44.13","-10.86","-10.01","5.38","67.97","45.04","205","Construction","Building Products - Home Builders","4.94","3"
"KBR","KBR","4360.31","34.39","1695686","-3.15","3.58","-4.47","20.09","-22.01",".57","6.68","51.61","30.06","96","Construction","Engineering - R and D Services","5.21","3"
"Kingsoft Cloud","KC","3036.3","10.05","1408270","3.29","4.36","-34.78","15.27","-11.4","28.16","-5.82","18.21","8.58","104","Computer and Technology","Internet - Software","-9.38","2"
"Kyndryl Holdings, Inc.","KD","2688.1","12.19","3818037","5","9.52","-9.44","5.54","-58.16",".23","2.26","39.47","10.59","98","Business Services","Technology Services","1.31","3"
"Keurig Dr Pepper","KDP","41102.5","30.21","15511024","-.17","-2.14","4.93","49.6","-1.68","8.16","16.28","35.2","25.3","90","Consumer Staples","Beverages - Soft drinks","10.81","3"
"Kelly Services","KELYA","532.17","15.35","394365","9.1","35.12","55.36","99.18","59.01","-1.87",".8","15.41","8.08","178","Business Services","Staffing Firms","-6.44","3"
"Korea Electric Power","KEP","15060.48","11.73","1149946","1.65","-2.33","-21.59","3.43","-35.19",".15","8.95","23.26","11.32","102","Utilities","Utility - Electric Power","8.95","5"
"Kirby","KEX","7955.45","148.7","626538","2.52","7.57","-1.48","94.64","23.03","3.01","10.51","152.59","79.95","45","Transportation","Transportation - Shipping","10.51","2"
"KeyCorp","KEY","24771.51","22.95","10733739","-1.5","-.3","4.51","85.58","1.36","21.57","25.35","23.99","16.78","28","Finance","Banks - Major Regional","17.83","3"
"Keysight Technologies","KEYS","56072.48","328.11","1545353",".73","-6.94","-1.26","78.95","47.21","7.95","24.66","373.34","158.51","8","Computer and Technology","Electronics - Measuring Instruments","17.25","2"
"KornFerry International","KFY","3968.88","78.04","640469","6.09","8.81","16.13","95.71","7.76","6.43","9.66","78.87","59.54","178","Business Services","Staffing Firms","9.44","2"
"Kinross Gold","KGC","27769.89","23.41","7991391","-2.09","-6.4","-23.3","35.53","-24.22","36.95","34.34","38.07","15.33","231","Basic Materials","Mining - Gold","35.99","5"
"Kodiak Gas Services, Inc.","KGS","5937.89","66.89","1873622","-3.18","-6.7",".27","79.23","63.04","12.83","12.35","76.27","31.1","105","Oils-Energy","Oil and Gas - Mechanical and and Equipment","5.13","3"
"Kraft Heinz Company","KHC","30581.21","25.79","12220805","2.83","14.77","14.77","59.25","-3.05","-3.5","12.11","28.94","21.21","198","Consumer Staples","Food - Miscellaneous","-23.05","2"
"Kimco Realty","KIM","17601.57","26.1","3750633","3.37","3.61","9.66","99.68","17.38","5.06","28.54","26.12","19.78","73","Finance","REIT and Equity Trust - Retail","28.54","3"
"KKR & Co.","KKR","87192.45","97.11","4293010","-.1","3.86","-4.23","19.38","-30.56","-11.04","81.38","152.16","83.88","69","Finance","Financial - Investment Management","13.94","3"
"KLA","KLAC","284193.22","217.56","13333551","-5.56","-11.02","20.27","61.28","63.22","23.89","36.79","301.71","84.39","65","Computer and Technology","Electronics - Miscellaneous Products","35.66","3"
"Klarna Group plc","KLAR","7183.98","19.03","4484393","-3.06","7.21","37.7","20.15","-39.99","24.83","-5.21","45.82","12.27","90","Business Services","Financial Transaction Services","-5.21","3"
"KinderCare Learning Companies, Inc.","KLC","599.25","5.06","653039",".4","20.48","31.09","37.1","6.78","2.64","2.31","10.52","1.84","105","Consumer Discretionary","Schools","-15.48","3"
"Kulicke and Soffa Industries","KLIC","5680.21","108.54","1155102","-1.41","-14.6","30.8","75.15","117.18","-7.38","10.92","133.81","32.11","30","Computer and Technology","Electronics - Manufacturing Machinery","7.16","3"
"KimberlyClark","KMB","35866.16","108.05","4473756","1.15","3.94","9.76","34.31","-2.37","-18","14.8","136.77","93.05","186","Consumer Staples","Consumer Products - Staples","12.8","3"
"Kinder Morgan","KMI","72039.87","32.38","8770976","-.49","-.49","1.86","77.21","7.38","12.17","18.24","34.31","25.84","221","Oils-Energy","Oil and Gas - Production and Pipelines","18.92","3"
"Kemper","KMPR","1655.54","28.12","1280321","-1.82","7.25","-16.36","13.3","-36.77","3.26","2.79","62.16","22.9","169","Finance","Insurance - Multi line",".89","5"
"Kennametal","KMT","2620.86","34.39","953794",".2","-2.02","-12.36","61.89","10.35","-3.91","6.97","43.27","19.97","105","Industrial Products","Manufacturing - Tools & Related Products","6.41","4"
"Kestra Medical Technologies, Ltd.","KMTS","1303.32","22.24","504508","-8.02","7.49","2.68","57.42","-23.55","59.03","-135.11","28.01","14.46","168","Medical","Medical - Products","-138.36","3"
"CarMax","KMX","8175.5","57.61","2770530","3.37","10.98","49.09","81.87","35.92","-1.79","1.53","63.53","30.88","30","Retail-Wholesale","Automotive - Retail and Wholesale - Parts",".84","2"
"Knowles","KN","3170.88","37.06","1020271",".76","-7.56","22.19","77.09","57.65","7.17","17.15","42.8","17.75","39","Computer and Technology","Communication - Components","9.1","3"
"Knife River Corporation","KNF","4506.82","79.41","503084","-.81","-8.34","-9.8","56.24","2.9","8.52","4.58","94.57","59.93","98","Construction","Building Products - Miscellaneous","4.58","3"
"Kiniksa Pharmaceuticals International, plc","KNSA","4889.41","63.55","1011633","2.53","6.82","18.01","90.87","40.44","60.09","9.69","67.29","26.33","98","Medical","Medical - Biomedical and Genetics","9.69","1"
"Kinsale Capital Group","KNSL","7828.9","339.46","312029",".69","11.49","3.15","25.24","-20.88","18.04","25.3","485.37","290.2","158","Finance","Insurance - Property and Casualty","27.48","3"
"KINETIK HLDGS","KNTK","8268.99","50.93","946135",".75","4.99","4.22","98.26","28.79","18.98","29.28","51.27","31.68","160","Oils-Energy","Oil and Gas - Field Services","28.58","3"
"KnightSwift Transportation","KNX","12464.92","76.71","3373163","1.98","3.66","17.06","86.81","33.76",".8","2.32","82.45","38.94","5","Transportation","Transportation - Truck",".45","1"
"Coca-Cola","KO","352674.5","81.97","18096854","-1.34","2.07","4.62","84.68","6.89","1.87","27.48","84.92","65.67","90","Consumer Staples","Beverages - Soft drinks","27.8","3"
"Kodak","KODK","761.72","7.78","737337","-3.35","-18.45","-39.88","25.88","-16.17","2.49","-12.17","14.51","5.43","65","Computer and Technology","Electronics - Miscellaneous Products","-12.6",""
"The Kroger Co.","KR","35398.76","57.78","7589941","-1.63","1.28","-13.67","11.21","-15.7",".35","2.14","75.6","55.53","218","Retail-Wholesale","Retail - Supermarkets",".71","3"
"Kilroy Realty","KRC","4599.99","39.56","1221661",".3","6.34","15.94","70.81","-3.5","-2.02","19.59","44.44","27.72","59","Finance","REIT and Equity Trust - Other","19.59","2"
"KKR Real Estate Finance Trust","KREF","488.04","7.59","1038457","1.47","7.97","21.44","42.86","-15.83","-22.85","-11.33","9.87","5.88","180","Finance","REIT and Equity Trust","-47.33","2"
"Kite Realty Group Trust","KRG","6057.48","29.83","2619443","3.97","4.23","14.07","100","13.45",".3","34.74","29.83","20.94","73","Finance","REIT and Equity Trust - Retail","34.74","3"
"Karman Holdings Inc.","KRMN","6185","46.67","3942968","1.83",".63","-33.61","2.6","-41.85","36.57","10.86","115.29","44.84","86","Aerospace","Aerospace - Defense Equipment","5.73","3"
"Kearny Financial","KRNY","617.93","9.545","670102","1.76","8.34","15.7","96.22","17.43","5.09","20.08","9.69","5.85","77","Finance","Financial - Savings and Loan","10.39","3"
"Kronos Worldwide","KRO","774.31","6.73","343847","4.99","3.54","-6.66","67.61","38.81","-1.47","-6.28","7.88","4.33","105","Basic Materials","Chemical - Diversified ","-7.12","1"
"Kimbell Royalty","KRP","1627.4","15.1","536592","3.07","1",".33","88","17.05","7.93","22.76","15.61","11.36","239","Oils-Energy","Oil and Gas - Royalty Trust - United States","22.76","4"
"Kura Sushi USA","KRUS","557.19","45.86","387644","-10.08","-2.55","-14.38","5.99","-20.11","18.88","-.13","95.83","42.67","205","Retail-Wholesale","Retail - Restaurants","-.65","3"
"Krystal Biotech","KRYS","9995.41","339.06","372539","-.11","-.34","25.92","83.93","25.37","33.94","53.92","378.15","134.94","98","Medical","Medical - Biomedical and Genetics","53.92","4"
"Kohl's","KSS","2055.94","18.13","3919279","10.35","3.42","22.42","56.51","-19.02","-4.28","1.2","24.71","9.58","105","Retail-Wholesale","Retail - Regional Department Stores","1.76","3"
"KT","KT","8611.97","17.86","1356756","3",".45","-15.72","8.24","-14.17","2.63","5.51","24.54","17.26","202","Computer and Technology","Wireless Non-US ","5.51","4"
"Kontoor Brands","KTB","4714.73","85.3","830677","1.73","11.01","18.39","91.39","27.29","20.9","9.97","88.17","54.83","172","Consumer Discretionary","Textile - Apparel","8.3","3"
"Kratos Defense & Security Solutions","KTOS","9040.34","48.21","5420054","-4.27","-5.1","-21.81","2.68","-42.1","18.53","7.1","130.72","45.94","86","Aerospace","Aerospace - Defense Equipment","2.08","4"
"Kura Oncology","KURA","966.75","10.89","1635557","-3.11","4.91","23.33","81.06","-4.45","25.24","-411.19","12.14","5.54","98","Medical","Medical - Biomedical and Genetics","-411.19","3"
"Kenvue Inc.","KVUE","36499.36","19.01","20139086","1.33","3.26","8.38","56.13",".46","-2.14","14.54","22.84","14.11","186","Consumer Staples","Consumer Products - Staples","10.61","3"
"Klaviyo, Inc.","KVYO","5237.4","17.5","4858759","-.06","29.73","-12.24","20.12","-50.87","31.63","17.45","35.92","12.86","104","Computer and Technology","Internet - Software","-.66","3"
"Kawasaki Heavy Industries","KWHIY","14021.47","6.68","314585","-1.33","-12.11","-16.29","39.84","15.31","9.8","4.74","9.58","4.76","62","Industrial Products","Manufacturing - General Industrial ","4.74",""
"Kymera Therapeutics","KYMR","9325.54","113.37","1083687","1.15","15.39","35.21","92.68","32.82","-16.7","-604.46","119.35","37.68","98","Medical","Medical - Biomedical and Genetics","-611.94","3"
"Loews","L","23579.05","114.59","795695",".1","3.63","1.98","91.15","-.81","5.39","8.83","116.95","90.29","169","Finance","Insurance - Multi line","8.83",""
"Ladder Capital Corp","LADR","1253.25","9.85","1088873",".2","-3.81","-6.01","8.41","-18.3","-23","49.69","11.81","9.67","180","Finance","REIT and Equity Trust","13.82","4"
"Lamar Advertising","LAMR","16243.14","160.07","616803","1.81","5.05","18.68","95.13","15.28","2.68","24.01","162.38","114.98","59","Finance","REIT and Equity Trust - Other","24.01","3"
"Gladstone Land","LAND","380.9","8.83","651068","1.96",".91","-12.23","8.48","-12.03","3.66","-6.68","12.5","8.49","59","Finance","REIT and Equity Trust - Other","-6.68","3"
"nLight","LASR","4243.63","75.23","1344875","5.25","13.23","14.37","85.24","82.83","31.62","9.26","84.95","19.12","60","Computer and Technology","Electronics - Semiconductors","-5.08","3"
"Laureate Education","LAUR","5054.62","36.11","1223057","-9.34","-1.28","15.07","75.64","-2.23","8.64","13.98","40.46","22.6","105","Consumer Discretionary","Schools","16.08","4"
"Lazard, Inc.","LAZ","4859.51","43.51","1736451",".28","2.84","-10.31","23.6","-18.32","1.54","8.26","57.75","39.11","186","Finance","Financial - Miscellaneous Services","8.47","5"
"LandBridge Company LLC","LB","5902.71","76.57","391077","-2.76","19.77","12.72","78.28","42.48","81.07","15.71","85.55","44.2","202","Oils-Energy","Oil and Gas - Integrated - United States","15.71","3"
"LIBERTY ENERGY","LBRT","4060.2","24.88","3611197","-1.54","-8.02","-24.72","62.15","22.87","-7.16",".71","33.93","10.02","160","Oils-Energy","Oil and Gas - Field Services","3.71","3"
"Liberty Global Ltd","LBTYA","3475.64","10.28","1830329","-4.19","-8.3","-10.76","13.79","-15.88","12.36","-109.64","13.03","9.84","235","Utilities","Diversified Communication Services","-109.64","3"
"Liberty Global Ltd","LBTYK","3364.07","9.95","930911","-4.05","-7.7","-11.4","0","-17.84","12.36","-109.64","12.67","9.95","105","Consumer Discretionary","Broadcast Radio and Television","-109.64",""
"Lucid Group","LCID","2856.68","7.32","26320100","58.44","41.04","24.7","10.12","-36.87","67.58","-248.09","31.3","4.62","105","Auto-Tires-Trucks","Automotive - Domestic","-248.09","4"
"LCI Industries","LCII","2544.6","104.78","683576","1.19","13.57","-11.27","27.65","-21.28","10.18","4.63","157.13","84.77","159","Auto-Tires-Trucks","Automotive - Original Equipment","4.84","3"
"Leidos","LDOS","13197.41","104.92","1575603","-1.54","-1.12","-28.21","4.94","-46.98","3.07","9.06","199.55","100","64","Computer and Technology","Computers - IT Services","8.15","3"
"Land's End","LE","365.51","11.89","314170","7.21","4.48","7.02","19.87","-25.35","-2.04","1.88","19.15","10.09","239","Retail-Wholesale","Retail - Catalog Shopping","26.24","4"
"Lear","LEA","7154.58","142.82","488362","5.08","4.49","15.03","91.66","13.61","-.2","3.05","147.36","92.93","159","Auto-Tires-Trucks","Automotive - Original Equipment","2.25","2"
"Lincoln Electric","LECO","13643.09","249.02","331731","-1.41","-7.47","-4.23","38.19","-5.27","5.6","13.06","298.88","218.22","105","Industrial Products","Manufacturing - Tools & Related Products","12.38","3"
"Leggett & Platt","LEG","1458.47","10.68","2635739","-1.29","-2.2","-4.04","54.05","-11.49","-7.49","3.11","12.89","8.08","30","Consumer Discretionary","Furniture","5.69","2"
"Legend Biotech","LEGN","4372.31","23.54","1951091","-8.3","-19.66","-.08","24.9","-1.29","64.04","-21.98","44.32","16.65","98","Medical","Medical - Biomedical and Genetics","-21.98","3"
"Lennar","LEN","19714.86","81.84","2330095","-2.23","-6.31","-11.35","0","-27.43","-3.54","4.79","142.4","81.84","205","Construction","Building Products - Home Builders","4.93","4"
"Centrus Energy","LEU","3368.77","171.24","832135","7.44","-3.53","-16.71","8.51","-35.7","1.52","16.38","436","146.61","183","Basic Materials","Mining - Non Ferrous","13.4","3"
"Levi Strauss & Co.","LEVI","9451.93","24.56","3345537","3.24","5.09","10.14","93.93","7.95","-1.15","8.7","24.99","17.91","55","Retail-Wholesale","Retail - Apparel and Shoes","9.66","2"
"LifeStance Health Group","LFST","4440.7","11.45","4088944","6.12","21.29","49.28","98.33","48.27","13.85","1.55","11.58","3.79","87","Medical","Medical - Outpatient and Home Healthcare","1.55","3"
"Littelfuse","LFUS","10483.01","414.53","376157","-.43","-11.23","6.48","71.41","49.41","8.92","11.92","489.1","228.31","60","Computer and Technology","Electronics - Miscellaneous Components","-1.61","3"
"LGI Homes","LGIH","1305.89","56.21","334528","-4.47",".27","14.81","66.11","19.28","-22.57","4.73","67.47","34.24","205","Construction","Building Products - Home Builders","4.22",""
"Ligand Pharmaceuticals","LGND","6121.94","305.47","444302","1.5","9.32","31.49","91.03","47.28","60.4","63.06","322.61","131.58","98","Medical","Medical - Biomedical and Genetics","55.95",""
"Labcorp Holdings Inc.","LH","22910.8","279.4","622220","1.35","8.05","7.64","75.92","1.52","7.25","9.94","290.93","243.04","90","Medical","Medical Services","6.66","2"
"L3Harris Technologies","LHX","51735.96","277.71","1293955","-4.24","-5.47","-14.52","12.67","-13.76","2.53","9.25","378.48","263.09","98","Aerospace","Aerospace - Defense","7.71","3"
"Li Auto","LI","13081.82","12.21","3852802","-2.09","-3.33","-31.33","2.34","-34.25","-18.85","-1.72","31.8","11.74","189","Auto-Tires-Trucks","Automotive - Foreign","-1.72","4"
"Life360, Inc.","LIF","4448.64","54.9","658668","3.58","16.96","27.05","23.08","-21.97","31.76","11.47","110.89","38.1","169","Industrial Products","Security and Safety Services","28.21",""
"Lennox International","LII","18439.81","529.88","438845","-5.84","1.2","6.93","40.59","-.52","-2.73","15.15","664.54","437.87","48","Construction","Building Products - Air Conditioner and Heating","14.89","2"
"Liberty Latin America","LILA","1456.12","7.23","787617","-.14","21.51","-12.47","59.71","-10.81","-.33","-11.2","8.87","4.8","199","Computer and Technology","Wireless National","-11.2","4"
"Liberty Global","LILAK","1458.14","7.24","1763744",".14","23.13","-14.42","59.11","-11.53","-.33","-11.2","8.94","4.79","199","Computer and Technology","Wireless National","-11.2",""
"Linde PLC","LIN","233499.25","505.03","2083495","-3.35","-1.41","-1.03","73.54","7.97","2.97","22.83","546.64","389.38","84","Basic Materials","Chemical - Specialty","20.44","3"
"Lincoln Educational Services","LINC","1298.96","40.95","605058","-23.47","-13.08","3.25","61.11","54.58","17.76","5.36","55.68","17.8","105","Consumer Discretionary","Schools","4.11","3"
"Lindblad Expeditions","LIND","1865.5","28.45","1056778","8.67","10.4","59.29","93.82","79.86","19.59","-.53","29.57","11.45","87","Consumer Discretionary","Leisure and Recreation Services","-2.86","1"
"Lineage, Inc.","LINE","9858.3","43.3","942946","-1.59","6.08","18.34","86.47","12.78",".28","-2.72","45.1","31.8","59","Finance","REIT and Equity Trust - Other","-2.72","3"
"Lionsgate Studios Corp.","LION","3929.37","13.52","2839239","1.73","-9.87","10.64","72.91","34.99","-17.64","-1.12","16.4","5.77","74","Consumer Discretionary","Media Conglomerates","-7.54","3"
"Lumentum","LITE","65162.17","837.56","4289562","2.79","1.16","5.84","77.39","107.15","21.03","20.87","1053.09","99.63","39","Computer and Technology","Communication - Components","17.61","2"
"LivaNova","LIVN","4386.17","79.845","655208",".92","1.48","30.27","90.25","18.3","10.75","15.43","84.03","41.13","165","Medical","Medical - Instruments","7.48","1"
"Luckin Coffee","LKNCY","9119.9","31.8","1152964","-3.67","-.56","2.38","26.89","-13.47","48.92","7.99","43.03","27.67","90","Consumer Staples","Beverages - Soft drinks","6.74","3"
"LKQ","LKQ","6349.39","24.92","2466036",".24","-3.15","-19.9","2.7","-24.78","-4.9","5.47","38.61","24.54","189","Auto-Tires-Trucks","Automotive - Replacement Parts","3.71","3"
"Eli Lilly","LLY","1106932.25","1175.41","2818126","1.98","6.17","34.49","90.14","-.29","44.7","36.58","1235.56","625.65","230","Medical","Large Cap Pharmaceuticals","34.98","3"
"LeMaitre Vascular","LMAT","2299.01","100.61","315385","2.81","9.42","-10.49","55.4","13.09","13.53","23.11","117.39","79.77","168","Medical","Medical - Products","24.35","3"
"Lemonade","LMND","5271.44","68.62","1443958","-2.17","18.53","4.33","53.64","-12.12","40.15","-16.44","96.57","36.28","169","Finance","Insurance - Multi line","-16.44","3"
"Lockheed Martin","LMT","116916.5","507.09","1105619","-1.53",".68","-1.02","36.23","-4.42","5.64","8.7","676.7","410.74","98","Aerospace","Aerospace - Defense","6.38","3"
"Lincoln National","LNC","7996.54","41.82","1794712","1.36","9.51","11.88","66.55","-14.39","-1.25","8.71","46.46","32.59","183","Finance","Insurance - Life Insurance","9.17","3"
"Cheniere Energy","LNG","55026.22","262.59","2052009","-.92","12.11","-.9","68.25","23.15","27.21","21.1","296.91","188.83","210","Oils-Energy","Oil and Gas - Exploration and Production - United States","7.23","1"
"Alliant Energy","LNT","18882.63","73.11","2303276","-4.19","-1.96",".9","65.86","2.52","9.57","18.78","78.03","63.62","102","Utilities","Utility - Electric Power","18.58","3"
"Lantheus","LNTH","7028.2","107.95","920358","5.45","1.81","29.2","95.08","47.87",".5","26.05","110.94","50.11","168","Medical","Medical - Products","18.05",""
"Loar Holdings Inc.","LOAR","6588.35","70.37","816519","-1.46","-1.72","24.59","59.04","-5.66","23.2","21","81.9","53.75","86","Aerospace","Aerospace - Defense Equipment","12.64","3"
"Logitech International","LOGI","15085.47","102.91","1040446","2.31","-1.42","6.49","41.79","-6.39","6.28","17.69","126.69","85.84","105","Computer and Technology","Computer - Peripheral Equipment","14.69","3"
"Loma Negra Compania Industrial Argentina","LOMA","1344.34","11.52","368027","1.32","-5.57","3.69","73.29","-18.91","-9.74","4.38","13.12","7.13","205","Construction","Building Products - Home Builders","4.38","3"
"Grand Canyon Education","LOPE","3668.78","138.37","352387","-7.13","-3.35","-17.56","0","-24.15","7.07","22.97","220.55","138.37","105","Consumer Discretionary","Schools","19.54","4"
"Lowe's Companies","LOW","114109.5","203.51","2812260","-2.01","-4.7","-15.32","0","-23.07","3.12","7.87","287.39","203.51","81","Retail-Wholesale","Retail - Home Furnishings","7.51","4"
"Dorian LPG","LPG","1900.83","44.43","675478","6.73","9.43","15.52","86.17","66.4","36.27","40.93","47.72","23.93","45","Transportation","Transportation - Shipping","40.22",""
"LPL Financial","LPLA","26252.78","328.23","956574","2.14","11.23","-1.64","46.85","-16.23","37.18","9.12","399","265.86","29","Finance","Financial - Investment Bank","4.93","3"
"LightPath Technologies","LPTH","794.91","12.66","3066489","9.9","-7.05","-.31","63.86","6.86","17.26","-12.64","18.15","2.96","60","Computer and Technology","Electronics - Miscellaneous Components","-37.38","3"
"LouisianaPacific","LPX","4908.01","70.25","1212133","-6.84","-5.29","-7.11","9.04","-20.7","-7.92","4.77","102.75","67.02","105","Construction","Building Products - Wood","3.2","4"
"Liquidia Corporation","LQDA","7193.39","80.89","1497240","5.75","9.25","114.85","99.16","113.8","1031.18","7.74","81.45","14.54","98","Medical","Medical - Biomedical and Genetics","7.74","1"
"Lam Research","LRCX","402683.88","322","12377012","-6.96","-13.29","28.17","67.11","71.48","23.68","31.14","433.33","94.84","60","Computer and Technology","Electronics - Semiconductors","30.94","2"
"Stride","LRN","3601.43","84.69","681941","-2.52","2.06","-8.52","21.76","18.9","17.9","15.4","169.81","61.02","105","Consumer Discretionary","Schools","12.15","3"
"Lattice Semiconductor","LSCC","18609.78","135.83","1818223","1.43","-6.07","19.24","81.75","68.29","2.72","29.87","155.27","48.73","60","Computer and Technology","Electronics - Semiconductors","3.46","2"
"Lightspeed POS","LSPD","1412.19","10.25","801749","-.39","8.58","13.39","34.43","-22.65","13.95","5.04","13.83","8.37","104","Computer and Technology","Internet - Software","-11.77","4"
"Landstar System","LSTR","7267.76","214.21","444701","1.32","3.23","17.43","89.34","35.89","-1.57","3.48","225.37","120.68","5","Transportation","Transportation - Truck","2.62","3"
"LTC Properties","LTC","2191.08","42.81","620664","6.94","14.93","11.4","100","13.51","25.26","108.56","42.81","33.98","59","Finance","REIT and Equity Trust - Other","38.99","3"
"Life Time Group Holdings","LTH","9411.64","42.28","2969299","1.71","11.76","60.82","96.93","45.01","14.28","11.43","42.84","24.59","87","Consumer Discretionary","Leisure and Recreation Services","12.56","3"
"LATAM Airlines Group","LTM","14806.16","51.57","692986","-3.63","-7.48","6.33","38.2","-12.96","12.95","11.03","68.46","41.13","78","Transportation","Transportation - Airline","11.03","1"
"Lantronix","LTRX","251.59","5.72","1297658","6.72","-6.23","-10.63","50.9","-11.02","-23.33","4.19","8.45","2.89","172","Computer and Technology","Computer - Networking","-5.52","3"
"lululemon athletica","LULU","13840.47","116.63","2746688","-.59","7.08","-18.09","9.01","-48.84","4.86","13.03","229.77","105.43","172","Consumer Discretionary","Textile - Apparel","13.03","5"
"Lumen Technologies","LUMN","6964.9","6.76","13059747","6.12","-13.78","-22.48","37.64","-20.69","-5.39","-3.83","11.83","3.7","235","Utilities","Diversified Communication Services","-14.34","3"
"Intuitive Machines, Inc.","LUNR","3177.19","14.64","10359771","-1.81","-30.12","-40.44","17.5","-17.77","-7.87","-15","45.7","8.05","98","Aerospace","Aerospace - Defense","-32.69","3"
"Southwest Airlines","LUV","23798.39","48.69","5615672","2.38","-1.46","28.1","76.26","7.4","2.11","2.83","54.8","29.06","78","Transportation","Transportation - Airline","2.83","3"
"Las Vegas Sands","LVS","30130.12","45.47","4009977","1.54","-4.79","-16.2","2.79","-36.32","15.22","16.55","69.49","44.78","176","Consumer Discretionary","Gaming","13.41","4"
"Lamb Weston","LW","6525.32","47.26","1525513","1.63","5.3","9.7","31.26","2.85","-.25","6.48","66.57","38.48","198","Consumer Staples","Food - Miscellaneous","4.61","3"
"LXP Industrial Trust","LXP","3604.95","61.15","756097","11.1","12.64","19.88","100","12.44","-2.3","27.05","61.15","38.75","93","Finance","REIT and Equity Trust - Residential","27.05","2"
"Lsb Industries","LXU","830.89","11.55","741623","3.22","4.52","-22.22","45.17","23.87","17.77","7.16","16.88","7.16","105","Basic Materials","Chemical - Diversified ","7.16","3"
"LyondellBasell Industries","LYB","19751.2","61.19","5118491","4.51","6.23","-14.4","47.16","28.83","-25.18","2.04","82.38","42.28","105","Basic Materials","Chemical - Diversified ","-2.68","3"
"Lyft","LYFT","5767.38","15.19","10903024","-2.69","9.91","6.82","21.31","-28.51","9.16","3.2","24.57","12.65","105","Computer and Technology","Internet - Services","43.82","5"
"Lloyds Banking Group","LYG","88276.74","6.06","17566340","2.19","5.76","13.7","90.82","4.23","-41.55","25.11","6.25","4.18","102","Finance","Banks - Foreign","25.11","3"
"LSI Industries","LYTS","873.39","23.79","310795","-.59","-6.92","2.1","68.48","18.38","22.09","3.91","26.8","17.25","105","Construction","Building Products - Lighting","3.91","3"
"Live Nation Entertainment","LYV","41887.34","177.83","2147555","-2.05","5.47","14.91","85.64","13.76","8.83","1.54","186.59","125.61","189","Consumer Discretionary","Film and Television Production and Distribution",".15","5"
"LegalZoom.com","LZ","1259.04","7.335","2669140","-1.81","29.36","11.98","32.54","-32.66","10.88","14.43","11.18","5.48","161","Industrial Products","Industrial Services","1.46","2"
"LaZBoy","LZB","1569.24","39.22","533201","1.66","-2.68","8.55","78.98","-4.07",".83","5.91","41.85","29.34","30","Consumer Discretionary","Furniture","4.8","3"
"Macy's","M","6260.3","23.8","4869245","2.54","-.63","22.49","84.64","-1.6","-1.67","2.89","25.96","11.9","105","Retail-Wholesale","Retail - Regional Department Stores","2.94","3"
"Mastercard","MA","475633.19","538.3","3480746",".05","10.29","6.04","52.39","-14.04","16.42","47.47","598.96","471.55","90","Business Services","Financial Transaction Services","45.88","3"
"MidAmerica Apartment Communities","MAA","15390.73","132.24","995659","-1.08","-1.23","1.43","35.76","-13.22",".83","17.6","153.2","120.57","93","Finance","REIT and Equity Trust - Residential","17.6","3"
"The Macerich Company","MAC","7273.3","25.65","3194594","3.05","5.17","17.99","97.24","26.67","10.43","-17.75","25.92","16.14","73","Finance","REIT and Equity Trust - Retail","-18.22","3"
"Magnera Corporation","MAGN","478.65","13.37","398911","6.45","10.95","27.7","74.11","-19.5","46.5","-3.37","15.26","7.96","96","Construction","Engineering - R and D Services","-3.37",""
"Main Street Capital","MAIN","5039.12","54.19","638498","2.07","8.34","-.84","25.46","-18.2","4.69","62.75","67.54","49.63","201","Finance","Financial - SBIC & Commercial Industry","74.86","2"
"Mama's Creations, Inc.","MAMA","691.51","16.89","835443","-9.34","-10.68","23.01","70.32","14.14","39.23","3.63","20.65","7.98","198","Consumer Staples","Food - Miscellaneous","3.21","2"
"ManpowerGroup","MAN","2403.5","51.68","1789539","31.9","60.2","65.54","94.77","58.47",".58",".82","53.11","25.75","178","Business Services","Staffing Firms",".56","3"
"Manhattan Associates","MANH","9414.27","159.12","665029",".33","22.23","13.4","35.72","-16.3","3.75","28.19","227.94","120.88","93","Computer and Technology","Computer - Software","19.68","2"
"Marriott International","MAR","96987.31","367.81","1422144","1.27","-4.92","2.65","76.4","8.08","4.33","10.62","402.54","255.35","219","Consumer Discretionary","Hotels and Motels","9.72","3"
"Marathon Digital","MARA","4670.56","12.25","47337720",".74","-16.67","11.16","34.26","24.36","38.2","-104.93","22.84","6.73","186","Finance","Financial - Miscellaneous Services","-234.83","3"
"Masco","MAS","15497.24","76.82","2117389","-1.32","4.93","3.34","75.38","10.35","-3.4","11.17","82.77","58.6","98","Construction","Building Products - Miscellaneous","10.9","1"
"Mattel","MAT","4126.52","14.2","5137391","3.88","3.12","-3.99","12.62","-34.75","-.59","7.61","22.16","13.05","24","Consumer Discretionary","Toys - Games - Hobbies","9.27","3"
"Mativ Holdings, Inc.","MATV","445.35","8.08","512480","4.53","3.32","-17.04","20.7","-39.38",".3","2.65","15.05","6.26","84","Basic Materials","Chemical - Specialty","3.86","3"
"Matthews International","MATW","857.76","27.49","338167","3.89","6.14","-2.59","81.87","-4.06","-16.6","2.49","28.69","22.07","105","Consumer Staples","Funeral Services",".8","3"
"Matson","MATX","6633.41","219.19","337443","3.91","11.97","24.89","96.78","61.73","-2.26","12.92","223.55","88.05","81","Transportation","Transportation - Services","12.92","2"
"MediaAlpha","MAX","884.75","14.19","1079310",".71","37.1","41.76","98.87","-.11","28.78","5.77","14.27","7.17","98","Business Services","Technology Services","3.37","5"
"MasterBrand, Inc.","MBC","1067.39","8.34","2266358","-6.5","-.24","-11.75","22.16","-31.13","1.27","3.69","13.82","6.78","30","Consumer Discretionary","Furniture","-.07",""
"Mercedes-Benz Group AG","MBGYY","48992.54","12.72","889938","-.39","-.55","-10.92","8.09","-34","-5.08","3.74","18.06","12.25","189","Auto-Tires-Trucks","Automotive - Foreign","3.74","4"
"MBIA","MBI","320.88","6.3","321452","-.94",".32","3.11","45.21","-19.79","90.48","-38.89","8.13","4.79","169","Finance","Insurance - Multi line","-172.22","3"
"Mobileye Global Inc.","MBLY","7564.4","8.99","6538113","-10.9","13.22","-.61","25.23","-21.5","14.51","15.84","16.19","6.56","159","Auto-Tires-Trucks","Automotive - Original Equipment","-203.97","1"
"Moelis & Company","MC","5330.6","67.85","828082","1.31",".8","-2.64","62.46","-10.02","26.98","15.82","77.75","51.38","29","Finance","Financial - Investment Bank","14.46","3"
"McDonald's","MCD","187509.61","263.91","4500505","-1.87","-2.85","-9.74","0","-21.28","3.72","32.22","341.06","263.91","205","Retail-Wholesale","Retail - Restaurants","31.62","4"
"Mechanics Bancorp","MCHB","3553.49","16.05","554816","-.25","4.83","2.88","85.29",".01","188.86","30.64","16.64","12.63","78","Finance","Banks - Southeast","21.71","3"
"Microchip Technology","MCHP","45276.04","83.38","11411010","-4.28","-10.59","-1.04","63.75","19.29","7.08","20.41","102.92","49.02","20","Computer and Technology","Semiconductor - Analog and Mixed","4.88","2"
"McKesson","MCK","97038.72","828.84","1042969","3.17","8.5","-.74","50.44","-7.89","12.36","1.2","995.69","659.01","74","Medical","Medical - Dental Supplies","1.18","2"
"Moody's","MCO","85737.52","490.77","935238","-.8","10.54","7.16","61.66","-12.42","8.89","35.08","539.61","412.23","186","Finance","Financial - Miscellaneous Services","31.69","2"
"Pediatrix Medical Group, Inc.","MD","2146.67","26.14","804158","8.42","9.56","13.85","91.89","11.4","-4.92","9.44","27.39","11.98","90","Medical","Medical Services","9.02","3"
"MongoDB","MDB","24744.88","307.65","1498203","-10.74","-4.15","19.15","44.51","-33.18","22.79","17.55","440.6","201","104","Computer and Technology","Internet - Software","-1.12","3"
"Madrigal Pharmaceuticals","MDGL","12606.6","546.79","416296","1.85","6.5","5.83","82.09","-14.4","432.05","-27.32","602.83","289.88","105","Medical","Medical - Drugs","-27.32","3"
"Mondelez International","MDLZ","76839.27","59.86","9040113","1.8","-1.97","2.25","43.4","1.37","5.75","9.37","70.75","51.51","198","Consumer Staples","Food - Miscellaneous","6.64","3"
"Medtronic","MDT","105411.72","82.35","7926204","3.85","2.13",".55","27.22","-21.85","8.43","19.58","105.35","73.75","168","Medical","Medical - Products","13.2","4"
"MDU Resources Group","MDU","4298.83","21","1489911","-1.13","-2.73","-4.55","74.1","-1.93","6.66","10.51","22.8","15.85","186","Utilities","Utility - Gas Distribution","10.47","3"
"Mayville Engineering","MEC","616.66","30.09","530311","-12.76","-11.92","37.27","70.18","46.53","-6.04","-.07","37.54","12.56","96","Construction","Engineering - R and D Services","-2.93","3"
"Medpace","MEDP","15184.33","531.67","305773","-.84","12.29","29.79","71.47","-13.71","19.97","17.19","620.59","308.88","90","Medical","Medical Services","17.19","2"
"Methode Electronics","MEI","586.35","16.53","989890","-5.11","23.36","107.66","79.89","126.94","-2.76","-3.73","19.42","5.05","105","Computer and Technology","Electronics - Connectors","-3.5","5"
"MercadoLibre","MELI","92403.23","1822.65","381098","-2.73","15.09","1.71","28.61","-17.51","39.06","6.04","2510.97","1546.81","161","Retail-Wholesale","Internet - Commerce","6.04","2"
"Methanex","MEOH","4266.64","55.15","995100","2.05","7.82","-8.69","68.22","26.58","-3.52","2.26","65.72","32.46","105","Basic Materials","Chemical - Diversified ","-1.25","2"
"MetLife","MET","60077.7","93.37","3265006",".9","6.07","19.28","97.61","7.83","8.59","8.04","94","67.7","169","Finance","Insurance - Multi line","4.66","3"
"Meta Platforms","META","1628553.13","643.81","19014052","-2.61","14.52","-4.1","44.68","-11.09","22.17","36.51","790","525.72","104","Computer and Technology","Internet - Software","32.84","3"
"Ramaco Resources","METC","773.63","11.87","1389253","-8.62","-7.48","-18.48","1","-39.88","-19.46","-11.52","54.55","11.44","18","Oils-Energy","Coal","-11.52","4"
"MFA Financial","MFA","946.88","9.32","1609311","-1.48","-1.06","-9.43","27.03","-8.74","2.91","58.74","10.4","8.92","180","Finance","REIT and Equity Trust","17.8",""
"Manulife Financial Corp","MFC","71178.15","42.83","1479075","2.73","6.57","10.99","95.85","7.62","12.17","12.41","43.39","29.9","183","Finance","Insurance - Life Insurance","10.19","5"
"Mizuho Financial Group","MFG","127954.92","10.36","3839151","-1.99","7.02","22.6","94.12","29.02","1.78","15.45","10.66","5.56","102","Finance","Banks - Foreign","16.35","2"
"MidCap Financial Investment Corporation","MFIC","791.6","9.61","456034","-1.64","-2.73","-17.01",".27","-23.42","6.33","45.22","13.31","9.6","186","Finance","Financial - Miscellaneous Services","1.9","3"
"Magna International","MGA","18148.19","67.87","1207308","5.08","5.27","9.61","96.92","16.08","-1.93","4.26","68.73","40.79","159","Auto-Tires-Trucks","Automotive - Original Equipment","1.6","4"
"MGM Resorts International","MGM","11684.72","45.67","2718105","-2.14","-2.66","14.92","74.86","14.1","1.72","4.72","50.69","30.72","176","Consumer Discretionary","Gaming","1.03","3"
"Magnite","MGNI","2739.7","19.13","2593508","-5.3","6.28","47.49","51.76","7.45","6.85","19.74","26.52","11.2","104","Computer and Technology","Internet - Software","21.96","3"
"MeiraGTx","MGTX","1159.47","12.52","1143148",".64","6.01","37.88","72.1","43.56","144.57","-151.12","14.66","6.99","98","Medical","Medical - Biomedical and Genetics","-151.12","2"
"Magnolia Oil & Gas Corp","MGY","4640.34","25.09","4582850","-5.96","-6.49","-14.46","34.62","4.49","-.31","24.8","32.36","21.24","210","Oils-Energy","Oil and Gas - Exploration and Production - United States","24.4","3"
"McGraw Hill, Inc.","MH","1782.69","9.32","942339","-7.54","-1.69","-23.73","1.92","-48.51",".07","17.86","17.99","9.15","105","Consumer Discretionary","Schools","1.68","3"
"Mohawk Industries","MHK","6600.01","108.28","722787","-1.49","-.35","1.86","30.71","-9.69","-.48","5.29","139.75","94.33","42","Consumer Discretionary","Textile - Home Furnishing","3.77","2"
"The Middleby","MIDD","5928.07","131.11","674511","-2.59","-19.94","-7.58","28.78","-19.61","-17.39","12.73","179.2","111.68","62","Industrial Products","Manufacturing - General Industrial ","-11.46","2"
"Mirion Technologies","MIR","4074.34","16.27","3654281","-.12","-13.37","-12.9","3.58","-36.67","7.5","12.66","29.75","15.77","98","Business Services","Technology Services","2.56","4"
"Mirum Pharmaceuticals","MIRM","7137.85","117.05","854618","-3.18","5.38","24.52","85.13","35.09","54.74","-5.47","128.57","51.12","98","Medical","Medical - Biomedical and Genetics","-140.24","2"
"Mitek Systems","MITK","832.73","18.44","958387","-5.24","6.47","31.15","85.21","59.34","4.42","27.55","20.14","8.65","105","Computer and Technology","Computer - Optical Imaging","8.74","3"
"McCormick & Company","MKC","14074.38","52.35","4329109","-.95","10.49","2.37","24.81","-29.93","1.73","11.55","72.81","45.6","198","Consumer Staples","Food - Miscellaneous","21.91","4"
"MKS Inc.","MKSI","23332.44","345.44","1441501","-3.62","-11.24","28.94","72.03","97.06","9.62","14.1","444.8","89.62","65","Computer and Technology","Electronics - Miscellaneous Products","8.06","1"
"MarketAxess","MKTX","3990.01","112.27","557876","-2.26","-4.99","-29.16","3.04","-43.53","3.57","32.62","213.74","109.09","29","Finance","Financial - Investment Bank","35.53","3"
"Melco Resorts & Entertainment Limited","MLCO","2108.42","5.43","3302763","4.62",".18","-2.16","5.24","-34.61","11.32","5.88","10.13","5.17","176","Consumer Discretionary","Gaming","4.33","4"
"Mueller Industries","MLI","13777.1","62.3","1775513","6.7","-8.6","-8.14","71.77","-1.06","10.87","18.28","70.42","41.67","205","Industrial Products","Metal Products - Procurement and Fabrication","18.25",""
"MillerKnoll","MLKN","1442.85","21.18","939681","3.02","31.88","23.72","81.29","5.62","4.68","3.35","22.86","13.88","30","Consumer Discretionary","Furniture","2.38","3"
"Martin Marietta Materials","MLM","32864.92","547.33","600149","-4.6","-9.41","-10.86","8.37","-19.87","-5.91","15.85","708.11","532.65","172","Construction","Building Products - Concrete and Aggregates","38.67","3"
"3M","MMM","89062.82","170.76","3461445","9.06","5.51","16.93","88.48","-2.77","1.52","18.35","174.61","141.2","176","Conglomerates","Diversified Operations","11.9","2"
"Maximus","MMS","2976.94","56.66","733435","-1.63","1.32","-13.34","6.42","-40.16","2.36","8.1","98.93","53.76","8","Business Services","Government Services","7.02","2"
"Merit Medical Systems","MMSI","4383.44","73.48","775657","3.46","9.23","10.1","40.07","-24","11.75","15.24","93.18","60.31","74","Medical","Medical - Dental Supplies","9.03","4"
"MakeMyTrip Limited","MMYT","6285.21","56.49","1126278","1.33","21.3","20.63","30.17","-37.29","6.71","16.39","103.21","36.3","66","Computer and Technology","Internet - Delivery Services","4.96","1"
"monday.com","MNDY","3726.55","72.84","1007090","-11","4.04","8.31","6.01","-55","26.75","17.77","292.24","58.81","104","Computer and Technology","Internet - Software","9.17","3"
"Monro Muffler Brake","MNRO","533.38","17.07","772664","-1.5","10.7",".41","37.24","-22.35","-3.19","1.21","23.81","13.07","66","Consumer Discretionary","Consumer Services - Miscellaneous",".19","5"
"MINISO Group Holding Limited","MNSO","3859.36","12.46","640312","8.07","9.11","-15.07","7.57","-39.42","31.71","11.67","26.63","11.3","55","Retail-Wholesale","Retail - Apparel and Shoes","9.03","5"
"Monster Beverage","MNST","92382.65","94.46","5835379","-3.62",".82","22.37","86.7","12.31","10.7","24.38","99.94","58.75","90","Consumer Staples","Beverages - Soft drinks","23.11","3"
"MNTN Inc.","MNTN","538.75","8.83","1441483","-12.83","4.62","-11.7","4.43","-32.58","28.6","15.52","31.47","7.78","98","Business Services","Technology Services","7.84","3"
"Altria Group","MO","121885.36","72.99","6874389","4.03","1.93","7.65","91.63","15.4","-3.08","45.49","74.66","54.72","212","Consumer Staples","Tobacco","34.34","2"
"Modine Manufacturing","MOD","13122.25","247.09","1674434","7.63","-10.95","4.23","71.95","68.71","23.13","8.46","306.89","93.71","159","Auto-Tires-Trucks","Automotive - Original Equipment","3.82","2"
"Moog","MOG.A","12843.47","405.38","308533","3.55",".78","32.35","91.59","51.74","6.97","7.82","425.85","182.56","86","Aerospace","Aerospace - Defense Equipment","6.83","3"
"Molina Healthcare","MOH","11802.73","226.54","1498139","-6.22","15.25","22.15","86.41","19","11.75",".82","242.88","122.65","24","Medical","Medical - HMOs",".42","3"
"Momo","MOMO","648.62","6.03","574276",".5","8.65","-1.79","17.65","-16.08","2.44","9.04","8.97","5.4","104","Computer and Technology","Internet - Software","7.27",""
"Morningstar","MORN","6301.24","165.7","412219","-2.8","6.08","-9.81","16.27","-30.49","7.49","17.73","288.53","141.84","41","Business Services","Business - Information Services","16.06",""
"The Mosaic Company","MOS","6975.59","21.97","7872271","-4.23","3.39","-5.26","12.24","-16.86","8.36","4.66","37.39","19.82","69","Basic Materials","Fertilizers",".36","3"
"MP Materials","MP","8242.43","46.3","4531156","-8.84","-21.39","-24.96","1.98","-16.45","10.1","-5.61","98.65","45.24","209","Basic Materials","Mining - Miscellaneous","-28","3"
"Marathon Petroleum","MPC","93349.66","319.76","2130535","5.39","28.67","37.48","100","79.24","-3.7","2.78","319.76","158.59","40","Oils-Energy","Oil and Gas - Refining and Marketing","3.36","3"
"MPLX LP","MPLX","57322.31","56.49","1219540","-.04","-2.06","2.56","76.43","-3.51","8.92","36.38","59.17","47.8","221","Oils-Energy","Oil and Gas - Production and Pipelines","36.38","3"
"Monolithic Power Systems","MPWR","67959.56","1383.26","1060265",".5","-2.84","-8.03","68.67","39.13","26.43","30.97","1689.89","711.24","20","Computer and Technology","Semiconductor - Analog and Mixed","22.84","2"
"Marqeta","MQ","1848.77","17.44","1191812","8.12","13.84",".23","19.54","-16.32","23.25",".33","27.32","15.04","90","Business Services","Financial Transaction Services",".33","4"
"Murata Manufacturing","MRAAY","90500.41","24.75","821196","-12.39","-27.06","65.22","56.46","119.05","6.24","12.8","38.27","7.22","105","Industrial Products","Manufacturing - Electronics","12.8","2"
"EVERSPIN TECH","MRAM","375.86","16.03","1366542","-8.35","-28.91","25.82","26.5","57.47","9.52","13.02","44.01","5.94","98","Business Services","Technology Services",".5",""
"Mercury Systems","MRCY","5922.67","98.64","758900","-1.67","-11.03","28.89","63.09","23.16","9.19","7.17","126.21","51.51","86","Aerospace","Aerospace - Defense Equipment","-1.46","3"
"Merck & Co.","MRK","311840.03","126.26","9609121","4.54","5.57","14.75","93.65","9.35","1.31","20.9","129.56","77.6","230","Medical","Large Cap Pharmaceuticals","13.59","4"
"Moderna","MRNA","23672.27","59.66","7981073","-11.54","-2.2","26.56","62.75","84.43","-39.93","-104.14","81.8","22.36","98","Medical","Medical - Biomedical and Genetics","-143.55","3"
"Marsh","MRSH","87725.39","181.59","2484496","1.99","10.83","6.3","44.16","-10.77","10.32","17.8","212.28","157.32","204","Business Services","Business - Services","14.24","4"
"Marten Transport","MRTN","1438.42","17.63","707707","1.15","2.8","18","92.67","41.23","-8.31","1.68","18.28","9.41","5","Transportation","Transportation - Truck","1.68","2"
"Maravai LifeSciences","MRVI","1833.15","7.1","3383767","9.06","32.22","99.44","97.32","99.15","-28.34","-24.38","7.24","2.03","168","Medical","Medical - Products","-51.07","3"
"Marvell Technology","MRVL","181923.41","207.96","28367584","-6.51","-25.47","35.72","57.31","123.09","42.09","30.33","316.43","62.31","60","Computer and Technology","Electronics - Semiconductors","28.99","3"
"Marex Group PLC","MRX","4714.68","64.64","932025","-1.58","-2.81","22.47","86.56","53.62","26.93","15.5","70.29","28.24","186","Finance","Financial - Miscellaneous Services","15.45","1"
"Morgan Stanley","MS","341324.44","216.4","5904717","-4.95","-4.26","13.68","86.42","11.12","11.54","25.83","228.55","139.09","29","Finance","Financial - Investment Bank","15.65","2"
"MSCI","MSCI","40894.67","561.74","744146","-8.13","-3.4","-5.56","37.81","-10.74","9.75","41.53","643.83","511.84","69","Finance","Financial - Investment Management","40.74","2"
"Morgan Stanley Direct Lending Fund","MSDL","1301.99","15.36","440959","-1.03",".99","1.05","25.8","-15.03","-4.52","44.25","19.79","13.82","201","Finance","Financial - SBIC & Commercial Industry","22.84","4"
"Microsoft","MSFT","2954660","397.75","42191908","3.33","6.37","-7.34","23.74","-25.03","14.93","37.93","542.07","352.83","93","Computer and Technology","Computer - Software","39.34","3"
"Madison Square Garden Entertainment Corp.","MSGE","3091.93","76.46","521393","3.82",".03","17.87","89.94","29.34","-1.72","5.79","80.95","36.33","74","Consumer Discretionary","Media Conglomerates","4.81","3"
"Motorola Solutions","MSI","67440.69","406.28","930143","-1.8","4.32","-6.55","33.56","-3.38","8","22.13","490.3","363.83","69","Computer and Technology","Wireless Equipment","17.61","1"
"MSC","MSM","7060.65","126.43","897390","1.87","8.75","22.88","100","37.05","-1.35","6.19","126.43","81.08","161","Industrial Products","Industrial Services","5.91","1"
"ArcelorMittal","MT","50995","65.8","1640168","-1.78","3.95","13.64","85.82","31.63","-1.74","4.37","71.65","30.39","47","Basic Materials","Steel - Producers","4.71","3"
"Metalla Royalty & Streaming","MTA","704.96","7.54","429364","2.86","7.71","13.9","71.35","-11.65","99.57","-25.98","9.05","3.78","209","Basic Materials","Mining - Miscellaneous","-25.98","3"
"M&T Bank","MTB","36415.03","248.66","1116280","2.82","7.53","14.32","92.87","12.51","-1.67","30.71","254.04","178.63","28","Finance","Banks - Major Regional","22.72","3"
"Match Group","MTCH","9039.08","38.75","3402233","1.07","9.74","4.69","86.48","9.4",".22","25.81","40.29","28.9","104","Computer and Technology","Internet - Software","18.83","3"
"Matador Resources","MTDR","6715.56","54.08","1602687","3.05","7.34","-11.53","59.77","16.16","5.46","19.61","65.45","37.19","210","Oils-Energy","Oil and Gas - Exploration and Production - United States","14.41","3"
"MGIC Investment","MTG","6154.37","29.1","1847964","1.93","9.85",".41","84.8","-9.21",".49","59.61","29.86","24.86","169","Finance","Insurance - Multi line","59.63","4"
"Meritage Homes","MTH","4779.9","71.66","930280","-2.79","-5.21","3.3","48.83","-.72","-8.4","7.54","85.18","58.76","205","Construction","Building Products - Home Builders","6.86","2"
"Vail Resorts","MTN","5252.74","147.41","702131","-.16","3.53","16.39","62.03","1.19","2.74","5.38","164.79","119.02","87","Consumer Discretionary","Leisure and Recreation Services","5.38","4"
"Materion","MTRN","5300.84","254.83","361801",".62","-3.96","43.74","79.27","86.86","6.04","6.09","297.39","92.06","209","Basic Materials","Mining - Miscellaneous","3.99","2"
"MACOM Technology Solutions","MTSI","21593.99","283.03","1764075","-6.21","-23.95","6.56","56.53","50.64","32.58","28.14","409.68","118.35","20","Computer and Technology","Semiconductor - Analog and Mixed","16.46","2"
"METALLUS INC","MTUS","831.31","19.97","365535","3.47","3.58","4.17","77.84","6.09","6.85","1.72","21.51","14.56","5","Basic Materials","Steel - Speciality",".24","3"
"MasTec","MTZ","27767.12","351.4","1262063","-3.75","-10","-6.32","67.51","47.37","16.22","3.82","437.51","172.51","48","Construction","Building Products - Heavy Construction","2.94","1"
"Micron Technology","MU","1096437.5","970.82","48901592","-1.25","-7.7","92.51","78.11","210.09","48.85","57.41","1213.56","104.88","17","Computer and Technology","Computer - Integrated Systems","55.91","1"
"Mitsubishi UFJ Financial Group","MUFG","262513.75","22.12","3081700","-1.69","9.67","26.11","93.14","27.14","8.51","17.22","22.77","13.29","102","Finance","Banks - Foreign","16.65","3"
"Murphy Oil","MUR","5346.94","37.3","1708084","6.66","3.55","-6.82","73.61","8.81","-10.22","5.84","42.74","22.13","210","Oils-Energy","Oil and Gas - Exploration and Production - United States","3.02","3"
"Mnchener RckversicherungsGesellschaft","MURGY","71402.84","11.49","1215275","-1.79","6.19","-9.74","34.16","-20.59","3.8","11.28","14.15","10.11","169","Finance","Insurance - Multi line","11.28","4"
"McEwen Inc.","MUX","1062.18","17.78","1301745","-.39","-1.88","-18.07","41.21","-12.43","13.23","31.4","29.05","9.88","209","Basic Materials","Mining - Miscellaneous","31.4","4"
"Mueller Water Products","MWA","3885.18","24.83","1244162",".53","-3.12","-11.7","25.74","-4.97","8.75","15.11","30.37","22.91","62","Industrial Products","Manufacturing - General Industrial ","14.17","2"
"MaxLinear","MXL","7706.33","86.06","3666430","-7.05","-3.39","65.47","63.5","350.11","29.71","9.96","128.03","13.05","20","Computer and Technology","Semiconductor - Analog and Mixed","-25.96","3"
"Myers Industries","MYE","1157.14","30.81","590655","-.13","10.35","44.51","78.38","50.04","-1.26","6.34","35.31","14.5","105","Industrial Products","Rubber - Plastics","3.36",""
"Myriad Genetics","MYGN","558.19","5.91","1343130","-2.15","27.65","22.11","50.97","-12.4","-1.56",".05","8.18","3.55","98","Medical","Medical - Biomedical and Genetics","-48.24","3"
"The Marzetti Company","MZTI","2967.61","108.22","302570","1.18","-.71","-14.73","4.14","-40","2","9.56","189.18","104.72","198","Consumer Staples","Food - Miscellaneous","9.06",""
"NewAmsterdam Pharma Company N.V.","NAMS","3780.68","32.34","1015282","-2.85","2.99","12.6","54.83","-15.96","-50.61","-837.79","41.45","21.28","105","Medical","Medical - Drugs","-943.23","3"
"Nordic American Tankers Limited","NAT","1370.03","6.47","4079410","2.86",".15","15.13","100","71.46","-18.91","19.05","6.47","2.68","45","Transportation","Transportation - Shipping","24.19","3"
"NCR Atleos Corporation","NATL","3537.87","47.94","715687","4.9","10.01","7.88","99.12","14.68",".86","7.15","48.13","26.44","104","Computer and Technology","Internet - Software","3.98","3"
"Navient","NAVI","815.83","8.68","850938","2.48","8.77","-5.34","17.87","-39.13","-27.71","20.19","14.38","7.44","163","Finance","Financial - Consumer Loans","-1.94","3"
"National Bank","NBHC","2045.6","45.67","401680","1.47","3.77","5.55","87.73","9.53","-2.03","27.09","47.08","35.59","78","Finance","Banks - Southeast","15.11","3"
"Nebius Group N.V.","NBIS","54884.44","216.92","17232796","11.76","-21.19","60.08","70.47","136.24","350.89","-52.99","286.69","50.4","68","Computer and Technology","Internet - Software and Services","95.27","3"
"Neurocrine Biosciences","NBIX","18003.47","179.05","1083117","4.07","10.91","39.75","97.39","15.09","21.45","22.95","180.55","123.1","105","Medical","Medical - Drugs","21.55","1"
"NBT Bancorp","NBTB","2708.69","52.08","398419","2.84","8.27","16.85","92.09","14.35","14.96","28.31","53.18","39.27","87","Finance","Banks - Northeast","19.59","4"
"Norwegian Cruise Line","NCLH","8929.69","19.45","14194882","-.05","-4.61","9.33","38.35","-20.56","3.67","10.88","26.94","14.79","87","Consumer Discretionary","Leisure and Recreation Services","5.66","3"
"nCino","NCNO","1893.07","17.28","3386669","-1.37","18.36","-.69","17.5","-38.56","10.01","23.16","32.69","14.01","104","Computer and Technology","Internet - Software","2.17","1"
"Nasdaq","NDAQ","51034.4","90.24","4609546","2.53","9.4","-1.17","55.5","-15.31","11.05","38.86","100.98","76.85","214","Finance","Securities and Exchanges","23.15","3"
"Nordson","NDSN","16162.11","290.07","364662","1.13","-.34","2.94","84.73","9.98","3.78","21.33","304.64","209.25","62","Industrial Products","Manufacturing - General Industrial ","18.19","2"
"Noble Corporation PLC","NE","6796.66","42.6","1700165","2.21","1.55","-16.44","58.95","37.52","7.45","3.32","54.37","25.7","81","Oils-Energy","Oil and Gas - Drilling","7.17","3"
"NextEra Energy","NEE","183364.08","87.93","10631716","-1.8","1.74","-8.89","64.6","-.15","10.74","28.42","97.88","69.77","102","Utilities","Utility - Electric Power","29.36","2"
"Newmont","NEM","98737.95","92.49","7630209","-2.39","-5.47","-15.84","46.5","-15.56","21.34","37.6","131.95","58.19","231","Basic Materials","Mining - Gold","33.87","4"
"NeoGenomics","NEO","1881.56","14.45","3274046","1.55","25.98","60.2","93.12","12.01","10.11","2.24","15.16","4.84","98","Medical","Medical - Biomedical and Genetics","-13.3","3"
"Neogen","NEOG","2161.49","9.93","1720314","2.69","12.46","6.32","79.04","29.5","-3.2","7.21","11.33","4.65","168","Medical","Medical - Products","-69.93","3"
"National Energy Services Reunited","NESR","2871.12","28.47","2410333","-2.8","13.56","13.83","93.9","65.73","1.72","6.61","29.93","6","105","Oils-Energy","Oil and Gas - Mechanical and and Equipment","4.53","1"
"Cloudflare","NET","96252.39","272.31","3091391","-3.35","21.06","30.6","92.23","25.92","29.85","16.25","281.75","160.19","104","Computer and Technology","Internet - Software","-3.73","2"
"Nexa Resources","NEXA","1697.85","12.82","685130","-11.71","-5.6","-8.75","67.64","32.06","8.51","6.42","16.72","4.67","209","Basic Materials","Mining - Miscellaneous","6.44","3"
"Nexxen International Ltd. Sponsored ADR","NEXN","560.59","9.96","470155",".4","15.28","35.69","72.94","38.83","-.19","14.11","11.54","5.7","105","Business Services","Advertising and Marketing","4.85","2"
"National Fuel Gas Company","NFG","7686.46","80.88","697337","1.28","4.94","-9.35","24.45","-7.9","17.11","27.83","96.3","75.89","202","Oils-Energy","Oil and Gas - Integrated - United States","27.48","3"
"Netflix","NFLX","285937.72","68.67","49618616","-6.61","-5.7","-25.58","1.82","-33.23","15.85","23.55","126.32","67.6","105","Consumer Discretionary","Broadcast Radio and Television","28.22","3"
"National Health Investors","NHI","3931","81.1","1003268","6.54","11.05","5.85","56.3","-3.19","12.07","36.86","91.02","68.32","59","Finance","REIT and Equity Trust - Other","36.86","5"
"Norsk Hydro ASA","NHYDY","17430.49","8.81","760711","-4.86","-7.85","-22.31","40.37","3.36","3.3","5.45","13.02","5.96","209","Basic Materials","Mining - Miscellaneous","3.11","5"
"NiSource","NI","21752.16","45.37","4964646","-2.68","-4","-6.45","61.79","-.96","21.76","13.99","49.08","39.37","102","Utilities","Utility - Electric Power","14.15","3"
"Nice","NICE","5501.24","94.13","468874","-7.97","8.11","-7.76","12.59","-24.09","7.68","25.01","170.37","83.15","104","Computer and Technology","Internet - Software","17.57","3"
"NIQ Global Intelligence plc","NIQ","3128.45","10.6","1426878","-4.07","31.03","-3.99","22.34","-41.4","5.68","2.55","19.74","7.97","105","Business Services","Advertising and Marketing","-7.78","3"
"NewJersey Resources","NJR","5893.82","58.4","678080","-.61","3.9","3.9","94.13","15.43","13.35","16.61","59.29","44.13","186","Utilities","Utility - Gas Distribution","15.67","2"
"NIKE","NKE","63618.91","42.96","25714938",".23","1.37","-4.6","5.74","-38.53",".19","5.04","79.24","40.75","54","Consumer Discretionary","Shoes and Retail Apparel ","6.7","4"
"Nektar Therapeutics","NKTR","2320.09","68.67","1214629","2.23","2.97","-18.07","59.73","48.06","-43.89","-278.97","100.35","21.68","105","Medical","Medical - Drugs","-284.18","3"
"Annaly Capital Management","NLY","16597.38","22.65","7260658","-1.56","1.71","-.79","61.37","-7.66","23.12","144.68","24.4","19.87","180","Finance","REIT and Equity Trust","43.66","3"
"Newsmax Inc.","NMAX","1053.95","8.16","986433","-1.81","11.02","36","28.68","-3.77","10.67","-44.16","15.62","5.16","105","Consumer Discretionary","Broadcast Radio and Television","-43.17","2"
"New Mountain Finance","NMFC","663.06","7.02","666545",".14","-1.96","-16.13","3.88","-30.52","-12","43.2","10.74","6.87","201","Finance","Financial - SBIC & Commercial Industry","-18.65","3"
"NMI","NMIH","3179.8","41.855","609928","-.13","8.97",".9","84.92","-6.46","8.52","53.79","43.01","35.35","158","Finance","Insurance - Property and Casualty","53.82","4"
"Nomura","NMR","28781.12","9.81","1097552",".62","13.54","24.33","93.82","6.59","1.62","7.64","10.04","6.32","29","Finance","Financial - Investment Bank","7.64","2"
"Newmark Group","NMRK","2794.29","15.74","1338211","7.07","4.65","-4.08","47.18","-17.25","19.61","12.37","19.58","12.31","96","Finance","Real Estate - Operations","4.3","2"
"NNN REIT, Inc.","NNN","9331.67","49.05","1640306","3.57","6.58","11.38","94.88","12.83","6.55","41.47","49.59","39.05","59","Finance","REIT and Equity Trust - Other","41.38","3"
"Northrop Grumman","NOC","72762.33","512.29","1033452","-3.1","-.18","-11.34","5.98","-18.1","2.24","9.56","768.02","496.02","98","Aerospace","Aerospace - Defense","10.48","3"
"Northern Oil and Gas","NOG","2383.46","21.91","3633374","8.79","12.82","-20.5","33.76","-6.97","11.23","19.31","30.82","17.37","210","Oils-Energy","Oil and Gas - Exploration and Production - United States","-33.17","3"
"Nokia","NOK","61040.01","10.63","83589472","-9.15","-22.41","-5.93","51.41","49.78","8.16","9.18","16.85","4.05","69","Computer and Technology","Wireless Equipment","4.02","3"
"Nomad Foods Limited","NOMD","1652.33","11.82","1428648","2.78","15.77","21.48","30.03","-13.87","2.25","7.6","18.18","9.09","198","Consumer Staples","Food - Miscellaneous","4.43","3"
"NOV","NOV","7245.96","20.19","3248032","4.61","7.68","-.49","86.83","17.76","-1.42","2.46","21.45","11.88","105","Oils-Energy","Oil and Gas - Mechanical and and Equipment","1.05","2"
"Novanta","NOVT","5506.74","145.85","547904","-.53","-3.63","13.08","67.22","11.74","3.3","12.69","168.59","99.22","60","Computer and Technology","Electronics - Miscellaneous Components","5.35","3"
"ServiceNow","NOW","105223.86","102.06","18429782","-2.66","6.38","12.79","16.4","-39.27","20.88","27.47","199.24","83","64","Computer and Technology","Computers - IT Services","12.59","4"
"Neptune Insurance Holdings Inc.","NP","4196.96","30.34","1001121","-4.56","2.09","13.93","78.01","-5.15","33.74","36.89","34.06","17.14","169","Finance","Insurance - Multi line","21.45","3"
"NPK INTL INC","NPKI","1231.24","14.58","1055262",".48","-5.51","-7.49","77.85","11.51","27.38","12.63","16.35","8.36","210","Oils-Energy","Oil and Gas - Exploration and Production - United States","13.71","3"
"ENPRO INC","NPO","7158.77","338.85","326492","2.02","-7.76","17.66","73.79","44.26","9.02","14.78","387.65","201.47","98","Business Services","Technology Services","3.7","2"
"Nordea Bank","NRDBY","66865","19.65","842345","2.08","4.8","5.82","85.16","-5.37","-11.48","42.25","20.61","14.14","102","Finance","Banks - Foreign","22.82","3"
"NerdWallet, Inc.","NRDS","600.09","9.12","618932","-2.77","9.22","-17.69","18.44","-38.64","21.67","8.11","15.93","7.58","186","Finance","Financial - Miscellaneous Services","8.11","3"
"NRG Energy","NRG","27765.82","131.6","2408327","-4.89","-4.4","-14.99","17.28","-24.66","9.18","4.48","184.03","120.65","102","Utilities","Utility - Electric Power",".74","4"
"Nurix Therapeutics","NRIX","2436.79","23.48","1827386","2.18","24.5","37.47","92.64","12.84","53.95","-928.44","24.69","8.24","98","Medical","Medical - Biomedical and Genetics","-928.44","3"
"National Storage Affiliates Trust","NSA","3351.8","43.41","2298819","-2.97","-3.45","3.6","85.79","40.28","-2.26","10.48","46.04","27.53","59","Finance","REIT and Equity Trust - Other","10.48","3"
"Norfolk Southern","NSC","74407.98","331.3","898093","1.37","9.2","4.61","86.93","4.61",".47","23.01","340.16","272.35","183","Transportation","Transportation - Rail","21.91","3"
"Insight Enterprises","NSIT","3507.88","116.14","417357","-3.03","5.08","56.99","62.88","29.96","-5.22","4.06","146.66","64.43","4","Retail-Wholesale","Retail - Mail Order","2.17","1"
"Neostellar Capital Corp.","NSLR","295.18","11.15","302629","-1.33","-10.51","-15.98","43.96","7.67","-63.92","-876.96","14.91","8.2","105","Finance","Financial - Investment Funds","10695.73",""
"Insperity","NSP","1950.83","51.11","647736","7.6","37.99","44.99","75.17","20.33","3.51",".44","61.42","19.9","178","Business Services","Staffing Firms","-.37","5"
"NAPCO Security Technologies","NSSC","1292.61","36.18","344745",".78","-3.49","-20.75","37.43","-20.91","-3.81","25.94","47.23","29.57","169","Industrial Products","Security and Safety Services","18.7","3"
"NetApp","NTAP","32527.79","165.76","2729061","-5.04","5.03","53.08","82.39","41.1","5.37","23.61","181.08","94.11","27","Computer and Technology","Computer- Storage Devices","18.43","3"
"NetScout Systems","NTCT","2984.93","41.75","620001","-3.38","2.73","27.56","87.16","40.65","4.47","21.18","44.84","20.77","172","Computer and Technology","Computer - Networking","11.11","3"
"Nintendo","NTDOY","54425.35","10.57","5189655","-2.4","-.94","-13.43","2.59","-42.85","100.86","17.13","24.89","10.19","176","Consumer Discretionary","Gaming","18.33","4"
"NetEase","NTES","82707.6","129.55","969778",".9","8.64","15.92","40.51","-14.18","11.65","32.68","159.34","109.26","68","Computer and Technology","Internet - Software and Services","29.85","1"
"Intellia Therapeutics","NTLA","1602.61","11.47","4600231","-13.76","-24.79","-13.11","17.2","16.31","16.92","-599.07","27.98","8.04","98","Medical","Medical - Biomedical and Genetics","-597.04","4"
"Nutanix","NTNX","14648.67","54.19","3546846","-2.31","13.15","31.21","42.35","-4.43","18.11","19.29","81.12","34.41","64","Computer and Technology","Computers - IT Services","10.03","2"
"Nutrien","NTR","31972.75","66.84","2659925","-2.62","8.61","-8.33","43.56","-1.28","3.52","8.65","83.94","53.64","69","Basic Materials","Fertilizers","8.58","3"
"Natera","NTRA","38264.29","267.18","1485013","-2.01","13.81","33.48","88.93","6.32","35.9","-8.82","283.8","133.66","90","Medical","Medical Services","-9.05","3"
"Northern Trust","NTRS","34244.84","185.06","898995","-.85","4.99","10.88","91.13","23.51","-10.99","23.01","191.13","122.72","28","Finance","Banks - Major Regional","12.84","2"
"NETSTREIT","NTST","2131.95","21.92","2934175","2.43","10.04","6.36","93.36","13.28","19.79","5.29","22.26","17.14","59","Finance","REIT and Equity Trust - Other","5.29","3"
"Nu ","NU","69873.15","14.39","90827688","2.86","14.3","-.76","38.97","-21.64","36.97","19.45","18.76","11.6","102","Finance","Banks - Foreign","18.2","4"
"Nucor","NUE","53109.19","233.2","1357504","-.41","-2.68","3.59","75.37","30.33","5.73","6.89","266.35","131.78","47","Basic Materials","Steel - Producers","6.82","3"
"Nu Skin Enterprises","NUS","255.38","5.26","719278","5.84","1.94","-28.63","4.05","-50.16","-14.26","4.13","12.84","4.94","172","Consumer Staples","Cosmetics","3.78","3"
"Nuvation Bio","NUVB","2238.94","6.43","9549978","8.98","6.46","41.01","57.46","-34.58","698.96","-102.06","9.54","2.23","98","Medical","Medical - Biomedical and Genetics","-102.06","3"
"Novavax","NVAX","1327.84","8.075","3661791","-4.1","-10.28","1.96","37.32","9.54","64.69","2.43","11.19","6.22","98","Medical","Medical - Biomedical and Genetics","-14.73","1"
"NovoCure Limited","NVCR","1853.14","16","1407634","2.89","13.23","32.01","72.1","12.81","8.28","-25.66","18.31","10.03","98","Medical","Medical - Biomedical and Genetics","-25.66","4"
"NVIDIA","NVDA","5016418","207.29","129072016","-2.13","3.62","-2.76","59.69","1.32","65.47","56.2","235.74","165.17","5","Computer and Technology","Semiconductor - General","62.97","1"
"Navigator Holdings","NVGS","1324.55","21.46","578677","1.8","-4.11",".33","71.39","12.95","3.58","17.26","24.29","14.4","45","Transportation","Transportation - Shipping","18.84","1"
"Nova Ltd.","NVMI","14400.87","453.1","535634","-4.32","-14.17","-9.19","58.6","25.78","30.96","32.45","605.65","237.16","60","Computer and Technology","Electronics - Semiconductors","29.21","2"
"Novo Nordisk","NVO","220481.7","49.38","9559554",".63","4.13","19.94","38.7","-11.53","11.1","35.22","71.7","35.29","230","Medical","Large Cap Pharmaceuticals","37.23","5"
"Novartis","NVS","293607.31","153.87","2246378","2.33",".32","5.75","73.24","1.74","8.38","30.31","168.62","113.5","230","Medical","Large Cap Pharmaceuticals","23.29","3"
"Envista","NVST","4382.26","26.93","2460800","3.14","6.61","1.66","70.71","13.08","8.32","7.86","30.26","18.89","168","Medical","Medical - Products","2.41","3"
"nVent Electric","NVT","25985.24","160.68","1908491","-.68","-4.57","16.18","78.43","43.65","29.51","14.27","184.34","74.63","60","Computer and Technology","Electronics - Miscellaneous Components","11.37","1"
"Navitas Semiconductor","NVTS","2997.37","12.825","16157798","-2.02","-40.07","-15.18","27.75","63.75","-44.88","-99.26","31.79","5.54","60","Computer and Technology","Electronics - Semiconductors","-330.67","3"
"Northwest Bancshares","NWBI","2260.56","15.45","1179636","2.25","3.97","9.11","94.97","17.37","16.23","26.49","15.67","11.3","77","Finance","Financial - Savings and Loan","14.72","3"
"NorthWestern","NWE","4416.28","71.8","437869","-1.52","1.2","-.8","92.4","1.42","6.39","13.72","73.42","52.11","102","Utilities","Utility - Electric Power","10.21","2"
"NatWest Group","NWG","72244.46","18.13","4314359","5.22","4.92","15.55","83.62","-5.56","6.4","33.26","19.07","13.33","102","Finance","Banks - Foreign","19.11","4"
"Newell Brands","NWL","2213.73","5.21","13257000","3.78","1.76","29.92","64.02","27.67","-4.99","3.13","6.39","3.11","186","Consumer Staples","Consumer Products - Staples","-3.91","2"
"News Corporation","NWS","17085.81","31.21","1486021",".19","10.28","3.55","58.4","-3.98","-16.19","6.51","35.17","25.65","189","Consumer Discretionary","Film and Television Production and Distribution","12.92","3"
"News Corporation","NWSA","15068.47","27.525","4336461","-.27","10.19","5.22","59.39","-3.93","-16.19","6.51","31.03","22.4","189","Consumer Discretionary","Film and Television Production and Distribution","12.92","1"
"Quanex Building Products","NX","834.05","18.16","374393","5.7","9.66","-10.5","61.15","7.64","43.81","4.34","22.55","11.25","98","Construction","Building Products - Miscellaneous","-13.85","2"
"NXP Semiconductors","NXPI","68962.47","273.15","3778694","-3.78","-8.93","18.56","59.91","14.72","-2.74","24.61","332.67","184.19","20","Computer and Technology","Semiconductor - Analog and Mixed","21.03","2"
"Nexstar Media Group, Inc.","NXST","5603.6","183.49","449451","4.52","9.87","-10.14","29.1","-17.62","-8.47","9.76","253.64","154.7","74","Consumer Discretionary","Media Conglomerates","3.23","3"
"Nextpower Inc.","NXT","15879.5","105.67","4038850",".97","-12.41","-9.33","50.56","10.59","20.28","19.31","156.4","53.8","53","Oils-Energy","Solar","16.46","1"
"The New York Times Company","NYT","12089.53","74.69","1530611","2.34","2.55","-4.82","67.56","-1.92","9.24","15.1","85.86","51.43","1","Consumer Staples","Publishing - Newspapers","13.18","1"
"Realty Income","O","60602.69","64.99","5390363","1.91","5.62","2.27","77.9","5.1","9.07","18.94","67.56","55.93","73","Finance","REIT and Equity Trust - Retail","18.94","2"
"Blue Owl Capital Corporation","OBDC","5424.62","10.93","3432122","-.55","1.2","-3.79","5.67","-19.84","15.94","40.83","15.09","10.68","186","Finance","Financial - Miscellaneous Services","20.21","3"
"Obsidian Energy","OBE","668.29","10.01","694469","7.17","11.1","-25.08","50.5","48.86","-28.06",".21","14.46","5.47","229","Oils-Energy","Oil and Gas - Exploration and Production - Canadian",".21",""
"Owens Corning","OC","11281.21","140.09","1369178","-1.94","12.87","13","68.9","14.12","-7.95","8.69","158.96","98.28","98","Construction","Building Products - Miscellaneous","-5.43","3"
"OceanFirst Financial","OCFC","1140.48","19.8","1078685","2.8","6.8","2.8","85.29",".56","-.75","21.63","20.4","16.32","77","Finance","Financial - Savings and Loan","10.04","3"
"Oaktree Specialty Lending","OCSL","1055.26","11.98","480940","-1.4","3.72","-5.15","32.61","-14.28","-17","46.19","14.46","10.78","186","Finance","Financial - Miscellaneous Services","16.66","4"
"Ocular Therapeutix","OCUL","1955.32","8.93","2365640","-7.94","-11.72","-4.18","22.21","-32.94","-18.47","-555.88","16.11","6.88","105","Medical","Medical - Drugs","-558.24","4"
"ODDITY Tech Ltd.","ODD","933.87","16.22","1285313","-.8","28.02","5.26","9.98","-63.2","25.16","11.45","74.04","9.81","104","Computer and Technology","Internet - Software","6.97","5"
"Old Dominion Freight Line","ODFL","48828.88","234.79","1493585","2.7","7.91","5.87","88.61","36.5","-5.48","18.46","248.73","126.29","5","Transportation","Transportation - Truck","18.46","2"
"Orion S.A.","OEC","406","7.2","770388","18.23","4.96","-4","39.75","24.31","-3.77",".51","11.52","4.35","84","Basic Materials","Chemical - Specialty","-4.98","3"
"OFG Bancorp","OFG","2235.47","52.9","363907","6.12","10.14","15.35","100","17.68","3.29","29.57","52.9","37.15","87","Finance","Banks - Northeast","24.08","1"
"Orthofix Medical","OFIX","470.1","11.63","404856","6.21","27.8","-2.35","36.81","-30.07","2.85","2.29","16.23","8.95","165","Medical","Medical - Instruments","-7.27","2"
"OGE Energy","OGE","9974.07","48.33","1336166","-2.36","-.08","1.55","80.13","3.18","9.21","14.03","49.86","42.16","102","Utilities","Utility - Electric Power","14.03","2"
"Organon & Co.","OGN","3547.85","13.51","2182994",".07",".45","1.43","99.36","71.77","-2.92","14.23","13.56","5.7","90","Medical","Medical Services","3.99","3"
"ONE Gas","OGS","4933.76","78.61","652418","-.68",".79","-10.75","34.83","-7.23","16.5","12.12","90.64","72.18","186","Utilities","Utility - Gas Distribution","11.77","3"
"Omega Healthcare Investors","OHI","15068.78","50.6","1749102","4.78","9.03","6.71","100","4.03","13.19","51.14","50.6","37.94","59","Finance","REIT and Equity Trust - Other","51.14","2"
"OI Glass","OI","1361.3","8.88","3421838","5.09","-2.31","-13.28","11.12","-45.16","-1.61","3.05","16.63","7.91","8","Industrial Products","Glass Products","-2.91","3"
"Oceaneering International","OII","4453.63","44.65","1109596","3.17","23.07","18.88","100","69.39","4.62","6.47","44.65","20.47","160","Oils-Energy","Oil and Gas - Field Services","12.12","3"
"Oil States International","OIS","517.06","8.59","681087","2.02","8.73","-24.65","39.01","15.67","-3.41","3.49","14.39","4.88","105","Oils-Energy","Oil and Gas - Mechanical and and Equipment","-17.03","3"
"ONEOK","OKE","57866.44","91.83","3313487","-.08","4.28","2.27","88.97","13.9","54.99","10.16","95.24","64.31","55","Oils-Energy","Oil and Gas - Production Pipeline - MLB","10.03","2"
"Okta","OKTA","24630.24","141.71","3020677","-8.35","19.93","85.97","85.92","49.4","11.84","21.9","154.62","62.93","48","Computer and Technology","Security","8.24","2"
"Universal Display","OLED","3841.99","82.18","682362","4.49","-4","-9.92","5.73","-35.85",".45","34.08","151.92","77.94","60","Computer and Technology","Electronics - Miscellaneous Components","34.08","4"
"Ollie's Bargain Outlet","OLLI","3989.92","66","2438394",".09","-9.33","-25.61","5.22","-45.11","16.62","9.09","140.8","61.88","186","Consumer Staples","Consumer Products - Staples","9.13","3"
"Olin","OLN","2636.73","23.15","3191172","6.88","7.88","-13.49","41.31","1.31","3.68","-1.32","30.14","18.23","105","Basic Materials","Chemical - Diversified ","-1.89","3"
"Omnicom Group","OMC","22575.34","79.21","3619270","-1.91","8.57","3.03","64.44","-10.58","10.09","10.16","85.8","67.27","105","Business Services","Advertising and Marketing",".32","3"
"Omnicell","OMCL","1902.38","41.83","717640","-8.95","8.9","-8.09","61","-15.82","6.53","7.17","51.39","26.88","74","Medical","Medical Info Systems","1.67","3"
"Omada Health, Inc.","OMDA","1366.72","22.99","1182814","-1.92","25.63","57.57","76.07","32.81","53.24","2.75","26.78","10.94","90","Medical","Medical Services","-2.22","3"
"OneMain","OMF","6931.86","60","1155055",".07","3.31","2.34","48.58","-19.03","9.25","19.21","71.37","49.26","163","Finance","Financial - Consumer Loans","14.38","4"
"ON Semiconductor","ON","35686.7","91.06","12410050","-2.85","-22.21","-2.4","51.85","53.3","-15.35","16.29","133.93","44.9","20","Computer and Technology","Semiconductor - Analog and Mixed","9.46","3"
"Old National Bancorp","ONB","10111.38","26.17","4928013","-.53","3.36","9.13","85.44","6.93","26.39","32.97","27.29","19.6","78","Finance","Banks - Midwest","18.9","3"
"BeOne Medicines Ltd. - Sponsored ADR ","ONC","34966.21","318.685","346424","3.96","15.41","6.88","49.84","-4.38","40.23","8.94","377.47","260.27","105","Medical","Medical - Drugs","8.94","3"
"ONDAS INC","ONDS","4058.56","7.66","102488992","4.08","-10.2","-26.91","47.91","-28.45","605.28","-76.9","14.01","1.82","199","Computer and Technology","Wireless National","247.85","3"
"On Holding ","ONON","23763.4","37.24","4079808","-1.32","5.98","5.11","25.13","-26.96","38.09","9.51","53.21","31.88","55","Retail-Wholesale","Retail - Apparel and Shoes","7.92","3"
"ONTERRIS INC","ONT","701.46","19.41","630383","-5.91","15.54","-7.04","29.65","-28.74","19.26","7.09","31.06","14.5","41","Business Services","Business - Information Services",".71","3"
"Onto Innovation","ONTO","14875.81","299.05","1345543","-6.35","-5.33","5.9","72.47","72.7","1.82","23.24","378.45","90","1","Computer and Technology","Nanotechnology","10.32","1"
"Ooma","OOMA","575.03","20.91","318460","1.8","15.72","28.2","99.42","62.51","6.52","11.5","20.97","10.58","39","Computer and Technology","Communication - Components","3.17","2"
"Option Care Health","OPCH","3402.79","21.67","2309182","1.5","-1.37","-21.97","12.6","-38","13.03","4.89","36.59","19.52","87","Medical","Medical - Outpatient and Home Healthcare","3.64","3"
"OppFi","OPFI","807.82","9.46","675979","2.83","7.99","4.99","41.1","-17.55","13.52","18.79","12.24","7.52","90","Business Services","Financial Transaction Services","10.86","3"
"OPENLANE, Inc.","OPLN","4213.48","39.77","1102322","-1.34","3.3","25.62","83.29","21.74","8.16","8.66","42.9","24.17","159","Auto-Tires-Trucks","Automotive - Original Equipment","9.47","2"
"Opera Limited","OPRA","1758.82","19.64","327914","-2.43","7.44","10.27","88.7","26.44","27.92","16.84","20.64","11.79","180","Computer and Technology","Internet - Content","17.72","3"
"Oportun Financial","OPRT","264.86","5.77","520746","-.17","3.96","-4.31","55.22","-.57","-4.5","5.97","7.1","4.13","186","Finance","Financial - Miscellaneous Services","1.87","2"
"Syntec Optics Holdings, Inc.","OPTX","339.16","8.42","569615","2.68","-24.35","2.68","55.75","168.38","-1.29","-10.95","14.11","1.25","98","Business Services","Technology Services","-10.95",""
"OR Royalties Inc.","OR","5473.01","29.22","1066946","1.11","-9.25","-22.25","8.95","-24.73","45.1","64.87","47.73","27.4","209","Basic Materials","Mining - Miscellaneous","78.09","5"
"Ormat Technologies","ORA","6458.58","105.1","832907","-2.11","-14.76","-7.03","33.22","-13.27","12.49","15.12","145.1","85.2","105","Oils-Energy","Alternative Energy - Other","10.97","3"
"Oracle","ORCL","365963.84","127.05","38645116","-.7","-23.08","-23.45","2.74","-40.58","17.35","33.16","328.33","121.38","93","Computer and Technology","Computer - Software","25.37","2"
"Old Republic International","ORI","10189.01","41.96","1416647","1.38","5.29","4.43","57.17","-16.19","10.99","10.58","46.62","35.74","169","Finance","Insurance - Multi line","10.83","3"
"Orla Mining","ORLA","3131.23","9.05","2804166","-4.64","-7.37","-33.55","3.36","-38.75","207.61","32.02","21.7","8.61","231","Basic Materials","Mining - Gold","19.45","3"
"O'Reilly Automotive","ORLY","72902.07","87.97","8833322","2.59",".49","-3.93","20.89","-12.08","6.42","14.3","107.82","82.73","30","Retail-Wholesale","Automotive - Retail and Wholesale - Parts","14.3","3"
"Orion Group","ORN","542.02","13.39","484778","-1.54","-13.95","15.83","64.52","22.8","7.01","1.3","17.14","6.57","48","Construction","Building Products - Heavy Construction",".98","3"
"Old Second Bancorp","OSBC","1217.92","23.68","431765","2.91","4.92","13.25","97.27","10.7","17.51","29.7","23.88","16.56","78","Finance","Banks - Midwest","20.07","2"
"Oscar Health","OSCR","9276.94","30.77","5221512","-.97","2.81","70.57","93.39","95.2","27.5","-.3","32.18","10.85","169","Finance","Insurance - Multi line","-.3","1"
"Octave Specialty Group, Inc.","OSG","267.83","5.95","471102","-2.78","-1.49","30.2","32.74","-30.28","6.53","-1.71","10.08","3.94","169","Finance","Insurance - Multi line","-75.91","3"
"Oshkosh","OSK","9128.23","146.4","659701",".45","4.93","-2.17","46.86","6.23","-3.1","6","177.94","118.59","105","Auto-Tires-Trucks","Automotive - Domestic","5.54","4"
"ONESPAN","OSPN","571.66","15.42","374428","-.45","13.72","33.97","85.41","9.48","0","22.39","16.32","10.15","104","Computer and Technology","Internet - Software","28.47","3"
"One Stop Systems","OSS","344.4","13.92","1241287","2.58","-18.21","50.16","61.37","76.74","-41.1","3.55","19.95","4.34","19","Computer and Technology","Computer - Micro Computers","12.44","3"
"OneSpaWorld","OSW","2682.37","26.44","934372","-.26","-5.91","11.33","75.94","16.22","7.37","10.95","28.68","19.37","87","Consumer Discretionary","Leisure and Recreation Services","7.85","3"
"Open Text","OTEX","5513.22","22.77","1337870","1.34","7.61","1.25","14.02","-36.29","-10.42","20.21","39.69","20.01","93","Computer and Technology","Computer - Software","9.91","3"
"Blue Owl Technology Finance Corp.","OTF","4663.43","10.08","2136135","-1.95","-3.91","-7.78","0","-36.8","67.45","45.65","15.63","10.08","201","Finance","Financial - SBIC & Commercial Industry","32.78","3"
"Otis Worldwide","OTIS","27608.37","71.95","3381537","-.84",".28","-6.99","8.25","-24.91","1.19","10.77","100.99","69.34","62","Industrial Products","Manufacturing - General Industrial ","10.11","4"
"Ouster","OUST","2554.87","40.68","5010900","-3.07","-9.92","55.68","52.41","71.37","52.46","-29.16","62.52","16.63","60","Computer and Technology","Electronics - Miscellaneous Components","-30.12","2"
"OUTFRONT Media","OUT","5634.03","32","1692591","-3.47","-.47","4.75","88.92","21.04",".04","9.98","33.9","16.75","59","Finance","REIT and Equity Trust - Other","9.98","3"
"Ovintiv","OVV","16684.07","59.37","2806041","5.43","8.2","1.56","86.32","38.1","-2.67","15.71","63.08","35.97","229","Oils-Energy","Oil and Gas - Exploration and Production - Canadian","8.51","3"
"Blue Owl Capital","OWL","14597.41","9.39","17483300","-2.39","5.39","5.98","9.37","-42.7","25.04","48.97","20.61","8.23","69","Finance","Financial - Investment Management","2.96","4"
"Oxford Industries","OXM","607.99","40.72","432604","9.37","6.76","-7.73","45.26","8.54","-2.56","1.67","51.58","31.74","172","Consumer Discretionary","Textile - Apparel","-2.65","3"
"Occidental Petroleum","OXY","56196.86","56.5","9083504","3.54","8.18","-3.6","64.35","25.26","-17.88","11.8","66.24","38.92","202","Oils-Energy","Oil and Gas - Integrated - United States","19.98","3"
"Bank OZK","OZK","5681.16","50.78","1312516","0",".32","5.13","77.52",".59","1.15","39.76","53.14","42.64","87","Finance","Banks - Northeast","24.95","3"
"Everpure, Inc.","P","24704.33","74.32","2556702","-3.52","2.71","4.78","44.83","1.11","15.61","18.96","98.7","54.51","98","Business Services","Technology Services","5.75","2"
"Plains All American Pipeline","PAA","17137.37","24.29","1708152","2.84","10.86","9.12","99.76","23.29","-11.61","2.94","24.31","15.85","55","Oils-Energy","Oil and Gas - Production Pipeline - MLB","2.53","4"
"Pan American Silver","PAAS","18530.62","44.43","4100404","2.11","-3.87","-15.19","41.77","-21.82","28.38","31.64","68.7","27.02","189","Basic Materials","Mining - Silver","31.66","5"
"Ranpak Holdings","PACK","579.14","6.77","460025","-2.03","-6.23","64.32","80.23","14.08","7.08","-9.28","7.64","3.24","182","Industrial Products","Containers - Paper and Packaging","-9.28","3"
"PACS Group, Inc.","PACS","7210.89","45.56","979134","1.36","21.92","37.48","98.52","8.19","29.32","4.49","46.13","7.71","90","Medical","Medical Services","4.49","2"
"Plains Group","PAGP","5141.55","25.98","1102883","2.65","9.02","9.39","100","23.74","-11.61",".34","25.98","16.85","221","Oils-Energy","Oil and Gas - Production and Pipelines",".43","5"
"PagSeguro Digital","PAGS","2679.58","9.58","2998164","3.23","9.36","-5.24","43.06","-9.41","13.54","11.62","12","7.75","90","Business Services","Financial Transaction Services","10.4","4"
"Pangaea Logistics Solutions","PANL","490.61","7.5","481281","4.46","-1.06","-2.47","61.38","-.62","17.8","3.96","9.35","4.56","45","Transportation","Transportation - Shipping","5.1","3"
"Palo Alto Networks","PANW","278852.25","342.15","7066772","-3.04","17.61","89.04","92.38","69.33","14.87","25.94","358.68","141.67","48","Computer and Technology","Security","7.95","3"
"PAR Technology","PAR","658.29","15.96","1013693","-3.27","3.77","15.57","6.97","-59.9","30.16","1.89","71.23","11.82","90","Business Services","Financial Transaction Services","-16.04","3"
"Par Pacific","PARR","4031.6","80.4","906575","9.31","58.58","28.41","100","108.58","-6.39","6.35","80.4","27.09","40","Oils-Energy","Oil and Gas - Refining and Marketing","6.02","1"
"UiPath","PATH","6238.17","12.04","82722976",".84","18.5","14.02","26.84","-33.03","12.65","24.31","19.29","9.38","104","Computer and Technology","Internet - Software","19.58","2"
"Patrick Industries","PATK","2806.78","85.33","965237","1.25","-2.11","-9.53","4.17","-28.26","6.33","3.93","145.75","82.7","159","Auto-Tires-Trucks","Automotive - Original Equipment","3.46","4"
"Patria Investments Limited","PAX","741.07","11.14","746105",".36","1","-11.8","5.7","-36.09","2","57.5","17.59","10.75","69","Finance","Financial - Investment Management","18.08","3"
"Paymentus","PAY","3725.88","29.62","1422096","4.74","44.07","5.79","50.27","-14.52","37.25","7.36","38.93","20.21","90","Business Services","Financial Transaction Services","5.78","3"
"Paycom Software","PAYC","6869.41","144.22","806332",".38","16.04","15.54","24.46","-17.5","8.95","24.95","238.8","113.59","104","Computer and Technology","Internet - Software","22.44","2"
"Payoneer Global","PAYO","2383.62","7.12","3561280",".28",".85","37.45","90.48","15.49","7.68","7.5","7.42","4.27","90","Business Services","Financial Transaction Services","6.76","3"
"Paysign","PAYS","502.03","8.98","581115","3.22","20.7","36.89","97.64","58.96","40.49","11.38","9.12","3.18","90","Business Services","Financial Transaction Services","11.38","3"
"Paychex","PAYX","39822.25","111.96","3306176","2.23","14.26","23.05","42.28","-9.02","16.88","30.48","147.99","85.57","104","Computer and Technology","Internet - Software","27.03","3"
"Prosperity Bancshares","PB","7378.53","73.16","1505301",".91","1.16","5.3","79.7","-3.5","-2.84","42.72","76.03","61.89","42","Finance","Banks - Southwest","29.5","3"
"Pembina Pipeline","PBA","29324.98","50.43","911106",".88","6.89","13.91","94.55","20.79","3.29","22.74","51.29","35.5","221","Oils-Energy","Oil and Gas - Production and Pipelines","22.22","3"
"PBF Energy","PBF","7814.27","66.05","2915912","8.47","62.33","59.66","100","122.02","-11.42","-.74","66.05","21.68","40","Oils-Energy","Oil and Gas - Refining and Marketing","1.46","3"
"PRESTIGE CONSMR","PBH","2322.66","49.03","577450","3.9","6.47","-16.55","11.42","-27.55","-4.31","19.6","76.88","45.44","168","Medical","Medical - Products","17.48","4"
"Pitney Bowes","PBI","2500.25","18.46","2301280","3.88","8.27","16.69","99.47","59.21","-6.61","12.88","18.51","9.02","105","Computer and Technology","Office Automation and Equipment","8.92","3"
"Petroleo Brasileiro","PBR","119478.55","18.54","14055856","3.46","8.87","-12.67","66.73","42.63","-2.43","20.32","22.03","11.54","234","Oils-Energy","Oil and Gas - Integrated - International","21.67","5"
"Petroleo Brasileiro","PBR.A","106009.83","16.45","6026777","2.49","7.87","-14.05","61.96","33.06","-2.43","20.32","19.9","10.83","243","Oils-Energy","Oil and Gas - Integrated - Emerging Markets","21.67",""
"Puma Biotechnology","PBYI","436.72","8.58","395263","3.62","6.72","13.79","100","31.46","-.91","13.73","8.58","3.07","98","Medical","Medical - Biomedical and Genetics","10.69","3"
"PACCAR","PCAR","66443.64","126.25","2902251","1.86","8.11","5.55","91.17","5.1","-15.5","9.69","129.48","92.91","105","Auto-Tires-Trucks","Automotive - Domestic","8.91","3"
"PG&E","PCG","46872.64","17.49","14500083",".29","4.29","7.56","71.73","-.78","2.11","14.3","19.11","13.38","102","Utilities","Utility - Electric Power","11.44","4"
"Procore Technologies","PCOR","6687.46","44.32","3250608","2.97","13.85","-20.19","14.58","-44.46","14.83","16.5","79.6","38.3","104","Computer and Technology","Internet - Software","-5.61","4"
"Pacira BioSciences","PCRX","1014.39","25.78","478063","3.08","9.66","1.46","82.13","-9.19","3.63","15.89","27.22","19.16","98","Medical","Medical - Biomedical and Genetics",".7","3"
"Paylocity Holding","PCTY","6633.04","123.88","714657",".61","22.79","21.13","30.21","-25.95","13.74","25.69","190.36","95.1","104","Computer and Technology","Internet - Software","14.94","2"
"PagerDuty","PD","724.18","9.39","1666929","-14.56","10.6","39.73","31.99","-34.71","5.36","22.57","17.17","5.73","104","Computer and Technology","Internet - Software","38.6","2"
"PDD Holdings Inc. Sponsored ADR","PDD","120746.73","84.83","7568786","1.1","10.8","-12.81","17.78","-31.8","14.45","23.52","138.13","73.3","161","Retail-Wholesale","Internet - Commerce","21.86","3"
"PDF Solutions","PDFS","2176.5","54.52","684232",".55","-9.94","35.96","68.6","74.21","22.04","18.05","70.79","18.97","55","Computer and Technology","Computer - Services","3.1","4"
"Piedmont Realty Trust, Inc.","PDM","1216.44","9.73","1052737","1.88","7.63","14.2","95.7","6.36","-.93","-15.28","9.88","6.39","59","Finance","REIT and Equity Trust - Other","-15.28","2"
"Palladyne AI Corp.","PDYN","244.1","5.25","1510359","-1.69","-18.86","-14.77","13.6","12.35","-32.62","-434.93","12.24","4.15","98","Business Services","Technology Services","-358.04","4"
"Pebblebrook Hotel Trust","PEB","2239.04","19.75","2222833","5.61","7.57","39.97","100","59.05","1.53","-4.18","19.75","9.39","59","Finance","REIT and Equity Trust - Other","-4.18","1"
"PEOPLES BANCORP","PEBO","1418.98","39.5","309236","3.35","5.9","13.12","96.34","19.91","-.28","27.92","39.95","27.67","78","Finance","Banks - Southeast","19.17","2"
"Phillips Edison & Company","PECO","5482.36","43.58","1041615","2.64","4.28","8.01","96.08","11.69","9.86","15.61","44.01","33.04","73","Finance","REIT and Equity Trust - Retail","15.61","2"
"Public Service Enterprise Group","PEG","38585.03","77.43","2921471","-3.81","-4.87","-4","7.23","-12.1","18.25","16.33","90.14","76.44","102","Utilities","Utility - Electric Power","17.69","2"
"Pegasystems","PEGA","5170.57","30.94","2462599",".85","3.69","-13.96","5.85","-52.77","16.61","19.43","66.64","28.72","93","Computer and Technology","Computer - Software","18.66","3"
"Penumbra","PEN","12483.4","317.39","363117",".36","-.08","-2.64","68.62","-6.94","17.5","10.38","359.4","225.54","165","Medical","Medical - Instruments","11.76","5"
"Penguin Solutions, Inc.","PENG","2977.2","58.1","4962460","-25.32","-13.23","106.61","64.25","170.78","16.91","9.62","81.39","16.24","104","Computer and Technology","Internet - Software","6.44","1"
"PENN Entertainment, Inc.","PENN","2841.5","21.23","3696200","5.2","3.56","17.94","91.94","31.21","5.82",".13","22.06","11.76","176","Consumer Discretionary","Gaming","-13.55","1"
"PepsiCo","PEP","184260.34","135","9178330","-.33","-4.96","-13.62","0","-14.25","2.25","11.82","170.49","135","90","Consumer Staples","Beverages - Soft drinks","10.78","4"
"Perion Network","PERI","369.57","9.47","349240","1.39","8.48","-8.77","47.31","-9.89","-11.71","11.5","11.43","7.71","180","Computer and Technology","Internet - Content","-2.17","3"
"PermaFix Environmental Services","PESI","352.83","16.64","561942","16.04","50.04","31.13","91.15","20.49","4.33","-24.88","17.46","8.19","42","Industrial Products","Pollution Control","-30.06",""
"Pfizer","PFE","142144.14","24.94","44608168","2.85",".89","-5.82","31.37","-8.69","-1.65","27.58","28.55","23.29","230","Medical","Large Cap Pharmaceuticals","11.83","3"
"Principal Financial Group","PFG","23668.48","109.57","1496624","-2.97","-2.48","9.5","88.6","13.24","-3.11","12.26","113.95","75.53","169","Finance","Insurance - Multi line","10.1","3"
"Performance Food Group","PFGC","17333.29","110.34","1669418","-2.35","5.7","25.53","85.03","11.86","8.61","1.06","115.5","81.03","105","Retail-Wholesale","Food - Natural Foods Products",".49","3"
"PennantPark Floating Rate Capital","PFLT","709.41","7.15","1180916","-.42","-3.51","-18.57","2.45","-29.69","40.28","39.29","10.73","7.06","69","Finance","Financial - Investment Management","23.08","3"
"Provident Financial Services","PFS","3132.74","24.04","1006443","2.17","2.82","4.57","92.48","10.96","21.25","34.57","24.55","17.77","77","Finance","Financial - Savings and Loan","21.95","3"
"PennyMac Financial Services","PFSI","4361.17","83.99","508057","1.3","4.67","-7.89","5.54","-41.93","28.41","21.33","159.46","79.56","214","Finance","Financial - Mortgage & Related Services","23.47","5"
"Procter & Gamble","PG","344865.53","148.1","8793781","1.38","-1.83","-.72","34.5","-5.79",".29","19.45","167.2","138.04","186","Consumer Staples","Consumer Products - Staples","19.16","4"
"Precigen","PGEN","1957.24","5.49","4532657","7.23","2.43","36.57","90.23","19.73","146.73","262.49","5.92","1.52","98","Medical","Medical - Biomedical and Genetics","-647","4"
"Progyny","PGNY","2525.44","32.24","1133045","-.37","21.07","75.41","99.25","14.45","10.4","13.08","32.36","16.3","90","Medical","Medical Services","5.23","1"
"The Progressive","PGR","120314.87","205.9","3463790","-9.13","-4.54","1.41","24.89","-17.57","16.32","12.08","252.68","190.4","158","Finance","Insurance - Property and Casualty","12.84","3"
"Pagaya Technologies Ltd.","PGY","1448.58","17.48","3670190","-4.32","16.53","29.77","20.62","-23.76","26.07","21.79","43.81","10.64","186","Finance","Financial - Miscellaneous Services","7.39","3"
"ParkerHannifin","PH","120989.98","959.58","547444","-.52","1.27","-.28","80.53","-.48","-.4","18.8","1023.02","697.13","62","Industrial Products","Manufacturing - General Industrial ","16.58","3"
"Phathom Pharmaceuticals","PHAT","897.25","11.25","1128437","1.95","3.59","-.71","33.37","-38.18","216.93","-42.99","18.08","7.83","98","Medical","Medical - Biomedical and Genetics","-76.77","3"
"Koninklijke Philips","PHG","26125.08","26.58","857862","2","-.11","-1.99","24.37","-10.52","3.44","8.25","32.91","24.54","168","Medical","Medical - Products","5.49","4"
"PHINIA Inc.","PHIN","2930.18","79.15","379450","1.15","-1.7","9.14","83.93","15.1","2.35","5.89","85.16","47.77","159","Auto-Tires-Trucks","Automotive - Original Equipment","3.96","3"
"PulteGroup","PHM","23669.84","124.26","1784535","-.24","-1.81","-.54","46.03","-3.4","-3.54","12.51","142.56","108.65","205","Construction","Building Products - Home Builders","12.14","3"
"Phreesia","PHR","655.21","10.6","902243","-1.3","15.85","12.53","10.37","-42.89","14.48","3.4","32.55","8.06","74","Medical","Medical Info Systems","1.85","2"
"Impinj","PI","4143.36","136.03","327233","-5.93","8.63","14.5","29.68","-28.74","-1.37","17.24","241.91","91.34","60","Computer and Technology","Electronics - Semiconductors","-7.66","3"
"Polaris","PII","4175.44","73.4","798549","8.74","6.87","10.43","98.59","5.79","-.33",".8","73.78","46.86","105","Auto-Tires-Trucks","Automotive - Domestic","-6.13","1"
"Pinterest","PINS","12788.39","22.83","11013060",".97","16.9","14.84","31.2","-19.61","15.79","25.52","39.17","15.42","104","Computer and Technology","Internet - Software","7.64","4"
"PIPER SANDLR CP","PIPR","5487.43","77.24","686525","3.07","-3.51","-12.13","29.63","-17.09","24.79","16.1","94.51","69.97","186","Finance","Financial - Miscellaneous Services","13.94","4"
"PJT Partners","PJT","4311.7","166.96","524607","1.37","7.57","8.98","60.78","-8.97","14.77","16.45","191.42","129.05","186","Finance","Financial - Miscellaneous Services","10.32","3"
"Park Hotels & Resorts","PK","3032.51","15.06","5354088","4.01","4.37","33.39","100","31.25","-2.23","-8.49","15.06","9.84","59","Finance","REIT and Equity Trust - Other","-8.49","2"
"Park Aerospace","PKE","762.6","35.06","343975","4.59","8.08","3.21","84.72","49.77","18.18","16.7","38.23","17.48","86","Aerospace","Aerospace - Defense Equipment","16.7",""
"Packaging Corporation of America","PKG","20333.2","228.21","533287","1.09","-1.98","2.52","67.03",".88","7.23","9.71","246.31","191.41","182","Industrial Products","Containers - Paper and Packaging","8.04","3"
"POSCO Holdings Inc.","PKX","15656.52","51.76","409029",".29","-4.29","-31.91","14.23","-11.32","-8.71","1.19","91.72","45.13","176","Conglomerates","Diversified Operations","1.19","4"
"Planet Labs PBC","PL","8232.9","23.1","11046805","-9.62","-19.03","-34.06","37.42","6.79","25.94","-5.57","51.4","6.18","199","Computer and Technology","Satellite and Communication","-111.17","4"
"Photronics","PLAB","1847.92","31.34","1252797","6.35","-.67","-34.89","33.91","-10.72","-2.04","14.46","54.96","19.22","239","Computer and Technology","Semiconductor Equipment - Photomasks","18.47",""
"Dave & Buster's Entertainment","PLAY","370.85","10.66","1425370","11.74","-5.41","-6.98","4.55","-40.05","-1.4","-1.41","34.18","9.54","205","Retail-Wholesale","Retail - Restaurants","-3.09","5"
"Prologis","PLD","139794.75","149.94","3827117","5.23","3.23","5.94","99.74","7.07","7.18","49.81","150.06","104.08","59","Finance","REIT and Equity Trust - Other","45.79","2"
"Pelagos Insurance Capital Limited","PLGO","2206.3","25.56","399870","1.31","8.53","20.74","99.81","19.06","3.33","13.92","25.58","14.87","169","Finance","Insurance - Multi line","15.33","2"
"Palomar Holdings","PLMR","3613.54","136.34","343953",".2","17.45","7.25","79.6","-7.77","58.16","23.55","145.29","101.42","158","Finance","Insurance - Property and Casualty","20.11","3"
"Planet Fitness","PLNT","4375.71","55.08","1575058","8.21","6.25","-14.55","15.92","-53.71","12.06","19.36","113.55","44.01","87","Consumer Discretionary","Leisure and Recreation Services","16.52","3"
"Douglas Dynamics","PLOW","1056.82","45.7","308104","5.06","-7.45","1.13","67.67","27.6","15.4","8.84","54.2","27.91","189","Auto-Tires-Trucks","Automotive - Replacement Parts","7.83","5"
"Palantir Technologies","PLTR","318027.41","132.66","39975032","-.79","13.68","-6.03","25.41","-31.96","56.18","46.66","207.18","107.27","104","Computer and Technology","Internet - Software","43.67","2"
"Plexus","PLXS","6974.33","260.66","313361",".12","-9.68","5.82","76.74","61.65","1.82","5","303.82","118.29","21","Computer and Technology","Electronics - Manufacturing Services","4.35","3"
"Philip Morris International","PM","293071.41","188.04","4823587","6.87","5.23","13.35","89.85","6.87","4.94","29.37","192.98","144.33","212","Consumer Staples","Tobacco","11.61","4"
"PennyMac Mortgage Investment Trust","PMT","854.58","9.8","1773487","-3.16","-2.49","-19.74","1.47","-28.81","-8","41.38","13.81","9.74","180","Finance","REIT and Equity Trust","41.38","5"
"The PNC Financial Services Group","PNC","100543.76","250.38","2171347","-.6","4.91","13.35","93.73","9.35","-1.29","30.7","255.2","178.37","29","Finance","Financial - Investment Bank","21.41","3"
"Pinnacle Financial Partners","PNFP","7508.53","96.79","1159636","-3.82",".79","-2.13","42.04","-7.52","8.13","31.77","117.04","82.1","78","Finance","Banks - Southeast","15.02","3"
"Pentair","PNR","9935.51","61.48","3236020","-18.76","-15.97","-25.8","0","-46.18","2.28","19.74","112.59","61.48","93","Business Services","Waste Removal Services","15.98","4"
"The Pennant Group","PNTG","1441.81","41.47","340969","4.3","21.15","34.69","97.59","34.3","36.31","4.25","41.95","22.07","87","Medical","Medical - Outpatient and Home Healthcare","2.96","3"
"Pinnacle West Capital","PNW","12803.42","105.65","1105153","-3.07","1.54","2.45","84.17","8.58","4.2","11.99","109.37","85.87","102","Utilities","Utility - Electric Power","11.99","3"
"Insulet","PODD","11340.01","163.72","1376954","2.89","13.77","-10.47","11.57","-47.49","30.73","13.12","352.82","138.97","168","Medical","Medical - Products","10.44","4"
"Pony AI Inc. - Sponsored ADR","PONY","2662.37","6.91","3349454","-.58","-5.6","-32.39","1.89","-56.56","19.96","-172.41","24.06","6.58","189","Transportation","Transportation - Equipment and Leasing","-128.22","2"
"Pool Corp.","POOL","7155.95","196.36","727087","-6.53",".78","-9.21","13.34","-21.75","-.41","7.55","333.62","175.24","84","Consumer Discretionary","Leisure and Recreation Products","7.57","4"
"Portland General Electric","POR","6046.89","52.25","1141392","-1.56","2.43","1.3","86.4","-.75","3.95","8.62","54.22","39.73","102","Utilities","Utility - Electric Power","7.12","3"
"Post Holdings","POST","4006.06","88.39","830409","3.84","-.61","-14.28","12.34","-18.65","2.97","5.71","114.61","84.7","198","Consumer Staples","Food - Miscellaneous","4.01","4"
"Power Integrations","POWI","4145.01","74.39","855898","5.13","-7.67","12.68","77.03","90.81","5.86","14.94","87.35","30.92","239","Computer and Technology","Semiconductors - Power","3.72","4"
"Powell Industries","POWL","8903.53","244.39","867001","4.33","-16.16","-4.37","68.74","109.67","9.08","16.51","322.05","73.64","105","Industrial Products","Manufacturing - Electronics","16.51","3"
"Pilgrim's Pride","PPC","6792.67","28.55","1574040","1.17","2.99","-13.12","8.07","-33.25","3.46","5.67","50.41","26.63","214","Consumer Staples","Food - Meat Products","4.78","5"
"PPG Industries","PPG","25791.76","115.71","1787082",".92","-1.69","7.46","57.42","2.95",".19","10.77","131.56","94.34","84","Basic Materials","Chemical - Specialty","9.83","3"
"PPL","PPL","26640.72","35.41","8347276","-1.91","-2.42","-9.18","32.82","-7.82","6.85","14.8","39.81","33.26","102","Utilities","Utility - Electric Power","13.09","4"
"People Incorporated","PPLI","3024.49","44.09","803068","-2.67","5.43",".02","78.07","2.8","-37.14","4.87","47.62","31.52","74","Consumer Discretionary","Media Conglomerates","1.82","3"
"Permian Resources Corporation","PR","17566.3","20.98","9326726","7.1","9.38",".33","85.24","36.32","1.29","23.36","22.52","12.09","210","Oils-Energy","Oil and Gas - Exploration and Production - United States","12.79","3"
"PRA Group","PRAA","665.94","17.46","407689","-2.78","-.8","-21.25","59.61","-10.02","7.83","11.87","22.23","10.42","186","Finance","Financial - Miscellaneous Services","-22.51","3"
"Porch Group","PRCH","1679.46","13.15","1995007","-4.36","1.94","53.08","53.4","31.3","10.18","-3.71","19.04","6.4","104","Computer and Technology","Internet - Software","-3.41","4"
"PROCEPT BIOROBO","PRCT","1054.14","18.52","1537259","-4.09","-10.1","-19.58","0","-46.34","37.22","-31.82","60.06","18.52","165","Medical","Medical - Instruments","-31.82","4"
"Perdoceo Education","PRDO","1913.07","30.51","752162","-16","-6.75","-9.79","29.41","-5.17","24.2","21.4","37.95","27.41","105","Consumer Discretionary","Schools","19.91","3"
"Prog Holdings","PRG","1817.37","45.36","607572",".33","15.04","57.06","89.84","40.22","-2.2","6.3","47.53","26.18","163","Finance","Financial - Consumer Loans","5.88","3"
"Perrigo","PRGO","1448.71","10.47","3907016","5.76","10.33","-9.04","6.36","-31.43","-2.75","8.56","28.43","9.25","168","Medical","Medical - Products","-43.5","3"
"Progress Software","PRGS","1618.37","39.46","969654","5.28","36.82","42.1","55.86","-16.27","29.79","26.69","50.81","25.09","93","Computer and Technology","Computer - Software","8.87","2"
"Primoris Services","PRIM","4763.58","87.8","1927195","-.94","3.35","-48.03","2.42","-35.53","18.97","3.83","202.92","84.95","48","Construction","Building Products - Heavy Construction","3.31","4"
"UTD PARKS&RESRT","PRKS","2163.05","45.89","597028","-2.11","-.82","33.56","63.42","15.24","-3.64","9.09","55.21","29.73","87","Consumer Discretionary","Leisure and Recreation Services","9.09","5"
"Perimeter Solutions, SA","PRM","5675.19","34.79","1770278","4.41","-2.85","11.54","86.5","15.2","16.38","29.98","37.78","15.64","84","Basic Materials","Chemical - Specialty","-26.93","5"
"Primo Brands Corporation","PRMB","8596.36","23.69","2753817","-1.99","-2.35","20.32","63.39","32.09","29.34","7.07","29.02","14.46","90","Consumer Staples","Beverages - Soft drinks",".88","3"
"Paramount Resources","PRMRF","3008.1","20.6125","737134",".55","3.65","-5.54","64.84","6.45","-46.08","7.68","24.17","14.06","229","Oils-Energy","Oil and Gas - Exploration and Production - Canadian","6.65","3"
"Pursuit Attractions and Hospitality, Inc.","PRSU","1430.67","52.37","332384","1.06",".36","26.65","86.99","41.75","23.45","7.33","55.97","28.29","87","Consumer Discretionary","Leisure and Recreation Services","6.19","3"
"Prothena","PRTA","458.09","8.75","572731","1.27","-8.38","-23.98","47.43","-16.48","-92.84","-227.23","11.51","6.26","98","Medical","Medical - Biomedical and Genetics","-260.92","3"
"Priority Technology","PRTH","538.6","6.54","486274","-8.4","-7.23","20.89","50.13","9.39","8.33","9.11","8.43","4.64","98","Business Services","Technology Services","5.85","3"
"Prudential Financial","PRU","41150.73","118.59","1652411","3.31","9.32","22.37","98.23","-4.23","-15.25","8.81","119.07","92","169","Finance","Insurance - Multi line","5.83","3"
"Privia Health Group","PRVA","3315.39","26.31","1284762","-6.14","10.83","5.92","80.63","1.16","22.26",".97","28.1","18.86","74","Medical","Medical Info Systems",".97","3"
"Public Storage","PSA","54375.29","309.75","1078382","-2.88","-3.59","4.24","72.07","8.81","2.74","39.16","329.64","258.44","59","Finance","REIT and Equity Trust - Other","39.16","3"
"Power Solutions International","PSIX","732.54","31.78","404309","-2.61","-18.7","-54.04","2.19","-49.3","51.78","14.48","115.78","29.9","8","Auto-Tires-Trucks","Automotive - Internal Combustion Engines","14.28",""
"Paramount Skydance Corporation","PSKY","9546.55","8.53","8324998","-6.47","-12.2","-18.92","0","-41.97","-1.1","2.21","19.73","8.53","74","Consumer Discretionary","Media Conglomerates","-2.08","3"
"PriceSmart","PSMT","5755.18","186.49","351303","-4.15",".45","19.91","87.77","38.59","7.25","2.82","197.9","104.63","22","Retail-Wholesale","Retail - Discount Stores","2.82",""
"Parsons","PSN","5903.08","55.18","1006597","2.13","12.06","6.44","19.25","-18.6","-5.72","5.47","89.29","47.05","98","Business Services","Technology Services","3.62","3"
"Personalis","PSNL","1407.45","13.44","5726742","-10.58","33.6","144.36","79.36","53.92","-17.69","-148.11","15.79","4.41","217","Medical","Medical - Generic Drugs","-148.11","5"
"Postal Realty Trust","PSTL","664.91","24.07","339001","1.13","2.73","11.54","91.93","35.95","25.47","15.84","24.98","13.7","59","Finance","REIT and Equity Trust - Other","15.84","2"
"Phillips 66","PSX","85106.48","212.27","2562666","5.37","24.61","28.55","100","49.96","-6.14","2.32","212.27","118.37","40","Oils-Energy","Oil and Gas - Refining and Marketing","2.99","3"
"PTC","PTC","13949.63","120.77","1564964","-1.42","7.51","-11.92","8.1","-36.8","19.18","38.88","216.53","112.33","93","Computer and Technology","Computer - Software","41.81","3"
"PTC Therapeutics","PTCT","6511.52","78.5","2070927",".56","-4.42","11.73","76.11","-5.79","114.51","-22.58","89.55","43.3","98","Medical","Medical - Biomedical and Genetics","-22.58","3"
"PattersonUTI Energy","PTEN","3997.37","10.53","9515393","6.8","4.57","-10.91","69.75","57.11","-10.25","-1.62","12.85","5.18","81","Oils-Energy","Oil and Gas - Drilling","-2.56","2"
"Protagonist Therapeutics","PTGX","8894.91","138.31","866658","5.36","16.27","36.66","97.11","44.36","-89.41","-154.88","140.91","50.96","98","Medical","Medical - Biomedical and Genetics","-154.88","3"
"Peloton Interactive","PTON","2753.83","6.36","8103876","3.25","16.91","20.91","50.1","-5.88","-7.77",".94","9","3.71","84","Consumer Discretionary","Leisure and Recreation Products",".94","3"
"PubMatic","PUBM","600.05","12.92","538460","-5.62","12.25","32.11","87.95","32.78","-2.86","4.66","13.83","6.28","104","Computer and Technology","Internet - Software","-6.21","3"
"ProPetro Holding","PUMP","1621","13.22","4028772","-3.85","-9.76","-24.11","63.6","26.73","-12.13","-1.05","18.2","4.52","160","Oils-Energy","Oil and Gas - Field Services","-1.05","2"
"PVH","PVH","3626.4","78.65","957976","1.89","7.14","-15.18","46.86","6.98","3.44","5.87","98.81","60.87","172","Consumer Discretionary","Textile - Apparel","1.76","3"
"Perella Weinberg Partners","PWP","1455.82","15.665","1183458","1.72","-2.76","-28.99","9.92","-17.45","-14.48","6.93","24.34","14.71","186","Finance","Financial - Miscellaneous Services","2.82",""
"Quanta Services","PWR","95918.45","639.2","1260733","-3.29","-8.98","1.31","64.62","38.06","20.31","5.86","785.24","372.5","96","Construction","Engineering - R and D Services","3.67","3"
"PayPal","PYPL","49265.59","55.85","19694364","17.9","33.93","12.51","42.85","-12.79","4.32","14.96","78.22","39.08","90","Business Services","Financial Transaction Services","15","3"
"Papa John's International","PZZA","1060.76","32.24","735312","-2.89","-8.72","-11.82","6.26","-23.64","-.27","2.28","55.31","30.7","205","Retail-Wholesale","Retail - Restaurants","1.37","5"
"Qualcomm","QCOM","182869","173.5","16794160","-2.58","-15.01","15.67","38.94","-7.53","13.66","29.04","251.02","124.07","60","Computer and Technology","Electronics - Semiconductors","22.31","3"
"QuidelOrtho","QDEL","1120.38","16.43","1569735","-6.96","37.66","36.69","25.45","-47.56","-1.89","3.44","35.38","9.96","168","Medical","Medical - Products","-45.57","2"
"Qfin Holdings Inc. - Sponsored ADR","QFIN","1613.21","13.25","1294988","7.99","-12.43","2.16","5.22","-37.32","16.78","27.48","42.28","11.65","186","Finance","Financial - Miscellaneous Services","27.48","3"
"QIAGEN","QGEN","8352.21","40.53","3061316","-2.48","8.95","19.14","34.3","-21.95","5.65","24.47","55.66","32.63","98","Medical","Medical - Biomedical and Genetics","19.16","4"
"Qualys","QLYS","5063.5","143.78","817412","-12.39","28","67.77","76.86","-1.38","10.13","38.83","164.12","76.2","48","Computer and Technology","Security","29.41","3"
"Quantum","QMCO","451.23","11.46","893022","13.92","-17.02","70.54","61.43","61.97","2.02","-10.62","15.95","4.31","27","Computer and Technology","Computer- Storage Devices","-36.14","2"
"QuinStreet","QNST","932.91","16.24","693393","-8.35","23.4","22.47","79.33","3.02","78.27","5.04","17.72","10.56","66","Computer and Technology","Internet - Delivery Services","5.53","3"
"Qorvo","QRVO","7845.23","88.93","1106797","7.78","-10.71","4.78","40.08","-4.07","-1.09","17.8","108.23","76.02","48","Computer and Technology","Semiconductors - Radio Frequency","9.22","3"
"Restaurant Brands International","QSR","25778.86","73.82","2970113","-1.06","3.04","-5.6","60.37","-1.37","12.23","17.71","81.67","61.86","205","Retail-Wholesale","Retail - Restaurants","9.96","4"
"Q2 Holdings","QTWO","3451.79","55.14","809700","6.55","27.43","9.93","26.71","-30.34","14.12","18.88","90.94","42.09","104","Computer and Technology","Internet - Software","8.99","3"
"QuickLogic","QUIK","257.52","14.13","457812","-3.68","-29.12","4.59","49.02","114.33","-31.51","-61.52","23.74","4.89","60","Computer and Technology","Electronics - Semiconductors","-102.41","3"
"QXO INC","QXO","10110.76","13.94","31926656","-3.6","-14.06","-28.91","2.96","-34.12","11930.67","1.98","27.07","13.54","98","Business Services","Technology Services","-6.02","3"
"Ryder System","R","10623.39","274.57","346991","2.43","4.26","10.84","95.2","30.78",".23","4.23","280.34","160.2","189","Transportation","Transportation - Equipment and Leasing","3.91","3"
"Ferrari","RACE","86552.46","369.97","442283",".22","7.28","7.95","27.26","-8.74","11.86","22.22","517.65","314.63","159","Auto-Tires-Trucks","Automotive - Original Equipment","22.22","4"
"Ralliant Corporation","RAL","7947.25","71","1535656","5.12","2.57","62.06","92.54","27.14","-3.99","13.55","73.63","38.39","98","Business Services","Technology Services","-58.55","2"
"LiveRamp","RAMP","2305.02","37.92","1083017","-.05",".85","27.46","99.42","17.7","9.03","18.18","38.01","22.42","98","Business Services","Technology Services","17.95","3"
"Ultragenyx Pharmaceutical","RARE","2818.76","28.62","2912970","-10.65","-.49","16.67","56.1","13.44","20.13","-91.03","36.54","18.5","98","Medical","Medical - Biomedical and Genetics","-91.03","2"
"RB Global, Inc.","RBA","20589.3","110.53","1040261","1.25","1.91","4.92","65.17","-2.05","7.15","17.34","119.14","94.42","90","Business Services","Financial Transaction Services","9.55","2"
"Roblox","RBLX","35258.78","52.5","8013620","-3.62","11.44","-6.43","11.16","-40.94","35.77","-14.37","141.56","41.31","176","Consumer Discretionary","Gaming","-20.69","3"
"Rubrik, Inc.","RBRK","15601.8","75.8","2968579","-13.91","2.1","38.88","58.49","-9.65","48.46","4.39","98.5","43.81","104","Computer and Technology","Internet - Software","-20.25","3"
"Red Cat","RCAT","1054.36","8.59","8999614","-2.28","-15.62","-24.25","21.84","-1.25","739.77","-136.92","17.36","6.14","98","Business Services","Technology Services","-138.36","2"
"Rogers Communication","RCI","18567.54","34.37","1311501","4.4","-6.02","-4.69","30.67","-16.96","3.33","12.27","40.97","31.45","235","Utilities","Diversified Communication Services","32","4"
"Royal Caribbean Cruises","RCL","77213.34","287.9","2268505","1.7","-6.99","12.51","34.58","-5.9","8.8","24.57","365.84","246.71","87","Consumer Discretionary","Leisure and Recreation Services","24.36","3"
"Recruit Holdings Co.","RCRUY","117064.07","15.9","644304","6.28","15.64","73.39","99.28","28.84","5.13","13.47","15.96","7.63","41","Business Services","Business - Information Services","13.47","1"
"Arcus Biosciences","RCUS","3707.79","29.48","1279076","4.06","4.61","18.87","92.73","12.78","-4.26","-156.36","31.08","9.06","98","Medical","Medical - Biomedical and Genetics","-156.36","3"
"Reddit Inc.","RDDT","35775.88","185.84","3763525","-8.57","12.2","25.63","42.99","-26.3","69.4","28.6","270.71","121.84","104","Computer and Technology","Internet - Software","28.6","3"
"Radian Group","RDN","5116.89","38.48","1425755","4.28","8.06","7.16","88.33","-2.53","-7.22","45.7","39.38","31.67","169","Finance","Insurance - Multi line","40.5","2"
"RadNet","RDNT","4865.1","61.87","889356","-1.45","10.09","6.88","30.67","-20.95","11.51","1.68","84.48","51.87","87","Medical","Medical - Outpatient and Home Healthcare","-.66","3"
"Redwire Corporation","RDW","2249.74","9.42","19102244","-3.29","-22.91","4.2","20.92","12.99","10.29","-31.35","25.9","5.06","98","Aerospace","Aerospace - Defense","-80.9","3"
"Dr. Reddys Laboratories","RDY","10483.41","12.56","2831238","-2.18","-12.23","-10.48","3.42","-18.45","-6.06","13.48","15.38","12.46","217","Medical","Medical - Generic Drugs","12.9","3"
"The RealReal","REAL","1436.21","11.92","3001487","9.56","-2.38","1.19","57.29","-31.14","15.38","-8.2","16.9","5.24","189","Consumer Discretionary","Consumer Products - Discretionary","-9.03","3"
"Regency Centers","REG","15030.41","82.09","1307136","2.19","4.35","2.22","96.2","8.41","6.85","34.47","82.68","67.16","73","Finance","REIT and Equity Trust - Retail","34.47","3"
"Regeneron Pharmaceuticals","REGN","71380.96","675.19","717774","2.91","9.25","-7.73","49.18","-20.26",".99","33.51","812.27","542.52","98","Medical","Medical - Biomedical and Genetics","29.65","3"
"Remitly Global","RELY","5017.67","23.83","3217995","1.32","16.81","10.27","89.26","57.42","29.37","6.24","25.23","12.2","90","Business Services","Financial Transaction Services","6.12","3"
"RPC","RES","1312.1","5.92","1550638","1.2","-8.36","-25.35","44.83","-.79","14.95","3.02","8","4.23","160","Oils-Energy","Oil and Gas - Field Services","1.2","3"
"Rexford Industrial Realty","REXR","8383.17","37.14","2527117","4.59","10.27","3.63","39.61","-12.56","7.13","23.25","44.26","32.47","59","Finance","REIT and Equity Trust - Other","23.25","3"
"Reynolds Consumer Products","REYN","5444.12","25.83","1248014","-1.41","5.47","23.41","79.61","2.74",".7","9.39","27.18","20.56","189","Consumer Discretionary","Consumer Products - Discretionary","8.7","3"
"Resideo Technologies","REZI","5243.89","34.63","1799342","-6.05","13.35","-15","51.99","-10.11","10.52","5.71","44.5","23.94","169","Industrial Products","Security and Safety Services","-6.71","3"
"Regions Financial","RF","26301.16","30.82","10200060","-.32","5.22","8.79","82.54","3.68","2.51","29.79","32.4","23.35","78","Finance","Banks - Southeast","23.33","3"
"Reinsurance Group of America","RGA","15650.44","238.89","350116","2.07","12.82","13.8","95.52","7.04","7.2","6.79","241.79","177.1","183","Finance","Insurance - Life Insurance","4.92","3"
"Repligen","RGEN","7727.3","136.99","1023025","-6.89","8.4","16.66","49.17","-23.79","16.36","13.34","172.26","102.87","98","Medical","Medical - Biomedical and Genetics","6.73","3"
"Royal Gold","RGLD","16464.97","194.01","651600",".26","-6.1","-18.11","27.86","-20.44","43.24","51.75","304.29","151.42","231","Basic Materials","Mining - Gold","48.59","5"
"REGENXBIO","RGNX","534.55","10.34","2632815","-15.87","3.92","18.99","45.4","-34.54","104.54","-330.23","15.98","5.65","98","Medical","Medical - Biomedical and Genetics","-330.23","4"
"RH","RH","3411.81","180.51","851620","3.41","27.35","35.77","48.98","-8.15","8.14","2.47","251","112.85","186","Consumer Staples","Consumer Products - Staples","3.01","3"
"Robert Half Inc.","RHI","4210.4","41.16","2132018","15.46","40.33","49.56","92.74","38.15","-7.2","2.43","42.67","21.86","178","Business Services","Staffing Firms","2.43","3"
"Ryman Hospitality Properties","RHP","8201.68","129.96","664752","4.83","4.61","25.25","95.31","25.21","10.17","9.45","132.13","85.91","59","Finance","REIT and Equity Trust - Other","9.45","2"
"Transocean","RIG","5850.15","5.24","37077676","-1.32","-.95","-22.83","52.73","15.66","12.51","1.79","7.58","2.63","81","Oils-Energy","Oil and Gas - Drilling","-66.79","3"
"Rigel Pharmaceuticals","RIGL","727.32","39.31","375547","-4.52","10.39","28.63","63.78","-16.33","64.15","39.66","50.96","18.8","105","Medical","Medical - Drugs","121.5","4"
"BRC Group Holdings, Inc.","RILY","262.14","7.06","876094","1","-18.76","-7.83","47.99","37.82","15.38","36.94","10.68","3.72","186","Finance","Financial - Miscellaneous Services","46.81",""
"Riot Platforms, Inc.","RIOT","8126.47","21.49","16075634","6.44","-25.1","29.69","59.23","54.62","71.89","-132.76","28.69","11.03","186","Finance","Financial - Miscellaneous Services","-132.76","5"
"RITHM CAP CP","RITM","5108.5","9.15","5526216","-.76","-.65","-7.11","9.87","-23.48","-11.9","28.42","12.62","8.77","186","Finance","Financial - Miscellaneous Services","14.44","4"
"Rivian Automotive","RIVN","24173.46","17.76","41635640","1.49","19.27","10.04","56.61","-17.86","8.39","-56.6","22.45","11.64","105","Auto-Tires-Trucks","Automotive - Domestic","-63.62","3"
"Raymond James Financial","RJF","32726.71","167.93","1394499",".3","6.66","7.86","76.08","-4.67","6.63","15.14","176.43","140.89","29","Finance","Financial - Investment Bank","13.04","3"
"Rocket Lab Corporation","RKLB","40003.27","69.12","22379852","-12.3","-27.33","-12.05","26.76","-9.67","37.96","-15.82","150.23","39.48","86","Aerospace","Aerospace - Defense Equipment","-26.87","4"
"Rocket Companies","RKT","38621.71","13.65","32861782","-4.55","1.34","-10.84","11.72","-35.73","31.25","11.58","23.44","12.35","214","Finance","Financial - Mortgage & Related Services","2.78","4"
"Ralph Lauren","RL","22790.59","382.93","597173","3.78","-5.92","4.38","76.07","-1.28","14.63","12.73","414.25","283.34","172","Consumer Discretionary","Textile - Apparel","11.6","2"
"RLI","RLI","5534.69","60.2","846622",".1","11.81","15.46","55.29","-14.22","6.33","17.75","70.25","47.77","158","Finance","Insurance - Property and Casualty","20.81","3"
"RLJ Lodging Trust","RLJ","1859.62","12.24","2041716","5.52","8.22","51.11","100","49.77","-1.43","1.84","12.24","6.6","59","Finance","REIT and Equity Trust - Other","1.84","1"
"REMAX","RMAX","228.04","10.74","352710",".19","9.7","-4.87","85.52","29","-5.23","16.27","11.6","5.66","96","Finance","Real Estate - Operations",".13",""
"Rambus","RMBS","11439.81","105.79","3567884",".39","-17.49","-4.93","39.83","4.95","27.13","38.76","170.66","62.85","60","Computer and Technology","Electronics - Semiconductors","31.9","3"
"ResMed","RMD","28402.04","195.8","1510786","1.45","2.37","-9.83","11.7","-25.9","9.84","28.5","293.73","182.82","168","Medical","Medical - Products","27.44","3"
"Ringcentral","RNG","3317.45","39.56","1533049","-4.21","11.69","-.03","62.56","24.87","4.78","16.07","49.1","23.62","68","Computer and Technology","Internet - Software and Services","3.31","3"
"RenaissanceRe","RNR","13692.88","321.18","352374",".39","4.43","3.4","94.6","4.14","9.86","22.97","326.29","231.59","158","Finance","Insurance - Property and Casualty","24.25","3"
"Renasant","RNST","4019.37","43.56","767268","2.33","1.89","9.12","93.64","12.75","32.32","28.81","44.25","33.4","78","Finance","Banks - Southeast","14.47","4"
"ReNew Energy Global","RNW","2256.42","6.22","1214753",".32",".65","23.66","46.61",".36","41.29","7.18","8.19","4.5","105","Oils-Energy","Alternative Energy - Other","7.18","3"
"Construction Partners","ROAD","5834.95","103.21","1323988","6.02","-16.12","-11.85","20.79","-13.32","54.2","4.34","140.48","93.43","98","Construction","Building Products - Miscellaneous","3.9","4"
"Gibraltar Industries","ROCK","1292.96","43.59","309782","4.78","10.86","8.51","23.97","-19.63","-13.24","8.33","74.58","33.82","98","Construction","Building Products - Miscellaneous","-10.68","3"
"Rockwell Automation","ROK","51722.36","464.82","854323","-1.05","1.85","15.83","81.82","8.91",".94","15.69","495.08","328.67","65","Computer and Technology","Electronics - Miscellaneous Products","12.36","3"
"Roku","ROKU","21269.41","144.27","3608807","1.77","6.82","28.49","99.75","21.23","15.18","4.06","144.43","79.98","105","Consumer Discretionary","Broadcast Radio and Television","4.06","3"
"Rollins","ROL","21117","43.86","4631671","-.97","-1.75","-21.31","8.89","-33.38","10.99","14.3","65.6","41.74","239","Business Services","Building Products - Maintenance Service","13.77","4"
"Roper Technologies","ROP","35390.71","350.69","938486","1.17","6.42","-.97","14.16","-28.18","12.26","26.93","563.84","315.53","64","Computer and Technology","Computers - IT Services","21.12","2"
"Ross Stores","ROST","75643.39","235.81","2981405","6.74","2.95","4.56","96.08","19.33","7.67","9.74","240.13","129.94","22","Retail-Wholesale","Retail - Discount Stores","9.74","2"
"Ridgepost Capital, Inc.","RPC","965.58","8.82","507629","10.25","13.95","11.36","32.32","-18.04",".3","36.42","12.82","6.91","186","Finance","Financial - Miscellaneous Services","7.99","4"
"Rapid7","RPD","709.07","10.61","2863919","-18.2","57.65","82.3","31.22","-36.37","1.87","16.77","22.86","5.05","104","Computer and Technology","Internet - Software","2.61","4"
"RPM International","RPM","12957.92","101.53","859122","-.88","-4.25","-2.09","23.71","-11",".51","8.93","128.23","93.23","84","Basic Materials","Chemical - Specialty","8.63","3"
"Royalty Pharma","RPRX","33640.12","58.42","2985360","4.94","5.55","17.92","99.53","37.83","5.04","84.88","58.53","34.9","98","Medical","Medical - Biomedical and Genetics","33.88","3"
"Range Resources","RRC","8894.74","37.75","3013945","3.54","2.81","-12.09","33.38","-2.4","28.9","26.19","47.65","32.79","210","Oils-Energy","Oil and Gas - Exploration and Production - United States","25.04","5"
"Red Rock Resorts","RRR","6744.82","64.22","692617",".34","5.24","15.65","81.26","-5.5","3.74","9.21","67.26","51.04","176","Consumer Discretionary","Gaming","9.21","4"
"REGAL REXNORD","RRX","14199.96","213.31","1139561","1","-2.23","1.79","77.27","38.58","-1.65","10.75","238.19","128.75","62","Industrial Products","Manufacturing - General Industrial ","4.78","4"
"Reliance, Inc.","RS","19573.03","383.42","344059","-1.28","-3.82","5.79","79.65","21","3.32","5.53","413.43","265.93","209","Basic Materials","Mining - Miscellaneous","5.42","3"
"Republic Services","RSG","66033.95","214.63","1276366","-2.45","2.64","3.11","35","-7.68","3.49","13.31","246.01","197.73","93","Business Services","Waste Removal Services","13","3"
"Rush Street Interactive","RSI","7830.33","33.65","2391884",".42","14.03","40.21","95.65","57.88","22.76","5.92","34.52","14.51","176","Consumer Discretionary","Gaming","2.98","2"
"Riskified","RSKD","765.95","5.17","926337","0","5.08","15.92","75.82","-5.17","5.23","10.37","5.61","3.79","104","Computer and Technology","Internet - Software","-5.17","3"
"RTX Corporation","RTX","260812.16","193.67","4103476",".14","3.91","10.24","70.65","-3.73","9.74","9.92","212.16","149.17","98","Aerospace","Aerospace - Defense","8.03","2"
"RUM Group Inc.","RUM","2689.37","6.17","2803941","3.01","-8.32","-11.98","28.04","-11","5.38","-118.35","10.02","4.67","180","Computer and Technology","Internet - Content","-106.91","3"
"Sunrun","RUN","2729","11.44","12299433","-10.49","-10.7","-11.8","19.21","-43.32","45.11","17.88","21.41","9.07","53","Oils-Energy","Solar","17.88","4"
"Rush Enterprises","RUSHA","5899.14","75.91","541163",".07","9.08",".8","88.63","28.29","-4.75","3.65","79.66","46.68","169","Retail-Wholesale","Automotive - Retail and Whole Sales","3.65","4"
"Revolve Group","RVLV","1815.36","25.37","717379","3.85","19.95","-3.54","56.38","-23.39","8.48","4.78","31.45","17.51","172","Consumer Discretionary","Textile - Apparel","5.05","2"
"Revvity, Inc.","RVTY","12329.59","110.52","1414587","-.62","10.63","29.75","79.63","4.14","3.67","20.23","117.75","82.26","90","Medical","Medical Services","8.26","5"
"Runway Growth Finance Corp.","RWAY","237.8","5.6","641425","-2.78","3.9","-15.15","5.75","-42.83","-5.05","39.53","11.17","5.26","201","Finance","Financial - SBIC & Commercial Industry","-2","5"
"Redwood Trust","RWT","629.84","5.03","4439383","-1.18","4.57","-12.52","25","-17.08","25.16","151.34","6.68","4.48","180","Finance","REIT and Equity Trust","-7.23","5"
"","RXO","4832.17","29.3","1638448","4.49","14.95","50.1","100","111.32","26.2","-.31","29.3","10.48","81","Transportation","Transportation - Services","-1.83","3"
"RxSight","RXST","217.33","5.25","1542848","6.71",".57","-26.78","7.76","-54.07","-3.89","-11.15","13.09","4.59","165","Medical","Medical - Instruments","-36.58","3"
"Royal Bank Of Canada","RY","292406.09","210.88","1558253","-1.48","3.92","18.63","92.18","12.76","-.6","32.37","217.87","128.46","102","Finance","Banks - Foreign","15.92","3"
"Ryanair","RYAAY","30552.15","58.8","1686991","-8.54","-5.71","8.05","27.02","-25.75","20.35","12.68","73.82","53.24","78","Transportation","Transportation - Airline","12.14","4"
"Rayonier Advanced Materials","RYAM","580.65","8.61","856472","19.09","6.69","-13.03","61.33","33.26","-10.06","-9.28","11.75","3.63","211","Basic Materials","Paper and Related Products","-32.86","3"
"Ryan Specialty Holdings Inc.","RYAN","10781.03","40.89","2088683","-.7","18.49","17.7","31.2","-27.8","21.28","16","66.25","29.39","165","Finance","Insurance - Brokerage","8.21","3"
"Rayonier","RYN","6390.88","21.25","2311274","-2.16",".38","-1.02","23","-10.52","-61.64","16.1","27.11","19.5","105","Construction","Building Products - Wood","68.61","3"
"Rhythm Pharmaceuticals","RYTM","7305.58","106.6","793827","-3.06",".39","26.63","73.64","-9.21","45.83","-93.33","117.62","75.82","98","Medical","Medical - Biomedical and Genetics","-93.33","3"
"Ryerson","RYZ","1549.92","29.87","439943","6.19","8.5","12.13","93.73","8.23","-.6","-.63","30.54","19.86","238","Industrial Products","Metal Products - Distribution","-.93","5"
"SentinelOne","S","6448.14","18.81","7030653","-5.57","24.32","28.4","86.09","14.32","21.89","7.04","19.92","11.94","48","Computer and Technology","Security","-30.39","2"
"SAFEHOLD INC","SAFE","1196.6","16.71","340098","1.64","7.6","4.7","89.57","11.27","5.43","29.14","17.17","12.76","93","Finance","REIT and Equity Trust - Residential","28.58","3"
"Saia","SAIA","11554.5","433.22","372497",".11",".55","-2.28","77.22","20.95",".79","7.5","487.14","250.48","5","Transportation","Transportation - Truck","7.84","3"
"Science Applications International","SAIC","4727.39","111.82","488753","-1.84","6.33","17.85","77.12","1.27","-2.9","7.54","120.6","82.22","64","Computer and Technology","Computers - IT Services","5.55","2"
"SailPoint, Inc. ","SAIL","8377.29","14.77","4407047","-2.83","14.67","28.21","32.57","-33.44","24.35","14.08","23.63","10.49","104","Computer and Technology","Internet - Software","-14.04","3"
"The Boston Beer Company","SAM","1780.49","170.98","342914","1.32","-5.34","-28.22","10","-20.12","-2.36","5.21","260.05","161.08","219","Consumer Staples","Beverages - Alcohol","-2.96","4"
"Banco Santander","SAN","200509.22","13.65","7911727",".15",".37","13.09","87.94","6.08","-.89","22.45","14.37","8.4","102","Finance","Banks - Foreign","26.92","3"
"Sanmina","SANM","11759.88","219.41","1050192","5.69","-11.18","1.83","66.13","33.28","7.4","4.24","282.72","95.79","21","Computer and Technology","Electronics - Manufacturing Services","2.29","3"
"SAP","SAP","189607.33","154.34","2448696","-.3",".63","-11.04","3.94","-42.08","12.55","20.15","307.27","148.06","93","Computer and Technology","Computer - Software","20.08","4"
"StandardAero, Inc.","SARO","9016.64","27.12","3470114","-.88","1.01","10.15","32.2","-13.8","15.76","5.16","33.12","24.27","98","Aerospace","Aerospace - Defense","4.71","3"
"Safe Bulkers","SB","761.83","7.45","965411","4.49","4.05","11.53","100","40.9","-10.37","20.15","7.45","3.86","45","Transportation","Transportation - Shipping","18.73",""
"SBA Communications","SBAC","18754.06","176.82","936871","-5.57","-6.74","-18.74","15.73","-16.67","5.06","35.66","239.35","165.15","59","Finance","REIT and Equity Trust - Other","35.66","3"
"Seacoast Banking Corp. of Florida","SBCF","3272.35","33.65","1200815","2.03","6.15","6.05","81.23","-2.37","15.64","28.88","35.09","27.42","78","Finance","Banks - Southeast","14.42","2"
"Sinclair, Inc.","SBGI","997.33","13.82","609312",".07","-1.07","-12.03","37.34","-17.66","-10.68","-1.31","17","11.93","74","Consumer Discretionary","Media Conglomerates","2","3"
"Sally Beauty","SBH","1420.63","14.89","1352479","3.69","11.79","2.83","72.45","-4.81","-.42","5.39","17","9.34","55","Retail-Wholesale","Retail - Miscellaneous","4.93","2"
"Star Bulk Carriers","SBLK","3026.17","26.68","1211938",".45","-1.11","8.28","86.6","26.55","-17.62","16.76","28.21","16.79","45","Transportation","Transportation - Shipping","13.01","2"
"Sabra Healthcare REIT","SBRA","5558.27","22.04","3376954","11.6","18.3","7.46","100","6.08","10.15","19.22","22.04","17.23","59","Finance","REIT and Equity Trust - Other","19.22","3"
"Companhia de saneamento Basico Do Estado De Sao Paulo  Sabesp","SBS","19987.18","5.68","5577884","-4.86","3.65","-15.5","58.32","8.55","1.75","19.14","7.08","3.72","212","Utilities","Utility - Water Supply","24.25","3"
"Starbucks","SBUX","119041.66","104.45","6716381","-1.62","3.36","7.37","86.89","13.07","2.79","6.19","108.37","78.46","205","Retail-Wholesale","Retail - Restaurants","3.89","3"
"Southern Copper","SCCO","155308.48","188.01","1206280","3.09","5.29","10.28","75.96","19.46","17.38","34.13","218.85","90.54","183","Basic Materials","Mining - Non Ferrous","34.13","3"
"Scholastic","SCHL","1017.76","46.81","304772",".13","10.22","14.42","97.96","44.02","2.25","1.39","47.34","21.32","105","Consumer Staples","Publishing - Books","3.88","4"
"Charles Schwab","SCHW","173843.98","99.96","9601831","-1.13","7.29","10.05","66.83","-8.79","22.01","40.46","107.21","85.35","29","Finance","Financial - Investment Bank","38.79","2"
"Service Corporation International","SCI","10651.36","77.2","1194669","-2.07","4.47","-10.6","44.46","-9.74","2.93","12.57","87.73","68.77","105","Consumer Staples","Funeral Services","12.36","3"
"SandRidge Energy","SD","510.21","13.82","307461",".88","-1.36","-10.9","47.28","-12.69","24.8","37.8","18.08","10","202","Oils-Energy","Oil and Gas - Integrated - United States","46.37",""
"Schrodinger","SDGR","1114.76","15.1","1317290","-6.39",".4","23.37","33.7","-23.01","23.29","-40.61","23.03","11.07","74","Medical","Medical Info Systems","-40.61","3"
"Seadrill Limited","SDRL","2748.22","43.95","966607","2.07","10.51","-11.73","59.81","15.8","3.75","-3.6","54.8","27.8","81","Oils-Energy","Oil and Gas - Drilling","-4.79","3"
"Sea Limited","SE","64928.49","106.26","4453900","-2.77","15.76","23.79","23.75","-24.07","36.38","8.1","196.5","78.16","104","Computer and Technology","Internet - Software","6.41","4"
"SolarEdge Technologies","SEDG","3057.33","50.27","2180725","-9.46","-3.99","13.5","47.79","58.85","31.39","-7.8","78.51","24.42","53","Oils-Energy","Solar","-28.56","3"
"Solaris Energy Infrastructure, Inc.","SEI","4792.73","65.17","2952875","-6.23","-16.4","-12.45","69.44","29.24","98.73","17.2","82.88","24.92","105","Oils-Energy","Oil and Gas - Mechanical and and Equipment","6.69","5"
"SEI Investments","SEIC","11744.66","97.65","724469","2.91","8.25","6.71","89.59","8.53","8.1","31.39","100.26","75.18","69","Finance","Financial - Investment Management","31.17","2"
"Senseonics","SENS","210.27","5.03","814851","0","-16.72","-29.94",".45","-16.93","56.89","-213.87","11.68","5","74","Medical","Medical Info Systems","-213.87","3"
"Septerna, Inc.","SEPN","1518.14","33.68","570937","-2.49","-7.9","38.66","84.54","10.13","4174.51","-67.18","37.84","10.93","98","Medical","Medical - Biomedical and Genetics","-49.88","4"
"Sezzle Inc.","SEZL","6031.01","179.35","621597","-1.67","18.3","120.79","93.31","157.58","66.08","29.66","188.55","50.97","90","Business Services","Financial Transaction Services","30.83","2"
"Stifel Financial","SF","11905.51","77.61","1342210","1.66","5.51","-.68","46.22","-15.25","11.26","16.77","88.81","67.98","29","Finance","Financial - Investment Bank","15.34","4"
"ServisFirst Bancshares","SFBS","4799.94","87.81","373232","2.74","5.87","10.49","93.34","11.5","3.72","52.34","89.24","67.76","77","Finance","Financial - Savings and Loan","30.95","2"
"Smithfield Foods, Inc.","SFD","10431.08","26.51","1274078","7.37","6.17","-1.38","63.59","8.23","9.82","6.59","29.59","21.13","214","Consumer Staples","Food - Meat Products","6.48","4"
"SFL","SFL","1654.03","11.44","1507790","1.24","-.44",".44","77.18","33.53","-18.95",".36","12.8","6.84","45","Transportation","Transportation - Shipping","4.37",""
"Sprouts Farmers Market","SFM","7024.17","74.69","2155591","-.88","-11.62","5.58","9.07","-14.54","14.08","5.7","166.21","65.56","105","Retail-Wholesale","Food - Natural Foods Products","5.7","3"
"Simmons First National","SFNC","3313.27","22.84","1652050","-.35","1.6","5.69","93.15","10.46","-2.12","29.23","23.25","17.26","78","Finance","Banks - Southeast","-24.64","3"
"SoftBank Group","SFTBY","207454.33","18.16","4269098","-5.17","-10.76","15.3","45.51","16.79","8.91","64.12","28.68","9.38","202","Computer and Technology","Wireless Non-US ","64.12","3"
"Sweetgreen","SG","806.84","6.79","5319323","-4.23","-18.09",".59","18.08","-8.43",".39","-20.36","16.26","4.7","205","Retail-Wholesale","Retail - Restaurants","2.49","2"
"Super Group (SGHC)","SGHC","7886.46","15.59","3006114","5.27","15.91","26.34","100","18.93","21.49","13.5","15.59","8.52","176","Consumer Discretionary","Gaming","10.58","3"
"Somnigroup International Inc.","SGI","14710.86","69.93","2416072","-3.22","-5.31","-9.71","23.12","-28.6","51.63","7.72","97.99","61.49","81","Retail-Wholesale","Retail - Home Furnishings","6.8","2"
"SIGMA LITHIUM","SGML","1177.39","10.48","1468745","-12.59","-16.89","-49.15","30.58","-27.57","-27.79","-41.84","23.65","4.68","209","Basic Materials","Mining - Miscellaneous","-41.84","3"
"Surgery Partners","SGRY","2131.85","16.3","1230195","7.8","12.18","13.59","38.95","-3.82","6.24","1.5","23.84","11.49","90","Medical","Medical Services","-2.28","1"
"Shake Shack","SHAK","2414.59","56.44","1758607","-6.07","4.23","-43.65","4.63","-36.61","15.38","3.49","140.91","52.34","205","Retail-Wholesale","Retail - Restaurants","2.76","5"
"Sotera Health","SHC","4961.91","17.4","2772251","-2.08","9.85","11.97","76.62","-10.08","5.74","21.76","19.35","11.01","90","Medical","Medical Services","9.91","3"
"Shell","SHEL","244468.06","87.2","6010086","3.31","9.67","-.45","70.88","8.18","-5.29","7.26","94.15","70.28","234","Oils-Energy","Oil and Gas - Integrated - International","6.85","4"
"Shenandoah Telecommunications Co","SHEN","637.86","11.53","460199","-5.34","-18.46","-29.99","22.64","-9.08","9.08","-11.35","17.1","9.9","235","Utilities","Diversified Communication Services","-11.35","3"
"Shoals Technologies Group","SHLS","1738.13","10.38","5860331","-3.53",".97","35.69","71.24","11.32","19.07","12.62","12.77","4.46","53","Oils-Energy","Solar","6.27","2"
"Sunstone Hotel Investors","SHO","2207.55","11.85","3007593","4.31",".94","21.66","97.87","20.83","6","3.84","11.92","8.63","59","Finance","REIT and Equity Trust - Other","3.84","2"
"Shoe Station Group Inc.","SHOE","396.14","14.59","717347","1.96","-4.33","-21.09","2.42","-21.21","-5.62","4.36","25.89","14.31","54","Consumer Discretionary","Shoes and Retail Apparel ","3.31","3"
"Steven Madden","SHOO","3146.33","43.05","1129415","1.43","1.77","14.95","86","-5.75","10.45","4.2","46.23","23.52","54","Consumer Discretionary","Shoes and Retail Apparel ","2.89","3"
"Shopify","SHOP","159650.45","123.03","7691958","-2.11","14.26",".8","33.05","-30.33","30.14","15.83","179.01","95.4","105","Computer and Technology","Internet - Services","10.77","1"
"SherwinWilliams","SHW","78543.58","318.46","2283769","-3.06","-1.38","-1.79","30.96","-10.41","2.06","12.04","375.23","293","84","Basic Materials","Chemical - Specialty","10.86","2"
"SiBone","SIBN","755.71","17.04","635807",".77","6.83","37.86","55.47","-21.23","20.19","-8.1","21.4","11.61","165","Medical","Medical - Instruments","-8.1","3"
"Signet Jewelers","SIG","3550.3","90.27","758396","5.83","6.3","3.65","50.94","-.71","1.64","6.04","106","73.94","30","Retail-Wholesale","Retail - Jewelry","4.29","2"
"Selective Insurance Group","SIGI","5912.71","98.76","597446","2.51","4.62","15.36","94.74","7.6","9.77","8.39","100.15","73.72","158","Finance","Insurance - Property and Casualty","8.39","3"
"Silicon Motion Technology","SIMO","9432.14","278.17","719627","-9.81","-12.8","86.47","77.84","173.55","10.21","14.45","336.9","71.86","17","Computer and Technology","Computer - Integrated Systems","16.02","1"
"Sirius XM","SIRI","10196.22","30.29","3709923","-.33","7.87","15.35","91.77","38.1","-1.62","12.36","31.22","19.92","105","Consumer Discretionary","Broadcast Radio and Television","9.86","3"
"SiteOne Landscape Supply","SITE","4514.56","101.89","712424","-3.73","-3.33","-28.72","0","-25.43","3.62","3.24","163.25","101.89","161","Industrial Products","Industrial Services","3.24","4"
"SiTime","SITM","15578.88","590.18","612652","-5.39","-16.51","14.45","56.24","52.33","61.16","30.34","901.48","190.16","65","Computer and Technology","Electronics - Miscellaneous Products","-6.38","3"
"The J. M. Smucker Co.","SJM","12346.14","115.75","1446615","6.38","4.78","18.05","95.28","7.88","3.72","10.8","117.05","89.53","198","Consumer Staples","Food - Miscellaneous","-1.53","3"
"SK Telecom Co.","SKM","12260.81","31.95","2129988","1.82","-4.48","-13.11","46.62","41.87","-8.47","2.03","46","19.68","202","Computer and Technology","Wireless Non-US ","2.03","2"
"TANGER INC","SKT","4817.89","41.94","960312","5.17","4.8","13.53","100","14.57","10.55","21.91","41.94","29.52","73","Finance","REIT and Equity Trust - Retail","20.76","2"
"Skyward Specialty Insurance Group, Inc.","SKWD","2437.04","60.11","765305","3","13.67","31.85","89.13","7.21","23.16","11.94","62.41","41.26","158","Finance","Insurance - Property and Casualty","11.36","3"
"Champion Homes, Inc.","SKY","4528.23","82.49","711408","1.3","-1.47","3.19","59.05","-11.01","7.26","8.18","97.46","60.9","247","Construction","Building Products - Mobile Homes and RV Builders","7.77","5"
"SkyWater Technology","SKYT","1530.76","31.11","683536","-3.83","-14.84","-.16","71.73","56.17","29.18","-.44","39.91","8.78","60","Computer and Technology","Electronics - Semiconductors","21.04","3"
"SkyWest","SKYW","3774.47","95.17","433064","-2.08","1.4","14.86","37","-13.6","15.03","10.13","123.72","78.4","78","Transportation","Transportation - Airline","10.42","4"
"Silicon Laboratories","SLAB","7170.25","217.4","461935","-.28","-.6",".78","97.18","51.63","34.29","6.18","220.34","116.08","20","Computer and Technology","Semiconductor - Analog and Mixed","-6.13","3"
"SLB Limited","SLB","69654.73","46.59","12512322","-2","-2.51","-16.28","56.56","10.66","-1.6","11.14","58.01","31.72","98","Business Services","Technology Services","9.26","4"
"Slide Insurance Holdings, Inc.","SLDE","2355.34","20.56","1481556","-1.53","17.62","8.96","90.51","-3.78","36.5","38.86","21.38","12.74","169","Finance","Insurance - Multi line","38.86","3"
"Sun Life Financial","SLF","45128.15","80.97","535852","1.81","4.26","13.74","96.79","18.29","5.9","11.97","81.78","56.54","183","Finance","Insurance - Life Insurance","7.85","3"
"SL Green Realty","SLG","3629.87","50.82","1023276","1.9","1.44","15.9","51.06","1","13.18","-25.72","65.67","35.33","59","Finance","REIT and Equity Trust - Other","-15.77","3"
"Silgan Holdings","SLGN","4821.11","45.62","1039283","2.04","7.98","17.64","47.42","3.02","10.73","5.95","56.02","36.24","105","Industrial Products","Containers - Metal and Glass","4.31","2"
"SLM","SLM","4749.71","25.185","2913188","-1.35","8.37","7.49","44.91","-15.16",".31","49.81","33.09","18.74","163","Finance","Financial - Consumer Loans","26.42","3"
"Simulations Plus","SLP","368.7","18.23","553625",".05",".44","22.6","72.47","-8.84","13.09","21.59","20.84","11.36","93","Computer and Technology","Computer - Software","9.88",""
"SLR Investment","SLRC","721.76","13.23","419884","1.3","6.35","-15.14","22.22","-21.99","-5.97","38.52","16.8","12.21","201","Finance","Financial - SBIC & Commercial Industry","41.81","4"
"Sylvamo","SLVM","1487.72","37.44","328997","-1.06","-2.68","-14.07","8.61","-29.12","-11.18","2.89","54.74","35.81","211","Basic Materials","Paper and Related Products","3.11","5"
"SM Energy","SM","7724.7","32.22","3596228","8.41","17.55","10.04","84.98","57.07","17.24","19.29","34.81","17.57","210","Oils-Energy","Oil and Gas - Exploration and Production - United States","3.45","3"
"Smartstop Self Storage REIT Inc","SMA","1902.35","34.36","774353","3.53","5.63","7.21","50.53","1.24","18.62","4.38","38.99","29.63","59","Finance","REIT and Equity Trust - Other","4.38","4"
"Super Micro Computer","SMCI","15336.17","25.5","38493112","-7.78","-23.47","-6.42","12.37","-20.58","47.04","4.6","60.71","20.53","27","Computer and Technology","Computer- Storage Devices","3.7","4"
"Siemens Energy AG Unsponsored ADR","SMERY","155539.67","36.23","902933","3.34","-1.24","-11.01","67.09","17.83","15.55","5.54","44.34","19.7","105","Oils-Energy","Alternative Energy - Other","5.54","3"
"Sumitomo Mitsui Financial Group","SMFG","165347.92","25.92","1749366","-1.29","8.23","23.78","95.15","22.24","7.28","16.16","26.5","14.53","102","Finance","Banks - Foreign","15.68","1"
"Scotts MiracleGro","SMG","3987.21","68.53","936988","6.88","7.94","4.82","76.58","7.07","-3.93","7.72","73.47","52.38","165","Consumer Staples","Agriculture - Operations","3.27","4"
"Simply Good Foods","SMPL","976.6","11.04","2639490","-10.61","-9.21","-19.94","2.64","-49.88","8.98","11.78","33.19","10.44","236","Consumer Staples","Food - Confectionery","-14.28","3"
"Semtech","SMTC","12839.96","137.84","3535505","-2.49","-15.58","46.02","70.78","70.52","15.47","15.8","174.73","48.47","20","Computer and Technology","Semiconductor - Analog and Mixed","-3.05","1"
"Similarweb","SMWB","582.54","6.65","1047995",".76","33.8","146.3","53.53","-19.06","13.08","3.04","10.4","2.33","180","Computer and Technology","Internet - Content","-10.38","2"
"SharkNinja, Inc.","SN","20919.54","147.82","1510096","-1.38","9.58","29.01","90.41","20.42","15.75","11.85","154.53","84.57","189","Consumer Discretionary","Consumer Products - Discretionary","10.7","2"
"SnapOn","SNA","20927.97","404","326157","-.15","4.7","7.01","88.71","6.88","-7.15","20.94","414.97","317.79","105","Consumer Discretionary","Tools - Handheld","21.28","3"
"Sonida Senior Living","SNDA","1962.9","41.44","727006","3.55","13.1","9.63","95.79","15.85","25.24","-25.08","42.21","23.92","90","Medical","Medical Services","-24.15","2"
"Sandisk Corporation","SNDK","235373.86","1589.4","13014755","-9.58","-19.06","58.57","67.5","510.38","10.39","36.9","2335","40.69","27","Computer and Technology","Computer- Storage Devices","34.19","1"
"Schneider National","SNDR","6721.27","38.38","946458","3.93","8.54","24.41","97.95","31.88","7.25","1.84","38.76","20.25","81","Transportation","Transportation - Services","1.73","1"
"Syndax Pharmaceuticals","SNDX","2006.13","22.64","2081629","-6.17","15.45","7.25","84","-1.77","627.84","-111.88","25.15","9.46","98","Medical","Medical - Biomedical and Genetics","-111.88","2"
"StoneX Group","SNEX","8862.3","74.55","1452840","-1.25","-18.93","6.54","67.78","60.74","32.53","8.84","92.67","36.42","186","Finance","Financial - Miscellaneous Services",".3","3"
"Snowflake","SNOW","94181.63","271.73","5637109","-1.53","17.93","90.61","94.7","12.93","29.16","10.46","280.16","121.11","104","Computer and Technology","Internet - Software","-23.79","3"
"Synopsys","SNPS","74498.86","389.07","1866495","-8.65","-15.69","-19.6","3.98","-24.49","15.12","28.28","645.35","378.46","93","Computer and Technology","Computer - Software","8.91","1"
"TD SYNNEX CORP","SNX","19933.72","249.3","946412","-1.45","-14.08","11.62","72.64","51.28","6.94","1.98","290.14","140.85","64","Computer and Technology","Computers - IT Services","1.63","1"
"Sanofi","SNY","106068.61","43.75","3589566","1.32","5.17","-4.79","21.98","-17.7","11","21.68","52.34","41.33","230","Medical","Large Cap Pharmaceuticals","16.95","4"
"The Southern Company","SO","105797.21","93.85","4833396","-2.2","-1.14","-.59","62.47","-1.89","10.59","16.17","99.72","84.08","102","Utilities","Utility - Electric Power","14.46","3"
"South Bow Corporation","SOBO","7817.88","37.48","843046","-.24","3.31","14.55","94.58","24.38","-6.32","20.47","38.18","25.26","221","Oils-Energy","Oil and Gas - Production and Pipelines","21.32","3"
"SoFi Technologies","SOFI","22627.55","17.64","80636112","-4.91","2.02","-3.92","14.6","-38.58","35.09","14.77","32.21","15.15","186","Finance","Financial - Miscellaneous Services","14.65","3"
"Solventum Corporation","SOLV","13611.53","78.6","1080276","3.04","6.23","16.43","68.12","-9.57",".86","13.27","86.14","62.49","90","Medical","Medical Services","17.33","3"
"Sonoco","SON","5409.11","54.71","1112206","2.84","7.72","9.62","84.1","14.29","41.72","7.6","57.63","39.27","182","Industrial Products","Containers - Paper and Packaging","13.57","3"
"Sonos","SONO","1761.91","14.79","2251777","-2.83","4.45","2.14","50.34","-23.22","-4.93","8.8","19.16","10.36","105","Consumer Discretionary","Audio Video Production","1.62","3"
"Sony","SONY","124187.45","21.02","4543548","1.06","7.03","5.26","15.54","-25.15","-2.57","8.34","30.26","19.32","105","Consumer Discretionary","Audio Video Production","-2.61","3"
"SOPHiA GENETICS","SOPH","545.32","6.5","346747","14.44","24.28","30","100","26.88","18.56","-44.48","6.5","3.01","74","Medical","Medical Info Systems","-44.48","3"
"SoundHound AI","SOUN","2836.8","6.555","28800944","-2.02","1.79","-18.67","4.23","-40.06","99.45","-31.95","21.4","5.9","64","Computer and Technology","Computers - IT Services","-91.84","3"
"Spectrum Brands","SPB","2045.92","88.97","337841","5.77","6.59","7.37","98.39","37.28","-5.23","5.55","89.6","50.35","189","Consumer Discretionary","Consumer Products - Discretionary","4.47","4"
"Simon Property Group","SPG","73545.71","226.79","2137560","2.49","4.64","11.86","97.19","11.69","6.72","70.6","228.7","160.68","73","Finance","REIT and Equity Trust - Retail","70.6","3"
"S&P Global","SPGI","127652.96","431.26","2324335","-1.73","7.77","-.51","23.36","-24.77","7.94","35.45","564.15","390.76","214","Finance","Securities and Exchanges","30.37","5"
"Sphere Entertainment Co.","SPHR","5048.4","142.2","633584","3.78","-10.11","6.92","77.05","36.34","18.81","-8.55","173.03","38.7","74","Consumer Discretionary","Media Conglomerates","8.05","2"
"Spire","SPIR","451.38","11.66","1020414","-19.59","-33.14","-26.9","25.14","41.73","-35.22","-37.25","25.48","7.02","98","Aerospace","Aerospace - Defense","77.12","3"
"SiriusPoint","SPNT","2878.61","24.49","797585","-.97","3.6","3.03","91.04","1.99","23.09","11.05","25.18","17.48","169","Finance","Insurance - Multi line","15.38","3"
"Spotify Technology","SPOT","101547.35","493.23","1542775","2.53","8.28","13.6","24.7","-22.57","14.61","15.56","738.53","412.75","104","Computer and Technology","Internet - Software","15.56","4"
"ARS Pharmaceuticals, Inc.","SPRY","631.57","6.36","2202236","-16.43","-38.13","-19.9","0","-50.23","-5.46","-200","18.35","6.36","105","Medical","Medical - Drugs","-200","2"
"SPS Commerce","SPSC","2277.29","62.03","604671","-2.01","13.23","12.19","13.41","-36.56","17.83","21.69","140.26","49.91","204","Business Services","Business - Services","11.92","2"
"Sprout Social","SPT","494.07","8.22","1180799","-3.07","25.5","35.42","22.52","-33.51","12.72","10.51","19.33","4.99","105","Computer and Technology","Internet - Services","-8.18","3"
"SPX Technologies, Inc.","SPXC","10865.07","217.02","964314","-.46","-8.07",".31","59.51","-1.11","14.17","14.83","246.41","173.83","48","Construction","Building Products - Air Conditioner and Heating","10.76","2"
"Sociedad Quimica y Minera","SQM","19664.26","68.84","923462","-5.63","-10.01","-23.02","55.52","-8.79","1.05","15.38","95.31","35.8","84","Basic Materials","Chemical - Specialty","15.38","3"
"Spire","SR","4764.22","80.59","608085","-.98","2.81","-11.31","34.71","-11.16","-4.5","12.15","95.19","72.83","186","Utilities","Utility - Gas Distribution","13.97","3"
"Sportradar Group","SRAD","4399.07","14.69","1929152","-2.26","-.07","18.95","12.04","-43.66","21.85","5.2","31.79","12.35","104","Computer and Technology","Internet - Software","5.2","5"
"Sempra","SRE","59219.35","90.59","3119506","-2.97","-1.84","-2.49","57.4","-6.46","3.92","23.28","99.75","78.25","105","Oils-Energy","Alternative Energy - Other","14.31","3"
"Stoneridge","SRI","208.09","7.37","357667","3.22","7.28","17.54","59.55","16.04","-5.18","-5.93","9.17","4.72","60","Computer and Technology","Electronics - Miscellaneous Components","-15.24","3"
"Sarepta Therapeutics","SRPT","1711.39","16.21","3957923","-9.74","-6.08","-23.07","34.19","-31.33","15.58","9.7","24.45","11.93","98","Medical","Medical - Biomedical and Genetics","-2.94","4"
"Strata Critical Medical, Inc.","SRTA","446.48","5.16","1104344","-2.27","-7.36","1.57","51.48","-2.21","-20.73","-4.75","6.47","3.77","90","Medical","Medical Services","20.56","3"
"SouthState Bank Corporation","SSB","9989.49","102.28","833559","1.59","3.5","3.92","75.39","-.92","53.76","35.79","107.82","85.31","78","Finance","Banks - Southeast","24.75","3"
"Simpson Manufacturing","SSD","7627.04","185.4","332575","-2","-6.23","-2.97","52.63","4.67","4.51","14.92","210.06","158","98","Construction","Building Products - Miscellaneous","14.92","4"
"SS&C Technologies","SSNC","16357.45","67.92","1737206","1.69","2.63","-1.71","20.85","-29.17","6.63","25.03","90.2","62.05","93","Computer and Technology","Computer - Software","12.65","4"
"Silver Standard Resources","SSRM","5616.02","27.21","3368566","-2.16","-7.01","-6.91","64.37","13.16","63.68","33.31","35.74","11.8","209","Basic Materials","Mining - Miscellaneous","12.17","3"
"Shutterstock","SSTK","267.08","7.27","1120010","-4.47","-49.62","-57.9","0","-65.3","5.84","13.2","26.41","7.27","180","Computer and Technology","Internet - Content","-2.19","3"
"Stratasys","SSYS","721.26","8.37","520939",".48",".6","-2.33","18.92","-12.09","-3.73","1.56","12.44","7.42","189","Industrial Products","Commercial Printing","-21.01","3"
"Sensata Technologies Holding","ST","6764.04","46.51","1616908","4.12","-4.71","11.99","71.86","27.36","-5.8","13.72","53.55","28.53","48","Computer and Technology","Instruments - Control","1.28","2"
"STAAR Surgical","STAA","1208.37","24.27","898023","-11.23","-14.42","-9.1","47.39","-4.18","-23.72","14.07","33.34","16.1","74","Medical","Medical - Dental Supplies","-7.24","3"
"Stag Industrial","STAG","7986.64","41.77","1645881","6.18","7.43","5.59","96.52","3.59","10.14","28.25","42.04","34.28","59","Finance","REIT and Equity Trust - Other","28.25","3"
"STERIS","STE","20636.66","211.75","729844","1.45","4.2","-3.64","17.83","-23.86","8.73","16.91","268.65","199.4","165","Medical","Medical - Instruments","13.18","3"
"StepStone Group","STEP","5128.23","42.97","1572831","-1.04",".09","-16.93","9.34","-38.96","69.69","20.04","76.27","39.54","186","Finance","Financial - Miscellaneous Services","-26.88","4"
"Stagwell Inc.","STGW","1796.94","7.25","1330502","-4.48","2.98","7.89","82.13","35.16","2.39","7.69","7.87","4.4","105","Business Services","Advertising and Marketing",".64","3"
"Steel Dynamics","STLD","33795.54","233.52","1164803",".07","-4.17","2.89","69.49","25.63","3.63","7.83","282.76","121.36","47","Basic Materials","Steel - Producers","7.83","3"
"STMicroelectronics","STM","58767.62","65.43","10423487","-6.7","-9.66","31.36","75.34","129.94","-11.07","4.41","79.91","21.2","5","Computer and Technology","Semiconductor - General","1.19","1"
"Stantec","STN","7671.28","68.25","445547","-.5",".22","-24.08","1.37","-34.06","6.48","9.4","113.7","67.62","163","Business Services","Consulting Services","5.92","4"
"StoneCo","STNE","2801.42","11.255","4012260","-.4","4.99","-3.47","16.7","-30.63","3.08","16.64","19.46","9.61","104","Computer and Technology","Internet - Software","23.82","4"
"Scorpio Tankers","STNG","4016.3","79.66","850884","2.3","-2.5","-1.78","84.11","42.87","-24.58","37.13","86.62","42.82","45","Transportation","Transportation - Shipping","48.44","3"
"Stoke Therapeutics","STOK","1794.33","28.81","932548","-1.1","-7.39","-13.56","63.36","-17.25","404.5","-529.2","38.35","12.31","98","Medical","Medical - Biomedical and Genetics","-529.2","3"
"Sterling Infrastructure, Inc.","STRL","21308.33","694.4","868327","2.17","-22.17","47.17","60.18","106.72","17.69","13.79","993.74","242.01","96","Construction","Engineering - R and D Services","12.02","1"
"Sutro Biopharma","STRO","381.12","23","470923","-11.64","-21.21","-33.7","46.72","81.22","65.18","-154.21","40.91","7.3","98","Medical","Medical - Biomedical and Genetics","-154.21","3"
"State Street","STT","50731.4","183.3","2587130","-.19","5.51","20.21","95.81","29.52","2.24","24.65","186.59","108.09","28","Finance","Banks - Major Regional","15.02","1"
"Starwood Property Trust","STWD","6154.43","16.6","3684802","-.06","-.84","-9.68","6.16","-15.98","-5.27","31.29","20.71","16.33","180","Finance","REIT and Equity Trust","18.11","3"
"Seagate Technology","STX","199974.14","891.83","4828280","1.54","-14.13","54.02","78.66","195.22","38.86","25.2","1094.04","146.59","17","Computer and Technology","Computer - Integrated Systems","21.6","1"
"Constellation Brands","STZ","22313.91","130.66","2427177","-.52","-8.87","-15.92","6.21","-13.66","-10.96","23.11","176.09","127.65","219","Consumer Staples","Beverages - Alcohol","18.87","4"
"Suncor Energy","SU","75213.49","63.7","4154538","4.36","12.74","-2.29","80.89","30.91","-5.44","12.23","69.73","38.17","221","Oils-Energy","Oil and Gas - Integrated - Canadian","12.29","3"
"Sun Communities","SUI","14669.39","119.04","1336529","-.62","-.38","-7.22","11.86","-12.42","-28.41",".5","137.18","116.6","93","Finance","REIT and Equity Trust - Residential","62.29","4"
"Sunoco","SUN","15359.66","74.99","385634","3.68","14.93","12.11","100","30.44","11.05","3.07","74.99","48.42","22","Oils-Energy","Oil and Gas - Refining and Marketing - Master Limited Partnerships","3.07","3"
"Supernus Pharmaceuticals","SUPN","2778.36","47.87","932658","2.59","7.62","-1.68","62.98","-12.2","8.63","25.15","57","32.34","217","Medical","Medical - Generic Drugs","-3.74","3"
"Grupo Supervielle","SUPV","848.32","9.69","406985",".41","-4.25","8.63","61.2","-25.27","-19.44","-4.49","12.86","4.69","102","Finance","Banks - Foreign","-3.46","3"
"Suzano","SUZ","10217.6","8.24","2805988","1.1","2.49","-9.15","15.04","-19.58","2.08","22.9","11.46","7.67","211","Basic Materials","Paper and Related Products","22.9","3"
"Service Properties Trust","SVC","1144.26","8.84","2241547","3.51","3.39","14.81","31.61","-12.41","-4.33","-13.59","15.2","5.9","59","Finance","REIT and Equity Trust - Other","-13.59","5"
"Silvaco Group, Inc.","SVCO","288.25","8.82","480414","-13.7","-31.52","-11.8","52.94","98.53","5.67","-12.06","13.79","3.23","60","Computer and Technology","Electronics - Semiconductors","-41.65","3"
"Silvercorp Metals","SVM","2108.1","9.53","2800545","1.6","-9.92","-19.17","45.84","4.17","46.58","34.42","15.71","4.3","209","Basic Materials","Mining - Miscellaneous","-2.27","3"
"Seven and I Holdings Co.","SVNDY","30259.09","12.71","302869","3.33","10.14","7.26","31.31","-19.59","-11.37","2.86","15.54","11.42","55","Retail-Wholesale","Retail - Miscellaneous","3.03","3"
"Savers Value Village, Inc.","SVV","1475.19","9.58","736418","-1.14","-1.34","13.24","37.52","-6.5","9.19","4.18","13.71","7.1","172","Consumer Discretionary","Textile - Apparel","1.29","4"
"Smurfit Westrock PLC","SW","22583.42","43.06","5427951",".35","-2.93","6.16","53.91","1.51","47.7","2.91","51.84","32.79","211","Basic Materials","Paper and Related Products","1.22","3"
"Smith & Wesson Brands","SWBI","679.4","15.19","614220","0","-8.88","-.33","83.43","40.3","10.36","3.51","16.67","7.74","84","Consumer Discretionary","Leisure and Recreation Products","3.53","3"
"Latham Group","SWIM","685.68","5.84","760984","-3.63","-.68","-1.68","30.95","-16.16","7.35","2.79","8.25","4.76","98","Construction","Building Products - Miscellaneous","1.55","3"
"Stanley Black & Decker","SWK","13709.63","88.19","1472956",".94","5.23","12.59","81.47","8.23","-1.53","4.71","94.12","62.12","105","Industrial Products","Manufacturing - Tools & Related Products","2.44","2"
"Skyworks Solutions","SWKS","9468.06","62.95","5063015","11.26","-14.28","3.23","33.8","-9.5","-2.18","21.49","83.42","52.5","48","Computer and Technology","Semiconductors - Radio Frequency","8.93","3"
"Southwest Gas","SWX","6674.41","92.22","588505","-.17","3.56",".56","89.64","5.06","-62.05","11.18","94.05","76.39","186","Utilities","Utility - Gas Distribution","19.95","3"
"SunCoke Energy","SXC","730.59","8.61","1180341",".47","2.87","27.75","74.81","9.01","-5.07","1.61","9.6","5.67","18","Oils-Energy","Coal","-3.55","3"
"Sensient Technologies","SXT","4638.31","108.96","513565","-4.03","-8.24","-11.47","62.38","5.73","3.52","9.41","124.64","82.96","84","Basic Materials","Chemical - Specialty","8.71","3"
"Synchrony Financial","SYF","24289.29","72.21","3798760","-2","-3.77","-5.3","34.14","-21.1","-.19","18.93","88.47","63.78","186","Finance","Financial - Miscellaneous Services","15.44","3"
"Stryker","SYK","120597.63","314.58","2527926","1.13","1.48","-2.13","26.46","-18.41","11.16","20.48","403.53","282.58","168","Medical","Medical - Products","13.2","3"
"SYMBOTIC INC","SYM","25832.01","42.86","1712931","-1.83","11.12","-24.91","8.8","-34.33","23.31","6.45","87.3","38.57","98","Business Services","Technology Services","-.2","3"
"Synaptics","SYNA","4610.25","119.32","1409205","-2.87","-11.23","38.42","68.28","46.95","11.98","14.96","147.57","58.52","60","Computer and Technology","Electronics - Semiconductors","-4.1","3"
"Sysco","SYY","38883.29","81.22","3182057","-1.97","2.45","10.7","54.53",".48","3.2","2.63","91.16","69.3","198","Consumer Staples","Food - Miscellaneous","2.08","3"
"AT&T","T","154670.03","22.26","79988968","4.61","-2.41","-14.58","19.48","-18.31","2.71","12.34","29.62","20.48","199","Computer and Technology","Wireless National","16.94","3"
"TransAlta","TAC","4421.19","13.99","1410092",".43","2.19","10.07","37.14",".9","-17.11","2.63","17.73","11.78","102","Utilities","Utility - Electric Power","-9.46","4"
"Takeda Pharmaceutical Co.","TAK","55206.56","17.23","3287986","5.13","8.78","5","71.81",".75","-5.86","18.36","18.8","13.23","105","Medical","Medical - Drugs","4.31","5"
"TAL Education Group","TAL","5717.16","10.32","2827146",".19","9.32","-4.18","34.6","-13.77","33.72","19.07","12.91","8.95","105","Consumer Discretionary","Schools","17.64","3"
"Talkspace","TALK","874.42","5.22","2167961","0",".38",".58","99.33","31.09","22",".49","5.24","2.27","74","Medical","Medical Info Systems",".49","3"
"Talos Energy","TALO","2465.5","14.77","1981801","4.31","5.8","-4.77","79.32","22.18","-9.8","-9.72","16.59","7.79","210","Oils-Energy","Oil and Gas - Exploration and Production - United States","-42.58","3"
"Molson Coors","TAP","7663.35","40.86","3091068","5.15","2.9","-3.99","15.23","-20.2","-5.05","9.81","54.38","38.43","219","Consumer Staples","Beverages - Alcohol","-16.14","3"
"Tarsus Pharmaceuticals","TARS","2463.55","57.26","1468338","2.05","-13.47","-7.78","42.21","-36.25","146.71","-9.02","82.51","38.82","98","Medical","Medical - Biomedical and Genetics","-9.02","4"
"TaskUs","TASK","534.82","5.84","538898",".69","24.52","-7.74","9.31","-54.85","18.95","12.25","18.21","4.57","64","Computer and Technology","Computers - IT Services","8.7","2"
"BBB Foods Inc.","TBBB","4848.21","40.89","576640","1.06","-2.85","12.96","90.85","11.64","29.35","-3.95","42.58","24.12","186","Consumer Staples","Consumer Products - Staples","-3.95","2"
"The Bancorp","TBBK","2792.84","67.08","408039","1.38","13.37","10.4","54.05","-9.43","24.06","33.5","80.34","51.48","87","Finance","Banks - Northeast","26.92","3"
"TrueBlue","TBI","249.62","8.21","316988","-5.41","27.48","72.12","91.25","64.49","3.1","-1.28","8.68","3.31","178","Business Services","Staffing Firms","-3.25","3"
"Taboola.com","TBLA","1243.19","5.11","3492670","-6.92","9.42","35.19","82.13","1.05","8.26","7.27","5.58","2.95","64","Computer and Technology","Computers - IT Services","5.64","3"
"Theravance Biopharma","TBPH","868.15","16.84","913159","-.47","-.77",".48","60.37","-17.95","66.92","1.65","20.74","10.9","105","Medical","Medical - Drugs","104.34","4"
"Texas Capital Bancshares","TCBI","4526.49","103.65","519630","1.64","2.27","2.87","86.66","4.36","3.03","27.29","107.74","77.08","42","Finance","Banks - Southwest","17.71","3"
"TriCo Bancshares","TCBK","1915.91","60.04","547285","2.09","13.99","17.91","92.6","15.54","1.48","30.05","61.62","40.26","45","Finance","Banks - West","23.71","3"
"Tencent","TCEHY","537549.5","59.12","3883174","1.34","10.26","-2.35","17.05","-29.6","13.87","34.65","87.33","53.32","105","Computer and Technology","Internet - Services","30.6","4"
"Trip.com Group Limited","TCOM","28354.32","43.65","3559725","2.92","-4.07","-16.6","9.74","-44.66","22.42","48.44","78.96","39.84","87","Consumer Discretionary","Leisure and Recreation Services","48.26","5"
"The Toronto Dominion Bank","TD","198249.64","120.53","3060761","-1.91",".87","14.37","91.83","16.64","-1.06","25.57","124.8","72.55","102","Finance","Banks - Foreign","13.2","3"
"USA TODAY Co., Inc.","TDAY","1257.24","8.57","1407559","1.78","6.86","15.97","94.6","51.7","-8.25","1.73","8.86","3.49","74","Consumer Discretionary","Media Conglomerates","1.27",""
"Teradata","TDC","2759.95","29.33","3512597","-6.65","-5.87","13.77","51.88","-12.16","-4.97","16.01","37.88","20.11","27","Computer and Technology","Computer- Storage Devices","24.93","3"
"Transdigm Group","TDG","67427.38","1205.49","359933","-.81","-7.1","4.46","14.88","-17.36","11.22","24.2","1620.83","1132.88","86","Aerospace","Aerospace - Defense Equipment","20.24","3"
"Teladoc Health","TDOC","1752.78","9.71","4150140","4.75","26.27","61.83","99.81","26.45","-1.54","-6.3","9.72","4.47","90","Medical","Medical Services","-6.81","3"
"Telephone and Data Systems","TDS","3849.85","33.83","1124989","-1.26","-13.41","-23.89","3.1","-24.78","-75.26","11.26","47.59","33.39","105","Utilities","Wireline - National","6.15","3"
"ThredUp","TDUP","829.73","6.43","1612339","1.42","3.54","53.46","37.01","-8.27","19.53","-4.49","12.08","3.11","186","Consumer Staples","Consumer Products - Staples","-6.68","3"
"Tidewater","TDW","3883.47","78.09","754429","5.57","17.59","-9.9","70.27","40.94",".52","8.17","91.12","47.29","202","Oils-Energy","Oil and Gas - Integrated - United States","22.16","3"
"Teledyne Technologies","TDY","29997.19","647.48","370239","3.91","5.64",".87","79.86","15.57","7.86","17.34","688.59","484.47","86","Aerospace","Aerospace - Defense Equipment","14.99","2"
"T1 Energy Inc","TE","1703.56","6.1","32195766","-10.82","-33.98","24.49","45.4","-16.75","25572.84","-32.85","12.04","1.16","53","Oils-Energy","Solar","-42.3","3"
"Atlassian","TEAM","22991.37","90.6","3493764","1.71","11.37","29.97","22.93","-49.06","19.66","21.2","203","57.15","104","Computer and Technology","Internet - Software","-3.5","4"
"BioTechne Corp","TECH","11215.02","71.63","8295625",".56","27.32","33.86","98.3","11.03","5.23","25.06","72.12","43.3","98","Medical","Medical - Biomedical and Genetics","9.05","4"
"Teck Resources","TECK","27447.39","56.83","3193539","-5.43","-4.68","-1.7","65.06","8.18","18.81","16.82","70.56","31.27","209","Basic Materials","Mining - Miscellaneous","14.91","2"
"TE Connectivity","TEL","61009.14","209.01","2222400","4","2.94","2.31","42.9","-16.25","8.94","16.13","249","178.97","60","Computer and Technology","Electronics - Miscellaneous Components","15.54","2"
"Tempus AI, Inc.","TEM","8795.08","48.98","5544791","-16.52",".76","-4.15","10.86","-24.39","83.41","-6.37","103.25","42.37","74","Medical","Medical Info Systems","-22.21","3"
"Tenable Holdings","TENB","3759.17","34.09","3712011","-20.07","25.06","66.78","67.83","32.07","11.04","20.13","42.65","16.04","104","Computer and Technology","Internet - Software","-1.15","4"
"Teradyne","TER","58553.03","374.04","4205189","5.89","-10.97","-1.6","72.11","76.16","13.13","24.12","483.84","90.15","65","Computer and Technology","Electronics - Miscellaneous Products","22.55","2"
"Teva Pharmaceutical Industries","TEVA","36046.63","31.35","4790876","-1.48","-5.6","-.85","76.19","-8.43","4.32","19.77","36.34","15.38","217","Medical","Medical - Generic Drugs","9.01","3"
"Terex","TEX","7396.73","64.77","1422236","-.67","-4.67","4.65","70.09","10.61","5.73","6.18","74.58","41.78","105","Industrial Products","Manufacturing - Construction and Mining","1.87","3"
"Truist Financial","TFC","64013.28","51.38","8009503","-1.1","3.44",".45","69.9","-4.82","25.5","28.72","55.81","41.09","28","Finance","Banks - Major Regional","19.13","3"
"TFI International","TFII","12592.79","153.21","309313","2.65","6.29","5.79","87.72","35.14","-6.1","4.55","163.36","80.71","81","Transportation","Transportation - Services","3.79","2"
"Triumph Financial, Inc.","TFIN","1885.22","79.19","320061","1.21","7.06","17.06","95.78","15.27","6.34","9.25","80.61","46.95","186","Finance","Financial - Miscellaneous Services","7.17","1"
"Triple Flag Precious Metals Corp.","TFPM","5875.21","28.52","683554","2.3","-.97","-11.57","30.74","-21.74","44.5","56.79","41.36","22.82","231","Basic Materials","Mining - Gold","68.68","3"
"TFS Financial","TFSL","5145.93","18.35","771848","3.73","8.71","21.68","98.46","25.02","4.37","27.65","18.44","12.61","77","Finance","Financial - Savings and Loan","11.42","3"
"Teleflex","TFX","5976.92","135.01","402567","3.73","8.65","-.38","90.12",".85","-34.61","16.87","138.81","100.34","165","Medical","Medical - Instruments","-35.89","2"
"Trekor Metals Limited","TGB","2824.21","7.72","4657957","-3.14","15.4","7.07","80.1","24.34","10.8","7.98","8.88","3.05","209","Basic Materials","Mining - Miscellaneous","1.98","2"
"Target","TGT","62896.38","138.48","4337807","3.34","3.26","8.92","95.27","29.15","-1.68","3.42","141.2","83.68","22","Retail-Wholesale","Retail - Discount Stores","3.24","2"
"TG Therapeutics","TGTX","8258.86","53.95","2257083","-1.71",".02","56.01","84.36","64.98","87.32","66.99","59.06","26.39","98","Medical","Medical - Biomedical and Genetics","65.95","3"
"Target Hospitality","TH","1684.76","16.82","1221427","-2.89","-18.03","17.29","74.13","91.43","-16.99","-13.47","20.52","6.22","87","Consumer Discretionary","Leisure and Recreation Services","-13.47","2"
"Tenet Healthcare","THC","16925.06","196.49","1157414","6.97","8.63","10.7","49.9","-9.86","3.12","7.14","244.8","148.38","221","Medical","Medical - Hospital","7.94","4"
"The Hanover Insurance Group","THG","7524.26","215.06","337449",".42","3.57","19.01","88.78","7.27","5.72","11.05","221.61","163.22","158","Finance","Insurance - Property and Casualty","10.77","2"
"Thor Industries","THO","3920.96","75.32","687871","4.16","3.39","-3.79","7.02","-33.12","-4.62","2.48","120.34","71.92","247","Construction","Building Products - Mobile Homes and RV Builders","2.67","5"
"Gentherm","THRM","1123.65","36.64","328567","2.09","4.51","22.5","79.64","-8.16","2.92","5.22","39.05","27.21","159","Auto-Tires-Trucks","Automotive - Original Equipment","1.47","3"
"Acuren Corporation","TIC","1547.3","7","1918188","-1.41","-14.32","-21.08","5.79","-36.88","39.45","-2.82","14.49","6.54","98","Business Services","Technology Services","-5.77","3"
"Millicom International Cellular","TIGO","16665.09","98.61","1529638",".46","12.23","20.15","100","62.15",".26","8.66","98.61","39.45","202","Computer and Technology","Wireless Non-US ","19.16","4"
"Interface","TILE","1883.92","32.45","533712","-1.49",".12","16.35","77.56","5.95","5.41","8.74","35.94","20.39","42","Consumer Discretionary","Textile - Home Furnishing","8.92","3"
"TIM","TIMB","10777.42","22.26","412926","-2.02","2.82","-12.5","44.06","4.33","1.02","16.09","27.96","17.77","202","Computer and Technology","Wireless Non-US ","16","4"
"The TJX Companies","TJX","171284.41","155.05","5642791","3.13","-5.66","-1.37","71.11","-7.98","7.12","9.13","168.41","122.17","22","Retail-Wholesale","Retail - Discount Stores","9.4","2"
"Teekay Corporation Ltd.","TK","983.2","11.33","590745","3.56","-9","-15","59.42","14.38","-22.19","13.03","14.15","7.2","234","Oils-Energy","Oil and Gas - Integrated - International","13.03",""
"Turkcell Iletisim Hizmetleri","TKC","5192","5.9","2136362","0","-2.32","-6.35","27.33","-1.67","20.62","7.34","7.15","5.43","202","Computer and Technology","Wireless Non-US ","7.27","3"
"TKO Group Holdings, Inc.","TKO","35272.5","181.7","1268188","-1.55","-10.36","-1.56","37.62","-20.75","68.85","4.61","224.96","155.61","189","Consumer Discretionary","Film and Television Production and Distribution","4.47","4"
"The Timken Company","TKR","9667.38","139.11","805579","-.35","1.07","30.16","91.67","50.74",".19","8.41","145.32","70.79","65","Computer and Technology","Electronics - Miscellaneous Products","6.6","3"
"PT Telekomunikasi Indonesia","TLK","14809.8","14.95","871651","5.88","3.6","-10.37","15.2","-35.26","-6.81","11.1","23.43","13.43","235","Utilities","Diversified Communication Services","11.1","5"
"Talen Energy Corporation","TLN","17536.15","366.14","792947","-7.76","-11.11","1.38","44.22","-10.95","22.03","15.28","445.84","302.97","105","Oils-Energy","Alternative Energy - Other","-.63","2"
"Toyota Motor","TM","235044.08","180.34","453810","2.34","7.84","-6.55","16.92","-23.2","6.74","7.59","248.29","166.5","189","Auto-Tires-Trucks","Automotive - Foreign","7.59","3"
"TransMedics Group","TMDX","2567.53","74.29","981320","-.4",".62","-26.63","13.86","-44.33","37.13","14.43","150.42","62.04","165","Medical","Medical - Instruments","27.04","5"
"Tencent Music Entertainment Group","TME","14070.71","8.94","5637431","1.82","9.02","-2.72","4.29","-53.51","20.92","29.25","26.36","8.16","74","Consumer Discretionary","Media Conglomerates","26.45","3"
"Taylor Morrison Home","TMHC","6771.64","72.48","2581497",".75","1.16","15.29","100","12.24","-.57","9.35","72.48","54.79","205","Construction","Building Products - Home Builders","8.77","3"
"Thermo Fisher Scientific","TMO","194528.98","523.46","2022149","-1.99","11.53","11.32","50.54","-17.65","3.91","19.29","639.45","404.94","165","Medical","Medical - Instruments","15.15","3"
"TMobile US","TMUS","206452.2","190.77","4867741","1.95","3.36","2.17","25.24","-14.35","8.49","12.72","259.01","167.73","199","Computer and Technology","Wireless National","11.65","3"
"Tandem Diabetes Care","TNDM","1206.11","17.6","1671419","13.26","22.14","-5.53","41.25","-27","7.93","-7.26","28.26","10.11","165","Medical","Medical - Instruments","-9.2","4"
"TriNet","TNET","2753.92","59.94","320960","5.45","30.82","43.23","67.64","-7.59","-.85","20.67","72.42","33.85","105","Business Services","Outsourcing","3.22","3"
"TEEKAY TANK LTD","TNK","2610.43","75.56","369109","4.55","-4.61","-3.17","81.64","28.94","-22.58","45.57","83.03","42.35","45","Transportation","Transportation - Shipping","42.6","3"
"Travel  Leisure Co.","TNL","4578.63","73.35","646941",".16","-2.95","13.53","75.38","-5.19","4.06","10.92","78.74","56.85","87","Consumer Discretionary","Leisure and Recreation Services","5.85","1"
"Tokyo Electron","TOELY","195778.09","209.15","390640","-5.48","-8.19","50.13","78.59","71.61","1.66","18.72","247.8","67.27","65","Computer and Technology","Electronics - Miscellaneous Products","23.4","1"
"The Oncology Institute","TOI","536.7","5.43","2159516","-13.54","7.95","57.85","78.18","39.05","27.79","-7.31","6.28","2.38","90","Medical","Medical Services","-7.42","3"
"Toll Brothers","TOL","13758.93","147.2","988432","-3.49","-2.49","2.41","61.76","-.76","1.11","11.66","166.12","116.65","205","Construction","Building Products - Home Builders","11.66","3"
"Toast","TOST","15670.92","30.37","13777586","1.23","23.91","4.76","29.81","-22.03","24.05","9.69","49.3","22.33","104","Computer and Technology","Internet - Software","6.39","3"
"Towne Bank","TOWN","2869.55","36.34","712144","1.62","2.25","1.11","76.73","-.72","9.04","27.63","37.65","32.02","78","Finance","Banks - Southeast","13.51","4"
"Turning Point Brands","TPB","1540.88","79.56","321570","-.54","-.77","2.76","12.39","-33.09","28.39","14.73","142.98","70.59","212","Consumer Staples","Tobacco","11.53","4"
"Tutor Perini","TPC","4565.9","86.78","632104","11.59","7.14","-.1","79.62","18.04","28.11","4.4","97.31","45.65","48","Construction","Building Products - Heavy Construction","1.37","3"
"TPG Inc.","TPG","16463.94","42.84","1990305","-.72","8.24",".85","15.47","-38.83","33.43","48.78","69.66","37.93","69","Finance","Financial - Investment Management","3.81","4"
"Texas Pacific Land","TPL","28894.08","418.91","343679",".72","13.25","-2.78","54.6","32.96","13.09","60.03","539.79","273.56","105","Oils-Energy","Alternative Energy - Other","60.03","3"
"Tapestry","TPR","28722.68","142.16","2531978","5.02","-5.56","-1.17","71.71","1.43","5.09","18.22","160.49","95.69","55","Retail-Wholesale","Retail - Apparel and Shoes","8.44","2"
"Tootsie Roll Industries","TR","2921.9","38.87","330177","1.89","4.71","-9.67","45.49","-.36","1.28","13.7","44.81","33.91","236","Consumer Staples","Food - Confectionery","13.7",""
"Trex","TREX","4458.29","42.91","1974280","-2.85","-5.36","4.63","33.32","11.51","1.98","16.95","68.49","30.13","105","Construction","Building Products - Wood","16.25","1"
"Targa Resources","TRGP","60147.52","280.22","1238046","-.49","4.28","12.82","98.03","38.46","3.95","12.87","282.91","146.3","22","Oils-Energy","Oil and Gas - Refining and Marketing - Master Limited Partnerships","12.87","3"
"Thomson Reuters","TRI","39510.32","90.7","1829455","-1.13","12.38","-.65","10.4","-38.27","3","23.53","212.56","76.55","204","Business Services","Business - Services","19.93","2"
"Trinity Capital","TRIN","1611.69","17.93","1052718","1.59","6.16","10.82","100","11.57","23.54","49.05","17.93","14.18","201","Finance","Financial - SBIC & Commercial Industry","43.45","3"
"TripAdvisor","TRIP","1605.78","13.8","3013628","-1.43","11.38","27.07","46.06","-13.6","3.05","7.03","19.14","9.24","161","Retail-Wholesale","Internet - Commerce",".99","3"
"Trimble","TRMB","12086.83","51.85","2639993",".52","5.41","-22.19","8.19","-39.67","-2.61","21.48","85.24","48.87","62","Industrial Products","Manufacturing - General Industrial ","12.38","2"
"TORM","TRMD","3050.91","29.9","690236","1.61","2.61","-6.47","71.39","39.21","-14.09","34.99","34.87","17.5","45","Transportation","Transportation - Shipping","24.45",""
"Trustmark","TRMK","2732.19","46.62","462151",".82","2.15","2.46","90.71","9.11","18.31","27.66","47.66","36.46","78","Finance","Banks - Southeast","20.12","4"
"Trinity Industries","TRN","2935.34","36.92","713317","1.9","5.28","17.58","98.48","27.3","-29.95","12.71","37.13","23.3","189","Transportation","Transportation - Equipment and Leasing","12.37",""
"Terreno Realty","TRNO","7951.78","74.8","1109397","5.16","13.94","13.21","98.73","16.15","24.51","86.44","75.08","53.01","59","Finance","REIT and Equity Trust - Other","86.44","2"
"T. Rowe Price","TROW","25199.89","117.61","2134405","1.33","10.95","16.71","92.49","4.72","3.12","30.34","120.16","86.19","69","Finance","Financial - Investment Management","28.28","2"
"Tronox","TROX","1035.31","6.49","2501926","4.85","-2.84","-33.71","47.5","41.88","-5.73","-10.31","10.48","2.88","105","Basic Materials","Chemical - Diversified ","-15.82","4"
"TC Energy","TRP","71549.95","68.67","2641022",".2","-1.07","9.07","90.7","13.8","8.51","24.19","70.91","46.82","105","Oils-Energy","Alternative Energy - Other","22.22","3"
"TriMas","TRS","1452.1","40.53","385755","-.27","-5.96","10.2","69.92","4.22","12.66","7.78","45.03","30.07","205","Industrial Products","Metal Products - Procurement and Fabrication","93.79","2"
"TPG RE Finance Trust","TRTX","671.03","8.68","693347","1.88",".35","3.58","50.71","-8.1","-5.51","57.53","9.72","7.61","96","Finance","Real Estate - Operations","19.38","2"
"TransUnion","TRU","14658.58","76.03","2390230",".6","15.27","8.49","33.34","-19.17","9.38","18.37","99.22","64.43","41","Business Services","Business - Information Services","14.91","3"
"Trupanion","TRUP","1127.59","25.85","347037",".12","9.67","3.57","14.78","-36.94","11.95","1.74","51.16","21.46","69","Finance","Insurance - Accident and Health","1.74","2"
"The Travelers Companies","TRV","77095.59","369.63","1815762","9.74","16.62","19.23","100","16.17","5.18","16.85","369.63","254.91","158","Finance","Insurance - Property and Casualty","16.95","2"
"Tenaris","TS","30541.14","56.98","975193","1.19","-1.81","-9.77","76.79","35.09","-4.33","16.17","64.02","33.69","105","Industrial Products","Steel - Pipe and Tube","16.17","3"
"Tractor Supply Co.","TSCO","15544.69","29.64","10102971","-2.98","-.13","-16.72","1.49","-45.97","4.31","6.91","62.65","29.14","55","Retail-Wholesale","Retail - Miscellaneous","6.91","4"
"Tower Semiconductor","TSEM","28214.83","250.91","1742062","-1.79","-11.23","29.64","75.77","94.8","9.05","17.51","316.85","44.67","60","Computer and Technology","Electronics - Semiconductors","15.13",""
"Tesla","TSLA","1423156.38","378.93","37443140","-4.35","-.7",".77","40.75","-23.19","-2.93","6.52","489.88","302.63","105","Auto-Tires-Trucks","Automotive - Domestic","3.95","3"
"Sixth Street Specialty Lending","TSLX","1627.69","17.13","622222","-.12","3.88","-9.89","10.81","-28.1","-6.94","44.67","24.8","16.2","201","Finance","Financial - SBIC & Commercial Industry","25.25","2"
"Taiwan Semiconductor","TSM","2202241.75","424.61","14560226","1","-2.7","8.23","78.84","27.38","35.9","50.31","477.57","227.33","1","Computer and Technology","Semiconductor - Circuit Foundry","50.31","1"
"Tyson Foods","TSN","20088.98","57.05","2762012","-.75","-.64","-11.01","35.11","-11.28","2.12","2.49","68.75","50.72","214","Consumer Staples","Food - Meat Products",".81","3"
"TSS","TSSI","275.41","9.81","790968","-9.42","-22.88","-35.5","12.94","26.49","66.03","7.14","29.26","6.92","96","Construction","Engineering - R and D Services","7.14","3"
"Trane Technologies","TT","103871.76","469.89","1218232","-2.82","-.94","-2.26","73.57","10.06","7.48","13.74","503.46","376.43","98","Business Services","Technology Services","13.41","3"
"ServiceTitan Inc.","TTAN","6960.21","72.96","1821664","-8.9","13.66","20.24","27.47","-37.55","24.5","11.88","119.62","55.29","104","Computer and Technology","Internet - Software","-13.44","3"
"Toro","TTC","8879.2","93.24","629062",".56","2.28","-1.57","74.77","7.98","-1.6","9.44","101.76","67.99","105","Consumer Discretionary","Tools - Handheld","7.29","3"
"The Trade Desk","TTD","8579.48","18.25","13339774","-3.64","1.78","-21.44","1.27","-56.17","18.47","28.37","89.76","17.33","105","Computer and Technology","Internet - Services","14.57","3"
"TDK","TTDKY","37069.41","19.07","443184","-4.79","-20.58","10.81","53.18","23.29","14.93","7.87","25.91","11.3","60","Computer and Technology","Electronics - Miscellaneous Components","7.87","2"
"TotalEnergies","TTE","200278.19","83.53","1700120","3.24","4.01","-8.24","72.19","16.4","-6.22","9.13","93.6","57.39","40","Oils-Energy","Oil and Gas - Refining and Marketing","7.43","4"
"Tetra Tech","TTEK","7918.1","30.51","2569673","-1.93","8.81","-2.77","26.35","-17.07","4.69","9.4","42.61","26.18","96","Construction","Engineering - R and D Services","8.58","3"
"Tetra Technologies","TTI","1210.96","9.1","1758209","-4.01","-10.17","-6.57","64.18","-11.47","5.31","4.8","12.32","3.33","160","Oils-Energy","Oil and Gas - Field Services","1.15","3"
"TTM Technologies","TTMI","15250.38","146.85","3006818","3.44","-31.11","6.73","58.87","94.01","18.98","9.23","221.47","40.06","60","Computer and Technology","Electronics - Miscellaneous Components","6.29","3"
"TakeTwo Interactive Software","TTWO","43804.33","235.93","2283990","-.47","-2.77","10.76","63.69","-16","18.16","11.3","262.29","189.69","176","Consumer Discretionary","Gaming","-4.48","3"
"TELUS","TU","16023.32","10.18","5924755","-2.49","-11.4","-17.44","0","-29.54","-1.14","6.74","16.63","10.18","235","Utilities","Diversified Communication Services","4.54","2"
"Travere Therapeutics","TVTX","5261.54","56.58","1593365","-.84","1.13","38.37","94.39","34.99","110.45","-3.9","59.03","15.32","98","Medical","Medical - Biomedical and Genetics","-4","3"
"Tradeweb Markets","TW","22926.18","97.29","1636662","-1.56","-1.91","-13.41","10.6","-17.53","18.92","40.49","146.12","91.5","29","Finance","Financial - Investment Bank","40.25","3"
"Titan International","TWI","499.53","7.76","514612","2.78","6.59","-4.55","23.69","-9.65","-.95","-.89","11.4","6.63","159","Auto-Tires-Trucks","Automotive - Original Equipment","-4.72",""
"Twilio","TWLO","29781.06","196.22","1754737","-9.92","6.62","38.03","71.97","25.76","13.66","15.74","236.64","92.44","104","Computer and Technology","Internet - Software","1.96","1"
"Two Harbors Investments Corp","TWO","1271.06","12.1","1984502","-.08","-1.79","9.9","61.46","5.05","-8.48","-266.01","14.1","8.91","180","Finance","REIT and Equity Trust","-87.72","1"
"Twist Bioscience","TWST","5969.33","95.86","1641330","3.6","12.78","62.06","91.08","175.5","20.32","-30.39","102.88","24.16","98","Medical","Medical - Biomedical and Genetics","-19.85","3"
"Ternium","TX","8989.27","44.84","472096",".13","-1.15","3.32","69.35","7.04","-11.56","3.89","51.24","30.36","47","Basic Materials","Steel - Producers","3.66","1"
"10x Genomics","TXG","5992.33","47.2","3168453","3.08","48.1","120.87","100","163.82","5.25","-3.55","47.2","11.34","74","Medical","Medical Info Systems","-3.55","3"
"Texas Instruments","TXN","265110","291.3","8586358","-4.66","-4.29","9.92","77.1","53.07","13.05","29.11","332.28","153.33","5","Computer and Technology","Semiconductor - General","29.11","2"
"TXNM Energy, Inc.","TXNM","6430.98","58.09","1593601","1.91","1.27","-1.49","54.87","-10.06","9.86","11.19","59.48","56.4","105","Oils-Energy","Alternative Energy - Other","6.96","3"
"Texas Roadhouse","TXRH","12771.92","194.31","977125","2.76","7.96","22.74","92.22","6.71","9.39","6.85","197.55","155.88","205","Retail-Wholesale","Retail - Restaurants","6.85","3"
"Textron","TXT","15742.17","90.53","1422539","1.15","4.78","2.71","56.88","-5.32","8.01","7.38","100.77","77.02","98","Aerospace","Aerospace - Defense","6.15","3"
"Tyler Technologies","TYL","12639.27","299.74","699053","-.51","7.38","-11.96","7.27","-39.81","9.1","21.29","611.76","275.27","68","Computer and Technology","Internet - Software and Services","13.26","2"
"Unity Software","U","13039.3","29.87","6424319","-5.92","8.19","12.55","39.39","-38.35","2.01","10.15","49.47","17.13","104","Computer and Technology","Internet - Software","-34.99","1"
"Under Armour","UA","3073.8","7.21","3721522","11.44","28.52","16.48","82.91","36.93","-3.83","1","7.88","3.96","172","Consumer Discretionary","Textile - Apparel","-9.98",""
"Under Armour","UAA","3142.01","7.37","9075514","11.5","27.51","15.16","80.61","35.18","-3.83","1","8.14","4.17","172","Consumer Discretionary","Textile - Apparel","-9.98","4"
"United Airlines","UAL","38203.51","117.7","4943119","-2.2","-3.17","30.18","64.28","-4.04","3.52","4.71","136.11","84.57","78","Transportation","Transportation - Airline","5.56","2"
"United States Antimony","UAMY","865.4","5.84","6074696","-9.46","-16.69","-45.98","20.07","6.05","162.81","-17.62","17.47","2.92","183","Basic Materials","Mining - Non Ferrous","-41.45","4"
"Uber Technologies","UBER","145647.11","71.55","18327408","-.74","2.7","-3.45","9.34","-20.17","18.28","20.43","100.1","68.61","105","Computer and Technology","Internet - Services","15.91","3"
"UBS","UBS","163477.08","52.33","1623712","-2.77","4.06","24.3","85.62","3.01","-9.98","17.78","55.07","36.02","102","Finance","Banks - Foreign","12.66","1"
"United Bankshares","UBSI","6505.47","47.21","1076822","2.21","4.24","7.05","92.77","12.08","12.01","39.81","48.22","34.31","78","Finance","Banks - Southeast","27.45","3"
"United Community Banks","UCB","4230.92","35.35","1018348","-.73","3.85","5.08","78.65","3.22","2.3","31.65","37.09","28.94","78","Finance","Banks - Southeast","24.43","3"
"Ultra Clean","UCTT","4713.7","105.15","1606362","1.33","-5.8","34.38","69.05","278.43","-2.08","2.39","142.59","21.63","30","Computer and Technology","Electronics - Manufacturing Machinery","-9.38","1"
"United Dominion Realty Trust","UDR","12856.91","39.57","2919519","-1","3.37","9.28","76.95","-1.66","2.42","28.8","41.37","33.56","93","Finance","REIT and Equity Trust - Residential","28.6","3"
"Urban Edge Properties","UE","2974.07","23.6","1007133","2.97","2.97","6.69","94.1","12.11","6.06","22.65","23.92","18.5","73","Finance","REIT and Equity Trust - Retail","22.2","4"
"UFP Industries","UFPI","4795.74","84.91","446623",".68","1.06","-11.32","15.76","-14.99","-4.99","4.31","115.62","79.17","105","Construction","Building Products - Wood","4.31","5"
"UGI","UGI","7823.23","36.49","1209108",".52","5.1","-3.39","53.38","-11.13","1.07","9.43","40.63","31.75","186","Utilities","Utility - Gas Distribution","8.71","4"
"Ultrapar Participacoes","UGP","7005.38","6.28","4299269","5.72","27.13","6.8","100","51.85","3.05","2.06","6.28","2.83","221","Oils-Energy","Oil and Gas - Production and Pipelines","2.04","3"
"U-Haul Holding Company","UHALB","10960.56","62.11","444775","3.22","12.03","26.83","94.83","21.14","3.59","1.38","63.32","39.91","81","Transportation","Transportation - Services","1.38",""
"Universal Health Services","UHS","9075","149.91","810452","3.94","2.78","-7.77","8.48","-37.32","9.71","8.04","244.18","141.17","221","Medical","Medical - Hospital","8.56","4"
"Frontier Group","ULCC","1415.5","6.16","3871976","-3.67","-15.03","62.53","61.69","19.23","-1.35","-4.26","8.06","3.1","78","Transportation","Transportation - Airline","-9.62","2"
"UL Solutions Inc.","ULS","17231.63","85.49","1207465","-2.36","-4.69","-3.17","54.09","-1.17","6.38","13.78","104.89","62.63","204","Business Services","Business - Services","11.24","3"
"Ulta Beauty","ULTA","21041.98","489.47","641623","4.34","6.56","-9.05","15.12","-26.25","9.71","9.36","706.82","450.75","55","Retail-Wholesale","Retail - Miscellaneous","9.36","3"
"Unusual Machines, Inc.","UMAC","933.41","19.53","3955300","4.55","-9.21","34.78","45.87","39.75","101.24","-37.06","33.42","7.76","69","Computer and Technology","Wireless Equipment","-32.71","3"
"UMB Financial","UMBF","10926.5","143.81","694803",".84","3.1","14.73","90.44","13.96","48.06","33.17","148.02","103.99","78","Finance","Banks - Midwest","20.42","3"
"United Microelectronics","UMC","53348.61","21.19","16515504","-11.12","-19.12","81.73","68.18","145.76","6.74","20.71","28.01","6.58","60","Computer and Technology","Electronics - Semiconductors","20.71","4"
"UMH Properties","UMH","1319.22","15.49","597730",".78","2.24","-.77","45.07","-11.25","8.81","11.03","17.16","14.12","93","Finance","REIT and Equity Trust - Residential","11.03","3"
"UniCredit","UNCRY","142019.02","47.09","541932",".66","4.74","22.18","96.97","3.52","-14.59","34.34","47.51","33.65","102","Finance","Banks - Foreign","34.34","4"
"United Natural Foods","UNFI","3021.11","49.92","617283",".77","-3.03","3.87","81.62","35.16","2.6",".37","55.52","25.05","198","Consumer Staples","Food - Miscellaneous","-.12","1"
"UnitedHealth Group","UNH","396268.81","436.35","6007520","2.62","6.62","18.97","100","20.5","11.81","3.76","436.35","237.77","24","Medical","Medical - HMOs","3.14","1"
"Uniti Group","UNIT","2687.97","11.07","2392610",".54","-3.82","-3.66","77.27","43.96","91.49","-12.57","12.75","5.36","199","Computer and Technology","Wireless National","39.61","3"
"Unum Group","UNM","14121.02","88.38","1274661","-.1","-3.24","13.57","82.01","3.96","1.46","10.43","92.73","68.55","69","Finance","Insurance - Accident and Health","5.86","3"
"Union Pacific","UNP","174035.16","293.13","2643679","1.68","13.35","9.48","90.07","15.52","1.07","28.62","301.75","214.91","183","Transportation","Transportation - Rail","29.2","3"
"Upbound Group, Inc.","UPBD","1277.22","21.91","1028327","3.94","17.23","14.95","51.64","13.74","8.67","5.22","27.35","16.1","105","Finance","Financial - Leasing Companies","1.78","3"
"United Parcel Service","UPS","98889.73","116.34","4329311","2.35","9.93","11.93","90.22","6.92","-2.65","6.48","120","82.58","105","Transportation","Transportation - Air Freight and Cargo","5.94","3"
"Upstart","UPST","2801.48","29.27","3727020","-7.72","-6.96","-10.93","8.43","-38.98","63.99","16.1","84.13","24.22","186","Finance","Financial - Miscellaneous Services","4.34","3"
"Upwork","UPWK","1135.13","9.19","3012168","1.77","11.94","-11.46","9.46","-57.73","2.4","15.73","22.11","7.84","105","Computer and Technology","Internet - Services","13.81",""
"Urban Outfitters","URBN","6314.73","73.74","1143909","5.06","3.86","5.66","61.26","-10.68","11.07","8.02","82.7","59.57","55","Retail-Wholesale","Retail - Apparel and Shoes","7.48","2"
"Urogen Pharma","URGN","2133.04","43.78","809743","11.71","24.55","81.51","100","70.41","21.45","-94.83","43.78","15.27","98","Medical","Medical - Biomedical and Genetics","-94.83","2"
"United Rentals","URI","63494.79","1013.54","430240","-4.91","-4.67","5.28","70.64","14.16","4.91","16.79","1139.51","710.47","98","Construction","Building Products - Miscellaneous","15.32","2"
"U.S. Bancorp","USB","98822.56","63.71","8597825","2.53","6.09","13.34","98.5","8.84",".35","27.24","64.01","43.94","28","Finance","Banks - Major Regional","18.49","2"
"US Foods","USFD","20866","94.75","2749615","-6.19",".79","4.84","72.14","14.68","4.08","2.34","104.29","70.05","198","Consumer Staples","Food - Miscellaneous","1.71","3"
"United Therapeutics","UTHR","22744.23","535.83","402384","1.74","-1.56","-5.85","81.08",".25","10.61","40.62","596.76","274.7","105","Medical","Medical - Drugs","40.62","3"
"Universal Technical Institute","UTI","2054.89","37.32","898857","-20","-6.11","5.01","52.84","30.2","14.05","4.91","51.2","21.77","105","Consumer Discretionary","Schools","4.91","3"
"Utz Brands","UTZ","2023.04","14.06","4897037","87.97","99.43","75.53","94.41","23.48","2.09","8.06","14.49","6.8","198","Consumer Staples","Food - Miscellaneous","-.58","3"
"Energy Fuels","UUUU","3086.51","12.35","7485448","-6.65","-20.17","-40.02","20.16","-22.57","-15.61","-83.26","27.72","8.47","183","Basic Materials","Mining - Non Ferrous","-83.26","2"
"Visa","V","638257.38","355.82","8526278","-.06","8.32","15.04","86.61","-7.51","11.34","56.02","365.14","295.52","90","Business Services","Financial Transaction Services","51.68","2"
"MARRIOTT VAC WW","VAC","3364.93","97.98","398482","1.03",".48","37.61","91.21","54.83","1.31","4.99","103.04","45.49","87","Consumer Discretionary","Leisure and Recreation Services","-6.72","3"
"Valaris","VAL","5407.18","78.08","884088","-.52","-.59","-23.43","48.91","41.23",".27","15.46","113.42","44.25","81","Oils-Energy","Oil and Gas - Drilling","45.37","3"
"VALE","VALE","64680.86","14.25","20173442","-2.33","-6.92","-15.73","56.94","-.3",".91","20.63","17.82","9.53","105","Basic Materials","Mining - Iron","7.21","4"
"Visteon","VC","2776.98","104.03","681132",".06","-10.18","-5.74","44.19","-.28","-2.53","6.68","128.76","84.45","159","Auto-Tires-Trucks","Automotive - Original Equipment","5.99","2"
"Vericel","VCEL","2356.29","46.14","617898",".11","14.24","29.42","88.56","16.81","16.45","7.35","48.31","29.34","98","Medical","Medical - Biomedical and Genetics","7.35","3"
"Victory Capital Holdings","VCTR","6123.05","97.92","485897",".23","13.54","28.49","93.32","41.49","46.19","36.76","100.58","60.76","69","Finance","Financial - Investment Management","25.79","1"
"Veracyte","VCYT","4750.06","59.53","1226087","5.14","10.67","78.07","97.44","28.9","16.01","29.69","60.49","23.03","165","Medical","Medical - Instruments","16.25","4"
"Veeco Instruments","VECO","3367.22","55.17","1400864","-4.91","-26.28","15.35","55.83","75.98","-7.39","10.21","83.04","19.94","30","Computer and Technology","Electronics - Manufacturing Machinery","3.53","3"
"Veeva Systems","VEEV","30740.77","189.24","2031332","-1.99","18.49","19.4","24.43","-22.72","16.34","42.05","306.22","151.43","74","Medical","Medical Info Systems","28.37","3"
"Velo3D, Inc.","VELO","337.64","11.33","2666753","-11.42","-45.16","-16.81","30.25","-24.83","12.12","-73.79","30.61","2.97","161","Industrial Products","Industrial Services","-107.94","3"
"Vertex","VERX","1987.11","12.28","1714912","-1.6","12.45","-2.77","6.71","-43.94","12.25","14.32","35.91","10.58","104","Computer and Technology","Internet - Software","-.84","3"
"Vermilion Energy","VET","1560.07","10.2","1126177","3.87","3.66","-21.84","42.58","11.49","-9.9","-3.11","14.42","7.07","105","Oils-Energy","Oil and Gas - Exploration and Production - International","-43.49",""
"V.F. Corporation","VFC","6634.59","16.91","5621158","1.44","0","-9.62","53.08","-14.74","1.06","3.51","21.55","11.66","172","Consumer Discretionary","Textile - Apparel","2.65","4"
"Venture Global, Inc.","VG","34930.08","14.06","13131713","6.27","25.42","15.63","70.11","87.94","176.93","16.94","17.53","5.92","210","Oils-Energy","Oil and Gas - Exploration and Production - United States","16.94","2"
"Viavi Solutions","VIAV","10062.72","43.02","6282781","2.8","-13.91","-.35","72.99","120.08","8.39","13.32","55.33","9.76","39","Computer and Technology","Communication - Components","-4.03","3"
"VICI Properties","VICI","28414.82","26.58","9721729","1.14","-.15","-7.23","8.13","-13.83","4.08","76.83","33.93","25.93","59","Finance","REIT and Equity Trust - Other","76.83","2"
"Vicor","VICR","9786.33","214.7","939210","-18.83","-36.12","-13.67","50.86","78.58","26.08","30.65","379.78","43.85","60","Computer and Technology","Electronics - Miscellaneous Components","30.65","2"
"Viking Holdings Ltd.","VIK","44242.5","99.27","2079455","1.66","-1.86","24.82","88.26","26.73","21.89","18.34","104.95","56.58","87","Consumer Discretionary","Leisure and Recreation Services","18","2"
"Vipshop","VIPS","7034.25","14.69","2472229","5.99","11.54","3.96","22.81","-24.3","1.97","8.24","20.68","12.92","66","Computer and Technology","Internet - Delivery Services","7.08","3"
"Vir Biotechnology","VIR","1588.7","9.42","1874217","-.74","-7.28","-8.37","75.48","42.41","-7.61","-675.96","11.09","4.28","98","Medical","Medical - Biomedical and Genetics","-638.88","3"
"Virtu Financial","VIRT","8932.97","57.6","1215132","-3.31","-9.16","17.77","73.23","57.59","26.25","43.61","66.82","32.38","186","Finance","Financial - Miscellaneous Services","14.17","3"
"Vistance Networks, Inc.","VISN","2815.11","12.48","5948043","3.23","-.16","26.06","37.73","-37.25","-54.07","10.91","20.55","7.59","105","Computer and Technology","Communication - Network Software","175.01","3"
"Vista Energy, S.A.B. de C.V. - Sponsored ADR","VIST","6781.88","65.05","850729","-1.03","-2.47","-11.04","68.82","21.87","50.15","15.87","79.25","33.7","234","Oils-Energy","Oil and Gas - Integrated - International","23.56","5"
"Vital Farms","VITL","561.74","13.11","1750019","0","22.75","1.16","10.94","-62.58","25.26","6.1","52.41","8.28","198","Consumer Staples","Food - Miscellaneous","6.1","4"
"Telefonica Brasil","VIV","22968.76","14.12","1051995",".64","6.81","-9.95","52.44","8.53","3.04","10.49","17.14","10.79","235","Utilities","Diversified Communication Services","10.49","4"
"Valero Energy","VLO","93474.43","314.8","3031548","4.44","29.19","31.02","100","76.29","-5.54","3.42","314.8","131.77","40","Oils-Energy","Oil and Gas - Refining and Marketing","3.37","2"
"Controladora Vuela Compania de Aviacion, B. de C.V.","VLRS","930.45","7.98","621081","2.31","-13.26","10.68","57.4","-18.08","-3.31","-5.71","10.63","4.41","78","Transportation","Transportation - Airline","-5.71","3"
"Veralto Corporation","VLTO","22148.14","90.18","2000791","-1.87","6.6","5.35","28.89","-17.61","5.97","17.99","109.75","82.23","93","Business Services","Waste Removal Services","17.33","3"
"Valley National Bancorp","VLY","8134.65","14.68","6338071",".69","2.09","7.78","91.51","14.58","-2.44","30.59","15.19","9.18","87","Finance","Banks - Northeast","18.61","3"
"Vulcan Materials","VMC","35909.66","276.75","1072722","-5.19","-7.47","-5.05","26.9","-11.55","7.06","13.73","330.37","257.02","172","Construction","Building Products - Concrete and Aggregates","13.81","3"
"Viemed Healthcare","VMD","456.98","11.92","347424","-.17","8.96","18.61","93.59","46.25","20.52","5.2","12.33","5.93","168","Medical","Medical - Products","5.2","3"
"Vanda Pharmaceuticals","VNDA","329.54","5.48","826188","-6.32","-7.9","-19.88","24.02","-43.36","8.72","-57.79","9.56","4.19","98","Medical","Medical - Biomedical and Genetics","-109.99","3"
"VNET Group, Inc. - Unsponsored ADR","VNET","2085.47","7.71","4047403","-.52","-7.78","-9.29","5.53","-16.92","25.74","-18.81","14.03","7.34","104","Computer and Technology","Internet - Software","-22.02","3"
"Vornado Realty Trust","VNO","7518.27","39.97","1506983","2.15","6.16","31.91","83.57","9.49","1.27","43.99","42.97","24.71","59","Finance","REIT and Equity Trust - Other","43.99","2"
"Viper Energy Inc.","VNOM","16105.89","44.86","1701801","4.33","2.7","-6.23","59.7","5.86","62.14","16.01","50.95","35.84","210","Oils-Energy","Oil and Gas - Exploration and Production - United States","-2.77","3"
"Vontier","VNT","4256.38","30.23","1492322","2.96",".53","-14.63","15.27","-25.88","3.24","15.24","43.71","27.8","98","Business Services","Technology Services","13.37","4"
"Voya Financial","VOYA","8907.96","98.25","998894","-.05","6.74","20.33","93.33","20.24","1.73","67.43","100.59","65.51","183","Finance","Insurance - Life Insurance","8.24","3"
"Voyager Technologies, Inc.","VOYG","1441.39","26.94","1825466","-9.54","-19.82","1.2","26.5","-6.05","15.42","-49.67","51.77","17.99","86","Aerospace","Aerospace - Defense Equipment","-72.9","3"
"Vishay Precision Group","VPG","1495.3","112.42","544560","1.4","-16.21","96.5","69.79","166.19",".22","2.39","149.91","25.8","60","Computer and Technology","Electronics - Miscellaneous Components","1.85","3"
"Viridian Therapeutics","VRDN","1976.97","19.18","2350421",".52","10.99","40.93","28.71","-43.82","23359.93","-490.31","33.78","13.3","98","Medical","Medical - Biomedical and Genetics","-490.31","3"
"VAREX IMAGING","VREX","451.31","10.72","466411","1.42","1.9","-11.19","50.81","-16.12","4.14","4.62","14.36","6.96","168","Medical","Medical - Products","-9.64","1"
"Varonis Systems","VRNS","5302.12","46.18","2226767","-4.17","31.83","81.53","60.27","28.35","13.17","4.68","63.31","20.19","48","Computer and Technology","Security","-19.75","3"
"Verisk Analytics","VRSK","25582.01","195.25","1969229","2.47","11.73","10.52","26.48","-20.43","6.63","32.38","301.9","156.84","41","Business Services","Business - Information Services","29.34","3"
"VeriSign","VRSN","24219.65","266.15","710038","-1","7.66","-1.57","55.49","-.13","6.37","49.95","310","211.49","68","Computer and Technology","Internet - Software and Services","49.95","3"
"Vertiv","VRT","116961.14","304.5","5715491",".3","-4.34","-.17","71.81","71.34","27.69","17.05","376.23","121.82","64","Computer and Technology","Computers - IT Services","14.37","2"
"Vertex Pharmaceuticals","VRTX","122334.21","482","1854075","1.19","2.9","12.06","70.81","-3.08","8.9","39.61","529.59","366.54","98","Medical","Medical - Biomedical and Genetics","35.51","3"
"Viasat","VSAT","10063.77","73.69","2873646","5.51","15.36","26.92","78.6","94.94","2.67","3.09","89.81","14.47","69","Computer and Technology","Wireless Equipment","-.73","5"
"VSE","VSEC","5682.42","202.53","530355","-2.91","-5.22","15","67.26","6.86","2.98","8.43","238.01","129.64","96","Construction","Engineering - R and D Services","4.95","2"
"Vishay Intertechnology","VSH","5414.29","39.78","7076036","-4.7","-32.53","48.77","52.67","150.27","4.48",".15","64.9","11.82","105","Computer and Technology","Semiconductor - Discretes",".07","3"
"Vistra","VST","54734.83","162.33","3907218","2.46","-.04",".75","33.19","-8.27","2.98","14.77","217.92","134.71","102","Utilities","Utility - Electric Power","11.52","1"
"Verastem","VSTM","527.24","6","3107382","7.72","42.52","9.89","34.84","-29.15","209.14","-391.17","10.77","3.45","98","Medical","Medical - Biomedical and Genetics","-391.17","4"
"Vestis Corporation","VSTS","2115","16.01","1414885","7.45","21.29","66.42","96.06","118.82","-2.53","1.69","16.5","4.06","30","Industrial Products","Uniform and Related","-.63","3"
"Victoria's Secret","VSXY","6917.18","87.09","1800087","6.31","10.58","68.36","97.98","46.56","5.2","4.34","88.5","18.72","55","Retail-Wholesale","Retail - Apparel and Shoes","3.11","1"
"Ventas","VTR","47459.89","97.62","3577432","5.65","14.35","11.48","100","15.01","18.47","4.25","97.62","65.23","59","Finance","REIT and Equity Trust - Other","4.25","3"
"Viatris","VTRS","20484.48","17.59","8900352","7.85","11.68","18.69","100","28.8","-2.98","19.66","17.59","8.74","90","Medical","Medical Services","-2.04","3"
"Vitesse Energy, Inc.","VTS","663.65","15.91","476071","1.4","-1.43","-14.83","7.62","-24.7","13.22","8.09","26.82","15.01","210","Oils-Energy","Oil and Gas - Exploration and Production - United States","-7.15","3"
"Valvoline","VVV","5031.3","39.45","1960125","1.44","2.95","21.83","89.66","23.75","5.64","11.75","40.67","28.87","40","Oils-Energy","Oil and Gas - Refining and Marketing","5.03","1"
"V2X, Inc.","VVX","2469.46","78.87","542051","5.67","-5.31","21.58","72.66","31.8","3.65","3.89","90.81","47.14","98","Business Services","Technology Services","1.88","1"
"Volkswagen","VWAGY","42359.45","8.45","495486","1.44","-6.22","-18.2","6.45","-36.81","3.64","1.96","12.8","8.15","189","Auto-Tires-Trucks","Automotive - Foreign","1.96","3"
"NCR Voyix Corporation","VYX","1094.19","7.94","2236937","-.38","13.43","12.31","21.11","-29.04","-4.92","4.86","14.63","6.15","17","Computer and Technology","Computer - Integrated Systems","2.2","3"
"Verizon Communications","VZ","182805.97","43.78","32272550","3.08","-6.31","-7.32","41.45","-2.01","2.52","14.57","51.38","38.4","199","Computer and Technology","Wireless National","12.46","3"
"Wayfair","W","11194.62","84.81","2656798","-4.43","-.05","15.25","45.33","-23","5.11","3.23","119.05","56.42","161","Retail-Wholesale","Internet - Commerce","-2.41","3"
"Wabtec","WAB","44715.07","263.53","802884",".58","-2.49",".13","80.46","12.55","7.51","13.97","282.45","185.65","189","Transportation","Transportation - Equipment and Leasing","10.52","2"
"WaFd, Inc.","WAFD","2739.78","37.08","646585","-2.45","-.48","4.22","80.5","5.53","-1.52","31.18","39.32","27.83","45","Finance","Banks - West","18.47","3"
"Western Alliance Ban","WAL","8789.42","80.5","976208",".2","-.22",".04","46.97","-12.71","5.64","25.71","96.08","66.7","45","Finance","Banks - West","17.2","4"
"Waters","WAT","36088.21","367.55","830095","-2.35","2.9","22.22","66.63","-11.79","6.99","23.11","412.54","277.72","165","Medical","Medical - Instruments","11.91","3"
"Waystar Holding Corp.","WAY","4125.9","21.51","2737595","-3.06","16.84","-14.74","17.81","-40.13","16.5","24.67","40.89","17.31","104","Computer and Technology","Internet - Software","10.9","3"
"Weibo","WB","1964.4","8","949854","4.44","9.29","-1.72","14.21","-28.64",".14","23.14","12.83","7.2","180","Computer and Technology","Internet - Content","21.15","5"
"Warner Bros. Discovery","WBD","64759.34","25.83","21291730","-6","-3.91","-4.16","78.39","-18.3","-5.15","-4.67","29.98","10.78","105","Consumer Discretionary","Broadcast Radio and Television","-4.67","4"
"Webster Financial","WBS","12325.36","76.07","3251064","-.07",".22","5.65","93.49","10.18","5.83","35.31","77.6","54.1","87","Finance","Banks - Northeast","22.78","2"
"WEBTOON Entertainment Inc.","WBTN","1399.68","10.35","361932","-8.89","-5.99","-15.03","13.9","-27.59","2.54","4.76","21.31","8.58","180","Computer and Technology","Internet - Content","-24.12","4"
"WESCO International","WCC","16031.7","329.16","743857","-3.23","-6.78","7.42","73.5","22.66","7.76","2.81","374.52","203.35","62","Computer and Technology","Electronics - Parts Distribution","2.79","3"
"Waste Connections","WCN","42502.14","168.43","1332412","-.67","5.64","2.99","45.33","-12.44","6.14","14.05","191.84","149.02","93","Business Services","Waste Removal Services","10.97","3"
"Workday","WDAY","34868.99","141.17","4113308",".97","22.62","16.5","21.21","-40.08","13.09","25.85","247.69","112.5","104","Computer and Technology","Internet - Software","8.6","3"
"Western Digital","WDC","189020.23","548.39","8605424","-2.65","-18.24","40.26","70.87","190.2","-26.79","27.09","746.23","67.06","27","Computer and Technology","Computer- Storage Devices","55.29","1"
"Weave Communications","WEAV","541.05","6.8","1122919","-8.48","25","36.55","64.63","-18.33","16.99","3.58","8.13","4.37","104","Computer and Technology","Internet - Software","-10.05","3"
"WEC Energy Group","WEC","36422.64","111.82","1837876","-2.81","-2.03","-3.42","54.26","-3.34","13.96","17.72","118.85","103.48","102","Utilities","Utility - Electric Power","16.25","4"
"Welltower","WELL","173916.14","246.37","2971367","4.39","13.19","15","100","21","35.63","11.96","246.37","158.29","59","Finance","REIT and Equity Trust - Other","11.96","2"
"Wendy's","WEN","1453.37","7.63","32280604","2.83","21.98","12.04","28.35","-16.5","-3.1","7.08","11.32","6.17","205","Retail-Wholesale","Retail - Restaurants","6.77","4"
"Werner Enterprises","WERN","2835.04","47.29","1063408","5.56","15.26","37.47","100","43.65","-1.84",".3","47.29","23.15","5","Transportation","Transportation - Truck","-.28","2"
"Western Midstream Partners","WES","18346.27","46.59","691498","1.46","7.08","12.54","92.65","7.52","6.61","29.98","47.33","37.26","22","Oils-Energy","Oil and Gas - Refining and Marketing - Master Limited Partnerships","29.98","2"
"Westrock Coffee Company","WEST","746.94","7.71","707053","7.83","-15.09","36.94","66.44","72.69","39.76","-3.17","9.73","3.71","90","Consumer Staples","Beverages - Soft drinks","-5.59","3"
"WEX","WEX","5580.19","160.96","564697","3.78","23.56","5.58","58.72","-1.51","1.24","21.69","184.93","126.86","90","Business Services","Financial Transaction Services","11.5","3"
"Wells Fargo & Company","WFC","268501.03","87.74","16056427","2.87","4.29","7.66","62.34","-14.18","-1.49","26.52","96.39","73.42","29","Finance","Financial - Investment Bank","17.55","2"
"Weatherford International","WFRD","5976.88","83.32","1578329","1.6","-6.79","-24.47","51.53","-2.94","-10.79","7.66","111.42","53.45","160","Oils-Energy","Oil and Gas - Field Services","7.66","3"
"Winnebago Industries","WGO","858.81","30.38","915632","4.72","7.43","-6.55","13.77","-31.65","-5.9","2.02","49.85","27.27","247","Construction","Building Products - Mobile Homes and RV Builders","1.36","5"
"GENEDX HOLDINGS","WGS","1830.27","61.65","763379","-1.25","6.15","-6.69","20.41","-56.79","39.97","5.85","167.51","34.51","90","Medical","Medical Services","-17.58","3"
"Wyndham Hotels & Resorts","WH","5668.44","75.72","1332716","-2.46","-10.55","-11.4","28.25","-8.65","1.49","24.93","92","69.31","219","Consumer Discretionary","Hotels and Motels","13.4","3"
"Cactus","WHD","4424.96","55.19","841891","4.92","4.45","-1.29","74.27","10.14","-4.49","18.14","62.74","33.4","202","Oils-Energy","Oil and Gas - Integrated - United States","6.17","2"
"Whirlpool","WHR","2362.15","36.44","2301917","-5.72",".69","-33.99",".39","-53.95","-6.52","1.48","99.74","36.19","105","Consumer Discretionary","Household Appliances","1.08","5"
"Wingstop","WING","3675.03","134.95","1109000","-9.07","-10.28","-21.98","6.19","-48.42","11.35","16.72","377.34","118.96","205","Retail-Wholesale","Retail - Restaurants","15.77","3"
"Wix.com","WIX","2981.02","51.12","1140465","-3.02","26.44","-34.07","7.43","-55.14","13.2","18.94","184.24","40.43","64","Computer and Technology","Computers - IT Services","-1.97","3"
"Workiva","WK","3084.32","54.96","853407","2.37","16.99","1.42","21.74","-41.91","19.75","15.61","93.31","44.31","104","Computer and Technology","Internet - Software","1.53","3"
"World Kinect Corporation","WKC","1872.93","36.47","1043040",".19","14.18","35.93","96.66","41.9","-12.45",".32","36.95","22.59","40","Oils-Energy","Oil and Gas - Refining and Marketing","-1.53","3"
"Willdan Group","WLDN","1100.66","72.84","319156",".3","-11.48",".17","8.72","-35.94","20.46","21.15","134.94","66.91","204","Business Services","Business - Services","8.24","3"
"Willis Lease Finance","WLFC","1380.92","65.35","437682","-9.65","-6.86","2.36","64.87","31.76","28.29","16.44","79.97","38.35","189","Transportation","Transportation - Equipment and Leasing","15.72",""
"Westlake Corporation","WLK","9765.53","76.22","1111292","-1.06","-.34","-30.93","29.61","-6.03","-8.01","-1.68","123.39","56.38","189","Consumer Discretionary","Consumer Products - Discretionary","-14.91","5"
"John Wiley & Sons","WLY","2576.6","50.76","616615","3.02","15.52","23.77","91.66","51.07","-.06","13.29","52.76","28.79","105","Consumer Staples","Publishing - Books","13.22","2"
"Waste Management","WM","93639.43","233.18","2011646","-.47","6.55","2.56","73.2","-3.25","14.24","12.15","246.51","196.77","93","Business Services","Waste Removal Services","10.99","3"
"The Williams Companies","WMB","89613.87","73.36","7233174","-3.45","-3.21",".44","73.61","11.26","13.78","22.93","79.4","56.51","221","Oils-Energy","Oil and Gas - Production and Pipelines","23.39","3"
"Warner Music Group","WMG","14576.55","27.945","1963619","1.32","1.47","-2.12","38.8","-16.94","4.37","7.03","34.72","23.65","189","Consumer Discretionary","Film and Television Production and Distribution","6.34","3"
"Advanced Drainage Systems","WMS","10642.21","138.85","699430","-8.07","-.94","-7.06","43.27","-12.6","5.03","16.09","175.38","110.99","98","Construction","Building Products - Miscellaneous","13.98","5"
"Walmart","WMT","878492.38","110.39","21547948","-2.91","-7.56","-13.48","39.18","-9.67","4.73","2.97","134.2","95.05","218","Retail-Wholesale","Retail - Supermarkets","3.13","2"
"Wabash National","WNC","549.51","13.51","1386945",".67","7.22","61.22","92.58","42.38","-20.75","-7.69","14.05","6.77","159","Auto-Tires-Trucks","Automotive - Original Equipment","-4.41","3"
"Worthington Enterprises, Inc.","WOR","2693.15","54.68","345281",".05","-10.41","-1.81","37.7","-3.34","19.72","12.01","67.39","46.99","105","Construction","Building Products - Wood","11.3","4"
"W.P. Carey","WPC","16756.66","75.23","1494283","4.57","4.05","3.54","90.15","6.56","8.43","30.24","76.71","61.69","59","Finance","REIT and Equity Trust - Other","29.35","2"
"Wheaton Precious Metals","WPM","49939.43","109.96","1752316","1.36","-5.58","-15.04","27.96","-14.7","80.18","62.09","165.72","88.32","209","Basic Materials","Mining - Miscellaneous","65.55","3"
"W.R. Berkley","WRB","26863.49","72.16","2027180",".25","4.64","7.51","57.78","-6.19","7.84","12.77","78.46","63.54","158","Finance","Insurance - Property and Casualty","12.94","4"
"Warby Parker","WRBY","2634.52","24.6","2620309","-10.9","-4.06","9.19","58.56","2.92","13.04","4.07","30.34","16.49","186","Consumer Staples","Consumer Products - Staples",".15","3"
"WeRide Inc.","WRD","1839.25","5.92","2277086","-3.27","2.96","-24.3","7.71","-37.83","97.87","-228.47","12.38","5.38","159","Auto-Tires-Trucks","Automotive - Original Equipment","-228.47","3"
"Worthington Steel, Inc.","WS","1819.38","35.81","354323","5.51","-9.93","-4.94","37.44","-5.71","11.33","3.2","48.69","28.1","5","Basic Materials","Steel - Speciality",".5","1"
"WesBanco","WSBC","3883.77","40.38","1174059","3.27","8.32","16.17","93.19","10.74","50.87","35.04","41.18","29.44","78","Finance","Banks - Southeast","23.35","3"
"WillScot Holdings Corporation","WSC","4796.26","26.52","1834461","-1.19","-4.78","15.91","69.23","28.39","-4.77","8.69","31.65","14.98","96","Finance","Real Estate - Operations","-2.99","3"
"WSFS","WSFS","4135.42","79.46","511516","2.3","4.55","9.74","97.42","31.13","-3.2","28.1","80.23","50.35","77","Finance","Financial - Savings and Loan","22.55","2"
"WilliamsSonoma","WSM","26037.31","221.13","1045712",".36","-2.22","18","73.38","12.88","1.24","13.81","240.17","168.64","81","Retail-Wholesale","Retail - Home Furnishings","13.81","2"
"Watsco","WSO","15163.63","372.96","327785","-5.65","-3.81","-14.94","29.71",".9","-4.98","6.85","489.97","323.51","62","Industrial Products","Manufacturing - General Industrial ","6.85","2"
"West Pharmaceutical Services","WST","25379.44","359.24","732767",".44","6.79","22.97","95.82","19.03","6.25","17.94","365.74","210.08","74","Medical","Medical - Dental Supplies","16.85","1"
"WisdomTree, Inc.","WT","3164.35","20.69","2902297","5.94","12.88","23.74","100","54.73","15.43","26.08","20.69","10.73","186","Finance","Financial - Miscellaneous Services","11.26","3"
"Wintrust Financial","WTFC","10719.47","158.93","668597","-2.11",".93","5.57","82.92","3.62","6.66","32.07","166.9","120.24","78","Finance","Banks - Midwest","20.72","3"
"Essential Utilities","WTRG","11039","38.92","2131285",".86","4.37","-1.79","47.01","-7.51","18.62","22.28","41.93","36.25","212","Utilities","Utility - Water Supply","21.82","3"
"Watts Water Technologies","WTS","11399.65","341.4","461759","-2.46","-.01","14.49","64.94","12.76","8.27","14.74","391.45","248.68","62","Industrial Products","Manufacturing - General Industrial ","14.32","3"
"Select Water Solutions, Inc.","WTTR","2819.54","20.41","1967079",".44","10.03","23.55","100","76.86","-3.08","1.54","20.41","7.91","93","Business Services","Waste Removal Services","1.54","3"
"Willis Towers Watson","WTW","27278.46","288.82","546863",".03","12.14","-.71","43.32","-19.87","-2.24","17.45","349.93","242.12","165","Finance","Insurance - Brokerage","16.84","3"
"Western Union","WU","2646.32","8.47","7514567","7.49","20.48","-5.26","44.31","-17.06","-3.78","12.7","10.28","7.03","90","Business Services","Financial Transaction Services","10.88","3"
"TeraWulf","WULF","9846.23","19.87","37061512","2.37","-30.96","-4.47","62.39","57.65","20.28","-211.46","28.98","4.76","186","Finance","Financial - Miscellaneous Services","-611.46","5"
"WAVE Life Sciences","WVE","1114.01","5.79","2713039","-5.55","-4.14","-23.01",".83","-68.95","-60.55","-255.7","21.31","5.66","98","Medical","Medical - Biomedical and Genetics","-255.7","1"
"Woodward","WWD","24242.48","406.87","674027","2.26","-4.99","11.79","85.15","22.69","7.3","12.77","436.44","237.33","86","Aerospace","Aerospace - Defense Equipment","12.85","2"
"Wolverine World Wide","WWW","1530.74","18.67","798732","5.66","11.4","8.17","22.65","-6.23","6.8","6.14","32.4","14.65","54","Consumer Discretionary","Shoes and Retail Apparel ","5.41","3"
"Weyerhaeuser","WY","17023.83","23.61","5290881","-.8","-3.4","-4.88","39.3","-9.15","-3.07","1.99","27.1","21.35","105","Construction","Building Products - Wood","5.78","4"
"WhiteFiber, Inc.","WYFI","1063.82","27.55","3071911","-11.5","-38.45","77.28","49.34","58.96","66.17","-45.24","44.77","10.78","98","Business Services","Technology Services","-45.24","3"
"Wynn Resorts","WYNN","9821.34","94.63","1344390","-1.32","-9.14","-10.9","0","-28.31",".14","6.23","133.34","94.63","176","Consumer Discretionary","Gaming","5.14","5"
"Xcel Energy","XEL","49142.5","78.72","4979985","-1.81","-2","-.96","61.64","-2.84","9.14","15.71","83.91","70.38","102","Utilities","Utility - Electric Power","14.14","3"
"Xeris Pharmaceuticals","XERS","1515.8","8.78","2190434","6.04","21.94","44.17","77.14","1.96","43.72","3.81","9.9","5","105","Medical","Medical - Drugs","3.81","4"
"Xenia Hotels & Resorts","XHR","1976.83","21.43","738516","5.67","6.99","32.94","100","38.16","3.8","6.2","21.43","12.3","59","Finance","REIT and Equity Trust - Other","6.2",""
"XPLR Infrastructure, LP","XIFR","1154.84","12.25","912283","-.73","6.15","18.47","86.83","11.67","-3.41","9.06","12.77","8.82","105","Oils-Energy","Alternative Energy - Other","8.81","3"
"XMax Inc.","XMAX","548.25","8.62","1483243",".12",".23","15.09","92.92","30.97","72.63","-18.2","9.15","1.66","30","Consumer Discretionary","Furniture","-18.2",""
"Xometry","XMTR","5433.79","104.85","812700","7.93","14.25","125.78","100","60.72","25.87","3.63","104.85","30.97","62","Industrial Products","Manufacturing - General Industrial ","-7.01","3"
"Xencor","XNCR","1516.2","20.45","1051193","36.79","45.24","68.31","100","21.77","13.65","-177.1","20.45","7","105","Medical","Medical - Drugs","-177.1","3"
"ExxonMobil Holdings Corporation","XOM","628830","151.71","14796982","4.56","8.57",".76","69.9","14.93","-4.96","8.16","171.47","105.83","234","Oils-Energy","Oil and Gas - Integrated - International","7.57","3"
"XP","XP","9055.58","16.85","5617838","-.12","7.19","-12.56","23.84","-6.17","4.09","27.98","22.95","14.94","186","Finance","Financial - Miscellaneous Services","27.4","3"
"Xperi Inc.","XPER","367.35","7.61","381426","-2.06","-5.23","15.65","70.82","18.39","-9.23","8.91","8.64","5.11","98","Business Services","Technology Services","-10.22","3"
"XPeng","XPEV","12728.52","13.33","6860284","-.22","4.47","-17.46","7.76","-40.08","95.95","-3.09","28.07","12.09","189","Auto-Tires-Trucks","Automotive - Foreign","-3.09","3"
"XPO, Inc.","XPO","25210.27","214.72","1062247","2.26","7.78","-3.28","87.54","44.02","1.05","5.77","228.37","118.79","5","Transportation","Transportation - Truck","4.19","2"
"Xponential Fitness","XPOF","308.82","6.28","614158","-4.85","-7.92","-2.94","29.93","-30.44","-1.71","3.92","11.01","4.26","87","Consumer Discretionary","Leisure and Recreation Services","-11.28","3"
"Expro Group Holdings","XPRO","1833.6","16.17","1332082","-1.1","20.67","-10.22","77.89","10.42","-6.17","5.06","18.39","8.35","221","Oils-Energy","Oil and Gas - Production and Pipelines","2.32","4"
"Dentsply Sirona","XRAY","2734.46","13.65","6134034","7.48","33.82","15.87","55.62","8.87","-2.98","7.8","16.85","9.64","74","Medical","Medical - Dental Supplies","-17.06","4"
"Xylem","XYL","27810.14","117","1839381","-3.74","5.98","-.77","22.87","-21.68","5.52","13.86","152.95","106.34","93","Business Services","Waste Removal Services","10.79","3"
"Block","XYZ","47840.64","80.38","5265106",".49","11.07","15.59","95.63","12.58",".3","6.69","81.81","49.09","104","Computer and Technology","Internet - Software","3.3","1"
"Yelp","YELP","1418.21","25.79","1201051",".82","13.76","-7.03","38.82","-22.64","3.75","9.7","35.26","19.78","180","Computer and Technology","Internet - Content","9.47","3"
"YETI","YETI","3859.89","50.95","980916","7.63","6.21","29.25","98.66","5.15","2.11","10.35","51.21","31.86","84","Consumer Discretionary","Leisure and Recreation Products","8.36","3"
"Yext","YEXT","520.29","5.19","1268961","-4.42","32.06","32.06","31.79","-41.3","6.09","15.44","9.16","3.34","98","Business Services","Technology Services","8.93","1"
"Full Truck Alliance","YMM","9435.86","9.05","6497944","4.75","18.46","4.62","23.38","-23.11","16","36.11","14","7.54","98","Business Services","Technology Services","32.68","2"
"CLEAR Secure","YOU","7586","56.9","1304169","6.28","7.91","5.82","83.71","47.87","16.91","13.01","62.36","28.84","104","Computer and Technology","Internet - Software","13.01","3"
"YPF Sociedad Anonima","YPF","20188.75","51.33","1387788","3.07","6.85","18.3","84.69","29.41","-4.38",".68","56.35","23.57","234","Oils-Energy","Oil and Gas - Integrated - International","-2.16","3"
"Yum Brands","YUM","40563.17","147.17","2687446","-6.96","-2.92","-5.94","29.92","-11.32","8.81","20.65","168.16","138.21","205","Retail-Wholesale","Retail - Restaurants","20.48","3"
"Yum China","YUMC","14933.03","42.77","1484816","-1.22","4.42","-9.65","14.57","-18.33","4.37","7.83","57.95","40.18","205","Retail-Wholesale","Retail - Restaurants","7.83","2"
"Zillow Group Class C","Z","7287.34","31.85","3546942","-.03","4.43","-28.84","4.01","-57.44","15.52","16.38","90.32","29.41","105","Computer and Technology","Internet - Services","2.27","3"
"Zimmer Biomet","ZBH","17202.68","88.92","2250472","-2.32","1.54","7.39","33.2","-9.85","7.2","19.95","107.71","79.58","168","Medical","Medical - Products","9.05","3"
"Zebra Technologies","ZBRA","12499","262.4","689594",".88","10.38","19.69","44.42","-1.49","8.33","15.01","341.36","199.3","105","Industrial Products","Manufacturing - Thermal Products","7.49","3"
"Ziff Davis","ZD","1929.81","52.39","644231",".87","12.91","10.97","92.86","35.87","3.54","18.07","54.38","26.51","104","Computer and Technology","Internet - Software","3.26",""
"Zeta Global","ZETA","5281.77","21.19","8123593","-5.95","8.61","19.25","62.06","-5.08","29.72","13.21","25.25","14.55","98","Business Services","Technology Services","-1.62","4"
"Zillow Group Class A","ZG","7275.9","31.8","1095452","0","4.06","-29.19","4.62","-57.51","15.52","16.38","86.76","29.14","214","Finance","Financial - Mortgage & Related Services","2.27","3"
"ZIM Integrated Shipping Services","ZIM","3003.35","24.92","1074967","2.13","-2.01","-4.34","74.15","7.01","-18.07","-.16","29.27","12.44","45","Transportation","Transportation - Shipping","1.56","1"
"Zions Bancorporation","ZION","10156.69","69.05","1705293","-1.95",".82","9.29","83.85","7.53","-1.02","28.08","73.31","46.93","45","Finance","Banks - West","23.92","2"
"Zai Lab Limited","ZLAB","2330.27","20.48","841251","6.11","10.76","-7.5","17.27","5.84","15.33","-39.3","40.51","16.3","98","Medical","Medical - Biomedical and Genetics","-39.3","3"
"Zoom Communications, Inc.","ZM","26323.46","89.77","3067677","-1.51","3.85","-1.5","47.49","-5.16","4.36","37.22","111.88","69.77","104","Computer and Technology","Internet - Software","41.99","3"
"Zscaler","ZS","24049.44","148.72","2558775","-2.22","17.87","9.3","14.06","-39.72","23.31","20.57","336.27","118.05","48","Computer and Technology","Security","-2.44","3"
"ZTO Express Cayman","ZTO","13531.22","24","1367383","-.12","9.19","-6.32","76.53","4.73","15.74","18.41","25.88","17.87","81","Transportation","Transportation - Services","17.87","3"
"Zoetis","ZTS","31588.84","75.35","6070594","1.73","-1.94","-35.41","4.11","-45.41","2.28","29.77","156.76","71.86","105","Medical","Medical - Drugs","27.8","4"
"Zevra Therapeutics, Inc.","ZVRA","735.98","12.45","1317889","-4.67","-4.23","25.76","69.42","26.67","350.91","128.01","14.75","7.23","105","Medical","Medical - Drugs","101.58","4"
"Zurn Elkay Water Solutions Cor","ZWS","7888.04","47.27","1102266","-.51","-2.05","-9.32","65.46","-7.31","8.26","15.91","52.8","36.79","93","Business Services","Waste Removal Services","12.26","4"
"Zymeworks","ZYME","1756","24.05","567751","-2.47",".71","-13.92","72.73","-16.73","38.87","-126.92","28.56","12.02","98","Medical","Medical - Biomedical and Genetics","-126.92","3"
