Company Name,Ticker,Market Value (mil),Price as a % of 52 Wk H-L Range,Performance 1D (%),Performance 1M (%),Performance 1W (%),Performance 3M (%),Performance 6M (%),Performance 1Y (%),Investment Strategy,Investment Category
"Amplius Aggressive Asset Allocation ETF","AAAA","282.65","92.76027124052652572796170721978460311129",".7617",".5971","-.3765","1.9803","14.886","16.1477","Strategy - Aggressive Growth","Total Portfolio ETFs"
"Goldman Sachs Physical Gold ETF","AAAU","2534.05","13.95673412421493370551290997906489881368","-.6561","-5.5671","-3.3113",".6153","-11.304","7.4376","Precious Metals - Gold","Precious Metals ETFs"
"Alpha Architect US Equity 2 ETF","AAEQ","509.78","98.4200833575651836774256082194436367161",".8176","1.4383","-.0848","4.358","17.984","0","Style Box - All Cap Blend","Style Box - All Cap Blend"
"Tradr 2X Long AAOI Daily ETF","AAOX","270.78","5.93565926597190756683280471227911191663","15.0235","17.5624","27.6042","-39.8921","-53.4751","0","Derivative Based ETF","Single Stock ETF"
"Alpha Architect US Equity 3 ETF","AAUA","363.21","98.48838144247004904719787730160006432419",".878","1.4701","-.0977","4.2994","19.7395","0","Style Box - All Cap Blend","Style Box - All Cap Blend"
"Alpha Architect US Equity 4 ETF","AAUB","852.35","86.73287496816908581614463967405143875732",".5582","1.8705","-.4136","0","0","0","Style Box - All Cap Blend","Style Box - All Cap Blend"
"Alpha Architect U.S. Equity ETF","AAUS","503.91","98.29813230930354337580729621225344737301",".7925","1.4138","-.0964","4.1586","17.8019","14.7205","Style Box - Large Cap Blend","Style Box - Large Cap Blend"
"iShares MSCI All Country Asia ex Japan ETF","AAXJ","3975.28","82.93098551547855722806021016756603237717","1.0948","1.2073","-.2363","3.7388","23.4219","28.9248","Geographic - Broad Pacific","Asia-Pacific (Emerging) ETFs"
"Abacus FCF Leaders ETF","ABFL","535.19","72.73236282194848824188129899216125419933",".6337","-.4887",".0761","-2.4282","12.8965","12.2769","Style Box - All Cap Blend","Style Box - All Cap Blend"
"American Century Core Plus Income ETF","ABND","262.7","2.15053763440860215053763440860215053763","-.1175","0","-.8664","0","0","0","Total Bond Market - Broad","Total Bond Market ETFs"
"Aptus Collared Investment Opportunity ETF","ACIO","2392.61","94.22776911076443057722308892355694227769",".5963","1.1227","-.1481","2.4374","12.1395","8.8407","Derivative Based ETF","Hedge Fund ETFs"
"American Century Large Cap Equity ETF","ACLC","327.89","91.3190107419435423432425680739445415938",".7826",".7925",".2486","2.6857","16.2845","11.9329","Strategy - Socially Responsible","Style Box - Large Cap Blend"
"TCW AAA CLO ETF","ACLO","599.79","54.63182897862232779097387173396674584323",".4567",".4467",".1782","1.332","2.7285","5.0571","Asset Backed - MBS","Mortgage-Backed Security ETFs"
"iShares MSCI ACWI ETF","ACWI","32827.43","91.55178508306822198656769176387416048074",".8504","-.0437","-.5961","2.5232","15.5334","16.5697","Global Large-Cap Blend Equity ETF","Global Large-Cap Blend Equity ETF"
"iShares MSCI Global Min Vol Factor ETF","ACWV","3282.23","55.68698817106460418562329390354868061874",".3417","-3.1942","-.6444","1.061","3.7671","5.0769","Global Large-Cap Blend Equity ETF","Global Large-Cap Blend Equity ETF"
"iShares MSCI ACWI ex U.S. ETF","ACWX","17241.71","82.85123966942148760330578512396694214876","1.1309","-1.6943","-1.1188","1.0368","11.5079","18.5502","Foreign Large Blend ETF","Foreign Large Blend ETF"
"FT Vest Laddered Autocallable Barrier & Income ETF","ACYN","2234.56","80.68181818181818181818181818181818181818","1.0783","1.274",".4474","3.5718","5.6121","0","Derivative Based ETF","Defined Outcome"
"FT Vest Laddered Autocallable Barrier & Resilient Income ETF","ACYS","501.31","73.91304347826086956521739130434782608696",".9452",".7478",".4532","2.3569","0","0","Derivative Based ETF","Defined Outcome"
"Aptus Drawdown Managed Equity ETF","ADME","309.13","93.9164785553047404063205417607223476298",".6928","1.099","-.2328","2.4411","14.3543","11.1407","Style Box - Large Cap Growth","Style Box - Large Cap Growth"
"Anfield U.S. Equity Sector Rotation ETF","AESR","255.12","79.16666666666666666666666666666666666667",".9014","2.1391","-.2525",".75","18.3901","16.4177","Style Box - Large Cap Blend","Style Box - Large Cap Blend"
"Anfield Universal Fixed Income ETF","AFIF","301.78","11.11111111111111111111111111111111111111","0","-1.2142","-.152","-1.1044",".8112","2.361","Total Bond Market - Broad","Total Bond Market ETFs"
"First Trust Active Factor Large Cap ETF","AFLG","786.59","92.11703079085217835696946467356586176057",".6301","-.0282",".4944","3.6428","15.0904","15.3836","Style Box - Large Cap Blend","Style Box - Large Cap Blend"
"First Trust Active Factor Mid Cap ETF","AFMC","222.43","84.18415283432508612590040714062010648293","1.0305","-.6195",".9726",".5648","12.6576","18.6","Style Box - Mid Cap Blend","Style Box - Mid Cap Blend"
"ARS Focused Opportunity Strategy ETF","AFOS","300.95","88.67155182602529251861482094315092778631",".3795",".055",".1938",".8646","23.0326","45.1474","Style Box - All Cap Value","Style Box - All Cap Value"
"abrdn Emerging Markets Dividend Active ETF","AGEM","365.25","83.13587927725196902508438678933086239989","1.0929",".3002","-1.4647","3.7705","22.6862","33.2965","Geographic - Broad Emerging Markets","Broad Emerging Market ETFs"
"Simplify Aggregate Bond ETF","AGGH","482.86","3.65740740740740740740740740740740740741",".3125","-3.2047","-.2147","-4.3657","-3.6324","-2.161","Total Bond Market - Broad","Total Bond Market ETFs"
"KraneShares Public-Private AI & Technology ETF","AGIX","1145.75","96.80792515134837644468904788112272977435","1.6236","10.7029","1.4969","9.9178","45.7313","31.5291","Artificial Intelligence and Robotics ETF","Artificial Intelligence and Robotics ETF"
"Adaptive Alpha Opportunities ETF","AGOX","380.35","79.71163748712667353244078269824922760041",".1165",".6609","-.4397","-2.3317","22.7922","11.6453","Target Outcome","Total Portfolio ETFs"
"ProShares Ultra Silver","AGQ","1303.72","2.3113249054058017774909805531927375121","-1.2451","-15.3334","-11.8116","-6.257","-39.1351","-11.2311","Derivative Based ETF","Leveraged Commodity ETFs"
"iShares Asia 50 ETF","AIA","4949.88","89.91427130610186585980837115481593545134","1.1254","4.3795",".0173","7.7135","37.4593","51.132","Geographic - Asia Developed","Asia-Pacific (Developed) ETFs"
"Allspring Income Plus ETF","AINP","214.11",".0641436818473380372033354714560615779346","-.1039","-2.1662","-.7762","-2.7552","-.8563",".1612","Total Bond Market - Broad","Total Bond Market ETFs"
"REX AI Equity Premium Income ETF","AIPI","472.57","42.56648510092918936238385132970201858379",".479","6.8656","1.0371","12.4119","27.1867","18.4312","Derivative Based ETF","Artificial Intelligence and Robotics ETF"
"Defiance AI & Power Infrastructure ETF","AIPO","926.37","56.32864544781643227239082161361954108068","1.4406","3.5509",".104","-6.961","13.4827","24.1829","Artificial Intelligence and Robotics ETF","Artificial Intelligence and Robotics ETF"
"Global X Artificial Intelligence & Technology ETF","AIQ","10400.16","84.58201892744479495268138801261829652997",".8527","4.9937",".3941","7.0816","40.111","31.7082","Artificial Intelligence and Robotics ETF","Artificial Intelligence and Robotics ETF"
"First Trust RBA American Industrial Renaissance ETF","AIRR","9034.09","37.1475953565505804311774461028192371476","2.2418",".4234","1.6091","-15.241","-5.4487","9.9819","Industrials  - Broad","Industrials ETFs"
"VistaShares Artificial Intelligence Supercycle ETF","AIS","1092.61","79.99629561029820337099462863493239488794","1.9307","15.9223","2.1991","4.5534","79.1138","112.5719","Artificial Intelligence and Robotics ETF","Artificial Intelligence and Robotics ETF"
"WisdomTree U.S. AI Enhanced Value Fund","AIVL","406.38","70.61996686317574076214695796247061996686",".5258","-2.9353","-.0101","-1.9606","10.4851","14.1747","Style Box - Large Cap Value","Style Box - Large Cap Value"
"Akre Focus ETF","AKRE","4551.27","12.12319790301441677588466579292267365662","-.5051","-11.47","-2.9385","-4.4728",".4913","0","Style Box - All Cap Growth","Style Box - All Cap Growth"
"Alger AI Enablers & Adopters ETF","ALAI","1329.74","98.76160990712074303405572755417956656347",".5988","6.3532",".2344","7.9642","39.5846","23.5943","Artificial Intelligence and Robotics ETF","Artificial Intelligence and Robotics ETF"
"State Street Bridgewater All Weather ETF","ALLW","1794.97","37.01188455008488964346349745331069609508","-.0874","-4.8285","-1.9722","-2.2572","-1.7869","6.4322","Multi-Asset - Total Portfolio","Total Portfolio ETFs"
"GraniteShares 2x Long AMD Daily ETF","AMDL","1377.4","100","5.6288","85.0295",".38","29.7621","506.8916","645.5026","Derivative Based ETF","Single Stock ETF"
"YieldMax AMD Option Income Strategy ETF","AMDY","450.46","75.26917900403768506056527590847913862719","4.4344","27.7815","1.2516","-.1745","83.1566","84.5133","Derivative Based ETF","Single Stock ETF"
"Alerian MLP Index ETNs due January 28, 2044","AMJB","810.81","67.36441484300666032350142721217887725975","1.3564","-7.2127","-.7068","1.9744","2.5102","20.6873","Energy - MLP","MLP ETFs"
"Alerian MLP ETF","AMLP","12695.65","69.15725456125108601216333622936576889661",".7271","-5.6462","-.7729","3.0926","4.4491","21.6431","Energy - MLP","MLP ETFs"
"InfraCap MLP ETF","AMZA","460.73","75.17032551097653292959878879636638909917",".5874","-5.3137","-.9093","5.3118","9.4592","30.2209","Energy - MLP","MLP ETFs"
"Direxion Daily AMZN Bull 2X ETF","AMZU","339.83","46.73555659934241427900422733677782996712","2.5497","-3.9719","1.0517","1.3738","28.5057","2.5675","Derivative Based ETF","Single Stock ETF"
"YieldMax AMZN Option Income Strategy ETF","AMZY","212.18","6.19136960600375234521575984990619136961","1.0673","-.0076",".4791","6.6064","16.9964","5.4006","Derivative Based ETF","Single Stock ETF"
"SEI Ang Research Enhanced U.S. Large Cap ETF","ANGU","462.14","73.5694822888283378746594005449591280654",".699",".8703","-.184","0","0","0","Style Box - Large Cap Blend","Style Box - Large Cap Blend"
"iShares Core 80/20 Aggressive Allocation ETF","AOA","3290.56","83.5036496350364963503649635036496350365",".4321","-.9938","-.8228","1.3573","11.2298","12.7747","Strategy - Aggressive Growth","Total Portfolio ETFs"
"iShares Core 30/70 Conservative Allocation ETF","AOK","819.71","43.91677973767526006331976481230212573496","-.1486","-1.6673","-.9093","-1.4722","2.6794","3.7456","Conservative","Total Portfolio ETFs"
"iShares Core 40/60 Moderate Allocation ETF","AOM","1892.28","57.72594752186588921282798833819241982507","-.2871","-1.9359","-1.1585","-.6333","4.4173","5.5094","Moderate Allocation","Total Portfolio ETFs"
"iShares Core 60/40 Balanced Allocation ETF","AOR","3871.95","74.86263736263736263736263736263736263736",".0584","-1.5082","-.9819","-.2564","7.7823","9.1365","Moderate Allocation ","Total Portfolio ETFs"
"ActivePassive Core Bond ETF","APCB","983.67",".2443792766373411534701857282502443792766","-.0515","-2.1548","-.7042","-3.4834","-2.802","-1.9466","Total Bond Market - Broad","Total Bond Market ETFs"
"ActivePassive International Equity ETF","APIE","1130.65","75.32950321054410273741128759716120310916",".9417","-1.7966","-1.0513",".1427","8.4598","10.7646","Foreign Large Blend ETF","Foreign Large Blend ETF"
"Allspring Core Plus ETF","APLU","393.29","2.23214285714285714285714285714285714286","-.2563","-2.6822","-.8071","-3.7696","-3.2081","-2.3509","Total Bond Market - Broad","Total Bond Market ETFs"
"AllianzIM U.S. Equity Buffer20 Apr ETF","APRW","205.49","100",".214",".5194",".1346","2.1765","6.7426","10.8445","Derivative Based ETF","Defined Outcome"
"ActivePassive U.S. Equity ETF","APUE","2479.94","93.48534201954397394136807817589576547231",".9133",".7635","-.0421","3.0586","17.6864","16.8178","Style Box - Large Cap Blend","Style Box - Large Cap Blend"
"AQE Core ETF","AQEC","597.66","74.71363115693012600229095074455899198167",".7463","-1.3455","-.8274","3.1602","8.7278","0","Style Box - Large Cap Growth","Style Box - Large Cap Growth"
"iShares MSCI Global Quality Factor ETF","AQLT","338.17","94.2334254143646408839779005524861878453",".9811","1.4358","-.0713","2.6347","16.1935","18.9824","Global Large-Cap Growth Equity ETF","Global Large-Cap Growth Equity ETF"
"Global X MSCI Argentina ETF","ARGT","702.13","46.68596237337192474674384949348769898698",".2134","-13.667","-4.605","-7.5779","-9.6298","24.3452","Geographic - Argentina","Frontier Markets"
"ARK 21Shares Bitcoin ETF","ARKB","3225.19","38.08453237410071942446043165467625899281","-.4278","8.9739",".2513","37.1134","25.5845","-30.531","Cryptocurrency ETFs","Cryptocurrency ETFs"
"ARK Blockchain & Fintech Innovation ETF","ARKF","833.57","41.4021164021164021164021164021164021164","-.0439",".3748","-2.8797","11.1301","19.5955","-21.0508","Technology  - broad","Technology ETFs"
"ARK Genomic Revolution ETF","ARKG","2169.34","99.25170068027210884353741496598639455782","1.561","14.5281","1.1994","25.8448","97.3684","81.1473","Healthcare - Broad","Health Care ETFs"
"ARK Innovation ETF","ARKK","8485.96","90.69286452947259565667011375387797311272","1.4112","7.7227","-1.0356","10.56","31.0239",".6837","Geographic - Global Total Market","Broad Developed World ETFs"
"ARK Autonomous Technology & Robotics ETF","ARKQ","1894.31","54.55827067669172932330827067669172932331","2.5117","3.5263",".0482","-2.7044","8.3377","7.6817","Geographic - Global Total Market","World ETFs"
"ARK Next Generation Technology ETF","ARKW","1926","71.49815498154981549815498154981549815498","1.4891","6.6174","-.6041","12.1986","33.9556","-8.3188","Technology  - Internet","Technology ETFs"
"ARK Space & Defense Innovation ETF","ARKX","757.69","57.83333333333333333333333333333333333333","2.2208","2.606","-.0459","-3.5134","7.7836","9.8118","Industrials  - Aerospace & Defense","Industrials ETFs"
"iShares Future AI & Tech ETF","ARTY","4268.52","98.60465116279069767441860465116279069767","1.4156","9.7374","1.1599","12.871","68.2032","70.7794","Artificial Intelligence and Robotics ETF","Artificial Intelligence and Robotics ETF"
"Xtrackers Harvest CSI 300 China A-Shares ETF","ASHR","1395.15","17.69759450171821305841924398625429553265","-.7328","-4.3542","-1.7528","-7.537","-.2149",".5383","Geographic - China","Asia-Pacific (Emerging) ETFs"
"Allspring Special Large Value ETF","ASLV","209.85","67.37179487179487179487179487179487179487",".5851","-2.8419","-1.2707","-1.495","7.4073","9.5994","Style Box - Large Cap Value","Style Box - Large Cap Value"
"Tradr 2X Long ASTS Daily ETF","ASTX","213.35",".6067829667352909307617293314551955791527","4.6667","-15.8929","-10.8798","-62.8549","-79.0713","-79.7506","Derivative Based ETF","Single Stock ETF"
"Alger 35 ETF","ATFV","490.38","93.23569251608533694547917372163901117508",".6168","4.6196",".208","3.6608","28.2368","13.8971","Style Box - Large Cap Growth","Style Box - Large Cap Growth"
"iPath Select MLP ETN","ATMP","604","73.28629032258064516129032258064516129032",".5222","-6.4019","-.7732",".3737","1.4493","21.2174","Energy - MLP","MLP ETFs"
"Global X Adaptive U.S. Factor ETF","AUSF","861.41","55.40235648032088242667335171722236149411",".1846","-6.113","-1.6512","-1.4729","1.4763","8.3199","Style Box - Large Cap Blend","Style Box - Large Cap Blend"
"Avantis International Equity ETF","AVDE","18817.11","74.87150199885779554540262707024557395774","1.0968","-2.8765","-1.5799",".8175","7.1421","17.057","Foreign Large Blend ETF","Foreign Large Blend ETF"
"Avantis International Small Cap Equity ETF","AVDS","348.26","81.22486288848263254113345521023765996344",".8515","-1.9296","-1.3723","2.8804","8.8487","18.5836","Foreign Small/Mid Blend ETF","Foreign Small/Mid Blend ETF"
"Avantis International Small Cap Value ETF","AVDV","20174.8","82.33510235026535253980288097043214556482",".9532","-2.1456","-1.818","4.9859","10.1872","26.3125","Foreign Small/Mid Value ETF","Foreign Small/Mid Value ETF"
"Avantis Emerging Markets Equity ETF","AVEM","28406.12","82.39202657807308970099667774086378737542","1.4353","1.3166",".189","3.9142","19.7336","28.8534","Geographic - Broad Emerging Markets","Broad Emerging Market ETFs"
"Avantis Emerging Markets Value ETF","AVES","1548.72","76.996336996336996336996336996336996337","1.5895","-.5137",".5652","2.4625","11.4109","18.4069","Geographic - Broad Emerging Markets","Broad Emerging Market ETFs"
"Avantis All Equity Markets ETF","AVGE","1221.9","85.28582173749529898458066942459571267394",".8119","-1.4494","-.411","1.1201","13.1189","20.6866","Global Large-Cap Blend Equity ETF","Global Large-Cap Blend Equity ETF"
"Avantis All Equity Markets Value ETF","AVGV","464.86","81.97849045635112876659238445887026450925",".7572","-2.8686","-.7112",".5675","10.2109","23.1477","Global Large-Cap Value Equity ETF","Global Large-Cap Value Equity ETF"
"Defiance Daily Target 2X Long AVGO ETF","AVGX","220.09","14.2769356820975010241704219582138467841","6.6519","-8.3591",".9179","-8.8152","6.7999","-21.9575","Derivative Based ETF","Single Stock ETF"
"Avantis International Large Cap Value ETF","AVIV","2023.62","74.74285714285714285714285714285714285714",".9271","-3.5877","-2.2389","1.6866","6.7427","20.5789","Foreign Large Value ETF","Foreign Large Value ETF"
"Direxion Daily AVGO Bull 2X ETF","AVL","278.12","14.59051724137931034482758620689655172414","6.4855","-8.1502",".8857","-8.4713","8.5695","-10.1012","Derivative Based ETF","Single Stock ETF"
"Avantis U.S. Large Cap Equity ETF","AVLC","1513.69","85.63394683026584867075664621676891615542",".662",".2431","-.1095","2.5123","17.222","19.732","Style Box - Large Cap Blend","Style Box - Large Cap Blend"
"Avantis U.S. Large Cap Value ETF","AVLV","21447.89","86.12786489746682750301568154402895054282",".4057","-2.4842","-.3049","1.0587","13.7419","27.6352","Style Box - Large Cap Value","Style Box - Large Cap Value"
"Avantis U.S. Mid Cap Equity ETF","AVMC","491.84","67.4668351231838281743524952621604548326",".6116","-2.6191","-.1292","-2.8742","6.8173","11.9607","Style Box - Mid Cap Blend","Style Box - Mid Cap Blend"
"Avantis U.S. Mid Cap Value ETF","AVMV","762.89","63.600673022994952327537857543466068424",".5321","-4.5438","-.219","-3.4162","4.9306","13.4989","Style Box - Mid Cap Value","Style Box - Mid Cap Value"
"Avantis All International Markets Equity ETF","AVNM","774.65","81.51116199198626216370921579851173440183","1.2134","-1.8775","-1.1027","2.1526","10.2799","20.9034","Foreign Large Blend ETF","Foreign Large Blend ETF"
"Avantis Real Estate ETF","AVRE","839.83","15.84786053882725832012678288431061806656",".2274","-5.5615","-1.8486","-7.3905",".1359","2.3152","Real Estate   - REITs","Real Estate ETFs"
"Avantis U.S. Small Cap Equity ETF","AVSC","3087.71","76.40878701050620821394460362941738299904",".8752","-2.948",".171","-2.9079","12.2935","23.7986","Style Box - Small Cap Value","Style Box - Small Cap Value"
"Avantis Responsible International Equity ETF","AVSD","362.34","71.10524854207164676478755901138572618717",".9902","-2.7443","-1.7173","-.7578","8.7181","13.5699","Strategy - Socially Responsible","Broad Developed World ETFs"
"Avantis Responsible Emerging Markets Equity ETF","AVSE","229.5","81.4280689412592332043615898698557861414","1.5341","1.6933",".3472","3.4813","21.8165","28.3016","Strategy - Socially Responsible","Broad Emerging Market ETFs"
"Avantis Short-Term Fixed Income ETF","AVSF","653.08","3.28690807799442896935933147632311977716","-.0898","-.9812","-.1444","-1.1259","-.5471",".7241","Short-Term Bond ETF","Short-Term Bond ETF"
"Avantis Responsible U.S. Equity ETF","AVSU","485.98","89.2676114616737353884348815558084203993",".6213",".4038","-.3262","1.786","19.5445","21.2741","Strategy - Socially Responsible","Style Box - All Cap Value"
"Avantis Total Equity Markets ETF","AVTM","784.09","87.92050323639347251344698696326009663597",".8353",".3844","-.1012","2.6637","17.069","0","Global Large-Cap Blend Equity ETF","Global Large-Cap Blend Equity ETF"
"Avantis U.S. Quality ETF","AVUQ","346.64","99.11951501154734411085450346420323325635",".7121","2.896",".2005","4.6616","19.5275","14.9108","Style Box - Large Cap Growth","Style Box - Large Cap Growth"
"Avantis U.S. Equity ETF","AVUS","14492.75","89.14757791963950431843785204656402553511",".6759","-.1735","-.1079","2.1908","16.2592","19.838","Style Box - All Cap Blend","Style Box - All Cap Blend"
"Avantis U.S. Small Cap Value ETF","AVUV","30668.25","74.97845446710715311692042516518241884516",".7809","-4.3486","-.3156","-2.4822","8.4968","21.7554","Style Box - Small Cap Value","Style Box - Small Cap Value"
"Avantis Emerging Markets ex-China Equity ETF","AVXC","468.66","84.30641963492172010665208176659602105695","1.9351","1.8117",".1637","3.415","25.0647","41.6001","Geographic - Broad Emerging Markets","Broad Emerging Market ETFs"
"Brown Advisory Flexible Equity ETF","BAFE","1733.63","88.45374746792707629979743416610398379473",".7952",".1614","-.2946","1.6032","17.1563","10.0166","Style Box - All Cap Blend","Style Box - All Cap Blend"
"EA Bridgeway Aggressive Investors ETF","BAGX","200.97","81.59855497855046285843305486565816211334",".8857","2.5209","1.4151","0","0","0","Style Box - All Cap Blend","Style Box - All Cap Blend"
"iShares A.I. Innovation and Tech Active ETF","BAI","14649.74","76.4527320034692107545533391153512575889","2.0921","13.7264","2.6504","3.8298","42.6067","41.4067","Artificial Intelligence and Robotics ETF","Artificial Intelligence and Robotics ETF"
"iShares U.S. Large Cap Premium Income Active ETF","BALI","1410.28","87.18446601941747572815533980582524271845","1.0974",".6284",".1349","4.371","16.5023","17.5017","Style Box - Large Cap Blend","Style Box - Large Cap Blend"
"Innovator Defined Wealth Shield ETF","BALT","2999.63","99.56521739130434782608695652173913043478",".2005",".7196","-.0286","2.0563","4.3854","6.5469","Derivative Based ETF","Defined Outcome"
"Innovator U.S. Equity Buffer ETF - April","BAPR","416.4","100",".3754",".6962",".0328","2.997","11.0515","16.9387","Derivative Based ETF","Defined Outcome"
"GraniteShares Gold Trust","BAR","1357.69","13.95673412421493370551290997906489881368","-.6086","-5.4423","-3.2694",".6905","-11.297","7.4474","Precious Metals - Gold","Precious Metals ETFs"
"Brown Advisory Sustainable Growth ETF","BASG","515.65","92.01845121610287950796757058987978753145",".9048","1.7064",".5282","6.1301","25.4074","7.2464","Style Box - All Cap Growth","Style Box - All Cap Growth"
"Brown Advisory Sustainable Value ETF","BASV","403.83","63.72886919415722960774659445265058263581",".5015","-4.8885","-1.5137","-2.6586","11.1892","10.6123","Style Box - Large Cap Value","Style Box - Large Cap Value"
"Innovator U.S. Equity Buffer ETF - August","BAUG","270.77","98.16349955362836372911618416018365004464",".5338",".552","-.1886","3.6087","12.981","13.2227","Derivative Based ETF","Defined Outcome"
"JPMorgan BetaBuilders Developed Asia Pacific ex-Japan ETF","BBAX","6537.29","62.61525565800502933780385582564962279966",".1633","-5.7033","-.8246","2.1822","3.2609","10.7917","Geographic - Asia Developed","Asia-Pacific (Developed) ETFs"
"JPMorgan BetaBuilders Canada ETF","BBCA","10883.36","68.84444444444444444444444444444444444444",".7986","-3.9889","-1.4638","1.703","6.8139","17.2467","Geographic - Canada","Canadian Equity ETFs"
"JPMorgan BetaBuilders Emerging Markets Equity ETF","BBEM","872.65","75.89000736557819788853424993862018168426","1.0085",".6492","-.5735","2.7391","19.1984","26.089","Geographic - Broad Emerging Markets","Broad Emerging Market ETFs"
"JPMorgan BetaBuilders Europe ETF","BBEU","8771.55","54.43330763299922898997686969930609097918","1.0185","-4.676","-2.4712","-3.5581","5.3358","9.9538","Geographic - Broad Europe","European Equity ETFs"
"VanEck Biotech ETF","BBH","476.64","88.87332943591695783992495207537421995024","-.5374","-2.1982","-3.2226","12.358","26.4467","37.0303","Healthcare - Biotech","Health Care ETFs"
"BBH Select Large Cap ETF","BBHL","529.27","90.72098286453281603621079857743291302942",".8673","1.9638",".7857",".1493","15.4982","0","Style Box - Large Cap Growth","Style Box - Large Cap Growth"
"BBH Select Mid Cap ETF","BBHM","383.28","48.88888888888888888888888888888888888889",".6082","-1.1102",".1037","-2.9175","3.6705","0","Style Box - Mid Cap Growth","Style Box - Mid Cap Growth"
"JPMorgan BetaBuilders USD High Yield Corporate Bond ETF","BBHY","605.82",".8710801393728222996515679442508710801394",".6043","-2.392","-.7471","-2.1035","-.0085","1.234","Corporates - Junk/High Yield","High-Yield/Junk Bond ETFs"
"JPMorgan BetaBuilders International Equity ETF","BBIN","6469.36","71.879815100154083204930662557781201849","1.0881","-2.585","-1.3513","-.3296","7.3663","14.291","Foreign Large Blend ETF","Foreign Large Blend ETF"
"JPMorgan BetaBuilders Japan ETF","BBJP","19625.83","100","1.5814","2.7477",".8611","5.8894","14.4397","20.2809","Geographic - Japan","Asia-Pacific (Developed) ETFs"
"EA Bridgeway Blue Chip ETF","BBLU","476.06","88.57142857142857142857142857142857142857",".5851","-1.1501","-1.2069","2.6269","16.0702","13.992","Style Box - Large Cap Blend","Style Box - Large Cap Blend"
"JPMorgan BetaBuilders U.S. Mid Cap Equity ETF","BBMC","2016.74","74.78674866097996429279904780797460821266",".8919","-2.4219","-.0098","-2.9066","11.8151","18.039","Style Box - Mid Cap Blend","Style Box - Mid Cap Blend"
"JPMorgan BetaBuilders MSCI US REIT ETF","BBRE","1191.44","35.17899761336515513126491646778042959427",".3835","-5.1495","-1.4076","-7.9108","3.7722","7.6673","Real Estate   - REITs","Real Estate ETFs"
"JPMorgan BetaBuilders U.S. Small Cap Equity ETF","BBSC","711.28","70.73486430062630480167014613778705636743","1.0663","-3.2703",".1485","-4.5424","14.1747","16.4733","Style Box - Small Cap Value","Style Box - Small Cap Value"
"JPMorgan BetaBuilders U.S. Equity ETF","BBUS","9328.26","94.76656626506024096385542168674698795181",".8122",".9719","-.1437","3.7533","18.193","15.7701","Style Box - All Cap Blend","Style Box - All Cap Blend"
"abrdn Bloomberg All Commodity Longer Dated Strategy K-1 Free ETF ","BCD","440.71","87.42724097788125727590221187427240977881","-.052","-1.0545","-1.2577","12.6171","7.9405","11.6496","Basket - Broad","Broad Commodity ETFs"
"Principal Focused Blue Chip ETF","BCHP","230.82","80.18029788345962895218186569114188659524",".6805","-1.1347","-.3645","2.4355","14.255",".1247","Style Box - Large Cap Growth","Style Box - Large Cap Growth"
"abrdn Bloomberg All Commodity Strategy K-1 Free ETF","BCI","3473.49","87.22527472527472527472527472527472527473","-.3466","-.8049","-1.6717","16.0538","4.9047","20.0371","Basket - Broad","Broad Commodity ETFs"
"Baron Technology ETF","BCTK","259.28","93.3683903009056383289512123867952088811","1.7991","8.8855","2.4056","4.0951","34.2055","0","Technology  - broad","Technology ETFs"
"Innovator U.S. Equity Buffer ETF - December","BDEC","213.26","98.08980401885388241131232944678739766807",".4535",".7797","-.1726","3.3665","13.6491","14.3184","Derivative Based ETF","Defined Outcome"
"iShares Disciplined Volatility Equity Active ETF","BDVL","1742.28","75.49828178694158075601374570446735395189",".3133","-1.5818","-.4738",".7289","6.2201","6.1349","Geographic - Global Total Market","World ETFs"
"iShares Dynamic Equity Active ETF","BDYN","3109.66","86.69283611383709519136408243375858684985",".8531",".168","-.5784","1.3273","14.3504","10.2597","Geographic - Global Total Market","World ETFs"
"BNY Mellon Enhanced Dividend and Income ETF","BEDY","256.76","54.62519936204146730462519936204146730463","1.2636","-3.6312","-.9689",".1095","10.147","0","Style Box - Large Cap Value","Style Box - Large Cap Value"
"Horizon Landmark ETF","BENJ","356.04","100",".0281",".3482",".0845","1.006","1.9329","3.7661","US Treasury - Ultra Short","Money Market/Ultra-Short Term ETFs"
"Tradr 2X Long BE Daily ETF","BEX","209.88","41.71346480344782551913281964215750293849","8.1711","63.897","-1.8413","-16.3663","137.6506","0","Derivative Based ETF","Single Stock ETF"
"Innovator U.S. Equity Buffer ETF - February","BFEB","206.6","98.97694897694897694897694897694897694898",".5202",".7871","-.0994","3.2676","13.0086","14.7401","Derivative Based ETF","Defined Outcome"
"iShares Flexible Equity Active ETF","BFLX","2151.79","65.63981042654028436018957345971563981043",".4269",".4035","-.2697","2.4504","0","0","Global Large-Cap Blend Equity ETF","Global Large-Cap Blend Equity ETF"
"BARRONS-400 ETF","BFOR","230.74","74.75108021792222430959984970881082096562",".4312","-2.5238",".375","-2.2661","11.196","15.2532","Style Box - All Cap Value","Style Box - All Cap Value"
"Bahl & Gaynor Dividend ETF","BGDV","842.87","74.61289160965070219661505221462009362622",".5935","-.9408","-.0033","-.7497","10.9185","13.9532","Style Box - Large Cap Value","Style Box - Large Cap Value"
"BNY Mellon Global Fixed Income ETF","BGFI","633.85","5.71428571428571428571428571428571428571",".3521","-1.3767","-.5198","0","0","0","Total Bond Market - Broad","Total Bond Market ETFs"
"Baillie Gifford Long Term Global Growth ETF","BGGG","376.4","47.02396289616078330327235248647255861891",".2418","-1.8433","-.5057","-2.009","0","0","Global Large-Cap Growth Equity ETF","Global Large-Cap Growth Equity ETF"
"Bahl & Gaynor Income Growth ETF","BGIG","2146.21","63.97158322056833558863328822733423545332",".5675","-2.8122","-.6077","-1.0095","7.4955","11.7069","Style Box - Large Cap Value","Style Box - Large Cap Value"
"Xtrackers USD High Yield BB-B ex Financials ETF","BHYB","3012.78","1.18918918918918918918918918918918918919",".6055","-2.2585","-.686","-1.6335",".2808","1.6398","Corporates - Junk/High Yield","High-Yield/Junk Bond ETFs"
"Inspire 100 ETF","BIBL","527.28","82.92816170445233542747883092051352089593","1.3543","1.6548","1.4133","-.4964","16.1714","24.3801","Strategy - Socially Responsible","Style Box - Large Cap Growth"
"iShares International Dividend Active ETF","BIDD","389.67","61.05675146771037181996086105675146771037","1.1968","-.963","-1.1046","2.7718","13.449","15.5115","Foreign Large Value ETF","Foreign Large Value ETF"
"State Street SPDR Bloomberg 1-3 Month T-Bill ETF","BIL","49663.46","32.65306122448979591836734693877551020408",".3098",".3208",".0799",".8813","1.7859","3.6223","US Treasury - Ultra Short","Government Bond ETFs"
"State Street SPDR Bloomberg 3-12 Month T-Bill ETF","BILS","3893.45","4.44444444444444444444444444444444444444",".3332",".2725",".1109",".8677","1.7191","3.5348","US Treasury - Ultra Short","Government Bond ETFs"
"PIMCO Ultra Short Government Active Exchange-Traded Fund","BILZ","857.28","7.27272727272727272727272727272727272727",".3478",".3179",".1091",".8938","1.7972","3.6501","US Treasury - Ultra Short","Money Market/Ultra-Short Term ETFs"
"iShares Flexible Income Active ETF","BINC","16378.91",".3401360544217687074829931972789115646259",".4792","-1.4887","-.4072","-1.6679",".0737",".9012","Total Bond Market - Broad","Total Bond Market ETFs"
"Bluemonte Global Equity ETF","BINT","437.15","89.47368421052631578947368421052631578947","1.1757","-.5868","-.617","2.0481","14.5961","20.0906","Global Large-Cap Value Equity ETF","Global Large-Cap Value Equity ETF"
"Brandes International ETF","BINV","517.53","61.15482387120203365210022999636847839245",".3404","-5.0196","-2.3106",".555","5.0511","13.1668","Foreign Large Value ETF","Foreign Large Value ETF"
"Bitwise Bitcoin ETF","BITB","3131.95","38.14886020324086789343586926668497665477","-.4353","9.0584",".395","37.1814","25.7214","-30.4711","Cryptocurrency ETFs","Cryptocurrency ETFs"
"ProShares Bitcoin ETF","BITO","1726.81","25.84181675802662490211433046202036021926","-.2879","8.6287",".243","35.7547","23.3658","-31.2874","Cryptocurrency ETFs","Cryptocurrency ETFs"
"Bitwise Crypto Industry Innovators ETF","BITQ","442.02","62.23520818115412710007304601899196493791","-.7075","3.567","-6.4444","6.1791","33.0875","-4.6792","Digital Economy ETF","Digital Economy ETF"
"ProShares Ultra Bitcoin ETF","BITU","614.55","13.12511283625203105253655894565806102185","-1.0994","15.6936",".1875","74.7791","36.5816","-62.6329","Basket - Broad","Leveraged Currency ETFs"
"Bitwise 10 Crypto Index ETF","BITW","829.06","36.15793688273822967784325400899328583455","-.6659","9.7871","-.5532","39.7215","25.8322","-33.8091","Digital Economy ETF","Digital Economy ETF"
"2x Bitcoin ETF","BITX","1349.38","17.2166427546628407460545193687230989957","-.9448","16.0722",".4539","76.5535","39.1341","-64.2848","Basket - Broad","Leveraged Currency ETFs"
"VanEck BDC Income ETF","BIZD","1493.64","7.14285714285714285714285714285714285714","2.3844","-4.3696","-1.1844","1.9752","5.0622","-4.5426","Financials - BDCs/PE","Financials ETFs"
"Innovator U.S. Equity Buffer ETF - January","BJAN","349.79","99.00642898889538281706604324956165984804",".3962",".8224","-.0625","3.3814","13.0087","14.4767","Derivative Based ETF","Defined Outcome"
"Innovator U.S. Equity Buffer ETF - July","BJUL","360.49","98.87359198998748435544430538172715894869",".595",".7312","-.0645","3.0857","11.5934","12.2197","Derivative Based ETF","Defined Outcome"
"Innovator U.S. Equity Buffer ETF - June","BJUN","241.95","95.29194078947368421052631578947368421053",".5239",".5725","-.1601","2.7812","7.1912","8.9444","Derivative Based ETF","Defined Outcome"
"Global X Blockchain ETF","BKCH","291.39","26.38989693714617506169255334591377558426",".3153","3.6576","-6.5919","1.9665","23.5658","-22.6564","Digital Economy ETF","Digital Economy ETF"
"BNY Mellon Dynamic Value ETF","BKDV","2022.81","84.51069345430978613091380427738172391445",".5341","-2.1375","-1.138",".5341","13.8824","21.7829","Style Box - Large Cap Value","Style Box - Large Cap Value"
"BNY Mellon Global Infrastructure Income ETF","BKGI","1834.91","41.45141451414514145141451414514145141451","1.4884","-4.8087","-1.715","-5.7267","-4.7208","11.0491","Utilities  - Infrastructure","Utilities/Infrastructure ETFs"
"BNY Mellon International Equity ETF","BKIE","1304.82","70.65199266299816574954143738535934633984","1.6118","-2.9252","-1.4392",".0631","7.9883","14.8335","Foreign Large Blend ETF","Foreign Large Blend ETF"
"BNY Mellon US Large Cap Core Equity ETF","BKLC","5783.76","94.6392194703548836710625067009756620564",".9945","1.0151","-.2103","3.5651","18.3733","16.1378","Style Box - Large Cap Blend","Style Box - Large Cap Blend"
"Invesco Senior Loan ETF","BKLN","6557.43","31.76470588235294117647058823529411764706",".0978",".1676","-.2435","2.2941","3.1458","4.1616","Corporates - Bank Loan","High-Yield/Junk Bond ETFs"
"BNY Mellon US Mid Cap Core Equity ETF","BKMC","640.85","61.65936614274671476423602164390620973976","1.2743","-3.0939",".0143","-3.7903","6.6547","9.1118","Style Box - Mid Cap Blend","Style Box - Mid Cap Blend"
"iShares Large Cap Core Active ETF","BLCR","9291.83","90.64092922202724158101445642182669006434",".6683","1.0894",".2622",".762","18.6536","24.4262","Style Box - Large Cap Value","Style Box - Large Cap Value"
"iShares Large Cap Value Active ETF","BLCV","337.86","75.11869771648202577436129323988243273796",".3507","-3.1507","-1.4839","-.4482","14.75","17.2465","Style Box - Large Cap Value","Style Box - Large Cap Value"
"Bluemonte Large Cap Growth ETF","BLGR","304.75","100",".923","3.2844",".2921","5.8711","23.2294","15.5688","Style Box - Large Cap Growth","Style Box - Large Cap Growth"
"Amplify Blockchain Technology ETF","BLOK","1107.55","54.07629020194465220643231114435302916978",".7497",".504","-3.7222",".3897","22.9759","-10.8104","Technology  - broad","Technology ETFs"
"Nicholas Crypto Income ETF","BLOX","302.91","9.44625407166123778501628664495114006515","-1.0145","5.6045","-3.2741","3.5465","27.5413","-23.2301","Digital Economy ETF","Digital Economy ETF"
"Bluemonte Large Cap Core ETF","BLUC","367.99","98.12792511700468018720748829953198127925",".8456","1.7814",".0194","4.365","19.5401","15.0651","Style Box - Large Cap Blend","Style Box - Large Cap Blend"
"Bluemonte Dynamic Total Market ETF","BLUX","596.91","78.38323353293413173652694610778443113772",".7952","-1.7524","-.2568","-.6777","14.5096","15.3899","Multi-Asset - Total Portfolio","Total Portfolio ETFs"
"Innovator U.S. Equity Buffer ETF - March","BMAR","204.01","99.3555316863587540279269602577873254565",".4515",".7873","-.0168","3.2577","12.4531","15.016","Derivative Based ETF","Defined Outcome"
"Innovator U.S. Equity Buffer ETF - May","BMAY","237.93","98.36004472605292582929556466641818859486",".4345",".7187","-.1065","3.023","8.1019","11.1015","Derivative Based ETF","Defined Outcome"
"BMO Covered Call Canadian Banks ETF","BMDLF","3481.49","100","0",".5374",".5374","31.8212","33.5569","55.3067","Derivative Based ETF","Derivative Based ETF"
"T-REX 2X Long BMNR Daily Target ETF","BMNU","505.45","3.59721572905303620591138122694924938964","-3.6603","20.9069","-9.6788","166.5195","20.7647","-93.5032","Digital Economy ETF","Digital Economy ETF"
"Vanguard Total International Bond Index Fund ETF Shares","BNDX","82193.77","2.24358974358974358974358974358974358974",".3932","-.5841",".0724","-2.1287","-.8528","-.7152","Total Bond Market - Broad","Total Bond Market ETFs"
"Horizon Core Bond ETF","BNDY","416.25",".4219409282700421940928270042194092827004","-.167","-2.038","-.0714","-3.1398","-2.5266","-.0904","Derivative Based ETF","Total Bond Market ETFs"
"United States Brent Oil ETF","BNO","796.32","98.73487348734873487348734873487348734873",".2383","13.2042","5.7837","59.0623","16.5928","116.0959","Energy -  Brent Oil","Energy ETFs"
"Innovator U.S. Equity Buffer ETF - November","BNOV","200.09","98.12542144302090357383681726230613621038",".6314",".8923","-.202","3.5219","14.1237","13.4451","Derivative Based ETF","Defined Outcome"
"Innovator U.S. Equity Buffer ETF - October","BOCT","287.79","100",".6354","1.6766",".344","4.6066","14.7738","14.3358","Derivative Based ETF","Defined Outcome"
"ProShares Ultra Bloomberg Natural Gas","BOIL","330.85","1.79404900816802800466744457409568261377","5.6794","-6.1734","-12.1359","-24.6974","-34.0728","-68.4968","Derivative Based ETF","Leveraged Commodity ETFs"
"Global X Robotics & Artificial Intelligence ETF","BOTZ","3342.11","41.90871369294605809128630705394190871369","1.6935","2.387","1.7797","-3.6373","7.9281","-.2866","Artificial Intelligence and Robotics ETF","Artificial Intelligence and Robotics ETF"
"Alpha Architect 1-3 Month Box ETF","BOXX","14640.16","100",".0422",".3303",".0887","1.0493","1.8837","4.0039","Derivative Based ETF","Derivative Based ETF"
"Burney U.S. Equity Select ETF","BRES","670.03","72.06315789473684210526315789473684210526",".7677","-.8226","-.4","-1.7804","10.2445","0","Style Box - All Cap Blend","Style Box - All Cap Blend"
"MFS Blended Research International Equity ETF","BRIE","609.03","83.40740740740740740740740740740740740741",".8292","-2.0619","-1.3947","1.643","11.8185","0","Foreign Large Blend ETF","Foreign Large Blend ETF"
"Burney U.S. Factor Rotation ETF","BRNY","610.25","86.1650485436893203883495145631067961165",".7908",".1083","-.2978",".5628","18.024","19.7899","Style Box - All Cap Blend","Style Box - All Cap Blend"
"Coinshares Bitcoin ETF","BRRR","498.55","38.0889429432605361958648405689810163397","-.4484","8.9587",".3167","37.0629","25.6108","-30.5285","Cryptocurrency ETFs","Cryptocurrency ETFs"
"EA Bridgeway Select Small-Cap Value ETF","BRSV","297.54","24.9608518634512997181334168493579705606",".8855","-1.4149",".1638","0","0","0","Style Box - Small Cap Value","Style Box - Small Cap Value"
"Invesco BulletShares 2026 Corporate Bond ETF","BSCQ","3220.8","16.66666666666666666666666666666666666667","0",".285",".0256",".9054","1.9057","3.8028","Corporates - Investment Grade","Investment Grade Corporate Bond ETFs"
"Invesco BulletShares 2027 Corporate Bond ETF","BSCR","4590.54","7.84313725490196078431372549019607843137","0",".1004",".0512",".7051","1.6578","3.2764","Corporates - Investment Grade","Investment Grade Corporate Bond ETFs"
"Invesco BulletShares 2028 Corporate Bond ETF","BSCS","3531.16","4.54545454545454545454545454545454545455","-.0992","-.348","0","-.1154",".6899","2.0554","Corporates - Investment Grade","Investment Grade Corporate Bond ETFs"
"Invesco BulletShares 2029 Corporate Bond ETF","BSCT","2956.8","3.92156862745098039215686274509803921569","-.1645","-.9284","-.1097","-.9736","-.2625","1.0068","Corporates - Investment Grade","Investment Grade Corporate Bond ETFs"
"Invesco BulletShares 2030 Corporate Bond ETF","BSCU","2751.37","2.20994475138121546961325966850828729282","-.1855","-1.442","-.241","-1.9089","-1.3217","-.3225","Corporates - Investment Grade","Investment Grade Corporate Bond ETFs"
"Invesco BulletShares 2031 Corporate Bond ETF","BSCV","1791.61",".9478672985781990521327014218009478672986","-.2845","-1.8381","-.3726","-2.6477","-2.0072","-1.2421","Corporates - Investment Grade","Investment Grade Corporate Bond ETFs"
"Invesco BulletShares 2033 Corporate Bond ETF","BSCX","1064.98","1.2567324955116696588868940754039497307","-.1795","-2.4888","-.5662","-3.7306","-3.2249","-2.4212","Corporates - Investment Grade","Investment Grade Corporate Bond ETFs"
"Invesco BulletShares 2034 Corporate Bond ETF","BSCY","592.82",".4643064422518862449216482878699941961695","-.2044","-2.821","-.7271","-4.3674","-3.5682","-2.8605","Corporates - Investment Grade","Investment Grade Corporate Bond ETFs"
"Invesco BulletShares 2035 Corporate Bond ETF","BSCZ","373.07",".4371584699453551912568306010928961748634","-.2334","-2.982","-.7738","-4.8257","-4.1343","-3.5524","Corporates - Investment Grade","Investment Grade Corporate Bond ETFs"
"Innovator U.S. Equity Buffer ETF - September","BSEP","460.69","97.31218922187877973390673296599919365677",".6107",".6479","-.1561","3.0613","12.3997","12.3811","Derivative Based ETF","Defined Outcome"
"Invesco BulletShares 2026 High Yield Corporate Bond ETF","BSJQ","775.88","3.05343511450381679389312977099236641221",".0219",".0353","-.0438",".5957",".99","2.7547","Corporates - Junk/High Yield","High-Yield/Junk Bond ETFs"
"Invesco BulletShares 2027 High Yield Corporate Bond ETF","BSJR","918.4","7.08661417322834645669291338582677165354",".0904","-.502",".0271",".339","1.4873","2.7171","Corporates - Junk/High Yield","High-Yield/Junk Bond ETFs"
"Invesco BulletShares 2028 High Yield Corporate Bond ETF","BSJS","774.12","6.43274853801169590643274853801169590643",".0746","-.8524","-.1628","-.0135","1.6145","3.0874","Corporates - Junk/High Yield","High-Yield/Junk Bond ETFs"
"Invesco BulletShares 2029 High Yield Corporate Bond ETF","BSJT","590.78","1.00502512562814070351758793969849246231",".0387","-1.6146","-.4576","-.7077","1.0973","2.0475","Corporates - Junk/High Yield","High-Yield/Junk Bond ETFs"
"Invesco BulletShares 2030 High Yield Corporate Bond ETF","BSJU","319.1","5.31914893617021276595744680851063829787",".0602","-2.1097","-.6769","-1.8388",".4711","1.751","Corporates - Junk/High Yield","High-Yield/Junk Bond ETFs"
"Bitwise Solana Staking ETF","BSOL","961.86","57.41983594332587621178225205070842654735","-.1227","19.3548","-3.0375","48.1347","53.8752","0","Digital Economy ETF","Digital Economy ETF"
"EA Bridgeway Omni Small-Cap Value ETF","BSVO","2368.1","80.47268047268047268047268047268047268047",".8963","-3.7544","-.1892","-1.2208","11.2061","25.8273","Style Box - Small Cap Value","Style Box - Small Cap Value"
"AGF U.S. Market Neutral Anti-Beta Fund","BTAL","312.52","21.62698412698412698412698412698412698413","-.0832","-2.8317",".8396","3.7133","-14.0916","-23.2588","Hedge Fund - Long/Short","Hedge Fund ETFs"
"Grayscale Bitcoin Mini Trust","BTC","4486.43","38.14989871708305199189736664415935178933","-.5075","8.9181",".2422","37.0493","25.6324","-30.5037","Cryptocurrency ETFs","Cryptocurrency ETFs"
"NEOS Bitcoin High Income ETF","BTCI","1401.55","19.16915557969046972576703774097203366821","-.2646","8.4823",".1476","28.7208","17.2264","-29.091","Derivative Based ETF","Cryptocurrency ETFs"
"Invesco Galaxy Bitcoin ETF","BTCO","451.89","38.0431525322145639796224153431225651783","-.4278","8.9455",".3593","37.0013","25.6034","-30.5915","Cryptocurrency ETFs","Cryptocurrency ETFs"
"Simplify Treasury Option Income ETF","BUCK","529.46","1.06382978723404255319148936170212765957",".0433","-.5572","0",".0854","1.2626","3.5205","Derivative Based ETF","Government Bond ETFs"
"Innovator Laddered Allocation Buffer ETF","BUFB","340.12","97.04251386321626617375231053604436229205",".1734",".6471","-.2467","2.9794","11.9291","12.9293","Derivative Based ETF","Defined Outcome"
"AB Conservative Buffer ETF","BUFC","1110.02","99.63257807715860379669320269442743417024",".2583",".5017",".0737","2.2149","6.7583","7.0212","Derivative Based ETF","Defined Outcome"
"FT Vest Laddered Deep Buffer ETF","BUFD","2140.16","100",".3289",".5937","0","2.6245","8.6569","10.3753","Derivative Based ETF","Defined Outcome"
"Innovator Laddered Allocation Power Buffer ETF","BUFF","1062.62","100",".2966",".7074",".0555","2.7931","8.9189","10.5209","Derivative Based ETF","Defined Outcome"
"FT Vest Buffered Allocation Growth ETF","BUFG","333.5","98.18181818181818181818181818181818181818",".5316",".5854","-.0997","2.7156","11.1234","11.6184","Derivative Based ETF","Defined Outcome"
"AB Moderate Buffer ETF","BUFM","485.49","87.26507713884992987377279102384291725105",".3505","-.3626","-.7756","1.1139","6.4785","7.1193","Derivative Based ETF","Defined Outcome"
"PGIM Laddered S&P 500 Buffer 12 ETF","BUFP","263.6","100",".3981",".9471",".0606","3.0889","10.6497","12.3509","Derivative Based ETF","Defined Outcome"
"FT Vest Laddered Nasdaq Buffer ETF","BUFQ","1683.66","100",".4683","2.9293",".3694","5.16","14.72","16.6237","Derivative Based ETF","Defined Outcome"
"FT Vest Laddered Buffer ETF","BUFR","10753.23","99.13793103448275862068965517241379310345",".3465",".7223","-.0796","3.0096","10.8168","12.5224","Derivative Based ETF","Defined Outcome"
"FT Vest Laddered Moderate Buffer ETF","BUFZ","1083.66","100",".3677",".632",".0349","2.7056","8.4374","10.5283","Derivative Based ETF","Defined Outcome"
"Global X Cybersecurity ETF","BUG","2104.61","99.16036943744752308984047019311502938707",".9466","15.6805","4.943","19.2982","82.9953","32.0536","Technology  - broad","Technology ETFs"
"MicroSectors FANG & Innovation 3X Leveraged ETN","BULZ","3687.3","72.97161517206731976890228585782466716905","2.1899","20.7902","-2.5286","23.1047","135.7979","60.8199","Active Non-Transparent ETFs","Leveraged Equity ETFs"
"Brandes U.S. Value ETF","BUSA","307.16","63.10344827586206896551724137931034482759",".2793","-6.3372","-1.2245","-1.3744","6.7273","14.5524","Style Box - Large Cap Value","Style Box - Large Cap Value"
"Strive Enhanced Income Short Maturity ETF","BUXX","526.64","4.2553191489361702127659574468085106383","-.1487",".1868",".038",".6148","1.7642","3.6079","Ultra short Bond ETF","Ultra short Bond ETF"
"Main BuyWrite ETF","BUYW","1422.92","79.48717948717948717948717948717948717949",".2075",".0185",".0691","1.368","5.9986","7.9578","Derivative Based ETF","Derivative Based ETF"
"Bluemonte Large Cap Value ETF","BVAL","294.23","80.25380710659898477157360406091370558376",".5231","-2.0049","-.8614",".2834","12.1576","16.6402","Style Box - Large Cap Value","Style Box - Large Cap Value"
"State Street SPDR Bloomberg International Treasury Bond ETF","BWX","1289.48","3.9800995024875621890547263681592039801",".5845","-2.4256","-.6881","-1.832","-2.122","-5.6371","International - Broad Treasury","Developed Market Bond ETFs"
"State Street SPDR Bloomberg Short Term International Treasury Bond ETF","BWZ","319.68","8.82352941176470588235294117647058823529",".4508","-1.4434","-.5608",".5947",".2689","-1.8417","International - Broad Treasury","Developed Market Bond ETFs"
"Congress Intermediate Bond ETF","CAFX","309.85",".6696428571428571428571428571428571428571","-.167","-1.4921","-.2014","-1.9947","-1.7169","-.6555","Total Bond Market - Broad","Total Bond Market ETFs"
"Calamos Autocallable Income ETF","CAIE","1370.42","62.63399693721286370597243491577335375191","1.8891",".6879","-.3193","2.2648","14.2214","11.3196","Derivative Based ETF","Short-Term Bond ETF"
"Calamos Nasdaq Autocallable Income ETF","CAIQ","369.94","69.98345544788466083668163554715197352872",".8891","3.6084","-.6093","2.5297","16.246","0","Derivative Based ETF","Total Bond Market ETFs"
"Pacer US Small Cap Cash Cows ETF","CALF","3589","75.04598405885959534028203556100551808706","-.2223","-6.4863","-.4989","4.5494","19.7926","23.7114","Style Box - Small Cap Value","Style Box - Small Cap Value"
"Congress Large Cap Growth ETF","CAML","385.14","90.48342191850164515312579093900278410529","1.2786","3.4145",".2336","3.3367","15.9955","6.2145","Style Box - Large Cap Growth","Style Box - Large Cap Growth"
"Tema Oncology ETF","CANC","205.7","73.05324617630259567176492987243764676017","-.7626","-7.1868","-1.305","-2.0034","10.4584","40.5404","Healthcare - Biotech","Health Care ETFs"
"Alpha Architect Tail Risk ETF","CAOS","686.44","82.44274809160305343511450381679389312977",".1392",".1547",".1215",".1879","-.1432","1.2172","Target Outcome","Total Portfolio ETFs"
"DoubleLine Shiller CAPE U.S. Equities ETF","CAPE","212.16","20.71088720962776378393506856982927511895","1.0833","-5.6605","-.9843","-6.0211",".4604","-2.8033","Style Box - All Cap Blend","Style Box - All Cap Blend"
"CastleArk Large Growth ETF","CARK","346.09","100",".9574","3.9097",".7896","5.43","21.732","11.6813","Style Box - Large Cap Growth","Style Box - Large Cap Growth"
"Global X S&P 500 Catholic Values ETF","CATH","1365.32","92.55844387603354946166200701921361013622",".7045",".2949","-.131","3.4257","16.4932","13.435","Strategy - Socially Responsible","Style Box - Large Cap Blend"
"Calamos Tax-Aware Collateral ETF","CBOX","1659.67","52.95815295815295815295815295815295815296",".0884",".3347",".1081","1.1162","0","0","Derivative Based ETF","Derivative Based ETF"
"ALPS CoreCommodity Natural Resources ETF","CCNR","435.34","69.0734453920675664486213463608512047694",".9768","-7.6474","-1.7862","4.3753","-3.1964","28.5745","Materials  - Broad","Materials ETFs"
"VictoryShares US EQ Income Enhanced Volatility Wtd ETF","CDC","691.74","54.53993779868011833421831146173101721915",".2483","-6.2017","-.8636","-4.6557","2.4003","11.7277","Style Box - Large Cap Value","Style Box - Large Cap Value"
"VictoryShares US Large Cap High Div Volatility Wtd ETF","CDL","377.7","54.58508937654410696119750036331928498765",".25","-6.2094","-.8883","-4.6609","2.4199","11.6687","Style Box - Large Cap Value","Style Box - Large Cap Value"
"Simplify High Yield ETF","CDX","327.26","2.7075812274368231046931407942238267148",".3718","-.469","-.0736","-1.2679","-1.6144","-4.3412","Corporates - Junk/High Yield","High-Yield/Junk Bond ETFs"
"Saba Opportunistically Hedged Closed-End Funds ETF","CEFS","433.4","72.58064516129032258064516129032258064516",".7107","-.906","1.483","-1.6084","13.219","18.038","Strategy - CEFs/OET","Convertibles/CEFs/OET/Preferred Stock ETFs"
"iShares J.P. Morgan EM Corporate Bond ETF","CEMB","419.62","1.08695652173913043478260869565217391304",".5279","-2.4189","-.8333","-2.5008","-.4873",".0745","International - Emerging Market","Emerging Market Bond ETFs"
"SPDR Bloomberg Enhanced Roll Yield Commodity Strategy No K-1 ETF","CERY","1142.13","92.69949066213921901528013582342954159593","-.4302",".6651","-.8067","17.9556","11.6312","42.5732","Basket - Broad","Broad Commodity ETFs"
"VictoryShares US 500 Volatility Wtd ETF","CFA","509.55","58.63123685719747658191550372777671573313",".4046","-3.5784","-.4414","-2.714","5.5317","7.4177","Style Box - Large Cap Blend","Style Box - Large Cap Blend"
"VictoryShares US 500 Enhanced Volatility Wtd ETF","CFO","397.43","58.80132137800849457291175082586125530911",".4183","-3.5529","-.4377","-2.6938","5.5384","7.4453","Style Box - Large Cap Blend","Style Box - Large Cap Blend"
"Capital Group Core Balanced ETF","CGBL","7635.53","65.762004175365344467640918580375782881",".4078","-2.1975","-.8924","-1.6015","7.8006","7.5189","Moderate Allocation ","Total Portfolio ETFs"
"Capital Group Fixed Inc.ome ETF","CGCP","8333.41",".5524861878453038674033149171270718232044","-.1414","-2.7321","-.735","-3.6936","-2.9102","-2.4928","Total Bond Market - Broad","Total Bond Market ETFs"
"Capital Group Conservative Equity ETF","CGCV","2035.14","65.625",".6542","-1.8257","-.4701","-1.6172","9.1368","8.2576","Style Box - All Cap Value","Style Box - All Cap Value"
"Capital Group Dividend Growers ETF","CGDG","5573.69","60.63618290258449304174950298210735586481",".8154","-3.4696","-1.1383","-1.6602","4.2882","8.5583","Strategy - High Dividend Yield","World ETFs"
"Capital Group Dividend Value ETF","CGDV","38407.78","77.84371909000989119683481701285855588526",".7371","-.7597","-.218",".8217","15.9506","17.5417","Style Box - All Cap Value","Style Box - All Cap Value"
"Capital Group Global Equity ETF","CGGE","3203.03","86.28659476117103235747303543913713405239","1.0363",".4292","-.2841",".4579","14.2206","12.9344","Global Large-Cap Blend Equity ETF","Global Large-Cap Blend Equity ETF"
"Capital Group Global Growth Equity ETF","CGGO","11997.34","74.80916030534351145038167938931297709924",".6297","-.1749","-.77","-2.0113","18.0207","16.4103","Global Large-Cap Growth Equity ETF","Global Large-Cap Growth Equity ETF"
"Capital Group Growth ETF","CGGR","26035.82","94.68196037539103232533889468196037539103",".7587","2.2893","-.7061","2.7509","18.3801","8.2274","Geographic - Global Total Market","World ETFs"
"Capital Group International Bond ETF (USD-Hedged)","CGIB","361.77","5.90809628008752735229759299781181619256","-.0401","-.8145",".1806","-1.8827","-.4353","-.2639","Total Bond Market - Broad","Total Bond Market ETFs"
"Capital Group International Core Equity ETF","CGIC","2527.56","82.73638968481375358166189111747851002865","1.0784","-1.5099","-1.2683",".6806","9.7263","18.0711","Foreign Large Blend ETF","Foreign Large Blend ETF"
"Capital Group International Equity ETF","CGIE","2435.06","71.45328719723183391003460207612456747405","1.1849","-1.8444","-1.2107","-.3257","8.5059","8.9301","Foreign Large Growth ETF","Foreign Large Growth ETF"
"Capital Group U.S. Small and Mid Cap ETF","CGMM","3433.64","66.28075253256150506512301013024602026049",".8352","-3.0874","-.6646","-4.0648","5.8253","10.8428","Style Box - All Cap Blend","Style Box - All Cap Blend"
"Capital Group U.S. Multi-Sector Income ETF","CGMS","5355.58",".5681818181818181818181818181818181818182","0","-2.1143","-.6021","-2.5953","-.9214","-.2325","Total Bond Market - Broad","Total Bond Market ETFs"
"Capital Group New Geography Equity ETF","CGNG","3123.98","84.33121019108280254777070063694267515924","1.2909",".655","-.4857","2.0194","16.635","18.0916","Geographic - Global Total Market","World ETFs"
"Capital Group Short Duration Income ETF","CGSD","2748.67","3.37078651685393258426966292134831460674","-.1185","-.8918","-.1114","-.6523",".0426","1.2457","Short-Term Bond ETF","Short-Term Bond ETF"
"Capital Group Ultra Short Income ETF","CGUI","337.68","9.09090909090909090909090909090909090909",".0397",".0249",".0645",".6893","1.6517","3.3515","Ultra short Bond ETF","Ultra short Bond ETF"
"Capital Group Core Equity ETF","CGUS","11938.52","84.08839779005524861878453038674033149171",".8075",".2674",".2674","1.9703","16.5119","13.4443","Style Box - Large Cap Blend","Style Box - Large Cap Blend"
"Invesco S&P Global Water Index ETF","CGW","1002.78","18.71657754010695187165775401069518716578","1.4216","-2.2149","-.0955","-4.6042","-2.5685","-.2878","Industrials  - Water","Industrials ETFs"
"Capital Group International Focus Equity ETF","CGXU","6783.84","82.22506393861892583120204603580562659847","1.4616",".4922","-.8002","1.759","18.8572","21.1978","Foreign Large Growth ETF","Foreign Large Growth ETF"
"Roundhill Generative AI & Technology ETF","CHAT","1942.51","81.25132555673382820784729586426299045599","1.9702","11.3671","2.4199","7.2531","50.3948","49.9921","Artificial Intelligence and Robotics ETF","Artificial Intelligence and Robotics ETF"
"YieldMax Semiconductor Portfolio Option Income ETF","CHPY","1309.44","51.76502290487739153866882241983292912961","1.6193","14.6817","2.4861",".6576","55.6192","71.7803","Derivative Based ETF","Derivative Based ETF"
"First Trust NASDAQ Cybersecurity ETF","CIBR","17455.79","100",".8865","11.9338","3.7147","15.4769","63.2264","36.3253","Technology  - broad","Technology ETFs"
"Global X 1-3 Month T-Bill ETF","CLIP","2373.18","7.89473684210526315789473684210526315789",".03","0","-.2293",".2897",".5824","2.4743","US Treasury - Ultra Short","Money Market/Ultra-Short Term ETFs"
"iShares AAA CLO Active ETF","CLOA","2333.02","38.0952380952380952380952380952380952381",".4971",".371",".0138","1.2372","2.4928","4.8007","Asset Backed - MBS","Mortgage-Backed Security ETFs"
"VanEck CLO ETF","CLOI","1630.9","54.76190476190476190476190476190476190476",".4017",".3826",".1171","1.2353","3.0076","4.9085","Asset Backed - MBS","Mortgage-Backed Security ETFs"
"Global X Cloud Computing ETF","CLOU","382.51","97.14038128249566724436741767764298093588","-.6552","4.9927","1.4794","24.0741","44.8467","22.8571","Technology  - Cloud Computing","Technology ETFs"
"Eldridge AAA CLO ETF","CLOX","321.41","56.66666666666666666666666666666666666667","-.3514",".3922","-.2346",".9344","2.4967","5.036","Asset Backed - MBS","Mortgage-Backed Security ETFs"
"Eldridge BBB-B CLO ETF","CLOZ","786.37","53.87453874538745387453874538745387453875","-.4563",".9518","-.6074","1.0072","5.7318","5.0723","Asset Backed - MBS","Mortgage-Backed Security ETFs"
"Convergence Long/Short Equity ETF","CLSE","985.18","97.70742358078602620087336244541484716157",".7057","1.1219",".5578","2.9765","19.338","31.4779","Hedge Fund - Long/Short","Long-Short ETFs"
"iShares CMBS ETF","CMBS","434.24","3.34572490706319702602230483271375464684",".5111","-1.2361",".426","-1.676","-.9846","-.0821","Asset Backed - MBS","Mortgage-Backed Security ETFs"
"PIMCO Commodity Strategy Active Exchange-Traded Fund","CMDT","810.27","52.51461988304093567251461988304093567251","10.2248","-.4289","-1.3877","14.4266","8.7186","30.9568","Derivative Based ETF","Broad Commodity ETFs"
"iShares Bloomberg Roll Select Commodity Strategy ETF","CMDY","718.31","85.92391304347826086956521739130434782609","-.4385","-.8578","-1.2275","15.3302","5.1439","32.5963","Basket - Broad","Broad Commodity ETFs"
"Alger Concentrated Equity ETF","CNEQ","3187.28","93.25102880658436213991769547325102880658",".8112","3.9807",".1465","3.3258","29.7785","14.8739","Style Box - Large Cap Growth","Style Box - Large Cap Growth"
"Global X MSCI Colombia ETF","COLO","205.36","76","1.5099","-4.2718","-1.897","11.4902","18.2735","49.9711","Geographic - Colombia","Latin American Equity ETFs"
"Direxion Auspice Broad Commodity Strategy ETF","COM","208.92","85.47832071576049552649690295939435650379",".0862","-1.7241","-.6556","7.4893","5.8845","24.7214","Basket - Broad","Broad Commodity ETFs"
"iShares GSCI Commodity Dynamic Roll Strategy ETF","COMT","1410.7","91.59139784946236559139784946236559139785","-.8119","2.968",".119","22.6053","6.6772","39.4763","Basket - Broad","Broad Commodity ETFs"
"GraniteShares 2x Long COIN Daily ETF","CONL","565.65","3.55148536966718784900603082421264239446","-6.599","2.4119","-12.5198","2.2222","-18.1009","-87.7741","Derivative Based ETF","Single Stock ETF"
"YieldMax COIN Option Income Strategy ETF","CONY","380.48","3.04577165220350518972264760932448528161","-1.8476","5.1695","-4.9149","14.5505","10.1049","-42.2376","Derivative Based ETF","Single Stock ETF"
"Sprott Copper Miners ETF","COPP","275.42","77.70339855818743563336766220391349124614","3.2986","-2.101","-.7689","12.5826","17.6519","48.8953","Materials  - Copper Mining","Materials ETFs"
"Global X Copper Miners ETF","COPX","7127.31","72.9882111737570476678626345463864684777","3.0096","-4.4383","-.9455","12.0809","12.1103","44.522","Materials  - Copper Mining","Materials ETFs"
"Tweedy, Browne Insider + Value ETF","COPY","410.73","81.31288931480594154288452323909918543364","-.0654","-4.2033","-1.5474","2.1268","11.2974","23.2446","Geographic - Global Total Market","World ETFs"
"iShares International Country Rotation Active ETF","CORO","12749.83","87.41007194244604316546762589928057553957","1.0503","-.76","-.9751","2.6673","13.6526","22.8316","Foreign Large Blend ETF","Foreign Large Blend ETF"
"Pacer US Large Cap Cash Cows Growth Leaders ETF","COWG","2363.76","97.92041078305519897304236200256739409499","-.0989","3.0177","1.2957","4.4216","19.5397","10.7593","Style Box - Large Cap Growth","Style Box - Large Cap Growth"
"Pacer US Cash Cows 100 ETF","COWZ","18828.19","70.78115682766845557543231961836612999404","-.1922","-5.9904","-.3396","6.4922","8.8169","19.3625","Style Box - Large Cap Value","Style Box - Large Cap Value"
"F/m Compoundr U.S. Aggregate Bond ETF","CPAG","293.04",".5580142389840292476428708870502212815086","-.2384","-2.4322","-.6758","-3.7087","-3.5733","-2.9947","Total Bond Market - Broad","Total Bond Market ETFs"
"Counterpoint Quantitative Equity ETF","CPAI","478.87","94.47751119838006995152482051911394735227",".4576","1.6475",".6303","3.2935","23.8308","32.9213","Style Box - All Cap Blend","Style Box - All Cap Blend"
"United States Copper Index Fund","CPER","738.84","82.88530465949820788530465949820788530466",".0253","-.0253","-2.6841","5.9802","14.984","29.3194","Base Metals - Copper","Industrial Metals ETFs"
"VanEck Oil Refiners ETF","CRAK","664.72","92.82945736434108527131782945736434108527",".9904","3.0974",".0623","35.3561","31.7581","75.6651","Energy - Refining & Marketing","Energy ETFs"
"iShares Low Carbon Optimized MSCI ACWI ETF","CRBN","1163.16","92.18298911836553408838552076393515434155",".841","-.2013","-.59","2.5051","15.6742","15.1286","Strategy - Socially Responsible","World ETFs"
"VictoryShares US Small Cap High Div Volatility Wtd ETF","CSB","238.11","49.71774863025070562842437323592893906691",".5223","-5.884","-.6123","-4.7977","1.2737","9.124","Style Box - Small Cap Value","Style Box - Small Cap Value"
"Invesco S&P Spin-Off ETF","CSD","213.43","63.91831721173038538307999385843697220943",".6228","-.7425","-.395","-9.443","12.7121","36.2622","Strategy - Alpha-Seeking","Style Box - All Cap Value"
"NEOS Enhanced Income 1-3 Month T-Bill ETF","CSHI","1910.35","46.57534246575342465753424657534246575342",".0402",".3347",".0604","1.0195","2.2625","4.8412","US Treasury - Ultra Short","Government Bond ETFs"
"iShares Dynamic Short-Term Active ETF","CSHP","373.95","38.81578947368421052631578947368421052632",".3477",".2892",".0207",".9469","1.9057","3.9154","US Treasury - Ultra Short","Money Market/Ultra-Short Term ETFs"
"ProShares Large Cap Core Plus","CSM","516.39","85.33466886636813575300494932830544426114",".6626","-.6833","-.2508","2.8279","15.9954","15.0404","Derivative Based ETF","Hedge Fund ETFs"
"Congress SMid Growth ETF","CSMD","473.48","71.92982456140350877192982456140350877193","1.7946","2.7316","1.0691","-3.2709","12.3377","3.0989","Style Box - All Cap Growth","Style Box - All Cap Growth"
"Cohen & Steers Preferred and Income Opportunities Active ETF","CSPF","333.33","3.03260045489006823351023502653525398029",".1593","-2.0535","-.9831","-2.2785",".6615","1.9777","Corporates - Convertible","Convertibles/CEFs/OET/Preferred Stock ETFs"
"Cohen & Steers Real Estate Active ETF","CSRE","560.84","32.837407013815090329436769394261424017",".4891","-5.4001","-1.0763","-7.1349",".3311","5.2662","Real Estate   - REITs","Real Estate ETFs"
"Simplify Managed Futures Strategy ETF","CTA","1342.12","51.67597765363128491620111731843575418994","-.3078","1.1748","1.1748","14.9864","-2.5049","11.5678","Derivative Based ETF","Hedge Fund ETFs"
"Castellan Targeted Equity ETF","CTEF","645.23","78.48187264529676981038848743128898770922","1.0521",".0859","2.3622","-3.975","27.1431","33.4891","Derivative Based ETF","Style Box - All Cap Growth"
"Calvert International Responsible Index ETF","CVIE","494.76","85.18219440799434743110931664479660845867","1.7026","-.9456","-.9636",".2981","15.9778","24.2851","Strategy - Socially Responsible","Broad Developed World ETFs"
"Calvert US Large-Cap Core Responsible Index ETF","CVLC","985.92","88.47675568743818001978239366963402571711",".8333",".4395","-.0732","2.0224","18.7011","17.1435","Strategy - Socially Responsible","Style Box - Large Cap Blend"
"Calvert Ultra-Short Investment Grade ETF","CVSB","272.38","2",".0198",".0391",".138",".7121","1.7777","3.6417","Ultra short Bond ETF","Ultra short Bond ETF"
"State Street SPDR Bloomberg Convertible Securities ETF","CWB","5538.09","64.17971970321516900247320692497938994229","1.0701",".8207","-.1257","-1.7946","10.2656","12.6612","Corporates - Convertible","Convertibles/CEFs/OET/Preferred Stock ETFs"
"State Street SPDR MSCI ACWI ex-US ETF","CWI","2831.28","83.35535006605019815059445178335535006605","1.1952","-1.3113","-.9505","1.0694","11.7833","18.2238","Foreign Large Blend ETF","Foreign Large Blend ETF"
"VanEck Digital Transformation ETF","DAPP","434.05","42.20830070477682067345340642129992169146",".0524","1.487","-6.3694","3.4091","27.485","-17.7003","Technology  - broad","Technology ETFs"
"FT Vest U.S. Equity Deep Buffer ETF - April","DAPR","324.55","98.06734992679355783308931185944363103953",".1869",".4902","-.1051","2.3871","5.049","8.1738","Derivative Based ETF","Defined Outcome"
"FT Vest U.S. Equity Deep Buffer ETF - August","DAUG","438.85","98.78517918607005466693662684753998785179",".3952",".4966","-.0272","1.9641","9.1283","9.3907","Derivative Based ETF","Defined Outcome"
"Global X DAX Germany ETF","DAX","209.33","48.93675780171223418945042805854736260701","1.3631","-5.1536","-2.2602","-2.7138","5.796","-1.5035","Geographic - Germany","European Equity ETFs"
"Invesco DB Agriculture ETF","DBA","1215.22","68.3950617283950617283950617283950617284",".2844","-3.6215","-1.1563","5.4974","3.866","5.7346","Agriculture - Broad","Agricultural ETFs"
"Xtrackers MSCI All World ex US Hedged Equity ETF","DBAW","327.03","89.74821948038920654027485204132811716321",".8944","-.2526","-.4217",".8036","12.0048","22.9623","Foreign Large Blend ETF","Foreign Large Blend ETF"
"Invesco DB Base Metals ETF","DBB","361.25","70.05163511187607573149741824440619621343","-.44","-2.8114","-4.0108","3.8815","5.69","19.3193","Base Metals - Broad","Industrial Metals ETFs"
"Invesco DB Commodity Index Tracking ETF","DBC","1940.44","90.18087855297157622739018087855297157623","-.6412","1.9104","-.2452","22.4689","10.9444","45.658","Basket - Broad","Broad Commodity ETFs"
"Xtrackers MSCI EAFE Hedged Equity ETF","DBEF","9179.31","84.10206084396467124631992149165848871443",".7877","-1.0432","-.7397",".5115","9.952","19.98","Geographic - EAFE","Broad Developed World ETFs"
"Xtrackers MSCI Europe Hedged Equity ETF","DBEU","757.68","76.22504537205081669691470054446460980036",".8333","-2.4551","-1.7168","-1.7622","8.1015","15.2382","Geographic - Broad Europe","European Equity ETFs"
"Xtrackers MSCI Japan Hedged Equity ETF","DBJP","714.37","99.77229713744972793943695292169387272297","1.5968","2.8616","1.6202","4.8467","17.2232","42.4968","Geographic - Japan","Asia-Pacific (Developed) ETFs"
"iMGP DBi Managed Futures Strategy ETF","DBMF","5267.5","100",".1826","4.9384","1.7408","8.9865","9.5629","25.6652","Derivative Based ETF","Hedge Fund ETFs"
"Invesco DB Oil ETF","DBO","295.23","83.64648573416840640222686151704940848991","-2.0408","4.2119","-.9492","38.8889","23.5839","83.6266","Energy -  Crude Oil","Energy ETFs"
"Invesco DB Precious Metals ETF","DBP","249.37","9.87413194444444444444444444444444444444","-1.0531","-6.1455","-4.3858","-.1536","-13.2343","9.7135","Precious Metals - Broad","Precious Metals ETFs"
"Dimensional US Core Equity 1 ETF","DCOR","3544.95","86.46232439335887611749680715197956577267",".6866","-.5864","-.2863","2.1657","15.641","16.8547","Style Box - All Cap Blend","Style Box - All Cap Blend"
"DoubleLine Commercial Real Estate Debt ETF","DCRE","458.69","2.43902439024390243902439024390243902439",".7131","-.3669",".0133",".0385",".7997","2.8448","Asset Backed - MBS","Mortgage-Backed Security ETFs"
"FT Vest U.S. Equity Deep Buffer ETF - December","DDEC","428.94","100",".3086",".8064",".041","2.9542","9.685","11.4655","Derivative Based ETF","Defined Outcome"
"WisdomTree Dynamic International SmallCap Equity Fund","DDLS","418.13","71.6818324443049890178851584562284279887",".928","-1.1422","-.812","1.9291","5.9505","11.5564","Foreign Small/Mid Value ETF","Foreign Small/Mid Value ETF"
"Proshares Ultra Dow30","DDM","502.66","59.32692307692307692307692307692307692308",".8646","-7.406","-2.5992","-7.2119","18.524","15.7947","Derivative Based ETF","Leveraged Equity ETFs"
"WisdomTree Dynamic International Equity Fund","DDWM","1408.29","69.08140403286034353995519044062733383122","1.2165","-2.5339","-1.1399","-1.2355","4.8224","12.0077","Foreign Large Value ETF","Foreign Large Value ETF"
"AllianzIM U.S. Equity Buffer20 Dec ETF","DECW","228.19","99.74358974358974358974358974358974358974",".2465",".6739","-.0273","2.6734","9.1234","10.8084","Derivative Based ETF","Defined Outcome"
"Dimensional Emerging Markets High Profitability ETF","DEHP","458.07","79.3241886918701906992305118768819003011","1.4103","1.6485","-.5182","2.695","25.321","36.7503","Geographic - Broad Emerging Markets","Broad Emerging Market ETFs"
"WisdomTree Emerging Markets High Dividend ETF","DEM","4122.99","86.11111111111111111111111111111111111111",".9472","-.1156",".4021","5.2548","15.0859","25.7746","Geographic - Broad Emerging Markets","Broad Emerging Market ETFs"
"WisdomTree U.S. SmallCap Dividend ETF","DES","2059.22","69.07630522088353413654618473895582329317","1.0722","-3.5092",".4664","-3.5466","7.9702","17.697","Style Box - Small Cap Value","Style Box - Small Cap Value"
"Xtrackers Russell US Multifactor ETF","DEUS","287.37","65.1262231724364772633829454814571170134",".3915","-3.9959","-.3327","-2.2269","7.0484","11.995","Style Box - Large Cap Blend","Style Box - Large Cap Blend"
"Dimensional Emerging Markets ex China Core Equity ETF","DEXC","295.77","85.36883890175322527290770757525636784651","2.1892","3.1526","1.0153","4.1989","27.8272","45.3383","Geographic - Broad Emerging Markets","Broad Emerging Market ETFs"
"Dimensional U.S. Core Equity 2 ETF","DFAC","48679.4","85.64867967853042479908151549942594718714",".6941","-.6682","-.2219","1.846","15.301","17.0995","Style Box - All Cap Blend","Style Box - All Cap Blend"
"Dimensional Emerging Core Equity Market ETF","DFAE","10051.37","81.35593220338983050847457627118644067797","1.3218",".8229","-.2003","3.315","19.3465","27.1847","Geographic - Broad Emerging Markets","Broad Emerging Market ETFs"
"Dimensional International Core Equity Market ETF","DFAI","17668.12","74.17302798982188295165394402035623409669","1.1203","-2.8105","-1.3777",".2983","7.2388","16.2379","Foreign Large Blend ETF","Foreign Large Blend ETF"
"Dimensional US Large Cap Core Equity Market ETF","DFAL","1133.7","82.31667748215444516547696301103179753407",".7051",".7919","-.2194","3.5246","0","0","Style Box - Large Cap Blend","Style Box - Large Cap Blend"
"Dimensional US Real Estate ETF","DFAR","1625.1","30.55555555555555555555555555555555555556",".4576","-5.3524","-1.3883","-7.9528","2.0626","5.2515","Real Estate   - Broad","Real Estate ETFs"
"Dimensional U.S. Small Cap ETF","DFAS","14956.56","70.36082474226804123711340206185567010309",".9618","-3.2242",".1272","-3.1886","10.3721","15.6887","Style Box - Small Cap Value","Style Box - Small Cap Value"
"Dimensional U.S. Targeted Value ETF","DFAT","13808.64","71.72177879133409350057012542759407069555",".9385","-4.5514","-.3969","-2.2605","8.73","17.6802","Style Box - All Cap Value","Style Box - All Cap Value"
"Dimensional US Core Equity Market ETF","DFAU","12812.44","90.3",".7046",".1744","-.2264","2.8371","16.803","16.0593","Style Box - All Cap Blend","Style Box - All Cap Blend"
"Dimensional World Equity ETF","DFAW","1661.6","85.16209476309226932668329177057356608479",".8065","-1.0507","-.4517","1.4957","13.6174","17.7046","Global Large-Cap Blend Equity ETF","Global Large-Cap Blend Equity ETF"
"Dimensional World ex U.S. Core Equity 2 ETF","DFAX","12275.79","83.16455696202531645569620253164556962025","1.2493","-1.5705","-.9564","2.2122","10.7468","21.0356","Foreign Large Blend ETF","Foreign Large Blend ETF"
"FT Vest U.S. Equity Deep Buffer ETF - February","DFEB","448.24","99.94743297704573330997021202032591554232",".2593",".6391","-.0058","2.6188","8.7862","11.2056","Derivative Based ETF","Defined Outcome"
"Dimensional Emerging Markets Core Equity 2 ETF","DFEM","9574.93","81.64556962025316455696202531645569620253","1.4599",".6853",".174","3.1142","18.2744","26.7368","Geographic - Broad Emerging Markets","Broad Emerging Market ETFs"
"Direxion Daily Aerospace & Defense Bull 3X ETF","DFEN","285.24",".6945822583846001190712442945028775550705","-.2103","-20.596","-8.7517","-44.682","-27.8632","-22.8324","Derivative Based ETF","Leveraged Equity ETFs"
"Dimensional Emerging Markets Value ETF","DFEV","2174.09","88.17046289493019838354151359294636296841","1.6045","1.2394",".5135","5.3861","22.3417","37.0526","Geographic - Broad Emerging Markets","Broad Emerging Market ETFs"
"Dimensional Global Core Plus Fixed Income ETF","DFGP","3566.77","1.6354586394880303389428774591135340128","-.144","-2.0828","-.4976","-3.3144","-1.6947","-1.3515","Total Bond Market - Broad","Total Bond Market ETFs"
"Dimensional Global Real Estate ETF","DFGR","3634.11","20.04801920768307322929171668667466986795",".3356","-5.6465","-1.5728","-7.4474","1.0714","2.6709","Real Estate   - Broad","Real Estate ETFs"
"Dimensional International Core Fixed Income ETF","DFGX","1794.62","4.56189151599443671766342141863699582754","-.0312","-.8818","-.0293","-2.4443","-.7548","-.8527","Total Bond Market - Broad","Total Bond Market ETFs"
"Dimensional International Core Equity 2 ETF","DFIC","14930.64","74.16331994645247657295850066934404283802","1.0461","-3.0099","-1.6449",".6521","6.876","17.2943","Foreign Large Blend ETF","Foreign Large Blend ETF"
"Dimensional Inflation-Protected Securities ETF","DFIP","1107.66",".5738880918220946915351506456241032998565","-.1533","-2.7861","-.4458","-3.4383","-3.0069","-2.4551","US Treasury - TIPS","Inflation-Protected Bond ETFs"
"Dimensional International Small Cap ETF","DFIS","5724.04","77.79255319148936170212765957446808510638","1.0609","-2.0265","-1.4966","2.4419","8.5507","16.585","Foreign Small/Mid Blend ETF","Foreign Small/Mid Blend ETF"
"Dimensional International Value ETF","DFIV","21355.12","74.98207885304659498207885304659498207885",".871","-4.2302","-2.6274","1.8264","6.5711","23.6741","Foreign Large Value ETF","Foreign Large Value ETF"
"WisdomTree Japan SmallCap Dividend ETF","DFJ","443.06","95.29368843487778183144837650492520977745",".9385","1.9205","-1.043","8.0459","14.4088","27.4369","Geographic - Japan","Asia-Pacific (Developed) ETFs"
"Dimensional US Large Cap Value ETF","DFLV","6959.23","82.90513833992094861660079051383399209486",".372","-3.1096","-1.0513","2.307","13.6928","24.804","Style Box - Large Cap Value","Style Box - Large Cap Value"
"U.S. Micro Cap Portfolio: ETF Class Shares","DFMC","7480.94","66.71641791044776119402985074626865671642",".9429","-2.5779",".115","-3.2346","13.4399","0","Style Box - Micro Cap Blend","Style Box - Micro Cap Blend"
"Davis Select Financial ETF","DFNL","437.44","51.69561621174524400330851943755169561621",".5409","-6.7708","-1.5883","-4.4862","6.8066","9.097","Financials-Broad","Financials ETFs"
"Dimensional Global Sustainability Fixed Income ETF","DFSB","744.45",".675990675990675990675990675990675990676","-.1028","-1.8821","-.5636","-3.4737","-1.9645","-1.6652","Total Bond Market - Broad","Total Bond Market ETFs"
"Dimensional Short-Duration Fixed Income ETF","DFSD","7277.33","4.09638554216867469879518072289156626506","-.1074","-1.0503","-.1074","-1.2345","-.4934",".6879","Short-Term Bond ETF","Short-Term Bond ETF"
"Dimensional Emerging Markets Sustainability Core 1 ETF","DFSE","641.66","81.31650135256988277727682596934174932372","1.3742",".573","-.3301","3.8643","17.0376","20.4614","Geographic - Broad Emerging Markets","Broad Emerging Market ETFs"
"Dimensional International Sustainability Core 1 ETF","DFSI","1152.74","66.4194373401534526854219948849104859335","1.0295","-3.0707","-1.7692","-.1493","7.018","11.7795","Foreign Large Blend ETF","Foreign Large Blend ETF"
"Dimensional US Sustainability Core 1 ETF","DFSU","2343.6","84.5984598459845984598459845984598459846",".7196","-.8229","-.5849","1.6285","15.4579","12.5535","Style Box - All Cap Blend","Style Box - All Cap Blend"
"Dimensional US Small Cap Value ETF","DFSV","8045.71","74.40532825880114176974310180780209324453",".7656","-4.4615","-.4953","-.9038","9.2164","20.9424","Style Box - Small Cap Value","Style Box - Small Cap Value"
"Dimensional U.S. Equity Market ETF","DFUS","21356.19","92.7733168622606547251389746757257566399",".7807",".8346","-.1547","3.0586","17.8267","16.2838","Style Box - All Cap Blend","Style Box - All Cap Blend"
"Dimensional US Marketwide Value ETF","DFUV","15171.73","84.40822111977321048901488306165839829908",".5255","-2.8476","-.84","1.5274","14.8268","25.6746","Style Box - Large Cap Value","Style Box - Large Cap Value"
"Dimensional US Large Cap Vector ETF","DFVX","535.49","85.74641732536469378574641732536469378575",".4817","-.8635","-.5089","2.3442","13.1993","16.6542","Style Box - Large Cap Value","Style Box - Large Cap Value"
"Dimensional Global Credit ETF","DGCB","1114.01",".9250243427458617332035053554040895813048","-.2132","-1.9332","-.5171","-3.4301","-1.5939","-1.2243","Total Bond Market - Broad","Total Bond Market ETFs"
"DB Gold Double Long ETN","DGP","238.16","17.84517047921768884720268181265523769823","-.9936","-7.8016","-4.3431","8.0394","-18.5801","11.3908","Precious Metals - Gold","Leveraged Commodity ETFs"
"iShares Core Dividend Growth ETF","DGRO","41944.64","67.42944317315026697177726926010678871091",".4374","-3.8083","-1.0448","-1.4302","8.7834","13.2567","Strategy - Dividend Growth","Style Box - Large Cap Value"
"WisdomTree U.S. SmallCap Quality Dividend Growth ETF","DGRS","383.03","70.04159085001299714062906160644658175201",".9991","-3.289",".2489","-2.3409","8.3095","16.2471","Strategy - Dividend Growth","Style Box - Small Cap Blend"
"WisdomTree U.S. Quality Dividend Growth ETF","DGRW","16892.63","85.27607361963190184049079754601226993865",".7596","-.847","-.1625","2.7019","12.1281","11.4888","Strategy - Dividend Growth","Style Box - Large Cap Value"
"WisdomTree Emerging Markets SmallCap Dividend ETF","DGS","1685.07","70.8591674047829937998228520814880425155","1.4421","-.5433","1.2004","-.1091","8.636","15.3449","Geographic - Broad Emerging Markets","Broad Emerging Market ETFs"
"State Street SPDR Global Dow ETF","DGT","625.37","80.12797619047619047619047619047619047619",".4253","-2.492","-1.285",".9637","9.8244","17.1872","Global Large-Cap Value Equity ETF","Global Large-Cap Value Equity ETF"
"WisdomTree U.S. High Dividend ETF","DHS","1546.01","67.35704637550652859072489869428185502026",".4909","-4.9689","-.9693","-1.3514","5.3932","15.7062","Style Box - Large Cap Value","Style Box - Large Cap Value"
"State Street SPDR Dow Jones Industrial Average ETF Trust","DIA","43890.27","65.3139356814701378254211332312404287902",".4876","-3.454","-1.2348","-2.8419","10.6879","11.4416","Style Box - Large Cap Value","Style Box - Large Cap Value"
"Dimensional International High Profitability ETF","DIHP","6377.94","67.06689536878216123499142367066895368782","1.4038","-2.4151","-.5565","-.3333","5.6603","12.8062","Foreign Large Blend ETF","Foreign Large Blend ETF"
"Davis Select International ETF","DINT","264.92","43.09392265193370165745856353591160220994",".6453","-6.5783","-1.1366","-2.8532","3.9",".3534","Foreign Large Blend ETF","Foreign Large Blend ETF"
"Dimensional International Small Cap Value ETF","DISV","5083.88","80.10571840461316674675636713118692936088",".6096","-2.7551","-2.1883","5.9411","10.4255","23.2366","Foreign Small/Mid Value ETF","Foreign Small/Mid Value ETF"
"Global X SuperDividend U.S. ETF","DIV","757.18","65.95092024539877300613496932515337423313",".8493","-4.2306","-.1576","-.1654","2.763","14.6944","Strategy - High Dividend Yield","Style Box - All Cap Value"
"iShares Core Dividend ETF","DIVB","2003.59","75.35395909805977975878342947037231253277","-.5966","-5.499","-.8242","3.1774","21.6443","27.4212","Style Box - All Cap Value","Style Box - All Cap Value"
"Franklin International Core Dividend Tilt Index ETF","DIVI","2617.51","73.1920199501246882793017456359102244389","1.1388","-2.7163","-1.5473","-.0612","8.3918","17.2849","Foreign Large Value ETF","Foreign Large Value ETF"
"Horizon Dividend Income ETF","DIVN","314.98","72.92777063039882374563499356735894137107",".204","-3.3218","-.5894",".8273","7.1375","16.6538","Derivative Based ETF","Style Box - Large Cap Value"
"Amplify CWP Enhanced Dividend Income ETF","DIVO","7732.61","60.26871401151631477927063339731285988484",".581","-2.7982","-.7633","1.8995","6.3559","11.989","Derivative Based ETF","Derivative Based ETF"
"Opal Dividend Income ETF","DIVZ","294.03","38.21556350626118067978533094812164579606",".7117","-4.1402","-.9578","-3.5316",".1595","3.801","Style Box - All Cap Value","Style Box - All Cap Value"
"FT Vest U.S. Equity Deep Buffer ETF - January","DJAN","450.86","99.69909729187562688064192577733199598796",".3755",".7214","-.0321","2.8022","9.5074","10.7651","Derivative Based ETF","Defined Outcome"
"Invesco Dow Jones Industrial Average Dividend ETF","DJD","490.24","67.38095238095238095238095238095238095238","-.1914","-5.0078","-2.02","-2.7311","6.9498","15.2464","Style Box - Large Cap Blend","Style Box - Large Cap Blend"
"iPath Bloomberg Commodity Index Total Return ETN","DJP","873.58","88.91316220644456581103222282905516111415","-.4826","-.9416","-2.3304","18.2611","5.4192","45.4161","Basket - Broad","Broad Commodity ETFs"
"FT Vest U.S. Equity Deep Buffer ETF - July","DJUL","485.88","98.89908256880733944954128440366972477064",".2847",".5101","-.0272","2.4586","9.2822","9.9551","Derivative Based ETF","Defined Outcome"
"FT Vest U.S. Equity Deep Buffer ETF - June","DJUN","363.43","96.52235628105039034776437189496096522356",".2035",".3897","-.2284","2.0106","6.2911","7.9101","Derivative Based ETF","Defined Outcome"
"GraniteShares 2x Long DELL Daily ETF","DLLL","225.38","89.34481366877438450154715458092291134132","7.4962","25.0265","-.7009","71.6917","618.7208","742.8316","Derivative Based ETF","Single Stock ETF"
"WisdomTree U.S. LargeCap Dividend ETF","DLN","6146.83","76.61141804788213627992633517495395948435",".5346","-2.59","-.6036","1.1015","10.1418","14.6091","Style Box - Large Cap Value","Style Box - Large Cap Value"
"WisdomTree International SmallCap Dividend ETF","DLS","1034.25","76.47426981919332406119610570236439499305",".9868","-1.4877","-.7155","2.5461","7.7648","13.1984","Geographic - EAFE","Broad Developed World ETFs"
"DoubleLine Ultrashort Income ETF","DLUX","210.01","8.27067669172932330827067669172932330827",".4861","-.2356","-.136",".2317","0","0","Ultra short Bond ETF","Ultra short Bond ETF"
"FT Vest U.S. Equity Deep Buffer ETF - March","DMAR","464.06","100",".2187",".6591",".0983","2.4185","7.5839","12.359","Derivative Based ETF","Defined Outcome"
"FT Vest U.S. Equity Deep Buffer ETF - May","DMAY","384","99.19086149452641599238457877201332698715",".3958",".6369","-.0207","2.3794","6.6528","8.5801","Derivative Based ETF","Defined Outcome"
"iShares ESG Advanced MSCI EAFE ETF","DMXF","1010.28","83.7035567896337432235885230728546872934","1.3125","-1.0958","-.3214","1.3655","13.6193","15.8027","Strategy - Socially Responsible","Broad Developed World ETFs"
"WisdomTree Global ex-U.S. Quality Growth Fund","DNL","476.86","75.83544456508625889733381590059114489082","1.5011","-.9268","1.014","-.6445","12.3081","11.5042","Strategy - Dividend Growth","World ETFs"
"FT Vest U.S. Equity Deep Buffer ETF - November","DNOV","404.48","100",".2239",".8015",".0758","2.8888","9.6761","12.6178","Derivative Based ETF","Defined Outcome"
"FT Vest U.S. Equity Deep Buffer ETF - October","DOCT","398.89","100",".1685",".9436",".1665","3.1719","10.2788","11.1522","Derivative Based ETF","Defined Outcome"
"WisdomTree True Developed International Fund","DOL","820.72","80.01950505912471047177861757893453614531","1.0841","-2.6017","-1.5152",".5371","10.2235","21.7442","Geographic - EAFE","Broad Developed World ETFs"
"WisdomTree U.S. MidCap Dividend ETF","DON","3775.87","53.3477321814254859611231101511879049676",".5342","-4.9852","-.2917","-3.2511","4.5515","6.9197","Style Box - Mid Cap Value","Style Box - Mid Cap Value"
"Direxion Daily Regional Banks Bull 3X ETF","DPST","316.45","49.11343211076026232693709011416079669662","3.3464","-13.0025","-3.2821","-18.3332","16.7277","20.3553","Derivative Based ETF","Leveraged Equity ETFs"
"Roundhill Memory ETF","DRAM","26528.37","63.06552262090483619344773790951638065523","-.403","9.9093","-.21","1.8968","0","0","Technology  - Semiconductors","Technology ETFs"
"Global X Autonomous & Electric Vehicles ETF","DRIV","359.58","39.79933110367892976588628762541806020067","1.4523","-1.66","-.3714","-8.7371","8.5357","15.8957","Geographic - Global Total Market","World ETFs"
"Strive U.S. Energy ETF","DRLL","310.08","84.71177944862155388471177944862155388471","-.0269","-2.2327","1.8633","21.9282","8.3004","46.7636","Energy - Broad","Energy ETFs"
"Aptus Defined Risk ETF","DRSK","1396.05","1.14942528735632183908045977011494252874","-.4038","-2.7044","-.6785","-4.4999",".8448","-3.7473","Target Outcome","Total Portfolio ETFs"
"DoubleLine Securitized Credit ETF","DSCO","243.02",".9433962264150943396226415094339622641509",".5472","-1.0824",".0117","-.6319",".755","0","Asset Backed - MBS","Mortgage-Backed Security ETFs"
"FT Vest U.S. Equity Deep Buffer ETF - September","DSEP","387.61","99.13971094287680660701995870612525808672",".3885","1.1329",".0407","3.4555","11.0483","10.9479","Derivative Based ETF","Defined Outcome"
"iShares ESG MSCI KLD 400 ETF","DSI","5486.96","98.20051413881748071979434447300771208226",".9406","1.6482",".6183","4.9548","21.5555","17.8626","Strategy - Socially Responsible","Style Box - Large Cap Growth"
"Tema S&P 500 Historical Weight ETF Strategy","DSPY","1002.63","83.95235856448832471399467168155461526407",".5484","-.115","-.3811","1.6934","16.0981","16.9294","Style Box - Large Cap Blend","Style Box - Large Cap Blend"
"Distillate U.S. Fundamental Stability & Value ETF","DSTL","2010.42","57.66287634985339340627905313595079739684","-.4183","-7.44","-.8332","3.8354","11.4095","11.631","Style Box - Large Cap Blend","Style Box - Large Cap Blend"
"Global X Data Center & Digital Infrastructure ETF","DTCR","2020.78","59.2301649646504320502749410840534171249",".7388","-.6195","-2.0474","-4.1813","11.311","30.2921","Real Estate   - REITs","Real Estate ETFs"
"WisdomTree U.S. Total Dividend ETF","DTD","1626.73","74.18546365914786967418546365914786967419",".5455","-2.8316","-.701",".5698","9.5785","14.1904","Style Box - Large Cap Value","Style Box - Large Cap Value"
"WisdomTree International High Dividend ETF","DTH","627.86","66.33786545810006220563405314138451968364",".4539","-4.4665","-2.3818","1.8082","4.0555","17.0491","Geographic - EAFE","Broad Developed World ETFs"
"Aptus Large Cap Enhanced Yield ETF","DUBS","421.05","95.08747537944618236589039508747537944618",".8004","1.193","-.179","4.7182","20.0584","20.1297","Style Box - Large Cap Blend","Style Box - Large Cap Blend"
"Dimensional US High Profitability ETF","DUHP","12755.78","91.91489361702127659574468085106382978723",".4034",".5988","-.2358","1.9292","14.8295","12.0177","Style Box - Large Cap Value","Style Box - Large Cap Value"
"Davis Select U.S. Equity ETF","DUSA","1225.77","72.87278854254422914911541701769165964617","1.0073","-3.7354","-.8985","-3.0244","7.9679","15.3639","Style Box - Large Cap Blend","Style Box - Large Cap Blend"
"Dimensional Ultrashort Fixed Income ETF","DUSB","2304.62","17.77777777777777777777777777777777777778","-.0198","-.0285",".099",".5125","1.5251","3.4417","Ultra short Bond ETF","Ultra short Bond ETF"
"U.S. Small Cap Growth Portfolio","DUSG","1918.64","30.94991364421416234887737478411053540587",".7309","-3.1093",".2124","-3.8309","0","0","Style Box - Small Cap Growth","Style Box - Small Cap Growth"
"iShares Select Dividend ETF","DVY","22265.12","55.80404685835995740149094781682641107561",".2226","-5.8606","-1.0858","-2.955","2.6153","11.5514","Style Box - Large Cap Value","Style Box - Large Cap Value"
"iShares Emerging Markets Dividend ETF","DVYE","1170.38","71.22207621550591327201051248357424441524","1.0986","-3.7295","-.4095","7.8852","2.761","21.2043","Geographic - Broad Emerging Markets","Broad Emerging Market ETFs"
"Invesco Dorsey Wright SmallCap Momentum ETF","DWAS","407.9","52.88576013251203478440913090739686319168",".8448",".5411","-.6863","-9.4161","7.7745","16.9532","Style Box - Small Cap Blend","Style Box - Small Cap Blend"
"Davis Select Worldwide ETF","DWLD","561.94","29.64669738863287250384024577572964669739",".9058","-6.15","-1.5031","-4.8798","1.7119","-.5424","Global Large-Cap Blend Equity ETF","Global Large-Cap Blend Equity ETF"
"WisdomTree International Equity ETF","DWM","648.19","70.58262459263969477783959939591447420714",".8925","-2.7333","-.8734","-.4547","6.0048","13.4576","Geographic - EAFE","Broad Developed World ETFs"
"State Street SPDR S&P International Dividend ETF","DWX","506.83","54.15416916616676664667066586682663467307",".3806","-3.8902","-2.3062","-.5596","1.4594","11.0132","Foreign Large Value ETF","Foreign Large Value ETF"
"Dimensional International Vector Equity ETF","DXIV","220.93","74.42287513116474291710388247639034627492",".4967","-4.109","-2.4251","1.3479","6.8768","18.9135","Foreign Small/Mid Value ETF","Foreign Small/Mid Value ETF"
"WisdomTree Japan Hedged Equity ETF","DXJ","7045.42","98.89990982867448151487826871055004508566","1.2797","1.088",".4634","4.2237","13.6668","44.413","Geographic - Japan","Asia-Pacific (Developed) ETFs"
"Dimensional US Vector Equity ETF","DXUV","586.47","81.6269284712482468443197755960729312763",".7714","-1.9595","-.3228","1.8765","14.2012","16.8313","Style Box - All Cap Value","Style Box - All Cap Value"
"iShares U.S. Equity Factor Rotation Active ETF","DYNF","41998.02","97.13055954088952654232424677187948350072",".6907","1.0555","-.0999","4.4426","19.4691","19.0019","Style Box - All Cap Blend","Style Box - All Cap Blend"
"Eagle Capital Select Equity ETF","EAGL","4589.84","68.59799713876967095851216022889842632332",".5761","-4.8491","-1.1756","3.2919","11.3309","7.8056","Geographic - Global Total Market","World ETFs"
"Longview Advantage ETF","EBI","680.67","87.33382323468501569911149709399425479324",".6734","-1.8088","-.1613","2.4884","14.2664","21.62","Style Box - All Cap Blend","Style Box - All Cap Blend"
"State Street SPDR Bloomberg Emerging Markets Local Bond ETF","EBND","2222.65","8.44155844155844155844155844155844155844","1.0486","-2.0236","-.3189","-.2033","2.5374","2.2665","International - Emerging Market","Emerging Market Bond ETFs"
"iShares MSCI Chile ETF","ECH","928.95","35.28670447385003150598613736609955891619",".8426","-9.5122","-4.9693","-5.1878","-5.7328","16.9306","Geographic - Chile","Latin American Equity ETFs"
"Columbia Research Enhanced Emerging Economies ETF","ECON","315.77","81.91525138725407768622835042878762401211",".9667",".6688","-.9594","3.5227","25.3385","33.3793","Geographic - Broad Emerging Markets","Broad Emerging Market ETFs"
"Pacer Emerging Markets Cash Cows 100 ETF","ECOW","201.4","51.25539427226363279717536288740682620636",".5272","-3.7544","-1.7857",".1843",".6197","13.6671","Geographic - Broad Emerging Markets","Broad Emerging Market ETFs"
"3EDGE Dynamic Fixed Income ETF","EDGF","572.25","1.42857142857142857142857142857142857143","0","-.3382","-.0334","-.5807",".0016",".9152","Total Bond Market - Broad","Total Bond Market ETFs"
"State Street SPDR S&P Emerging Markets Dividend ETF","EDIV","1161.05","37.36654804270462633451957295373665480427",".2009","-2.9936","-2.2293","-1.5102","4.2445","7.4251","Geographic - Broad Emerging Markets","Broad Emerging Market ETFs"
"First Trust Dow 30 Equal Weight ETF","EDOW","310.16","69.57779823753781402078127055109825069052",".2098","-3.6971","-1.4336","-.9434","10.2735","12.1111","Style Box - Large Cap Blend","Style Box - Large Cap Blend"
"Invesco S&P Emerging Markets Low Volatility ETF","EELV","408.58","43.08093994778067885117493472584856396867",".1805","-2.9895","-2.182","1.4272","1.6886","9.1822","Geographic - Broad Emerging Markets","Broad Emerging Market ETFs"
"iShares MSCI Emerging Markets ETF","EEM","31056.63","81.62947586922677737415672029060716139076","1.2872",".7744","-.456","2.9985","20.1993","27.213","Geographic - Broad Emerging Markets","Broad Emerging Market ETFs"
"iShares MSCI Emerging Markets Asia ETF","EEMA","893.32","86.80864197530864197530864197530864197531","1.0947",".313","-.9074","3.4451","23.5945","27.267","Geographic - Asia Emerging","Asia-Pacific (Emerging) ETFs"
"iShares MSCI Emerging Markets Small-Cap ETF","EEMS","382.81","80.212014134275618374558303886925795053","1.8638",".2071",".7458","2.1401","11.1498","15.4201","Geographic - Broad Emerging Markets","Broad Emerging Market ETFs"
"iShares MSCI Emerging Markets Min Vol Factor ETF","EEMV","3574.03","85.07779349363507779349363507779349363508",".9171","-1.3708","-.9268","1.7265","16.7114","19.5312","Geographic - Broad Emerging Markets","Broad Emerging Market ETFs"
"WisdomTree U.S. SmallCap ETF","EES","683.34","75.12646084074655503226931798360369788941",".8021","-3.0653",".2972","-2.459","12.6569","18.7968","Style Box - Small Cap Value","Style Box - Small Cap Value"
"iShares MSCI EAFE ETF","EFA","76004.55","72.39612976664769493454752418895845190666","1.1087","-2.8956","-1.5157","-.3928","7.7514","13.8236","Geographic - EAFE","Broad Developed World ETFs"
"Invesco MSCI EAFE Income Advantage ETF","EFAA","661.5","59.54323001631321370309951060358890701468",".9191","-2.0371","-1.2945",".214","7.9653","12.0706","Derivative Based ETF","Broad Developed World ETFs"
"iShares MSCI EAFE Min Vol Factor ETF","EFAV","5230.9","63.5099913119026933101650738488271068636",".5083","-3.5214","-2.025","2.1793",".6564","10.4905","Geographic - EAFE","Broad Developed World ETFs"
"State Street SPDR MSCI EAFE Fossil Fuel Reserves Free ETF","EFAX","488.43","67.59259259259259259259259259259259259259","1.0605","-2.8729","-1.413","-1.4094","8.3489","11.1485","Strategy - Socially Responsible","Broad Developed World ETFs"
"iShares MSCI EAFE Growth ETF","EFG","14975.29","68.93551688843398157625383828045035823951","1.5516","-1.4488",".0827","-2.0626","8.1768","7.0218","Strategy - Dividend Growth","Broad Developed World ETFs"
"State Street SPDR S&P 500 ESG ETF","EFIV","1012.47","90.66937119675456389452332657200811359026",".5787",".2961",".1474","3.5959","17.953","18.0439","Strategy - Socially Responsible","Style Box - Large Cap Blend"
"iShares MSCI Finland ETF","EFNL","391.27","69.28435718809373020899303356554781507283","1.5804","-2.0022","-2.7879","2.0662","6.728","26.1234","Geographic - Finland","European Equity ETFs"
"iShares MSCI EAFE Value ETF","EFV","30248.59","71.92660550458715596330275229357798165138",".7833","-4.368","-2.943",".8221","7.3646","20.6928","Geographic - EAFE","Broad Developed World ETFs"
"iShares MSCI Indonesia ETF","EIDO","412.15","10.45130641330166270783847980997624703088",".6029","-10.1538","-2.6667","2.0087","-23.3733","-30.5742","Geographic - Indonesia","Asia-Pacific (Emerging) ETFs"
"FT Energy Income Partners Enhanced Income ETF","EIPI","1048.11","61.53846153846153846153846153846153846154",".7929","-5.0044",".0926",".3423","-.1786","16.8943","Energy - Broad","Energy ETFs"
"FT Energy Inc.ome Partners Strategy ETF","EIPX","552.12","75.02986857825567502986857825567502986858",".6339","-5.3314","0","2.0996",".6472","25.2388","Energy - Broad","Energy ETFs"
"iShares MSCI Israel ETF","EIS","878.7","61.94423511680482290881688018085908063301","1.1056","-1.3127","-.3578","1.7098","4.6344","24.4625","Geographic - Israel","Africa-Middle East Equity ETFs"
"Innovator Emerging Markets Pow","EJUL","215.55","87.48901259888661002050981541166129504834",".8931",".3438","-.2595","3.7459","5.5349","8.2721","Derivative Based ETF","Defined Outcome"
"Eventide High Dividend ETF","ELCV","292.32","65.54149085794655414908579465541490857947",".624","-2.6809",".025","-4.0321","6.8054","15.7431","Style Box - Large Cap Value","Style Box - Large Cap Value"
"Elm Market Navigator ETF","ELM","591.3","83.74233128834355828220858895705521472393",".3767","-1.0466","-.5767",".4868","7.4413","6.6206","Multi-Asset - Total Portfolio","Total Portfolio ETFs"
"VanEck Emerging Markets Bond ETF","EMBX","283.97","2.88659793814432989690721649484536082474",".6738","-2.827","-1.0619","-2.5786",".787","0","International - Emerging Market","Emerging Market Bond ETFs"
"Xtrackers MSCI Emerging Markets Select ETF","EMCS","1116.26","88.58837787842061618932193659501180072718","1.0256","2.8137","-.5071","6.4837","28.1516","36.9231","Strategy - Socially Responsible","Broad Emerging Market ETFs"
"Nomura Focused Emerging Markets Equity ETF","EMEQ","641.31","74.41936846056397503870876929573499741942","1.6411","3.7854","-.3987","-.2227","49.7326","80.3978","Geographic - Broad Emerging Markets","Broad Emerging Market ETFs"
"iShares Emerging Markets Equity Factor ETF","EMGF","1937.65","81.18811881188118811881188118811881188119","1.1049",".1385","-.605","2.6847","20.7979","29.1284","Geographic - Broad Emerging Markets","Broad Emerging Market ETFs"
"VanEck J.P. Morgan EM Local Currency Bond ETF","EMLC","4877.12","4.36893203883495145631067961165048543689",".9303","-2.9471","-.8085","-1.7357","1.389","3.215","Sovereign - Broad Market","Emerging Market Bond ETFs"
"First Trust North American Energy Infrastructure Fund","EMLP","3945.62","55.76407506702412868632707774798927613941",".6542","-5.3092",".1688","-4.2041","-3.7103","12.0102","Energy - MLP","MLP ETFs"
"PIMCO Enhanced Short Maturity Active ESG ETF","EMNT","244.82","8.26347305389221556886227544910179640719",".4058","-.0506","-.0111",".6992","1.6412","3.6981","Ultra short Bond ETF","Ultra short Bond ETF"
"AB Emerging Markets Opportunities ETF","EMOP","2119.41","82.95440111774418900038104915534103899403",".5013","1.0155","-1.0106","1.8272","17.0624","30.2129","Geographic - Broad Emerging Markets","Broad Emerging Market ETFs"
"EMQQ The Emerging Markets Internet ETF","EMQQ","228.98","2.18824940047961630695443645083932853717","-.0819","-9.4807","-2.5648","-4.4928","-6.3689","-34.5878","Geographic - Broad Emerging Markets","Broad Emerging Market ETFs"
"iShares MSCI Emerging Markets ex China ETF","EMXC","25440.97","86.80872653475393201420598680872653475393","1.963","2.6553",".1384","4.4442","29.8967","51.0519","Geographic - Broad Emerging Markets","Broad Emerging Market ETFs"
"Alerian Energy Infrastructure ETF","ENFR","524.74","70.70659803462798315395414131960692559663",".6999","-6.9287",".1338","-.5637",".7705","21.3528","Energy - MLP","MLP ETFs"
"iShares MSCI Norway ETF","ENOR","221.49","75.33039647577092511013215859030837004405","1.2041","-4.7491","-1.9989","10.3125",".0014","29.6343","Geographic - Norway","European Equity ETFs"
"WisdomTree India Earnings ETF","EPI","1803.62","12.7544097693351424694708276797829036635",".2226","-6.5914","-3.0383","-5.5685","-.613","-8.6545","Geographic - India","Asia-Pacific (Emerging) ETFs"
"iShares MSCI Poland ETF","EPOL","813.1","80.47210300429184549356223175965665236052","-.5087","-2.5589","-4.058","9.1024","17.8461","35.6337","Geographic - Poland","European Equity ETFs"
"iShares MSCI Pacific ex Japan ETF","EPP","2196.93","59.95828988529718456725755995828988529718",".1098","-5.3624","-1.0848","2.4724","3.6858","8.7444","Geographic - Asia Developed","Asia-Pacific (Developed) ETFs"
"WisdomTree U.S. LargeCap ETF","EPS","1653.24","92.17447081462475946119307248236048749198",".662",".2667","-.0433","3.9822","18.0825","17.9574","Style Box - Large Cap Value","Style Box - Large Cap Value"
"iShares MSCI Peru and Global Exposure ETF","EPU","545.81","84.74767409078094164082323089935156470257",".9127","-3.1784","-1.5175","6.4505","11.5519","48.8116","Geographic - Peru","Latin American Equity ETFs"
"Invesco Russell 1000 Equal Weight ETF","EQAL","795.78","67.84464077346224370728454742457076179363",".7994","-4.4844","-.2922","-2.0487","5.1156","12.6876","Style Box - Large Cap Blend","Style Box - Large Cap Blend"
"Columbia U.S. Equity Income ETF","EQIN","302.14","64.34058898847631241997439180537772087068",".2929","-5.1019","-.7989","-1.3165","5.7203","12.7969","Style Box - All Cap Value","Style Box - All Cap Value"
"ALPS Equal Sector Weight ETF","EQL","734.11","73.22121604139715394566623544631306597671",".6386","-2.4313","-.4933","-.611","6.1295","10.9878","Style Box - Large Cap Blend","Style Box - Large Cap Blend"
"Kovitz Core Equity ETF","EQTY","1446.22","81.87919463087248322147651006711409395973",".2518","-.9371","-.6765","2.2296","13.9196","12.3044","Style Box - All Cap Blend","Style Box - All Cap Blend"
"Invesco S&P 100 Equal Weight ETF","EQWL","2766.6","74.25699300699300699300699300699300699301",".356","-2.9408","-1.0152","-.2792","13.0234","14.3821","Style Box - Large Cap Blend","Style Box - Large Cap Blend"
"Direxion Daily Energy Bull 2X ETF","ERX","240.45","83.93839383938393839383938393839383938394",".6254","-6.3816","2.5395","37.3282","9.1853","92.1521","Derivative Based ETF","Leveraged Equity ETFs"
"iShares ESG Aware MSCI EAFE ETF","ESGD","11776.57","73.20601851851851851851851851851851851852","1.0779","-2.7162","-1.4992","-.1549","8.4552","13.4362","Strategy - Socially Responsible","Broad Developed World ETFs"
"iShares ESG Aware MSCI EM ETF","ESGE","6920.7","87.20054757015742642026009582477754962355","1.3562","1.403","-.3628","4.7083","22.0655","27.5344","Strategy - Socially Responsible","Broad Emerging Market ETFs"
"iShares ESG Aware MSCI USA ETF","ESGU","17959.65","93.89543668782109398609851919008763977032",".6934",".7767","-.1423","3.3301","18.5595","16.095","Strategy - Socially Responsible","Style Box - All Cap Growth"
"Vanguard ESG U.S. Stock ETF Shares","ESGV","13476.83","96.40657084188911704312114989733059548255",".8109","1.0995","-.2189","3.9202","21.1305","15.7695","Strategy - Socially Responsible","Style Box - All Cap Blend"
"iShares ESG Aware MSCI USA Small-Cap ETF","ESML","2736.33","72.35594456601021152443471918307804522247",".9166","-3.1413","-.0756","-3.4061","11.6448","17.3143","Strategy - Socially Responsible","Style Box - Small Cap Blend"
"Essential 40 Stock ETF","ESN","343.06","90.42145593869731800766283524904214559387",".3691","-.5946","-.9471","1.6143","15.0959","18.5067","Style Box - Large Cap Blend","Style Box - Large Cap Blend"
"VanEck Video Gaming and eSports ETF","ESPO","247.78","34.41365799048418695773859501819199552197",".387","1.3886","1.2728","6.1044","8.0483","-19.8142","Consumer Discretionary - Leisure and Entertainment","Consumer Discretionary ETFs"
"Grayscale Ethereum Staking Mini ETF","ETH","2269.69","35.85603767238479650184998318197107299025","-1.2413","11.4711","-1.0109","57.3548","30.0306","-39.9245","Digital Economy ETF","Digital Economy ETF"
"iShares Ethereum Trust ETF","ETHA","9925.89","34.8024948024948024948024948024948024948","-1.2764","11.4127","-.9847","56.3764","28.6628","-40.9398","Digital Economy ETF","Digital Economy ETF"
"iShares Staked Ethereum Trust ETF","ETHB","766.11","91.95624195624195624195624195624195624196","-1.2658","11.3563","-.9524","56.9273","29.1196","0","Digital Economy ETF","Digital Economy ETF"
"Grayscale Ethereum Staking ETF","ETHE","2051.19","33.59939186621056632459141011022424933485","-1.1987","11.2091","-.9704","55.8545","27.5595","-42.1436","Digital Economy ETF","Digital Economy ETF"
"ProShares Ultra Ether ETF","ETHT","300.45","10.95282146160962072155411655874190564292","-2.4195","20.2921","-2.4195","122.1666","32.4761","-81.5819","Digital Economy ETF","Digital Economy ETF"
"2x Ether ETF","ETHU","1336.81","11.99922958397534668721109399075500770416","-2.6453","20.4931","-2.3903","125.7494","37.7436","-80.2114","Digital Economy ETF","Digital Economy ETF"
"Bitwise Ethereum ETF","ETHW","287.14","34.9010989010989010989010989010989010989","-1.1911","11.5789","-.8316","56.779","29.0934","-40.8372","Digital Economy ETF","Digital Economy ETF"
"Select STOXX Europe Aerospace & Defense ETF","EUAD","1025.56","37.68796992481203007518796992481203007519",".7986","-4.4067","-2.6642","-6.0879","-1.792","-11.7024","Industrials  - Aerospace & Defense","Industrials ETFs"
"iShares MSCI Europe Financials ETF","EUFN","3814.79","59.5049504950495049504950495049504950495",".8017","-7.7178","-4.9036","-2.2077","13.742","18.4275","Financials-Broad","Financials ETFs"
"iShares Euro High Yield Corporate Bond USD Hedged ETF","EUHY","248.59","3.25581395348837209302325581395348837209",".6387","-1.6404","-.6466","-1.9768","1.393","0","Corporates - Junk/High Yield","High-Yield/Junk Bond ETFs"
"iShares MSCI USA Equal Weighted ETF","EUSA","1882.27","66.08200995496563166627162834794975112586",".4195","-2.8951","-.5041","-1.9421","10.3944","10.3597","Style Box - All Cap Blend","Style Box - All Cap Blend"
"Corgi Lithography & Semiconductor Photonics ETF","EUV","462.23","55.22123893805309734513274336283185840708","3.1418","19.1678","7.9391","2.5524","0","0","Technology  - Semiconductors","Technology ETFs"
"Eaton Vance Floating-Rate ETF","EVLN","1528.49","10.73910296904611497157296272899557801642","-.0413","-.2868","-.2254","1.107","3.2997","3.9791","Corporates - Floating Rate","Investment Grade Corporate Bond ETFs"
"Eaton Vance Mortgage Opportunities ETF","EVMO","847.62","5.97014925373134328358208955223880597015","-.0208","-2.1478","-.3533","-2.5286","-1.8174",".2283","Asset Backed - MBS","Mortgage-Backed Security ETFs"
"Eaton Vance Ultra-Short Income ETF","EVSB","318.59","6.77966101694915254237288135593220338983",".0791",".0282","-.0505",".681","1.7757","3.7217","Ultra short Bond ETF","Ultra short Bond ETF"
"Eaton Vance Short Duration Income ETF","EVSD","1540.84","3.8961038961038961038961038961038961039","-.0401","-1.0375","-.0454","-.882",".0348","1.3838","Short-Term Bond ETF","Short-Term Bond ETF"
"iShares ESG Aware MSCI USA Value ETF","EVUS","378.04","84.79827089337175792507204610951008645533",".3164","-1.4616","-1.0179","2.9099","14.5399","17.3506","Strategy - Socially Responsible","Style Box - All Cap Value"
"iShares MSCI Australia ETF","EWA","1192.37","61.4963503649635036496350364963503649635","1.179","-5.6943","-.3869",".8188","2.2237","7.316","Geographic - Australia","Asia-Pacific (Developed) ETFs"
"iShares MSCI Canada ETF","EWC","7011.08","69.65944272445820433436532507739938080495",".755","-4.1619","-1.46","1.6445","6.6441","17.5537","Geographic - Canada","Canadian Equity ETFs"
"iShares MSCI Sweden ETF","EWD","937.55","50","1.2953","-4.7755","-2.8533","-.8518","3.4188","8.1461","Geographic - Sweden","European Equity ETFs"
"iShares MSCI Germany ETF","EWG","1457.27","49.46236559139784946236559139784946236559","1.1759","-5.1011","-2.2717","-2.3871","5.5929","-.7968","Geographic - Germany","European Equity ETFs"
"iShares MSCI Hong Kong ETF","EWH","1175.03","23.39331619537275064267352185089974293059","-2.6625","-5.6843","-3.0997","3.0578","-5.3536","4.6556","Geographic - Hong Kong","Asia-Pacific (Developed) ETFs"
"iShares MSCI Italy ETF","EWI","1146.23","54.37116564417177914110429447852760736196",".2795","-6.4842","-4.9669","-5.3274","7.8504","13.2728","Geographic - Italy","European Equity ETFs"
"iShares MSCI Japan ETF","EWJ","23517.27","100","1.5814","2.9988","1.0109","6.2057","16.5681","27.8632","Geographic - Japan","Asia-Pacific (Developed) ETFs"
"iShares MSCI Japan Value ETF","EWJV","773.13","87.01740506329113924050632911392405063291",".9537",".0392","-1.2648","7.3732","13.6804","31.4446","Geographic - Japan","Asia-Pacific (Developed) ETFs"
"iShares MSCI Belgium ETF","EWK","234.13","45.62982005141388174807197943444730077121",".5153","-7.7885","-5.0187","-6.9358","3.5138","8.8074","Geographic - Belgium","European Equity ETFs"
"iShares MSCI Switzerland ETF","EWL","2661.6","41.61676646706586826347305389221556886228",".697","-5.8197","-2.3574","-7.4242","2.3248","7.2363","Geographic - Switzerland","European Equity ETFs"
"iShares MSCI Malaysia ETF","EWM","282.35","33.98821218074656188605108055009823182711",".6322","-3.6668","-2.7668",".3337","-2.4988","6.8035","Geographic - Malaysia","Asia-Pacific (Emerging) ETFs"
"iShares MSCI Netherlands ETF","EWN","702.84","77.08845208845208845208845208845208845209","1.8913","-.1765","-.1911",".4737","17.9771","18.8328","Geographic - Netherlands","European Equity ETFs"
"iShares MSCI Spain ETF","EWP","2334.65","66.97986577181208053691275167785234899329",".7777","-5.8453","-4.7222","-2.2628","7.9734","21.5045","Geographic - Spain","European Equity ETFs"
"iShares MSCI France ETF","EWQ","333.68","8.24587706146926536731634182908545727136","1.2467","-7.37","-3.6944","-8.0357","-.9889","-2.7353","Geographic - France","European Equity ETFs"
"iShares MSCI Singapore ETF","EWS","1432.58","79.51653944020356234096692111959287531807","-.7229","-3.6257","-1.7","9.2838","18.3328","18.0646","Geographic - Singapore","Asia-Pacific (Developed) ETFs"
"iShares MSCI Taiwan ETF","EWT","12315.58","100","3.1477","6.3054","1.3504","10.9384","64.3776","86.1659","Geographic - Taiwan","Asia-Pacific (Developed) ETFs"
"iShares MSCI United Kingdom ETF","EWU","3625.31","60.12422360248447204968944099378881987578",".6319","-4.2306","-2.4091","-2.078","1.333","12.8144","Geographic - UK","European Equity ETFs"
"iShares MSCI Mexico ETF","EWW","1465.17","39.786223277909738717339667458432304038","1.8919","-6.7305","-3.0679","-5.8411","-5.1007","9.9476","Geographic - Mexico","Latin American Equity ETFs"
"State Street SPDR S&P Emerging Markets Small Cap ETF","EWX","657.11","56.49659863945578231292517006802721088435",".9723","-3.0823","-.929","-2.7083","8.6499","8.6632","Geographic - Broad Emerging Markets","Broad Emerging Market ETFs"
"iShares MSCI South Korea ETF","EWY","26688.17","80.27151935297515886770652801848642403235","3.1003","7.2794","2.511","6.5172","56.1651","132.1526","Geographic - South Korea","Asia-Pacific (Developed) ETFs"
"iShares MSCI Brazil ETF","EWZ","8638.76","72.64296754250386398763523956723338485317","2.8271",".2625","3.7208","10.9207",".4451","31.481","Geographic - Brazil","Latin American Equity ETFs"
"iShares MSCI Brazil Small-Cap ETF","EWZS","235.59","43.42342342342342342342342342342342342342","2.9151","1.3166","4.2069","5.5316","-6.4472","4.9439","Geographic - Brazil","Latin American Equity ETFs"
"iShares Global Industrials ETF","EXI","1443.39","65.08179586280658256155959065606845086171","1.3427","-.9877","-.5169","-3.9667","5.0031","12.0071","Industrials  - Broad","Industrials ETFs"
"Cambria Emerging Shareholder Yield ETF","EYLD","913.6","85.32763532763532763532763532763532763533","1.2642","-1.4476","-.5175","6.4842","17.3816","34.7907","Geographic - Broad Emerging Markets","Broad Emerging Market ETFs"
"iShares MSCI South Africa ETF","EZA","465.16","13.03731695795937647614548889938592347662",".525","-9.7157","-4.9489","-1.2656","-4.9783","6.2696","Geographic - South Africa","Africa-Middle East Equity ETFs"
"Franklin Bitcoin ETF","EZBC","501.43","38.1382155750386797318205260443527591542","-.4497","8.9973",".3296","37.1059","25.6774","-30.4981","Cryptocurrency ETFs","Cryptocurrency ETFs"
"WisdomTree U.S. MidCap ETF","EZM","898.52","66.05566870332654446707399864222674813306",".9145","-3.4113",".1096","-2.6","8.2458","11.719","Style Box - Mid Cap Value","Style Box - Mid Cap Value"
"iShares MSCI Eurozone ETF","EZU","9280.85","58.35432409739714525608732157850545759866","1.3303","-4.0784","-2.4451","-3.1638","8.1618","9.319","Geographic - Broad Europe","European Equity ETFs"
"First Trust Alternative Absolute Return Strategy ETF","FAAR","233.03","70.99337748344370860927152317880794701987","-.6643","3.2166","-.2946","2.711","-4.6982","17.8643","Basket - Broad","Broad Commodity ETFs"
"First Trust Multi Cap Growth AlphaDEX ETF","FAD","602.15","68.45507040826663965150440684834363286394","1.0577","1.2463",".6221","-3.7409","14.2471","14.1951","Style Box - All Cap Growth","Style Box - All Cap Growth"
"First Trust Bloomberg Artificial Intelligence ETF","FAI","208.16","100","1.4554","8.271","1.6336","12.2079","53.2269","43.8445","Artificial Intelligence and Robotics ETF","Artificial Intelligence and Robotics ETF"
"FT Vest U.S. Equity Buffer ETF - April","FAPR","1330.31","99.43831911795298522987310172664863740379",".5229",".7526","-.0104","2.9828","6.6767","10.3559","Derivative Based ETF","Defined Outcome"
"Direxion Daily Financial Bull 3X ETF","FAS","1882.78","41.95928753180661577608142493638676844784","-.1064","-20.4431","-7.4857","-13.4027","19.0217","-10.1316","Derivative Based ETF","Leveraged Equity ETFs"
"FT Vest U.S. Equity Buffer ETF - August","FAUG","1420.12","97.39368998628257887517146776406035665295",".4508",".4857","-.1723","2.5473","11.1474","11.3396","Derivative Based ETF","Defined Outcome"
"Fidelity Blue Chip Growth ETF","FBCG","7620.68","98.41560024375380865326020719073735527118",".8991","4.2876",".2979","4.7144","25.5052","18.6318","Style Box - All Cap Growth","Style Box - All Cap Growth"
"Fidelity Disruptive Automation ETF","FBOT","214.12","89.02103400825633968940436406526439944958","1.7826","2.8746","1.6208","1.9829","18.7038","19.8265","Artificial Intelligence and Robotics ETF","Artificial Intelligence and Robotics ETF"
"First Trust NYSE Arca Biotechnology ETF","FBT","2897.11","91.83606557377049180327868852459016393443",".2446","-2.5707","-2.3529","4.3349","31.901","42.4561","Healthcare - Biotech","Health Care ETFs"
"Fidelity Wise Origin Bitcoin Fund","FBTC","15704.95","38.15721870183250556602157903750642233259","-.3804","8.9761",".3833","37.0142","25.6511","-30.5192","Cryptocurrency ETFs","Cryptocurrency ETFs"
"First Trust Natural Gas ETF","FCG","655.93","67.00648748841519925857275254865616311399",".3094","-8.0638","-.0685","11.0953","-5.2426","27.9528","Energy - natural gas","Energy ETFs"
"Fidelity MSCI Communication Services Index ETF","FCOM","1818.92","61.27167630057803468208092485549132947977",".6449","1.2024","-2.0867","1.6311","4.5962","2.9111","Communication Services - Broad","Communication Services ETFs"
"Fidelity Corporate Bond ETF","FCOR","344.19",".7334963325183374083129584352078239608802","-.0895","-2.4902","-.7197","-4.1251","-3.2455","-2.8577","Corporates - Investment Grade","Investment Grade Corporate Bond ETFs"
"Fidelity Stocks for Inflation ETF","FCPI","287.13","92.23404255319148936170212765957446808511",".5684","-.1214",".4257","4.9143","14.5325","13.9738","Style Box - All Cap Blend","Style Box - All Cap Blend"
"SMI 3Fourteen Full-Cycle Trend ETF","FCTE","239.94","82.98605906160995353020536651176735122171",".745","3.7117",".8588","1.8449","18.2139","12.1724","Style Box - Large Cap Blend","Style Box - Large Cap Blend"
"First Trust STOXX European Select Dividend ETF","FDD","876.14","62.14574898785425101214574898785425101215",".2128","-6.5636","-4.5109","1.8581","9.5014","23.4287","Geographic - Broad Europe","European Equity ETFs"
"FT Vest U.S. Equity Buffer ETF - December","FDEC","1326.14","99.86765484383271572260455267337215457914",".3767",".8611",".0267","3.3586","12.3377","13.885","Derivative Based ETF","Defined Outcome"
"Fidelity Emerging Markets Multifactor ETF","FDEM","590.96","73.47972972972972972972972972972972972973",".7725","-.0717","-.8704","2.8191","16.3008","21.3233","Geographic - Broad Emerging Markets","Broad Emerging Market ETFs"
"Fidelity International Multifactor ETF","FDEV","272","60.24305555555555555555555555555555555556",".7265","-3.8308","-2.4357",".9883","2.0944","12.5831","Foreign Large Blend ETF","Foreign Large Blend ETF"
"American Century Focused Dynamic Growth ETF","FDG","431.61","87.70876992443005016828602273448910903664","1.1966","4.8497",".879","3.6582","18.8739","12.4545","Style Box - All Cap Growth","Style Box - All Cap Growth"
"Fidelity Enhanced High Yield ETF","FDHY","612.49","1.81818181818181818181818181818181818182",".0842","-2.2047","-.8859","-1.6171",".7033","2.9105","Corporates - Junk/High Yield","High-Yield/Junk Bond ETFs"
"Fidelity Crypto Industry and Digital Payments ETF","FDIG","252.09","39.82889392142061181207088680398288939214",".1095","-2.3142","-5.8153","1.0226","27.7393","-18.0161","Cryptocurrency ETFs","Cryptocurrency ETFs"
"Fidelity MSCI Consumer Discretionary Index ETF","FDIS","1574.18","33.49225268176400476758045292014302741359","1.1494","-4.09","-.3739","-6.4334","3.783","-5.9479","Consumer Discretionary - Broad","Consumer Discretionary ETFs"
"First Trust Morningstar Dividend Leaders ETF","FDL","7554.95","61.75156389633601429848078641644325290438","-.1421","-6.7307","-1.1656","-.3131","-.383","17.2689","Style Box - Large Cap Value","Style Box - Large Cap Value"
"Fidelity Low Volatility Factor ETF","FDLO","1388.49","75.98425196850393700787401574803149606299",".5068","-1.4758","-.3304","2.0457","10.0138","9.5025","Style Box - Large Cap Blend","Style Box - Large Cap Blend"
"Inspire Fidelis Multi Factor ETF","FDLS","247.01","82.77065258393059222934741606940777065258","1.0794","-1.8717","1.3074",".7273","13.0839","22.1745","Strategy - Socially Responsible","Style Box - All Cap Blend"
"First Trust Dow Jones Select MicroCap ETF","FDM","259.45","70.14252286747500531801744309721335885982",".9932","-4.2589","-.1666","-3.7102","7.3768","20.3871","Style Box - Small Cap Blend","Style Box - Small Cap Blend"
"Fidelity Momentum Factor ETF","FDMO","890.47","90.19972131908964235949837436135624709707",".7415","3.0348",".312","1.9799","19.4913","16.5578","Style Box - Large Cap Blend","Style Box - Large Cap Blend"
"First Trust Dow Jones Internet ETF","FDN","5236.87","92.79151943462897526501766784452296819788",".8364","1.5171",".048","9.2492","22.0507","4.2299","Technology  - Internet","Technology ETFs"
"Fidelity Dividend ETF for Rising Rates","FDRR","749.98","87.00305810397553516819571865443425076453",".8067","-1.12","-.7165","5.0344","17.3884","18.6164","Style Box - All Cap Value","Style Box - All Cap Value"
"First Trust Developed Markets ex-US AlphaDEX ETF","FDT","1341.98","77.69855199648968845985081175954365949978","1.6713","-.3841","-.1432","2.0549","9.7171","28.6575","Foreign Large Value ETF","Foreign Large Value ETF"
"Fidelity Disruptive Technology ETF","FDTX","316.41","100",".7203","13.6888","2.2306","11.6206","59.2046","46.0813","Technology  - broad","Technology ETFs"
"Federated Hermes U.S. Strategic Dividend ETF","FDV","887.45","57.72357723577235772357723577235772357724","0","-6.2563","-1.0238","-1.5968","3.6184","13.1371","Style Box - Large Cap Value","Style Box - Large Cap Value"
"Fidelity High Dividend ETF","FDVV","10145.47","67.305848513902205177372962607861936721",".5778","-2.9119","-1.2642",".0033","11.1529","12.3883","Style Box - All Cap Value","Style Box - All Cap Value"
"First Eagle Global Equity ETF","FEGE","2517.48","67.20160481444332998996990972918756268806",".4404","-5.07","-2.0305",".7428","6.3586","14.1125","Global Large-Cap Blend Equity ETF","Global Large-Cap Blend Equity ETF"
"Fidelity Enhanced Large Cap Core ETF","FELC","8636.24","94.20289855072463768115942028985507246377",".6218",".3116","-.2967","4.6272","20.0082","17.8149","Style Box - Large Cap Blend","Style Box - Large Cap Blend"
"Fidelity Enhanced Large Cap Growth ETF","FELG","5806.86","100","1.0384","4.2291",".7713","6.4349","21.1343","10.9966","Style Box - Large Cap Growth","Style Box - Large Cap Growth"
"Fidelity Enhanced Large Cap Value ETF","FELV","3410.51","84.79923518164435946462715105162523900574",".3861","-2.5105","-.9524","2.7443","19.2512","25.8336","Style Box - Large Cap Value","Style Box - Large Cap Value"
"First Trust Emerging Markets AlphaDEX ETF","FEM","797.39","86.09321712769988632057597574838954149299","1.9384","-.9608",".3436","4.979","9.7091","23.4896","Geographic - Broad Emerging Markets","Broad Emerging Market ETFs"
"First Trust Emerging Markets Local Currency Bond ETF","FEMB","374.84","1.50943396226415094339622641509433962264",".1414","-3.5823","-1.0548","-1.4671","1.5031","2.8741","International - Emerging Market","Emerging Market Bond ETFs"
"First Trust Emerging Markets Small Cap AlphaDEX ETF","FEMS","215.45","42.82641700404858299595141700404858299595","1.8535","-4.1299",".0112","-.0363",".488","5.9388","Geographic - Broad Emerging Markets","Broad Emerging Market ETFs"
"Fidelity Enhanced International ETF","FENI","11326.03","73.94736842105263157894736842105263157895","1.1122","-2.3081","-1.2833","-.2481","7.8421","16.1042","Geographic - EAFE","Broad Developed World ETFs"
"Fidelity MSCI Energy Index ETF","FENY","2094.34","85.45878693623639191290824261275272161742",".2315","-3.5032","1.2569","17.6401","6.0987","44.6","Energy - Broad","Energy ETFs"
"First Eagle Overseas Equity ETF","FEOE","1922.36","72.31040564373897707231040564373897707231",".9379","-3.6699","-1.5371",".0186","6.1341","15.7702","Foreign Large Blend ETF","Foreign Large Blend ETF"
"First Trust Europe AlphaDEX ETF","FEP","500.22","57.72770276081534359680055044293454889481",".8276","-5.4113","-3.1623","-2.2622","3.558","11.9535","Geographic - Broad Europe","European Equity ETFs"
"REX FANG & Innovation Equity Premium Income ETF","FEPI","722.02","45.24221453287197231833910034602076124567",".8401","5.7452",".5266","9.4183","18.965","13.491","Derivative Based ETF","Active Non-Transparent ETFs"
"Fidelity Enhanced Small Cap Core ETF","FESM","6416.72","76.68579626972740315638450502152080344333",".9067","-2.7764",".5731","-3.9","18.808","25.3691","Style Box - Small Cap Blend","Style Box - Small Cap Blend"
"Fidelity Ethereum Fund","FETH","1456.77","34.82171031871252761123382770590091511518","-1.2644","11.3674","-1.0067","56.7296","29.0087","-40.8949","Digital Economy ETF","Digital Economy ETF"
"First Trust Large Cap Core AlphaDEX ETF","FEX","1542.55","73.24412532637075718015665796344647519582",".5151","-1.7184","-.1339","-1.7851","9.8356","15.5481","Style Box - Large Cap Blend","Style Box - Large Cap Blend"
"State Street SPDR EURO STOXX 50 ETF","FEZ","4182.93","58.53658536585365853658536585365853658537","1.3923","-4.3458","-2.4035","-2.7236","9.2436","8.6988","Geographic - Broad Europe","European Equity ETFs"
"FT Vest U.S. Equity Buffer ETF - February","FFEB","1368.68","99.67841829442591710338256312529776083849",".3177",".7277","-.0429","2.9979","11.7118","13.7769","Derivative Based ETF","Defined Outcome"
"Fidelity Fundamental Large Cap Core ETF","FFLC","1204.82","85.62610229276895943562610229276895943563",".3556","-.5775","-.8282","1.374","14.7985","14.7795","Style Box - Large Cap Blend","Style Box - Large Cap Blend"
"Fidelity Fundamental Large Cap Growth ETF","FFLG","638.42","91.79078628333910633875995843436092829927",".9959","4.9604",".4223","3.8855","21.9191","16.3284","Style Box - Large Cap Growth","Style Box - Large Cap Growth"
"Franklin Focused Dynamic Growth ETF","FFOG","378.24","100","1.3032","8.1712","1.2256","7.0474","27.2202","10.7248","Style Box - Large Cap Growth","Style Box - Large Cap Growth"
"FundX Future Fund Opportunities ETF","FFOX","231.53","57.19823788546255506607929515418502202643","1.2664","-.6248","1.0212","-5.003","7.7603","5.9349","Geographic - Global Total Market","World ETFs"
"Fidelity Fundamental Small-Mid Cap ETF","FFSM","1465.47","61.37254901960784313725490196078431372549",".7301","-3.877",".029","-7.1836","6.716","18.0784","Style Box - All Cap Blend","Style Box - All Cap Blend"
"Fidelity Managed Futures ETF","FFUT","392.08","90.57377049180327868852459016393442622951",".0778","2.772","-1.5007","11.7801","11.0392","22.6108","Derivative Based ETF","Hedge Fund ETFs"
"First Trust Dow Jones Global Select Dividend ETF","FGD","1536.21","59.96969314307362040661699709559287788862",".183","-6.1099","-2.7531","3.0163","6.1173","20.6225","Foreign Large Value ETF","Foreign Large Value ETF"
"Franklin Responsibly Sourced Gold ETF","FGDL","430.71","14.38605356240525517938352703385548256695","-.7701","-5.6994","-3.5858",".67","-11.3392","6.9155","Precious Metals - Gold","Precious Metals ETFs"
"Fidelity Hedged Equity ETF","FHEQ","985.36","85.92920353982300884955752212389380530973",".4312","-.5234","-.4862","2.3971","14.7105","10.3736","Hedge Fund - Broad","Hedge Fund ETFs"
"Fidelity MSCI Health Care Index ETF","FHLC","3392.42","73",".0248","-3.619","-2.4803","1.4861","14.9943","18.9073","Healthcare - Broad","Health Care ETFs"
"Fidelity International High Dividend ETF","FIDI","379.14","61.82152713891444342226310947562097516099",".4222","-4.9889","-2.5088","1.1501","1.6595","17.1585","Foreign Large Value ETF","Foreign Large Value ETF"
"Fidelity MSCI Industrials Index ETF","FIDU","2192.5","56.27928772258669165885660731021555763824",".8828","-1.1719","-.1272","-7.9013","3.4443","10.8909","Industrials  - Broad","Industrials ETFs"
"Fidelity Investment Grade Bond ETF","FIGB","642.13","2.06489675516224188790560471976401179941","-.3178","-2.7543","-.8457","-3.6653","-3.389","-2.4656","Total Bond Market - Broad","Total Bond Market ETFs"
"Fidelity MSCI North American Subset Index ETF","FINA","2142.48","79.48098974049487024743512371756185878093",".6173",".5888","-.3482","0","0","0","Style Box - All Cap Blend","Style Box - All Cap Blend"
"Fidelity International Value Factor ETF","FIVA","621.72","73.87862796833773087071240105540897097625",".6635","-4.1817","-2.1666","-.7952","9.707","23.5307","Foreign Large Value ETF","Foreign Large Value ETF"
"First Trust Water ETF","FIW","1709.65","29.79907264296754250386398763523956723338",".5292","-3.2208","-.6466","-3.9755","1.1338","-7.0023","Industrials  - Water","Industrials ETFs"
"FT Vest U.S. Equity Buffer ETF - January","FJAN","1473.8","99.66865473823724320742213386348575215374",".4238",".7976",".0704","3.2873","12.1785","13.1741","Derivative Based ETF","Defined Outcome"
"First Trust Japan AlphaDEX ETF","FJP","268.17","87.07732634338138925294888597640891218873","2.2771","3.4146","1.0872","4.2678","8.9636","26.1802","Geographic - Japan","Asia-Pacific (Developed) ETFs"
"FT Vest U.S. Equity Buffer ETF - July","FJUL","1393.82","98.49510910458991723100075244544770504138",".4782",".6655","-.0649","3.2539","11.7079","12.2334","Derivative Based ETF","Defined Outcome"
"FT Vest U.S. Equity Buffer ETF - June","FJUN","1421.58","98.24168797953964194373401534526854219949",".4918",".5887","-.0406","2.765","8.2065","9.7609","Derivative Based ETF","Defined Outcome"
"Franklin Senior Loan ETF","FLBL","845.14","15.26104417670682730923694779116465863454",".7532","-.4269","-.2972","1.4898","3.6544","2.633","Corporates - Bank Loan","High-Yield/Junk Bond ETFs"
"Franklin FTSE Brazil ETF","FLBR","619.51","74.52153110047846889952153110047846889952","2.748","1.5705","4.4066","11.8224","1.1767","35.2576","Geographic - Brazil","Latin American Equity ETFs"
"Franklin FTSE Canada ETF","FLCA","822.55","69.75308641975308641975308641975308641975",".826","-4.0928","-1.3717","1.587","6.7246","17.4907","Geographic - Canada","Canadian Equity ETFs"
"Federated Hermes MDT Large Cap Growth ETF","FLCG","650.65","100",".8392","3.5533",".6983","7.005","19.3709","9.9229","Style Box - Large Cap Growth","Style Box - Large Cap Growth"
"Fidelity Low Duration Bond Factor ETF","FLDR","2333.74","4.82758620689655172413793103448275862069",".01","-.138",".022",".2913","1.4166","3.1542","Corporates - Floating Rate","Investment Grade Corporate Bond ETFs"
"Franklin FTSE United Kingdom ETF","FLGB","841.43","61.30006357279084551811824539097266369994",".822","-4.1111","-2.038","-1.5227","2.3741","12.6992","Geographic - UK","European Equity ETFs"
"Franklin High Yield Corporate ETF","FLHY","1206.03","2.96296296296296296296296296296296296296",".7772","-2.4926","-.5272","-2.0489","-.0832","1.8271","Corporates - Junk/High Yield","High-Yield/Junk Bond ETFs"
"Franklin International Aggregate Bond ETF","FLIA","424.15","6.17283950617283950617283950617283950617",".5839","-.488",".1824","-1.4356","-.1106",".6111","International - Broad Treasury","Developed Market Bond ETFs"
"Franklin FTSE India ETF","FLIN","2486.02","15.17615176151761517615176151761517615176",".5409","-6.7447","-2.8455","-6.1694",".6619","-10.2956","Geographic - India","Asia-Pacific (Emerging) ETFs"
"Franklin FTSE Japan Hedged ETF","FLJH","208.71","97.8465679676985195154777927321668909825","1.2505","1.9318","1.1306","3.6347","15.5997","38.8898","Geographic - Japan","Asia-Pacific (Developed) ETFs"
"Franklin FTSE Japan ETF","FLJP","4141.27","100","1.6211","2.6644",".8161","5.5276","15.4042","26.5231","Geographic - Japan","Asia-Pacific (Developed) ETFs"
"Franklin FTSE South Korea ETF","FLKR","1806.49","79.62798937112488928255093002657218777679","3.3098","6.9006","2.771","6.7197","58.8866","129.616","Geographic - South Korea","Asia-Pacific (Developed) ETFs"
"iShares Floating Rate Bond ETF","FLOT","11092.57","48.57142857142857142857142857142857142857",".4028",".3436",".0684",".9882","2.3452","4.2606","Corporates - Floating Rate","Investment Grade Corporate Bond ETFs"
"Franklin U.S. Large Cap Multifactor Index ETF","FLQL","2176.18","97.2746331236897274633123689727463312369","1.1036","1.7034",".2777","3.4879","16.9064","17.0976","Style Box - Large Cap Blend","Style Box - Large Cap Blend"
"Franklin U.S. Mid Cap Multifactor Index ETF","FLQM","1428.15","48.05520702634880803011292346298619824341",".1038","-4.4158","-.7545","-1.8634","5.9914","3.78","Style Box - Mid Cap Blend","Style Box - Mid Cap Blend"
"Fidelity U.S. Multifactor ETF","FLRG","290.05","81.25719217491369390103567318757192174914",".5382","-1.4225",".1081","2.2462","12.973","9.6013","Style Box - All Cap Value","Style Box - All Cap Value"
"State Street SPDR Bloomberg Investment Grade Floating Rate ETF","FLRN","3059.71","42.85714285714285714285714285714285714286",".4111",".3131",".0528",".987","2.3545","4.239","Corporates - Floating Rate","Investment Grade Corporate Bond ETFs"
"Pacer Aristotle Pacific Floating Rate High Income ETF","FLRT","962.6","24.44444444444444444444444444444444444444",".043",".0473","-.1503","1.2821","3.4062","4.6628","Corporates - Floating Rate","High-Yield/Junk Bond ETFs"
"Franklin Systematic Style Premia ETF","FLSP","1106.3","92.04052098408104196816208393632416787265","-.3818",".3847","-.2433","4.8593","4.8862","12.3928","Hedge Fund - Broad","Hedge Fund ETFs"
"Fidelity Limited Term Bond ETF","FLTB","475.98","4.07673860911270983213429256594724220624","-.0611","-1.1329","-.1805","-1.0632","-.3596",".8702","Corporates- Intermediate Term","Investment Grade Corporate Bond ETFs"
"VanEck IG Floating Rate ETF","FLTR","3409.41","56.52173913043478260869565217391304347826",".3489",".2703",".0352",".9397","2.6647","4.596","Corporates - Floating Rate","Investment Grade Corporate Bond ETFs"
"Franklin FTSE Taiwan ETF","FLTW","4671.62","100","2.9501","6.9579",".9886","11.0815","66.2791","93.3036","Geographic - Taiwan","Asia-Pacific (Developed) ETFs"
"Franklin Ultra Short Bond ETF","FLUD","592.91","3.44827586206896551724137931034482758621",".3958",".1139",".0337",".6488","1.5953","3.4526","Ultra short Bond ETF","Ultra short Bond ETF"
"American Century Focused Large Cap Value ETF","FLV","368.28","66.71634054684462874173901775301282881949",".3775","-4.4899","-1.4408","-.245","8.8788","14.2674","Style Box - Large Cap Value","Style Box - Large Cap Value"
"Fidelity Magellan ETF","FMAG","242.89","88.40953972353030533191554002734315661552",".491","2.5676",".1099","1.4565","13.9894","3.5266","Style Box - All Cap Growth","Style Box - All Cap Growth"
"FT Vest U.S. Equity Buffer ETF - March","FMAR","1195","100",".2088",".6836",".0093","2.7857","10.1301","15.6627","Derivative Based ETF","Defined Outcome"
"Fidelity MSCI Materials Index ETF","FMAT","566.71","53.78793392038425151007932464886107270213","1.0979","-6.9462","-1.6804","-5.289","-2.995","8.5357","Materials  - Broad","Materials ETFs"
"FT Vest U.S. Equity Buffer ETF - May","FMAY","1465.26","97.95383859878867245048289409068587330169",".5052",".6542","-.0779","2.7882","8.537","10.2312","Derivative Based ETF","Defined Outcome"
"Fidelity Enhanced Mid Cap Core ETF","FMDE","8140","77.17265353418308227114716106604866743917",".7125","-1.7073",".3673","1.7979","13.1832","14.2388","Style Box - Mid Cap Blend","Style Box - Mid Cap Blend"
"First Trust Managed Futures Strategy ETF","FMF","287.18","87.33974358974358974358974358974358974359","-.2586","2.6995","-.2319","5.7035","1.9273","12.5582","Derivative Based ETF","Hedge Fund ETFs"
"MarketDesk Focused U.S. Momentum ETF","FMTM","277.01","71.78180830106650363426397663202228109503","1.2046","1.952","1.5116","-2.6719","11.0811","30.055","Style Box - All Cap Growth","Style Box - All Cap Growth"
"Fidelity MSCI Financials Index ETF","FNCL","2230.58","52.01298701298701298701298701298701298701",".0923","-7.0122","-2.3028","-3.7733","8.6223","2.1439","Financials-Broad","Financials ETFs"
"Schwab Fundamental U.S. Small Company ETF","FNDA","8687.33","68.84531590413943355119825708061002178649","1.0198","-2.974",".3659","-4.8567","9.486","15.4522","Style Box - Small Cap Value","Style Box - Small Cap Value"
"Schwab Fundamental U.S. Broad Market ETF","FNDB","1452.7","84.27947598253275109170305676855895196507",".5541","-2.3167","-.74","1.1287","13.7471","21.2618","Style Box - All Cap Value","Style Box - All Cap Value"
"Schwab Fundamental International Small Company Index ETF","FNDC","3062.81","79.44890929965556831228473019517795637199",".7882","-2.0043","-1.032","2.0254","7.3603","15.8834","Foreign Small/Mid Value ETF","Foreign Small/Mid Value ETF"
"Schwab Fundamental Emerging Markets Equity ETF","FNDE","10215.03","85.90361445783132530120481927710843373494",".6001","-1.712","-.4749","6.3166","10.3457","19.5798","Geographic - Broad Emerging Markets","Broad Emerging Market ETFs"
"Schwab Fundamental International Equity ETF","FNDF","25294.42","82.30659025787965616045845272206303724928",".9563","-3.0783","-1.8593","2.0857","9.9884","28.0628","Foreign Large Value ETF","Foreign Large Value ETF"
"Schwab Fundamental U.S. Large Company ETF","FNDX","27173.16","84.66947960618846694796061884669479606188",".4436","-2.274","-.9065","1.7576","14.1444","21.7227","Style Box - Large Cap Value","Style Box - Large Cap Value"
"MicroSectors FANG+ Index -3X Inverse Leveraged ETNs","FNGD","372.3",".9821284817259700531315408146836258251489","-2.216","-10.4097","1.4632","-32.6768","-65.2093","-52.0356","Active Non-Transparent ETFs","Inverse Equity ETFs"
"MicroSectors FANG+ Index 2X Leveraged ETN","FNGO","787.68","95.73857470155552875919450138671168455324","1.2384","6.5712","-1.477","23.4934","75.7521","26.3231","Active Non-Transparent ETFs","Leveraged Equity ETFs"
"MicroSectors FANG+ ETN","FNGS","618.45","96.00149198060425214472211861245803804551",".2644","3.3217","-1.28","12.0966","35.6712","18.3651","Active Non-Transparent ETFs","Active Non-Transparent ETFs"
"MicroSectors FANG+ 3X Leveraged ETNs","FNGU","2752","94.24620874219446922390722569134701159679","1.3372","7.9257","-2.4076","31.5968","110.6344","18.4908","Active Non-Transparent ETFs","Leveraged Equity ETFs"
"First Trust Mid Cap Value AlphaDEX ETF","FNK","214.88","61.26869122861106829042700786187760135656",".4088","-6.9604","-.7272","-2.3838","5.5142","9.7873","Style Box - Mid Cap Value","Style Box - Mid Cap Value"
"FT Vest U.S. Equity Buffer ETF - November","FNOV","1261.17","99.93803445284421861445036559672821911017",".3422",".9256",".0364","3.3978","12.3208","13.9287","Derivative Based ETF","Defined Outcome"
"First Trust Mid Cap Core AlphaDEX ETF","FNX","1311.34","64.80800787659993436166721365277321956022",".9861","-4.256","-.0488","-4.4494","6.6571","9.7136","Style Box - Mid Cap Blend","Style Box - Mid Cap Blend"
"First Trust Mid Cap Growth AlphaDEX ETF","FNY","565.57","59.90990990990990990990990990990990990991","1.3172","-1.0853",".8103","-6.0099","9.3705","8.5333","Style Box - Mid Cap Growth","Style Box - Mid Cap Growth"
"FT Vest U.S. Equity Buffer ETF - October","FOCT","1208.68","100",".3694","1.2484",".2583","3.9185","13.1164","14.0399","Derivative Based ETF","Defined Outcome"
"Simplify Currency Strategy ETF","FOXY","212.03","11.94986072423398328690807799442896935933",".5146","-.8726","1.5014","-6.3291","-3.0316","7.3521","Basket - Broad","Currency ETFs"
"FPA Global Equity ETF","FPAG","624.32","72.27544910179640718562874251497005988024",".6413","-3.6886","-1.7341",".7567","12.7503","14.654","Global Large-Cap Value Equity ETF","Global Large-Cap Value Equity ETF"
"First Trust Preferred Securities and Income ETF","FPE","5994.22","2.73972602739726027397260273972602739726",".1172","-2.4421","-.8701","-3.2886","-1.2287","-.7486","Corporates - Convertible","Convertibles/CEFs/OET/Preferred Stock ETFs"
"First Trust Institutional Preferred Securities and Income ETF","FPEI","1854.72","2.5",".163","-2.3574","-.8607","-3.0065","-.2447",".9194","Corporates - Convertible","Convertibles/CEFs/OET/Preferred Stock ETFs"
"First Trust US Equity Opportunities ETF","FPX","1467.73","55.06329113924050632911392405063291139241",".2943",".4561",".5791","-7.4693","10.7791","8.1062","Style Box - All Cap Growth","Style Box - All Cap Growth"
"First Trust International Equity Opportunities ETF","FPXI","280.58","39.24050632911392405063291139240506329114",".8874","-1.386","-.1011","-11.4414","9.9242","13.3541","Foreign Large Growth ETF","Foreign Large Growth ETF"
"Fidelity Quality Factor ETF","FQAL","1418.31","87.97554347826086956521739130434782608696",".3236","-.492","-.582","3.0257","15.2299","12.7809","Style Box - Large Cap Blend","Style Box - Large Cap Blend"
"Freedom 100 Emerging Markets ETF","FRDM","3544.99","84.24148606811145510835913312693498452012","1.5859","3.2143","-1.0624","4.3152","30.0989","60.7633","Geographic - Broad Emerging Markets","Broad Emerging Market ETFs"
"Fidelity MSCI Real Estate Index ETF","FREL","1348.8","16.96113074204946996466431095406360424028",".407","-5.8052","-1.6667","-8.1135",".9346","1.5607","Real Estate   - Broad","Real Estate ETFs"
"Nomura Transformational Technologies ETF","FRWD","281.86","90.94377822769039090484348232362560348855",".4282","6.1182","1.099","5.1697","43.7848","0","Technology  - broad","Technology ETFs"
"Federated Hermes MDT Small Cap Core ETF","FSCC","427.23","64.51137320977253580454928390901432181971",".9512","-4.2031","-.147","-6.6007","12.7116","14.8944","Style Box - Small Cap Blend","Style Box - Small Cap Blend"
"Fidelity Investment Grade Securitized ETF","FSEC","4493.5","1.49253731343283582089552238805970149254","-.2632","-3.0234","-.8628","-3.9206","-3.3659","-1.6764","Asset Backed - MBS","Mortgage-Backed Security ETFs"
"FT Vest U.S. Equity Buffer ETF - September","FSEP","1399.72","98.73188405797101449275362318840579710145",".4546","1.457","-.1043","4.2839","13.6386","13.3583","Derivative Based ETF","Defined Outcome"
"First Trust Limited Duration Investment Grade Corporate ETF","FSIG","1513.2","5.20833333333333333333333333333333333333","-.1086","-1.3748","-.1628","-1.3904","-.7116",".3811","Corporates - Investment Grade","Investment Grade Corporate Bond ETFs"
"Fidelity Small-Mid Multifactor ETF","FSMD","2511.28","72.16404886561954624781849912739965095986","1.0881","-1.3421",".6621","-2.4695","11.2841","15.4475","Style Box - All Cap Blend","Style Box - All Cap Blend"
"Fidelity Solana Fund","FSOL","200.53","64.9546827794561933534743202416918429003","-.2151","18.1664","-3.1989","46.2185","49.5166","0","Digital Economy ETF","Digital Economy ETF"
"Fidelity MSCI Consumer Staples Index ETF","FSTA","1339.01","30.93732029902242668200115008625646923519",".3549","-4.7432","-1.6615","-4.6723","-1.7424","5.0192","Consumer Staples - Broad","Consumer Staples ETFs"
"First Trust Large Cap Value AlphaDEX ETF","FTA","1323.24","63.75833116939323119536051242101618627196","-.0417","-6.5393","-1.1438","-2.0561","4.7844","16.523","Style Box - Large Cap Value","Style Box - Large Cap Value"
"First Trust Large Cap Growth AlphaDEX ETF","FTC","1332.36","70.0353904003539040035390400353904003539",".9802","3.8432",".8083","-1.7136","15.4239","12.1635","Style Box - Large Cap Growth","Style Box - Large Cap Growth"
"First Trust Core Investment Grade ETF","FTCB","2645.62",".5376344086021505376344086021505376344086","-.3029","-2.9016","-.9032","-4.1027","-3.6071","-2.4791","Total Bond Market - Broad","Total Bond Market ETFs"
"First Trust Capital Strength ETF","FTCS","7401.65","30.73139262962664301266026933311829691154","-.1918","-5.9486","-1.5861","-3.2384","1.3183","1.7541","Style Box - Large Cap Blend","Style Box - Large Cap Blend"
"Fidelity MSCI Information Technology Index ETF","FTEC","22289.61","100","1.0024","7.8816","1.6865","11.9544","44.413","36.2327","Technology  - broad","Technology ETFs"
"First Trust Global Tactical Commodity Strategy ETF","FTGC","3346.79","89.27927927927927927927927927927927927928","-.3641","-1.1888","-1.1355","13.5363","7.1634","35.9581","Basket - Broad","Broad Commodity ETFs"
"First Trust Growth Strength ETF","FTGS","1287","72.97572321558366041575810437563599360372","-.1571","-1.0256","-.527",".923","10.9525","5.2547","Style Box - Large Cap Growth","Style Box - Large Cap Growth"
"First Trust BuyWrite Income ETF","FTHI","2536.39","69.47368421052631578947368421052631578947",".7203",".331",".1264","2.5179","7.3659","8.9436","Derivative Based ETF","Derivative Based ETF"
"First Trust Long/Short Equity ETF","FTLS","2568.46","100",".5722","1.3498",".4155","4.9019","10.1925","10.9148","Hedge Fund - Long/Short","Long-Short ETFs"
"First Trust Nasdaq BuyWrite Income ETF","FTQI","996.78","93.96825396825396825396825396825396825397",".4054","2.7007",".2699","4.5831","16.6568","20.16","Derivative Based ETF","Derivative Based ETF"
"Franklin Short Duration U.S. Government ETF","FTSD","328.2",".783392087739913826870348609479044261653",".3951","-.6801","-.0557","-.5777",".166","1.9664","US Treasury - Short Term","Government Bond ETFs"
"First Trust Senior Loan Fund ETF","FTSL","2431.79","4.11392405063291139240506329113924050633","-.1121","-.2116","-.3131",".9325","2.5055","3.3704","Corporates - Junk/High Yield","High-Yield/Junk Bond ETFs"
"First Trust Enhanced Short Maturity ETF","FTSM","6614.12","4.83870967741935483870967741935483870968","-.0336",".1089",".0419",".6357","1.6035","3.4001","Ultra short Bond ETF","Ultra short Bond ETF"
"First Trust NASDAQ Pharmaceuticals ETF","FTXH","1049.07","85.32938457093325628431089280554752961572","-.2205","-3.2916","-2.2558","4.0753","19.3886","38.9049","Healthcare - Pharma","Health Care ETFs"
"First Trust NASDAQ Semiconductor ETF","FTXL","1386.88","81.8413319221863466156648060299671747154","2.4997","20.0137","3.3853","5.1654","71.8911","126.1826","Technology  - Semiconductors","Technology ETFs"
"First Trust NASDAQ Oil & Gas ETF","FTXN","972.08","81.85712402794253328061157242651904573613",".3234","-4.6","1.2617","17.3374","4.8237","41.7482","Energy - Broad","Energy ETFs"
"First Trust NASDAQ Bank ETF","FTXO","274.64","54.26823616646584484196867179534711280007",".667","-6.85","-2.1903","-6.2837","7.5583","13.3822","Financials - Banking","Financials ETFs"
"First Trust NASDAQ Transportation ETF","FTXR","1043.6","66.42245637141916364833717484359565360553","1.2583","-2.8082","-.2489","-7.3099","9.9132","20.0607","Industrials  - Transportation/Shipping","Industrials ETFs"
"Fidelity MSCI Utilities Index ETF","FUTY","2113.97","6.59133709981167608286252354048964218456",".4093","-5.8218",".684","-11.9854","-12.4485","-6.7335","Utilities  - Broad","Utilities/Infrastructure ETFs"
"First Trust Dorsey Wright Focus 5 ETF","FV","3832.35","89.74063400576368876080691642651296829971",".4473","1.7033","-.3094","2.197","21.6201","20.0449","Style Box - Large Cap Growth","Style Box - Large Cap Growth"
"Fidelity Value Factor ETF","FVAL","1354.04","87.38346799254195152268489745183343691734",".481","-1.2876","-.6027","4.1362","17.3741","19.4209","Style Box - Large Cap Value","Style Box - Large Cap Value"
"First Trust Value Line Dividend ETF","FVD","7565.7","34.38016528925619834710743801652892561983",".2129","-5.686","-.9468","-4.1583",".5848","4.7425","Style Box - Large Cap Value","Style Box - Large Cap Value"
"AB Disruptors ETF","FWD","3432.01","72.41850478235408940074175287917235994534","1.6603","6.8957","1.3314","-2.0647","21.8764","30.0879","Global Large-Cap Growth Equity ETF","Global Large-Cap Growth Equity ETF"
"First Trust Consumer Discretionary AlphaDEX ETF","FXD","245.05","24.91159135559921414538310412573673870334",".1535","-5.2716","-.5819","-7.0884",".933","-4.9192","Consumer Discretionary - Broad","Consumer Discretionary ETFs"
"Invesco CurrencyShares Euro Trust","FXE","326.53","2.1534320323014804845222072678331090175",".2387","-2.7994","-1.1817","-1.3239","-1.9811","-3.2736","Single Currency - Euro","Currency ETFs"
"Invesco CurrencyShares Swiss Franc Trust","FXF","376.17","7.93201133144475920679886685552407932011",".251","-1.9838","-.0555","-3.1632","-3.8469","-4.2714","Single Currency - Swiss Franc","Currency ETFs"
"First Trust Consumer Staples AlphaDEX ETF","FXG","200.87","8.56547122602168473728106755629691409508","1.7895","-10.3579","-.1419","-8.7141","-8.1647","-5.1407","Consumer Staples - Broad","Consumer Staples ETFs"
"First Trust Health Care AlphaDEX ETF","FXH","1129.62","81.16555428943512941559498616311248575615",".3176","-3.2882","-1.4833","2.854","17.6918","15.7791","Healthcare - Broad","Health Care ETFs"
"iShares China Large-Cap ETF","FXI","3912.67","16.3098878695208970438328236493374108053","-2.1521","-6.6123","-2.2674","4.0113","-5.924","-18.8756","Geographic - China","Asia-Pacific (Emerging) ETFs"
"First Trust Technology AlphaDEX ETF","FXL","2881.99","100",".9338","8.614","2.7112","11.1729","39.6785","33.1582","Technology  - broad","Technology ETFs"
"First Trust Energy AlphaDEX ETF","FXN","364.79","79.51273532668881506090808416389811738649",".5362","-6.4002",".5811","12.4591","3.188","42.0967","Energy - Broad","Energy ETFs"
"First Trust Financials AlphaDEX ETF","FXO","1025.3","53.59424920127795527156549520766773162939",".2294","-6.712","-1.3069","-3.8324","9.2374","6.0671","Financials-Broad","Financials ETFs"
"First Trust Industrials/Producer Durables AlphaDEX ETF","FXR","686.74","52.55474452554744525547445255474452554745",".5197","-2.8922","-.0192","-7.9298","1.9456","6.5611","Industrials  - Broad","Industrials ETFs"
"First Trust Utilities AlphaDEX ETF","FXU","727.98","9.59792477302204928664072632944228274968",".544","-4.2994",".9329","-10.544","-10.7701",".0933","Utilities  - Broad","Utilities/Infrastructure ETFs"
"Invesco CurrencyShares Japanese Yen Trust","FXY","457.96","39.57934990439770554493307839388145315488",".1725",".5889","-.3945","1.9666",".9211","-7.0434","Single Currency - Japanese Yen","Currency ETFs"
"First Trust Materials AlphaDEX ETF","FXZ","348.48","68.55843718423711687436847423374873694847","1.0137","-9.1608","-2.1331","-.3985","2.1409","26.614","Materials  - Broad","Materials ETFs"
"First Trust Small Cap Growth AlphaDEX ETF","FYC","1374.57","72.79251794243416939658406061666958413564",".8224","-2.1427","-.2398","-5.7004","17.9282","27.4706","Style Box - Small Cap Growth","Style Box - Small Cap Growth"
"Fidelity Yield Enhanced Equity ETF","FYEE","294.92","87.00980392156862745098039215686274509804",".4364",".7771","-.1335","5.7059","14.3114","16.2749","Derivative Based ETF","Derivative Based ETF"
"Cambria Foreign Shareholder Yield ETF","FYLD","710.53","85.24289642529789184234647112740604949588",".8395","-2.039","-1.6377","8.0409","7.9399","30.0299","Foreign Small/Mid Value ETF","Foreign Small/Mid Value ETF"
"First Trust Small Cap Core AlphaDEX ETF","FYX","1348.22","75.86535555710533045075202826789408838366",".583","-3.4034","-.3531","-3.888","13.6284","25.645","Style Box - Small Cap Blend","Style Box - Small Cap Blend"
"Guinness Atkinson Global Innovators Fund ETF","GAIQ","200.02","100",".9842","2.5974",".469","0","0","0","Technology  - broad","Technology ETFs"
"State Street Global Allocation ETF","GAL","315.63","75.18531591951994352276738439816448993999",".4177","-1.4114","-.1787",".5265","7.3165","10.7098","Real Estate   - Broad","World ETFs"
"FT Vest U.S. Equity Moderate Buffer ETF - April","GAPR","294.73","100",".4464",".6949",".0702","2.6978","5.5035","8.8063","Derivative Based ETF","Defined Outcome"
"iShares MSCI USA Quality GARP ETF","GARP","3422.8","100",".7442","5.0519","1.1559","7.7147","33.6645","30.4964","Style Box - All Cap Growth","Style Box - All Cap Growth"
"Mango Growth ETF","GARY","310.49","100","1.4147","8.3346","2.2836","7.4938","33.666","0","Style Box - Large Cap Growth","Style Box - Large Cap Growth"
"FT Vest U.S. Equity Moderate Buffer ETF - August","GAUG","419.85","99.08213697340550717815956695693104259826",".4989",".4989","-.0165","2.1492","8.732","9.3871","Derivative Based ETF","Defined Outcome"
"Goldman Sachs Access Treasury 0-1 Year ETF","GBIL","7896.55","11.9047619047619047619047619047619047619",".3496",".2893",".1089",".8798","1.7321","3.5632","US Treasury - Ultra Short","Government Bond ETFs"
"Grayscale Bitcoin Trust ETF","GBTC","12694.06","37.02513702513702513702513702513702513703","-.5043","8.8796",".3236","36.6709","24.8514","-31.4126","Cryptocurrency ETFs","Cryptocurrency ETFs"
"WisdomTree Enhanced Commodity Strategy Fund","GCC","334.46","90.63829787234042553191489361702127659574","-.4878","-.113","-1.4273","16.5714","10.5461","30.3889","Basket - Broad","Broad Commodity ETFs"
"Pacer Global Cash Cows Dividend ETF","GCOW","3401.19","60.6981981981981981981981981981981981982",".045","-5.6354","-2.1127","1.9712","-2.0596","17.2224","Global Large-Cap Value Equity ETF","Global Large-Cap Value Equity ETF"
"Guggenheim Ultra Short Income ETF","GCSH","269.76","15.38461538461538461538461538461538461538","-.03","-.049","-.1",".4531","0","0","Ultra short Bond ETF","Ultra short Bond ETF"
"WisdomTree Efficient Gold Plus Equity Strategy Fund","GDE","456.46","39.12165572942958101968702675416456335184",".4073","-4.4282","-3.121","3.2871","1.5365","15.766","Target Outcome","Total Portfolio ETFs"
"FT Vest U.S. Equity Moderate Buffer ETF - December","GDEC","382.31","100",".3923",".7382",".0782","2.8902","9.7293","11.4105","Derivative Based ETF","Defined Outcome"
"Harbor Dividend Growth Leaders ETF","GDIV","230.99","72.30142566191446028513238289205702647658",".9048","-3.5671","-1.2699","-.9167","8.672","14.2594","Style Box - Large Cap Blend","Style Box - Large Cap Blend"
"Grayscale Digital Large Cap Fund LLC","GDLC","445.67","34.87514188422247446083995459704880817253","-.3863","10.0114","-.2836","39.639","25.9525","-35.0353","Digital Economy ETF","Digital Economy ETF"
"WisdomTree Efficient Gold Plus Gold Miners Strategy Fund","GDMN","213.97","19.46818613485280151946818613485280151947",".0522","-14.1281","-8.4195","7.5215","-20.0583","6.1591","Materials  - Gold Mining","Materials ETFs"
"VanEck Gold Miners ETF","GDX","25944.15","41.0008410428931875525651808242220353238","1.199","-10.0891","-5.4808","11.9215","-7.1995","14.6733","Materials  - Gold Mining","Materials ETFs"
"MicroSectors Gold Miners -3X Inverse Leveraged ETNs","GDXD","576.5","4.14772727272727272727272727272727272727","-3.1657","28.629","17.0949","-49.6051","-40.2462","-86.8182","Materials  - Gold Mining","Inverse Equity ETFs"
"VanEck Junior Gold Miners ETF","GDXJ","8264.4","38.01544514060906309194229928602651901501","1.0582","-11.2456","-6.1597","10.4363","-6.9891","16.7196","Materials  - Gold Mining","Materials ETFs"
"MicroSectors Gold Miners 3X Leveraged ETNs","GDXU","868.19","8.24990163074367157784287150789140034101","3.0742","-32.5128","-17.589","9.9071","-51.7109","-49.6268","Materials  - Gold Mining","Leveraged Equity ETFs"
"YieldMax Gold Miners Option Income Strategy ETF","GDXY","303.56","6.05738575982996811902231668437832093518","1.7196","-6.7385","-4.6499","12.5913","-6.489",".5354","Materials  - Gold Mining","Materials ETFs"
"Goldman Sachs ActiveBeta Emerging Markets Equity ETF","GEM","1762.18","82.54122886368380766822072228794099227611","1.2763",".585","-.7695","2.7285","19.5919","27.3036","Geographic - Broad Emerging Markets","Broad Emerging Market ETFs"
"Pacific NoS Global EM Equity Active ETF","GEME","474.3","74.83090067639729441082235671057315770737",".8632","-.5855","-1.0113","-1.2814","20.6742","35.1054","Geographic - Broad Emerging Markets","Broad Emerging Market ETFs"
"Cambria Global EW 2 ETF","GEQ","201.01","32.74432023079697078975838442120447169131",".6183","-1.4995","-.6435","-.1036","0","0","Global Large-Cap Blend Equity ETF","Global Large-Cap Blend Equity ETF"
"FT Vest U.S. Equity Moderate Buffer ETF - February","GFEB","372.46","100",".4221",".7242",".1218","2.7179","9.1787","11.3026","Derivative Based ETF","Defined Outcome"
"VictoryShares Free Cash Flow Growth ETF","GFLW","1142.61","90.17514768369779251735931184578712819981",".2368","1.2635",".3943","2.6527","26.8687","17.7244","Style Box - Large Cap Growth","Style Box - Large Cap Growth"
"Direxion Daily GOOGL Bull 2X ETF","GGLL","1057.21","44.2182956832923283381793782151643927533","3.0694","2.5258","-.4722","-13.3421","21.5839","61.2968","Derivative Based ETF","Single Stock ETF"
"iShares Global Government Bond USD Hedged Active ETF","GGOV","3992.85","47.47899159663865546218487394957983193277",".8188","-.4683","-.9229","-.5675",".5344","2.2213","Sovereign - Broad Market","Government Bond ETFs"
"Goldman Sachs MarketBeta Russell 1000 Growth Equity ETF","GGUS","520.07","99.37795098553548677209023457992955107547","1.1209","4.7435",".6575","4.4371","18.6792","9.0516","Style Box - Large Cap Growth","Style Box - Large Cap Growth"
"State Street SPDR S&P Global Infrastructure ETF","GII","899.13","10.83333333333333333333333333333333333333",".703","-4.6746","-1.113","-7.6447","-7.8021","3.7288","Utilities  - Infrastructure","Utilities/Infrastructure ETFs"
"FT Vest U.S. Equity Moderate Buffer ETF - January","GJAN","442.27","100",".3907",".7077",".1082","2.7961","9.8836","10.9033","Derivative Based ETF","Defined Outcome"
"FT Vest U.S. Equity Moderate Buffer ETF - July","GJUL","410.79","99.6755353666450356911096690460739779364",".5165",".6182",".0223","2.8256","9.1441","10.3278","Derivative Based ETF","Defined Outcome"
"FT Vest U.S. Equity Moderate Buffer ETF - June","GJUN","509.94","99.02885682574916759156492785793562708102",".4289",".6207","-.0166","2.5398","6.5282","8.3826","Derivative Based ETF","Defined Outcome"
"SPDR Gold Shares","GLD","141659.48","13.34032040724659380146728552178469830813","-.6845","-5.6209","-3.3731",".5316","-11.4739","7.1451","Precious Metals - Gold","Precious Metals ETFs"
"SPDR Gold MiniShares Trust","GLDM","30710.27","14.19645956265185699409927108642832349879","-.6779","-5.5703","-3.3455",".6255","-11.2781","7.5079","Precious Metals - Gold","Precious Metals ETFs"
"abrdn Physical Precious Metals Basket Shares ETF","GLTR","2568.48","15.02701775452440174972124538982760099494","-.7094","-6.382","-4.357","-.0644","-13.8673","12.4909","Precious Metals - Broad","Precious Metals ETFs"
"FT Vest U.S. Equity Moderate Buffer ETF - March","GMAR","401.24","100",".3318",".677",".1767","2.4159","8.1803","12.9763","Derivative Based ETF","Defined Outcome"
"FT Vest U.S. Equity Moderate Buffer ETF - May","GMAY","445.58","99.13880445795339412360688956433637284701",".5011",".6043",".0454","2.5093","6.7764","8.8845","Derivative Based ETF","Defined Outcome"
"State Street SPDR S&P Emerging Asia Pacific ETF","GMF","420.5","87.30304529075107751006853670599872818484",".8803","-.1068","-.5708","2.2266","16.2265","13.065","Geographic - Asia Emerging","Asia-Pacific (Emerging) ETFs"
"GMO International Value ETF","GMOI","657.55","77.04453788723933750965416630910495151463",".626","-5.3927","-3.0642","3.5085","8.0815","27.6722","Foreign Small/Mid Value ETF","Foreign Small/Mid Value ETF"
"FT Vest U.S. Equity Moderate Buffer ETF - November","GNOV","297.81","100",".3501",".8916",".1397","2.8905","9.7415","12.8757","Derivative Based ETF","Defined Outcome"
"State Street SPDR S&P Global Natural Resources ETF","GNR","5047.03","75.75078440161362617660242043926490363066",".9084","-5.8563","-1.6257","9.5203",".8184","28.6958","Materials  - Broad","Materials ETFs"
"FT Vest U.S. Equity Moderate Buffer ETF - October","GOCT","254.12","100",".2107",".9434",".1357","3.2071","10.2241","11.5716","Derivative Based ETF","Defined Outcome"
"YieldMax GOOGL Option Income Strategy ETF","GOOY","223.29","4.29292929292929292929292929292929292929","1.6729","2.23",".2325","-2.5848","14.6861","33.7041","Derivative Based ETF","Single Stock ETF"
"Goldman Sachs Nasdaq-100 Premium Income ETF","GPIQ","6106.66","87.02422145328719723183391003460207612457","1.5949","4.684",".5304","4.1326","22.8529","21.9378","Style Box - Large Cap Growth","Style Box - Large Cap Growth"
"Goldman Sachs S&P 500 Premium Income ETF","GPIX","5923.98","90.11264080100125156445556946182728410513","1.3635","1.0541","-.0941","3.681","16.2006","16.2146","Style Box - Large Cap Blend","Style Box - Large Cap Blend"
"VanEck Alternative Asset Manager ETF","GPZ","221.4","13.8051044083526682134570765661252900232",".1406","-11.9126","-2.3755","-2.7753",".8971","-21.109","Financials - BDCs/PE","Financials ETFs"
"GQG US Equity ETF","GQGU","578.75","81.1540648095508811824900511654349061967","1.19","3.8581",".5443","3.3492",".0934","8.0233","Style Box - All Cap Growth","Style Box - All Cap Growth"
"Natixis Gateway Quality Income ETF","GQI","292.94","94.21728199020775439989413788540426095011",".9727","1.4936",".193","5.2298","15.2518","18.0323","Style Box - All Cap Blend","Style Box - All Cap Blend"
"Northern Trust Global Quality Real Estate ETF","GQRE","441.98","7.94027020621000237022991230149324484475","-.0526","-5.7813","-2.1351","-8.3972","-1.3002","1.3107","Real Estate   - REITs","Real Estate ETFs"
"Global X MSCI Greece ETF","GREK","337.71","81.1729548001494209936496077698916697796","-1.6927","-2.2172","-2.7476","8.4561","27.1771","29.3829","Geographic - Greece","European Equity ETFs"
"First Trust NASDAQ Clean Edge Smart Grid Infrastructure ETF","GRID","11979.6","68.30549821730155751548132857947082004128","2.2987","4.4057","1.86","-.4923","10.9216","20.7972","Utilities  - Infrastructure","Utilities/Infrastructure ETFs"
"VictoryShares International Free Cash Flow Growth ETF","GRIN","355.16","83.40954390901629733849220307187243522101","1.5683","-.1436",".5469","-.0197","17.8459","20.0579","Foreign Large Growth ETF","Foreign Large Growth ETF"
"Fundstrat Granny Shots US Small- & Mid-Cap ETF","GRNJ","496.86","74.03189066059225512528473804100227790433","1.8475","6.2369","1.4386","-.0659","19.4171","0","Style Box - All Cap Blend","Style Box - All Cap Blend"
"Fundstrat Granny Shots US Large Cap ETF","GRNY","4508.63","96.25468164794007490636704119850187265918","1.0346","3.0379",".0544","2.7762","18.0991","12.1661","Style Box - Large Cap Blend","Style Box - Large Cap Blend"
"Invesco S&P MidCap 400 GARP ETF","GRPM","496.15","71.95802297880039805795965139772624468502",".1244","-5.0359","-.1168","3.3057","15.1714","13.9082","Style Box - Mid Cap Blend","Style Box - Mid Cap Blend"
"Goldman Sachs Small Cap Equity ETF","GSC","280.44","67.6189447534697845223308311281525085057","1.4666","-1.5441","1.6052","-5.935","14.2389","18.6955","Style Box - Small Cap Value","Style Box - Small Cap Value"
"FT Vest U.S. Equity Moderate Buffer ETF - September","GSEP","359.33","99.1836734693877551020408163265306122449",".4033","1.0868",".0118","3.3203","10.6116","10.9305","Derivative Based ETF","Defined Outcome"
"Goldman Sachs Equal Weight U.S. Large Cap Equity ETF","GSEW","1996.24","72.11591033351558228540185893931109896118",".5122","-2.1591","-.3702","-.6901","11.2312","11.9665","Style Box - Large Cap Blend","Style Box - Large Cap Blend"
"iShares S&P GSCI Commodity-Indexed Trust","GSG","1043.36","90.34013605442176870748299319727891156463","-.8602","2.4076","-.4458","25.9429","6.8161","57.4703","Basket - Broad","Broad Commodity ETFs"
"Goldman Sachs MarketBeta International Equity ETF","GSID","1053.78","72.1695360373504522906332068864896410855",".9365","-2.7617","-1.4148","-.2086","8.1492","14.1814","Foreign Large Blend ETF","Foreign Large Blend ETF"
"Goldman Sachs ActiveBeta International Equity ETF","GSIE","5834.5","69.6789536266349583828775267538644470868","1.0343","-3.1263","-1.6285",".4788","7.3172","13.8167","Foreign Large Blend ETF","Foreign Large Blend ETF"
"Goldman Sachs ActiveBeta U.S. Large Cap Equity ETF","GSLC","15118.49","91.65435745937961595273264401772525849335",".646",".4974","-.1228","3.5797","16.6166","13.2615","Style Box - Large Cap Blend","Style Box - Large Cap Blend"
"Gotham Enhanced 500 ETF","GSPY","747.65","96.01513539080052027905876788459264514603",".7092",".4007","-.3975","4.952","19.3478","15.7892","Style Box - Large Cap Blend","Style Box - Large Cap Blend"
"Goldman Sachs ActiveBeta U.S. Small Cap Equity ETF","GSSC","1051.15","74.18837675350701402805611222444889779559",".824","-2.9856","-.0046","-3.5691","15.7782","16.7452","Style Box - Small Cap Blend","Style Box - Small Cap Blend"
"Goldman Sachs MarketBeta U.S. Equity ETF","GSUS","3413.79","95.21016617790811339198435972629521016618",".7664",".9874","-.3089","3.7049","18.426","15.8444","Style Box - All Cap Blend","Style Box - All Cap Blend"
"Goldman Sachs ActiveBeta World Equity ETF","GSWO","1781.46","90.0104058272632674297606659729448491155",".8738",".0672","-.5651","3.0512","15.4862","0","Global Large-Cap Blend Equity ETF","Global Large-Cap Blend Equity ETF"
"Invesco Ultra Short Duration ETF","GSY","3867.68","16.66666666666666666666666666666666666667",".02",".0906",".1001",".6861","1.7025","2.9258","Corporates - Money Market","Money Market/Ultra-Short Term ETFs"
"Goldman Sachs Future Tech Leaders Equity ETF","GTEK","249.44","92.95098340503995082974800245851259987707","2.79","9.9748","2.4898","2.4279","46.5785","53.4423","Technology  - broad","Technology ETFs"
"Invesco Core Fixed Income ETF","GTOC","368.09",".9144701452393760086067778375470683162991","-.342","-2.438","-.6609","-3.4596","-2.9681","-2.055","Total Bond Market - Broad","Total Bond Market ETFs"
"Goldman Sachs Technology Opportunities ETF","GTOP","752.07","100","1.4424","9.4025","1.9331","8.4781","41.6048","0","Technology  - broad","Technology ETFs"
"Northern Trust Mrngstr Glob Upstream Natural Resources ETF","GUNR","6827.37","69.8989898989898989898989898989898989899",".8735","-6.2959","-1.319","7.3807","-2.877","24.6349","Materials  - Broad","Materials ETFs"
"Goldman Sachs MarketBeta U.S. 1000 Equity ETF","GUSA","2382.21","92.9377416554880454509587311607354217628",".7441",".7708","-.1967","3.2613","17.6363","15.602","Style Box - Large Cap Blend","Style Box - Large Cap Blend"
"Goldman Sachs Enhanced U.S. Equity ETF","GUSE","357.06","94.43355998617033536936729284314855364757",".7995","1.3085","-.2119","2.7272","17.1796","0","Style Box - All Cap Blend","Style Box - All Cap Blend"
"Direxion Daily S&P Oil & Gas Exp. & Prod. Bull 2X ETF","GUSH","218.46","75.06019951840385276917784657722738218094",".3979","-8.6247","3.574","39.1908","2.2614","77.742","Derivative Based ETF","Leveraged Equity ETFs"
"Cambria Global Value ETF","GVAL","567.72","84.64285714285714285714285714285714285714","1.009","-1.1711","-1.984","6.1425","15.0788","32.8968","Global Large-Cap Value Equity ETF","Global Large-Cap Value Equity ETF"
"Goldman Sachs Hedge Industry VIP ETF","GVIP","579.72","61.02706853522749088116721059704357842196",".5478",".8067","-.4385","-4.7122","15.4448","11.1812","Multi-Asset - Total Portfolio","Total Portfolio ETFs"
"Gotham 1000 Value ETF","GVLU","240.85","53.65703749231714812538414259373079287031",".2513","-6.6896","-.9275",".8325","6.8278","5.5806","Style Box - All Cap Value","Style Box - All Cap Value"
"Goldman Sachs MarketBeta Russell 1000 Value Equity ETF","GVUS","439.32","83.30941821027915470910513957735455256979",".5356","-2.6017","-1.0251","1.4321","16.5125","24.011","Style Box - Large Cap Value","Style Box - Large Cap Value"
"State Street SPDR S&P International Small Cap ETF","GWX","916.97","85.57066148749000342739632126128184622415",".8041","-.873","-.888","4.4606","8.6791","16.2821","Foreign Small/Mid Blend ETF","Foreign Small/Mid Blend ETF"
"Goldman Sachs MarketBeta Total International Equity ETF","GXUS","628.03","80.25154284821498320443715334739473478634","1.0646","-1.6764","-1.1607","1.5982","11.9502","19.3943","Foreign Large Blend ETF","Foreign Large Blend ETF"
"Amplify Cybersecurity ETF","HACK","3348.68","98.14537279880104908205320344698388909704","1.0758","12.5251","3.9966","15.0603","59.492","40.0111","Technology  - broad","Technology ETFs"
"VanEck Natural Resources ETF","HAP","327.63","78.93095768374164810690423162583518930958","1.3089","-5.3023","-1.3112","6.7438","1.5558","31.3878","Materials  - Broad","Materials ETFs"
"Harbor Human Capital Factor US Large Cap ETF","HAPI","500.22","93.96498199428784303986092139575313547746",".6581",".0411","-.147","3.9446","15.5919","14.4549","Strategy - Socially Responsible","Style Box - Large Cap Blend"
"iShares Currency Hedged MSCI ACWI ex U.S. ETF","HAWX","344.43","85.26590198123044838373305526590198123045","1.1187","-.1155","-.3912","2.0023","12.4774","22.8404","Foreign Large Blend ETF","Foreign Large Blend ETF"
"Horizon Expedition Plus ETF","HBTA","258.84","100",".9486","6.1436",".3725","3.9671","22.8456","17.954","Derivative Based ETF","Style Box - Large Cap Growth"
"Direxion HCM Tactical Enhanced US ETF","HCMT","620.98","99.66850828729281767955801104972375690608","1.5152","7.0378",".5541","9.1025","23.9455","15.2016","Derivative Based ETF","Leveraged Equity ETFs"
"Xtrackers MSCI EAFE High Dividend Yield Equity ETF","HDEF","2204.35","55.40796963946869070208728652751423149905",".437","-4.8568","-2.5734","-.8391","1.6575","12.7496","Geographic - EAFE","Broad Developed World ETFs"
"iShares Core High Dividend ETF","HDV","14557.99","69.93318485523385300668151447661469933185",".2144","-5.5598","-.8487",".8843","6.2505","18.5272","Style Box - Large Cap Value","Style Box - Large Cap Value"
"Hedgeye Capital Allocation ETF","HECA","272.13","11.89873417721518987341772151898734177215","-.0366","-1.7607",".0366","-.1461","-4.5724","-1.0496","Target Outcome","Total Portfolio ETFs"
"Equable Shares Hedged Equity ETF","HEDG","457.28","93.9516129032258064516129032258064516129",".3645",".8593",".2601","3.3135","7.0589","0","Derivative Based ETF","Style Box - Large Cap Blend"
"WisdomTree Europe Hedged Equity ETF","HEDJ","1725.43","69.28571428571428571428571428571428571429","1.2557","-2.1525","-.8635","-2.4439","7.574","10.8351","Geographic - Broad Europe","European Equity ETFs"
"iShares Currency Hedged MSCI Emerging Markets ETF","HEEM","299.24","71.58920539730134932533733133433283358321",".627",".8537","-.6076",".3867","16.8909","26.7375","Geographic - Broad Emerging Markets","Broad Emerging Market ETFs"
"iShares Currency Hedged MSCI EAFE ETF","HEFA","7418.61","83.12312312312312312312312312312312312312",".8667","-1.0522","-.8942","1.9227","9.6083","19.8821","Geographic - EAFE","Broad Developed World ETFs"
"Swan Hedged Equity US Large Cap ETF","HEGD","741.63","85.82039162727886563133018230925050641458",".3717",".2599","-.4058","1.3894","8.8929","8","Derivative Based ETF","Hedge Fund ETFs"
"JPMorgan Hedged Equity Laddered Overlay ETF","HELO","4829.46","89.29618768328445747800586510263929618768",".3324",".0586","-.23","2.8401","8.5572","7.257","Style Box - Large Cap Blend","Style Box - Large Cap Blend"
"Simplify Hedged Equity ETF","HEQT","318.5","93.43832020997375328083989501312335958005",".2912",".5239",".3195","3.1907","10.6533","11.4523","Style Box - Large Cap Blend","Style Box - Large Cap Blend"
"iShares Currency Hedged MSCI Japan ETF","HEWJ","655","98.48573092603377984857309260337798485731","1.3893","2.5004","1.4203","5.3312","16.5688","40.7948","Geographic - Japan","Asia-Pacific (Developed) ETFs"
"iShares Currency Hedged MSCI Eurozone ETF","HEZU","563.53","76.11111111111111111111111111111111111111","1.1885","-1.2212","-1.1246",".4694","11.795","15.8129","Geographic - Broad Europe","European Equity ETFs"
"Hartford Large Cap Growth ETF","HFGO","210.97","97.47340425531914893617021276595744680851","1.1036","5.6564",".5241","6.2305","23.5209","12.7107","Strategy - Socially Responsible","Style Box - Large Cap Growth"
"NYLIM FTSE International Equity Currency Neutral ETF","HFXI","2309.46","84.58598726114649681528662420382165605096",".9981","-.9742","-.9786","-.1847","11.1735","23.3268","Foreign Large Blend ETF","Foreign Large Blend ETF"
"Harbor Commodity All-Weather Strategy ETF","HGER","4761.09","90.23372287145242070116861435726210350584","-.0283","-.6755","-.8708","19.0219","12.8558","43.0451","Basket - Broad","Broad Commodity ETFs"
"Wahed FTSE USA Shariah ETF","HLAL","979.71","100",".8942","4.164",".3118","7.6757","26.4319","27.0203","Style Box - All Cap Blend","Style Box - All Cap Blend"
"Strategy Shares Nasdaq 7HANDL Index ETF","HNDL","621.68","8.45070422535211267605633802816901408451",".3705","-2.8602","-.6874","-3.1818","2.2116","3.8617","Target Outcome","Total Portfolio ETFs"
"VanEck Bitcoin ETF","HODL","1411.88","38.29449152542372881355932203389830508475","-.3344","8.958",".3367","37.2481","25.8047","-30.3535","Cryptocurrency ETFs","Cryptocurrency ETFs"
"JPMorgan International Hedged Equity Laddered Overlay ETF","HOLA","282.67","69.00584795321637426900584795321637426901",".8105","-1.8513","-.8651","-.0704","4.5918","6.6721","Derivative Based ETF","Broad Developed World ETFs"
"iShares Currency Hedged MSCI EAFE Small-Cap ETF","HSCZ","257.07","87.37764791818845872899926953981008035062",".6955","-.8062","-.6246","2.7","9.5436","18.7603","Geographic - EAFE","Broad Developed World ETFs"
"Hartford Schroders Tax-Aware Bond ETF","HTAB","226.17","4.09356725146198830409356725146198830409","-.2786","-3.5138","-.7966","-5.8195","-4.4493","-2.6022","Total Bond Market - Broad","Total Bond Market ETFs"
"Hartford Total Return Bond ETF","HTRB","2156.19",".724637681159420289855072463768115942029","-.1246","-2.5921","-.7304","-3.7032","-3.035","-2.2745","Total Bond Market - Broad","Total Bond Market ETFs"
"iShares BB Rated Corporate Bond ETF","HYBB","300.36",".7169811320754716981132075471698113207547",".5608","-2.5372","-.8546","-2.35","-.3562",".9003","Corporates - Junk/High Yield","High-Yield/Junk Bond ETFs"
"Neos Enhanced Income Credit Select ETF","HYBI","221.41","2.77882087870822380773563650018775816748",".0083","-.8141",".0685","-1.7181","-.6574","-1.8043","Derivative Based ETF","High-Yield/Junk Bond ETFs"
"State Street Blackstone High Income ETF","HYBL","568.55","4.16666666666666666666666666666666666667",".783","-1.1649","-.3445",".385","2.406","3.2608","Corporates - Junk/High Yield","High-Yield/Junk Bond ETFs"
"iShares High Yield Systematic Bond ETF","HYDB","1567.92","1.93548387096774193548387096774193548387",".7276","-2.566","-.9356","-2.2353","-.3309",".676","Corporates - Junk/High Yield","High-Yield/Junk Bond ETFs"
"VanEck Emerging Markets High Yield Bond ETF","HYEM","506.54","1.96078431372549019607843137254901960784",".6931","-2.6919","-1.3555","-1.956","1.8501","3.4404","Corporates - Junk/High Yield","Emerging Market Bond ETFs"
"AB High Yield ETF","HYFI","330.74",".4926108374384236453201970443349753694581",".0278","-2.4417","-1.1001","-2.1368","-.2398","1.1556","Corporates - Junk/High Yield","High-Yield/Junk Bond ETFs"
"iShares iBoxx $ High Yield Corporate Bond ETF","HYG","16718.06",".228310502283105022831050228310502283105",".4573","-2.3491","-.7814","-2.0563","-.3677",".8387","Corporates - Junk/High Yield","High-Yield/Junk Bond ETFs"
"iShares Interest Rate Hedged High Yield Bond ETF","HYGH","652.85","14.78260869565217391304347826086956521739","-.2578","-.9851","-1.0693",".117","2.8852","5.0589","Corporates - Junk/High Yield","High-Yield/Junk Bond ETFs"
"Northern Trust High Yield Value-Scored Bond ETF","HYGV","1026.23",".7722007722007722007722007722007722007722",".7172","-2.5415","-.8252","-1.9308",".2615","1.3655","Corporates - Junk/High Yield","High-Yield/Junk Bond ETFs"
"ProShares High Yield-Interest Rate Hedged","HYHG","279.69","24.74747474747474747474747474747474747475",".846","-.9077","-.6158",".1953","3.1996","5.4759","Corporates - Junk/High Yield","High-Yield/Junk Bond ETFs"
"Xtrackers USD High Yield Corporate Bond ETF","HYLB","3192.47",".4694835680751173708920187793427230046948",".6137","-2.4783","-.803","-2.1176","-.3606","1.145","Corporates - Junk/High Yield","High-Yield/Junk Bond ETFs"
"First Trust Tactical High Yield ETF","HYLS","1574.8","2.8469750889679715302491103202846975089","-.0254","-2.368","-.6286","-1.875","-.0491",".0535","Corporates - Junk/High Yield","High-Yield/Junk Bond ETFs"
"PIMCO 0-5 Year High Yield Corporate Bond ETF","HYS","1730.96",".6768189509306260575296108291032148900169",".6228","-1.94","-.626","-1.5702",".1289","1.6166","Corporates - Junk/High Yield","High-Yield/Junk Bond ETFs"
"Counterpoint High Yield Trend ETF","HYTR","293",".8583690987124463519313304721030042918455","0","-1.6142","-.1921","-1.4771",".2923",".3075","Corporates - Junk/High Yield","High-Yield/Junk Bond ETFs"
"WisdomTree Interest Rate Hedged High Yield Bond ETF","HYZD","304.76","42.66666666666666666666666666666666666667",".3821","-.8834",".1696",".5102","2.984","4.7993","Corporates - Junk/High Yield","High-Yield/Junk Bond ETFs"
"iShares Core International Aggregate Bond ETF","IAGG","11708.67",".3546099290780141843971631205673758865248",".6637","-.5745","-.0505","-1.6455","-.2199",".4617","International - Broad Treasury","Developed Market Bond ETFs"
"iShares U.S. Broker-Dealers & Securities Exchanges ETF","IAI","1322.18","44.26847662141779788838612368024132730015","-.2269","-7.5546","-2.7587","-4.2738","6.457","1.9277","Financials - Brokers/ Capital markets","Financials ETFs"
"iShares U.S. Insurance ETF","IAK","425.57","44.79400749063670411985018726591760299625",".0364","-4.8016","-.5576","-6.392","7.6067","5.6597","Financials - Insurance","Financials ETFs"
"iShares Systematic Alternatives Active ETF","IALT","6994.5","100",".4357","2.6018",".4693","6.8068","9.5045","0","Hedge Fund - Broad","Hedge Fund ETFs"
"iShares U.S. Regional Banks ETF","IAT","608.86","54.90848585690515806988352745424292845258",".7347","-6.7341","-1.606","-7.5516","6.6694","13.9488","Financials - Regional Banks","Financials ETFs"
"iShares Gold Trust","IAU","61881.44","13.66959064327485380116959064327485380117","-.6627","-5.5724","-3.3598",".5677","-11.36","7.2953","Precious Metals - Gold","Precious Metals ETFs"
"NEOS Gold High Income ETF","IAUI","646.27","1.74383644016837041491280817799158147925","-.4131","-4.7402","-3.2316",".2517","-9.6254","5.2874","Derivative Based ETF","Precious Metals ETFs"
"iShares Gold Trust Micro","IAUM","6604.49","14.18732782369146005509641873278236914601","-.6252","-5.553","-3.3668",".6576","-11.2519","7.5462","Precious Metals - Gold","Precious Metals ETFs"
"iShares Biotechnology ETF","IBB","10957.07","82.58468885241008804656021489329950753619","-.3253","-3.9751","-2.1357","4.9061","21.1857","37.4348","Healthcare - Biotech","Health Care ETFs"
"Inspire Corporate Bond ETF","IBD","501.62","1.45985401459854014598540145985401459854",".0435","-1.6099",".1821","-2.2738","-1.7096","-.8767","Strategy - Socially Responsible","Investment Grade Corporate Bond ETFs"
"iShares iBonds Dec 2026 Term Corporate ETF","IBDR","3126.3","7.69230769230769230769230769230769230769",".365",".3235",".0751",".939","1.9757","3.8255","Corporates - Investment Grade","Investment Grade Corporate Bond ETFs"
"iShares iBonds 2026 Term High Yield and Income ETF","IBHF","705.24","5.26315789473684210526315789473684210526",".4157",".371",".1482",".6689",".7091","2.1167","Corporates - Junk/High Yield","High-Yield/Junk Bond ETFs"
"iShares iBonds 2029 Term High Yield and Income ETF","IBHI","514.16",".4424778761061946902654867256637168141593",".5794","-1.6942","-.6893","-.8598","1.0078","2.0886","Corporates - Junk/High Yield","High-Yield/Junk Bond ETFs"
"iShares Bitcoin Trust ETF","IBIT","67861.48","38","-.4796","8.9975",".3363","36.8798","25.7045","-30.5947","Cryptocurrency ETFs","Cryptocurrency ETFs"
"State Street SPDR Bloomberg International Corporate Bond ETF","IBND","438.97",".8902077151335311572700296735905044510386",".3452","-3.5255","-.7921","-3.8524","-2.9327","-5.1627","International - Corporate","Investment Grade Corporate Bond ETFs"
"iShares iBonds Dec 2026 Term Treasury ETF","IBTG","1957.53","3.7037037037037037037037037037037037037",".3287",".2847",".0874",".9077","1.7405","3.5499","US Treasury - Intermediate Term","Government Bond ETFs"
"iShares iBonds Dec 2027 Term Treasury ETF","IBTH","2388.46","3.63636363636363636363636363636363636364",".3558",".2208",".1759",".7558","1.4349","2.9067","US Treasury - Intermediate Term","Government Bond ETFs"
"iShares Select U.S. REIT ETF","ICF","2022.2","32.89703315881326352530541012216404886562",".3839","-5.346","-1.5377","-7.7759",".6018","5.2085","Real Estate   - REITs","Real Estate ETFs"
"iShares Global Clean Energy ETF","ICLN","2199.3","17.69134253450439146800501882057716436637","2.0784","-1.0363","-.2322","-12.608","-4.4539","9.3409","Strategy - Socially Responsible","Alternative Energy ETFs"
"Invesco AAA CLO Floating Rate Note ETF","ICLO","589.03","61.9047619047619047619047619047619047619","-.039",".349",".0586","1.0728","2.6531","4.8244","Asset Backed - MBS","Mortgage-Backed Security ETFs"
"iShares Copper and Metals Mining ETF","ICOP","462.36","72.28920586912984836718845792291658151796","2.9862","-5.0035","-.8611","9.8836","12.1033","45.5907","Materials  - Broad","Materials ETFs"
"Pacer Developed Markets International Cash Cows 100 ETF","ICOW","1721.34","61.44109055501460564751703992210321324245",".718","-4.1908","-2.2532","1.9392","1.1185","19.1904","Foreign Large Value ETF","Foreign Large Value ETF"
"iShares Convertible Bond ETF","ICVT","8119.56","62.86015460295151089248067463106113843992",".8749",".9017","-.2215","-2.8266","10.1953","13.4299","Corporates - Convertible","Convertibles/CEFs/OET/Preferred Stock ETFs"
"iShares Defense Industrials and Tech Active ETF","IDEF","3766.83","36.04956815621479534359744648892226811866","1.3756","-.5804","-.189","-3.9406","-6.3593","-.8064","Industrials  - Aerospace & Defense","Industrials ETFs"
"Lazard International Dynamic Equity ETF","IDEQ","1880.15","78.79858657243816254416961130742049469965",".8911","-1.8456","-1.9005",".9781","10.5353","0","Foreign Large Blend ETF","Foreign Large Blend ETF"
"iShares Core MSCI International Developed Markets ETF","IDEV","31921.2","72.9471674092934436664544875875238701464","1.0263","-2.9574","-1.3979",".0223","7.7809","14.4221","Foreign Large Blend ETF","Foreign Large Blend ETF"
"iShares U.S. Digital Infrastructure and Real Estate ETF","IDGT","516.47","65.05493178799951708318242182784015453338","1.5708","2.9928","1.0102","1.0909","12.4483","33.2707","Technology  - broad","Technology ETFs"
"Invesco S&P International Developed Quality ETF","IDHQ","1098.65","78.22296987306927664780547484324820308916","1.1628","-2.9909","-.7076","-.5806","23.1919","29.1867","Foreign Large Growth ETF","Foreign Large Growth ETF"
"Invesco S&P International Developed Low Volatility ETF","IDLV","316.96","27.70605759682224428997020854021847070506",".2301","-4.5768","-2.3508","-1.2423",".3486","7.2291","Foreign Large Blend ETF","Foreign Large Blend ETF"
"Invesco S&P International Developed Momentum ETF","IDMO","4269.27","81.72043010752688172043010752688172043011","1.5182","-.6807","-.5335","2.8186","11.6374","17.9767","Foreign Large Blend ETF","Foreign Large Blend ETF"
"iShares Genomics Immunology and Healthcare ETF","IDNA","293.56","94.7340139709833422890918860827512090274",".024","3.607","-.2873","19.3068","42.822","71.4263","Healthcare - Biotech","Health Care ETFs"
"ALPS International Sector Dividend Dogs ETF","IDOG","547.65","65.2396035557372024113620108306937774599","-.0409","-5.406","-3.1265","1.0933","1.7924","20.5987","Foreign Large Value ETF","Foreign Large Value ETF"
"iShares Self-Driving EV and Tech ETF","IDRV","258.17","2.03125",".7956","-8.6016","-2.3421","-12.714","-14.3648","-10.603","Geographic - Global Total Market","Broad Developed World ETFs"
"iShares U.S. Utilities ETF","IDU","1362.48","5.99603567888999008919722497522299306244",".4245","-5.7129",".5535","-11.5534","-12.3183","-6.2898","Utilities  - Broad","Utilities/Infrastructure ETFs"
"Aptus International Enhanced Yield ETF","IDUB","507.47","77.78593721314485037635395630622360932623",".2818","-1.4646","-1.0464","1.5279","12.825","20.5217","Geographic - Global ex-US","World ETFs"
"iShares International Select Dividend ETF","IDV","8098.85","61.83932346723044397463002114164904862579",".6508","-5.6031","-3.4451","1.1476","1.453","21.0529","Foreign Large Value ETF","Foreign Large Value ETF"
"Amplify CWP International Enhanced Dividend Income ETF","IDVO","1413.5","72.08994708994708994708994708994708994709","1.216","-2.3521","-1.5246","1.1232","4.9233","18.0132","Derivative Based ETF","Derivative Based ETF"
"iShares Core MSCI EAFE ETF","IEFA","188445.8","73.08868501529051987767584097859327217125","1.1047","-2.8686","-1.4727","-.298","7.8526","13.911","Geographic - EAFE","Broad Developed World ETFs"
"iShares Core MSCI Emerging Markets ETF","IEMG","159889.7","83.28741965105601469237832874196510560147","1.4036",".5248","-.2302","3.1563","19.348","26.0785","Geographic - Broad Emerging Markets","Broad Emerging Market ETFs"
"iShares U.S. Oil & Gas Exploration & Production ETF","IEO","757.02","85.92860838075530263838592860838075530264",".1466","-2.2856","2.169","24.0439","12.5919","50.6919","Energy - Exploration","Energy ETFs"
"iShares U.S. Tech Independence Focused ETF","IETC","726.74","94.74662668665667166416791604197901049475",".9986","8.7466","1.5851","12.4704","29.8348","13.411","Technology  - broad","Technology ETFs"
"iShares Core MSCI Europe ETF","IEUR","9132.1","56.23471882640586797066014669926650366748","1.0323","-4.5886","-2.4973","-3.2556","5.6123","9.7157","Geographic - Broad Europe","European Equity ETFs"
"iShares Europe ETF","IEV","1565.84","54.74814203137902559867877786952931461602","1.0562","-4.9026","-2.5867","-3.8043","5.0737","9.6041","Geographic - Broad Europe","European Equity ETFs"
"iShares U.S. Oil Equipment & Services ETF","IEZ","350.29","60.96730245231607629427792915531335149864",".2618","-13.5671","-3.3874","4.047","-5.4242","41.5747","Energy - Equipment and services","Energy ETFs"
"VictoryShares International Free Cash Flow ETF","IFLO","284.63","78.13176895306859205776173285198555956679",".5578","-4.4277","-1.9698","5.6093","13.7739","29.9025","Foreign Large Value ETF","Foreign Large Value ETF"
"iShares U.S. Infrastructure ETF","IFRA","3912.09","40.75187969924812030075187969924812030075","1.1885","-3.7197",".8797","-9.2895","-1.7661","8.6756","Utilities  - Infrastructure","Utilities/Infrastructure ETFs"
"First Trust Dorsey Wright International Focus 5 ETF","IFV","215.48","30.23210070810385523210070810385523210071",".9502","-3.4848","-1.9987","-5.9404","-.9802","2.9777","Strategy - Alpha-Seeking","World ETFs"
"iShares Interest Rate Hedged Long-Term Corporate Bond ETF","IGBH","249.08","56.916996047430830039525691699604743083","-.2852",".3998","-.5689",".8628","3.8686","5.1124","Ultra short Bond ETF","Ultra short Bond ETF"
"iShares North American Natural Resources ETF","IGE","772.77","79.80769230769230769230769230769230769231",".5616","-5.2122","-.2229","11.4608","1.5355","30.9708","Materials  - Broad","Materials ETFs"
"iShares Global Infrastructure ETF","IGF","10036.45","12.02312138728323699421965317919075144509",".734","-4.6619","-.9939","-7.6417","-7.3675","3.9995","Utilities  - Infrastructure","Utilities/Infrastructure ETFs"
"ProShares Investment Grade-Interest Rate Hedged","IGHG","387.48","18.71522508851795649974709155285786545271",".362",".2908",".2133",".3614","2.2519","3.3235","Corporates - Investment Grade","Investment Grade Corporate Bond ETFs"
"iShares Expanded Tech Sector ETF","IGM","11525.25","100","1.0515","8.3902","1.206","9.7171","42.0602","34.9421","Technology  - broad","Technology ETFs"
"iShares International Treasury Bond ETF","IGOV","1296.56","4.79041916167664670658682634730538922156",".4035","-3.1151","-.7529","-2.9971","-2.8906","-6.5712","International - Broad Treasury","Developed Market Bond ETFs"
"Invesco AI and Next Gen Software ETF","IGPT","1439.81","90.72872241794919339885036157982569998146",".3308","12.8859","-.3479","8.2292","73.542","85.5297","Technology  - Software","Technology ETFs"
"iShares International Dividend Growth ETF","IGRO","1243.93","64.84607745779543197616683217477656405164",".6768","-3.8282","-1.8563","-.2131","6.6435","13.3792","Strategy - Dividend Growth","World ETFs"
"iShares Expanded Tech-Software Sector ETF","IGV","14151.07","79.60386701249705258193822211742513558123",".1848","4.8443","2.2828","15.8812","34.9849","-6.2851","Technology  - Software","Technology ETFs"
"iShares Cybersecurity and Tech ETF","IHAK","1171.52","99.60072595281306715063520871143375680581",".5709","10.2021","3.9964","10.6815","53.6042","30.2722","Technology  - broad","Technology ETFs"
"WisdomTree International Hedged Quality Dividend Growth ETF","IHDG","2069.33","74.66007416563658838071693448702101359703",".8343","-1.6333","-.601","-1.3726","8.0332","13.3465","Strategy - Dividend Growth","Broad Developed World ETFs"
"iShares U.S. Pharmaceuticals ETF","IHE","1603.8","72.46271898074417257854350658751990734038","-.3535","-5.9254","-3.7843","-2.0118","14.0125","34.1781","Healthcare - Pharma","Health Care ETFs"
"iShares U.S. Healthcare Providers ETF","IHF","1342.94","82.37011091652072387624051371862230005838","1.3243","-4.2115","-1.3784","-3.9616","30.0505","11.4474","Healthcare - Healthcare - Providers","Health Care ETFs"
"iShares U.S. Medical Devices ETF","IHI","3411.28","17.13947990543735224586288416075650118203","-.3949","-7.1465","-2.2287","-2.6004","-4.9474","-15.4093","Healthcare - Medical Devices","Health Care ETFs"
"Innovator International Develo","IJAN","230.69","79.16367980884109916367980884109916367981",".577","-1.6793","-1.1445",".3139","5.3571","8.6587","Derivative Based ETF","Defined Outcome"
"iShares Core S&P Mid-Cap ETF","IJH","122201.43","67.82449725776965265082266910420475319927",".9491","-1.9893",".548","-3.2516","8.2507","13.3021","Style Box - Mid Cap Blend","Style Box - Mid Cap Blend"
"iShares S&P Mid-Cap 400 Value ETF","IJJ","8413.13","59.81981981981981981981981981981981981982","1.0499","-3.9217",".0214","-3.8562","6.2464","9.5056","Style Box - Mid Cap Value","Style Box - Mid Cap Value"
"iShares S&P Mid-Cap 400 Growth ETF","IJK","10403.27","73.57194504699927693420101229211858279103",".857","-.1579","1.1124","-2.7248","10.0684","16.8182","Style Box - Mid Cap Growth","Style Box - Mid Cap Growth"
"iShares Core S&P Small-Cap ETF","IJR","103302.77","68.95024746027611357124251107059129981766","1.1316","-3.6592",".1663","-5.0864","11.1876","17.3064","Style Box - Small Cap Blend","Style Box - Small Cap Blend"
"iShares S&P Small-Cap 600 Value ETF","IJS","7667.43","71.38487208008898776418242491657397107898",".9289","-4.1198","-.069","-3.3199","10.5634","18.4857","Style Box - Small Cap Value","Style Box - Small Cap Value"
"iShares S&P Small-Cap 600 Growth ETF","IJT","7658.88","66.07336661601910136748426307792489689603","1.4714","-3.1629",".4795","-6.8736","11.7095","15.9111","Style Box - Small Cap Growth","Style Box - Small Cap Growth"
"Innovator International Develo","IJUL","249.07","79.78243021346469622331691297208538587849",".6195","-1.8856","-1.0021","-.3041","6.4031","9.7683","Derivative Based ETF","Defined Outcome"
"iShares Morningstar U.S. Equity ETF","ILCB","1298.26","97.23250925833249924932439195275748173356",".7162",".9879","-.1693","3.549","18.3294","16.0853","Style Box - All Cap Growth","Style Box - All Cap Growth"
"iShares Morningstar Growth ETF","ILCG","3225.24","94.8493342676944639103013314646110721794","1.0681","4.1872",".7346","4.2054","22.9406","13.6821","Style Box - All Cap Growth","Style Box - All Cap Growth"
"iShares Morningstar Value ETF","ILCV","1316.25","83.11269121017916452261776675866585582636",".4938","-1.9557","-1.1305","2.9664","14.063","18.9176","Style Box - All Cap Value","Style Box - All Cap Value"
"First Trust Innovation Leaders ETF","ILDR","354.51","96.61044973544973544973544973544973544974","1.3128","4.9974",".4254","4.9452","32.6173","21.3927","Geographic - Global Total Market","World ETFs"
"iShares Latin America 40 ETF","ILF","3821.1","71.32352941176470588235294117647058823529","2.0718","-3.4235",".6619","3.829","-.5636","28.4408","Geographic - Broad Latin America","Latin American Equity ETFs"
"AB International Low Volatility Equity ETF","ILOW","1783.98","67.70098730606488011283497884344146685472","1.0877","-3.0651","-1.6415","-.7735","5.6098","8.198","Foreign Large Blend ETF","Foreign Large Blend ETF"
"iShares Morningstar Mid-Cap ETF","IMCB","1665.65","75.76164874551971326164874551971326164875",".6514","-2.0744","-.1771","-.8624","14.2798","16.4562","Style Box - Mid Cap Blend","Style Box - Mid Cap Blend"
"iShares Morningstar Mid-Cap Growth ETF","IMCG","4040.66","80.35059111292295148797390949857317570322","1.0344",".5413",".4196","-1.402","19.7884","16.0737","Style Box - Mid Cap Growth","Style Box - Mid Cap Growth"
"iShares Morningstar Mid-Cap Value ETF","IMCV","1124.25","70.59585492227979274611398963730569948187",".2279","-4.7024","-1.0064","-.43","9.5536","17.0364","Style Box - Mid Cap Value","Style Box - Mid Cap Value"
"Invesco Managed Futures Strategy ETF","IMF","323.44","95.47118905376758527654654075929851609173",".1867","1.0967","-.3659","5.5562","4.5442","20.7436","Derivative Based ETF","Hedge Fund ETFs"
"Invesco International Developed Dynamic Multifactor ETF","IMFL","1048.49","76.92307692307692307692307692307692307692","1.1754","-2.1742","-.915","-.278","7.4217","23.8345","Foreign Large Blend ETF","Foreign Large Blend ETF"
"iShares MSCI Intl Momentum Factor ETF","IMTM","4241.16","81.02625298329355608591885441527446300716","1.3178","-.8226","-.6368","1.0091","9.9432","15.5786","Foreign Large Blend ETF","Foreign Large Blend ETF"
"Franklin Income Equity Focus ETF","INCE","318.55","66.12973824739560535761183576993784469929",".3045","-3.4728","-.9133","-1.3356","4.4663","16.6361","Style Box - Large Cap Blend","Style Box - Large Cap Blend"
"Franklin Income Focus ETF","INCM","1881","47.11111111111111111111111111111111111111",".0351","-2.7013","-.6764","-.8919","1.702","8.1389","Moderate Allocation ","Total Portfolio ETFs"
"Columbia India Consumer ETF","INCO","204.8","26.78867403314917127071823204419889502762",".4904","-7.3075","-4.2395","-5.2992","4.2279","-12.2771","Geographic - India","Asia-Pacific (Emerging) ETFs"
"iShares MSCI India ETF","INDA","5771.82","11.14488348530901722391084093211752786221",".3451","-6.9041","-2.7998","-6.134","-.2787","-11.0516","Geographic - India","Asia-Pacific (Emerging) ETFs"
"iShares India 50 ETF","INDY","493.56","1.19670905011219147344801795063575168287",".3923","-6.6135","-2.3139","-6.2285","-2.5311","-11.9372","Geographic - India","Asia-Pacific (Emerging) ETFs"
"Horizon Kinetics Inflation Beneficiaries ETF","INFL","1519.5","58.7020648967551622418879056047197640118",".4383","-8.0828","-2.2683","1.445","-3.5265","13.6972","World Small/Mid Stock ETF","World Small/Mid Stock ETF"
"Harbor PanAgora Dynamic Large Cap Core ETF","INFO","960.86","94.77135461604831751509922346850733390854",".6189",".7838","-.1764","4.6073","19.3218","18.5441","Style Box - Large Cap Blend","Style Box - Large Cap Blend"
"iShares U.S. Industry Rotation Active ETF","INRO","440.81","97.92023167039620902988021587468737659602",".8764","1.7607","-.0484","3.0307","20.3638","17.8096","Style Box - Large Cap Blend","Style Box - Large Cap Blend"
"iShares International Equity Factor ETF","INTF","3668.25","76.66248431618569636135508155583437892095",".923","-2.9886","-1.5869",".7517","7.4231","18.0009","Foreign Large Blend ETF","Foreign Large Blend ETF"
"Main International ETF","INTL","241.71","78.28498293515358361774744027303754266212","1.1032","-1.6183","-.9486","1.1866","8.7105","12.6951","Foreign Large Blend ETF","Foreign Large Blend ETF"
"GraniteShares 2x Long INTC Daily ETF","INTW","593.79","54.76833301566090178476052036838831160943","-1.155","65.9128","-6.6646","-16.9542","269.4245","414.3573","Derivative Based ETF","Single Stock ETF"
"Defiance Daily Target 2X Long IONQ ETF","IONX","210.99","3.67140224347346577469489631553743234026","-1.4898","28.301","-8.1017","-36.8065","27.098","-87.0592","Derivative Based ETF","Single Stock ETF"
"iShares Global 100 ETF","IOO","9137.76","95.38776904680560300649128800819952169457",".969",".416","-.4878","5.5608","19.3318","20.4584","Global Large-Cap Blend Equity ETF","Global Large-Cap Blend Equity ETF"
"iShares Core MSCI Pacific ETF","IPAC","2745.9","91.30434782608695652173913043478260869565","1.2153",".1635",".1167","4.5715","12.0081","21.1073","Geographic - Asia Developed","Asia-Pacific (Developed) ETFs"
"Invesco International BuyBack Achievers ETF","IPKW","538.2","71.88179840464104423495286439448875997099",".7179","-3.1756","-2.4099","3.3346","5.4358","15.0217","Foreign Large Value ETF","Foreign Large Value ETF"
"Northern Trust International Quality Dividend ETF","IQDF","1134.01","79.23793794974637253745428807361094726908","1.08","-2.0791","-1.2265","2.3724","11.8449","24.759","Strategy - Dividend","World ETFs"
"WisdomTree International Quality Dividend Growth ETF","IQDG","680.72","60.45072210760196794159657197270274559594","1.0328","-3.4165","-1.4034","-2.1962","6.1032","7.5616","Strategy - Dividend Growth","Broad Developed World ETFs"
"iShares MSCI Intl Quality Factor ETF","IQLT","13554.6","72.21006564551422319474835886214442013129","1.2195","-2.525","-.6781",".4032","8.4223","13.8046","Foreign Large Blend ETF","Foreign Large Blend ETF"
"ProShares GENIUS Money Market ETF","IQMM","20330.78","63.63636363636363636363636363636363636364",".02",".3157",".0913",".8672","1.7803","0","US Treasury - Ultra Short","Money Market/Ultra-Short Term ETFs"
"iShares Nasdaq 100 ETF","IQQ","599.39","100","1.0359","5.7543",".6749","0","0","0","Style Box - Large Cap Growth","Style Box - Large Cap Growth"
"ProShares Nasdaq-100 High Income ETF","IQQQ","407.25","78.69936621658859189859465417470377514467","1.4926","3.8395",".623","2.4137","21.6187","17.5688","Style Box - Large Cap Growth","Derivative Based ETF"
"NYLIM Candriam International Equity ETF","IQSI","264.03","78.43472848918624552668430060681499922203","1.323","-1.4732","-.5232",".0981","9.3739","13.8477","Strategy - Socially Responsible","Broad Developed World ETFs"
"NYLIM Candriam U.S. Mid Cap Equity ETF","IQSM","359.04","76.14000492975104757209760907074192753266",".8833","-2.4389",".1388","-1.0445","11.7564","15.3214","Strategy - Socially Responsible","Style Box - Mid Cap Blend"
"NYLIM Candriam U.S. Large Cap Equity ETF","IQSU","351.35","98.08229243203526818515797207935341660544",".7635","1.9201","-.1059","2.2822","22.6601","19.6107","Strategy - Socially Responsible","Style Box - Large Cap Blend"
"Defiance Daily Target 2X Long IREN ETF","IRE","286.09","3.06487314830580623190873488847267154776","5.0885","5.3215","-11.215","-20.302","-29.0515","0","Derivative Based ETF","Single Stock ETF"
"iShares Morningstar Small-Cap ETF","ISCB","271.72","69.67582847176279545317856498466349912792",".8251","-3.393","-.0624","-3.5566","10.3129","14.0165","Style Box - Small Cap Blend","Style Box - Small Cap Blend"
"iShares International Small-Cap Equity Factor ETF","ISCF","657.98","75.77002053388090349075975359342915811088",".8379","-1.9919","-1.5433","1.7829","7.3154","12.0795","Foreign Small/Mid Blend ETF","Foreign Small/Mid Blend ETF"
"iShares Morningstar Small-Cap Growth ETF","ISCG","961.43","72.03274215552523874488403819918144611187","1.0222","-1.2359",".7117","-3.4137","12.1019","13.9487","Style Box - Small Cap Growth","Style Box - Small Cap Growth"
"iShares Morningstar Small-Cap Value ETF","ISCV","656.72","65.16760703617656820444739462329903750415",".5822","-5.259","-.933","-3.6778","9.0861","14.6676","Style Box - Small Cap Value","Style Box - Small Cap Value"
"iShares 1-3 Year International Treasury Bond ETF","ISHG","854.69","7.59135357694287184765826042202779207411",".2429","-2.3765","-.7832","-.7272","-.3521","-3.0085","International - Broad Treasury","Developed Market Bond ETFs"
"Inspire Small/Mid Cap ETF","ISMD","319.28","75.42087542087542087542087542087542087542",".9011","-2.8386",".5945","-3.9054","16.952","22.291","Strategy - Socially Responsible","Style Box - All Cap Blend"
"ProShares S&P 500 High Income ETF","ISPY","1162.88","82.83418553688823959094229364499634769905","1.3069",".1502","-.2186","1.8331","14.2188","12.1152","Style Box - Large Cap Blend","Derivative Based ETF"
"iShares International Developed Small Cap Value Factor ETF","ISVL","328.89","83.22695940770998212918049527699770232321",".6824","-2.1634","-1.9389","4.8386","12.2981","21.8352","Foreign Small/Mid Value ETF","Foreign Small/Mid Value ETF"
"iShares U.S. Aerospace & Defense ETF","ITA","12191.14","17.38655997090115486041647722106028916977","-.1202","-6.8628","-2.8156","-16.1769","-6.1763","-.4893","Industrials  - Aerospace & Defense","Industrials ETFs"
"iShares U.S. Home Construction ETF","ITB","2393.94","1.49963423555230431602048280907095830285","-.8355","-5.8458","-3.1198","-15.0691","-2.9882","-18.8039","Consumer Discretionary - Broad","Consumer Discretionary ETFs"
"iShares Core S&P Total U.S. Stock Market ETF","ITOT","96135.25","91.50972522383451682618092003704847175054",".768",".593","-.1724","2.835","17.4986","15.8632","Style Box - All Cap Blend","Style Box - All Cap Blend"
"Invesco RAFI Strategic US ETF","IUS","963.86","86.17949798350689219286101246012159152471",".487","-2.1665","-.6198","3.1571","17.9279","24.6275","Style Box - Large Cap Blend","Style Box - Large Cap Blend"
"iShares Core S&P U.S. Growth ETF","IUSG","34090.05","100","1.0145","3.5561",".5227","5.9927","25.0255","19.0804","Style Box - All Cap Growth","Style Box - All Cap Growth"
"iShares Core S&P U.S. Value ETF","IUSV","27141.87","74.38606510565391205025699600228440890919",".4842","-2.674","-1.0031","-.0573","9.1611","12.6515","Style Box - All Cap Value","Style Box - All Cap Value"
"ishares S&P/TSX 60 Index ETF","IUTSF","16973.97","100","0","0","0","8.5283","12.5794","27.1295","Geographic - Canada","Canadian Equity ETFs"
"Alpha Architect International Quantitative Value ETF","IVAL","217.98","81.68268046316826804631682680463168268046",".5289","-2.4704","-1.7677","4.0634","7.2783","21.9882","Foreign Small/Mid Value ETF","Foreign Small/Mid Value ETF"
"iShares S&P 500 Value ETF","IVE","48293.86","75.42443640411912051210687447815196214862",".4418","-2.6267","-1.0429",".1524","9.2468","12.6549","Style Box - Large Cap Value","Style Box - Large Cap Value"
"Dan IVES Wedbush AI Revolution ETF","IVES","1024.9","99.86431478968792401628222523744911804613","1.014","8.6753",".795","12.2318","45.2778","27.0309","Artificial Intelligence and Robotics ETF","Artificial Intelligence and Robotics ETF"
"iShares MSCI Intl Value Factor ETF","IVLU","4453.14","76.74418604651162790697674418604651162791",".7803","-3.9441","-2.6941",".7089","8.0043","23.4944","Foreign Large Value ETF","Foreign Large Value ETF"
"Vanguard S&P Mid-Cap 400 Growth Index Fund ETF Shares","IVOG","1603.48","73.88276262333139872315728380731282646547",".824","-.1633",".9693","-2.8306","10.113","16.1349","Style Box - Mid Cap Growth","Style Box - Mid Cap Growth"
"Quadratic Interest Rate Volatility and Inflation Hedge ETF","IVOL","239.84","26.4957264957264957264957264957264957265",".1767",".2047","3.0807","-1.2147","-6.8035","-8.9257","US Treasury - TIPS","Inflation-Protected Bond ETFs"
"Vanguard S&P Mid-Cap 400 Index Fund ETF Shares","IVOO","3706.54","68.1227436823104693140794223826714801444",".9588","-1.9561",".591","-3.1448","8.3291","13.3768","Style Box - Mid Cap Blend","Style Box - Mid Cap Blend"
"Vanguard S&P Mid-Cap 400 Value Index Fund ETF Shares","IVOV","1274.94","61.22159090909090909090909090909090909091",".963","-3.9803","0","-3.8109","6.2354","7.63","Style Box - Mid Cap Value","Style Box - Mid Cap Value"
"iShares Core S&P 500 ETF","IVV","883292.69","94.2882489422683226422819707929575542514",".7454",".8445","-.2233","3.5905","17.9583","16.2075","Style Box - Large Cap Blend","Style Box - Large Cap Blend"
"iShares S&P 500 BuyWrite ETF","IVVW","351.65","47.46136865342163355408388520971302428256","-1.7563","-.5047","-1.8339","3.9562","11.6529","14.9388","Derivative Based ETF","Derivative Based ETF"
"iShares S&P 500 Growth ETF","IVW","78362.99","100",".9682","3.6844",".4397","6.372","25.7323","18.9425","Style Box - Large Cap Growth","Style Box - Large Cap Growth"
"iShares Russell 1000 ETF","IWB","48681.25","92.65465541136449540128512032254000251984",".777",".6659","-.2421","3.0498","17.2875","15.4028","Style Box - Large Cap Blend","Style Box - Large Cap Blend"
"iShares Micro-Cap ETF","IWC","1351.52","75.03075030750307503075030750307503075031",".8318","-3.7994","-.5805","-5.2941","15.3688","25.0726","Style Box - Micro Cap Blend","Style Box - Micro Cap Blend"
"iShares Russell 1000 Value ETF","IWD","81087.6","83.31664998331664998331664998331664998332",".4592","-2.6333","-1.0122","1.4183","16.4959","23.9399","Style Box - Large Cap Value","Style Box - Large Cap Value"
"iShares Russell 1000 Growth ETF","IWF","128244.6","93.4720835573304661700330235772982105829","1.0658","4.4076",".6495","4.9678","18.3943","8.1165","Style Box - Large Cap Growth","Style Box - Large Cap Growth"
"iShares Russell Top 200 ETF","IWL","2236.26","97.18004338394793926247288503253796095445",".7987","1.3634","-.2548","4.2094","18.9919","15.9133","Style Box - Large Cap Blend","Style Box - Large Cap Blend"
"NYLIM Winslow Large Cap Growth ETF","IWLG","317.18","100","1.0733","4.8137",".7763","5.268","20.8062","7.6098","Style Box - Large Cap Growth","Style Box - Large Cap Growth"
"iShares Russell 2000 ETF","IWM","78362.77","68.9786785996314819689391945248749670966",".896","-3.9929","-.1596","-5.1447","12.6052","16.4864","Style Box - Small Cap Blend","Style Box - Small Cap Blend"
"NEOS Russell 2000 High Income ETF","IWMI","1279.52","46.87898089171974522292993630573248407643",".815","-3.3992","-.2419","-3.4415","11.0756","16.0988","Derivative Based ETF","Style Box - Small Cap Blend"
"iShares Russell 2000 Value ETF","IWN","13864.72","74.240355069989757596449300102424035507",".8502","-4.4008","-.5387","-3.6622","11.3531","21.0926","Style Box - Small Cap Value","Style Box - Small Cap Value"
"iShares Russell 2000 Growth ETF","IWO","14144.66","63.3424599831508003369839932603201347936",".8948","-3.6948",".1916","-6.6005","13.6143","12.0635","Style Box - Small Cap Growth","Style Box - Small Cap Growth"
"iShares Russell Mid-Cap Growth ETF","IWP","19619.42","73.08970099667774086378737541528239202658","1.1315","2.818","1.2475","-1.1089","9.5572","-1.1923","Style Box - Mid Cap Growth","Style Box - Mid Cap Growth"
"iShares Russell Mid-Cap ETF","IWR","55371.2","71.72503242542153047989623865110246433204",".6413","-2.173","-.0185","-1.5702","10.7351","13.0104","Style Box - Mid Cap Blend","Style Box - Mid Cap Blend"
"iShares Russell Mid-Cap Value ETF","IWS","14874.75","72.51831270522859307906036877999494821925",".4883","-3.7947","-.4227","-1.7437","11.0001","17.4885","Style Box - Mid Cap Value","Style Box - Mid Cap Value"
"iShares Russell 3000 ETF","IWV","20331.73","91.82124789207419898819561551433389544688",".8253",".4797","-.1397","2.7976","17.2125","15.6016","Style Box - All Cap Blend","Style Box - All Cap Blend"
"iShares Russell Top 200 Value ETF","IWX","3664.9","85.82417582417582417582417582417582417582",".4753","-2.1935","-1.2754","2.6672","18.7345","26.6143","Style Box - Large Cap Value","Style Box - Large Cap Value"
"iShares Russell Top 200 Growth ETF","IWY","16466.03","94.4426598136845486668808223578541599743","1.0419","4.7227",".5047","5.484","19.2045","8.7575","Style Box - Large Cap Growth","Style Box - Large Cap Growth"
"iShares Global Energy ETF","IXC","3020.59","86.78132678132678132678132678132678132678",".3293","-2.2128",".7834","17.5431","3.7787","43.4901","Energy - Broad","Energy ETFs"
"iShares Global Financials ETF","IXG","686.92","60.80394556309563540623725293877702376979",".3094","-6.1674","-2.903","-1.0488","11.676","11.6736","Financials-Broad","Financials ETFs"
"iShares Global Healthcare ETF","IXJ","4264.29","60.43036461446503287507471607890017931859","-.0694","-4.579","-2.9072","-.6697","8.0715","11.7097","Healthcare - Broad","Health Care ETFs"
"iShares Global Tech ETF","IXN","9850.01","100","1.4218","8.7383","2.0005","11.3114","49.6672","45.8317","Technology  - broad","Technology ETFs"
"iShares Global Comm Services ETF","IXP","604.25","44.03610573823339780786589297227595099936",".4261",".4176","-2.1183","2.7826","3.1672","-1.0577","Communication Services - Broad","Communication Services ETFs"
"iShares Core MSCI Total International Stock ETF","IXUS","58444.99","82.22600795002839295854628052243043725156","1.1322","-1.6869","-1.1582",".9079","11.1644","17.9938","Foreign Large Blend ETF","Foreign Large Blend ETF"
"iShares U.S. Consumer Discretionary ETF","IYC","1164.19","6.87258687258687258687258687258687258687",".4966","-5.1187","-1.1638","-6.6618","-1.5672","-8.3233","Consumer Discretionary - Broad","Consumer Discretionary ETFs"
"iShares U.S. Energy ETF","IYE","1665.99","87.3009220452640402347024308466051969824",".3637","-3.178","1.2848","17.3806","6.5138","43.4916","Energy - Broad","Energy ETFs"
"iShares U.S. Financials ETF","IYF","3762","48.4375",".0317","-7.1785","-2.4528","-4.0959","7.1523","2.6431","Financials-Broad","Financials ETFs"
"iShares U.S. Financial Services ETF","IYG","2087.77","54.38311688311688311688311688311688311688",".2","-6.801","-2.5926","-3.1377","9.0299","3.0135","Financials-Broad","Financials ETFs"
"iShares U.S. Healthcare ETF","IYH","3903.68","72.87784679089026915113871635610766045549","0","-3.3135","-2.8161","1.9951","14.7675","17.8201","Healthcare - Broad","Health Care ETFs"
"iShares U.S. Industrials ETF","IYJ","1999.89","55.12116316639741518578352180936995153473",".6063","-1.9814","-.4786","-6.1661","5.2431","7.1057","Industrials  - Broad","Industrials ETFs"
"iShares U.S. Consumer Staples ETF","IYK","1593.83","45.76954069298952457695406929895245769541",".3254","-5.5514","-1.1845","-4.6297","2.5929","6.9902","Consumer Staples - Broad","Consumer Staples ETFs"
"iShares U.S. Basic Materials ETF","IYM","1261.17","71.71064127206010833478944609470557399965","1.4806","-5.8191","-1.3193","-.7158","1.4225","22.4161","Materials  - Broad","Materials ETFs"
"iShares U.S. Real Estate ETF","IYR","4137.79","14.74402730375426621160409556313993174061",".3176","-6.2174","-1.9249","-8.174","-.2408",".5544","Real Estate   - REITs","Real Estate ETFs"
"NEOS Real Estate High Income ETF","IYRI","296.21","2.40384615384615384615384615384615384615",".3342","-5.6086","-2.0235","-6.8563","-.7947",".0918","Derivative Based ETF","Real Estate ETFs"
"iShares U.S. Transportation ETF","IYT","1896.96","55.14403292181069958847736625514403292181","1.4676","-3.5211","1.0712","-8.6416","6.9881","12.8786","Industrials  - Transportation/Shipping","Industrials ETFs"
"iShares U.S. Technology ETF","IYW","26736.36","100","1.0718","8.5994","1.3415","10.7849","45.5448","35.9949","Technology  - broad","Technology ETFs"
"iShares Dow Jones U.S. ETF","IYY","3028.54","92.93098630902486728136350936015646828723",".7104",".6567","-.1973","3.165","17.5734","15.5926","Style Box - All Cap Blend","Style Box - All Cap Blend"
"iShares U.S. Telecommunications ETF","IYZ","1075.62","77.23905723905723905723905723905723905724","2.3071",".1121","2.381","4.7742","5.9693","32.8074","Communication Services - Broad","Communication Services ETFs"
"Janus Henderson AAA CLO ETF","JAAA","31492.09","24.44444444444444444444444444444444444444",".0396",".2805","-.0359","1.0659","2.5148","4.6218","Asset Backed - MBS","Mortgage-Backed Security ETFs"
"Innovator Equity Defined Protection ETF - 6 Mo Jan/Jul","JAJL","301.54","100",".1749",".4234",".0297","1.3961","4.3948","5.7586","Derivative Based ETF","Defined Outcome"
"AllianzIM U.S. Equity Buffer20 Jan ETF","JANW","356.27","100",".1768",".6472",".0126","2.5154","8.1697","9.6654","Derivative Based ETF","Defined Outcome"
"JPMorgan Active Value ETF","JAVA","7017.58","78.19053325344517675254643499101258238466",".6274","-2.6945","-.902",".3152","12.0722","17.4488","Style Box - All Cap Value","Style Box - All Cap Value"
"Janus Henderson B-BBB CLO ETF","JBBB","1515","44.54545454545454545454545454545454545455",".1481",".298","-.2904","1.4544","3.9765","4.9521","Asset Backed - MBS","Mortgage-Backed Security ETFs"
"John Hancock Disciplined Value International Select ETF","JDVI","748.25","76.8117619819402639499884232461217874508",".826","-2.9421","-2.0442","2.1052","8.9795","20.0165","Foreign Large Value ETF","Foreign Large Value ETF"
"John Hancock Disciplined Value Select ETF","JDVL","932.22","83.82035410968763495033827551461062329063",".6223","-2.1719","-.4106","-.0634","15.0394","20.5119","Style Box - Large Cap Value","Style Box - Large Cap Value"
"JPMorgan ActiveBuilders Emerging Markets Equity ETF","JEMA","1754.03","82.71928939133945694963157363480367416978","1.3714",".4316","-.3963","2.3957","20.8967","30.2986","Geographic - Broad Emerging Markets","Broad Emerging Market ETFs"
"JPMorgan Equity Premium Income ETF","JEPI","45068.39","17.64705882352941176470588235294117647059",".9142","-1.3091","-.5614",".8277","3.4604","6.7084","Derivative Based ETF","Style Box - Large Cap Blend"
"JPMorgan Nasdaq Equity Premium Income ETF","JEPQ","44015.8","94.53836150845253576072821846553966189857","1.3104","4.1536",".5991","6.069","16.5432","18.5626","Derivative Based ETF","Style Box - Large Cap Growth"
"U.S. Global Jets ETF","JETS","834.27","45.5005055611729019211324570273003033367",".178","-.6707","-2.8986","-15.241","12.8761","13.6511","Industrials  - Transportation/Shipping","Industrials ETFs"
"JPMorgan Global Select Equity ETF","JGLO","6395.97","84.04161523540821724563569035443484394287",".9276","-.5321","-.2053","2.201","11.6557","6.9856","Global Large-Cap Blend Equity ETF","Global Large-Cap Blend Equity ETF"
"JPMorgan Active Growth ETF","JGRO","10145.52","89.92765720645520311630495269894268224819","1.0551","4.5036",".5248","2.9291","14.3242","3.9147","Style Box - Large Cap Growth","Style Box - Large Cap Growth"
"John Hancock Multifactor Emerging Markets ETF","JHEM","974.23","83.01784748512709572742022714981070849108","1.2045","-.4224","-.647","3.3149","17.9338","27.5632","Geographic - Broad Emerging Markets","Broad Emerging Market ETFs"
"John Hancock Global Senior Loan ETF","JHLN","636.05","14.78873239436619718309859154929577464789",".1023","-.0377","-.0215","1.1117","3.1072","3.2135","Corporates - Bank Loan","High-Yield/Junk Bond ETFs"
"John Hancock Multifactor Developed International ETF","JHMD","952.85","69.38908427771264816985801745473492249577","1.2298","-3.4535","-1.7897","-1.0022","5.9787","13.8831","Geographic - EAFE","Broad Developed World ETFs"
"John Hancock Multifactor Large Cap ETF","JHML","1162.72","85.28850298663710819631750723566722088799",".6373","-.3653","-.2947","1.2987","14.5454","15.4874","Style Box - Large Cap Blend","Style Box - Large Cap Blend"
"John Hancock Multifactor Mid Cap ETF","JHMM","5902.7","69.29595827900912646675358539765319426336",".8189","-2.3131",".1241","-2.3525","7.6746","12.8509","Style Box - Mid Cap Blend","Style Box - Mid Cap Blend"
"John Hancock Preferred Income ETF","JHPI","220.86","4.22960725075528700906344410876132930514",".0919","-2.3104","-.5795","-2.83","-.9852","-.6486","Corporates - Convertible","Convertibles/CEFs/OET/Preferred Stock ETFs"
"John Hancock Multifactor Small Cap ETF","JHSC","687.09","63.72425795223822875374649521415450062844","1.0234","-4.0141",".0823","-3.9942","7.2564","11.1954","Style Box - Small Cap Blend","Style Box - Small Cap Blend"
"JPMorgan International Growth ETF","JIG","526.1","80.01717721156598912109934154022330375036","1.646","1.1357",".4006",".0235","13.748","11.9386","Foreign Large Growth ETF","Foreign Large Growth ETF"
"Janus Henderson Income ETF","JIII","231.28","1.98300283286118980169971671388101983003","-.0062","-1.3417","-.3152","-2.023","-.263","1.3603","Total Bond Market - Broad","Total Bond Market ETFs"
"JPMorgan International Research Enhanced Equity ETF","JIRE","10816.5","73.66926898509581263307310149041873669269","1.1315","-2.4555","-1.154","-.6764","7.406","13.473","Geographic - EAFE","Broad Developed World ETFs"
"JPMorgan International Value ETF","JIVE","4060.48","80.62191884717481987106560485400075843762",".6891","-3.662","-2.4648","2.9374","10.2738","25.2902","Foreign Large Value ETF","Foreign Large Value ETF"
"Janus Henderson Mortgage-Backed Securities ETF","JMBS","6310.39",".8495145631067961165048543689320388349515","-.2476","-3.5721","-.873","-4.6795","-4.1633","-2.2511","Asset Backed - MBS","Mortgage-Backed Security ETFs"
"JPMorgan Small & Mid Cap Enhanced Equity ETF","JMEE","2887.23","75.01312335958005249343832020997375328084","1.0495","-1.4048",".7783","-2.3026","11.2757","17.7301","Style Box - All Cap Blend","Style Box - All Cap Blend"
"JPMorgan U.S. Momentum Factor ETF","JMOM","2774.97","97.73510585918266863613983259478089611029","1.1297","4.1634","1.1418","2.4355","23.5618","25.9004","Style Box - All Cap Growth","Style Box - All Cap Growth"
"State Street SPDR Bloomberg High Yield Bond ETF","JNK","6467.89","1.57342657342657342657342657342657342657",".6732","-2.4038","-.7357","-2.0931","-.1655","1.1609","Corporates - Junk/High Yield","High-Yield/Junk Bond ETFs"
"Direxion Daily Junior Gold Miners Index Bull 2X ETF","JNUG","397.92","17.30472916913594879696574611828849116985","1.7994","-22.9892","-12.5651","12.3677","-27.4696","-8.2518","Derivative Based ETF","Leveraged Equity ETFs"
"Virtus Terranova U.S. Quality Momentum ETF","JOET","238.3","80.45329176160211056481592517088379901667",".5948",".6836",".3737","-.1749","13.1599","6.7508","Style Box - Large Cap Blend","Style Box - Large Cap Blend"
"JPMorgan Equity Focus ETF","JPEF","2017.67","93.33230674468740375731444410224822913459","1.0902","1.8543",".2272","2.6673","13.8927","10.4766","Style Box - All Cap Blend","Style Box - All Cap Blend"
"JPMorgan Diversified Return Emerging Markets Equity ETF","JPEM","371.18","58.81868697262811278040749125334430952871",".6311","-3.7177","-1.749","2.1703","4.1494","12.1796","Geographic - Broad Emerging Markets","Broad Emerging Market ETFs"
"JPMorgan Active High Yield ETF","JPHY","2189.86","3.20769847634322373696872493985565356856",".7059","-1.9001","-.4827","-1.6764",".3675","1.9608","Corporates - Junk/High Yield","High-Yield/Junk Bond ETFs"
"JPMorgan International Bond Opportunities ETF","JPIB","2202.68",".3389830508474576271186440677966101694915",".2689","-1.8641","-.4807","-2.893","-.4863","-.5","Derivative Based ETF","Total Bond Market ETFs"
"JPMorgan Diversified Return International Equity ETF","JPIN","372.35","68.01714063108687183482664589014413712505",".9314","-3.2216","-1.6654","1.57","4.9243","14.9608","Foreign Large Value ETF","Foreign Large Value ETF"
"JPMorgan Limited Duration Bond ETF","JPLD","4048.4","1.33333333333333333333333333333333333333",".4269","-.5626","-.0024","-.2774",".5015","2.1648","Total Bond Market - Broad","Total Bond Market ETFs"
"JPMorgan Diversified Return U.S. Mid Cap Equity ETF","JPME","466.21","64.73205257836198179979777553083923154702",".778","-4.5108","-.3227","-2.991","5.0607","12.8917","Style Box - Mid Cap Blend","Style Box - Mid Cap Blend"
"JPMorgan Realty Income ETF","JPRE","449.43","35.24684270952927669345579793340987370838",".4478","-4.625","-1.3395","-6.5278","2.105","6.0302","Real Estate   - REITs","Real Estate ETFs"
"JPMorgan Preferred and Income Securities ETF","JPRF","2215.42","2.86396181384248210023866348448687350835",".6125","-2.2202","-.936","0","0","0","Corporates - Convertible","Convertibles/CEFs/OET/Preferred Stock ETFs"
"JPMorgan Diversified Return U.S. Small Cap Equity ETF","JPSE","566.2","70.659245337574092814804105826225242157","1.0438","-3.2622",".0542","-3.7483","8.7966","16.0448","Style Box - Small Cap Blend","Style Box - Small Cap Blend"
"JPMorgan Ultra-Short Income ETF","JPST","42009.03","1.78571428571428571428571428571428571429",".3676",".0688",".0688",".6463","1.5886","3.4281","Ultra short Bond ETF","Ultra short Bond ETF"
"JPMorgan Diversified Return U.S. Equity ETF","JPUS","449.89","67.25618402394832204190956357334173625335",".6675","-3.8604","-.1746","-2.076","5.4788","12.9439","Style Box - Large Cap Blend","Style Box - Large Cap Blend"
"JPMorgan U.S. Quality Factor ETF","JQUA","8992.63","94.35535599743425272610647851186658114176",".3631",".9183",".4442","3.9186","21.3411","19.4405","Style Box - All Cap Blend","Style Box - All Cap Blend"
"Janus Henderson Securitized Income ETF","JSI","1530",".3816793893129770992366412213740458015267","-.14","-1.1683","-.2845","-.9655","-.3003","1.7315","Asset Backed - MBS","Mortgage-Backed Security ETFs"
"Janus Henderson Small/Mid Cap Growth Alpha ETF","JSMD","1025.61","60.46094450727293998362126116289045743478","1.5268","-1.1539",".6149","-6.7674","13.193","9.5581","Style Box - Small Cap Growth","Style Box - Small Cap Growth"
"Janus Henderson Small Cap Growth Alpha ETF","JSML","353.64","77.78847635187182252349406871052226159297","1.3425","-.5381",".6048","-3.8531","23.5049","17.5263","Style Box - Small Cap Growth","Style Box - Small Cap Growth"
"Adasina Social Justice All Cap Global ETF","JSTC","296.47","85.45034642032332563510392609699769053118",".8905","-.0882",".0132",".4166","15.6103","12.018","Strategy - Socially Responsible","World ETFs"
"JPMorgan U.S. Tech Leaders ETF","JTEK","4779.57","88.98278998181054988106897999160486917588","1.1514","10.2274","2.0057","3.8434","32.6124","15.5659","Technology  - broad","Technology ETFs"
"Aptus Enhanced Yield Etf","JUCY","370.33","8.23529411764705882352941176470588235294","-.3223","-.4294","-.1557",".4846","1.9357","5.041","US Treasury - Intermediate Term","Government Bond ETFs"
"AllianzIM U.S. Equity Buffer20 Jul ETF","JULW","254.34","99.46282160022618037885213457732541702007",".2986",".468","-.0264","2.2563","6.7868","8.3481","Derivative Based ETF","Defined Outcome"
"AllianzIM U.S. Equity Buffer20 Jun ETF","JUNW","380.19","98.790810157194679564691656590084643289",".3719",".5876",".0713","2.2734","4.8527","6.8514","Derivative Based ETF","Defined Outcome"
"JPMorgan U.S. Research Enhanced Large Cap ETF","JUSA","721.8","91.89314391599752933909820877084620135886",".7582",".569","-.2022","3.2246","16.933","15.452","Style Box - Large Cap Blend","Style Box - Large Cap Blend"
"Goldman Sachs JUST U.S. Large Cap Equity ETF","JUST","566.75","90.91489555778527775244002554045425522211",".7744",".0756","-.1636","3.3355","18.1293","17.6932","Strategy - Socially Responsible","Style Box - Large Cap Growth"
"JPMorgan U.S. Value Factor ETF","JVAL","998.64","86.78654134314126140852744857648821686419",".4966","-.8475","-.0681","1.8791","19.7765","24.3438","Style Box - All Cap Value","Style Box - All Cap Value"
"iShares Global Utilities ETF","JXI","369.31","4.86055776892430278884462151394422310757",".6759","-4.2309",".1552","-9.4141","-10.2379","1.9054","Utilities  - Broad","Utilities/Infrastructure ETFs"
"Innovator U.S. Small Cap Power Buffer ETF - April","KAPR","214.25","88.25030012004801920768307322929171668667",".4077","-1.3435","-.0756","-.0983","8.7034","15.5314","Derivative Based ETF","Defined Outcome"
"Scharf ETF","KAT","645.64","64.92615246904371177084887363866925257347",".53","-2.6384","-.6837","2.8877","5.4081","1.4196","Global Large-Cap Blend Equity ETF","Global Large-Cap Blend Equity ETF"
"State Street SPDR S&P Bank ETF","KBE","1479.77","55.91073582629674306393244873341375150784","1.1314","-5.2883","-1.53","-5.661","8.0451","11.8047","Financials - Banking","Financials ETFs"
"Invesco KBW Bank ETF","KBWB","6090.02","53.67253251721499617444529456771231828615",".6088","-8.4442","-2.6564","-6.7767","10.2416","16.3009","Financials - Banking","Financials ETFs"
"Invesco KBW Property & Casualty Insurance ETF","KBWP","277.1","34.67385575870596343292658207321522682126","-.4619","-6.9842","-.1244","-7.2804","4.2482","2.332","Financials - Insurance","Financials ETFs"
"Invesco KBW Premium Yield Equity REIT ETF","KBWY","296.46","37.27810650887573964497041420118343195266",".3093","-7.0424","-1.7931","-10.4886","12.3442","12.7611","Real Estate   - REITs","Real Estate ETFs"
"State Street SPDR S&P Capital Markets ETF","KCE","515.01","54.53432934757667694974887183540269739694","-.5681","-7.293","-1.8351",".7898","12.8674","3.6804","Financials - Brokers/ Capital markets","Financials ETFs"
"Kensington Hedged Premium Income ETF","KHPI","439.36","79.58333333333333333333333333333333333333",".348","1.1806",".288","2.5656","11.3548","10.3868","Style Box - Large Cap Blend","Derivative Based ETF"
"State Street SPDR S&P Insurance ETF","KIE","532.89","44.10852713178294573643410852713178294574",".0507","-6.5952","-.7871","-7.2657","8.0802","1.9494","Financials - Insurance","Financials ETFs"
"Innovator U.S. Small Cap Power Buffer ETF - January","KJAN","318.2","90.86356253383865728207904710341093665403",".3507","-1.0162","-.1004",".3947","9.0234","12.9534","Derivative Based ETF","Defined Outcome"
"Innovator U.S. Small Cap Power Buffer ETF - July","KJUL","227.6","67.67996108949416342412451361867704280156",".3456","-2.071","-.211","-2.1868","2.677","6.3967","Derivative Based ETF","Defined Outcome"
"Invesco MSCI North America Climate ETF","KLMN","2448.65","93.21782178217821782178217821782178217822",".6944",".5785","-.3436","3.3168","17.8352","16.4306","Strategy - Socially Responsible","Style Box - Large Cap Blend"
"Invesco MSCI Global Climate 500 ETF","KLMT","1579.81","89.83367013834913726099797916990517643401",".8295","-.0073","-.6611","2.6801","16.2402","16.8649","Strategy - Socially Responsible","World ETFs"
"KraneShares Mount Lucas Managed Futures Index Strategy ETF","KMLM","551.53","98.51301115241635687732342007434944237918","-.2567","2.439",".5825","13.3066","9.6683","21.5141","Derivative Based ETF","Hedge Fund ETFs"
"FT Vest S&P 500 Dividend Aristocrats Target Income ETF","KNG","3216.29","4.62776659959758551307847082494969818913",".1454","-5.2046","-1.047","-4.5764","3.2681","6.156","Derivative Based ETF","Style Box - Large Cap Growth"
"KraneShares Global Humanoid Robotics and Physical AI Index ETF","KOID","343.42","57.77202072538860103626943005181347150259","2.1691","3.6097",".63","-8.6751","16.8203","13.8166","Artificial Intelligence and Robotics ETF","Artificial Intelligence and Robotics ETF"
"Xtrackers MSCI Kokusai Equity ETF","KOKU","797.71","86.98013133524162316888365044620306448897",".7577","-.419","-.7219","3.2991","14.9394","14.6382","Global Large-Cap Blend Equity ETF","Global Large-Cap Blend Equity ETF"
"State Street SPDR S&P Kensho New Economies Composite ETF","KOMP","2641.53","59.03426791277258566978193146417445482866","1.0648","1.1448","-.3549","-2.7705","13.3594","7.7152","Geographic - Global Total Market","World ETFs"
"Direxion Daily MSCI South Korea Bull 3X ETF","KORU","1401.4","30.39805850397713042051352915266826154922","8.8193","13.8958","6.2992","-15.2229","62.6506","285.7854","Derivative Based ETF","Leveraged Equity ETFs"
"State Street SPDR S&P Regional Banking ETF","KRE","3756.5","63.87064173825164224355735219807983830217","1.1866","-4.105","-1.0762","-5.102","8.4988","15.2367","Financials - Regional Banks","Financials ETFs"
"iShares MSCI Saudi Arabia ETF","KSA","583.18","7.5",".3046","-5.7507","-2.2402","-3.1033","-6.5181","-7.9726","Geographic - Middle East","Africa-Middle East Equity ETFs"
"KraneShares China Technology & Semiconductor STAR 50 Index ETF","KSTR","380.56","31.09919571045576407506702412868632707775","-.5408","-5.9651","-6.0851","-21.7098","21.464","8.6657","Geographic - China","Asia-Pacific (Emerging) ETFs"
"KraneShares CSI China Internet ETF","KWEB","4446.31","1.1954261954261954261954261954261954262","-1.9318","-7.1595","-2.9292","-4.5218","-15.0587","-39.5524","Geographic - China","Asia-Pacific (Emerging) ETFs"
"iShares Global Consumer Staples ETF","KXI","1100.56","17.42758959253804614629356897398134511537",".3388","-4.9737","-2.2065","-5.6891","-1.977","4.3373","Consumer Staples - Broad","Consumer Staples ETFs"
"Direxion Daily S&P Biotech Bull 3X ETF","LABU","580.31","61.01217975640487190256194876102477950441","-.3725","-20.2335","-1.4853","-18.0359","44.9079","148.5114","Derivative Based ETF","Leveraged Equity ETFs"
"First Trust Multi-Strategy Alternative ETF","LALT","391.05","86.43006263048016701461377870563674321503","-.1616","1.1461","-.1616","3.5976","1.5918","13.3567","Absolute Returns ","Hedge Fund ETFs"
"Principal Capital Appreciation Select ETF","LCAP","1890.42","95.74291866821268842140135829054165976478",".5616","1.7344",".2357","2.6864","16.2282","16.4032","Style Box - All Cap Blend","Style Box - All Cap Blend"
"iShares World ex U.S. Carbon Transition Readiness Aware Active ETF","LCTD","309.91","66.76113819294864527831311642670898991044",".7301","-3.0831","-1.7823","-.2605","5.1156","10.9266","Foreign Large Blend ETF","Foreign Large Blend ETF"
"iShares U.S. Carbon Transition Readiness Aware Active ETF","LCTU","1175.59","91.27086007702182284980744544287548138639",".7459",".1837","-.3025","3.005","16.96","14.0516","Style Box - All Cap Blend","Style Box - All Cap Blend"
"SGI Enhanced Market Leaders ETF","LDRX","255.68","96.68608414239482200647249190938511326861",".9148","1.5777","-.2867","5.27","20.5475","16.6574","Style Box - Large Cap Blend","Derivative Based ETF"
"iShares J.P. Morgan EM Local Currency Bond ETF","LEMB","731.32","53.46534653465346534653465346534653465347",".0238","-2.4594","-.9658","-1.2218","2.5116","4.3259","Sovereign - Broad Market","Emerging Market Bond ETFs"
"SEI High Yield Bond & Alternative Credit ETF","LEND","988.75","5.06958250497017892644135188866799204771",".0825","-1.9988","-.6144","-1.66","52.1705","52.1705","Corporates - Junk/High Yield","High-Yield/Junk Bond ETFs"
"JPMorgan Fundamental Data Science Large Growth ETF","LGDS","1163.2","100","1.1045","4.4712",".6748","0","0","0","Style Box - Large Cap Growth","Style Box - Large Cap Growth"
"HCM Defender 500 Index ETF","LGH","592.66","92.07876281244380507103039021758676497033","1.0007","1.0805","-.4341","4.5113","16.278","9.4291","Moderate Allocation ","Total Portfolio ETFs"
"State Street SPDR US Large Cap Low Volatility Index ETF","LGLV","1116.67","17.39353514622883530015392508978963571062",".2235","-5.4512","-.8898","-5.4563","-1.544",".9641","Style Box - Large Cap Blend","Style Box - Large Cap Blend"
"First Trust Long Duration Opportunities ETF","LGOV","588.9","1.41342756183745583038869257950530035336","0","-4.9783","-1.604","-6.9236","-6.8382","-6.2685","Asset Backed - U.S. Agency","Government Bond ETFs"
"Global X Lithium & Battery Tech ETF","LIT","1424.75","40.74270557029177718832891246684350132626","1.5538","-6.7062",".3767","-9.4734","-6.1549","19.4295","Materials  - Rare Earth/Lithium","Materials ETFs"
"Tradr 2X Long LITE Daily ETF","LITX","246.49","64.90368919360104472739144629448253346392","7.7752","46.1378","30.9227","71.9902","5.0263","0","Derivative Based ETF","Single Stock ETF"
"First Trust Low Duration Opportunities ETF","LMBS","6435.08","1.51515151515151515151515151515151515152","-.0824","-1.498","-.3494","-1.4778","-.7517","1.1612","Asset Backed - MBS","Mortgage-Backed Security ETFs"
"PIMCO Senior Loan Active Exchange-Traded Fund","LONZ","636.48","6.6985645933014354066985645933014354067",".7785",".1833","-.1015","1.405","3.7203","5.1469","Corporates - Bank Loan","High-Yield/Junk Bond ETFs"
"Innovator Deepwater Frontier Tech ETF","LOUP","221.58","74.74791376912378303198887343532684283727",".7519","6.2624",".5074","-5.1426","29.9487","19.0489","Technology  - broad","Technology ETFs"
"iShares Interest Rate Hedged Corporate Bond ETF","LQDH","583.76","32.02614379084967320261437908496732026144","-.5396",".2332","-.5396",".6625","2.9013","4.7154","Corporates - Investment Grade","Investment Grade Corporate Bond ETFs"
"AB US Large Cap Strategic Equities ETF","LRGC","1347.84","91.23337363966142684401451027811366384522",".7921",".5415","-.0924","2.9837","16.6959","12.6409","Style Box - Large Cap Blend","Style Box - Large Cap Blend"
"ClearBridge Large Cap Growth Select ETF","LRGE","390.73","100","1.0974","4.2783",".9258","6.4382","21.2566","9.1181","Style Box - Large Cap Growth","Style Box - Large Cap Growth"
"iShares U.S. Equity Factor ETF","LRGF","3682.54","94.87516425755584756898817345597897503285",".7049",".7971","-.2666","4.5428","18.7458","14.4362","Style Box - All Cap Value","Style Box - All Cap Value"
"Nomura Focused Large Growth ETF","LRGG","286.18","88.58658453114305270362765229295003422313",".5602",".2743","-.3093","6.1508","16.0505","-.4086","Style Box - Large Cap Growth","Style Box - Large Cap Growth"
"NYLIM U.S. Large Cap R&D Leaders ETF","LRND","468.21","100","1.1554","4.7191",".6657","9.6071","28.8275","20.7025","Style Box - Large Cap Blend","Style Box - Large Cap Blend"
"Natixis Loomis Sayles Focused Growth ETF","LSGR","933.33","89.14081145584725536992840095465393794749","1.0256","-.1938","-.308","5.8398","14.2749","1.5965","Style Box - All Cap Growth","Style Box - All Cap Growth"
"Leuthold Select Industries ETF","LST","200.54","89.67057509771077610273590173087660524846",".7005","-1.1667",".0422","2.7307","15.9619","20.372","Style Box - All Cap Blend","Style Box - All Cap Blend"
"LSV Disciplined Value ETF","LSVD","670.07","94.86663844199830651989839119390347163421",".6419","-.1071","-.2468","5.9324","22.682","28.6511","Style Box - Large Cap Value","Style Box - Large Cap Value"
"Franklin U.S. Low Volatility High Dividend Index ETF","LVHD","587.14","31.02745098039215686274509803921568627451",".2298","-6.1165","-1.2415","-7.3006","-1.3371","4.5309","Style Box - Large Cap Value","Style Box - Large Cap Value"
"Franklin International Low Volatility High Dividend Index ETF","LVHI","5845.53","81.27208480565371024734982332155477031802",".4585","-2.4817","-1.7233","2.2933","4.402","24.8475","Foreign Large Value ETF","Foreign Large Value ETF"
"Roundhill Photonics & Optics ETF","LYTE","241.64","55.1912568306010928961748633879781420765","3.0891","10.7188","2.3192","0","0","0","Technology  - Semiconductors","Technology ETFs"
"Roundhill Magnificent Seven ETF","MAGS","5481.59","97.83845278725824800910125142207053469852","1.6097","5.5701","-.0688","11.5054","24.5753","11.6941","Derivative Based ETF","Technology ETFs"
"AllianzIM U.S. Equity Buffer10 May ETF","MAYT","238.59","97.45664739884393063583815028901734104046",".3481",".5773","-.1396","2.8227","7.7701","10.7671","Derivative Based ETF","Defined Outcome"
"AllianzIM U.S. Equity Buffer20 May ETF","MAYW","454.76","98.93048128342245989304812834224598930481",".259",".6783",".0702","2.4152","5.1234","7.9754","Derivative Based ETF","Defined Outcome"
"Monarch Blue Chips Elite Index ETF","MBCE","206.32","78.22056178220561782205617822056178220562","1.8524","8.2862","2.2374","2.1047","0","0","Style Box - Large Cap Blend","Style Box - Large Cap Blend"
"Regan Floating Rate MBS ETF","MBSF","241.55","15.74279379157427937915742793791574279379",".276","-.6194","-.1526",".1154","1.3123","3.6027","Asset Backed - MBS","Mortgage-Backed Security ETFs"
"iShares MSCI China ETF","MCHI","5961.38","4.7029702970297029702970297029702970297","-1.6695","-6.0506","-2.6226",".6482","-7.5908","-21.8745","Geographic - China","Asia-Pacific (Emerging) ETFs"
"Myriad Dynamic Asset Allocation ETF","MDAA","451.67","83.5817170564746149458071876782658300057","1.3324","1.1448",".457","2.7436","18.3032","0","Moderate Allocation ","Total Portfolio ETFs"
"Multi-Asset Diversified Income ETF","MDIV","405.05","21.47601476014760147601476014760147601476",".9536","-4.5639","-.8739","-2.7128","1.6151","6.2707","Multi-Asset - Total Portfolio","Total Portfolio ETFs"
"Westwood Salient Enhanced Midstream Income ETF","MDST","288.13","55.98086124401913875598086124401913875598",".8482","-5.2959",".1957","-.8833","2.341","14.7996","Energy - MLP","MLP ETFs"
"State Street SPDR S&P MIDCAP 400 ETF Trust","MDY","25485.33","68.13461019692473698408416509306717021851",".9467","-1.9953",".5692","-3.2343","8.1243","13.0131","Style Box - Mid Cap Blend","Style Box - Mid Cap Blend"
"State Street SPDR S&P 400 Mid Cap Growth ETF","MDYG","2823.79","73.28417470221213840045377197958026091889",".8132","-.2254","1.0329","-2.7499","10.1493","16.8707","Style Box - Mid Cap Growth","Style Box - Mid Cap Growth"
"State Street SPDR S&P 400 Mid Cap Value ETF","MDYV","2690.94","59.60563380281690140845070422535211267606",".9172","-3.9732","-.0775","-3.9019","6.2591","9.4358","Style Box - Mid Cap Value","Style Box - Mid Cap Value"
"Direxion Daily META Bull 2X ETF","METU","554.95","49.37094929470072436141822340831109416698",".5219","46.326","-6.6909","44.2152","37.9488","-24.1444","Derivative Based ETF","Single Stock ETF"
"Roundhill Ball Metaverse ETF","METV","274.31","90.95092024539877300613496932515337423313","1.0506","5.5362","-1.0521","12.9738","32.0025",".444","Technology  - broad","Technology ETFs"
"PIMCO RAFI Dynamic Multi-Factor International Equity ETF","MFDX","448.8","74.3726800296956198960653303637713437268","1.8922","-2.1651","-1.2049",".1928","4.8385","14.6103","Foreign Large Blend ETF","Foreign Large Blend ETF"
"MFS Active Core Plus Bond ETF","MFSB","576.44","1.13636363636363636363636363636363636364","-.042","-2.4044","-.6609","-3.3019","-2.3899","-1.4386","Total Bond Market - Broad","Total Bond Market ETFs"
"MFS Active Growth ETF","MFSG","397.93","100","1.0127","3.4114",".8151","4.4242","19.5207","9.5214","Style Box - Large Cap Growth","Style Box - Large Cap Growth"
"MFS Active International ETF","MFSI","1209.27","76.57587548638132295719844357976653696498",".8513","-2.4291","-1.5774",".6411","9.0097","10.6382","Foreign Large Blend ETF","Foreign Large Blend ETF"
"MFS Active Value ETF","MFSV","587.71","61.4893617021276595744680851063829787234",".4979","-3.9364","-.6678","-2.247","6.2476","10.0894","Style Box - Large Cap Value","Style Box - Large Cap Value"
"PIMCO RAFI Dynamic Multi-Factor U.S. Equity ETF","MFUS","299.7","81.64660425026006836082627433496804874424",".7708","-1.2389","-.428","-.525","11.8863","17.7456","Style Box - All Cap Blend","Style Box - All Cap Blend"
"Vanguard Morningstar Mega Cap ETF","MGC","10375.51","96.31304347826086956521739130434782608696",".7253","1.6306","-.2977","4.6153","19.9568","17.1401","Style Box - Large Cap Blend","Style Box - Large Cap Blend"
"Vanguard Morningstar Mega Cap Growth ETF","MGK","34576.84","100",".9918","5.014",".4139","7.7537","26.1833","15.9624","Style Box - Large Cap Growth","Style Box - Large Cap Growth"
"American Beacon GLG Natural Resources ETF","MGNR","1239.81","60.73541352511309592854657232339635773112",".8749","-9.4925","-4.0263","2.7701","-3.6516","22.7484","Materials  - Broad","Materials ETFs"
"Vanguard Morningstar Mega Cap Value ETF","MGV","13280.07","78.76712328767123287671232876712328767123",".2355","-2.9431","-1.3397","-.9727","12.165","19.6038","Style Box - Large Cap Value","Style Box - Large Cap Value"
"MIG Core ETF","MIGO","778.78","95.37591483699268130405854956753160345975",".7654","4.2078",".4957","2.7016","31.5341","0","Style Box - Large Cap Blend","Style Box - Large Cap Blend"
"PIMCO Enhanced Short Maturity Active ETF","MINT","17892.4","10.90909090909090909090909090909090909091",".387",".1672","-.002",".7788","1.9249","4.0781","Ultra short Bond ETF","Ultra short Bond ETF"
"First Trust Indxx Aerospace & Defense ETF","MISL","693.55","23.20862939816796507148360585566304254773",".6223","-2.1643","-1.4071","-10.2668","-8.2697","-.1694","Industrials  - Aerospace & Defense","Industrials ETFs"
"Global X MLP ETF","MLPA","2266.41","66.57848324514991181657848324514991181658",".5031","-6.175","-1.1182","2.9021","4.0134","20.224","Energy - MLP","MLP ETFs"
"UBS ETRACS Alerian MLP Infrastructure Index ETN Series B","MLPB","223.19","72.99477930707166587565258661604176554343",".6572","-6.6062","-.9383","2.1141","2.3226","18.9721","Energy - MLP","MLP ETFs"
"NEOS MLP & Energy Infrastructure High Income ETF","MLPI","914.41","20.68965517241379310344827586206896551724","1.0067","-5.6338",".137","-3.5037","-1.8521","412.5567","Energy - MLP","MLP ETFs"
"Global X MLP & Energy Infrastructure ETF","MLPX","3432.58","66.88574317492416582406471183013144590495",".9087","-6.8057",".1974","-1.5529","-.8551","19.2458","Energy - MLP","MLP ETFs"
"NYLIM Merger Arbitrage ETF","MNA","265.18","97.05449189985272459499263622974963181149",".1629",".4903","-.1083","1.2627","1.4856","2.729","Hedge Fund - M&A","Hedge Fund ETFs"
"VanEck Morningstar Wide Moat ETF","MOAT","11274.14","57.21822541966426858513189448441247002398",".2454","-5.6577","-1.3192","-.0659","10.0041","6.9925","Style Box - Large Cap Blend","Style Box - Large Cap Blend"
"VictoryShares WestEnd U.S. Sector ETF","MODL","1057.92","93.01135782257239332855827279238718919472",".7082","-.1885","-.6927","2.7019","17.1424","14.1145","Style Box - Large Cap Blend","Style Box - Large Cap Blend"
"VanEck Agribusiness ETF","MOO","1129.66","61.54633896569380440348182283666154633897",".8056","-8.4524","-2.3178",".5315","-4.3396","13.0354","Materials  - Agribusiness","Materials ETFs"
"Monarch ProCap Index ETF","MPRO","243.27","44.4270629644114196323816973015252248729",".1784","-2.4989","-1.079","-3.7078","1.1513","4.5579","Target Outcome","Total Portfolio ETFs"
"Tradr 2X Long Innovation 100 Monthly ETF","MQQQ","249.21","94.79974069167676653795202796020180952113","1.9068","11.1234","1.0948","7.6365","53.4233","35.1576","Derivative Based ETF","Leveraged Equity ETFs"
"YieldMax MRNA Option Income Strategy ETF","MRNY","210.04","89.78873239436619718309859154929577464789","2.6951","21.012","-2.116","115.913","168.5854","191.6288","Derivative Based ETF","Single Stock ETF"
"Toews Agility Shares Managed Risk ETF","MRSK","322.69","95.69288389513108614232209737827715355805",".8031","1.054","-.0502","2.8963","12.0529","11.1409","Target Outcome","Total Portfolio ETFs"
"Morgan Stanley Bitcoin Trust ETF","MSBT","563.97","92.19143576826196473551637279596977329975","-.3504","9.0212",".3738","37.2516","0","0","Digital Economy ETF","Digital Economy ETF"
"Direxion Daily MSFT Bull 2X ETF","MSFU","521.26","54.85278080697928026172300981461286804798","1.6777","7.1611",".452","67.2335","72.9245","-16.4678","Derivative Based ETF","Single Stock ETF"
"Morgan Stanley Pathway Large Cap Equity ETF","MSLC","4035.99","89.97314234556848701880035810205908683975",".5323",".0414","-.4447","2.632","15.7744","12.8767","Style Box - Large Cap Blend","Style Box - Large Cap Blend"
"AdvisorShares Pure US Cannabis ETF","MSOS","889.2","40","-2.8261","-10.0604","-13.3721","-8.589","16.1039","-14.6947","Derivative Based ETF","Marijuana ETFs"
"Morgan Stanley Pathway Small Mid Cap Equity ETF","MSSM","688.66","67.83870726415800104735542754544774444528",".8765","-3.0844",".3132","-5.1522","10.0869","15.6598","Style Box - All Cap Blend","Style Box - All Cap Blend"
"T-Rex 2X Long MSTR Daily Target ETF","MSTU","873.61","5.09761776822496865484506537703743507075","-.7131","54.6953",".747","100.7442","10.6667","-92.1812","Derivative Based ETF","Single Stock ETF"
"Defiance Daily Target 2x Long MSTR ETF","MSTX","381.11","5.08685830022590948040819506115135935187","-.9","54.3614",".7626","101.6277","10.6644","-92.1969","Derivative Based ETF","Single Stock ETF"
"YieldMax MSTR Option Income Strategy ETF","MSTY","1137.02","7.5979235488437942425672487022180273714","-.5471","17.2403","-.7884","24.3196","-15.9483","-63.5405","Derivative Based ETF","Single Stock ETF"
"iShares MSCI USA Momentum Factor ETF","MTUM","20680.71","80.48055919615552643075578855395369156837",".6233","8.9023","1.3752","2.1968","31.7232","26.9432","Strategy - Momentum","Style Box - Large Cap Growth"
"GraniteShares 2x Long MU Daily ETF","MULL","825.84","58.68273341541205781702907331827479569184","-4.3253","21.7882","-2.0068",".349","421.5639","1397.0152","Derivative Based ETF","Single Stock ETF"
"Direxion Daily MU Bull 2X ETF","MUU","4610.41","58.63240064882400648824006488240064882401","-4.3814","22.4246","-1.9815",".1122","432.7229","1416.1915","Derivative Based ETF","Single Stock ETF"
"GraniteShares 2x Long MRVL Daily ETF","MVLL","429.49","47.51318599886665794865088705810557517109","3.2934","67.2543","7.0824",".0527","278.7425","358.3333","Derivative Based ETF","Single Stock ETF"
"iShares Global Materials ETF","MXI","424.48","64.97952497952497952497952497952497952498","1.5831","-6.2878","-1.4021",".0186","1.4559","18.4553","Materials  - Broad","Materials ETFs"
"Tidal Trust Subversive Congressional Democrats Trading ETF","NANC","297.25","100",".6463","3.2707",".4077","5.6464","24.0454","17.51","Geographic - Global Total Market","Broad Developed World ETFs"
"State Street SPDR S&P North American Natural Resources ETF","NANR","800.63","78.02902463719203509956125548430644616942",".6099","-6.7217","-1.5078","11.4778","1.6317","33.7675","Materials  - Broad","Materials ETFs"
"Innovator Growth-100 Power Buffer ETF - April","NAPR","210.14","100",".2134","1.4274",".146","3.6562","10.9677","15.7573","Derivative Based ETF","Defined Outcome"
"Tema Space Innovators ETF","NASA","1136.21","20.88992974238875878220140515222482435597","4.734","9.4092","1.8745","-14.3249","0","0","Industrials  - Aerospace & Defense","Industrials ETFs"
"Neuberger Commodity Strategy ETF","NBCM","534.89","89.83761131482451545311681508643268727082","-.3213","-.4812","-1.0526","16.8802","9.8442","32.1687","Basket - Broad","Broad Commodity ETFs"
"Neuberger Core Equity ETF","NBCR","833.22","90.23017055803941049842689186951482033449",".6739",".1691","-.4923","2.3228","14.6518","10.4468","Style Box - Large Cap Blend","Style Box - Large Cap Blend"
"Neuberger International Core Equity ETF","NBIE","233.59","71.2264150943396226415094339622641509434",".9878","-2.673","-1.5956",".7582","7.5025","0","Geographic - Global ex-US","Broad Developed World ETFs"
"Neuberger Option Strategy ETF","NBOS","573.12","96.49396182313985196727697701597195169459",".5618","1.3237","1.075","4.2049","10.7485","15.4095","Derivative Based ETF","Hedge Fund ETFs"
"Neuberger Short Duration Income ETF","NBSD","1472.71","2.58064516129032258064516129032258064516","-.0401","-.6434",".3518","-.1062",".6674","2.049","Short-Term Bond ETF","Short-Term Bond ETF"
"Virtus Newfleet Multi-Sector Bond ETF","NFLT","494.7","4.06504065040650406504065040650406504065",".1585","-2.2337","-.6736","-2.3841","-.3395","1.1029","Total Bond Market - Broad","Total Bond Market ETFs"
"Northern Trust STOXX Global Broad Infrastructure ETF","NFRA","2945.64","39.32291666666666666666666666666666666667",".7877","-3.3039","-1.2598","-2.1935","-.8347","5.8018","Geographic - Global Total Market","Utilities/Infrastructure ETFs"
"Nuveen Global Infrastructure Fund: ETF Class Shares","NGIF","530.55","9.34579439252336448598130841121495327103","1.1033","-4.7265","-.5011","-8.8175","0","0","Utilities  - Infrastructure","Utilities/Infrastructure ETFs"
"Nuveen High Yield Corporate Bond ETF","NHYB","1742.42",".4276550249465431218816821097647897362794",".5911","-2.4955","-.7154","-1.9352",".2452","1.3582","Corporates - Junk/High Yield","High-Yield/Junk Bond ETFs"
"NEOS MSCI EAFE High Income ETF","NIHI","206.93","61.28",".9114","-2.4196","-1.415",".8139","8.6644","12.4194","Geographic - EAFE","Derivative Based ETF"
"Innovator Growth-100 Power Buffer ETF - January","NJAN","347.62","100",".2635","1.806",".2635","4.0453","12.9499","14.2428","Derivative Based ETF","Defined Outcome"
"Innovator Growth-100 Power Buffer ETF - July","NJUL","283.64","100",".3947","3.1694",".3871","3.8766","10","10.924","Derivative Based ETF","Defined Outcome"
"VanEck Uranium and Nuclear ETF","NLR","3526.03",".0648613588454678125506729365980217285552","-.0097","-12.2105","-2.8739","-10.6065","-23.1391","-25.3604","Strategy - Socially Responsible","Alternative Energy ETFs"
"ProShares S&P 500 Dividend Aristocrats ETF","NOBL","10965.31","44.98269896193771626297577854671280276817",".1291","-5.6971","-1.2188","-5.4193","3.6274","7.4433","Strategy - Dividend Growth","Style Box - Large Cap Value"
"Innovator Growth-100 Power Buffer ETF - October","NOCT","229.35","100",".5193","1.8517",".6972","4.3393","13.9118","13.8918","Derivative Based ETF","Defined Outcome"
"Northern Trust US Equity ETF","NOEQ","894.59","95.28017241379310344827586206896551724138",".5994",".7934","-.5324","3.3219","17.1208","0","Style Box - All Cap Blend","Style Box - All Cap Blend"
"GraniteShares 2x Long NOW Daily ETF","NOWL","204.8","17.72940936031064786429593296546086245657","-5.2349","-6.8602","-2.6207","42.0523","24.735","-67.2146","Derivative Based ETF","Single Stock ETF"
"NPF Core Equity ETF","NPFE","651.83","88.63849765258215962441314553990610328638",".9641",".3628",".7049","2.7966","15.8341","0","Style Box - All Cap Blend","Style Box - All Cap Blend"
"WisdomTree International Efficient Core Fund","NTSI","473.42","56.35451505016722408026755852842809364548",".8589","-4.1294","-1.7501","-2.2624","4.9514","9.3928","Moderate Allocation","Total Portfolio ETFs"
"WisdomTree U.S. Efficient Core Fund","NTSX","1370.65","80.48638132295719844357976653696498054475",".3135","-1.2561","-.4905",".4406","12.5884","10.1059","Target Outcome","Total Portfolio ETFs"
"Nuveen Dividend Growth Fund: ETF Class Shares","NUDG","6378.87","39.29309157677300895111315125086068395685",".7891","-1.3287","-.553",".4951","0","0","Style Box - Large Cap Blend","Style Box - Large Cap Blend"
"Nuveen ESG International Developed Markets Equity ETF","NUDM","726.12","70.11494252873563218390804597701149425287","1.0446","-2.9843","-1.7344","-1.1712","8.8663","11.4712","Strategy - Socially Responsible","Broad Developed World ETFs"
"Nuveen ESG Emerging Markets Equity ETF","NUEM","476.71","88.56188012074169900819318671841310909875","1.2005","1.0676","-.0858","5.2278","17.9491","22.598","Strategy - Socially Responsible","Broad Emerging Market ETFs"
"Nuveen Growth Opportunities ETF","NUGO","2502.63","100","1.0291","4.8139",".5752","5.5304","23.3393","12.9029","Style Box - Large Cap Growth","Style Box - Large Cap Growth"
"Direxion Daily Gold Miners Index Bull 2X ETF","NUGT","987.09","21.32293881407984880699267658870777226553","2.0478","-20.6428","-11.3008","16.9796","-25.9637","-5.7921","Derivative Based ETF","Leveraged Equity ETFs"
"Range Nuclear Renaissance Index ETF","NUKZ","686.14","3.8125",".7285","-5.0117","-.9604","-8.5388","-9.194","-8.963","Energy - Nuclear Power","Energy ETFs"
"Nuveen ESG Large-Cap Growth ETF","NULG","3049.41","88.4921279013147216360980360331115078721",".5253","2.008",".7282",".543","24.4553","15.1397","Strategy - Socially Responsible","Style Box - Large Cap Growth"
"Nuveen ESG Large-Cap Value ETF","NULV","2499.8","91.3351016799292661361626878868258178603",".6812","-.7091","-.3185","4.8886","15.6991","22.8588","Strategy - Socially Responsible","Style Box - Large Cap Value"
"Nuveen ESG Mid-Cap Growth ETF","NUMG","347.15","68.54755518877656282236434908190633381473",".9461",".1014",".6309","-1.0552","11.5343","-5.7545","Strategy - Socially Responsible","Style Box - Mid Cap Growth"
"Nuveen ESG Mid-Cap Value ETF","NUMV","430.06","64.21800947867298578199052132701421800948",".6106","-3.9763","-.5109","-2.8351","9.4812","10.5434","Strategy - Socially Responsible","Style Box - Mid Cap Value"
"Nuveen ESG Small-Cap ETF","NUSC","1234.13","64.42048517520215633423180592991913746631","1.0865","-3.4084",".0609","-4.0288","8.326","11.8845","Strategy - Socially Responsible","Style Box - Small Cap Growth"
"GraniteShares 2x Long NVDA Daily ETF","NVDL","3839.05","78.75352775164628410159924741298212605833","2.6119","7.4519","7.7828","36.4281","53.9815","20.3877","Derivative Based ETF","Single Stock ETF"
"Direxion Daily NVDA Bull 2X ETF","NVDU","544","77.25721012360211889346674514420247204238","2.3953","7.4565","7.6918","36.4438","54.3805","18.9733","Derivative Based ETF","Single Stock ETF"
"T-REX 2X Long NVIDIA Daily Target ETF","NVDX","494.7","75.6846473029045643153526970954356846473","2.3641","7.1252","7.6579","35.0593","50.3994","10.572","Derivative Based ETF","Single Stock ETF"
"YieldMax NVDA Option Income Strategy ETF","NVDY","1420.83","22.20248667850799289520426287744227353464","1.3925","3.5276","2.6005","17.2913","22.2527","15.2357","Derivative Based ETF","Single Stock ETF"
"First Trust Indxx NextG ETF","NXTG","564.18","84.88469979856288145275247286611947927002","1.9104","3.8976",".6106","6.8023","39.2051","52.4151","Technology  - Telecom","Technology ETFs"
"Nuveen International Aggregate Bond ETF","NXUS","3980.82",".6446414182111200644641418211120064464142",".3198","-.6491",".0058","-2.1352","-.5681","-.8738","Total Bond Market - Broad","Total Bond Market ETFs"
"OneAscent Core Plus Bond ETF","OACP","266.6","1.23094958968347010550996483001172332943","-.0923","-2.4448","-.7883","-3.5424","-2.8447","-2.1841","Total Bond Market - Broad","Total Bond Market ETFs"
"OneAscent International Equity ETF","OAIM","386.76","89.12175648702594810379241516966067864271","1.1906","-.4787","-1.1954","2.9213","10.7013","18.9497","Foreign Large Blend ETF","Foreign Large Blend ETF"
"Oakmark U.S. Large Cap ETF","OAKM","1103.83","57.77080062794348508634222919937205651491","-.3725","-7.2948","-2.0313",".9955","7.0207","10.5184","Style Box - Large Cap Value","Style Box - Large Cap Value"
"OneAscent Large Cap Core ETF","OALC","266.13","89.27868852459016393442622950819672131148",".6786",".3139",".1205","3.0002","19.7601","18.9576","Style Box - Large Cap Blend","Style Box - Large Cap Blend"
"F/m US Treasury 12 Month Bill ETF","OBIL","325.37","18.58407079646017699115044247787610619469","0",".1648",".1648",".6975","1.4153","3.0346","US Treasury - Ultra Short","Government Bond ETFs"
"AllianzIM U.S. Equity Buffer20 Oct ETF","OCTW","317.4","100",".1974",".9418",".3287","2.9147","8.9576","9.6553","Derivative Based ETF","Defined Outcome"
"iShares S&P 100 ETF","OEF","20432","97.07335613835043709616115545419992398328",".8597","1.4584","-.3444","5.3302","20.5718","16.0981","Style Box - Large Cap Blend","Style Box - Large Cap Blend"
"VanEck Oil Services ETF","OIH","1829.58","66.32146403745212086820825649028230954745",".4146","-12.3414","-2.7891","6.4238","-4.0972","48.9504","Energy - Equipment and services","Energy ETFs"
"ProShares K-1 Free Crude Oil ETF","OILK","226.07","79.85377741673436230706742485783915515841","4.3056","7.3514","2.3872","30.6298","19.5768","67.0536","Energy -  Crude Oil","Energy ETFs"
"VistaShares Target 15 Berkshire Select Income ETF","OMAH","1114.27","2.17391304347826086956521739130434782609",".0571","-2.9809","-1.3091","-3.4618","4.9876","5.8941","Derivative Based ETF","Derivative Based ETF"
"Invesco Russell 1000 Dynamic Multifactor ETF","OMFL","4755.39","92.11456859971711456859971711456859971711",".6514",".1009","-.142","2.3554","16.1197","17.7789","Style Box - Large Cap Growth","Style Box - Large Cap Growth"
"Invesco Russell 2000 Dynamic Multifactor ETF","OMFS","264.12","69.23658352229780801209372637944066515495",".928","-4.298","-.4189","-5.4996","9.8245","14.9899","Style Box - Small Cap Blend","Style Box - Small Cap Blend"
"Fidelity Nasdaq Composite Index ETF","ONEQ","10950.06","99.17647058823529411764705882352941176471","1.1426","3.7766",".4596","5.4712","24.698","20.0771","Style Box - Large Cap Growth","Style Box - Large Cap Growth"
"State Street SPDR Russell 1000 Low Volatility Focus ETF","ONEV","267.91","46.51764190225728687267148805610344071883",".0939","-5.9401","-.7109","-3.8888","4.3438","6.7313","Style Box - Large Cap Blend","Style Box - Large Cap Blend"
"State Street SPDR Russell 1000 Yield Focus ETF","ONEY","616.82","54.80101302460202604920405209840810419682","-.1748","-7.2382","-.7753","-4.4773","4.5481","12.5462","Style Box - Large Cap Value","Style Box - Large Cap Value"
"TrueShares Seasonality Laddered Buffered ETF","ONEZ","348.88","92.00824954885279711265790152101056973447",".5714",".4996","-.0781","2.2142","11.7904","5.7057","Derivative Based ETF","Defined Outcome"
"WisdomTree European Opportunities Fund","OPPE","284.22","75.49577373211963589076723016905071521456","1.1329","-3.0632","-2.0288","1.823","8.2947","19.8338","Geographic - Broad Europe","European Equity ETFs"
"WisdomTree Japan Opportunities Fund","OPPJ","336.61","93.2793964361939742889760262073757879585","1.4817","2.2173","0","4.7178","8.7121","46.7171","Geographic - Japan","Asia-Pacific (Developed) ETFs"
"Optimize Strategy Index ETF","OPTZ","398.39","78.13163481953290870488322717622080679406",".7883","1.8718","1.2105","-1.1141","24.7547","30.2212","Style Box - All Cap Blend","Style Box - All Cap Blend"
"Defiance Daily Target 2X Long ORCL ETF","ORCX","237.95","4.42481217200891003133612715671839015366","6.2399","-7.3205","7.4538","-6.6194","-25.161","-84.3233","Derivative Based ETF","Single Stock ETF"
"Militia Long/Short Equity ETF ","ORR","339.35","81.36998750425991139384300806543223900943","1.6913","-1.9034","-1.2976","3.0468","3.7524","22.6049","Derivative Based ETF","Long-Short ETFs"
"Opus Small Cap Value Plus ETF","OSCV","619.83","51.64051355206847360912981455064194008559",".9372","-3.8719","-.0383","-5.2839","1.462","6.0225","Style Box - Small Cap Value","Style Box - Small Cap Value"
"Harbor International Compounders ETF","OSEA","382.8","38.62857142857142857142857142857142857143",".6252","-2.9102","-.7724","-3.3586",".1778","-1.6641","Foreign Large Growth ETF","Foreign Large Growth ETF"
"VanEck Merk Gold Trust","OUNZ","2694.81","13.87696709585121602288984263233190271817","-.6482","-5.5687","-3.3471",".6059","-11.3657","7.3545","Precious Metals - Gold","Precious Metals ETFs"
"ALPS OShares U.S. Quality Dividend ETF","OUSA","708.94","62.05995770618236099017290707799477546959",".3196","-3.2951","-1.1273","-.0831","7.6028","7.0307","Style Box - Large Cap Value","Style Box - Large Cap Value"
"ALPS O'Shares U.S. Small-Cap Quality Dividend ETF","OUSM","780.85","53.64077669902912621359223300970873786408",".4533","-4.393","-.4492","-2.0996","6.4629","6.357","Style Box - Small Cap Blend","Style Box - Small Cap Blend"
"Overlay Shares Large Cap Equity ETF","OVL","469.89","83.45105953582240161453077699293642785066",".9395","1.1331","-.5825","3.4816","18.0577","17.9935","Style Box - Large Cap Blend","Style Box - Large Cap Blend"
"PGIM AAA CLO ETF","PAAA","13782.78","38.88888888888888888888888888888888888889",".078",".3263","-.0243","1.1382","2.4803","4.6996","Asset Backed - MBS","Mortgage-Backed Security ETFs"
"iShares Paris-Aligned Climate Optimized MSCI World ex USA ETF","PABD","321.12","64.3361188486536675951717734447539461467","1.0472","-3.0416","-1.4216","-1.8469","7.6921","10.0881","Foreign Large Blend ETF","Foreign Large Blend ETF"
"iShares Paris-Aligned Climate Optimized MSCI USA ETF","PABU","2463.32","91.40224554552111300951916036123993165731",".8821","2.206","-.1262","4.5248","18.6828","10.5356","Strategy - Socially Responsible","Style Box - All Cap Blend"
"abrdn Physical Palladium Shares ETF","PALL","619.14",".8093637156020420869132113061885194869879","-1.0247","-13.5476","-7.5283","-7.2457","-22.6203","-6.8636","Precious Metals - Palladium","Precious Metals ETFs"
"Parametric Equity Premium Income ETF","PAPI","484.58","40.18691588785046728971962616822429906542",".1888","-4.414","-.1991","-.378",".2567","10.1305","Derivative Based ETF","Style Box - Large Cap Value"
"Innovator U.S. Equity Power Buffer ETF - April","PAPR","957.93","100",".3013",".6161",".1388","2.3652","8.0919","12.7377","Derivative Based ETF","Defined Outcome"
"Pacer Nasdaq International Patent Leaders ETF","PATN","346.21","87.11053860397713549633684888495290234281","2.1903","3.7566","1.1461","2.3038","28.4698","40.8175","Foreign Large Blend ETF","Foreign Large Blend ETF"
"Innovator U.S. Equity Power Buffer ETF - August","PAUG","1044.39","99.18533604887983706720977596741344195519",".3017",".4738","-.0853","2.6253","9.2541","10.2824","Derivative Based ETF","Defined Outcome"
"Global X U.S. Infrastructure Development ETF","PAVE","13510.35","57.80386740331491712707182320441988950276","1.5837","-.7369",".7668","-5.7218","5.2294","13.479","Utilities  - Infrastructure","Utilities/Infrastructure ETFs"
"Putnam BDC Income ETF","PBDC","293.95","11.47132169576059850374064837905236907731","-.7769","-5.0619","-1.0697",".6051","2.648","-6.3225","Financials - BDCs/PE","Financials ETFs"
"Invesco Biotechnology & Genome ETF","PBE","414.64","87.09643310305935429296489496686874383195","-.0315","-3.6384","-2.2517","3.309","21.6039","33.8723","Healthcare - Biotech","Health Care ETFs"
"Portfolio Building Block European Banks Index ETF","PBEU","433.73","69.11106788562536471503598521688387473254",".4767","-7.1184","-6.3932","-.3613","18.7","0","Financials - Banking","Financials ETFs"
"PGIM Laddered S&P 500 Buffer 20 ETF","PBFR","225.84","100",".3197",".8031",".1852","2.4486","7.6501","9.6868","Derivative Based ETF","Defined Outcome"
"Portfolio Building Block Integrated Oil & Gas and Exp and Prod Index ETF","PBOG","463.9","83.51353484334306684555283718727803646121",".3675","-2.6486",".561","18.9876",".793","0","Energy - Exploration","Energy ETFs"
"Invesco S&P 500 BuyWrite ETF","PBP","388.28","95.87628865979381443298969072164948453608",".3859","1.4122",".3859","4.8799","11.4602","17.1545","Derivative Based ETF","Style Box - Large Cap Blend"
"Portfolio Building Block World Pharma and Biotech Index ETF","PBPH","1030.61","64.76139601139601139601139601139601139601","-.3617","-4.8334","-3.3658","-.3189","8.6418","0","Healthcare - Broad","Health Care ETFs"
"Invesco 0-5 Yr US TIPS ETF","PBTP","242.44","7.84313725490196078431372549019607843137","-.0784","-.7926",".1178","-.5528",".0752","1.4314","US Treasury - TIPS","Inflation-Protected Bond ETFs"
"Invesco MSCI USA ETF","PBUS","11382.13","94.22161794697484704282800815771583956492",".8097",".9095","-.1681","3.5426","18.0351","15.7528","Style Box - All Cap Blend","Style Box - All Cap Blend"
"Invesco WilderHill Clean Energy ETF","PBW","335.12","6.5775401069518716577540106951871657754","1.8282","-5.2009","-1.6656","-18.5474","-5.4318","-1.5375","Strategy - Socially Responsible","Alternative Energy ETFs"
"Invesco CEF Income Composite ETF","PCEF","771.07","49.32735426008968609865470852017937219731",".6725","-3.2474","-.3074","-2.4252","6.5162","4.3062","Strategy - CEFs/OET","Convertibles/CEFs/OET/Preferred Stock ETFs"
"PGIM Corporate Bond 5-10 Year ETF","PCI","563.61",".0477440916686560038195273334924803055622","-.2618","-2.7358","-.7677","-4.1556","-3.4021","-2.5205","Corporates - Investment Grade","Investment Grade Corporate Bond ETFs"
"BondBloxx Private Credit CLO ETF","PCMM","239.37","56.14973262032085561497326203208556149733",".3361",".6307",".1955","1.2657","4.5191","5.1295","Asset Backed - MBS","Mortgage-Backed Security ETFs"
"PGIM Corporate Bond 0-5 Year ETF","PCS","654.54","2.18676122931442080378250591016548463357","-.0999","-.7631","-.0854","-.8839",".0774","1.4348","Corporates - Investment Grade","Investment Grade Corporate Bond ETFs"
"Invesco Agriculture Commodity Strategy No K-1 ETF","PDBA","486.01","68.76030031129829701519868156015381798205",".373","-3.608","-1.0767","5.5478","3.9746","6.1426","Agriculture - Broad","Agricultural ETFs"
"Invesco Optimum Yield Diversified Commodity Stratgy No K-1 ETF","PDBC","7810.31","90.48991354466858789625360230547550432277","-.6135","1.9937","-.3077","22.4953","10.9589","46.1654","Basket - Broad","Broad Commodity ETFs"
"Innovator U.S. Equity Power Buffer ETF - December","PDEC","989.1","99.84221598877980364656381486676016830295",".4034",".8208","-.019","3.0418","10.7235","12.448","Derivative Based ETF","Defined Outcome"
"Invesco RAFI Developed Markets ex-U.S. Small-Mid ETF","PDN","346.13","76.68980635732553891121666057727438801608",".8871","-1.9235","-.9806","2.0922","6.5273","15.1243","Foreign Small/Mid Value ETF","Foreign Small/Mid Value ETF"
"Invesco Dorsey Wright Momentum ETF","PDP","1487.19","71.17435335673246741633319174621627059534",".9324","6.0684",".8323","-.7738","13.9518","17.3686","Strategy - Alpha-Seeking","Style Box - All Cap Growth"
"Invesco Leisure and Entertainment ETF","PEJ","353.59","50.94055680963130173062452972159518434913","1.1227","-4.0839",".3532","-6.9373","6.9565","4.1371","Consumer Discretionary - Leisure and Entertainment","Consumer Discretionary ETFs"
"Invesco High Yield Equity Dividend Achievers ETF","PEY","1073.26","58.09641532756489493201483312731767614339",".197","-7.225","-1.4212","-2.3865","8.6888","13.2268","Style Box - All Cap Value","Style Box - All Cap Value"
"Innovator U.S. Equity Power Buffer ETF - February","PFEB","895.03","99.29364278506559031281533804238143289606",".2949",".6372","-.0226","2.7536","9.8279","11.3293","Derivative Based ETF","Defined Outcome"
"iShares Preferred and Income Securities ETF","PFF","12290.71","4.03225806451612903225806451612903225806",".8806","-1.5913","-.3373","-1.5454","-.0019","-1.6958","Corporates - Convertible","Convertibles/CEFs/OET/Preferred Stock ETFs"
"Virtus InfraCap U.S. Preferred Stock ETF","PFFA","2376","3.00429184549356223175965665236051502146","-.1515","-4.6726","-1.15","-2.417",".8483","-.1715","Corporates - Convertible","Convertibles/CEFs/OET/Preferred Stock ETFs"
"Global X U.S. Preferred ETF","PFFD","2111.74","2.46305418719211822660098522167487684729",".8537","-2.3153","-.5612","-3.5522","-1.0858","-3.5366","Corporates - Convertible","Convertibles/CEFs/OET/Preferred Stock ETFs"
"Simplify Interest Rate Hedge ETF","PFIX","221.73","100","1.2914","25.8687","11.5865","47.0985","46","46.342","Derivative Based ETF","Government Bond ETFs"
"AAM Low Duration Preferred & Income Securities ETF","PFLD","377.23","14.1025641025641025641025641025641025641",".4712","-1.0267",".1038","-.8155","1.5448","2.8474","Corporates - Convertible","Convertibles/CEFs/OET/Preferred Stock ETFs"
"Invesco Dividend Achievers ETF","PFM","770.66","65.49496956899764004471494224319960253385",".6008","-2.7712","-.8256","-.8781","8.4586","9.9472","Style Box - Large Cap Value","Style Box - Large Cap Value"
"VanEck Preferred Securities ex Financials ETF","PFXF","2368.78","36.17021276595744680851063829787234042553","1.5667",".3651",".535","1.2079","3.5298","4.9141","Corporates - Convertible","Convertibles/CEFs/OET/Preferred Stock ETFs"
"Invesco Financial Preferred ETF","PGF","612.8","3.51758793969849246231155778894472361809","-.078","-3.2691","-.8514","-5.3488","-4.6428","-7.2289","Corporates - Convertible","Convertibles/CEFs/OET/Preferred Stock ETFs"
"Invesco Global ex-US High Yield Corporate Bond ETF","PGHY","226.34",".9569377990430622009569377990430622009569",".0526","-2.3366","-.7821","-2.1372",".3206","2.2049","Corporates - Junk/High Yield","High-Yield/Junk Bond ETFs"
"Putnam Focused Large Cap Growth ETF","PGRO","219.48","94.72922096727483347813495511149724876919",".9453","4.8085",".7261","4.8424","19.6888","8.9987","Style Box - Large Cap Growth","Style Box - Large Cap Growth"
"Invesco Preferred ETF","PGX","3634.74","4.32098765432098765432098765432098765432","-.1969","-3.16","-.8798","-5.1701","-4.847","-7.6702","Corporates - Convertible","Convertibles/CEFs/OET/Preferred Stock ETFs"
"Invesco Water Resources ETF","PHO","1888.75","37.46653919694072657743785850860420650096",".4412","-3.2789","-.8174","-2.21","1.3544","-5.8116","Industrials  - Water","Industrials ETFs"
"PGIM Active High Yield Bond ETF","PHYL","1411.18","2.15517241379310344827586206896551724138",".0598","-2.4145","-.7761","-2.4211","-.2097",".6963","Corporates - Junk/High Yield","High-Yield/Junk Bond ETFs"
"iShares Physical Metals PLC","PHYMF","34182.88","20.76672659248821728778970895486127982119",".1684","-4.9748","-2.4039","1.626","-10.857","0","Precious Metals - Gold","Precious Metals ETFs"
"Invesco International Corporate Bond ETF","PICB","340.46","1.91407911527009783071033602722245852829",".2029","-3.1631","-.7813","-3.2961","-2.192","-3.3877","International - Corporate","Investment Grade Corporate Bond ETFs"
"iShares MSCI Global Metals & Mining Producers ETF","PICK","2385.87","65.7734470158343483556638246041412911084","1.9377","-6.7509","-1.0468","4.78","6.4381","37.3135","Base Metals - Broad","Materials ETFs"
"Invesco International Dividend Achievers ETF","PID","839.59","5.34351145038167938931297709923664122137","-.0471","-6.2071","-1.1817","-4.936","-3.2707","3.2496","Foreign Large Value ETF","Foreign Large Value ETF"
"Invesco Dorsey Wright Emerging Markets Momentum ETF","PIE","255.36","100","2.1323","4.5123",".6367","8.0185","35.1798","44.7292","Geographic - Broad Emerging Markets","Broad Emerging Market ETFs"
"Principal International Equity ETF","PIEQ","1341.09","73.78335949764521193092621664050235478807",".2767","-2.9746","-2.0742","1.1274","4.9737","12.5323","Foreign Large Blend ETF","Foreign Large Blend ETF"
"Simplify Health Care ETF","PINK","344.53","72.62103505843071786310517529215358931553","-.1179","-3.7028","-1.8989","-4.8058","13.1875","17.5229","Healthcare - Broad","Health Care ETFs"
"Invesco Global Water ETF","PIO","259.12","17.71286513362336855189558732131758856433","1.1674","-1.7661",".3241","-4.7818","-.0911","-3.085","Industrials  - Water","Industrials ETFs"
"VanEck Commodity Strategy ETF","PIT","456.33","92.69703771616452214599601656602699883026","-1.0124","2.2535","-.2793","24.8746","10.5979","59.5119","Basket - Broad","Broad Commodity ETFs"
"Invesco Dorsey Wright Developed Markets Momentum ETF","PIZ","646.4","45.60570071258907363420427553444180522565",".52","-1.4921","-3.1006","-4.31","4.9166","10.7873","Foreign Large Growth ETF","Foreign Large Growth ETF"
"Innovator U.S. Equity Power Buffer ETF - January","PJAN","1421.56","99.26798785931083735047312979825031244421",".2364",".6527",".0197","2.6836","9.8661","11.1135","Derivative Based ETF","Defined Outcome"
"Invesco Pharmaceuticals ETF","PJP","546.79","72.41025641025641025641025641025641025641","-.2969","-6.818","-4.6838",".2269","17.8371","29.2465","Healthcare - Pharma","Health Care ETFs"
"Innovator U.S. Equity Power Buffer ETF - July","PJUL","1298.47","97.53550543024227234753550543024227234754",".2412",".5038","-.2001","2.4025","7.9671","9.2921","Derivative Based ETF","Defined Outcome"
"Innovator U.S. Equity Power Buffer ETF - June","PJUN","877.3","97.98850574712643678160919540229885057471",".3861",".5002","-.113","2.2911","5.3887","7.438","Derivative Based ETF","Defined Outcome"
"Invesco Building & Construction ETF","PKB","280.28","14.69012395041983206717313074770091963215","1.1354","-2.9793",".027","-13.9066","-5.7363","-2.7723","Industrials  - Engineering and Construction","Industrials ETFs"
"Invesco BuyBack Achievers ETF","PKW","1679.85","65.57066620760888276811843690824582544328","-.0829","-5.1128","-.7211","1.2315","9.6506","9.6617","Style Box - Large Cap Value","Style Box - Large Cap Value"
"Direxion Daily PLTR Bull 2X ETF","PLTU","453.02","33.69616214694566951299615276344186919396","-1.2569","21.7384","-.9499","87.647","26.5107","-30.3966","Derivative Based ETF","Single Stock ETF"
"YieldMax PLTR Option Income Strategy ETF","PLTY","378.53","25.65174618789965568125922282341367437285",".1612","8.5417",".3246","38.7812","21.6994","-3.8721","Derivative Based ETF","Single Stock ETF"
"Innovator U.S. Equity Power Buffer ETF - March","PMAR","745.9","100",".2821",".7083",".0714","2.7397","9.2671","11.6066","Derivative Based ETF","Defined Outcome"
"Innovator U.S. Equity Power Buffer ETF - May","PMAY","812.93","99.11764705882352941176470588235294117647",".3315",".5697","-.0236","2.566","6.0045","8.9203","Derivative Based ETF","Defined Outcome"
"iShares Prime Money Market ETF","PMMF","748.87","34.78260869565217391304347826086956521739",".02",".3666",".085",".8939","1.8007","3.6817","Ultra short Bond ETF","Money Market/Ultra-Short Term ETFs"
"Innovator U.S. Equity Power Buffer ETF - November","PNOV","843.64","99.82269503546099290780141843971631205674",".3635",".9249",".0874","3.4304","11.5085","11.4136","Derivative Based ETF","Defined Outcome"
"Invesco NASDAQ Internet ETF","PNQI","530.48","55.65285490531112060373059945892068916417",".2867","-3.1805","-1.1191","6.8246","12.6499","-9.269","Technology  - Internet","Technology ETFs"
"Innovator U.S. Equity Power Buffer ETF - October","POCT","954.4","100",".3545","1.4973",".7325","3.7956","11.1547","11.4378","Derivative Based ETF","Defined Outcome"
"iShares U.S. Power Infrastructure ETF","POWR","432.26","30.87649402390438247011952191235059760956",".7736","-2.1928","1.227","-8.9022","-4.7704","0","Utilities  - Infrastructure","Utilities/Infrastructure ETFs"
"Invesco Aerospace & Defense ETF","PPA","8047.64","24.2462629845452242209272865467443628072",".0771","-4.5249","-2.2784","-13.7571","-7.8827",".1349","Industrials  - Aerospace & Defense","Industrials ETFs"
"VanEck Pharmaceutical ETF","PPH","1009.83","63.53159851301115241635687732342007434944",".2589","-6.1461","-2.6313","-2.6663","4.6897","18.0878","Healthcare - Pharma","Health Care ETFs"
"abrdn Physical Platinum Shares ETF","PPLT","2079.11","14.76679429168116950922380786634180299339","-.5158","-3.4418","-4.1019","4.8234","-14.6524","8.023","Precious Metals - Platinum","Precious Metals ETFs"
"Principal Spectrum Preferred Securities Active ETF","PREF","1879.98",".9900990099009900990099009900990099009901",".5227","-2.0507","-.5119","-2.3455","-.2251","1.2677","Corporates - Convertible","Convertibles/CEFs/OET/Preferred Stock ETFs"
"Invesco RAFI US 1000 ETF","PRF","9806.39","86.2207896857373086220789685737308622079",".458","-1.956","-.9037","1.4049","15.3313","22.4845","Style Box - Large Cap Value","Style Box - Large Cap Value"
"Invesco RAFI US 1500 Small-Mid ETF","PRFZ","2715.07","74.15530948324815445769449176604202157865",".8894","-2.2043",".5861","-3.1984","14.9466","17.4559","Style Box - Small Cap Blend","Style Box - Small Cap Blend"
"Invesco Dorsey Wright Industrials Momentum ETF","PRN","361.05","41.28125937902390380389005605630802892854",".701","3.7731",".3129","-14.1029",".9002","15.3256","Industrials  - Broad","Industrials ETFs"
"Principal U.S. Small-Cap ETF","PSC","2705.72","80.94195609727235074847642151351991006449","1.0841","-1.8057",".2603","-1.6916","17.077","19.405","Style Box - Small Cap Blend","Style Box - Small Cap Blend"
"Invesco S&P SmallCap Industrials ETF","PSCI","267.86","52.8666766167032685870237308372955800516","1.6063","-2.5674",".3041","-9.3958","4.9228","10.6318","Industrials  - Broad","Industrials ETFs"
"Invesco S&P SmallCap Information Technology ETF","PSCT","534.23","79.22052439233769100586200976184052390179","2.2873","10.1766","4.0149","-.186","36.2034","54.8831","Technology  - broad","Technology ETFs"
"PGIM Short Duration Multi-Sector Bond ETF","PSDM","245.34","2.84090909090909090909090909090909090909","-.0399","-.8007","-.1182","-.6613",".2298","1.6827","Short-Term Bond ETF","Short-Term Bond ETF"
"Innovator U.S. Equity Power Buffer ETF - September","PSEP","1204.16","97.91231732776617954070981210855949895616",".3625",".534","-.0637","2.1484","8.7318","9.567","Derivative Based ETF","Defined Outcome"
"Pacer Swan SOS Fund of Funds ETF","PSFF","613.19","100",".2785",".9238",".1362","3.0307","10.0343","11.3186","Derivative Based ETF","Defined Outcome"
"PGIM Short Duration High Yield ETF","PSH","204.83","2.80373831775700934579439252336448598131","-.082","-1.4077","-.5406","-.9236",".7809","2.0336","Corporates - Junk/High Yield","High-Yield/Junk Bond ETFs"
"Invesco Semiconductors ETF","PSI","2955.86","77.4798927613941018766756032171581769437","3.2328","24.5569","6.9298","1.8543","65.0326","120.8014","Technology  - Semiconductors","Technology ETFs"
"State Street SPDR ICE Preferred Securities ETF","PSK","639.67",".4219409282700421940928270042194092827004",".3166","-3.0262","-.869","-5.47","-4.8759","-7.9988","Corporates - Convertible","Convertibles/CEFs/OET/Preferred Stock ETFs"
"Invesco Global Listed Private Equity ETF","PSP","212.58","12.19130978430759612378868396373866833385",".3031","-8.7825","-2.1905","-.7074","2.1085","-14.0367","Financials - BDCs/PE","Financials ETFs"
"Palmer Square CLO Senior Debt ETF","PSQA","224.43","52.94117647058823529411764705882352941176",".0486",".6926",".6351","2.0006","2.87","5.3504","Asset Backed - MBS","Mortgage-Backed Security ETFs"
"Palmer Square Credit Opportunities ETF","PSQO","307.61","10.34482758620689655172413793103448275862","-.1217","-.2904","-.3885",".6661","2.1798","3.9594","Total Bond Market - Broad","Total Bond Market ETFs"
"Invesco Dorsey Wright Technology Momentum ETF","PTF","630.81","62.93508669781444821562974849823196103214",".7268","19.2961","2.4831","-1.0149","22.3409","43.6744","Technology  - broad","Technology ETFs"
"Invesco Dorsey Wright Healthcare Momentum ETF","PTH","362.73","80.07322984889897375070909184673302047342",".9185","-2.0212","-2.2534","-.573","21.1502","38.1455","Healthcare - Broad","Health Care ETFs"
"GraniteShares 2x Long PLTR Daily ETF","PTIR","349.37","40.89661482159194876486733760292772186642","-1.3825","21.5219","-1.1547","87.0629","27.0784","-32.629","Derivative Based ETF","Single Stock ETF"
"Inspire 500 ETF","PTL","895.39","69.80290070658237262923019709929341762737",".8925","-1.1666",".2508","-1.8975","9.653","10.6767","Style Box - Large Cap Blend","Style Box - Large Cap Blend"
"Pacer Trendpilot US Large Cap ETF","PTLC","3323.81","93.60986547085201793721973094170403587444",".738",".738","-.3154","3.3024","14.0524","10.194","Style Box - Large Cap Blend","Style Box - Large Cap Blend"
"Pacer Trendpilot US Mid Cap ETF","PTMC","370.92","68.02640886583352982787078519217165762792","1.0644","-1.8701",".5953","-3.2978","8.0466","12.803","Style Box - Mid Cap Blend","Style Box - Mid Cap Blend"
"Pacer Trendpilot 100 ETF","PTNQ","1288.37","100","1.0093","5.7378",".6403","5.0702","23.0117","16.4229","Style Box - Large Cap Growth","Style Box - Large Cap Growth"
"PGIM Ultra Short Bond ETF","PULS","19360.09","2.7027027027027027027027027027027027027","0",".1826",".0212",".8451","1.9346","3.9652","Ultra short Bond ETF","Ultra short Bond ETF"
"Putnam Focused Large Cap Value ETF","PVAL","15011.16","86.15384615384615384615384615384615384615",".3231","-2.2774","-1.3089","2.3929","13.7613","24.6192","Style Box - Large Cap Value","Style Box - Large Cap Value"
"Invesco Large Cap Growth ETF","PWB","2729.43","94.59770351046566563276708501941129347","1.1895","8.39","1.4805","4.5968","29.1699","31.2861","Style Box - Large Cap Growth","Style Box - Large Cap Growth"
"TCW Transform Systems ETF","PWRD","1478","48.68825100133511348464619492656875834446","1.5451","3.2901","1.0586","-6.4461","9.1374","8.889","Strategy - Socially Responsible","Broad Developed World ETFs"
"Invesco Large Cap Value ETF","PWV","1810.57","66.67513335026670053340106680213360426721",".2877","-6.8861","-1.7175","-.6529","10.9106","20.4699","Style Box - Large Cap Value","Style Box - Large Cap Value"
"Invesco RAFI Developed Markets ex-U.S. ETF","PXF","2905.67","79.94056463595839524517087667161961367013","1.0851","-3.1","-1.825","1.8919","10.49","28.1186","Foreign Large Value ETF","Foreign Large Value ETF"
"Invesco RAFI Emerging Markets ETF","PXH","2037.41","79.43925233644859813084112149532710280374",".5878","-1.8854","-.547","6.3056","11.1632","18.2572","Geographic - Broad Emerging Markets","Broad Emerging Market ETFs"
"Principal Value ETF","PY","239.25","70.21021021021021021021021021021021021021",".7323","-3.129","-1.0281","2.639","9.7037","9.3543","Style Box - All Cap Value","Style Box - All Cap Value"
"NYLIM Hedge Multi-Strategy Tracker ETF","QAI","999.97","85.28610354223433242506811989100817438692",".3878","-.3848","-.2752","-.2752","5.5022","7.4733","Absolute Returns ","Hedge Fund ETFs"
"First Trust NASDAQ Clean Edge Green Energy ETF","QCLN","553.47","32.76328290579551267996784330921581524519","3.1308","3.2371","1.5413","-11.7087","7.6543","16.263","Strategy - Socially Responsible","Alternative Energy ETFs"
"FT Vest Nasdaq-100 Buffer ETF - December","QDEC","691.69","100",".3931","2.6327",".4475","5.034","16.8665","18.74","Derivative Based ETF","Defined Outcome"
"Northern Trust Quality Dividend Defensive ETF","QDEF","545.16","83.97333719750760759310244892044631212868",".3581","-1.3809","-.3212","3.0073","12.5648","13.4652","Style Box - All Cap Blend","Style Box - All Cap Blend"
"Northern Trust Quality Dividend ETF","QDF","2186.29","84.75665748393021120293847566574839302112",".4082","-.645","-.2302","2.0551","15.3682","15.8641","Style Box - All Cap Blend","Style Box - All Cap Blend"
"Pacer Metaurus US Large Cap Dividend Multiplier 400 ETF","QDPL","1815.28","90.42690815006468305304010349288486416559",".697",".5818","-.3253","3.0463","16.9095","14.7952","Style Box - Large Cap Blend","Style Box - Large Cap Blend"
"Roundhill Nasdaq-100 0DTE Covered Call Strategy ETF","QDTE","979.7","27.79487179487179487179487179487179487179","1.5781","5.1176","1.1625","5.8152","24.4105","19.2708","Derivative Based ETF","Derivative Based ETF"
"Amplify CWP Growth & Income ETF","QDVO","771.49","85.77075098814229249011857707509881422925",".7336","3.3514",".127","4.8133","18.1135","14.8333","Derivative Based ETF","Derivative Based ETF"
"State Street SPDR MSCI EAFE StrategicFactors ETF","QEFA","995.29","69.37618147448015122873345935727788279773",".8589","-3.3768","-1.5556",".2056","4.9672","13.1377","Geographic - EAFE","Broad Developed World ETFs"
"Innovator Nasdaq-100 Managed Floor ETF","QFLR","525.67","90.93023255813953488372093023255813953488",".4882","4.384",".8136","2.2166","8.5195","9.3009","Derivative Based ETF","Style Box - Large Cap Blend"
"American Century U.S. Quality Growth ETF","QGRO","1972.18","85.03118503118503118503118503118503118503","-.0577",".5982","-.4056","1.429","11.0028","2.6378","Style Box - All Cap Growth","Style Box - All Cap Growth"
"WisdomTree U.S. Quality Growth Fund","QGRW","3209.48","100",".9142","4.2891",".5495","6.7711","28.5397","20.3979","Style Box - All Cap Growth","Style Box - All Cap Growth"
"WisdomTree U.S. High Yield Corporate Bond ETF","QHY","243.39",".5632745024408561772437101013894104393541","-.0158","-2.4032","-.3808","-2.0697","-.1313","1.0377","Corporates - Junk/High Yield","High-Yield/Junk Bond ETFs"
"American Century Quality Diversified International ETF","QINT","761.9","69.8001480384900074019245003700962250185",".9427","-3.2299","-1.6532","-.0864","7.2417","15.7247","Foreign Large Blend ETF","Foreign Large Blend ETF"
"FT Vest Nasdaq-100 Buffer ETF - June","QJUN","734.88","100",".6232","3.9218",".4243","4.3927","9.4624","10.75","Derivative Based ETF","Defined Outcome"
"Northern Trust US Quality Large Cap ETF","QLC","1128.72","88.27160493827160493827160493827160493827",".5372","-.5897","-.3369","2.4459","16.6703","18.3599","Style Box - Large Cap Blend","Style Box - Large Cap Blend"
"ProShares Ultra QQQ","QLD","15157.8","94.46622089001614018907078625778187687341","1.9638","11.1506","1.2171","8.3292","56.8975","40.7241","Derivative Based ETF","Leveraged Equity ETFs"
"GMO International Quality ETF","QLTI","268.46","61.99844680300284752782811286564845974631","1.3488","-2.6993","-1.1488","-2.1209","6.4925","2.5684","Foreign Large Value ETF","Foreign Large Value ETF"
"GMO U.S. Quality ETF","QLTY","5221.57","96.56862745098039215686274509803921568627",".6531",".585","-.0433","3.6242","18.3343","18.1515","Style Box - All Cap Blend","Style Box - All Cap Blend"
"FT Vest Nasdaq-100 Buffer ETF - March","QMAR","611.52","100",".247","2.0243",".221","4.4342","13.7987","19.5133","Derivative Based ETF","Defined Outcome"
"Alpha Architect U.S. Quantitative Momentum ETF","QMOM","424.03","62.19095084530440730968435453923580572657","1.5016","1.4765","1.4459","-2.5177","6.2972","14.413","Style Box - All Cap Growth","Style Box - All Cap Growth"
"State Street SPDR Portfolio Nasdaq 100 ETF","QNDX","439.95","100",".9944","5.7729",".6741","5.2909","0","0","Style Box - Large Cap Blend","Style Box - Large Cap Blend"
"Invesco QQQ Income Advantage ETF","QQA","903.72","92.95176458691475376681160885832743452321",".5815","4.4257",".5639","4.9747","19.8437","19.5143","Derivative Based ETF","Style Box - Large Cap Growth"
"First Trust NASDAQ-100 Select Equal Weight ETF","QQEW","1910.26","92.33742610277398817644383810823101409732",".2389","1.2184","-.0916","3.8386","28.2813","14.7376","Style Box - Large Cap Growth","Style Box - Large Cap Growth"
"HCM Defender 100 Index ETF","QQH","785.72","97.85575048732943469785575048732943469786","1.2188","6.8671",".2821","7.2153","26.3113","15.3577","Moderate Allocation ","Total Portfolio ETFs"
"Invesco ESG NASDAQ 100 ETF","QQMG","218.36","100",".8309","6.1639",".7012","6.1059","30.8452","26.1068","Strategy - Socially Responsible","Style Box - Large Cap Blend"
"Invesco QQQ","QQQ","501389.69","100","1.0175","5.7937",".6823","5.2949","28.4052","24.2586","Style Box - Large Cap Growth","Style Box - Large Cap Growth"
"Direxion NASDAQ-100 Equal Weighted Index ETF","QQQE","1429.82","88.47362906042612644079636744673419490045",".605","1.4008",".3057","1.173","22.6564","18.8482","Style Box - Large Cap Growth","Style Box - Large Cap Growth"
"NEOS Nasdaq-100 Hedged Equity Income ETF","QQQH","407.16","90.51861279032771237671014953865733375756",".4857","3.7309",".5491","3.1566","11.3636","9.8345","Derivative Based ETF","Style Box - All Cap Blend"
"NEOS Nasdaq-100 High Income ETF","QQQI","14918.45","83.17659352142110762800417972831765935214",".7365","4.7929",".5739","4.7693","19.272","16.8123","Derivative Based ETF","Style Box - Large Cap Growth"
"Invesco NASDAQ Next Gen 100 ETF","QQQJ","1176.16","80.9951060358890701468189233278955954323",".6795","-.5399","-.054","-1.7004","20.4659","23.1525","Style Box - Large Cap Growth","Style Box - Large Cap Growth"
"Invesco NASDAQ 100 ETF","QQQM","109925.75","100","1.021","5.8156",".7014","5.3107","28.4376","24.3354","Style Box - Large Cap Growth","Style Box - Large Cap Growth"
"FT Vest Nasdaq-100 Buffer ETF - September","QSPT","713.89","100",".3824","3.4337",".3687","6.4169","19.1248","17.9018","Derivative Based ETF","Defined Outcome"
"First Trust NASDAQ-100-Technology Sector ETF","QTEC","4104.02","100",".8032","9.9653","1.727","6.7814","53.0497","43.7981","Technology  - broad","Technology ETFs"
"iShares Nasdaq Top 30 Stocks ETF","QTOP","328.55","100","1.2316","7.8304",".8978","7.0217","30.9854","27.6264","Style Box - Large Cap Growth","Style Box - Large Cap Growth"
"Defiance Quantum ETF","QTUM","5700.9","81.43274853801169590643274853801169590643","1.8336","8.1569","1.5222",".9771","42.5924","44.3294","Technology  - broad","Technology ETFs"
"iShares MSCI USA Quality Factor ETF","QUAL","47939.05","93.36446301302531334480216269353649545343",".4654","1.6046",".3981","2.9862","16.659","15.2829","Style Box - All Cap Blend","Style Box - All Cap Blend"
"State Street SPDR MSCI USA StrategicFactors ETF","QUS","1555.21","83.37050359712230215827338129496402877698",".3584","-1.2647","-.3865","1.5812","11.4171","13.0265","Style Box - Large Cap Blend","Style Box - Large Cap Blend"
"Alpha Architect U.S. Quantitative Value ETF","QVAL","606.5","79.78267086073777523591649985702030311696","-.0475","-4.436",".4759","5.0836","13.6416","27.0146","Style Box - Large Cap Value","Style Box - Large Cap Value"
"Invesco S&P 500 QVM Multi-factor ETF","QVML","1664.78","94.25599276345545002261420171867933061963",".7538",".7504","-.057","3.8627","18.4622","16.8087","Style Box - Large Cap Blend","Style Box - Large Cap Blend"
"Invesco S&P MidCap 400 QVM Multi-factor ETF","QVMM","412.13","66.82224815246985608712563204978607545702","1.0116","-2.0421",".5595","-3.4793","7.4238","13.6419","Style Box - Mid Cap Blend","Style Box - Mid Cap Blend"
"Invesco S&P SmallCap 600 QVM Multi-factor ETF","QVMS","235.91","68.41459332812674327792033917215218118933","1.1108","-3.2556",".0676","-5.1518","11.614","17.4308","Style Box - Small Cap Blend","Style Box - Small Cap Blend"
"Global X Nasdaq 100 Covered Call ETF","QYLD","8487.6","100",".3231","3.2768",".4313","5.9541","13.996","21.6221","Derivative Based ETF","Derivative Based ETF"
"SMI 3Fourteen REAL Asset Allocation ETF","RAA","628.71","87.13986380303823991618648507071765322158",".3499","-.5749","-.4364","3.0118","9.1961","12.5397","Moderate Allocation","Total Portfolio ETFs"
"VanEck Real Assets ETF","RAAX","1357.43","72.48554913294797687861271676300578034682",".2486","-2.4909","-.5672","2.413","-2.0646","19.5823","Absolute Returns ","Total Portfolio ETFs"
"Roundhill T-REX 2X Long DRAM Daily Target ETF","RAM","596.21","33.57954545454545454545454545454545454545","-.9689","16.2942","-1.1057","-15.625","0","0","Derivative Based ETF","Single Stock ETF"
"Northern Trust Ultra-Short Fixed Income ETF","RAVI","1604.89","1.44927536231884057971014492753623188406",".3518",".1247",".0315",".7221","1.7932","3.6791","Ultra short Bond ETF","Ultra short Bond ETF"
"Invesco S&P Ultra Dividend Revenue ETF","RDIV","1395.85","50.54828440042447824548991864166961443226",".0525","-8.5418","-2.0912","-1.9279","5.1192","13.8937","Style Box - Large Cap Value","Style Box - Large Cap Value"
"FT Vest Rising Dividend Achievers Target Income ETF","RDVI","3731.28","63.88349514563106796116504854368932038835",".0355","-2.0722","-.071","-1.0248","14.0486","17.4","Style Box - Large Cap Value","Style Box - Large Cap Value"
"First Trust Rising Dividend Achievers ETF","RDVY","25162.62","75.23860021208907741251325556733828207847",".0253","-2.3356","-.189","-.9707","15.4152","18.1986","Style Box - Large Cap Value","Style Box - Large Cap Value"
"Columbia Research Enhanced Core ETF","RECS","6093.83","94.71032745591939546599496221662468513854",".5084",".1983","-.2194","4.5528","15.8176","12.1885","Strategy - Beta","Style Box - All Cap Blend"
"iShares Global REIT ETF","REET","4608.76","22.4343675417661097852028639618138424821",".1954","-5.3508","-1.6117","-7.5496","1.9311","4.0756","Real Estate   - REITs","Real Estate ETFs"
"ProShares S&P MidCap 400 Dividend Aristocrats ETF","REGL","1644.83","44.7098976109215017064846416382252559727",".9552","-5.067","-.9932","-4.5528","1.5727","5.4726","Strategy - Dividend Growth","Style Box - Mid Cap Value"
"VanEck Rare Earth and Strategic Metals ETF","REMX","1798.8",".5581794761700300558179476170030055817948",".413","-17.1451","-5.1755","-27.1102","-28.8976","-6.9779","Materials  - Rare Earth/Lithium","Materials ETFs"
"Columbia Research Enhanced Value ETF","REVS","344.52","80.61439192032543133679337915556178987235",".5455","-3.2268","-.9607","2.6191","14.5964","17.8677","Strategy - Beta","Style Box - All Cap Value"
"iShares Residential and Multisector Real Estate ETF","REZ","784.74","35.65891472868217054263565891472868217054",".0228","-6.0933","-1.6816","-9.4471","4.3279","6.4575","Real Estate   - REITs","Real Estate ETFs"
"Invesco S&P MidCap 400 Pure Growth ETF","RFG","334.8","70.71574912431432159143480272288678871192",".8696",".2536",".8206","-3.7249","8.3068","17.6779","Style Box - Mid Cap Growth","Style Box - Mid Cap Growth"
"Invesco S&P MidCap 400 Pure Value ETF","RFV","324.59","76.19623698704275572251758937951672980803","1.0604","-3.4561",".212","2.311","12.0342","14.3672","Style Box - Mid Cap Value","Style Box - Mid Cap Value"
"Rockefeller Global Equity ETF","RGEF","817.18","96.13842269419278182088222189217287984554","1.1108","2.2989","-.1947","3.0881","17.5768","20.653","Global Large-Cap Blend Equity ETF","Global Large-Cap Blend Equity ETF"
"Russell Investments Global Equity ETF","RGLO","360.74","89.04222112699195005749958928864793822901",".7252","-.4331","-.7532","2.797","14.3215","16.2916","Global Large-Cap Blend Equity ETF","Global Large-Cap Blend Equity ETF"
"iShares MSCI Global Gold Miners ETF","RING","2296.88","44.73620228543642110381716508631169462679","1.0009","-10.3251","-5.7283","14.139","-5.4763","18.5544","Materials  - Gold Mining","Materials ETFs"
"FolioBeyond Alternative Income and Interest Rate Hedge ETF","RISR","393.94","95.75757575757575757575757575757575757576","0","1.2531",".841","3.7313","5.0207","8.9564","Asset Backed - MBS","Mortgage-Backed Security ETFs"
"RJ ClariVest Capital Appreciation ETF","RJCA","609.15","100","1.1262","4.7845",".5633","0","0","0","Style Box - Large Cap Growth","Style Box - Large Cap Growth"
"Defiance Daily Target 2X Long RKLB ETF","RKLX","209.28","5.62761923767711035721412891638395529834","9.633","30.8693","-1.1375","-55.8532","-32.5573","-24.9734","Derivative Based ETF","Single Stock ETF"
"State Street Multi-Asset Real Return ETF","RLY","1384.35","76.34865798564974754185490300292319957481",".414","-3.7923","-.8888","5.2037","1.1065","21.1889","Hedge Fund - Inflation-Focused","Total Portfolio ETFs"
"Bushido Capital US SMID Cap Equity ETF","RNIN","200.2","77.52862595419847328244274809160305343511","-.5244","-6.2819",".2169","8.6547","22.0072","31.5436","Style Box - All Cap Value","Style Box - All Cap Value"
"ROBO Global Robotics and Automation Index ETF","ROBO","2039.43","72.45421245421245421245421245421245421245","2.2343","5.0216","2.1712","-.6835","19.6129","23.0975","World Small/Mid Stock ETF","World Small/Mid Stock ETF"
"First Trust NASDAQ Artificial Intelligence and Robotics ETF","ROBT","781.68","96.46243617797228300510576221735959153902",".8715","3.3606",".7077","6.9949","28.7412","10.793","Artificial Intelligence and Robotics ETF","Artificial Intelligence and Robotics ETF"
"JPMorgan Nasdaq Equity Premium Yield ETF","ROCQ","678.13","84.14405986903648269410664172123479887746","1.2664","3.8744",".0338","4.3242","20.7402","0","Derivative Based ETF","Style Box - Large Cap Growth"
"JPMorgan Equity Premium Yield ETF","ROCY","758.1","90.4659882163899303695768612747723620782","1.2376","1.0272",".1345","4.0311","14.7982","0","Derivative Based ETF","Style Box - Large Cap Blend"
"Hartford Multifactor Developed Markets (ex-US) ETF","RODM","1611.07","75.8800521512385919165580182529335071708",".6662","-3.1799","-1.7341",".4679","4.0529","17.7702","Foreign Large Value ETF","Foreign Large Value ETF"
"Astoria US Equal Weight Quality Kings ETF","ROE","289.46","90.63392857142857142857142857142857142857",".8931",".5145",".5005","3.2852","21.4293","25.3281","Style Box - All Cap Value","Style Box - All Cap Value"
"ProShares Ultra Technology","ROM","1413.87","94.53513129879347054648687012065294535131","1.9517","17.6483","3.3775","18.8644","101.9637","73.4335","Derivative Based ETF","Leveraged Equity ETFs"
"Baron First Principles ETF","RONB","332.14","61.30952380952380952380952380952380952381","2.9072","1.562","2.5565","-1.0678","5.5711","0","Style Box - Large Cap Growth","Style Box - Large Cap Growth"
"Hartford Multifactor US Equity ETF","ROUS","754.97","86.07871720116618075801749271137026239067",".3883","-.052",".6043","1.3149","12.9595","17.9711","Style Box - Large Cap Value","Style Box - Large Cap Value"
"RPAR Risk Parity ETF","RPAR","545.23",".2737583105201407899882675009777082518576",".0331","-5.4634","-1.6794","-4.1196","-3.4111","2.2588","Multi-Asset - Total Portfolio","Total Portfolio ETFs"
"Invesco S&P 500 Pure Growth ETF","RPG","1947.21","79.14809311540366518078256562654779593858",".9821","6.0588","1.4286","-.1852","24.2745","24.2986","Style Box - Large Cap Growth","Style Box - Large Cap Growth"
"Invesco S&P 500 Pure Value ETF","RPV","1645.2","72.34972677595628415300546448087431693989",".46","-5.2992","-.9584",".5255","8.8","18.7293","Style Box - Large Cap Value","Style Box - Large Cap Value"
"Rockefeller U.S. Small-Mid Cap ETF","RSMC","742.94","68.5403784897882705639872587596027730935","1.2225","-1.1198",".4174","-1.7361","9.9665","6.4307","Style Box - All Cap Growth","Style Box - All Cap Growth"
"Invesco S&P 500 Equal Weight ETF","RSP","95843.22","67.87386055678738605567873860556787386056",".3493","-3.6939","-.6537","-2.0403","9.4491","11.7171","Style Box - Large Cap Blend","Style Box - Large Cap Blend"
"Invesco S&P 500 Equal Weight Income Advantage ETF","RSPA","1195.07","45.47038327526132404181184668989547038328",".3482","-3.1159","-.7463","-1.2081","8.092","10.7026","Derivative Based ETF","Style Box - Large Cap Blend"
"Invesco S&P 500 Equal Weight Consumer Discretionary ETF","RSPD","387.54","2.5",".0386","-6.7787","-.946","-7.9022","-2.5159","-9.9587","Consumer Discretionary - Broad","Consumer Discretionary ETFs"
"Invesco S&P 500 Equal Weight Financials ETF","RSPF","372.04","50.02942907592701589170100058858151854032","-.1674","-7.5985","-2.2564","-3.9991","8.9649","1.4678","Financials-Broad","Financials ETFs"
"Invesco S&P 500 Equal Weight Energy ETF","RSPG","610.76","84.34535104364326375711574952561669829222",".4207","-4.9453",".491","13.931","4.6255","42.451","Energy - Broad","Energy ETFs"
"Invesco S&P 500 Equal Weight Health Care ETF","RSPH","863.29","83.33333333333333333333333333333333333333",".1093","-3.0878","-1.9807","6.2329","21.3954","22.2409","Healthcare - Broad","Health Care ETFs"
"Invesco S&P 500 Equal Weight Industrials ETF","RSPN","738.1","46.08770421324161650902837489251934651763",".6674","-2.425","-.2374","-7.7772","2.0146","5.733","Industrials  - Broad","Industrials ETFs"
"Invesco S&P 500 Equal Weight Consumer Staples ETF","RSPS","422.82","8.4409136047666335650446871896722939424",".368","-8.0537","-1.9685","-6.3211","-1.2135","-.0024","Consumer Staples - Broad","Consumer Staples ETFs"
"Invesco S&P 500 Equal Weight Technology ETF","RSPT","6168.25","100","1.0383","7.4797","2.6213","11.0524","46.9738","50.5495","Technology  - broad","Technology ETFs"
"Invesco S&P 500 Equal Weight Utilities ETF","RSPU","472.65","7.62997974341661039837947332883187035787",".4401","-5.4619",".8553","-13.0092","-12.6207","-5.1182","Utilities  - Broad","Utilities/Infrastructure ETFs"
"Return Stacked Global Stocks & Bonds ETF","RSSB","490.96","68.33976833976833976833976833976833976834",".6732","-2.9526","-1.0913","-2.191","8.6451","4.7526","Derivative Based ETF","Total Portfolio ETFs"
"Global X Russell 2000 ETF","RSSL","1433.75","69.95622221468082940238232599178742321919",".9404","-3.9602","-.204","-5.1375","12.7847","16.7698","Style Box - Small Cap Blend","Style Box - Small Cap Blend"
"Return Stacked U.S. Stocks & Managed Futures ETF","RSST","573.96","97.25759059745347698334965719882468168462","1.2014","5.2477",".0559","11.0939","24.3056","34.1326","Derivative Based ETF","Hedge Fund ETFs"
"VanEck Retail ETF","RTH","233.98","26.15310077519379844961240310077519379845",".1529","-3.825","-.8537","-2.9924","-.3352",".5074","Consumer Discretionary - Retail","Consumer Discretionary ETFs"
"Running Oak Efficient Growth ETF","RUNN","389.24","29.88165680473372781065088757396449704142","-.4477","-5.2198","-.3992","-1.7613",".5847","-5.0436","Style Box - All Cap Growth","Style Box - All Cap Growth"
"Invesco S&P SmallCap 600 Revenue ETF","RWJ","1956.21","69.02263942573163997791275538376587520707",".6157","-5.4681","-.4005","-3.5019","13.4513","18.5168","Style Box - Small Cap Blend","Style Box - Small Cap Blend"
"Invesco S&P MidCap 400 Revenue ETF","RWK","1271.8","68.69075829383886255924170616113744075829","1.0769","-3.8092",".2192","-2.7436","10.2296","14.186","Style Box - Mid Cap Value","Style Box - Mid Cap Value"
"Invesco S&P 500 Revenue ETF","RWL","9711","78.20183486238532110091743119266055045872",".48","-3.2416","-.848",".5937","12.969","18.6657","Style Box - Large Cap Value","Style Box - Large Cap Value"
"State Street SPDR Dow Jones Global Real Estate ETF","RWO","1164.49","27.79187817258883248730964467005076142132",".2597","-5.1173","-1.6766","-7.3729","1.5828","5.2451","Real Estate   - Broad","Real Estate ETFs"
"State Street SPDR Dow Jones REIT ETF","RWR","1757.13","35.38564125361191375861302511669259835519",".3933","-5.374","-1.4966","-8.2905","3.8522","8.5264","Real Estate   - REITs","Real Estate ETFs"
"iShares Global Consumer Discretionary ETF","RXI","294.78","13.18355758548327366991729416121466485619",".6464","-5.2885","-1.0084","-4.9676",".215","-9.4842","Consumer Discretionary - Broad","Consumer Discretionary ETFs"
"Global X Russell 2000 Covered Call ETF","RYLD","1316.11","53.63128491620111731843575418994413407821",".7752","-2.5526",".3215",".5839","9.8109","15.3208","Derivative Based ETF","Derivative Based ETF"
"7.125% Fixed-Rate Reset Subordinated Debentures due 2052","RZC","1692.6","21.91780821917808219178082191780821917808",".1584","-.9785","-.5112","-.4721",".4766","-1.1333","Corporates - Long Term","Investment Grade Corporate Bond ETFs"
"Invesco S&P SmallCap 600 Pure Value ETF","RZV","279.15","72.53102826634617606952180645757736843322",".7264","-4.586","-.0007","-4.0015","13.8348","20.4105","Style Box - Small Cap Value","Style Box - Small Cap Value"
"Strategas Macro Thematic Opportunities ETF","SAMT","793.55","53.11837081035214255409418752651675859143",".9567","-.4246","-.2599","-8.2591","5.4459","11.1667","Style Box - All Cap Blend","Style Box - All Cap Blend"
"Simplify Barrier Income ETF","SBAR","421.58","46.98275862068965517241379310344827586207",".2765",".0312","1.0642","2.3092","9.2645","8.4443","Derivative Based ETF","Derivative Based ETF"
"Simplify Government Money Market ETF","SBIL","4109.29","29.72222222222222222222222222222222222222",".037",".3167",".3869",".9462","1.8154","3.653","US Treasury - Ultra Short","Money Market/Ultra-Short Term ETFs"
"ALPS Medical Breakthroughs ETF","SBIO","205.32","52.55841083638484720826987264655367963965","-.8651","-17.2927","-2.4496","-13.4823","4.9729","43.9006","Healthcare - Broad","Health Care ETFs"
"Sterling Capital Hedged Equity Premium Income ETF","SCEP","241.79","68.51485148514851485148514851485148514851","1.5636","1.3166",".0993","2.243","9.1639","0","Derivative Based ETF","Style Box - All Cap Blend"
"Schwab U.S. Small-Cap ETF","SCHA","22562.14","68.04979253112033195020746887966804979253",".8544","-2.6131","-.2415","-5.0673","12.6386","19.015","Style Box - Small Cap Blend","Style Box - Small Cap Blend"
"Schwab U.S. Broad Market ETF","SCHB","44558.18","91.57894736842105263157894736842105263158",".7486",".613","-.2022","2.8434","17.5136","15.8246","Style Box - All Cap Blend","Style Box - All Cap Blend"
"Schwab International Small-Cap Equity ETF","SCHC","5553.68","75.38829151732377538829151732377538829152",".7893","-1.9492","-1.112","2.5747","6.2546","12.9471","Foreign Small/Mid Blend ETF","Foreign Small/Mid Blend ETF"
"Schwab U.S. Dividend Equity ETF","SCHD","108318.52","71.60775370581527936145952109464082098062",".1837","-5.7798","-1.4755","1.8416","8.7664","23.5337","Style Box - Large Cap Value","Style Box - Large Cap Value"
"Schwab Emerging Markets Equity ETF","SCHE","12716.26","82.47422680412371134020618556701030927835",".7996","-1.5882","-1.1625","1.9805","11.5305","11.3783","Geographic - Broad Emerging Markets","Broad Emerging Market ETFs"
"Schwab International Equity ETF","SCHF","67203.95","82.06039076376554174067495559502664298401","1.211","-2.0249","-1.2178",".4004","11.0689","20.7947","Foreign Large Blend ETF","Foreign Large Blend ETF"
"Schwab U.S. Large-Cap Growth ETF","SCHG","64008","100",".9444","2.9929",".2206","6.6152","23.7621","13.3589","Style Box - Large Cap Growth","Style Box - Large Cap Growth"
"Schwab U.S. REIT ETF","SCHH","10488.43","30.04807692307692307692307692307692307692",".4117","-5.658","-1.6136","-8.0881","1.7412","5.4445","Real Estate   - REITs","Real Estate ETFs"
"Schwab 1000 Index ETF","SCHK","5738.24","92.43697478991596638655462184873949579832",".7073",".6824","-.1887","3.2016","17.7314","15.9055","Style Box - Large Cap Blend","Style Box - Large Cap Blend"
"Schwab U.S. Mid-Cap ETF","SCHM","14443.73","73.25581395348837209302325581395348837209",".7872","-1.9534",".0869","-3.5343","10.8805","17.0665","Style Box - Mid Cap Blend","Style Box - Mid Cap Blend"
"Schwab U.S. Large-Cap Value ETF","SCHV","15137.83","74.11598302687411598302687411598302687412",".4793","-2.3662","-.7986","-2.1109","10.3644","17.2488","Style Box - Large Cap Value","Style Box - Large Cap Value"
"Schwab U.S. Large-Cap ETF","SCHX","74065.03","93.26424870466321243523316062176165803109",".7644",".8699","-.1646","3.4088","17.8596","15.5936","Style Box - Large Cap Blend","Style Box - Large Cap Blend"
"Schwab International Dividend Equity ETF","SCHY","2514.5","57.56097560975609756097560975609756097561",".6427","-4.5095","-2.3995","-1.3533",".3863","15.7634","Foreign Large Value ETF","Foreign Large Value ETF"
"First Trust Structured Credit Income Opportunities ETF","SCIO","549.17","3.73831775700934579439252336448598130841","0","-1.8826","-.1001","-1.9128","-.6289","1.3189","Asset Backed - MBS","Mortgage-Backed Security ETFs"
"iShares MSCI Japan Small-Cap ETF","SCJ","239.45","96.88810417126462149635841977488413153829","1.2036","1.1265","-.5866","2.6695","12.9712","23.8495","Geographic - Japan","Asia-Pacific (Developed) ETFs"
"Sterling Capital Multi-Strategy Income ETF","SCMC","228.09",".9345794392523364485981308411214953271028",".5158","-1.4289","-.3849","-1.2199",".2006","0","Total Bond Market - Broad","Total Bond Market ETFs"
"ProShares UltraShort Bloomberg Crude Oil","SCO","1004.66",".1238198421297012846308620956508280451942",".4126","-13.6202","-4.5588","-45.3397","-40.7125","-73.2555","Derivative Based ETF","Inverse Commodity ETFs"
"Schwab High Yield Bond ETF","SCYB","2769.13",".6060606060606060606060606060606060606061",".6883","-2.4642","-.7766","-2.1212","-.1154","1.0605","Corporates - Junk/High Yield","High-Yield/Junk Bond ETFs"
"iShares MSCI EAFE Small-Cap ETF","SCZ","12660.12","76.93399574166075230660042583392476933996",".9699","-2.2377","-1.2184","1.0062","8.2288","13.1615","Geographic - EAFE","Broad Developed World ETFs"
"USCF SummerHaven Dynamic Commodity Strategy No K-1 ETF","SDCI","798.88","92.19858156028368794326241134751773049645","-.8283","1.4337","-.5431","18.32","13.2824","40.2131","Basket - Broad","Broad Commodity ETFs"
"Global X SuperDividend ETF","SDIV","1147.92","15.11627906976744186046511627906976744186",".6014","-6.4235","-1.098","-2.4033","-3.3517","6.9933","Strategy - High Dividend Yield","World ETFs"
"ALPS Sector Dividend Dogs ETF","SDOG","1355.81","66.19122446512752326846367702163664934123",".178","-5.7481","-1.0493","-.4532","7.5672","17.7997","Style Box - Large Cap Value","Style Box - Large Cap Value"
"ProShares UltraShort S&P500","SDS","367.26","3.06725794530672579453067257945306725795","-1.3439","-1.0238",".6196","-5.1616","-25.93","-21.2528","Derivative Based ETF","Inverse Equity ETFs"
"American Century Short Duration Strategic Income ETF","SDSI","305.92","7.36766809728183118741058655221745350501","-.0297","-.7395","-.0198","-.4957",".7772","2.2592","Short-Term Bond ETF","Short-Term Bond ETF"
"FT Vest SMID Rising Dividend Achievers Target Income ETF","SDVD","876.24","40","1.0106","-3.1627",".1366","-2.9607","4.9982","10.4546","Style Box - All Cap Value","Style Box - All Cap Value"
"First Trust SMID Cap Rising Dividend Achievers ETF","SDVY","10904.17","56.99177438307873090481786133960047003525",".7567","-3.9903","-.0968","-4.1237","4.3803","9.8193","Style Box - Mid Cap Value","Style Box - Mid Cap Value"
"State Street SPDR S&P Dividend ETF","SDY","20523.78","50",".0542","-4.9319","-.6865","-4.6144","2.2822","8.1974","Style Box - Large Cap Value","Style Box - Large Cap Value"
"Main Active Rotation ETF","SECA","444.36","100","1.1609","0","0","0","0","0","Style Box - Large Cap Blend","Style Box - Large Cap Blend"
"Main Sector Rotation ETF","SECT","2889.17","92.41610738255033557046979865771812080537",".7374","1.7515",".1245","2.0955","18.9246","14.8472","Style Box - All Cap Blend","Style Box - All Cap Blend"
"SEI Select Emerging Markets Equity ETF","SEEM","670.2","80.45210603350138233859164091722231257115","1.1513",".0281","-.8","2.0925","21.2304","31.3804","Geographic - Broad Emerging Markets","Broad Emerging Market ETFs"
"SEI Select International Equity ETF","SEIE","1282.17","76.6356382978723404255319148936170212766",".7554","-3.5531","-2.2158",".2076","9.843","18.5896","Global Large-Cap Blend Equity ETF","Global Large-Cap Blend Equity ETF"
"SEI QiM U.S. Large Cap Momentum Active ETF","SEIM","1547.83","90.18547140649149922720247295208655332303","1.0495","3.0223","1.3481","1.3488","18.2858","21.8199","Style Box - Large Cap Blend","Style Box - Large Cap Blend"
"SEI QiM U.S. Large Cap Quality Active ETF","SEIQ","732.83","79.91329479768786127167630057803468208092",".4397","-2.2814","-.5562","2.2981","12.7914","7.0146","Style Box - Large Cap Blend","Style Box - Large Cap Blend"
"SEI Select Small Cap ETF","SEIS","598.96","74.99038091573682185455944594074644093882",".9841","-2.2986",".622","-3.1008","13.6864","13.7242","Style Box - Small Cap Blend","Style Box - Small Cap Blend"
"SEI QiM U.S. Large Cap Value Active ETF","SEIV","1568.96","87.59576796789492885808099233856256840569",".6066","-2.0571","-.2506","4.1877","19.5485","28.9647","Style Box - Large Cap Value","Style Box - Large Cap Value"
"Virtus Seix Senior Loan ETF","SEIX","293.17","32.25806451612903225806451612903225806452",".2162","-.0044","-.2152","1.9287","4.0531","5.2032","Corporates - Bank Loan","High-Yield/Junk Bond ETFs"
"SEI QiM U.S. Large Cap Low Volatility Active ETF","SELV","252.63","65.97283085013146362839614373356704645048",".2566","-3.9199","-.3693","2.13","5.3879","8.9234","Style Box - Large Cap Blend","Style Box - Large Cap Blend"
"Sprott Critical Materials ETF","SETM","514.23","32.95019157088122605363984674329501915709","1.6342","-13.7504","-4.0066","-6.4939","-13.0499","13.5146","Materials  - Broad","Materials ETFs"
"SEI QiM U.S. Equity Factor Allocation Active ETF","SEUS","928.59","63.16758747697974217311233885819521178637",".8305","-.9575",".0116","0","0","0","Style Box - All Cap Blend","Style Box - All Cap Blend"
"Sequoia Global Value ETF","SFGV","1148.56","76.69347355397463656047015156201670275286",".6754","-2.9926","-.9253",".6032","8.2328","0","Global Large-Cap Value Equity ETF","Global Large-Cap Value Equity ETF"
"VictoryShares Small Cap Free Cash Flow ETF","SFLO","803.31","78.77073321965586730739420244923267710432","-.1062","-6.1048",".4325","6.8622","24.3242","29.76","Style Box - Small Cap Value","Style Box - Small Cap Value"
"Innovator Equity Managed Floor ETF","SFLR","2211.62","98.04347826086956521739130434782608695652",".8453","1.3627",".2533","2.0454","10.4293","9.1707","Style Box - Large Cap Blend","Style Box - Large Cap Blend"
"Horizon International Managed Risk ETF","SFTX","769.8","85.68054325361677000295246530853262474166",".9886","-1.1915","-1.2642",".9159","14.5137","0","Foreign Large Blend ETF","Foreign Large Blend ETF"
"Horizon Managed Risk ETF","SFTY","806.13","96.8879668049792531120331950207468879668",".6625",".981","-.3124","3.8737","17.0837","15.9099","Style Box - Large Cap Blend","Style Box - Large Cap Blend"
"SoFi Select 500 ETF","SFY","708.31","98.71232326708537669563222346496888353552",".7455","2.2712",".1433","5.6528","22.8655","19.5711","Style Box - Large Cap Growth","Style Box - Large Cap Growth"
"Sprott Junior Gold Miners ETF","SGDJ","330.19","41.72963895885810243492863140218303946264",".3183","-11.9296","-6.9152","11.6875","-.7025","18.8848","Materials  - Gold Mining","Materials ETFs"
"Sprott Gold Miners ETF","SGDM","645.85","45.24415055951169888097660223804679552391","1.0129","-9.1133","-5.7592","12.4177","-6.083","18.4591","Materials  - Gold Mining","Materials ETFs"
"SGI U.S. Large Cap Core ETF","SGLC","214.58","97.81007366115867011745968544694405733625",".857","1.3245","-.1305","5.3646","22.2598","24.127","Style Box - Large Cap Blend","Style Box - Large Cap Blend"
"abrdn Physical Gold Shares ETF","SGOL","6974.37","13.84282624369142033165104542177361211247","-.7046","-5.6207","-3.3554",".5607","-11.3458","7.3741","Precious Metals - Gold","Precious Metals ETFs"
"iShares 0-3 Month Treasury Bond ETF","SGOV","111952.14","36.36363636363636363636363636363636363636",".3292",".3192",".08",".9105","1.8099","3.7114","US Treasury - Ultra Short","Government Bond ETFs"
"F/m Accumulator Ultrashort Treasury Fund","SGVA","488.1","100","0",".2778",".0693",".798","0","0","US Treasury - Ultra Short","Government Bond ETFs"
"Schwab Government Money Market ETF","SGVT","996.86","37.5",".3246",".2947",".0806",".8543","1.6923","3.4807","US Treasury - Ultra Short","Money Market/Ultra-Short Term ETFs"
"ProShares Short S&P500","SH","1007.51","3.08555399719495091164095371669004207574","-.6496","-.3802",".3436","-2.1248","-13.0058","-9.2626","Derivative Based ETF","Inverse Equity ETFs"
"State Street SPDR MSCI USA Gender Diversity ETF","SHE","331.68","91.73643579428074372077851473306512993367",".4166",".6083","-.578","3.6092","23.3319","25.5783","Strategy - Socially Responsible","Style Box - Large Cap Blend"
"Global X Defense Tech ETF","SHLD","6483.09","10.24217961654894046417759838546922300706",".1497","-4.5635","-2.0013","-5.8318","-18.3118","-14.3427","Industrials  - Aerospace & Defense","Industrials ETFs"
"Strive U.S. Semiconductor ETF","SHOC","251.35","85.35396320508927001582404935824688713777","1.5167","12.9347","3.4529","5.8288","56.1381","78.2346","Technology  - Semiconductors","Technology ETFs"
"iShares 0-1 Year Treasury Bond ETF","SHV","22775.95","10.63829787234042553191489361702127659574",".2899",".2808",".0898",".8693","1.73","3.5534","Ultra short Bond ETF","Ultra short Bond ETF"
"iShares 0-5 Year High Yield Corporate Bond ETF","SHYG","7598.35",".8928571428571428571428571428571428571429",".631","-1.528","-.4362","-1.0623",".7696","2.077","Corporates - Junk/High Yield","High-Yield/Junk Bond ETFs"
"Xtrackers Short Duration High Yield Bond ETF","SHYL","260.71",".7575757575757575757575757575757575757576",".6359","-2.079","-.5852","-1.7183","-.0556","1.1238","Corporates - Junk/High Yield","High-Yield/Junk Bond ETFs"
"Global X Silver Miners ETF","SIL","4395.16","43.52498656636217087587318645889306824288","1.016","-12.3518","-5.5264","7.8554","-6.5213","22.8297","Materials  - Silver Mining","Materials ETFs"
"Amplify Junior Silver Miners ETF","SILJ","3524.3","33.1115660184237461617195496417604912999",".4426","-13.9381","-6.8104","1.8706","-11.0421","20.6955","Materials  - Silver Mining","Materials ETFs"
"Touchstone Strategic Income ETF","SIO","288.14",".2257336343115124153498871331828442437923","-.0203","-2.3093","-.4981","-2.9801","-2.0294","-.0911","Total Bond Market - Broad","Total Bond Market ETFs"
"abrdn Physical Silver Shares ETF","SIVR","4116.74","19.6563159481459149834187518842327404281","-.5012","-7.2947","-5.8391","-.4324","-16.698","28.9651","Precious Metals - Silver","Precious Metals ETFs"
"ETC 6 Meridian Mega Cap Equity ETF","SIXA","535.21","84.96225465525918470055359838953195772521",".392","-1.7802","-1.3891","1.895","10.0636","17.3004","Style Box - Large Cap Blend","Style Box - Large Cap Blend"
"AllianzIM U.S. Equity 6 Month Buffer10 Jun/Dec ETF","SIXD","384.81","99.19871794871794871794871794871794871795",".4543",".6526","-.0758","2.729","11.2597","11.4401","Derivative Based ETF","Defined Outcome"
"ETC 6 Meridian Hedged Equity - Index Option ETF","SIXH","601","89.15628935217573807191828739331187911012",".1322","-1.3045","-.9021","2.5616","5.4442","16.2633","Multi-Asset - Total Portfolio","Total Portfolio ETFs"
"iShares MSCI USA Size Factor ETF","SIZE","419.89","65.27925572345018394089568574990118877504",".3189","-3.0097","-.7072","-1.0707","10.1262","10.1411","Style Box - All Cap Blend","Style Box - All Cap Blend"
"State Street SPDR Bloomberg Short Term High Yield Bond ETF","SJNK","4490.59",".6944444444444444444444444444444444444444",".6575","-1.6255","-.5379","-1.4333",".3052","1.4968","Corporates - Junk/High Yield","High-Yield/Junk Bond ETFs"
"GraniteShares 2x Long SK Hynix Daily ETF","SKUU","211.42","88.50512682137075013491635186184565569347","1.6129","33.9286","2.9412","0","0","0","Derivative Based ETF","Single Stock ETF"
"First Trust Cloud Computing ETF","SKYY","3397.64","98.81081081081081081081081081081081081081",".7068","5.5427","2.101","24.6774","50.3532","23.8144","Technology  - Cloud Computing","Technology ETFs"
"TCW Senior Loan ETF","SLNZ","220.49","22.66731802638006839276990718124084025403",".5625","-.011","-.0877","1.1532","3.773","4.46","Corporates - Bank Loan","High-Yield/Junk Bond ETFs"
"iShares Silver Trust","SLV","29611.77","19.52531645569620253164556962025316455696","-.5089","-7.3303","-5.848","-.5089","-16.7959","28.7091","Precious Metals - Silver","Precious Metals ETFs"
"ETRACS Silver Shares Covered Call ETN","SLVO","252.06","5.43859649122807017543859649122807017544","-.9094","-7.2495","-5.4837","-3.6998","-25.8563","-30.4898","Derivative Based ETF","Precious Metals ETFs"
"iShares MSCI Global Silver and Metals Miners ETF","SLVP","888.67","45.67792891619131197893813075910487055726",".8034","-12.872","-5.8177","9.303","-4.1373","31.6423","Materials  - Silver Mining","Materials ETFs"
"Sprott Silver Miners & Physical Silver ETF","SLVR","693.51","34.72661545413465883416177135110709444193",".2208","-13.8814","-6.7135","4.4287","-8.4307","24.0916","Materials  - Silver Mining","Materials ETFs"
"Wisdom Short Duration Income ETF","SLWS","386.85","18.23899371069182389937106918238993710692","-.0349","-.0907",".1482",".1273","0","0","Short-Term Bond ETF","Short-Term Bond ETF"
"State Street SPDR S&P 600 Small Cap Growth ETF","SLYG","4755.55","65.96297499188048067554400779473855147775","1.4423","-3.1907",".3683","-6.9103","11.7099","16.0197","Style Box - Small Cap Growth","Style Box - Small Cap Growth"
"State Street SPDR S&P 600 Small Cap Value ETF","SLYV","4753.21","70.83185840707964601769911504424778761062",".9613","-4.0856","-.0096","-3.2867","10.6137","18.4159","Style Box - Small Cap Value","Style Box - Small Cap Value"
"ProShares Russell 2000 Dividend Growers ETF","SMDV","651.42","59.29847782925215089344804765056254136334","1.1505","-3.5743","-.5791","-4.7012","6.2678","12.6425","Strategy - Dividend Growth","Style Box - Small Cap Value"
"VanEck Semiconductor ETF","SMH","76047.39","88.8572176492830342340246066141182629941","2.0702","14.5546","3.9633","6.4681","60.7361","86.4357","Technology  - Semiconductors","Technology ETFs"
"VanEck Fabless Semiconductor ETF","SMHX","308.75","85.8751902587519025875190258751902587519","2.3806","15.1758","2.8235","7.792","65.8839","62.394","Technology  - Semiconductors","Technology ETFs"
"Bahl & Gaynor Small/Mid Cap Income Growth ETF","SMIG","1426.26","61",".7722","-2.4813",".1981","-4.6224","7.5119","7.9736","Style Box - All Cap Value","Style Box - All Cap Value"
"iShares MSCI India Small-Cap ETF","SMIN","718.36","58.63228699551569506726457399103139013453",".8558","-5.0694","-2.5937","-3.4741","13.0126","-3.6508","Geographic - India","Asia-Pacific (Emerging) ETFs"
"Zacks Small/Mid Cap ETF","SMIZ","290.77","71.29925452609158679446219382321618743344","1.2926",".7934","1.0728","-2.9649","11.7702","12.5307","Style Box - All Cap Value","Style Box - All Cap Value"
"iShares U.S. Small-Cap Equity Factor ETF","SMLF","4075.76","72.66990291262135922330097087378640776699",".9381","-2.4746",".2477","-3.2717","12.0478","14.7688","Style Box - Small Cap Blend","Style Box - Small Cap Blend"
"State Street SPDR US Small Cap Low Volatility Index ETF","SMLV","244.55","72.1081053148334754411802702632870836886",".7797","-3.0365","-.0092","-3.3358","11.2139","20.4045","Style Box - Small Cap Blend","Style Box - Small Cap Blend"
"iShares Russell 2500 ETF","SMMD","4002.01","71.28116938950988822012037833190025795357",".8733","-3.3318","-.0115","-4.2477","12.4772","17.9023","Style Box - Small Cap Blend","Style Box - Small Cap Blend"
"iShares MSCI USA Small-Cap Min Vol Factor ETF","SMMV","267.54","49.48979591836734693877551020408163265306",".5158","-4.8142","-.1337","-3.632","2.0157","6.0665","Style Box - Small Cap Blend","Style Box - Small Cap Blend"
"VanEck Morningstar SMID Moat ETF","SMOT","303.35","47.43478260869565217391304347826086956522",".5154","-7.1002","-1.4065","-4.7254","6.7281","5.3896","Style Box - All Cap Blend","Style Box - All Cap Blend"
"Bushido Capital US Equity ETF","SMRI","675.66","72.13952596946272280074107199897783172555","-.6415","-7.367","-.4963","7.9124","26.9644","30.909","Style Box - Large Cap Value","Style Box - Large Cap Value"
"T-REX 2X Long SNDK Daily Target ETF","SNDU","337.75","28.06452038856602937573266938876116335061","-7.2928","15.671","-7.1903","-33.937","183.3407","0","Derivative Based ETF","Single Stock ETF"
"Xtrackers S&P 500 Scored & Screened ETF","SNPE","2809.11","90.77912794853466761972837741243745532523",".6416",".192",".1419","3.6706","17.8637","18.031","Strategy - Socially Responsible","Style Box - Large Cap Blend"
"Global X Internet of Things ETF","SNSR","213.24","81.88685062432557422537382457222136580854","2.3243","7.4482","1.4059","3.8439","33.9402","27.7947","Technology  - broad","Technology ETFs"
"MRP SynthEquity ETF","SNTH","251.21","65.35947712418300653594771241830065359477",".7665",".3743","-.4284",".9167","13.8167","-1.6259","Hedge Fund - Broad","Hedge Fund ETFs"
"Tradr 2X Long SNDK Daily ETF","SNXX","2073.78","30.3852635248997617525713289557789528735","-7.6357","16.4765","-7.0046","-31.6736","196.166","0","Derivative Based ETF","Single Stock ETF"
"Amplify Samsung SOFR ETF","SOFR","459.44","1.2578616352201257861635220125786163522",".01",".259",".0243",".8399","1.7101","3.6367","US Treasury - Ultra Short","Money Market/Ultra-Short Term ETFs"
"2x Solana ETF","SOLT","240.53","9.0823427080313134241809220063786604813","-.2392","36.2844","-6.8717","94.5592","83.0709","-86.53","Derivative Based ETF","Digital Economy ETF"
"Direxion Daily Semiconductor Bull 3X ETF","SOXL","24959.27","49.22951548377537412950066676544673284931","6.5196","54.0225","8.0951","-9.7355","210.5268","319.1476","Derivative Based ETF","Leveraged Equity ETFs"
"Invesco PHLX Semiconductor ETF","SOXQ","3245.18","82.01936376210235131396957123098201936376","2.4166","15.9342","3.742","4.2345","67.9997","98.7818","Technology  - Semiconductors","Technology ETFs"
"iShares Semiconductor ETF","SOXX","49132.13","82.9133390194101987542322503941485099894","2.181","17.5066","2.8323","4.0445","73.5837","109.5041","Technology  - Semiconductors","Technology ETFs"
"Leverage Shares 2X Long SPCX Daily ETF","SPCH","381.14","56.10766045548654244306418219461697722567","14.5812","23.1111","13.2345","-18.5294","0","0","Derivative Based ETF","Single Stock ETF"
"Direxion Daily S&P 500 Bear 1X ETF","SPDN","261.3","4.23280423280423280423280423280423280423","-.5903","-.2891",".4773","-2.0063","-12.8102","-8.7507","Derivative Based ETF","Inverse Equity ETFs"
"State Street SPDR Portfolio Developed World ex-US ETF","SPDW","40718.4","82.71844660194174757281553398058252427184","1.2625","-1.9025","-1.0574",".9187","11.3207","20.4769","Foreign Large Blend ETF","Foreign Large Blend ETF"
"State Street SPDR Portfolio Emerging Markets ETF","SPEM","17386.4","81.15577889447236180904522613065326633166",".7961","-1.6484","-1.1991","1.5454","12.1421","12.7315","Geographic - Broad Emerging Markets","Broad Emerging Market ETFs"
"State Street SPDR Portfolio Europe ETF","SPEU","687.46","53.23427549994414031951737236063009719584","1.0306","-4.6671","-2.5091","-3.2226","5.4904","9.6589","Geographic - Broad Europe","European Equity ETFs"
"State Street SPDR Portfolio MSCI Global Stock Market ETF","SPGM","1738.25","91.03403141361256544502617801047120418848",".9135",".0115","-.4108","2.5499","15.2825","17.7241","Global Large-Cap Blend Equity ETF","Global Large-Cap Blend Equity ETF"
"Invesco S&P 500 GARP ETF","SPGP","2049.23","60.99677158999192897497982243744955609362",".0629","-4.46","-.4794","-3.953","10.8725","5.1045","Style Box - Large Cap Growth","Style Box - Large Cap Growth"
"Invesco S&P 500 High Beta ETF","SPHB","957.22","96.4012251148545176110260336906584992343","1.2883","7.4134","1.1626","4.8489","32.7831","38.762","Strategy - Beta","Style Box - Large Cap Blend"
"Invesco S&P 500 High Dividend Low Volatility ETF","SPHD","3176.17","18.2094081942336874051593323216995447648",".1664","-8.0404","-1.6139","-6.3418","-.3544","2.3379","Style Box - Large Cap Value","Style Box - Large Cap Value"
"Invesco S&P 500 Quality ETF","SPHQ","18826.76","71.61430119176598049837486457204767063922","-.0707",".288","-.0707","-3.2501","12.4848","15.8966","Strategy - Dividend Growth","Style Box - Large Cap Blend"
"State Street SPDR Portfolio High Yield Bond ETF","SPHY","11661.93",".6849315068493150684931506849315068493151",".6624","-2.2522","-.7075","-1.9073",".0734","1.326","Corporates - Junk/High Yield","High-Yield/Junk Bond ETFs"
"State Street SPDR Portfolio TIPS ETF","SPIP","1012.61",".45662100456621004566210045662100456621","-.0457","-2.6004","-.474","-3.2784","-2.738","-2.1745","US Treasury - TIPS","Inflation-Protected Bond ETFs"
"Invesco S&P 500 Low Volatility ETF","SPLV","6971.61","7.69230769230769230769230769230769230769",".3823","-4.8588","-.575","-7.0564","-2.9548","-.2315","Style Box - Large Cap Blend","Style Box - Large Cap Blend"
"State Street SPDR Portfolio S&P 400 Mid Cap ETF","SPMD","18136.06","67.75766016713091922005571030640668523677",".9736","-1.9671",".5788","-3.1879","8.329","13.3654","Style Box - Mid Cap Blend","Style Box - Mid Cap Blend"
"Invesco S&P 500 Momentum ETF","SPMO","23243.97","84.33667781493868450390189520624303232999",".3142","4.8744",".2027","1.7524","33.971","27.7781","Strategy - Momentum","Style Box - Large Cap Growth"
"Spear Alpha ETF","SPRX","237.37","69.9925859445116478713856479494283373005","2.7519","20.6139","4.565",".6701","36.2787","26.8942","Strategy - Socially Responsible","Style Box - All Cap Growth"
"State Street SPDR Portfolio S&P 600 Small Cap ETF","SPSM","15775.56","68.64864864864864864864864864864864864865","1.127","-3.6532",".1302","-5.0743","11.1901","17.3006","Style Box - Small Cap Blend","Style Box - Small Cap Blend"
"SP Funds S&P Global Technology ETF","SPTE","264.7","100","1.9437","8.8429","2.4034","10.794","47.4742","47.0201","Technology  - broad","Technology ETFs"
"State Street SPDR Portfolio S&P 1500 Composite Stock Market ETF","SPTM","14028.1","91.92263936291240045506257110352673492605",".791",".6043","-.1824","3.0155","17.2371","16.0218","Style Box - All Cap Blend","Style Box - All Cap Blend"
"Simplify US Equity Income ETF","SPUC","253.57","67.6148796498905908096280087527352297593","1.1127",".7914",".9348","3.4174","16.6324","10.2511","Style Box - Large Cap Blend","Style Box - Large Cap Blend"
"SP Funds S&P 500 Sharia Industry Exclusions ETF","SPUS","3284.6","100","1.0214","2.9614",".5263","6.6149","24.4312","21.6119","Style Box - All Cap Blend","Style Box - All Cap Blend"
"Direxion Daily S&P 500 Bull 2X ETF","SPUU","285.85","92.59259259259259259259259259259259259259","1.432","1.2493","-.5896","5.8843","34.8272","26.1384","Derivative Based ETF","Leveraged Equity ETFs"
"SP Funds S&P World (ex-US) ETF","SPWO","242.76","91.20549120549120549120549120549120549121","1.9643","3.4878","1.167","3.5792","21.5578","27.4406","Foreign Large Growth ETF","Foreign Large Growth ETF"
"Direxion Daily S&P 500 Bull 3X ETF","SPXL","6982.69","90.31643156690812047274113610369805566146","2.1047","1.3647","-.9029","7.4961","52.6811","35.1083","Derivative Based ETF","Leveraged Equity ETFs"
"Direxion Daily S&P 500 Bear 3X ETF","SPXS","336.49","2.70139893873613121080559575494452484322","-2.0309","-1.733",".8783","-8.3946","-37.4437","-32.6116","Derivative Based ETF","Inverse Equity ETFs"
"ProShares S&P 500 Ex-Technology ETF","SPXT","281.43","62.12313327697943082558467173851789236405",".3766","-3.1609","-1.4768","-2.015","6.2201","8.0731","Style Box - Large Cap Blend","Style Box - Large Cap Blend"
"ProShares UltraPro Short S&P500","SPXU","435.54","3.06473829201101928374655647382920110193","-2.0225","-1.6829",".9527","-8.3075","-37.3135","-32.3682","Derivative Based ETF","Inverse Equity ETFs"
"State Street SPDR S&P 500 ETF Trust","SPY","811038.12","94.35268316085258035775478034404770063738",".7395",".8324","-.2217","3.5915","17.9318","16.1386","Style Box - Large Cap Blend","Style Box - Large Cap Blend"
"State Street SPDR Portfolio S&P 500 High Dividend ETF","SPYD","7099.43","39.3348623853211009174311926605504587156","-.1979","-7.723","-1.732","-5.1884","1.7985","7.8653","Style Box - Large Cap Value","Style Box - Large Cap Value"
"State Street SPDR Portfolio S&P 500 Growth ETF","SPYG","56685.38","100",".9968","3.74",".4514","6.4575","25.8479","19.0854","Style Box - Large Cap Growth","Style Box - Large Cap Growth"
"NEOS S&P 500 High Income ETF","SPYI","12279.97","87.41258741258741258741258741258741258741",".6006","1.0525","-.0932","4.0447","14.2339","14.3681","Style Box - Large Cap Blend","Style Box - Large Cap Blend"
"State Street SPDR Portfolio S&P 500 ETF","SPYM","174035.66","94.41210710128055878928987194412107101281",".7562",".8539","-.2203","3.6148","17.9924","16.2482","Style Box - Large Cap Blend","Style Box - Large Cap Blend"
"MAX S&P 500 4X Leveraged ETN","SPYU","540.16","85.04523682810005321979776476849387972326","2.7251",".4344","-1.5891","5.6029","61.3023","25.6749","Style Box - Large Cap Blend","Leveraged Equity ETFs"
"State Street SPDR Portfolio S&P 500 Value ETF","SPYV","35696.97","75.10416666666666666666666666666666666667",".3919","-2.5908","-1.0621",".1747","9.3367","12.7215","Style Box - Large Cap Value","Style Box - Large Cap Value"
"State Street SPDR S&P 500 Fossil Fuel Reserves Free ETF","SPYX","2838.63","93.82113821138211382113821138211382113821",".7191",".7726","-.3163","3.3109","18.1846","15.3165","Strategy - Socially Responsible","Style Box - Large Cap Blend"
"Sapient Quality Select ETF","SQS","1398.07","86.82612695492180312787488500459981600736",".7274",".2271","-.159","1.7139","14.7028","0","Style Box - Large Cap Blend","Style Box - Large Cap Blend"
"SRH U.S. Quality GARP ETF","SRHQ","208.32","73.0309717677497907312989879004641960277",".0984","-5.1851","-.2599",".2453","13.6968","20.9301","Style Box - Large Cap Blend","Style Box - Large Cap Blend"
"State Street Blackstone Senior Loan ETF","SRLN","5485.94","32.47422680412371134020618556701030927835",".7109","-.0106","-.1586","2.0422","4.0663","4.4548","Corporates - Bank Loan","High-Yield/Junk Bond ETFs"
"Pacer Data & Infrastructure Real Estate ETF","SRVR","318.32","1.45310435931307793923381770145310435931",".3905","-5.313","-2.4727","-7.1076","-9.2582","-7.0244","Real Estate   - REITs","Real Estate ETFs"
"ProShares Ultra S&P500","SSO","8472.58","91.73060528559249786871270247229326513214","1.4226","1.0981","-.5635","5.5192","34.293","25.6296","Derivative Based ETF","Leveraged Equity ETFs"
"Day Hagan Smart Sector ETF","SSUS","601.02","96.17294520547945205479452054794520547945",".7175",".9763","-.1976","3.209","19.5541","16.6694","Style Box - All Cap Blend","Style Box - All Cap Blend"
"Schwab Crypto Thematic Natural Language Processing ETF","STCE","234.65","29.11392405063291139240506329113924050633","-.0151","3.7845","-6.0287",".2275","25.2416","-20.0761","Digital Economy ETF","Digital Economy ETF"
"iShares 0-5 Year TIPS Bond ETF","STIP","16369.91","6.20842572062084257206208425720620842572","-.11","-.7746",".1102","-.5638",".0159","1.4128","US Treasury - TIPS","Inflation-Protected Bond ETFs"
"Horizon Core Equity ETF","STOX","231.56","96.47864362569285947179654385392892076948",".691",".953","-.3682","4.3011","17.8641","16.4575","Derivative Based ETF","Style Box - Large Cap Blend"
"PIMCO 1-5 Year U.S. TIPS Index ETF","STPZ","531.54","4.69314079422382671480144404332129963899","-.1538","-1.161","0","-1.0964","-.61",".4991","US Treasury - TIPS","Inflation-Protected Bond ETFs"
"Strive 500 ETF","STXF","1167.56","85.75581395348837209302325581395348837209",".7286",".8626","-.1865","3.4558","0","0","Style Box - Large Cap Blend","Style Box - Large Cap Blend"
"iShares ESG Optimized MSCI USA ETF","SUSA","4052.35","90.38583175205566097406704617330803289058",".6468",".1893","-.0318","2.3907","18.3571","16.0852","Strategy - Socially Responsible","Style Box - All Cap Growth"
"iShares ESG MSCI USA Leaders ETF","SUSL","1227.63","95.18929094331729763647772432545492574775",".8409",".8565",".3136","4.2532","20.4312","17.9556","Strategy - Socially Responsible","Style Box - All Cap Blend"
"Simplify Volatility Premium ETF","SVOL","516.47","40.55727554179566563467492260061919504644",".3054",".9063",".7846","7.875","16.9251","10.0166","Derivative Based ETF","Inverse Volatility ETFs"
"Proshares Short VIX Short-Term Futures ETF","SVXY","258.07","98.2881597717546362339514978601997146933","1.072","1.7135","-.1713","11.8653","38.6762","26.4248","Volatilty - Inverse Volatility","Inverse Volatility ETFs"
"AB Short Duration High Yield ETF","SYFI","927.02","2.8368794326241134751773049645390070922",".1152","-2.0873","-.9969","-1.4746",".5737","1.8412","Total Bond Market - Broad","Total Bond Market ETFs"
"Cambria Shareholder Yield ETF","SYLD","965.33","73.15729047072330654420206659012629161883",".0986","-5.7726","-1.1805","1.8253","8.5824","19.4277","Style Box - Large Cap Value","Style Box - Large Cap Value"
"Fairlead Tactical Sector ETF","TACK","287.68","64.23655365791486107570736681111394341066",".1747","-2.8781","-1.0581","-.4351","3.9468","6.7886","Multi-Asset - Total Portfolio","Total Portfolio ETFs"
"Invesco Solar ETF","TAN","882.5","3.39476236663433559650824442289039767216","2.2754","-6.8119","-.0227","-21.7862","-19.6901","-4.6124","Strategy - Socially Responsible","Alternative Energy ETFs"
"Thornburg American Opportunities Fund","TAOZ","475.17","57.88580109016173711017782146367616834957",".3668","-3.1904","-1.011","1.127","0","0","Style Box - Large Cap Value","Style Box - Large Cap Value"
"BondBloxx IR+M Tax-Aware Short Duration ETF","TAXX","282.78","2.99625468164794007490636704119850187266",".0201","-1.0433","-.1504","-1.0339","-.1712","1.559","Short-Term Bond ETF","Short-Term Bond ETF"
"Brinsmere Fund - Conservative ETF","TBFC","356.3","55.51902301550023485204321277595115077501",".2644","-1.2895","-.1939","-.9866","3.6534","5.7553","Conservative","Total Portfolio ETFs"
"Brinsmere Fund - Growth ETF","TBFG","382.83","82.23482163949917316324120009449562957713",".6108","-.6289","-.5488",".8299","9.4789","12.6469","Multi-Asset - Total Portfolio","Total Portfolio ETFs"
"TBG Dividend Focus ETF","TBG","273.97","54.64788732394366197183098591549295774648",".0828","-6.395","-.8803","-2.1286","5.7292","12.5437","Style Box - Large Cap Value","Style Box - Large Cap Value"
"F/m US Treasury 3 Month Bill ETF","TBIL","7404.71","23.68421052631578947368421052631578947368",".0301",".3241",".1032",".8934","1.7978","3.6906","US Treasury - Ultra Short","Government Bond ETFs"
"Invesco Short Term Treasury ETF","TBLL","2888.67","34.88372093023255813953488372093023255814",".0379",".2711",".1043",".8517","1.7334","3.5622","US Treasury - Ultra Short","Money Market/Ultra-Short Term ETFs"
"ProShares UltraShort 20+ Year Treasury","TBT","356.8","100",".8296","10.4222","3.9844","20.9461","23.857","29.717","Derivative Based ETF","Inverse Bond ETFs"
"T. Rowe Price Ultra Short-Term Bond ETF","TBUX","1728.71","11.11111111111111111111111111111111111111","-.0403",".0323",".3549",".6439","1.8154","3.8426","Ultra short Bond ETF","Ultra short Bond ETF"
"T. Rowe Price Capital Appreciation Equity ETF","TCAF","9282.57","94.55621301775147928994082840236686390533",".6149","-.328","-.4213","2.7288","18.5288","11.9768","Style Box - Large Cap Blend","Style Box - Large Cap Blend"
"Tortoise AI Infrastructure ETF","TCAI","244.75","66.26626626626626626626626626626626626627",".9851","7.4247",".1247","-3.2336","33.4256","56.6971","Utilities  - Infrastructure","Utilities/Infrastructure ETFs"
"T. Rowe Price Capital Appreciation Premium Income ETF","TCAL","299.48","2.94117647058823529411764705882352941176",".183","-3.293","-.6829","-.6959","3.0815",".9914","Derivative Based ETF","Derivative Based ETF"
"T. Rowe Price Blue Chip Growth ETF","TCHP","2181.83","91.40698772426817752596789423984891406988","1.3025","3.6602",".7735","5.7212","17.0485","5.6569","Style Box - All Cap Growth","Style Box - All Cap Growth"
"Thrivent Core Plus Bond ETF","TCPB","478.57","1.31840796019900497512437810945273631841","-.1386","-2.4808","-.7219","-3.5492","-2.9377","-1.9167","Total Bond Market - Broad","Total Bond Market ETFs"
"TappAlpha Innovation 100 Growth & Daily Income ETF","TDAQ","395.66","74.58143074581430745814307458143074581431",".8759","5.3474",".6922","5.2436","25.6119","21.8117","Derivative Based ETF","Long-Short ETFs"
"Touchstone Dynamic International ETF","TDI","503.51","93.64068526325230962418154094537626692977",".9007",".213","-.7426","6.0401","13.2262","24.9934","Foreign Large Blend ETF","Foreign Large Blend ETF"
"First Trust NASDAQ Technology Dividend ETF","TDIV","4434.87","65.78877361000266028198989092843841447193","1.5567","1.0396","1.2096","4.1357","23.0734","17.3817","Technology  - broad","Technology ETFs"
"Northern Trust iBoxx 5-Year Target Duration TIPS ETF","TDTF","1016.68","1.44092219020172910662824207492795389049","-.3074","-2.3656","-.3074","-2.7103","-2.3783","-1.5552","US Treasury - Intermediate Term","Inflation-Protected Bond ETFs"
"Northern Trust iBoxx 3-Year Target Duration TIPS ETF","TDTT","2552.68","4.38247011952191235059760956175298804781","-.1288","-1.1475",".043","-.9798","-.6266",".4634","US Treasury - Intermediate Term","Inflation-Protected Bond ETFs"
"ProShares S&P Technology Dividend Aristocrats ETF","TDV","271.85","83.71723590150913423351866560762509928515","1.1455","1.9729","2.4136","3.3116","20.6498","18.8935","Strategy - Dividend Growth","Technology ETFs"
"T. Rowe Price Dividend Growth ETF","TDVG","1413.64","71.94148936170212765957446808510638297872",".6214","-2.2411","-.5439","-1.3898","9.1429","11.546","Strategy - Dividend Growth","Style Box - Large Cap Blend"
"FT Vest Technology Dividend Target Income ETF","TDVI","619.75","60.38894575230296827021494370522006141249","2.5235","2.1656","2.2258","4.8008","22.8869","17.4927","Technology  - broad","Technology ETFs"
"iShares U.S. Tech Breakthrough Multisector ETF","TECB","516.99","98.16254955779200975907288807563281488259",".5448","5.7948","-.1384","10.6489","41.1908","29.7893","Style Box - All Cap Growth","Style Box - All Cap Growth"
"Direxion Daily Technology Bull 3X ETF","TECL","6796.97","86.28039475022891443687048529860616542883","2.9165","27.0753","5.0362","26.1382","166.8247","95.8925","Derivative Based ETF","Leveraged Equity ETFs"
"T. Rowe Price Equity Income ETF","TEQI","470.94","78.10136157337367624810892586989409984871",".3364","-3.2456","-1.4851",".3526","12.9246","17.3174","Style Box - Large Cap Value","Style Box - Large Cap Value"
"Thornburg Focus Growth Fund","TFGZ","215.63","82.44920993227990970654627539503386004515","1.2543","4.2489","1.4557","2.4232","0","0","Style Box - All Cap Growth","Style Box - All Cap Growth"
"iShares Treasury Floating Rate Bond ETF","TFLO","6924.92","48.14814814814814814814814814814814814815",".3555",".3555",".0979",".9754","1.9197","3.9377","US Treasury - Intermediate Term","Government Bond ETFs"
"T. Rowe Price Floating Rate ETF","TFLR","857.14","27.96352583586626139817629179331306990881",".119",".0965",".2547","1.6509","3.2846","4.3619","Corporates - Floating Rate","High-Yield/Junk Bond ETFs"
"T. Rowe Price Growth ETF","TGRT","1643.98","100","1.1198","3.5776",".4627","5.5457","20.1157","8.7412","Style Box - Large Cap Growth","Style Box - Large Cap Growth"
"T. Rowe Price Growth Stock ETF","TGRW","1050.6","95.10377358490566037735849056603773584906","1.0317","4.4207",".6669","3.8834","19.81","7.0593","Style Box - All Cap Growth","Style Box - All Cap Growth"
"iShares MSCI Thailand ETF","THD","420.61","80","1.3156","-.6657","-2.5976","0","7.1363","24.5318","Geographic - Thailand","Asia-Pacific (Emerging) ETFs"
"ROBO Global Artificial Intelligence ETF","THNQ","497.35","100","1.2613","12.5613",".6831","11.9868","63.8868","48.1843","Artificial Intelligence and Robotics ETF","Artificial Intelligence and Robotics ETF"
"iShares U.S. Thematic Rotation Active ETF","THRO","6856.25","98.21052631578947368421052631578947368421",".7026","1.7251","-.0675","4.3255","21.3416","17.4506","Style Box - Large Cap Growth","Style Box - Large Cap Growth"
"T. Rowe Price U.S. High Yield ETF","THYF","824.33","1.36212624584717607973421926910299003322",".0462","-1.9395",".1177","-1.9084",".6199","1.5867","Corporates - Junk/High Yield","High-Yield/Junk Bond ETFs"
"The Investment House ETF","TIH","645.39","31.30544993662864385297845373891001267427",".9588","-.9367","-.7102","0","0","0","Style Box - Large Cap Growth","Style Box - Large Cap Growth"
"Thrivent International Large Cap ETF","TILC","860.65","15.12125534950071326676176890156918687589",".8547","-3.0614","-1.8057","-1.302","0","0","Foreign Large Blend ETF","Foreign Large Blend ETF"
"Northern Trust Morningstar US Market Factor Tilt ETF","TILT","2181.08","84.7634459781056639695383150880533079486",".6576","-.7637","-.4733","1.8048","15.4847","16.1088","Style Box - All Cap Blend","Style Box - All Cap Blend"
"iShares TIPS Bond ETF","TIP","14269.61","1.22100122100122100122100122100122100122","-.1917","-2.5735","-.4113","-3.1714","-2.7247","-2.1174","US Treasury - TIPS","Inflation-Protected Bond ETFs"
"State Street SPDR Bloomberg 1-10 Year TIPS ETF","TIPX","2018.45",".8510638297872340425531914893617021276596","-.1794","-1.8995","-.1794","-2.0521","-1.665","-.622","US Treasury - Intermediate Term","Inflation-Protected Bond ETFs"
"Northern Trust Mrngstr Developed Markets ex-US Factor Tilt ETF","TLTD","658.27","73.91716724628517230477394878280113815997",".8783","-2.7637","-1.7374","1.9992","7.899","16.5293","Foreign Large Value ETF","Foreign Large Value ETF"
"Northern Trust Morningstar Emerging Markets Factor Tilt ETF","TLTE","349.87","82.6118817063595917299136351740382098927","1.4883",".3062",".17","4.1338","16.529","25.3441","Geographic - Broad Emerging Markets","Broad Emerging Market ETFs"
"Main Thematic Innovation ETF","TMAT","263.38","89.43270300333704115684093437152391546162","1.2625","9.6009","2.6608","3.2171","27.7452","9.3729","Technology  - broad","Technology ETFs"
"Thornburg Multi Sector Bond ETF","TMB","261.77",".2240477968633308439133681852128454070202","-.203","-1.8074","-.5401","-2.2791","-1.4774","-.1812","Total Bond Market - Broad","Total Bond Market ETFs"
"Motley Fool 100 Index ETF","TMFC","2171.6","98.37597850216146746115200373875452739806",".8823","2.3162","-.0371","5.687","21.2721","14.5846","Style Box - Large Cap Growth","Style Box - Large Cap Growth"
"Motley Fool Global Opportunities ETF","TMFG","331.91","53.16994125987441766254810613733036256836",".5829","-3.1982","-.9076","-3.4876","5.3139","-.2536","Global Large-Cap Growth Equity ETF","Global Large-Cap Growth Equity ETF"
"T. Rowe Price Small-Mid Cap ETF","TMSL","3017.91","70.36379769299023957409050576752440106477",".9011","-2.2877",".3877","-4.4731","12.0942","17.9334","Style Box - All Cap Blend","Style Box - All Cap Blend"
"Direxion Daily 20+ Year Treasury Bear 3X ETF","TMV","240.56","100","1.0075","17.6829","6.4105","32.8668","37.2696","47.871","Derivative Based ETF","Inverse Bond ETFs"
"Thrivent Mid Cap Value ETF","TMVE","279.67","65.15195369030390738060781476121562952243",".531","-4.2159","-.9878","-4.7619","8.0122","0","Style Box - Mid Cap Value","Style Box - Mid Cap Value"
"Direxion Daily Small Cap Bull 3X ETF","TNA","1269.55","56.764191047761940485121280320080020005","2.5355","-12.6814","-.8449","-17.7987","30.8165","29.5139","Derivative Based ETF","Leveraged Equity ETFs"
"Tortoise Energy Fund","TNGY","554.89","78.22878228782287822878228782287822878229","1.4801","-3.4216","1.9043","14.7743","9.9549","25.0142","Energy - Broad","Energy ETFs"
"Twin Oak Active Opportunities III ETF","TOAO","443.66","93.23597232897770945426594926979246733282",".9402","1.2825","-.0036","3.3934","0","0","Multi-Asset - Total Portfolio","Total Portfolio ETFs"
"iShares MSCI Kokusai ETF","TOK","236.25","88.38015188380151883801518838015188380152",".6849","-.5212","-.6577","2.2064","14.9549","14.5129","Global Large-Cap Blend Equity ETF","Global Large-Cap Blend Equity ETF"
"iShares Top 20 U.S. Stocks ETF","TOPT","708.97","98.31168831168831168831168831168831168831",".9172","4.3468","-.3679","7.8271","22.2647","15.5457","Style Box - Large Cap Growth","Style Box - Large Cap Growth"
"T. Rowe Price International Equity ETF","TOUS","1654.62","75.10040160642570281124497991967871485944","1.0277","-2.8629","-1.8182","-.5705","9.7624","13.064","Foreign Large Blend ETF","Foreign Large Blend ETF"
"JLens 500 Jewish Advocacy U.S. ETF","TOV","282.95","94.85566844057410095145944202547976132882",".7412","1.0272","-.2392","3.6259","18.1901","16.1688","Style Box - Large Cap Blend","Style Box - Large Cap Blend"
"Timothy Plan High Dividend Stock ETF","TPHD","347.41","55.17025929397063417681974383005310840362",".4672","-4.7379","-.1216","-3.6388",".3894","6.7902","Style Box - Large Cap Value","Style Box - Large Cap Value"
"Timothy Plan International ETF","TPIF","263.19","69.11926894595872065542776114699858200725","1.0323","-3.2101","-1.5747","-.5954","4.2832","13.9433","Volatilty - Inverse Volatility","Broad Developed World ETFs"
"Timothy Plan US Large/Mid Cap Core ETF","TPLC","303.99","62.8036437246963562753036437246963562753",".4514","-2.6018",".1022","-3.0122","5.1209","6.4559","Style Box - Large Cap Blend","Style Box - Large Cap Blend"
"Timothy Plan US Small Cap Core ETF","TPSC","360.96","63.20156173743289409468033186920448999512",".953","-3.9468",".1319","-4.2709","6.9814","10.9016","Volatilty - Inverse Volatility","Style Box - Small Cap Blend"
"Tortoise North American Pipeline Fund","TPYP","831.76","63.69796708615682478218780251694094869313",".9692","-6.0931",".3879","-1.982","-2.1258","16.2111","Energy - MLP","MLP ETFs"
"ProShares UltraPro QQQ","TQQQ","38101.39","87.41131157510642610987228866815325359822","2.896","16.6178","1.7714","10.6558","87.7158","53.5602","Derivative Based ETF","Leveraged Equity ETFs"
"Pacer Data and Digital Revolution ETF","TRFK","1204.66","84.96037115793543398414846317417359365939","1.2734","12.1669","1.2436","7.0241","61.0821","50.3333","Technology  - broad","Technology ETFs"
"AAM Transformers ETF","TRFM","296.31","87.31884057971014492753623188405797101449","1.5536","4.7562","1.9111","-.3932","28.076","23.343","Technology  - broad","Technology ETFs"
"Cambria Trinity ETF","TRTY","281.86","78.35237522549609140108238123872519542995",".4247","-1.2069","-.5408","4.8003","5.8181","15.7281","Absolute Returns ","Total Portfolio ETFs"
"VanEck Technology TruSector ETF","TRUT","256.4","100","1.1436","7.1108","1.4326","12.6895","40.0727","29.2016","Technology  - broad","Technology ETFs"
"Direxion Daily TSLA Bull 2X ETF","TSLL","3707.52","18.78453038674033149171270718232044198895","9.2531","5.3444","-1.4085","-19.7498","-12.2634","-46.7524","Derivative Based ETF","Single Stock ETF"
"YieldMax TSLA Option Income Strategy ETF","TSLY","658.81","7.69903762029746281714785651793525809274","5.5399","4.7078",".1336","-5.2378","1.6798","3.8397","Derivative Based ETF","Single Stock ETF"
"Thrivent Small-Mid Cap Equity ETF","TSME","873.43","59.2086330935251798561151079136690647482","1.588","-.384",".7117","-6.5252","11.605","12.4488","Style Box - All Cap Blend","Style Box - All Cap Blend"
"Direxion Daily TSM Bull 2X ETF","TSMX","590.05","87.42486554887693767795001581777918380259","5.8373","27.912","9.8854","12.4784","70.4734","101.9259","Derivative Based ETF","Single Stock ETF"
"T. Rowe Price U.S. Equity Research ETF","TSPA","4600.92","96.841541755888650963597430406852248394",".7336","1.0888","-.1741","3.9782","17.9981","15.8664","Style Box - All Cap Blend","Style Box - All Cap Blend"
"Twin Oak Active Opportunities ETF","TSPX","243.66","95.48759623609923011120615911035072711719",".6111",".6872","-.2151","2.9136","13.8523","10.524","Multi-Asset - Total Portfolio","Total Portfolio ETFs"
"TappAlpha S&P 500 Growth & Daily Income ETF","TSPY","349.23","79.2022792022792022792022792022792022792",".6304",".9885","-.3123","3.3023","16.2704","13.3949","Derivative Based ETF","Derivative Based ETF"
"T. Rowe Price Exchange-Traded Funds, Inc.","TTEQ","491.44","100","1.6488","11.3851","2.0582","8.8004","47.8193","38.7259","Technology  - broad","Technology ETFs"
"Simplify Short Term Treasury Futures Strategy ETF","TUA","452.6","5.27903469079939668174962292609351432881","-.5146","-4.1874",".523","-5.7101","-7.6595","-10.2226","US Treasury - Intermediate Term","Government Bond ETFs"
"T. Rowe Price Natural Resource ETF","TURF","335.2","71.06531323695273249256638982877063467651","1.1933","-7.1101","-1.4951","7.5451","-4.1536","22.4477","Materials  - Broad","Materials ETFs"
"Thrivent Ultra Short Bond ETF","TUSB","261.92","36.36363636363636363636363636363636363636","-.0099",".1773","-.0902",".9617","2.0535","4.0788","Ultra short Bond ETF","Ultra short Bond ETF"
"Touchstone Ultra Short Income ETF","TUSI","754.78","30.43478260869565217391304347826086956522",".1585",".2653",".2455","1.0555","1.9944","0","Ultra short Bond ETF","Ultra short Bond ETF"
"T. Rowe Price Value ETF","TVAL","1047.65","87.34939759036144578313253012048192771084",".6192","-2.0631","-1.1233",".2848","15.7534","23.9621","Style Box - Large Cap Value","Style Box - Large Cap Value"
"Thornburg International Equity ETF","TXUE","534.33","70.47522750252780586450960566228513650152",".9435","-3.4832","-2.2723","-.4337","6.5863","13.3366","Foreign Large Value ETF","Foreign Large Value ETF"
"Direxion Daily Small Cap Bear 3X ETF","TZA","236.15","16.00544866337476587774561552869061808275","-2.4718","13.8438",".7262","17.9677","-31.1372","-40.5612","Derivative Based ETF","Inverse Equity ETFs"
"iShares MSCI UAE ETF","UAE","321.91","43.93305439330543933054393305439330543933","-1.3125","1.6112","-3.4091","2.7865","10.4538","6.9255","Geographic - Middle East","Africa-Middle East Equity ETFs"
"Innovator U.S. Equity Ultra Buffer ETF - August","UAUG","245.04","97.43875278396436525612472160356347438753",".3373",".5244","-.1505","2.4682","9.1473","9.6467","Derivative Based ETF","Defined Outcome"
"State Street SPDR UC Investments 90/10 Endowment Strategy Index ETF","UCBG","2502.5","81.22977346278317152103559870550161812298",".6952","0","-.1797","0","0","0","Target Outcome","Total Portfolio ETFs"
"ProShares Ultra Bloomberg Crude Oil","UCO","409.42","99.42402633022490400438837081733406472847","-.3843","15.0983","4.8344","68.1495","37.2416","153.2806","Derivative Based ETF","Leveraged Commodity ETFs"
"First Trust Smith Unconstrained Bond ETF","UCON","3186.06","2.1406727828746177370030581039755351682",".1263","-2.551","-.7098","-3.3146","-2.0322","-1.2861","Total Bond Market - Broad","Total Bond Market ETFs"
"Innovator U.S. Equity Ultra Buffer ETF - December","UDEC","241.82","100",".3832",".8545",".0536","3.1054","10.1359","11.8272","Derivative Based ETF","Defined Outcome"
"ProShares UltraPro Dow30","UDOW","846.27","55.58064516129032258064516129032258064516","1.3668","-11.1638","-3.8879","-11.5816","26.4255","19.4415","Derivative Based ETF","Leveraged Equity ETFs"
"VictoryShares Emerging Markets Value Momentum ETF","UEVM","240.29","57.8636731859738456197199398217798865872",".3955","-3.9732","-1.2905","1.8734","2.5507","8.0901","Geographic - Broad Emerging Markets","Broad Emerging Market ETFs"
"Procure Space ETF","UFO","530.67","32.13696369636963696369636963696369636964","2.8129","-.0137","-.955","-14.8725","-12.1573","15.1736","Industrials  - Aerospace & Defense","Industrials ETFs"
"Defiance Space and Connective Tech ETF","UFOX","884.25","40.50293925538863487916394513389941214892","2.6348","10.467","2.076","-.5809","0","0","Communication Services - Broad","Communication Services ETFs"
"ProShares Ultra Gold","UGL","777.63","6.28064440812514592575297688536072846136","-1.4518","-11.5175","-6.8987","-1.4518","-25.4304","-.8502","Derivative Based ETF","Leveraged Commodity ETFs"
"VictoryShares Core Intermediate Bond ETF","UITB","2580.77",".3258293838862559241706161137440758293839","-.248","-2.4916","-.6629","-3.5125","-3.027","-2.1908","Total Bond Market - Broad","Total Bond Market ETFs"
"VictoryShares International Value Momentum ETF","UIVM","330.31","71.09117161716171617161716171617161716172",".2016","-4.0999","-2.9683","3.6733","10.579","25.2202","Foreign Large Value ETF","Foreign Large Value ETF"
"Innovator U.S. Equity Ultra Buffer ETF - January","UJAN","254.48","100",".2367",".746",".0408","2.825","9.0335","10.5312","Derivative Based ETF","Defined Outcome"
"Innovator U.S. Equity Ultra Buffer ETF - July","UJUL","301.55","98.1132075471698113207547169811320754717",".2654",".5735","-.012","2.3141","7.9116","8.9527","Derivative Based ETF","Defined Outcome"
"State Street Ultra Short Term Bond ETF","ULST","504.7",".5128205128205128205128205128205128205128",".3459",".0368",".0095",".5848","1.3773","3.0512","Corporates - Money Market","Money Market/Ultra-Short Term ETFs"
"YieldMax Ultra Option Income Strategy ETF","ULTY","706.62","1.87685215673361870266710569641093184063","1.3007","6.149",".9487","4.735","11.207","-13.8043","Derivative Based ETF","Derivative Based ETF"
"VictoryShares US Value Momentum ETF","ULVM","257.24","65.5175378266850068775790921595598349381",".3421","-4.3512","-.7841","-2.8836","7.8934","16.481","Style Box - Large Cap Value","Style Box - Large Cap Value"
"USCF Midstream Energy Income Fund","UMI","504.37","68.51211072664359861591695501730103806228",".821","-6.442",".0693","-.6468","1.3153","20.0152","Energy - MLP","MLP ETFs"
"Wahed Dow Jones Islamic World ETF","UMMA","297.01","80.86013173188686555598605191786129407207","1.7346","2.3951","1.7429",".4131","22.9335","34.4027","Strategy - Socially Responsible","World ETFs"
"United States Natural Gas ETF","UNG","447.51","11.5543328748280605226960110041265474553","3.0512","-2.6047","-5.9299","-9.5855","-7.7533","-22.1561","Energy -  Natural Gas","Energy ETFs"
"WisdomTree Voya Yield Enhanced USD Universal Bond Fund","UNIY","1259.39",".6005221932114882506527415143603133159269","-.1604","-2.407","-.2329","-3.5198","-2.7848","-2.0377","Total Bond Market - Broad","Total Bond Market ETFs"
"ProShares UltraPro S&P500","UPRO","5319","90.05702588097675098698640152069015938003","2.1184","1.3476","-.8673","7.3736","52.3934","34.5113","Derivative Based ETF","Leveraged Equity ETFs"
"Global X Uranium ETF","URA","5532.37","9.34540963359407163441745574310415808975",".5052","-10.2211","-2.7377","-7.9574","-18.6299","-16.585","Energy - Nuclear Power","Energy ETFs"
"Sprott Junior Uranium Miners ETF","URNJ","307.49",".8312958435207823960880195599022004889976",".8509","-18.75","-6.0606","-14.8711","-30.6368","-32.2689","Materials  - Uranium Mining","Materials ETFs"
"Sprott Uranium Miners ETF","URNM","1823.23",".7867607162235485621269669017905588714053",".381","-13.7034","-3.4806","-10.2404","-25.2168","-22.275","Materials  - Uranium Mining","Materials ETFs"
"iShares MSCI World ETF","URTH","8171.85","89.11676237353021602406343997812414547443",".821","-.226","-.5749","2.4081","14.943","15.1827","Global Large-Cap Blend Equity ETF","Global Large-Cap Blend Equity ETF"
"ProShares UltraPro Russell2000","URTY","274.55","56.19870410367170626349892008639308855292","2.5077","-12.6505","-.8136","-17.842","30.5174","29.0881","Derivative Based ETF","Leveraged Equity ETFs"
"Xtrackers MSCI USA Climate Action Equity ETF","USCA","3518.2","96.46608179908562955640677128382552823428",".8368","1.0898","-.194","4.6064","17.1643","12.0503","Strategy - Socially Responsible","Style Box - All Cap Blend"
"United States Commodity ETF","USCI","417.85","92.37774030354131534569983136593591905565","-.9294","1.366","-.5723","18.2438","13.1588","41.0931","Basket - Broad","Broad Commodity ETFs"
"iShares Climate Conscious & Transition MSCI USA ETF","USCL","2858.96","96.39493341994153946086391685612211757064",".872","1.0916","-.2545","4.5824","17.1621","12.0064","Strategy - Socially Responsible","Style Box - All Cap Blend"
"ProShares Ultra Semiconductors","USD","3013.94","82.15808928063690645436451521182826272391","3.2938","20.128","5.7161","15.5431","100.8221","95.1208","Derivative Based ETF","Leveraged Equity ETFs"
"WisdomTree Bloomberg U.S. Dollar Bullish ETF","USDU","292.9","94.38775510204081632653061224489795918367","-.2212","2.6555",".8572","1.2725","2.6945","6.0436","Basket - Broad","Currency ETFs"
"SGI Enhanced Core ETF","USDX","296.54","27.35042735042735042735042735042735042735","-.1756",".5292","-.0974","1.1388","2.3958","5.3465","US Treasury - Ultra Short","Money Market/Ultra-Short Term ETFs"
"Innovator U.S. Equity Ultra Buffer ETF - September","USEP","235.36","97.72727272727272727272727272727272727273",".3974",".4404","-.0829","2.0337","8.6017","8.9184","Derivative Based ETF","Defined Outcome"
"WisdomTree Floating Rate Treasury ETF","USFR","19780.47","59.25925925925925925925925925925925925926",".0198",".3538",".4136","1.0097","1.9473","3.9955","US Treasury - Short Term","Government Bond ETFs"
"iShares Broad USD High Yield Corporate Bond ETF","USHY","25824.47",".8695652173913043478260869565217391304348",".6762","-2.2962","-.8048","-1.962","-.0428","1.2277","Corporates - Junk/High Yield","High-Yield/Junk Bond ETFs"
"Principal U.S. Mega-Cap ETF","USMC","5109.49","98.26266391532982759768355188710643679691","1.0068","1.2048","-.1397","4.6013","20.3145","14.1129","Style Box - Large Cap Blend","Style Box - Large Cap Blend"
"WisdomTree U.S. Multifactor ETF","USMF","267.23","72.65758091993185689948892674616695059625",".8893",".7242",".8469",".1966","6.6072","2.7968","Style Box - All Cap Blend","Style Box - All Cap Blend"
"iShares MSCI USA Min Vol Factor ETF","USMV","23323.71","65.28545119705340699815837937384898710866",".1734","-2.4181","-.1322",".6622","5.8675","5.0517","Style Box - Large Cap Blend","Style Box - Large Cap Blend"
"Xtrackers Net Zero Pathway Paris Aligned US Equity ETF","USNZ","299.75","96.38060767692161158205543385084293742261",".7325","1.3237","-.3572","4.4205","21.3917","16.4369","Strategy - Socially Responsible","Style Box - All Cap Blend"
"United States Oil ETF","USO","1743.77","84.85735186539868324798829553767373811266","-1.7664","4.4067","-.6472","41.7292","6.8518","105.9966","Energy -  Crude Oil","Energy ETFs"
"ETRACS Crude Oil Shares Covered Call ETN","USOI","252.28","13.29277968791325046284051838138058714626","-.6038","-2.2314",".7152","5.8131","-23.1938","-10.0843","Derivative Based ETF","Energy ETFs"
"Franklin U.S. Equity Index ETF","USPX","2042.57","94.64634622899570144587729581867917155139",".7179",".9479","-.3404","3.5184","18.1636","15.5935","Style Box - All Cap Blend","Style Box - All Cap Blend"
"iShares Core U.S. REIT ETF","USRT","4291.96","37.16881150643451930355791067373202119606",".408","-5.1368","-1.3628","-8.1039","3.5993","8.1423","Real Estate   - REITs","Real Estate ETFs"
"Segall Bryant & Hamill Select Equity ETF","USSE","364.26","99.00289161431847641838667863196729484495","1.0775","4.073","1.0677","5.3977","24.1431","25.4103","Style Box - All Cap Blend","Style Box - All Cap Blend"
"Xtrackers MSCI USA Selection Equity ETF","USSG","586.71","94.5906040268456375838926174496644295302",".6485",".7545",".1739","4.3028","20.3061","17.6014","Strategy - Socially Responsible","Style Box - All Cap Blend"
"VictoryShares Short-Term Bond ETF","USTB","2658.4","7.31707317073170731707317073170731707317","-.02","-.519","-.04","-.2001",".8994","2.3889","Short-Term Bond ETF","Short-Term Bond ETF"
"VictoryShares US Small Mid Cap Value Momentum ETF","USVM","1720.31","72.00279080584518779797666576223884646692","1.1083","-3.0147",".4463","-2.888","10.9036","17.6896","Style Box - Small Cap Blend","Style Box - Small Cap Blend"
"iShares ESG Advanced MSCI USA ETF","USXF","1470.61","92.08834872034591562463480191655954189552",".7439","2.7643",".6998","2.911","23.9571","20.3943","Strategy - Socially Responsible","Style Box - All Cap Growth"
"F/m US Treasury 10 Year Note ETF","UTEN","268.22",".7084095063985374771480804387568555758684","-.3174","-3.3353","-.8487","-4.9808","-5.1086","-4.5739","US Treasury - Intermediate Term","Government Bond ETFs"
"Virtus Reaves Utilities ETF","UTES","1140.36","7.57490107405313736574335782928208027134",".48","-4.4798","1.252","-11.8583","-11.353","-14.1595","Utilities  - Broad","Utilities/Infrastructure ETFs"
"F/m US Treasury 2 Year Note ETF","UTWO","504.14","8.15602836879432624113475177304964539007","-.0548","-.4117",".0808","-.2578",".0695","1.2911","US Treasury - Short Term","Government Bond ETFs"
"Invesco DB US Dollar Index Bullish ETF","UUP","434.4","97.18875502008032128514056224899598393574","-.2417","2.5559",".9434","1.9407","3.6971","4.902","Basket - Broad","Currency ETFs"
"ProShares Ultra VIX Short-Term Futures ETF","UVXY","278.08",".6523407521105141980046047582501918649271","-2.862","-5.5648",".7122","-31.5726","-66.416","-67.9811","Volatilty - Short Term","Volatility ETFs"
"ProShares Ultra Russell2000","UWM","219.91","61.62162162162162162162162162162162162162","1.7682","-8.3591","-.4453","-11.6642","21.9009","24.4341","Derivative Based ETF","Leveraged Equity ETFs"
"ProShares Ultra Financials","UYG","705.91","42.79612756264236902050113895216400911162","-.0476","-13.8858","-5.1001","-8.5125","14.2653","-3.0115","Derivative Based ETF","Leveraged Equity ETFs"
"Angel Oak UltraShort Income ETF","UYLD","1363.57","3.71567043618739903069466882067851373183",".0059",".0028",".1069",".6335","1.657","3.7783","Ultra short Bond ETF","Ultra short Bond ETF"
"American Century U.S. Quality Value ETF","VALQ","326.68","73.60938841713576948764430874916515599657",".1961","-2.9385","-.6724","1.2864","9.0245","10.0686","Style Box - All Cap Value","Style Box - All Cap Value"
"Vanguard Materials Index Fund ETF Shares","VAW","2821.22","54.84470894550864794495071601264645713223",".9969","-6.9483","-1.6859","-5.1623","-2.8785","8.6997","Materials  - Broad","Materials ETFs"
"Vanguard Morningstar Small-Cap ETF","VB","77345.35","70.13388259526261585993820803295571575695",".848","-2.6341",".0479","-3.4964","9.8507","14.0803","Style Box - Small Cap Blend","Style Box - Small Cap Blend"
"Vanguard 0-3 Month Treasury Bill ETF Shares","VBIL","11383.13","54.76190476190476190476190476190476190476",".328",".3413",".0762",".9077","1.8188","3.7052","US Treasury - Ultra Short","Government Bond ETFs"
"Vanguard Morningstar Small-Cap Growth ETF","VBK","23067.82","73.41518120646912997284854208475976862236",".9872","-.551",".7804","-3.869","12.066","14.4865","Style Box - Small Cap Growth","Style Box - Small Cap Growth"
"Vanguard Morningstar Small-Cap Value ETF","VBR","35300.25","66.50246305418719211822660098522167487685",".6452","-4.2768","-.6342","-3.3755","8.0156","13.5077","Style Box - Small Cap Value","Style Box - Small Cap Value"
"Vanguard Consumer Discretionary Index Fund ETF Shares","VCR","5629.34","33.24103984002461159821565912936471312106","1.1171","-4.13","-.4421","-6.4301","3.8109","-6.0458","Consumer Discretionary - Broad","Consumer Discretionary ETFs"
"Vanguard Consumer Staples Index Fund ETF Shares","VDC","7459.18","31.42171245665510802880768204854627900774",".3537","-4.7347","-1.6609","-4.6686","-1.8024","5.1014","Consumer Staples - Broad","Consumer Staples ETFs"
"Vanguard Energy Index Fund ETF Shares","VDE","10597.25","85.16247700797057020232985898221949724096",".1993","-3.6099","1.278","17.6428","5.9229","44.3319","Energy - Broad","Energy ETFs"
"Vanguard FTSE Developed Markets Index Fund ETF Shares","VEA","229217.22","82.13566151779717931497649429147078576226","1.3104","-1.7668","-.9883",".7026","10.8984","20.3863","Foreign Large Blend ETF","Foreign Large Blend ETF"
"Vanguard FTSE All-World ex-US Index Fund ETF Shares","VEU","68042.83","81.73966687230104873534855027760641579272","1.176","-1.7423","-1.1022",".8036","11.1929","18.4287","Foreign Large Blend ETF","Foreign Large Blend ETF"
"Vanguard Emerging Markets Ex-China ETF Shares","VEXC","265.4","90.74239523505637098489683046160391406084","1.6026","-.1992","-.8504","2.159","19.8223","0","Geographic - Broad Emerging Markets","Broad Emerging Market ETFs"
"Vanguard Financials Index Fund ETF Shares","VFH","12500.63","51.82062092755845151399003449597546952856",".1074","-7.0239","-2.3565","-3.8287","8.6531","2.1857","Financials-Broad","Financials ETFs"
"VictoryShares Free Cash Flow ETF","VFLO","11153.1","78.19618304945618715370408372665709008824","-.5565","-6.6587",".4264","10.6044","30.7171","38.3975","Style Box - Large Cap Value","Style Box - Large Cap Value"
"Vanguard U.S. Multifactor ETF Shares","VFMF","951.13","85.1999343131620001642170949995894572625",".1828","-2.9193","-.2362","2.1192","16.0664","27.2172","Style Box - All Cap Blend","Style Box - All Cap Blend"
"Vanguard U.S. Momentum Factor ETF Shares","VFMO","1934.96","74.82421067144629808355163380670067558252",".9869","2.3232","1.2877","-1.9593","15.6161","20.2734","Style Box - All Cap Growth","Style Box - All Cap Growth"
"Vanguard U.S. Minimum Volatility ETF Shares","VFMV","447.14","78.40012220581496002851469015733998676104",".5424","-1.4366",".1319","1.4968","6.8084","11.1232","Style Box - All Cap Blend","Style Box - All Cap Blend"
"Vanguard U.S. Quality Factor ETF Shares","VFQY","492.51","78.11636740331491712707182320441988950276",".088","-1.979","-.1836","1.0019","14.6741","14.4509","Style Box - All Cap Blend","Style Box - All Cap Blend"
"Vanguard U.S. Value Factor ETF Shares","VFVA","900.29","72.13433925529325870041372596738865904113",".2437","-6.0159","-1.1625","1.3031","13.6223","20.9","Style Box - All Cap Value","Style Box - All Cap Value"
"Vanguard High-Yield Active ETF Shares","VGHY","305.4","2.13851761846901579586877278250303766707",".6853","-2.5383","-.6026","-2.109","-.2122",".3575","Corporates - Junk/High Yield","High-Yield/Junk Bond ETFs"
"Vanguard European Stock Index Fund ETF Shares","VGK","28973.77","55.46108567691301504251144538914323086985","1.0411","-4.7907","-2.5386","-3.0751","5.5053","9.9518","Geographic - Broad Europe","European Equity ETFs"
"Vert Global Sustainable Real Estate ETF","VGSR","474.93","27.8679026651216685979142526071842410197",".3414","-4.9905","-1.4898","-6.9432","2.5347","2.3103","Real Estate   - Broad","Real Estate ETFs"
"Vanguard Information Technology Index Fund ETF Shares","VGT","155582.42","100","1.0314","7.8372","1.7041","12.0608","44.3685","35.9302","Technology  - broad","Technology ETFs"
"Vanguard Ultra-Short Treasury ETF Shares","VGUS","1078.58","25.3968253968253968253968253968253968254",".3262",".2863",".1138",".8719","1.7472","3.5774","US Treasury - Ultra Short","Government Bond ETFs"
"Vanguard Health Care Index Fund ETF Shares","VHT","18814.12","72.861994442729237418956468045693115159",".0577","-3.5755","-2.4123","1.4456","14.9358","18.7494","Healthcare - Broad","Health Care ETFs"
"Vident International Equity Strategy ETF","VIDI","441.73","80.90495987624480324857391472493473847046",".6466","-2.2879","-.8864","2.8489","11.5979","28.0594","Foreign Large Value ETF","Foreign Large Value ETF"
"Vanguard Dividend Appreciation Index Fund ETF Shares","VIG","108792.16","67.80840991367307156780840991367307156781",".6509","-2.3506","-.6737","-1.1066","9.702","10.0236","Strategy - Dividend Growth","Style Box - Large Cap Blend"
"Vanguard International Dividend Appreciation Index Fund ETF Shares","VIGI","8772.7","63.39596381350034794711203897007654836465",".7565","-3.2404","-1.4487",".0715","7.0366","7.1132","Foreign Large Blend ETF","Foreign Large Blend ETF"
"Vanguard S&P Small-Cap 600 Growth Index Fund ETF Shares","VIOG","1027.74","65.99461350650658209368471393692265096026","1.4151","-3.1872",".4476","-6.7526","11.7363","16.0382","Style Box - Small Cap Growth","Style Box - Small Cap Growth"
"Vanguard S&P Small-Cap 600 Index Fund ETF Shares","VIOO","4022.47","69.84352773826458036984352773826458036984","1.1696","-3.6411",".2099","-4.9698","11.1609","15.8264","Style Box - Small Cap Blend","Style Box - Small Cap Blend"
"Vanguard S&P Small-Cap 600 Value Index Fund ETF Shares","VIOV","1768.5","71.62157762802357001009213139303968486506","1.0006","-4.0303","-.0089","-3.1711","10.6037","18.5657","Style Box - Small Cap Value","Style Box - Small Cap Value"
"Vanguard Industrials Index Fund ETF Shares","VIS","7713.23","56.03425901894627562937970412665455489229",".8214","-1.213","-.1712","-7.8641","3.6674","10.968","Industrials  - Broad","Industrials ETFs"
"ProShares VIX Short-Term Futures ETF","VIXY","224.45","1.06809078771695594125500667556742323097","-2.1077","-3.2407",".6623","-21.2435","-50.1342","-48.5063","Volatilty - Short Term","Volatility ETFs"
"State Street SPDR S&P 1500 Value Tilt ETF","VLU","752.31","81.29654216937020146625873116665704554638",".5484","-2.4889","-.767",".9253","12.1295","19.7442","Style Box - All Cap Value","Style Box - All Cap Value"
"iShares MSCI USA Value Factor ETF","VLUE","9487.05","93.61932227829848594087959625090122566691","-.0799","-.4595","-.7092","4.2397","38.995","60.1488","Style Box - Large Cap Value","Style Box - Large Cap Value"
"Voya Multi-Sector Income ETF","VMSB","312.68","2.96650717703349282296650717703349282297","-.1726","-2.9114","-.7437","-3.1853","-1.191","0","Total Bond Market - Broad","Total Bond Market ETFs"
"Janus Henderson Short Duration Income ETF","VNLA","3472.47","5.19480519480519480519480519480519480519","0",".0242",".0652",".5431","1.7265","3.5746","Ultra short Bond ETF","Ultra short Bond ETF"
"VanEck Vietnam ETF","VNM","480.78","10.98265895953757225433526011560693641618","-.7126","-7.3171","-3.1847","-9.5727","-4.2931","-4.322","Geographic - Vietnam","Frontier Markets"
"Vanguard Real Estate Index Fund ETF Shares","VNQ","35223.01","17.92114695340501792114695340501792114695",".3701","-5.7166","-1.6375","-7.8713","1.0307","2.0051","Real Estate   - Broad","Real Estate ETFs"
"Vanguard Morningstar Mid-Cap ETF","VO","103559.55","67.42474916387959866220735785953177257525",".5686","-2.132","-.1376","-.7826","10.5467","9.5875","Style Box - Mid Cap Blend","Style Box - Mid Cap Blend"
"Vanguard Morningstar Mid-Cap Value ETF","VOE","23095.37","69.08831908831908831908831908831908831909",".3497","-4.0112","-.4137","-.5679","7.9426","15.8321","Style Box - Mid Cap Value","Style Box - Mid Cap Value"
"Tema Electrification ETF","VOLT","741.28","61.2527312454479242534595775673707210488","1.5763","4.11","2.2266","-6.2293","5.6978","26.9178","Energy - Broad","Energy ETFs"
"Vanguard Russell 1000 Index Fund ETF Shares","VONE","8607.73","92.790803897685749086479902557856272838",".7813",".678","-.2253","3.2001","17.4194","15.5522","Style Box - Large Cap Blend","Style Box - Large Cap Blend"
"Vanguard Russell 1000 Growth Index Fund ETF Shares","VONG","47021.61","93.65671641791044776119402985074626865672","1.0974","4.4125",".6695","4.9901","18.4711","8.2761","Style Box - Large Cap Growth","Style Box - Large Cap Growth"
"Vanguard Russell 1000 Value Index Fund ETF Shares","VONV","21442.59","83.26967150496562261268143621084797555386",".4778","-2.6322","-1.0497","1.4252","16.5338","24.063","Style Box - Large Cap Value","Style Box - Large Cap Value"
"Vanguard 500 Index Fund ETF Shares","VOO","1044948.62","94.47097448142068348007760035815549917923",".7389",".8462","-.2008","3.5808","17.9663","16.2078","Style Box - Large Cap Blend","Style Box - Large Cap Blend"
"Vanguard S&P 500 Growth Index Fund ETF Shares","VOOG","27632.96","100",".9453","3.731",".4179","6.3682","25.7971","19.0265","Style Box - Large Cap Growth","Style Box - Large Cap Growth"
"Vanguard S&P 500 Value Index Fund ETF Shares","VOOV","6552.45","75.00719010641357492090882945067587000288",".385","-2.6252","-1.089",".1213","9.2797","12.7113","Style Box - Large Cap Value","Style Box - Large Cap Value"
"Vanguard Morningstar Mid-Cap Growth ETF","VOT","19124.31","74.48361546824041000155303618574312781488",".8985",".5565",".2285","-1.089","14.142","1.1102","Style Box - Mid Cap Growth","Style Box - Mid Cap Growth"
"TCW Transform 500 ETF","VOTE","1124.57","94.45234708392603129445234708392603129445",".7435",".8615","-.2757","3.5398","18.4194","16.2568","Style Box - Large Cap Blend","Style Box - Large Cap Blend"
"Vanguard Communication Services Index Fund ETF Shares","VOX","5750.1","63.0758070366340224882118244468625317374",".6616","1.1765","-2.0448","1.4297","4.8503","3.1777","Communication Services - Broad","Communication Services ETFs"
"Vanguard Pacific Stock Index Fund ETF Shares","VPL","8645.06","92.42993354521814504478474429355677549841","1.5825","2.4816",".5876","5.493","19.9817","36.2835","Geographic - Broad Pacific","Asia-Pacific (Developed) ETFs"
"Vanguard Utilities Index Fund ETF Shares","VPU","7684.2","6.63293985385047779651489600899381675098",".4246","-5.8175",".6823","-11.9631","-12.4568","-6.7877","Utilities  - Broad","Utilities/Infrastructure ETFs"
"Invesco Variable Rate Investment Grade ETF","VRIG","1853.1","15.15151515151515151515151515151515151515",".0599",".2043",".04",".9557","2.1033","4.2969","Corporates - Floating Rate","Investment Grade Corporate Bond ETFs"
"Invesco Variable Rate Preferred ETF","VRP","2995.19","6.08695652173913043478260869565217391304",".2961","-1.2233","-.2944","-1.6617",".729","1.8374","Corporates - Floating Rate","Convertibles/CEFs/OET/Preferred Stock ETFs"
"VictoryShares Dividend Accelerator ETF","VSDA","207.58","51.17115266077665913293610026710499280871",".3244","-5.2349","-1.1972","-4.3951","4.9758","8.0262","Strategy - Dividend Growth","Style Box - Large Cap Value"
"Vanguard Short Duration Bond ETF Shares","VSDB","990.69",".3773584905660377358490566037735849056604",".3983","-1.0698","-.0714","-.9396","-.0488",".9407","Short-Term Bond ETF","Short-Term Bond ETF"
"Vanguard ESG International Stock ETF Shares","VSGX","6602.48","82.22490931076178960096735187424425634825","1.3305","-1.3258","-.9481","1.0216","14.8427","19.7444","Strategy - Socially Responsible","World ETFs"
"Applied Finance Valuation Large Cap ETF","VSLU","564.39","94.08515535097813578826237054085155350978",".6303","-.1716","-.4726","4.4333","16.1027","13.883","Style Box - Large Cap Blend","Style Box - Large Cap Blend"
"Vanguard FTSE All-World ex-US Small-Cap Index Fund ETF Shares","VSS","11579.68","72.72021730694606131160263872720217306946","1.0058","-1.9953","-1.1055",".5384","6.8946","11.9439","Foreign Small/Mid Growth ETF","Foreign Small/Mid Growth ETF"
"Vanguard Total World Stock Index Fund ETF Shares","VT","80521.36","88.43971631205673758865248226950354609929",".8428","-.357","-.5624","2.1569","14.8749","16.4613","World Small/Mid Stock ETF","World Small/Mid Stock ETF"
"Vanguard Russell 3000 Index Fund ETF Shares","VTHR","4794.19","91.43782783091638383215057081147793890774",".8219",".5418","-.1951","2.7827","17.2669","15.7088","Style Box - All Cap Blend","Style Box - All Cap Blend"
"Vanguard Morningstar Total Stock Market ETF","VTI","684854.38","91.31093362709997245937758193335169374828",".749",".5481","-.2171","2.7621","17.3676","15.8125","Style Box - All Cap Blend","Style Box - All Cap Blend"
"Vanguard Morningstar Value ETF","VTV","185292.09","76.97132616487455197132616487455197132616",".2446","-3.1776","-1.1605","-.421","11.3403","18.6911","Style Box - Large Cap Value","Style Box - Large Cap Value"
"Vanguard Russell 2000 Growth Index Fund ETF Shares","VTWG","1429.35","63.56491714702610554905445036767361562577",".9573","-3.624",".1943","-6.547","13.877","12.3443","Style Box - Small Cap Growth","Style Box - Small Cap Growth"
"Vanguard Russell 2000 Index Fund ETF Shares","VTWO","16387.85","68.66644929898924029996739484838604499511",".9142","-4.0203","-.1581","-5.106","12.6798","16.6674","Style Box - Small Cap Blend","Style Box - Small Cap Blend"
"Vanguard Russell 2000 Value Index Fund ETF Shares","VTWV","1308.48","73.64177385294682280668074486465732386255",".7759","-4.3709","-.609","-3.662","11.4699","21.2943","Style Box - Small Cap Value","Style Box - Small Cap Value"
"Vanguard Morningstar Growth ETF","VUG","232143.73","100","1.0418","4.1792",".353","6.738","24","13.6183","Style Box - Large Cap Growth","Style Box - Large Cap Growth"
"Vanguard Ultra-Short Bond ETF Shares","VUSB","10124.11",".8064516129032258064516129032258064516129",".3766",".0728",".1132",".615","1.6628","3.4009","US Treasury - Ultra Short","Money Market/Ultra-Short Term ETFs"
"Vident U.S. Equity Strategy ETF","VUSE","679.28","87.96821793416572077185017026106696935301","-.048",".277","-.6427","1.5475","15.1128","9.6298","Style Box - All Cap Value","Style Box - All Cap Value"
"Vanguard Morningstar Large-Cap ETF","VV","54148.95","95.08004112204435306212365986194742252901",".7349","1.0305","-.241","3.7731","18.3938","15.957","Style Box - Large Cap Blend","Style Box - Large Cap Blend"
"Vanguard Emerging Markets Stock Index Fund ETF Shares","VWO","124320.44","79.15742793791574279379157427937915742794",".8978","-1.804","-.9973","1.0733","11.0084","11.171","Geographic - Broad Emerging Markets","Broad Emerging Market ETFs"
"Vanguard Emerging Markets Government Bond Index Fund ETF Shares","VWOB","6066.89",".1763668430335097001763668430335097001764",".5351","-3.6891","-1.5686","-4.9212","-1.6229","-.3701","Sovereign - Investment Grade","Emerging Market Bond ETFs"
"Vanguard Extended Market Index Fund ETF Shares","VXF","30316.86","71.8322866642039157739194680458071666051",".9609","-1.5237",".0851","-3.0136","13.5651","12.4663","Style Box - Mid Cap Blend","Style Box - Mid Cap Blend"
"Vanguard Total International Stock Index Fund ETF Shares","VXUS","159634.38","81.65024630541871921182266009852216748768","1.1485","-1.8056","-1.0654",".8795","10.9606","17.9529","Foreign Large Blend ETF","Foreign Large Blend ETF"
"iPath Series B S&P 500 VIX Short-Term Futures ETN","VXX","324.67","1.09553023663453111305872042068361086766","-2.1922","-3.4406",".578","-21.0526","-49.8559","-47.9665","Volatilty - Short Term","Volatility ETFs"
"Vanguard High Dividend Yield Index Fund ETF Shares","VYM","78815.18","64.24221921515561569688768606224627875507",".7145","-4.2261","-.7737","-1.3375","6.8978","13.6438","Style Box - Large Cap Value","Style Box - Large Cap Value"
"Vanguard International High Dividend Yield Index Fund ETF Shares","VYMI","20747.02","72.57331681123502684840974803800082610492",".6712","-4.2919","-2.4464","2.052","8.0644","22.8172","Foreign Large Value ETF","Foreign Large Value ETF"
"Pabrai Wagons ETF","WAGN","284.23","52.97029702970297029702970297029702970297",".2654","-7.5558","-1.4351","8.8617","5.2375","0","World Small/Mid Stock ETF","World Small/Mid Stock ETF"
"WisdomTree Cloud Computing ETF","WCLD","288.36","89.97901364113326337880377754459601259182","-.6026",".7082","2.3833","23.031","48.3987","17.2257","Technology  - Cloud Computing","Technology ETFs"
"First Trust WCM International Equity ETF","WCMI","2058.25","77.95823665893271461716937354988399071926","1.0016","-2.2947","-1.0331","-.9307","13.3168","12.7904","Foreign Large Blend ETF","Foreign Large Blend ETF"
"Weitz Core Plus Bond ETF","WCPB","240.88",".6138735420503376304481276856967464702271","-.1854","-2.7514","-.7603","-3.1338","-1.9712","-.6527","Total Bond Market - Broad","Total Bond Market ETFs"
"State Street SPDR S&P Global Dividend ETF","WDIV","274.64","68.5466983107636465168225603797291637582",".6648","-3.2977","-1.6319","1.9889","8.1978","16.4058","Global Large-Cap Value Equity ETF","Global Large-Cap Value Equity ETF"
"Teucrium Wheat ETF","WEAT","285.64","59.97536945812807881773399014778325123153",".1214","-11.163","-2.9412","10.4418","8.2204","18.9904","Agriculture - Wheat","Agricultural ETFs"
"Tema U.S. Manufacturing & Reshoring ETF","WELD","274.37","30.42495479204339963833634719710669077758","2.157","3.4596","2.5253","-7.3156","0","0","Industrials  - Broad","Industrials ETFs"
"CoinShares Bitcoin Mining and Digital Power ETF","WGMI","271.08","32.71310032687955745536836811667085743022","2.0252","6.582","-5.9726","-14.7584","26.7897","-2.4737","Digital Economy ETF","Digital Economy ETF"
"Harbor Long-Term Growers ETF","WINN","1223.44","100","1.138","4.1779",".2603","6.7776","23.6974","10.6288","Style Box - All Cap Growth","Style Box - All Cap Growth"
"State Street SPDR FTSE International Government Inflation-Protected Bond ETF","WIP","453.62","5.49132947976878612716763005780346820809","1.132","-2.9749","-1.0153","-1.0763",".5842","3.5499","Sovereign - Inflation-Protected","Inflation-Protected Bond ETFs"
"iShares Global Timber & Forestry ETF","WOOD","254.26","9.765121363305117999887886092269746062",".2099","-6.8626","-4.2733","-.5754","-5.027","-7.7792","Materials  - Timber","Materials ETFs"
"WisdomTree Quantum Computing Fund","WQTM","354.2","51.02834908282379099499722067815453029461",".9317","3.4044","-.5812","-8.6052","28.5347","0","Technology  - broad","Technology ETFs"
"iShares MSCI World Small-Cap ETF","WSML","658.86","71.75717980127943378249625697563631414183",".745","-3.1285","-.7801","-2.0722","9.8539","15.6217","World Small/Mid Stock ETF","World Small/Mid Stock ETF"
"WisdomTree Artificial Intelligence and Innovation Fund","WTAI","689.59","86.12395929694727104532839962997224791859","1.933","13.8303","3.1854","6.5304","56.8119","55.0402","Artificial Intelligence and Robotics ETF","Artificial Intelligence and Robotics ETF"
"WisdomTree Managed Futures Strategy ETF","WTMF","280.04","79.93966817496229260935143288084464555053",".5656","1.3539","2.2036","4.8145","6.8888","14.7305","Derivative Based ETF","Hedge Fund ETFs"
"WisdomTree Equity Premium Income Fund","WTPI","550.7","64.89361702127659574468085106382978723404",".4576",".9152",".854","3.2618","9.029","10.867","Derivative Based ETF","Style Box - Large Cap Blend"
"WisdomTree U.S. Value Fund","WTV","3165.31","69.86111111111111111111111111111111111111",".2722","-4.5781","-.456",".5381","10.2093","15.3326","Style Box - Large Cap Value","Style Box - Large Cap Value"
"Inspire International ETF","WWJD","569.03","59.6992481203007518796992481203007518797","1.1521","-4.9145","-1.6855",".2971","4.8668","11.1128","Strategy - Socially Responsible","World ETFs"
"Eaton Vance Income Opportunities ETF","XAGG","1805.21","3.14543755839302398006851448146994705699",".2098","-1.953","-.546","-1.7639",".3731","0","Total Bond Market - Broad","Total Bond Market ETFs"
"State Street SPDR S&P Aerospace & Defense ETF","XAR","5552.61","18.38933059758912541677353167478840728392",".6434","-6.7906","-2.6602","-18.8972","-10.1313","-1.9284","Industrials  - Aerospace & Defense","Industrials ETFs"
"BondBloxx BB-Rated USD High Yield Corporate Bond ETF","XBB","514.76",".6756756756756756756756756756756756756757",".0381","-2.8179","-1.1793","-2.6425","-.8598",".9511","Corporates - Junk/High Yield","High-Yield/Junk Bond ETFs"
"NEOS Boosted Bitcoin High Income ETF","XBCI","211.29","56.70404680643588493417844953681131155534","-.4577","15.9281",".2183","41.7783","22.1422","0","Derivative Based ETF","Digital Economy ETF"
"State Street SPDR S&P Biotech ETF","XBI","10147.44","77.0596267637687756030951297223486572599","-.0518","-6.6155","-.387","-3.7579","19.8574","51.0621","Healthcare - Biotech","Health Care ETFs"
"F/m US Treasury 6 Month Bill ETF","XBIL","756.75","22.22222222222222222222222222222222222222","0",".2379",".0979",".8726","1.7204","3.5531","US Treasury - Ultra Short","Government Bond ETFs"
"Roundhill Ultra Short Duration No Dividend Target ETF","XBOX","373.1","100",".0396",".3373",".0396","1.0389","2.1098","0","Hedge Fund - Long/Short","Hedge Fund ETFs"
"BondBloxx CCC-Rated USD High Yield Corporate Bond ETF","XCCC","225.83",".1838235294117647058823529411764705882353",".0298","-4.7902","-2.5812","-5.8569","-2.7199","-4.2803","Corporates - Junk/High Yield","High-Yield/Junk Bond ETFs"
"Columbia EM Core ex-China ETF","XCEM","2123.65","87.63866877971473851030110935023771790808","2.3337","2.7534",".2477","3.9305","29.2875","43.3787","Geographic - Broad Emerging Markets","Broad Emerging Market ETFs"
"AB US Equity ETF","XCHG","709.99","90.88289771557933731220415723399876517802",".7727",".3423","-.2103","3.2217","15.2288","0","Style Box - All Cap Blend","Style Box - All Cap Blend"
"FT Vest U.S. Equity Enhance & Moderate Buffer ETF - December","XDEC","208.17","100",".1597",".6766",".0798","2.434","8.2998","9.3275","Derivative Based ETF","Defined Outcome"
"Roundhill S&P 500 0DTE Covered Call Strategy ETF","XDTE","334.06","27.85388127853881278538812785388127853881",".9181",".7301",".1057","3.5296","15.5654","13.8073","Derivative Based ETF","Derivative Based ETF"
"State Street SPDR S&P Oil & Gas Equipment & Services ETF","XES","356.31","62.7097955447055233445224290509612450412",".0275","-12.5568","-3.0292","2.5855","-4.8423","52.283","Energy - Equipment and services","Energy ETFs"
"State Street SPDR S&P Homebuilders ETF","XHB","1442.02","6.94339622641509433962264150943396226415","-.0827","-3.8887","-1.6477","-13.6142","-.8392","-12.4028","Industrials  - Engineering and Construction","Industrials ETFs"
"BondBloxx Bloomberg Six Month Target Duration US Treasury ETF","XHLF","2006.4","3.27868852459016393442622950819672131148",".02","-.0598","-.1991",".4794","1.3435","3.4619","US Treasury - Ultra Short","Government Bond ETFs"
"State Street SPDR S&P Health Care Services ETF","XHS","217.01","86.52916214349156222244152768183163919866","1.399","-1.6438","-1.0807","-3.1649","31.9223","31.6158","Healthcare - Services","Health Care ETFs"
"iShares ESG Select Screened S&P Mid-Cap ETF","XJH","408.73","69.64980544747081712062256809338521400778",".9971","-1.5661",".7005","-3.1958","9.2548","14.3344","Strategy - Socially Responsible","Style Box - Mid Cap Blend"
"iShares ESG Select Screened S&P Small-Cap ETF","XJR","203.68","68.49567978731260615907244664352706594786","1.2867","-3.0424",".1815","-5.2159","12.3686","16.0681","Strategy - Socially Responsible","Style Box - Small Cap Blend"
"State Street Materials Select Sector SPDR ETF","XLB","7754.14","57.95454545454545454545454545454545454545",".6593","-7.2926","-1.8876","-5.617","-2.238","10.8527","Materials  - Broad","Materials ETFs"
"State Street Communication Services Select Sector SPDR ETF","XLC","22323.32","33.60544217687074829931972789115646258503",".3456","-1.5441","-2.3371",".9891","-.6555","-4.0784","Communication Services - Broad","Communication Services ETFs"
"State Street Energy Select Sector SPDR ETF","XLE","39924.12","86.66380789022298456260720411663807890223",".1914","-2.9182","1.2573","18.7529","7.3167","45.5073","Energy - Broad","Energy ETFs"
"State Street Financial Select Sector SPDR ETF","XLF","51056.73","52.8372093023255813953488372093023255814",".0561","-6.8912","-2.4617","-3.4762","8.7697","1.8105","Financials-Broad","Financials ETFs"
"Invesco S&P 500 Top 50 ETF","XLG","11693.99","97.10884353741496598639455782312925170068",".9903","2.8921","-.0778","5.9418","17.3841","11.9417","Style Box - Large Cap Blend","Style Box - Large Cap Blend"
"State Street Industrial Select Sector SPDR ETF","XLI","30131.92","57.18717683557394002068252326783867631851",".7768","-1.3746","-.2816","-7.3433","4.3226","11.4357","Industrials  - Broad","Industrials ETFs"
"State Street Technology Select Sector SPDR ETF","XLK","128687.62","100","1.0111","8.9492","1.8036","10.7651","47.2598","40.2327","Technology  - broad","Technology ETFs"
"State Street Consumer Staples Select Sector SPDR ETF","XLP","13404.81","34.2123525329632199861207494795281054823",".249","-5.2138","-1.8645","-4.6116","-.2994","6.1415","Consumer Staples - Broad","Consumer Staples ETFs"
"State Street Real Estate Select Sector SPDR ETF","XLRE","7611.23","13.33333333333333333333333333333333333333",".3196","-5.8661","-1.8046","-7.8676","-.1541",".8185","Real Estate   - REITs","Real Estate ETFs"
"State Street US Sector Rotation ETF","XLSR","1078.66","96.77533039647577092511013215859030837004",".7528","1.7235","-.1626","4.1902","14.9708","11.8483","Style Box - All Cap Blend","Style Box - All Cap Blend"
"State Street Utilities Select Sector SPDR ETF","XLU","21462.85","6.83962264150943396226415094339622641509",".378","-5.9518",".8099","-12.3025","-12.7864","-6.6061","Utilities  - Broad","Utilities/Infrastructure ETFs"
"State Street Health Care Select Sector SPDR ETF ETF","XLV","42848.91","71.83516157723095167506670619626445300919","-.012","-3.5431","-2.6479","1.8824","14.0784","17.8364","Healthcare - Broad","Health Care ETFs"
"State Street Consumer Discretionary Select Sector SPDR ETF","XLY","21267.62","23.22375397667020148462354188759278897137","1.1304","-3.9839","-.4703","-5.8367","2.1889","-7.2901","Consumer Discretionary - Broad","Consumer Discretionary ETFs"
"State Street SPDR S&P Metals & Mining ETF","XME","4124.69","40.31725049570389953734302709847984137475","1.3904","-11.424","-2.3908",".6495","-4.4114","9.7389","Materials  - Broad","Materials ETFs"
"Invesco S&P MidCap Quality ETF","XMHQ","5408.92","70.83519428316212594908441268423403305047",".2122","-2.9799",".452",".1533","9.0861","8.2474","Style Box - Mid Cap Blend","Style Box - Mid Cap Blend"
"Invesco S&P MidCap Low Volatility ETF","XMLV","687","22.34894443096335840815336083474884736714",".7654","-5.2221","-1.2113","-4.7932","1.172","3.6365","Style Box - Mid Cap Blend","Style Box - Mid Cap Blend"
"Invesco S&P MidCap Momentum ETF","XMMO","7128","49.09132212630622444343480236256247160382","1.3861",".0517","2.4841","-7.0379","2.912","12.2355","Style Box - Mid Cap Growth","Style Box - Mid Cap Growth"
"Invesco S&P MidCap Value with Momentum ETF","XMVM","499.85","75.38699690402476780185758513931888544892","1.0876","-3.9809",".0559","1.4363","9.9208","18.3252","Style Box - Mid Cap Value","Style Box - Mid Cap Value"
"State Street SPDR NYSE Technology ETF","XNTK","2104.34","99.02375750955761878754778809393773894047",".9886","10.7025","1.6028","7.0348","49.6917","39.2846","Technology  - broad","Technology ETFs"
"Xtrackers S&P 100 Ex Top 20 ETF","XOEX","271.72","70.04984768762115757407920243699806147881",".3958","-3.5512","-.9329","-1.8993","12.591","0","Style Box - Large Cap Value","Style Box - Large Cap Value"
"BondBloxx Bloomberg One Year Target Duration US Treasury ETF","XONE","852.84","1.61290322580645161290322580645161290323",".0204","-.2236","-.1627",".275","1.0326","2.9643","US Treasury - Short Term","Government Bond ETFs"
"State Street SPDR S&P Oil & Gas Exploration & Production ETF","XOP","3722.86","80.67006936264886794922130611176547572307",".3418","-3.8686","1.8898","20.0773","4.9042","42.6063","Energy - Exploration","Energy ETFs"
"ERShares Private-Public Crossover ETF","XOVR","1486.57","100","2.2076","5.4775","1.3979","3.619","28","2.8355","Style Box - Large Cap Blend","Style Box - Large Cap Blend"
"State Street SPDR S&P Pharmaceuticals ETF","XPH","513.45","61.03216155572176514584891548242333582648","-.2195","-10.8974","-3.7071","-5.1792","16.4852","32.4107","Healthcare - Pharma","Health Care ETFs"
"NEOS Boosted Nasdaq-100 High Income ETF","XQQI","383.77","75.27472527472527472527472527472527472527","1.2044","9.3136",".8813","6.5676","26.2738","0","Derivative Based ETF","Style Box - Large Cap Growth"
"Bitwise XRP ETF","XRP","360.22","35.69979716024340770791075050709939148073","-1.9678","9.6","-6.5378","35.6436","12.3718","0","Digital Economy ETF","Digital Economy ETF"
"Canary XRP ETF","XRPC","346.26","35.43809861653068463994324228449804895353","-1.9867","9.2502","-6.5908","35.3299","12.1583","0","Digital Economy ETF","Digital Economy ETF"
"Franklin XRP ETF","XRPZ","359.79","35.87412587412587412587412587412587412587","-1.8428","9.4521","-6.495","35.6537","12.5907","0","Digital Economy ETF","Digital Economy ETF"
"State Street SPDR S&P Retail ETF","XRT","437.9","35.50099535500995355009953550099535500995",".0121","-4.1408",".194","-5.9696","3.1568","-3.9239","Consumer Discretionary - Retail","Consumer Discretionary ETFs"
"State Street SPDR S&P Semiconductor ETF","XSD","3162.34","73.88084447883276224162705869348955454847","3.5859","16.4104","2.676","-.0856","65.0655","68.9803","Technology  - Semiconductors","Technology ETFs"
"Invesco S&P SmallCap Quality ETF","XSHQ","288.6","58.73873873873873873873873873873873873874",".8084","-3.7603",".6537","-3.8226","9.0005","7.8304","Style Box - Small Cap Blend","Style Box - Small Cap Blend"
"Invesco S&P SmallCap Low Volatility ETF","XSLV","235.69","50.426091530773277222514466070489216202",".819","-4.4211","-.9445","-5.3317","5.3663","10.1999","Style Box - Small Cap Blend","Style Box - Small Cap Blend"
"Invesco S&P SmallCap Momentum ETF","XSMO","2880.66","59.71223021582733812949640287769784172662","1.8033","-.0379",".979","-7.4535","7.8391","14.1523","Style Box - Small Cap Growth","Style Box - Small Cap Growth"
"WisdomTree Emerging Markets ex-State-Owned Enterprises ETF","XSOE","2069","74.37193082342893744217493416838659170166","1.3672",".284","-.1153","1.2856","20.1027","25.59","Strategy - Socially Responsible","Broad Emerging Market ETFs"
"Invesco S&P SmallCap Value with Momentum ETF","XSVM","589.3","66.78930962236189892176401451274975726915",".6842","-4.3448","-.8089","-4.1935","9.5944","19.4863","Style Box - Small Cap Value","Style Box - Small Cap Value"
"State Street SPDR S&P Software & Services ETF","XSW","484.98","83.34678504170029593758407317729351627657","-.8267","-1.9906","1.1705","12.1734","36.5882","-.6625","Technology  - Software","Technology ETFs"
"iShares Future Exponential Technologies ETF","XT","3984.08","99.41006113911830955700954628338517644535","1.153","3.1441",".3643","2.517","23.2971","22.2831","Technology  - broad","Technology ETFs"
"State Street SPDR S&P Telecom ETF","XTL","540.57","67.44934342116705800504391686233585529176","2.0687",".8693","2.2474","-2.6527","6.3566","46.335","Communication Services - Broad","Communication Services ETFs"
"State Street SPDR S&P Transportation ETF","XTN","299.43","56.37496754089846793040768631524279407946","1.7751","-2.2086","1.9911","-12.7574","5.868","20.7743","Industrials  - Transportation/Shipping","Industrials ETFs"
"iShares ESG Select Screened S&P 500 ETF","XVV","679.78","93.02463891248937977909940526762956669499",".7181",".4697","-.1834","3.8364","18.707","14.701","Strategy - Socially Responsible","Style Box - Large Cap Blend"
"Global X S&P 500 Covered Call ETF","XYLD","3389.62","100",".3849","1.3173",".168","4.6672","11.3533","17.0056","Style Box - Large Cap Blend","Derivative Based ETF"
"Direxion Daily FTSE China Bull 3X ETF","YINN","574.72","5.08875739644970414201183431952662721893","-6.4972","-19.6832","-6.9104","7.4529","-24.8272","-57.426","Derivative Based ETF","Leveraged Equity ETFs"
"Principal Active High Yield ETF","YLD","611.64","1.01010101010101010101010101010101010101",".6794","-2.2002","-.728","-1.3546","1.2346","2.2304","Corporates - Junk/High Yield","High-Yield/Junk Bond ETFs"
"YieldMax Magnificent 7 Fund of Option Income ETFs","YMAG","292.26","13.00813008130081300813008130081300813008","1.5138","5.4315","-.0078","9.0445","16.8951","6.9124","Derivative Based ETF","Technology ETFs"
"YieldMax Universe Fund of Option Income ETFs","YMAX","364.1","5.62180579216354344122657580919931856899",".6623","5.8619","-1.4208","6.1338","23.5894","-6","Derivative Based ETF","Derivative Based ETF"
"Horizon Digital Frontier ETF","YNOT","208.75","92.82147315855181023720349563046192259675","1.6279","6.3355","1.3874","7.5974","27.0076","18.4032","Technology  - broad","Technology ETFs"
"YOKE Core ETF","YOKE","225.93","74.77064220183486238532110091743119266055",".5195","-.2008","-.2295","-1.83","12.0462","14.3064","Moderate Allocation","Total Portfolio ETFs"
"Amplify CEF High Income ETF","YYY","658.14",".6369426751592356687898089171974522292994",".0967","-6.3506","-1.3195","-7.1119",".7279","-.5063","Strategy - CEFs/OET","Convertibles/CEFs/OET/Preferred Stock ETFs"
"Innovator U.S. Equity 10 Buffer ETF - Quarterly","ZALT","797.07","94.5987654320987654320987654320987654321",".2169",".5221","-.4453","2.3479","6.1409","8.5343","Derivative Based ETF","Defined Outcome"
"Global X U.S. Electrification ETF","ZAP","439.44","32.86189683860232945091514143094841930116",".8369","-1.165","1.0607","-8.9134","-4.1105","5.8688","Energy - Broad","Energy ETFs"
"The Zcash ETF","ZCSH","820.68","63.42732134175984443364122508507535245503","-3.0752","56.917","-17.2923","0","0","0","Digital Economy ETF","Digital Economy ETF"
"Zacks Earnings Consistent Portfolio ETF","ZECP","371.35","77.30496453900709219858156028368794326241",".7543","-.9796","-.1762","-1.5012","9.4848","11.5936","Style Box - All Cap Blend","Style Box - All Cap Blend"
"Innovator Equity Defined Protection ETF - 1 Yr September","ZSEP","235.76","99.5483870967741935483870967741935483871",".1541",".3339",".1541","1.2868","4.2961","5.2269","Derivative Based ETF","Defined Outcome"
