Company Name,Ticker,Market Value (mil),Price as a % of 52 Wk H-L Range,Performance 1D (%),Performance 1M (%),Performance 1W (%),Performance 3M (%),Performance 6M (%),Performance 1Y (%),Investment Strategy,Investment Category
"Amplius Aggressive Asset Allocation ETF","AAAA","283.58","94.27545815227659172491970527111279047799",".4712","1.5782","-.8557","2.4219","9.8942","21.5937","Strategy - Aggressive Growth","Total Portfolio ETFs"
"Goldman Sachs Physical Gold ETF","AAAU","2749.58","61.50187734668335419274092615769712140175","1.9485","13.037","5.468","1.6525","-9.467","38.1277","Precious Metals - Gold","Precious Metals ETFs"
"Alpha Architect US Equity 2 ETF","AAEQ","506.51","91.83255269320843091334894613583138173302",".4284","2.3709","-1.3099","2.9672","11.4032","0","Style Box - All Cap Blend","Style Box - All Cap Blend"
"Tradr 2X Long AAOI Daily ETF","AAOX","276.15","10.02492070684186678749433620299048482102","-7.3057","-12.6171","-34.1909","-72.3211","0","0","Derivative Based ETF","Single Stock ETF"
"Alpha Architect US Equity 3 ETF","AAUA","368.08","92.93354943273905996758508914100486223663",".4584","2.3547","-1.2773","4.0938","0","0","Style Box - All Cap Blend","Style Box - All Cap Blend"
"Alpha Architect US Equity 4 ETF","AAUB","846.05","72.54798843018669471469892190376018932422",".3947","0","-1.7383","0","0","0","Style Box - All Cap Blend","Style Box - All Cap Blend"
"Alpha Architect U.S. Equity ETF","AAUS","500.33","92.00633858614314640373272295096399330927",".4353","2.5017","-1.2882","3.1009","11.1679","20.5665","Style Box - Large Cap Blend","Style Box - Large Cap Blend"
"iShares MSCI All Country Asia ex Japan ETF","AAXJ","3839.58","79.44777285751497785881740036467830164105",".5793","2.3763",".4404","2.1891","10.1224","37.7092","Geographic - Broad Pacific","Asia-Pacific (Emerging) ETFs"
"Abacus FCF Leaders ETF","ABFL","535.92","83.08510638297872340425531914893617021277",".4718","-.6965","-2.1163","2.718","12.6668","21.744","Style Box - All Cap Blend","Style Box - All Cap Blend"
"Aptus Collared Investment Opportunity ETF","ACIO","2398.93","88.45553822152886115444617784711388455538",".2781","1.5601","-1.4922","1.16","7.5124","11.836","Derivative Based ETF","Hedge Fund ETFs"
"American Century Large Cap Equity ETF","ACLC","321.18","91.1753684736447664251811141643767174619",".4425","2.4029","-1.1494","3.8231","9.5229","17.2428","Strategy - Socially Responsible","Style Box - Large Cap Blend"
"TCW AAA CLO ETF","ACLO","577.49","73.63420427553444180522565320665083135392","0",".4659",".1389","1.3093","2.3965","5.0605","Asset Backed - MBS","Mortgage-Backed Security ETFs"
"iShares MSCI ACWI ETF","ACWI","33081.8","94.42961974649766511007338225483655770514",".5251","2.8921","-.9119","3.9371","9.6117","23.4891","Global Large-Cap Blend Equity ETF","Global Large-Cap Blend Equity ETF"
"iShares MSCI Global Min Vol Factor ETF","ACWV","3375.68","100",".6169","4.4246",".3471","5.0673","3.7754","7.9064","Global Large-Cap Blend Equity ETF","Global Large-Cap Blend Equity ETF"
"iShares MSCI ACWI ex U.S. ETF","ACWX","12352.54","98.985415345592897907419150285351934052",".8279","3.8093",".0899","4.638","6.3038","27.379","Foreign Large Blend ETF","Foreign Large Blend ETF"
"FT Vest Laddered Autocallable Barrier & Income ETF","ACYN","1625.45","79.54545454545454545454545454545454545455",".2901","1.2482","0","2.4702","0","0","Derivative Based ETF","Defined Outcome"
"FT Vest Laddered Autocallable Barrier & Resilient Income ETF","ACYS","348.84","85",".3922",".7088","-.1463","1.8085","0","0","Derivative Based ETF","Defined Outcome"
"Aptus Drawdown Managed Equity ETF","ADME","303.88","89.40180586907449209932279909706546275395",".3209","1.4054","-1.4274","1.4461","8.2833","15.2351","Style Box - Large Cap Growth","Style Box - Large Cap Growth"
"Anfield U.S. Equity Sector Rotation ETF","AESR","251.44","78.39285714285714285714285714285714285714",".7767",".3543","-1.701","2.294","13.3653","23.8928","Style Box - Large Cap Blend","Style Box - Large Cap Blend"
"Anfield Universal Fixed Income ETF","AFIF","293.27","66.66666666666666666666666666666666666667","-.106",".1595","-.106","1.02","1.0999","4.1686","Total Bond Market - Broad","Total Bond Market ETFs"
"Allspring Broad Market Core Bond ETF","AFIX","200.78","7.93021411578112609040444091990483743061","-.2246","-.1069","-.0818",".1302","-1.639","2.8631","Total Bond Market - Broad","Total Bond Market ETFs"
"First Trust Active Factor Large Cap ETF","AFLG","747.05","93.19994934785361529694820818032164112954",".4484","2.1898","-1.0382","3.6675","10.1444","21.3306","Style Box - Large Cap Blend","Style Box - Large Cap Blend"
"First Trust Active Factor Mid Cap ETF","AFMC","208.79","92.01378014406514249921703726902599436267",".7328","1.5513","-1.8212","6.0388","9.5601","26.2828","Style Box - Mid Cap Blend","Style Box - Mid Cap Blend"
"ARS Focused Opportunity Strategy ETF","AFOS","300.62","93.94584727715241861880133860663218740493",".8554","3.4191","-1.8497","7.0679","19.1923","69.5638","Style Box - All Cap Value","Style Box - All Cap Value"
"abrdn Emerging Markets Dividend Active ETF","AGEM","367.73","89.17255114973746152453376787977548433822","1.9613","3.9008","1.5749","5.1527","11.5567","45.1009","Geographic - Broad Emerging Markets","Broad Emerging Market ETFs"
"iShares Core U.S. Aggregate Bond ETF","AGG","138153.08","2.64423076923076923076923076923076923077","-.1436","-.0536","-.1334",".0099","-1.5532","2.4754","Total Bond Market - Broad","Total Bond Market ETFs"
"Simplify Aggregate Bond ETF","AGGH","594.51","6.4","0","-.0751","-.2011","-.0742","-1.626","3.9942","Total Bond Market - Broad","Total Bond Market ETFs"
"WisdomTree Yield Enhanced U.S. Aggregate Bond ETF","AGGY","906.72","4.72972972972972972972972972972972972973","-.152","-.2234","-.0819","-.2195","-1.9533","2.2997","Total Bond Market - Broad","Total Bond Market ETFs"
"KraneShares Public-Private AI & Technology ETF","AGIX","668.27","74.95872317006053935057787561915244909191",".3356","1.9318","-3.9203",".403","30.3021","39.8587","Artificial Intelligence and Robotics ETF","Artificial Intelligence and Robotics ETF"
"Adaptive Alpha Opportunities ETF","AGOX","387.84","84.96395468589083419155509783728115345005","-.5845","1.6736","-1.477","1.3405","15.322","19.0021","Target Outcome","Total Portfolio ETFs"
"ProShares Ultra Silver","AGQ","1625.6","10.76364892881824464409122322045611610228","3.3314","37.0404","14.2119","-23.4533","-42.8653","74.1731","Derivative Based ETF","Leveraged Commodity ETFs"
"iShares Agency Bond ETF","AGZ","571.1","5.21148036253776435045317220543806646526","-.3043",".237","-.2116",".5403","-.2483","2.6993","Asset Backed - U.S. Agency","Government Bond ETFs"
"iShares Asia 50 ETF","AIA","5141.62","81.95602729340409401061410159211523881729",".5361","1.7935","-.108","2.8537","20.0832","67.8295","Geographic - Asia Developed","Asia-Pacific (Developed) ETFs"
"Allspring Income Plus ETF","AINP","218.81","14.43298969072164948453608247422680412371","-.4223","-.0718","-.3822",".558","-.0743","3.7169","Total Bond Market - Broad","Total Bond Market ETFs"
"REX AI Equity Premium Income ETF","AIPI","418.83","33.35469400833066324895866709388016661326",".5217","6.2422","-1.7859","4.2162","17.4685","20.2775","Derivative Based ETF","Artificial Intelligence and Robotics ETF"
"Defiance AI & Power Infrastructure ETF","AIPO","942.25","60.88117489986648865153538050734312416555","-.2071","-4.5244","-6.5309","-9.9096","10.5545","47.2049","Artificial Intelligence and Robotics ETF","Artificial Intelligence and Robotics ETF"
"Global X Artificial Intelligence & Technology ETF","AIQ","10172.41","73.70689655172413793103448275862068965517",".6346","3.9836","-1.1994","1.3104","27.1661","44.6572","Artificial Intelligence and Robotics ETF","Artificial Intelligence and Robotics ETF"
"First Trust RBA American Industrial Renaissance ETF","AIRR","10118.83","58.31207975886853698121956874565267795038","-.0953","-6.3911","-7.5992","-7.5177","-5.4074","29.0299","Industrials  - Broad","Industrials ETFs"
"VistaShares Artificial Intelligence Supercycle ETF","AIS","945.49","66.30310086810609044055956029656010821362","-.593","-3.2517","-5.8106","-2.094","52.6994","136.0152","Artificial Intelligence and Robotics ETF","Artificial Intelligence and Robotics ETF"
"WisdomTree U.S. AI Enhanced Value Fund","AIVL","429.47","92.18972758447963626555696836589218972758",".041","2.7686","-1.4873","8.1367","10.4937","20.2567","Style Box - Large Cap Value","Style Box - Large Cap Value"
"Akre Focus ETF","AKRE","5402.08","60.22280471821756225425950196592398427261",".6486","10.4783","1.5436","11.0255","7.305","0","Style Box - All Cap Growth","Style Box - All Cap Growth"
"Alger AI Enablers & Adopters ETF","ALAI","732.28","86.3984674329501915708812260536398467433",".7678","-.4462","-3.6493","2.5511","28.13","37.0814","Artificial Intelligence and Robotics ETF","Artificial Intelligence and Robotics ETF"
"State Street Bridgewater All Weather ETF","ALLW","1696.32","98.93190921228304405874499332443257676903",".2987","3.1047","1.0027","1.3754","1.8537","19.9044","Multi-Asset - Total Portfolio","Total Portfolio ETFs"
"GraniteShares 2x Long AMD Daily ETF","AMDL","899.12","54.92192803801765105227427019687712152071","1.7872","-28.8279","-15.7886","-7.5905","300.2423","357.9482","Derivative Based ETF","Single Stock ETF"
"YieldMax AMD Option Income Strategy ETF","AMDY","378.77","45.18842530282637954239569313593539703903",".7223","-18.9691","-8.0213","-11.5986","60.6946","72.0668","Derivative Based ETF","Single Stock ETF"
"Alerian MLP Index ETNs due January 28, 2044","AMJB","877.5","95.12044471896232242124768375540457072267","-.5867","2.8896","-.9827",".7023","7.6212","21.2358","Energy - MLP","MLP ETFs"
"Alerian MLP ETF","AMLP","13292.75","94.37675726335520149953139643861293345829","-.2914","2.5368","-.3821","2.9531","9.693","22.2107","Energy - MLP","MLP ETFs"
"InfraCap MLP ETF","AMZA","477.58","91.86046511627906976744186046511627906977",".8233","2.8261","-.3058","6.3088","16.4994","25.6135","Energy - MLP","MLP ETFs"
"Direxion Daily AMZN Bull 2X ETF","AMZU","293.16","60.21606387975575387505871301080319398779","-1.2912","5.2839","-3.3789","-13.4892","34.4772","8.3314","Derivative Based ETF","Single Stock ETF"
"YieldMax AMZN Option Income Strategy ETF","AMZY","235.28","14.13427561837455830388692579505300353357",".3213","4.3309","-.8686","-2.1817","16.0952","7.1554","Derivative Based ETF","Single Stock ETF"
"VanEck Fallen Angel High Yield","ANGL","3168.61","44.02985074626865671641791044776119402985",".0345",".6154","-.1377","1.6997",".72","6.0731","Corporates - Junk/High Yield","High-Yield/Junk Bond ETFs"
"SEI Ang Research Enhanced U.S. Large Cap ETF","ANGU","446.01","21.37096774193548387096774193548387096774",".4207","0","-1.2527","0","0","0","Style Box - Large Cap Blend","Style Box - Large Cap Blend"
"iShares Core 80/20 Aggressive Allocation ETF","AOA","3271.2","94.05003380662609871534820824881676808654",".4872","2.3677","-.7319","3.1844","7.0841","19.3304","Strategy - Aggressive Growth","Total Portfolio ETFs"
"iShares Core 30/70 Conservative Allocation ETF","AOK","794.26","88.24061510628674807779285391225689733152",".0969",".8902","-.3859","1.3446","1.9001","8.8416","Conservative","Total Portfolio ETFs"
"iShares Core 40/60 Moderate Allocation ETF","AOM","1776.06","91.64420485175202156334231805929919137466",".1812","1.2614","-.46","1.7386","2.8261","10.9182","Moderate Allocation","Total Portfolio ETFs"
"iShares Core 60/40 Balanced Allocation ETF","AOR","3735.65","93.08176100628930817610062893081761006289",".316","1.7925","-.626","2.4642","4.9926","15.0312","Moderate Allocation ","Total Portfolio ETFs"
"ActivePassive Core Bond ETF","APCB","1007.46",".406173842404549147034930950446791226645","-.1036","-.1675","-.2415",".0247","-1.4094","2.4526","Total Bond Market - Broad","Total Bond Market ETFs"
"ActivePassive International Equity ETF","APIE","1154.73","95.44141252006420545746388443017656500803","1.16","3.0421",".3938","4.5099","2.8209","20.677","Foreign Large Blend ETF","Foreign Large Blend ETF"
"Allspring Core Plus ETF","APLU","423.26","10.56338028169014084507042253521126760563","-.2261","-.0802","-.144",".055","-1.5572","2.9373","Total Bond Market - Broad","Total Bond Market ETFs"
"AllianzIM U.S. Equity Buffer20 Apr ETF","APRW","201.28","99.6",".1064","1.0336","-.0398","2.0749","7.1917","11.3956","Derivative Based ETF","Defined Outcome"
"ActivePassive U.S. Equity ETF","APUE","2474.98","91.74809989142236699239956568946796959826",".4881","2.3784","-1.3747","4.1804","11.8592","22.9932","Style Box - Large Cap Blend","Style Box - Large Cap Blend"
"AQE Core ETF","AQEC","616.56","85.88201603665521191294387170675830469645",".5794","5.5105","-.0384","6.8769","2.694","0","Style Box - Large Cap Growth","Style Box - Large Cap Growth"
"iShares MSCI Global Quality Factor ETF","AQLT","323.34","90.67641681901279707495429616087751371115",".7508","2.3982","-1.0595","2.9923","8.3072","24.7849","Global Large-Cap Growth Equity ETF","Global Large-Cap Growth Equity ETF"
"Global X MSCI Argentina ETF","ARGT","804.3","71.37609494207403221248940378638033342752",".5634","-1.7156","2.0226","1.1716","-2.4727","15.084","Geographic - Argentina","Frontier Markets"
"ARK 21Shares Bitcoin ETF","ARKB","2771.02","27.38309352517985611510791366906474820144","6.0166","15.9256","22.542","-.8152","13.6566","-31.4462","Cryptocurrency ETFs","Cryptocurrency ETFs"
"ARK Blockchain & Fintech Innovation ETF","ARKF","781.81","42.23985890652557319223985890652557319224","3.5092","8.8831","4.9105","10.729","18.7841","-12.6814","Technology  - broad","Technology ETFs"
"ARK Genomic Revolution ETF","ARKG","1877.02","100","3.7993","25","13.809","61.9718","71.6418","103.5817","Healthcare - Broad","Health Care ETFs"
"ARK Innovation ETF","ARKK","6478.41","78.21440882454326094450189589796621854533","3.5307","10.9595","6.3009","12.5163","20.5903","17.2766","Geographic - Global Total Market","Broad Developed World ETFs"
"ARK Autonomous Technology & Robotics ETF","ARKQ","1941.78","61.74496644295302013422818791946308724832","1.5362","4.5629","-3.6889","-5.9044",".4841","31.6904","Geographic - Global Total Market","World ETFs"
"ARK Next Generation Internet ETF","ARKW","1786.28","60.57564575645756457564575645756457564576","2.715","6.1365","2.061","6.9542","25.613","1.8938","Technology  - Internet","Technology ETFs"
"ARK Space & Defense Innovation ETF","ARKX","806.54","63.34693877551020408163265306122448979592","1.0024","6.6389","-4.6185","-3.5113","2.1505","30.137","Industrials  - Aerospace & Defense","Industrials ETFs"
"iShares Future AI & Tech ETF","ARTY","3910.9","83.12387791741472172351885098743267504488",".3246","7.8836","-3.9","8.9611","44.8066","79.737","Artificial Intelligence and Robotics ETF","Artificial Intelligence and Robotics ETF"
"Xtrackers Harvest CSI 300 China A-Shares ETF","ASHR","1560.09","56.29860031104199066874027993779160186625",".7007","-1.5415","-.691","-2.156","1.1437","16.4842","Geographic - China","Asia-Pacific (Emerging) ETFs"
"Allspring Special Large Value ETF","ASLV","218.53","92.84188034188034188034188034188034188034",".4391","3.7593","-.534","6.0191","5.0169","16.5012","Style Box - Large Cap Value","Style Box - Large Cap Value"
"Tradr 2X Long ASTS Daily ETF","ASTX","299.25","5.60190703218116805721096543504171632896","10.6467","9.4384","-7.6974","-66.152","-64.2092","-42.5236","Derivative Based ETF","Single Stock ETF"
"Alger 35 ETF","ATFV","328.17","80.73992549949204199119539451405350491026",".5784","1.753","-4.2455","-.2527","15.9859","26.2878","Style Box - Large Cap Growth","Style Box - Large Cap Growth"
"iPath Select MLP ETN","ATMP","646.58","94.38987341772151898734177215189873417722","-.5393","1.693","-.4611","1.1325","9.719","26.5945","Energy - MLP","MLP ETFs"
"Global X Adaptive U.S. Factor ETF","AUSF","913.08","95.63800451240912509400852343945851090499",".3857","3.9805","-.6641","6.6049","5.3368","16.3482","Style Box - Large Cap Blend","Style Box - Large Cap Blend"
"Avantis International Equity ETF","AVDE","18923.62","99.66869133075648812810601877415792379901",".8668","4.7333","-.0318","4.9903","4.4194","25.6561","Foreign Large Blend ETF","Foreign Large Blend ETF"
"Avantis International Small Cap Equity ETF","AVDS","334.95","100",".9279","6.2084",".3441","3.9613","3.811","26.7883","Foreign Small/Mid Blend ETF","Foreign Small/Mid Blend ETF"
"Avantis International Small Cap Value ETF","AVDV","19851.78","100","1.0561","7.4582",".9832","4.5836","4.3871","36.0824","Foreign Small/Mid Value ETF","Foreign Small/Mid Value ETF"
"Avantis Emerging Markets Equity ETF","AVEM","27491.41","79.72004096961420279959030385797200409696",".7483","2.7699",".6193","1.7837","7.4067","35.6426","Geographic - Broad Emerging Markets","Broad Emerging Market ETFs"
"Avantis Emerging Markets Value ETF","AVES","1491.09","72.08791208791208791208791208791208791209",".509","2.4528","-.6253","-.1154","-.69","20.0529","Geographic - Broad Emerging Markets","Broad Emerging Market ETFs"
"Avantis All Equity Markets ETF","AVGE","1202.14","96.13953488372093023255813953488372093023",".6137","2.5734","-.81","4.8913","9.3257","28.5291","Global Large-Cap Blend Equity ETF","Global Large-Cap Blend Equity ETF"
"Avantis All Equity Markets Value ETF","AVGV","455.83","97.81043207473725184896847022187621642663",".7757","3.0565","-.5068","5.6908","8.1784","32.0973","Global Large-Cap Value Equity ETF","Global Large-Cap Value Equity ETF"
"Avantis Core Fixed Income ETF","AVIG","1981.42","1.38121546961325966850828729281767955801","-.1349","-.0919","-.1716","-.043","-1.7574","2.4113","Total Bond Market - Broad","Total Bond Market ETFs"
"Avantis International Large Cap Value ETF","AVIV","2070.75","100",".8089","5.6293",".4209","6.4465","5.7179","30.4296","Foreign Large Value ETF","Foreign Large Value ETF"
"Avantis U.S. Large Cap Equity ETF","AVLC","1440.17","92.95811655893636029218561143517788638394",".5047","2.1293","-1.431","4.4531","12.319","26.356","Style Box - Large Cap Blend","Style Box - Large Cap Blend"
"Avantis U.S. Large Cap Value ETF","AVLV","18562.05","98.51226377161238439887414555689585846401",".7988","2.613","-.3894","7.0032","12.6869","35.8725","Style Box - Large Cap Value","Style Box - Large Cap Value"
"Avantis U.S. Mid Cap Equity ETF","AVMC","500.46","92.10360075805432722678458622867972204675",".6194","2.5117","-1.5157","5.2526","6.4449","20.6541","Style Box - Mid Cap Blend","Style Box - Mid Cap Blend"
"Avantis U.S. Mid Cap Value ETF","AVMV","771.36","92.9893438025799214806505888951205832866",".7921","2.1616","-1.4888","5.8688","6.1279","23.4264","Style Box - Mid Cap Value","Style Box - Mid Cap Value"
"Avantis All International Markets Equity ETF","AVNM","738.37","100",".8484","4.5438",".1756","4.1269","4.7802","28.6666","Foreign Large Blend ETF","Foreign Large Blend ETF"
"Avantis Real Estate ETF","AVRE","879.97","82.20285261489698890649762282091917591125","-.1923","-1.2139","-.46","1.6652","3.2103","12.1243","Real Estate   - REITs","Real Estate ETFs"
"Avantis U.S. Small Cap Equity ETF","AVSC","3123.86","93.26647564469914040114613180515759312321",".6955","1.04","-1.8738","9.6017","13.7027","36.4176","Style Box - Small Cap Value","Style Box - Small Cap Value"
"Avantis Responsible International Equity ETF","AVSD","337.37","95.10899182561307901907356948228882833787",".8604","3.6065","-.802","5.2916","4.0952","21.6172","Strategy - Socially Responsible","Broad Developed World ETFs"
"Avantis Responsible Emerging Markets Equity ETF","AVSE","218.85","76.36415735396455032952638257808342543698",".8163","2.0355",".178","1.9332","7.392","33.5958","Strategy - Socially Responsible","Broad Emerging Market ETFs"
"Avantis Short-Term Fixed Income ETF","AVSF","654.24","11.02077687443541102077687443541102077687","-.0431",".4323",".0108",".7127",".1978","3.0608","Short-Term Bond ETF","Short-Term Bond ETF"
"Avantis Responsible U.S. Equity ETF","AVSU","479.47","91.24083850135820819025165291374096663421",".5462","1.5412","-1.7682","5.2269","13.0607","27.4815","Strategy - Socially Responsible","Style Box - All Cap Value"
"Avantis Total Equity Markets ETF","AVTM","791.08","90.65548363570061081228917859422007475613",".4881","2.6953","-1.4501","5.0967","11.6163","0","Global Large-Cap Blend Equity ETF","Global Large-Cap Blend Equity ETF"
"Avantis U.S. Quality ETF","AVUQ","305.78","89.04484006796188224865184309669793898205",".4498",".8656","-1.9256","1.396","11.139","19.8168","Style Box - Large Cap Growth","Style Box - Large Cap Growth"
"Avantis U.S. Equity ETF","AVUS","14342.06","93.03961495742317660125879303961495742318",".5234","1.9518","-1.4192","4.5818","11.7485","26.7186","Style Box - All Cap Blend","Style Box - All Cap Blend"
"Avantis U.S. Small Cap Value ETF","AVUV","30839.71","93.42143062338408503303648376903188738868",".6607",".3094","-1.7711","6.4181","10.0683","34.4091","Style Box - Small Cap Value","Style Box - Small Cap Value"
"Avantis Emerging Markets ex-China Equity ETF","AVXC","445.49","78.51711626439501498659094494399747594258",".7346","2.0168","-.0833","1.5601","10.3636","45.9408","Geographic - Broad Emerging Markets","Broad Emerging Market ETFs"
"Brown Advisory Flexible Equity ETF","BAFE","1740.03","94.10871033085752869682646860229574611749",".5844","3.6616","-.9405","6.3893","11.8945","14.2716","Style Box - All Cap Blend","Style Box - All Cap Blend"
"iShares A.I. Innovation and Tech Active ETF","BAI","13970.8","57.50962772785622593068035943517329910141","-.4718","-2.4229","-5.2812","-6.7368","25.9596","48.0651","Technology  - broad","Technology ETFs"
"iShares U.S. Large Cap Premium Income Active ETF","BALI","1367.98","91.0679611650485436893203883495145631068",".4338","2.6737","-1.2791","4.7106","12.4179","21.8947","Style Box - Large Cap Blend","Style Box - Large Cap Blend"
"Innovator Defined Wealth Shield ETF","BALT","2813.42","98.21428571428571428571428571428571428571",".0577",".8428","-.1151","1.6999","2.7235","6.835","Derivative Based ETF","Defined Outcome"
"Innovator U.S. Equity Buffer ETF - April","BAPR","412.59","98.99287644313436502087939081306804225006",".3142","1.4579","-.1508","2.881","12.0099","18.077","Derivative Based ETF","Defined Outcome"
"GraniteShares Gold Trust","BAR","1473.7","61.34201301952929394091136705057586379569","1.9063","12.9786","5.4537","1.6327","-9.5361","38.0735","Precious Metals - Gold","Precious Metals ETFs"
"Brown Advisory Sustainable Growth ETF","BASG","521.55","93.09477215543751747274252166620072686609",".6363","6.9012","-.8452","10.7474","20.4291","10.7303","Style Box - All Cap Growth","Style Box - All Cap Growth"
"Brown Advisory Sustainable Value ETF","BASV","418.89","94.73165928114229443623830625307730182176",".7664","5.6445","-.9947","11.0767","11.4526","20.7628","Style Box - Large Cap Value","Style Box - Large Cap Value"
"Innovator U.S. Equity Buffer ETF - August","BAUG","206.32","94.79695431472081218274111675126903553299",".2726","2.1761","-.7019","4.1789","9.2908","16.3433","Derivative Based ETF","Defined Outcome"
"JPMorgan BetaBuilders U.S. Aggregate Bond ETF","BBAG","1049.69","1.70731707317073170731707317073170731707","-.1881","-.1043","-.0996",".0337","-1.642","2.4965","Total Bond Market - Broad","Total Bond Market ETFs"
"JPMorgan BetaBuilders Developed Asia Pacific ex-Japan ETF","BBAX","6825.07","98.95833333333333333333333333333333333333","1.1781","4.8683","2.0003","6.3928","4.144","19.569","Geographic - Asia Developed","Asia-Pacific (Developed) ETFs"
"JPMorgan BetaBuilders Canada ETF","BBCA","11383.67","100",".9766","5.5561",".1863","6.825","9.7154","32.0879","Geographic - Canada","Canadian Equity ETFs"
"JPMorgan BetaBuilders Emerging Markets Equity ETF","BBEM","841.72","76.16433424830130945416910408135715249966",".5397","1.7955",".4465","1.5248","7.6621","34.4759","Geographic - Broad Emerging Markets","Broad Emerging Market ETFs"
"JPMorgan BetaBuilders Europe ETF","BBEU","9494.5","100",".7342","4.2498",".4716","5.6381","4.4767","21.1463","Geographic - Broad Europe","European Equity ETFs"
"VanEck Biotech ETF","BBH","461.54","96.63951610959828421331662529821432874666","1.7355","18.5838","10.6342","31.0787","22.3843","44.6853","Healthcare - Biotech","Health Care ETFs"
"BBH Select Large Cap ETF","BBHL","531.3","87.29388942774005819592628516003879728419",".5217","1.5222","-1.3652","3.5842","9.7121","0","Style Box - Large Cap Growth","Style Box - Large Cap Growth"
"BBH Select Mid Cap ETF","BBHM","436.93","80",".58","2.8639","-2.5682","7.7196","3.4953","0","Style Box - Mid Cap Growth","Style Box - Mid Cap Growth"
"JPMorgan BetaBuilders USD High Yield Corporate Bond ETF","BBHY","622.54","27.9538904899135446685878962536023054755",".0546",".5455","-.0873","1.3316","1.5356","5.6234","Corporates - Junk/High Yield","High-Yield/Junk Bond ETFs"
"JPMorgan BetaBuilders International Equity ETF","BBIN","6760.98","97.72554965883244882486732373009855951478",".7437","3.8523","-.2455","5.0065","3.8482","21.2393","Foreign Large Blend ETF","Foreign Large Blend ETF"
"JPMorgan BetaBuilders Japan ETF","BBJP","18811.54","82.91054739652870493991989319092122830441",".972","2.6713","-2.9297","3.5565","2.9325","18.1888","Geographic - Japan","Asia-Pacific (Developed) ETFs"
"EA Bridgeway Blue Chip ETF","BBLU","460.05","96.2848297213622291021671826625386996904",".8716","3.8278","-.3444","5.0402","14.1129","22.7723","Style Box - Large Cap Blend","Style Box - Large Cap Blend"
"JPMorgan BetaBuilders U.S. Mid Cap Equity ETF","BBMC","2103.2","95.66554255108113469549692521325133902004",".8186","3.3277","-1.0083","7.2605","11.6511","29.3666","Style Box - Mid Cap Blend","Style Box - Mid Cap Blend"
"JPMorgan BetaBuilders MSCI US REIT ETF","BBRE","1269.42","78.18615751789976133651551312649164677804","-.2391","-2.6564","-.1932","3.4242","8.149","20.0096","Real Estate   - REITs","Real Estate ETFs"
"JPMorgan BetaBuilders U.S. Small Cap Equity ETF","BBSC","717.72","92.66805845511482254697286012526096033403",".8288","1.0937","-1.8809","8.6091","15.858","32.9685","Style Box - Small Cap Value","Style Box - Small Cap Value"
"JPMorgan BetaBuilders U.S. Equity ETF","BBUS","9103.16","91.37801204819277108433734939759036144578",".4363","2.3682","-1.4274","3.5005","11.7167","21.2089","Style Box - All Cap Blend","Style Box - All Cap Blend"
"abrdn Bloomberg All Commodity Longer Dated Strategy K-1 Free ETF ","BCD","428.06","94.40559440559440559440559440559440559441",".5256","5.0536","3.2194","1.9456","13.6364","15.8038","Basket - Broad","Broad Commodity ETFs"
"Principal Focused Blue Chip ETF","BCHP","236.23","86.16409720407629997386987196237261562582",".5398","4.6738","-2.0998","1.6099","9.0377","2.8691","Style Box - Large Cap Growth","Style Box - Large Cap Growth"
"abrdn Bloomberg All Commodity Strategy K-1 Free ETF","BCI","3267.55","93.26018808777429467084639498432601880878",".6319","5.1155","3.7882","1.6354","18.7325","23.3898","Basket - Broad","Broad Commodity ETFs"
"BNY Mellon Core Plus ETF","BCPL","298.03","5.02512562814070351758793969849246231156","-.094","-.161","-.2448",".0944","-1.3184","0","Total Bond Market - Broad","Total Bond Market ETFs"
"Baron Technology ETF","BCTK","231.86","75.5769792579608530528775927548933683903",".8309",".8038","-3.6238","1.3252","20.8345","0","Technology  - broad","Technology ETFs"
"Bluemonte Core Bond ETF","BDBT","485.65","7.67824497257769652650822669104204753199","-.189","-.0915","-.201","-.0187","-1.7166","2.1473","Total Bond Market - Broad","Total Bond Market ETFs"
"Innovator U.S. Equity Buffer ETF - December","BDEC","214.21","95.96284387281171847088245802072168631654",".3706","1.8106","-.5645","3.3042","8.947","18.1613","Derivative Based ETF","Defined Outcome"
"iShares Disciplined Volatility Equity Active ETF","BDVL","1761.26","88.65979381443298969072164948453608247423",".3768","2.3828","-1.1319","2.9733","4.406","0","Geographic - Global Total Market","World ETFs"
"iShares Dynamic Equity Active ETF","BDYN","3118.58","90.87340529931305201177625122669283611384",".6776","1.987","-1.3971","3.312","7.9293","0","Geographic - Global Total Market","World ETFs"
"BNY Mellon Enhanced Dividend and Income ETF","BEDY","230.66","99.08651262761955937667920472864051585169",".7005","4.7117","-.1125","8.7594","9.9191","0","Style Box - Large Cap Value","Style Box - Large Cap Value"
"The BeeHive ETF","BEEX","205.74","100",".7095","4.9805",".3482","4.8091","10.6996","15.8294","Style Box - All Cap Blend","Style Box - All Cap Blend"
"Horizon Landmark ETF","BENJ","340.74","98.23677581863979848866498740554156171285",".0188",".3782","-.0659",".9796","1.8515","3.8439","US Treasury - Ultra Short","Money Market/Ultra-Short Term ETFs"
"Innovator U.S. Equity Buffer ETF - February","BFEB","261.42","96.40270104358502148557397176181706568447",".2573","1.6852","-.5052","3.0062","8.3038","17.7777","Derivative Based ETF","Defined Outcome"
"iShares Flexible Equity Active ETF","BFLX","1651.15","63.38862559241706161137440758293838862559",".6034","1.0242","-2.1136","0","0","0","Global Large-Cap Blend Equity ETF","Global Large-Cap Blend Equity ETF"
"BARRONS-400 ETF","BFOR","226.45","93.44354687206462521134698478301709562277",".8095","3.2965","-1.4167","9.1804","10.196","24.1861","Style Box - All Cap Value","Style Box - All Cap Value"
"Bahl & Gaynor Dividend ETF","BGDV","808.8","87.58389261744966442953020134228187919463",".3863",".2474","-2.1036","3.9723","7.023","21.621","Style Box - Large Cap Value","Style Box - Large Cap Value"
"Baillie Gifford Long Term Global Growth ETF","BGGG","390.34","86.8332903890749806750837413037876835867",".952","3.5238","-1.3855","0","0","0","Global Large-Cap Growth Equity ETF","Global Large-Cap Growth Equity ETF"
"Bahl & Gaynor Income Growth ETF","BGIG","2227.47","89.74763406940063091482649842271293375394",".2988","2.586","-1.4678","5.3595","7.8253","20.2037","Style Box - Large Cap Value","Style Box - Large Cap Value"
"iShares USD Green Bond ETF","BGRN","504.11","6.32250580046403712296983758700696055684","-.0192",".135","-.0085",".2789","-.786","2.7462","Strategy - Socially Responsible","Total Bond Market ETFs"
"Xtrackers USD High Yield BB-B ex Financials ETF","BHYB","2946.5","41.7622208811104405552202776101388050694",".1112",".5929","-.0278","1.4315","1.5639","5.8875","Corporates - Junk/High Yield","High-Yield/Junk Bond ETFs"
"Inspire 100 ETF","BIBL","494.04","86.74142480211081794195250659630606860158",".6485",".7211","-2.2397","5.8325","11.6571","33.4236","Strategy - Socially Responsible","Style Box - Large Cap Growth"
"iShares International Dividend Active ETF","BIDD","415.84","74.09420289855072463768115942028985507246",".7475","4.0268",".2263","3.9773","4.968","22.7123","Foreign Large Value ETF","Foreign Large Value ETF"
"State Street SPDR Bloomberg 1-3 Month T-Bill ETF","BIL","46729.5","66",".0328",".3418",".0765",".9171","1.7764","3.6906","US Treasury - Ultra Short","Government Bond ETFs"
"State Street SPDR Bloomberg 3-12 Month T-Bill ETF","BILS","3914.39","63.63636363636363636363636363636363636364",".0101",".3584",".0604",".926","1.7432","3.7167","US Treasury - Ultra Short","Government Bond ETFs"
"PIMCO Ultra Short Government Active Exchange-Traded Fund","BILZ","970.08","36.97478991596638655462184873949579831933",".0298",".3372",".0595",".932","1.7834","3.7294","US Treasury - Ultra Short","Money Market/Ultra-Short Term ETFs"
"iShares Flexible Income Active ETF","BINC","16523","19.35483870967741935483870967741935483871","0",".3657","-.1153","1.0121",".3496","4.1959","Total Bond Market - Broad","Total Bond Market ETFs"
"Bluemonte Global Equity ETF","BINT","427.23","97.17261904761904761904761904761904761905",".6393","3.3125","-.4217","3.7124","8.1682","26.1603","Global Large-Cap Value Equity ETF","Global Large-Cap Value Equity ETF"
"Brandes International ETF","BINV","539.24","97.48286324306101809192044049893246432183",".6937","5.2601",".6471","7.4664","3.959","25.5394","Foreign Large Value ETF","Foreign Large Value ETF"
"Bitwise Bitcoin ETF","BITB","2688.91","27.35512221917055753913759956056028563581","6.0076","15.9412","22.5315","-.7594","13.6722","-31.4201","Cryptocurrency ETFs","Cryptocurrency ETFs"
"ProShares Bitcoin ETF","BITO","1605.21","19.02897415818324197337509788566953797964","6.1162","15.6909","22.4706","-1.4317","12.0107","-28.692","Cryptocurrency ETFs","Cryptocurrency ETFs"
"Bitwise Crypto Industry Innovators ETF","BITQ","414.34","61.57779401022644265887509130752373995617","2.3587","1.4102","10.8811","-6.5355","32.5434","30.7532","Digital Economy ETF","Digital Economy ETF"
"ProShares Ultra Bitcoin ETF","BITU","445.08","9.4060299693085394475537100559667810074","11.9228","30.7481","48.1111","-9.2501","10.5171","-60.9173","Basket - Broad","Leveraged Currency ETFs"
"Bitwise 10 Crypto Index ETF","BITW","706.55","25.74790054000780239410303266739215243414","5.8501","17.2398","23.8754",".7235","12.9083","-32.806","Digital Economy ETF","Digital Economy ETF"
"2x Bitcoin ETF","BITX","1085.03","12.30272596843615494978479196556671449067","11.849","31.4515","48.3408","-8.136","12.4785","-63.439","Basket - Broad","Leveraged Currency ETFs"
"Vanguard Intermediate-Term Bond Index Fund ETF Shares","BIV","28799.86",".8264462809917355371900826446280991735537","-.1192","-.0709","-.2249",".0565","-1.8857","1.9937","Total Bond Market - Broad","Total Bond Market ETFs"
"VanEck BDC Income ETF","BIZD","1694.14","29.57393483709273182957393483709273182957","0","5.56","-.5984","8.0599","6.4658","-6.5388","Financials - BDCs/PE","Financials ETFs"
"Innovator U.S. Equity Buffer ETF - January","BJAN","346.56","96.59129644358595614134757413930235200545",".2166","1.6342","-.4799","3.0341","8.2823","17.0631","Derivative Based ETF","Defined Outcome"
"Innovator U.S. Equity Buffer ETF - July","BJUL","353.5","93.87284804120916361664633319777687406805",".2535","1.7362","-.7705","3.2442","7.9835","15.0052","Derivative Based ETF","Defined Outcome"
"Innovator U.S. Equity Buffer ETF - June","BJUN","319.41","91.35036496350364963503649635036496350365",".1918","1.7138","-.8374","1.5785","5.023","11.3115","Derivative Based ETF","Defined Outcome"
"BNY Mellon Core Bond ETF","BKAG","2260.32","4.32432432432432432432432432432432432432","-.1451","-.0579","-.1209",".1776","-1.5135","2.5124","Total Bond Market - Broad","Total Bond Market ETFs"
"Global X Blockchain ETF","BKCH","268.52","26.8834373639134852663666715052983016403","1.53","-2.7378","8.3821","-19.4273","14.1698","22.196","Digital Economy ETF","Digital Economy ETF"
"BNY Mellon Dynamic Value ETF","BKDV","1932.36","97.22759509993552546744036105738233397808",".6351","4.5434","-.3715","7.4599","12.3067","28.6347","Style Box - Large Cap Value","Style Box - Large Cap Value"
"BNY Mellon Active Core Bond ETF","BKFI","248.77","5.30973451327433628318584070796460176991","-.0425",".0021","-.1657",".2375","-1.7399","0","Total Bond Market - Broad","Total Bond Market ETFs"
"BNY Mellon Global Infrastructure Income ETF","BKGI","1363.66","78.34467120181405895691609977324263038549","-.246","-2.0211","-.0896","-2.8759","1.2544","17.3219","Utilities  - Infrastructure","Utilities/Infrastructure ETFs"
"BNY Mellon International Equity ETF","BKIE","1338.25","98.09286898839137645107794361525704809287",".882","4.4461","-.3001","5.9267","5.5388","23.2612","Foreign Large Blend ETF","Foreign Large Blend ETF"
"BNY Mellon US Large Cap Core Equity ETF","BKLC","5625.7","91.5299667631607162002787605875415460491",".4516","2.4064","-1.4499","3.481","11.986","21.7288","Style Box - Large Cap Blend","Style Box - Large Cap Blend"
"Invesco Senior Loan ETF","BKLN","6833.82","45.88235294117647058823529411764705882353",".0486","1.0299",".1458","1.5629","2.8701","4.6425","Corporates - Bank Loan","High-Yield/Junk Bond ETFs"
"BNY Mellon US Mid Cap Core Equity ETF","BKMC","665.16","92.21850038649832517392424632826591084772",".5115","3.0036","-1.4359","6.1186","6.1627","20.2032","Style Box - Mid Cap Blend","Style Box - Mid Cap Blend"
"BNY Mellon Ultra Short Income ETF","BKUI","581.49","26.02739726027397260273972602739726027397","-.0402",".3605",".0302",".9212","1.5399","3.7848","Ultra short Bond ETF","Ultra short Bond ETF"
"iShares Large Cap Core Active ETF","BLCR","6614.27","86.78005411673753382296095863935059914959",".204","-.6472","-3.1546","-1.0899","13.1835","31.6278","Style Box - Large Cap Value","Style Box - Large Cap Value"
"iShares Large Cap Value Active ETF","BLCV","348.31","91.21636898033009269726430024869997739091",".3108","2.3587","-1.188","9.5373","11.5591","22.6992","Style Box - Large Cap Value","Style Box - Large Cap Value"
"Bluemonte Large Cap Growth ETF","BLGR","286.25","89.61218836565096952908587257617728531856",".4364","2.0137","-1.9477","1.7502","13.4037","19.9438","Style Box - Large Cap Growth","Style Box - Large Cap Growth"
"Amplify Blockchain Technology ETF","BLOK","1098.37","58.30216903515332834704562453253552729993","1.7292",".0159","3.6555","-2.0995","18.1938","10.2638","Technology  - broad","Technology ETFs"
"Nicholas Crypto Income ETF","BLOX","299.13","9.38110749185667752442996742671009771987","-.2922","-3.6696","5.6869","-12.6285","8.2272","-6.0581","Digital Economy ETF","Digital Economy ETF"
"Bluemonte Large Cap Core ETF","BLUC","348.43","90.72327044025157232704402515723270440252",".4105","2.0736","-1.5785","2.4308","12.0376","19.9061","Style Box - Large Cap Blend","Style Box - Large Cap Blend"
"Bluemonte Dynamic Total Market ETF","BLUX","588.62","93.26347305389221556886227544910179640719",".6436","1.9209","-1.3581","5.4199","12.1028","24.2565","Multi-Asset - Total Portfolio","Total Portfolio ETFs"
"Vanguard Long-Term Bond Index Fund ETF Shares","BLV","5711.6","5.61009817671809256661991584852734922861","-.2877","-1.1048","-.0759","-1.3835","-4.9528",".5515","Long-Term Bond ETF","Long-Term Bond ETF"
"Innovator U.S. Equity Buffer ETF - March","BMAR","259.71","96.80778032036613272311212814645308924485",".184","1.6334","-.4722","2.961","8.9595","17.4919","Derivative Based ETF","Defined Outcome"
"Innovator U.S. Equity Buffer ETF - May","BMAY","236.33","94.31056350788186265627831128827686175032",".2654","1.6586","-.5879","2.7167","6.8353","12.5308","Derivative Based ETF","Defined Outcome"
"BMO Covered Call Canadian Banks ETF","BMDLF","3494.05","100","0",".524","0","31.6808","27.9464","54.7589","Derivative Based ETF","Derivative Based ETF"
"T-REX 2X Long BMNR Daily Target ETF","BMNU","318.2","2.70895018440600488286322788426575242845","11.2484","62.0265","56.5416","8.6349","-17.9376","0","Digital Economy ETF","Digital Economy ETF"
"Vanguard Total Bond Market Index Fund ETF Shares","BND","161189.64","2.64900662251655629139072847682119205298","-.1521","-.0461","-.1106",".0593","-1.4933","2.4223","Total Bond Market - Broad","Total Bond Market ETFs"
"Vanguard Total World Bond ETF Shares","BNDW","1887.42",".6791171477079796264855687606112054329372","-.1334","-.104","-.1778",".0159","-1.4692","1.8344","Total Bond Market - Broad","Total Bond Market ETFs"
"Vanguard Total International Bond Index Fund ETF Shares","BNDX","82585.19","3.41880341880341880341880341880341880342","0","-.1286","-.1467",".0288","-1.3518","1.2724","Total Bond Market - Broad","Total Bond Market ETFs"
"Horizon Core Bond ETF","BNDY","401.11","6.85679611650485436893203883495145631068","-.101",".1038","-.3023",".166","-1.1215","4.7412","Derivative Based ETF","Total Bond Market ETFs"
"United States Brent Oil ETF","BNO","676.65","80.77740662010324931673246279987853021561",".5795","6.4082","6.2401","-3.1677","58.7957","78.6782","Energy -  Brent Oil","Energy ETFs"
"Innovator U.S. Equity Buffer ETF - November","BNOV","210.85","95.05226480836236933797909407665505226481",".4164","1.9683","-.6192","3.4115","9.3234","16.1062","Derivative Based ETF","Defined Outcome"
"Innovator U.S. Equity Buffer ETF - October","BOCT","288.51","97.07906010645203167597040114241204725432",".2399","1.8949","-.4126","3.566","9.0343","16.8083","Derivative Based ETF","Defined Outcome"
"ProShares Ultra Bloomberg Natural Gas","BOIL","377.32",".5105017502917152858809801633605600933489",".4222","-13.3424","-1.6537","-30.395","-46.6648","-66.8467","Derivative Based ETF","Leveraged Commodity ETFs"
"PIMCO Active Bond Exchange-Traded Fund","BOND","8562.68","4.4186046511627906976744186046511627907","-.1324","-.055","-.1324",".3722","-1.4512","3.5664","Total Bond Market - Broad","Total Bond Market ETFs"
"Global X Robotics & Artificial Intelligence ETF","BOTZ","3409.83","42.01244813278008298755186721991701244813",".6423","3.2961","-4.5045","-9.0593","-7.591","10.1793","Artificial Intelligence and Robotics ETF","Artificial Intelligence and Robotics ETF"
"Alpha Architect 1-3 Month Box ETF","BOXX","13810.81","100",".0509",".3915",".0764","1.0104","1.9093","4.0854","Derivative Based ETF","Derivative Based ETF"
"Burney U.S. Equity Select ETF","BRES","685.51","87.30526315789473684210526315789473684211",".492",".8066","-2.1557","3.5724","8.0216","0","Style Box - All Cap Blend","Style Box - All Cap Blend"
"MFS Blended Research International Equity ETF","BRIE","469.53","100","1.1978","4.1151",".4499","6.1815","7.0715","0","Foreign Large Blend ETF","Foreign Large Blend ETF"
"Burney U.S. Factor Rotation ETF","BRNY","609.91","93.65905848787446504992867332382310984308",".5266","1.7888","-1.4799","6.0591","17.5367","29.7957","Style Box - All Cap Blend","Style Box - All Cap Blend"
"Coinshares Bitcoin ETF","BRRR","428.14","27.33858600814340859817037702924223996616","6.0029","15.9637","22.5526","-.7947","13.7173","-31.5043","Cryptocurrency ETFs","Cryptocurrency ETFs"
"EA Bridgeway Select Small-Cap Value ETF","BRSV","309.1","12.088650100738750839489590329079919409",".4062","0","-2.8579","0","0","0","Style Box - Small Cap Value","Style Box - Small Cap Value"
"iShares Total Return Active ETF","BRTR","752.63","3.69565217391304347826086956521739130435","-.1414","-.067","-.1414",".1766","-1.5985","2.8408","Total Bond Market - Broad","Total Bond Market ETFs"
"Invesco BulletShares 2026 Corporate Bond ETF","BSCQ","3482.66","58.33333333333333333333333333333333333333",".0511",".3332",".0767",".9685","1.8454","4.0454","Corporates - Investment Grade","Investment Grade Corporate Bond ETFs"
"Invesco BulletShares 2027 Corporate Bond ETF","BSCR","4604.56","44.18604651162790697674418604651162790698",".0254",".4084",".0763","1.0378","1.5259","4.034","Corporates - Investment Grade","Investment Grade Corporate Bond ETFs"
"Invesco BulletShares 2028 Corporate Bond ETF","BSCS","3519.52","31.32530120481927710843373493975903614458","0",".4187","0",".938",".825","3.661","Corporates - Investment Grade","Investment Grade Corporate Bond ETFs"
"Invesco BulletShares 2029 Corporate Bond ETF","BSCT","2954.62","23.76237623762376237623762376237623762376","-.0539",".4058","-.1077",".8105",".1689","3.3807","Corporates - Investment Grade","Investment Grade Corporate Bond ETFs"
"Invesco BulletShares 2030 Corporate Bond ETF","BSCU","2718.32","15.92920353982300884955752212389380530973","-.0604",".2119","-.1207",".531","-.559","2.9292","Corporates - Investment Grade","Investment Grade Corporate Bond ETFs"
"Invesco BulletShares 2031 Corporate Bond ETF","BSCV","1804.08","13.74045801526717557251908396946564885496","-.0614",".1539","-.1841",".362","-.9655","2.693","Corporates - Investment Grade","Investment Grade Corporate Bond ETFs"
"Invesco BulletShares 2032 Corporate Bond ETF","BSCW","1525.92","11.04972375690607734806629834254143646409","-.0985",".0493","-.2704",".1993","-1.3535","2.7955","Corporates - Investment Grade","Investment Grade Corporate Bond ETFs"
"Invesco BulletShares 2033 Corporate Bond ETF","BSCX","1029.1","7.07070707070707070707070707070707070707","-.0962","-.1442","-.1682","-.1326","-1.7121","2.6373","Corporates - Investment Grade","Investment Grade Corporate Bond ETFs"
"Invesco BulletShares 2034 Corporate Bond ETF","BSCY","561.52","6.15384615384615384615384615384615384615","-.0983","-.2209","-.1964","-.1626","-1.8967","2.7858","Corporates - Investment Grade","Investment Grade Corporate Bond ETFs"
"Invesco BulletShares 2035 Corporate Bond ETF","BSCZ","277.04","4.75285171102661596958174904942965779468","-.0996","-.3726","-.2983","-.4037","-2.3223","2.4046","Corporates - Investment Grade","Investment Grade Corporate Bond ETFs"
"Innovator U.S. Equity Buffer ETF - September","BSEP","217.99","100",".2322","1.6678",".0464","3.4218","8.5295","16.234","Derivative Based ETF","Defined Outcome"
"Invesco BulletShares 2026 High Yield Corporate Bond ETF","BSJQ","821.07","13.84615384615384615384615384615384615385",".0436",".3499",".0654",".2079",".9555","3.6922","Corporates - Junk/High Yield","High-Yield/Junk Bond ETFs"
"Invesco BulletShares 2027 High Yield Corporate Bond ETF","BSJR","905.16","36.43410852713178294573643410852713178295",".1339",".5603",".0446","1.143","1.6981","4.1305","Corporates - Junk/High Yield","High-Yield/Junk Bond ETFs"
"Invesco BulletShares 2028 High Yield Corporate Bond ETF","BSJS","763.88","48.92086330935251798561151079136690647482",".0916",".6218",".0916","1.2992","1.9222","5.2275","Corporates - Junk/High Yield","High-Yield/Junk Bond ETFs"
"Invesco BulletShares 2029 High Yield Corporate Bond ETF","BSJT","597.42","45.24336283185840707964601769911504424779",".0944",".7603",".0708","1.3166","1.9027","5.2858","Corporates - Junk/High Yield","High-Yield/Junk Bond ETFs"
"Invesco BulletShares 2030 High Yield Corporate Bond ETF","BSJU","319.73","53.40167753960857409133271202236719478099",".1745",".7018","0","1.7743","1.9484","6.0459","Corporates - Junk/High Yield","High-Yield/Junk Bond ETFs"
"Bitwise Solana Staking ETF","BSOL","705.76","29.08277404921700223713646532438478747204","4.3478","17.5141","21.875","5.3165","10.5403","0","Digital Economy ETF","Digital Economy ETF"
"Vanguard Short-Term Bond Index Fund ETF Shares","BSV","45646.7","9.57446808510638297872340425531914893617","-.0644",".3819","-.0773",".6483",".0913","2.7158","Short-Term Bond ETF","Short-Term Bond ETF"
"EA Bridgeway Omni Small-Cap Value ETF","BSVO","2435.26","93.7989937989937989937989937989937989938",".8512",".1454","-1.7579","7.6582","11.6893","36.4348","Style Box - Small Cap Value","Style Box - Small Cap Value"
"AGF U.S. Market Neutral Anti-Beta Fund","BTAL","299.58","19.32021466905187835420393559928443649374","-.6623","1.3514","1.1804","-1.9608","-13.3574","-29.8656","Hedge Fund - Long/Short","Hedge Fund ETFs"
"Grayscale Bitcoin Mini Trust","BTC","3852.53","27.44767049291019581363943281566509115463","6.0031","15.9973","22.5458","-.7571","13.7137","-31.3733","Cryptocurrency ETFs","Cryptocurrency ETFs"
"NEOS Bitcoin High Income ETF","BTCI","1223.51","13.95601411892478957371707846863969590008","3.9636","11.7351","16.2412","-4.9658","8.7779","-28.1206","Derivative Based ETF","Cryptocurrency ETFs"
"Invesco Galaxy Bitcoin ETF","BTCO","388.25","27.37488762361402457296973329337728498651","6.0443","15.9734","22.5348","-.8022","13.6862","-31.4773","Cryptocurrency ETFs","Cryptocurrency ETFs"
"Simplify Treasury Option Income ETF","BUCK","498.74","13.86861313868613138686131386861313868613","-.213",".4266",".1711",".891","2.0193","5.3294","Derivative Based ETF","Government Bond ETFs"
"Innovator Laddered Allocation Buffer ETF","BUFB","330.41","95.31531531531531531531531531531531531532",".2247","1.7233","-.5697","3.1797","8.4865","15.8776","Derivative Based ETF","Defined Outcome"
"AB Conservative Buffer ETF","BUFC","1055.95","97.26443768996960486322188449848024316109",".2784","1.1467","-.0925","2.1749","4.0443","8.3751","Derivative Based ETF","Defined Outcome"
"FT Vest Laddered Deep Buffer ETF","BUFD","2014.02","97.5",".2985","1.2387","-.2639","2.4737","6.1425","11.9585","Derivative Based ETF","Defined Outcome"
"Innovator Laddered Allocation Power Buffer ETF","BUFF","968.53","96.32224168126094570928196147110332749562",".1682","1.285","-.3717","2.4661","6.5183","11.9699","Derivative Based ETF","Defined Outcome"
"FT Vest Buffered Allocation Growth ETF","BUFG","329.51","96.0106382978723404255319148936170212766",".2347","1.7359","-.433","2.8916","7.5954","14.4991","Derivative Based ETF","Defined Outcome"
"AB Moderate Buffer ETF","BUFM","463.7","93.78960709759188846641318124207858048162",".2802","1.2798","-.5318","2.3123","4.0718","10.4846","Derivative Based ETF","Defined Outcome"
"PGIM Laddered S&P 500 Buffer 12 ETF","BUFP","237.37","97.29397293972939729397293972939729397294",".1531","1.4898","-.2866","2.7656","7.7075","14.2841","Derivative Based ETF","Defined Outcome"
"FT Vest Laddered Nasdaq Buffer ETF","BUFQ","1582.71","94.87179487179487179487179487179487179487",".2283","1.4638","-.7536","1.3857","10.1785","16.8589","Derivative Based ETF","Defined Outcome"
"FT Vest Laddered Buffer ETF","BUFR","10378.8","97.25738396624472573839662447257383966245",".2149","1.5519","-.3473","2.996","7.7568","14.8399","Derivative Based ETF","Defined Outcome"
"FT Vest Laddered Moderate Buffer ETF","BUFZ","1036.19","96.68874172185430463576158940397350993377",".1058","1.1765","-.3511","2.4549","6.1728","11.8644","Derivative Based ETF","Defined Outcome"
"Global X Cybersecurity ETF","BUG","1444.68","81.99432892249527410207939508506616257089","1.2958","3.5405","-5.6626","21.452","58.9754","22.3281","Technology  - broad","Technology ETFs"
"MicroSectors FANG & Innovation 3X Leveraged ETN","BULZ","3054.9","53.78045717156493343381060035167043456418","2.0868","2.0584","-7.2314","-15.8679","77.6669","101.4163","Active Non-Transparent ETFs","Leveraged Equity ETFs"
"Brandes U.S. Value ETF","BUSA","323.52","100",".8071","5.6028",".628","10.1184","9.6345","26.0794","Style Box - Large Cap Value","Style Box - Large Cap Value"
"Strive Enhanced Income Short Maturity ETF","BUXX","478.51","20","-.0494",".3151","-.0494",".9571","1.7351","3.9068","Ultra short Bond ETF","Ultra short Bond ETF"
"Main BuyWrite ETF","BUYW","1332.67","97.43589743589743589743589743589743589744",".0684",".9808","-.1365","3.0333","5.0413","8.993","Derivative Based ETF","Derivative Based ETF"
"Bluemonte Large Cap Value ETF","BVAL","289.77","95.60067681895093062605752961082910321489",".4676","2.8398","-.8002","6.1125","10.2287","23.6983","Style Box - Large Cap Value","Style Box - Large Cap Value"
"State Street SPDR Bloomberg International Treasury Bond ETF","BWX","1322.38","31.41361256544502617801047120418848167539",".1368","2.5417",".8264",".7047","-3.0761","-1.2195","International - Broad Treasury","Developed Market Bond ETFs"
"State Street SPDR Bloomberg Short Term International Treasury Bond ETF","BWZ","289.96","50.58823529411764705882352941176470588235",".2376","2.9957",".9573","1.6207","-.0562","1.6939","International - Broad Treasury","Developed Market Bond ETFs"
"iShares Yield Optimized Bond ETF","BYLD","441.54","3.7037037037037037037037037037037037037","0",".0953","-.0896",".4374","-.4332","3.9746","Total Bond Market - Broad","Total Bond Market ETFs"
"Congress Intermediate Bond ETF","CAFX","320.41","6.42303433001107419712070874861572535991","-.1224",".1287","-.1224",".2549","-.5562","2.1423","Total Bond Market - Broad","Total Bond Market ETFs"
"Calamos Autocallable Income ETF","CAIE","1244.08","74.27258805513016845329249617151607963247",".3722","1.4225","-1.8202","1.713","8.4351","18.2278","Derivative Based ETF","Short-Term Bond ETF"
"Calamos Nasdaq Autocallable Income ETF","CAIQ","323.06","60.64760103994327582131883715433703616166",".2535",".6785","-1.8144","-2.2011","10.0006","0","Derivative Based ETF","Total Bond Market ETFs"
"Pacer US Small Cap Cash Cows ETF","CALF","3913.59","100",".8726","10.3264","1.4925","20.8877","24.0829","38.9985","Style Box - Small Cap Value","Style Box - Small Cap Value"
"Congress Large Cap Growth ETF","CAML","382.4","81.38445963047329789926600860541635029107",".6491","1.6604","-2.9589","2.3546","7.5784","8.6762","Style Box - Large Cap Growth","Style Box - Large Cap Growth"
"Tema Oncology ETF","CANC","211.35","96.82708123308749403088024619302806812755","1.2786","8.3852","4.5237","16.9188","21.9582","66.7689","Healthcare - Biotech","Health Care ETFs"
"Alpha Architect Tail Risk ETF","CAOS","693.27","71.97452229299363057324840764331210191083","-.0332","-.2152","-.0442","-.1105",".0332","1.396","Target Outcome","Total Portfolio ETFs"
"DoubleLine Shiller CAPE U.S. Equities ETF","CAPE","243.58","100","1.1002","2.765",".342","3.4444","2.0775","5.2913","Style Box - All Cap Blend","Style Box - All Cap Blend"
"CastleArk Large Growth ETF","CARK","337.54","88.3342733596540703139687911261515322429",".7436","1.4229","-1.9114","2.2928","11.6228","15.0296","Style Box - Large Cap Growth","Style Box - Large Cap Growth"
"Angel Oak Income ETF","CARY","1459.17","16.84210526315789473684210526315789473684","-.0724",".338","-.0483","1.0503",".9414","5.0044","Total Bond Market - Broad","Total Bond Market ETFs"
"Global X S&P 500 Catholic Values ETF","CATH","1337.21","90.17904943191957646778894771280709059544",".3968","2.3256","-1.5351","2.8153","10.2497","18.6251","Strategy - Socially Responsible","Style Box - Large Cap Blend"
"Calamos Tax-Aware Collateral ETF","CBOX","1368.9","39.68253968253968253968253968253968253968",".0493",".376",".0888","1.0811","0","0","Derivative Based ETF","Derivative Based ETF"
"ALPS CoreCommodity Natural Resources ETF","CCNR","466.02","100","1.7023","11.3073","4.8354","2.2456","6.4822","56.9001","Materials  - Broad","Materials ETFs"
"VictoryShares US EQ Income Enhanced Volatility Wtd ETF","CDC","745.69","94.97079572176287643176818630053857240385","-.1074","2.0582","-.7713","6.4922","6.9736","20.624","Style Box - Large Cap Value","Style Box - Large Cap Value"
"VictoryShares US Large Cap High Div Volatility Wtd ETF","CDL","407.22","95.06612410986775178026449643947100712106","-.1079","2.0888","-.7602","6.5179","6.9101","20.6705","Style Box - Large Cap Value","Style Box - Large Cap Value"
"Simplify High Yield ETF","CDX","369.16","10.07751937984496124031007751937984496124","-.1449","-.2397","-.6247","-1.4506","-2.6709","-2.6087","Corporates - Junk/High Yield","High-Yield/Junk Bond ETFs"
"Saba Closed-End Funds ETF","CEFS","437.43","87.2311827956989247311827956989247311828","-.0513","1.0908","-1.458","3.06","11.568","21.2369","Strategy - CEFs/OET","Convertibles/CEFs/OET/Preferred Stock ETFs"
"iShares J.P. Morgan EM Corporate Bond ETF","CEMB","418.75","22.22222222222222222222222222222222222222",".0221",".2621","-.0331",".7704",".3526","4.2109","International - Emerging Market","Emerging Market Bond ETFs"
"SPDR Bloomberg Enhanced Roll Yield Commodity Strategy No K-1 ETF","CERY","1088.11","99.72067039106145251396648044692737430168",".575","6.2103","3.7756","2.9152","21.1969","44.4297","Basket - Broad","Broad Commodity ETFs"
"VictoryShares US 500 Volatility Wtd ETF","CFA","546.9","91.32097113362645765627987000573504110113",".3772","3.0554","-1.322","6.8714","6.2145","14.9879","Style Box - Large Cap Blend","Style Box - Large Cap Blend"
"VictoryShares US 500 Enhanced Volatility Wtd ETF","CFO","418.69","91.98521315085732263646374075821928582665",".4592","3.1526","-1.2205","6.9614","6.3378","15.076","Style Box - Large Cap Blend","Style Box - Large Cap Blend"
"Capital Group Core Balanced ETF","CGBL","7551.27","92.69311064718162839248434237995824634656",".3676","2.1106","-.4947","3.4036","5.0161","15.1847","Moderate Allocation ","Total Portfolio ETFs"
"Capital Group Core Bond ETF","CGCB","6470","7.82608695652173913043478260869565217391","-.1546","-.0497","-.116",".2468","-1.596","2.1331","Total Bond Market - Broad","Total Bond Market ETFs"
"Capital Group Fixed Inc.ome ETF","CGCP","8543.23","8.41121495327102803738317757009345794393","-.1362",".0335","-.1815",".1749","-1.3259","2.3727","Total Bond Market - Broad","Total Bond Market ETFs"
"Capital Group Conservative Equity ETF","CGCV","2013.74","88.6214442013129102844638949671772428884",".3009","1.523","-.951","4.5926","5.1185","15.2907","Style Box - All Cap Value","Style Box - All Cap Value"
"Capital Group Dividend Growers ETF","CGDG","5613.43","96.95238095238095238095238095238095238095",".6467","2.3409","-.077","4.679","4.0416","16.5919","Strategy - High Dividend Yield","World ETFs"
"Capital Group Dividend Value ETF","CGDV","38353.92","88.09293320425943852855759922555663117135",".5406","2.3649","-1.7032","5.1736","10.0467","24.1351","Style Box - All Cap Value","Style Box - All Cap Value"
"Capital Group Global Equity ETF","CGGE","3092.28","91.83359013867488443759630200308166409861",".4533","2.2491","-1.2256","4.6326","7.4871","19.3538","Global Large-Cap Blend Equity ETF","Global Large-Cap Blend Equity ETF"
"Capital Group Global Growth Equity ETF","CGGO","11856.82","82.72900763358778625954198473282442748092",".5672","1.7719","-1.2112","3.2405","10.9962","26.662","Global Large-Cap Growth Equity ETF","Global Large-Cap Growth Equity ETF"
"Capital Group Growth ETF","CGGR","24917.93","91.48230088495575221238938053097345132743","1.1188","2.2851","-.4237","2.0781","8.408","13.7226","Geographic - Global Total Market","World ETFs"
"Capital Group International Bond ETF (USD-Hedged)","CGIB","329.03","36.36363636363636363636363636363636363636","0",".0355","-.1184",".6475","-.7396","2.0795","Total Bond Market - Broad","Total Bond Market ETFs"
"Capital Group International Core Equity ETF","CGIC","2458.24","100",".9511","3.5396",".3241","3.6374","4.4166","25.7391","Foreign Large Blend ETF","Foreign Large Blend ETF"
"Capital Group International Equity ETF","CGIE","2462.6","93.59861591695501730103806228373702422145",".6089","3.9956","-.8092","5.9577","4.3724","16.4239","Foreign Large Growth ETF","Foreign Large Growth ETF"
"Capital Group U.S. Small and Mid Cap ETF","CGMM","3372.46","90.88277858176555716353111432706222865412",".6693","2.9558","-1.8683","5.3421","5.7119","20.6415","Style Box - All Cap Blend","Style Box - All Cap Blend"
"Capital Group U.S. Multi-Sector Income ETF","CGMS","5450.42","14.14141414141414141414141414141414141414",".0369",".2552","-.1472",".5328",".4037","3.8142","Total Bond Market - Broad","Total Bond Market ETFs"
"Capital Group New Geography Equity ETF","CGNG","2917.95","86.56884875846501128668171557562076749436","1.0953","2.3565",".1628","3.215","5.9094","26.525","Geographic - Global Total Market","World ETFs"
"Capital Group Short Duration Income ETF","CGSD","2489.7","16","0",".4339","0",".8542",".7295","3.1244","Short-Term Bond ETF","Short-Term Bond ETF"
"Capital Group Ultra Short Income ETF","CGUI","319.41","68.75",".0394",".4154",".0789","1.1267","1.774","3.7852","Ultra short Bond ETF","Ultra short Bond ETF"
"Capital Group Core Equity ETF","CGUS","11651.73","86.29834254143646408839779005524861878453",".378","1.8042","-1.9761","3.7232","10.2738","19.6242","Style Box - Large Cap Blend","Style Box - Large Cap Blend"
"Invesco S&P Global Water Index ETF","CGW","1050.73","49.7326203208556149732620320855614973262",".37",".8817","-.5074","4.5783","-4.8385","2.7947","Industrials  - Water","Industrials ETFs"
"Capital Group International Focus Equity ETF","CGXU","6600.92","88.34951456310679611650485436893203883495","1.0932","3.3226","-.1988","5.9365","9.2572","32.4665","Foreign Large Growth ETF","Foreign Large Growth ETF"
"Roundhill Generative AI & Technology ETF","CHAT","1843.8","68.57031097203207510267944455309994132603",".2278","1.5111","-5.9025","-.8339","32.71","69.4263","Artificial Intelligence and Robotics ETF","Artificial Intelligence and Robotics ETF"
"Global X AI Semiconductor & Quantum ETF","CHPX","215.54","69.63572812960723574138188082892971325393","-.1049","-2.1288","-4.7712","-.7091","49.5186","0","Technology  - Semiconductors","Technology ETFs"
"YieldMax Semiconductor Portfolio Option Income ETF","CHPY","1121.1","41.33617247804099015171679531541123236625","-.5019","-5.8445","-5.0165","-.585","32.7058","78.4165","Derivative Based ETF","Derivative Based ETF"
"First Trust NASDAQ Cybersecurity ETF","CIBR","14928.64","82.27206946454413892908827785817655571635","1.4981","4.7141","-4.7691","15.5473","48.7197","33.0366","Technology  - broad","Technology ETFs"
"Global X 1-3 Month T-Bill ETF","CLIP","2383.17","63.15789473684210526315789473684210526316",".0299",".0399",".0798",".3421",".9013","2.8814","US Treasury - Ultra Short","Money Market/Ultra-Short Term ETFs"
"iShares AAA CLO Active ETF","CLOA","2298.73","70.23809523809523809523809523809523809524",".0578",".5131",".106","1.1491","2.3412","4.8958","Asset Backed - MBS","Mortgage-Backed Security ETFs"
"VanEck CLO ETF","CLOI","1534.24","72.72727272727272727272727272727272727273",".0284",".4828",".0946","1.274","2.4652","5.0391","Asset Backed - MBS","Mortgage-Backed Security ETFs"
"Global X Cloud Computing ETF","CLOU","363.03","90.79061685490877497827975673327541268462","1.3733","17.4131","-1.3019","24.6667","48.1775","29.0248","Technology  - Cloud Computing","Technology ETFs"
"Eldridge AAA CLO ETF","CLOX","322.83","53.33333333333333333333333333333333333333","-.0392",".1559","-.1175",".8668","2.0177","4.5928","Asset Backed - MBS","Mortgage-Backed Security ETFs"
"Eldridge BBB-B CLO ETF","CLOZ","804.47","55.03355704697986577181208053691275167785","-.0761",".1452","-.3036","1.008","2.8169","4.8624","Asset Backed - MBS","Mortgage-Backed Security ETFs"
"Convergence Long/Short Equity ETF","CLSE","891.27","88.33499501495513459621136590229312063809",".2108","-2.5476","-1.6258",".8791","15.6761","36.7297","Hedge Fund - Long/Short","Long-Short ETFs"
"iShares CMBS ETF","CMBS","472.13","11.8644067796610169491525423728813559322","-.1921",".4507","-.0414",".6205","-.291","2.5734","Asset Backed - MBS","Mortgage-Backed Security ETFs"
"PIMCO Commodity Strategy Active Exchange-Traded Fund","CMDT","848.13","92.83216783216783216783216783216783216783",".7471","5.2817","3.3514","1.0955","18.4511","34.0883","Derivative Based ETF","Broad Commodity ETFs"
"iShares Bloomberg Roll Select Commodity Strategy ETF","CMDY","649.69","94.91206030150753768844221105527638190955",".6403","5.7527","3.763","1.7314","17.1855","37.1375","Basket - Broad","Broad Commodity ETFs"
"Alger Concentrated Equity ETF","CNEQ","1554.3","81.56378600823045267489711934156378600823",".8662",".2025","-3.2266","-.8267","17.7923","26.5665","Style Box - Large Cap Growth","Style Box - Large Cap Growth"
"iShares MSCI China A ETF","CNYA","224.23","55.02304147465437788018433179723502304147",".6181","-.1617","-.7703","-2.5522",".3339","15.3066","Geographic - China","Asia-Pacific (Emerging) ETFs"
"Global X MSCI Colombia ETF","COLO","220.89","100","1.626","10.0837","2.9018","35.2929","20.7379","65.5909","Geographic - Colombia","Latin American Equity ETFs"
"Direxion Auspice Broad Commodity Strategy ETF","COM","215.39","91.47093557275948038315181734680488124918",".0576","1.9654","1.6374","1.7141","11.9484","28.4547","Basket - Broad","Broad Commodity ETFs"
"iShares GSCI Commodity Dynamic Roll Strategy ETF","COMT","1284.32","87.30675345809601301871440195280716029292",".2006","6.1305","4.1115","-.8337","26.7948","33.0872","Basket - Broad","Broad Commodity ETFs"
"GraniteShares 2x Long COIN Daily ETF","CONL","593.52","5.18204154567790931427295063658700022336","16.171","4.8658","53.5627","-21.4824","-15.5405","-79.7735","Derivative Based ETF","Single Stock ETF"
"YieldMax COIN Option Income Strategy ETF","CONY","348.67","6.29572911349327888378424366173217628042","8.1108","6.7837","20.7057","-1.4283","5.2161","-24.0507","Derivative Based ETF","Single Stock ETF"
"Sprott Copper Miners ETF","COPP","294.1","99.8171846435100548446069469835466179159","6.0381","18.0455","10.3965","14.5509","9.9446","98.0481","Materials  - Copper Mining","Materials ETFs"
"Global X Copper Miners ETF","COPX","8232.14","97.66217354675652906486941870261162594777","5.1818","20.8972","10.3734","14.2472","6.4631","106.9922","Materials  - Copper Mining","Materials ETFs"
"Tweedy, Browne Insider + Value ETF","COPY","408.13","100",".8878","3.3117",".3153","7.7183","10.1038","31.8144","Geographic - Global Total Market","World ETFs"
"AB Core Bond ETF","CORB","1141.5","5.82959641255605381165919282511210762332","-.206","-.0288","-.0653",".1095","-1.5535","0","Total Bond Market - Broad","Total Bond Market ETFs"
"iShares International Country Rotation Active ETF","CORO","8250","97.96285200718993409227082085080886758538",".7868","3.6551","-.2149","4.5729","8.2143","31.3831","Foreign Large Blend ETF","Foreign Large Blend ETF"
"PIMCO Investment Grade Corporate Bond Index ETF","CORP","1589.51","2.80354566068851783137497423211708925995","-.121","-.131","-.1946","-.0883","-1.6914","2.6107","Corporates - Investment Grade","Investment Grade Corporate Bond ETFs"
"Pacer US Large Cap Cash Cows Growth Leaders ETF","COWG","2297.29","93.7457969065232010759919300605245460659",".7296","4.4941","-.7736","5.635","13.9182","15.0906","Style Box - Large Cap Growth","Style Box - Large Cap Growth"
"Pacer US Cash Cows 100 ETF","COWZ","19884.62","100","1.1233","11.5724","1.8815","13.8265","12.5441","28.5236","Style Box - Large Cap Value","Style Box - Large Cap Value"
"Counterpoint Quantitative Equity ETF","CPAI","421.56","92.95023696682464454976303317535545023697",".808","2.3557","-2.2206","7.8189","20.2773","43.7191","Style Box - All Cap Blend","Style Box - All Cap Blend"
"United States Copper Index Fund","CPER","735.84","93.47990902198635329795299469294920394238","1.6264","1.1637","-.05","3.6547","10.5612","44.0043","Base Metals - Copper","Industrial Metals ETFs"
"NYLI MacKay Core Plus Bond ETF","CPLB","379.36","12.16931216931216931216931216931216931217","-.0965",".0415","-.0241",".5887","-.8564","3.408","Total Bond Market - Broad","Total Bond Market ETFs"
"AB Core Plus Bond ETF","CPLS","210.67","1.55889145496535796766743648960739030023","-.0898","-.113","-.1736","-.1722","-1.7307","2.1838","Total Bond Market - Broad","Total Bond Market ETFs"
"Invesco China Technology ETF","CQQQ","3070.36","29.52380952380952380952380952380952380952",".8992","-5.6925","-2.9678","-6.212","-7.8058","2.2811","Geographic - China","Asia-Pacific (Emerging) ETFs"
"VanEck Oil Refiners ETF","CRAK","279.29","100","2.0924","9.5563","3.3203","26.5353","36.7182","79.0884","Energy - Refining & Marketing","Energy ETFs"
"iShares Low Carbon Optimized MSCI ACWI ETF","CRBN","1170.24","94.71463468798578725294248278925161003775",".6742","2.6563","-.6713","3.7153","9.0557","21.609","Strategy - Socially Responsible","World ETFs"
"Columbia Core Bond ETF","CRUX","2129.9","9.09090909090909090909090909090909090909","-.1017","-.0884","-.0678",".1733","0","0","Total Bond Market - Broad","Total Bond Market ETFs"
"VictoryShares US Small Cap High Div Volatility Wtd ETF","CSB","262.03","91.73169516852067076207869832309480325419",".0655",".5454","-1.4598","6.3502","5.7953","19.7594","Style Box - Small Cap Value","Style Box - Small Cap Value"
"Invesco S&P Spin-Off ETF","CSD","228.91","75.5609229009089175618127502701328417975","-.2124","-1.7907","-3.7685","-.4748","13.4307","56.1178","Strategy - Alpha-Seeking","Style Box - All Cap Value"
"NEOS Enhanced Income 1-3 Month T-Bill ETF","CSHI","1637.29","43.83561643835616438356164383561643835616",".0604",".3959",".0604","1.0357","2.5363","4.9164","US Treasury - Ultra Short","Government Bond ETFs"
"ProShares Large Cap Core Plus","CSM","526.49","91.73933537591326891350459580485505538534",".4615","2.7831","-1.4866","4.598","12.1239","22.7288","Derivative Based ETF","Hedge Fund ETFs"
"Congress SMid Growth ETF","CSMD","480.41","81.87134502923976608187134502923976608187",".8288","2.3796","-2.997","6.4478","3.7647","9.3614","Style Box - All Cap Growth","Style Box - All Cap Growth"
"Cohen & Steers Preferred and Income Opportunities Active ETF","CSPF","309.21","55.18962075848303393213572854291417165669",".1928",".1535","-.0346","1.3426",".9611","6.0374","Corporates - Convertible","Convertibles/CEFs/OET/Preferred Stock ETFs"
"Cohen & Steers Real Estate Active ETF","CSRE","551.26","82.35919234856535600425079702444208289054","-.1719","-1.4591","-.3774","1.253","5.2059","15.033","Real Estate   - REITs","Real Estate ETFs"
"Simplify Managed Futures Strategy ETF","CTA","1634.75","43.29608938547486033519553072625698324022",".2458","3.5005","5.0018","-6.3995","-1.3087","7.872","Derivative Based ETF","Hedge Fund ETFs"
"Castellan Targeted Equity ETF","CTEF","639.21","85.19343167269691065961591984414138602839","1.559","-1.6261","-2.5551","10.488","17.2266","55.3423","Derivative Based ETF","Style Box - All Cap Growth"
"Calvert International Responsible Index ETF","CVIE","475.94","94.8835899361622230567029665790461885092",".8472","3.4208","-.5846","5.4638","9.0264","32.6355","Strategy - Socially Responsible","Broad Developed World ETFs"
"Calvert US Large-Cap Core Responsible Index ETF","CVLC","975.02","90.75173095944609297725024727992087042532",".4812","2.4096","-1.6385","4.2695","13.1134","23.5126","Strategy - Socially Responsible","Style Box - Large Cap Blend"
"Calvert Ultra-Short Investment Grade ETF","CVSB","238.5","52",".0296",".386",".0394","1.0493","1.8051","4.1933","Ultra short Bond ETF","Ultra short Bond ETF"
"State Street SPDR Bloomberg Convertible Securities ETF","CWB","5634.21","71.77742193755004003202562049639711769416",".1159",".203","-2.7298","-1.1608","10.4395","24.243","Corporates - Convertible","Convertibles/CEFs/OET/Preferred Stock ETFs"
"Direxion Daily CSI China Internet Index Bull 2X ETF","CWEB","212.4","10.25218006127739806740513787414565166156","-.0906","-3.5433","-2.649","-10.0552","-38.0836","-49.1464","Derivative Based ETF","Leveraged Equity ETFs"
"State Street SPDR MSCI ACWI ex-US ETF","CWI","2875.12","97.71359807460890493381468110709987966306",".6545","3.3093","-.1923","4.5664","6.0719","26.9","Foreign Large Blend ETF","Foreign Large Blend ETF"
"WisdomTree China ex-State-Owned Enterprises ETF","CXSE","494.22","19.25197794293934308319347878206665068329",".5679",".1635",".3901","-3.042","-5.1616",".3004","Strategy - Socially Responsible","Asia-Pacific (Emerging) ETFs"
"VanEck Digital Transformation ETF","DAPP","298.77","45.10571652310101801096319498825371965544","2.3647",".8282","9.6847","-9.5216","26.5757","16.2291","Technology  - broad","Technology ETFs"
"FT Vest U.S. Equity Deep Buffer ETF - April","DAPR","317.32","96.20991253644314868804664723032069970845",".1446","1.2924","-.312","2.2649","4.8857","8.9717","Derivative Based ETF","Defined Outcome"
"FT Vest U.S. Equity Deep Buffer ETF - August","DAUG","379.05","100",".0421",".9769",".1158","2.5536","6.4044","11.7772","Derivative Based ETF","Defined Outcome"
"Global X DAX Germany ETF","DAX","235.27","96.02385685884691848906560636182902584493",".5963","7.1056","-.3376","5.5794","1.7273","7.5003","Geographic - Germany","European Equity ETFs"
"Invesco DB Agriculture ETF","DBA","1226.02","87.53799392097264437689969604863221884498","-.2114",".6039","1.9806","2.5715","8.7975","3.8123","Agriculture - Broad","Agricultural ETFs"
"Xtrackers MSCI All World ex US Hedged Equity ETF","DBAW","311.02","93.26462345176747129554289847210921254859",".4666","1.2498","-.6338","3.7878","7.5298","28.0892","Foreign Large Blend ETF","Foreign Large Blend ETF"
"Invesco DB Base Metals ETF","DBB","363.56","84.87394957983193277310924369747899159664","1.5501","2.5281",".5114","-.8922","7.2628","31.0256","Base Metals - Broad","Industrial Metals ETFs"
"Invesco DB Commodity Index Tracking ETF","DBC","1843.27","95.55325749741468459152016546018614270941",".4822","5.7153","4.2","1.8241","27.0732","42.1555","Basket - Broad","Broad Commodity ETFs"
"Xtrackers MSCI EAFE Hedged Equity ETF","DBEF","9303.42","92.81961471103327495621716287215411558669",".6491","1.9916","-1.1511","5.7598","7.1813","24.0126","Geographic - EAFE","Broad Developed World ETFs"
"Xtrackers MSCI Europe Hedged Equity ETF","DBEU","788.98","95.28168349532886666037557799377182221383",".6703","2.1597","-.532","5.7464","6.9605","21.522","Geographic - Broad Europe","European Equity ETFs"
"Xtrackers MSCI Japan Hedged Equity ETF","DBJP","695.03","88.26841350188127656118885851176136209837",".6872",".2806","-3.2314","5.6208","8.8372","39.756","Geographic - Japan","Asia-Pacific (Developed) ETFs"
"iMGP DBi Managed Futures Strategy ETF","DBMF","3985.36","96.95885509838998211091234347048300536673",".6739",".1596",".0638","1.3272","2.1682","27.765","Derivative Based ETF","Hedge Fund ETFs"
"DoubleLine Opportunistic Core Bond ETF","DBND","763.41","6.35294117647058823529411764705882352941","-.1222",".1567","-.1",".3328","-1.5105","2.3582","Total Bond Market - Broad","Total Bond Market ETFs"
"Invesco DB Oil ETF","DBO","266.3","86.20981387478849407783417935702199661591",".3167","3.5981","5.9751","-2.8058","55.7976","64.2222","Energy -  Crude Oil","Energy ETFs"
"Invesco DB Precious Metals ETF","DBP","272.45","50.23842822720609297858358467993327379649","2.0136","14.1365","5.9928","-1.002","-11.6034","43.2428","Precious Metals - Broad","Precious Metals ETFs"
"Dimensional US Core Equity 1 ETF","DCOR","3485.47","92.59962049335863377609108159392789373814",".4157","2.5597","-1.342","5.2834","11.1992","23.5766","Style Box - All Cap Blend","Style Box - All Cap Blend"
"DoubleLine Commercial Real Estate Debt ETF","DCRE","462.43","16.02209944751381215469613259668508287293",".0194",".4556",".0465",".977","1.1391","3.9933","Asset Backed - MBS","Mortgage-Backed Security ETFs"
"FT Vest U.S. Equity Deep Buffer ETF - December","DDEC","437.33","98.28581739444243955250811981234211476001",".1349","1.3548","-.1965","2.6047","6.4527","13.3545","Derivative Based ETF","Defined Outcome"
"WisdomTree Dynamic International SmallCap Equity Fund","DDLS","427.58","84.29557577659240665202384687794163790398",".4548","2.6111","-.651","2.1746","-.1834","14.2473","Foreign Small/Mid Value ETF","Foreign Small/Mid Value ETF"
"Proshares Ultra Dow30","DDM","569.23","86.44230769230769230769230769230769230769","1.9338","3.6087","-1.6329","11.0881","12.713","35.4581","Derivative Based ETF","Leveraged Equity ETFs"
"WisdomTree Dynamic International Equity Fund","DDWM","1485.69","93.57459379615952732644017725258493353028",".6477","1.8371","-.7435","3.2997","1.9903","16.6296","Foreign Large Value ETF","Foreign Large Value ETF"
"AllianzIM U.S. Equity Buffer20 Dec ETF","DECW","228.15","98.6436498150431565967940813810110974106",".1519","1.2563","-.1514","2.4663","5.9906","12.85","Derivative Based ETF","Defined Outcome"
"Dimensional Emerging Markets High Profitability ETF","DEHP","450.39","76.57980866062437059415911379657603222558",".6692","2.0778",".3359","1.564","12.8053","44.2659","Geographic - Broad Emerging Markets","Broad Emerging Market ETFs"
"WisdomTree Emerging Markets High Dividend ETF","DEM","4081.09","88.83415435139573070607553366174055829228",".9531","3.0496",".8606","3.9199","7.9353","24.5652","Geographic - Broad Emerging Markets","Broad Emerging Market ETFs"
"WisdomTree U.S. SmallCap Dividend ETF","DES","2212.45","90.9638554216867469879518072289156626506",".3934","-.3049","-2.1567","7.2454","9.3792","26.6241","Style Box - Small Cap Value","Style Box - Small Cap Value"
"Xtrackers Russell US Multifactor ETF","DEUS","304.4","96.48055258613600855192829537044650933311",".4125","2.9682","-.6262","7.6019","8.3577","19.9017","Style Box - Large Cap Blend","Style Box - Large Cap Blend"
"Dimensional Emerging Markets ex China Core Equity ETF","DEXC","320.18","75.78517587939698492462311557788944723618",".3944","2.0966","-.1554","1.51","12.0094","45.6557","Geographic - Broad Emerging Markets","Broad Emerging Market ETFs"
"Dimensional U.S. Core Equity 2 ETF","DFAC","49063.79","92.99655568312284730195177956371986222732",".4626","2.6328","-1.3198","5.4627","11.07","24.1922","Style Box - All Cap Blend","Style Box - All Cap Blend"
"Dimensional Emerging Core Equity Market ETF","DFAE","9857.86","79.5",".509","2.9995",".3303","1.7468","7.4159","34.5033","Geographic - Broad Emerging Markets","Broad Emerging Market ETFs"
"Dimensional International Core Equity Market ETF","DFAI","18094.4","99.12718204488778054862842892768079800499",".814","4.2819","-.1612","5.3691","4.7575","24.2822","Foreign Large Blend ETF","Foreign Large Blend ETF"
"Dimensional US Large Cap Core Equity Market ETF","DFAL","1131.27","75.73004542504866969500324464633354964309",".5256","2.6314","-1.2733","0","0","0","Style Box - Large Cap Blend","Style Box - Large Cap Blend"
"Dimensional US Real Estate ETF","DFAR","1778.82","80.34188034188034188034188034188034188034","-.1132","-1.9985","-.4511","2.032","6.6512","16.0737","Real Estate   - Broad","Real Estate ETFs"
"Dimensional U.S. Small Cap ETF","DFAS","15618.59","92.47422680412371134020618556701030927835",".728","2.1156","-1.7282","8.3122","9.5823","26.6072","Style Box - Small Cap Value","Style Box - Small Cap Value"
"Dimensional U.S. Targeted Value ETF","DFAT","14558.36","94.01368301026225769669327251995438996579",".6743","1.6307","-1.4439","8.123","8.289","28.5691","Style Box - All Cap Value","Style Box - All Cap Value"
"Dimensional US Core Equity Market ETF","DFAU","12710.9","92.1",".4354","2.4324","-1.3938","4.2535","11.3689","22.5799","Style Box - All Cap Blend","Style Box - All Cap Blend"
"Dimensional World Equity ETF","DFAW","1663.65","95.0950337216431637032495401594114040466",".5302","2.9809","-.9288","4.8003","9.3739","24.6446","Global Large-Cap Blend Equity ETF","Global Large-Cap Blend Equity ETF"
"Dimensional World ex U.S. Core Equity 2 ETF","DFAX","12460.22","99.48783610755441741357234314980793854033",".819","4.6339",".0524","4.0066","5.2413","27.9269","Foreign Large Blend ETF","Foreign Large Blend ETF"
"Dimensional Core Fixed Income ETF","DFCF","10930.7",".5524861878453038674033149171270718232044","-.1445",".319","-.1766",".0634","-1.5477","2.6738","Total Bond Market - Broad","Total Bond Market ETFs"
"FT Vest U.S. Equity Deep Buffer ETF - February","DFEB","443.29","97.68637532133676092544987146529562982005",".121","1.2131","-.2624","2.3131","5.6196","13.0425","Derivative Based ETF","Defined Outcome"
"Dimensional Emerging Markets Core Equity 2 ETF","DFEM","9380.25","79.27773000859845227858985382631126397248",".5034","3.2583",".3518","1.3725","7.1112","32.3493","Geographic - Broad Emerging Markets","Broad Emerging Market ETFs"
"Direxion Daily Aerospace & Defense Bull 3X ETF","DFEN","357.84","38.77748248369171297414834501087219135057","-.2075","7.3672","-18.2457","12.3659","-19.9478","38.8044","Derivative Based ETF","Leveraged Equity ETFs"
"Dimensional Emerging Markets Value ETF","DFEV","2094.68","80.48433048433048433048433048433048433048",".287","3.1235",".0716","2.1623","9.1417","38.8401","Geographic - Broad Emerging Markets","Broad Emerging Market ETFs"
"Dimensional Global Real Estate ETF","DFGR","3858.26","81.2725090036014405762304921968787515006","-.2033","-1.3396","-.4057","1.9967","3.9898","12.8759","Real Estate   - Broad","Real Estate ETFs"
"Dimensional International Core Fixed Income ETF","DFGX","1742.87",".3696857670979667282809611829944547134935","-.0596","1.0768","-.2056",".2072","-1.2799","1.9127","Total Bond Market - Broad","Total Bond Market ETFs"
"Dimensional International Core Equity 2 ETF","DFIC","15303.73","100",".8316","4.8005",".2162","4.9626","4.6818","25.2208","Foreign Large Blend ETF","Foreign Large Blend ETF"
"Dimensional Inflation-Protected Securities ETF","DFIP","1137.21",".6369426751592356687898089171974522292994","-.3706","1.1489",".107","-.2204","-.4277","1.9406","US Treasury - TIPS","Inflation-Protected Bond ETFs"
"Dimensional International Small Cap ETF","DFIS","5890.24","100",".7108","5.8202",".2002","4.7371","3.651","24.1802","Foreign Small/Mid Blend ETF","Foreign Small/Mid Blend ETF"
"Dimensional International Value ETF","DFIV","21831.06","100",".8824","4.1994",".2062","5.9362","6.155","31.4902","Foreign Large Value ETF","Foreign Large Value ETF"
"WisdomTree Japan SmallCap Dividend ETF","DFJ","398.1","92.62374245472837022132796780684104627767",".8168","6.2766","-1.5954","7.6928","3.2402","25.2743","Geographic - Japan","Asia-Pacific (Developed) ETFs"
"Dimensional US Large Cap Value ETF","DFLV","7018.99","98.80597014925373134328358208955223880597",".671","4.4765","-.2848","9.5766","13.6691","33.1395","Style Box - Large Cap Value","Style Box - Large Cap Value"
"U.S. Micro Cap Portfolio: ETF Class Shares","DFMC","7891.35","89.04948939512961508248232521602513747054",".7701",".8368","-2.235","9.6879","0","0","Style Box - Micro Cap Blend","Style Box - Micro Cap Blend"
"Davis Select Financial ETF","DFNL","480.41","84.98759305210918114143920595533498759305",".5991",".8806","-2.7395","10.753","6.1355","18.4894","Financials-Broad","Financials ETFs"
"Dimensional Global Sustainability Fixed Income ETF","DFSB","740.95","1.26382306477093206951026856240126382306","-.069",".9364","-.1689",".021","-1.2944","2.3102","Total Bond Market - Broad","Total Bond Market ETFs"
"Dimensional Short-Duration Fixed Income ETF","DFSD","7217.83","9.84848484848484848484848484848484848485","-.0423","1.0489","-.0554",".6933",".1826","2.9717","Short-Term Bond ETF","Short-Term Bond ETF"
"Dimensional Emerging Markets Sustainability Core 1 ETF","DFSE","637.23","79.13939076547089115824386837741118966571",".6525","3.3192","-.0658","1.6812","5.0227","25.797","Geographic - Broad Emerging Markets","Broad Emerging Market ETFs"
"Dimensional International Sustainability Core 1 ETF","DFSI","1189.1","97.71689497716894977168949771689497716895",".7872","4.5003","-.3681","5.7739","3.5478","19.7269","Foreign Large Blend ETF","Foreign Large Blend ETF"
"Dimensional US Sustainability Core 1 ETF","DFSU","2330.37","91.30913091309130913091309130913091309131",".5214","2.3137","-1.4012","5.3781","10.1166","19.774","Style Box - All Cap Blend","Style Box - All Cap Blend"
"Dimensional US Small Cap Value ETF","DFSV","8336","94.5765937202664129400570884871550903901",".725","1.871","-1.395","8.8145","9.0377","31.9497","Style Box - Small Cap Value","Style Box - Small Cap Value"
"Dimensional U.S. Equity Market ETF","DFUS","21386.3","91.10562075355157504632489190858554663372",".4323","2.2369","-1.5305","3.7867","11.7719","22.2201","Style Box - All Cap Blend","Style Box - All Cap Blend"
"Dimensional US Marketwide Value ETF","DFUV","15791.09","98.2282069454287739192062367115520907158",".5956","4.1342","-.4334","9.1643","13.9892","33.7471","Style Box - Large Cap Value","Style Box - Large Cap Value"
"Dimensional US Large Cap Vector ETF","DFVX","543.93","95.59154295996401259559154295996401259559",".7236","3.5954","-.7052","5.6966","9.7718","22.9416","Style Box - Large Cap Value","Style Box - Large Cap Value"
"Dimensional Global Credit ETF","DGCB","1096.54","2.05128205128205128205128205128205128205","-.1503","1.156","-.2586",".0386","-1.0508","2.9487","Total Bond Market - Broad","Total Bond Market ETFs"
"DB Gold Double Long ETN","DGP","276.51","47.8149100257069408740359897172236503856","-1.8053","26.9165","7.7556","-.0624","-23.0001","67.547","Precious Metals - Gold","Leveraged Commodity ETFs"
"iShares Core Dividend Growth ETF","DGRO","43535.99","96.81481481481481481481481481481481481481",".4543","3.5779","-.2756","7.8093","8.7839","22.6557","Strategy - Dividend Growth","Style Box - Large Cap Value"
"WisdomTree U.S. SmallCap Quality Dividend Growth ETF","DGRS","408.81","90.67455159864829737457759292955549779049",".7836",".7644","-2.3286","9.0298","7.8726","25.0755","Strategy - Dividend Growth","Style Box - Small Cap Blend"
"WisdomTree U.S. Quality Dividend Growth ETF","DGRW","17148.56","92.97886843899113837764144512610770279482",".659","3.4301","-.7497","3.762","7.1912","15.9833","Strategy - Dividend Growth","Style Box - Large Cap Value"
"WisdomTree Emerging Markets SmallCap Dividend ETF","DGS","1726.18","71.12488928255093002657218777679362267493",".174","1.7674","-.3618","-.0312","-.6021","17.292","Geographic - Broad Emerging Markets","Broad Emerging Market ETFs"
"State Street SPDR Global Dow ETF","DGT","630.12","98.92789630029705644072373751012692411558",".6626","3.6356","-.0645","4.0154","8.2079","26.4053","Global Large-Cap Value Equity ETF","Global Large-Cap Value Equity ETF"
"WisdomTree U.S. High Dividend ETF","DHS","1605.15","97.56866276452048626744709590274651058082",".328","2.8597",".1679","6.6531","7.1113","22.3612","Style Box - Large Cap Value","Style Box - Large Cap Value"
"State Street SPDR Dow Jones Industrial Average ETF Trust","DIA","45045.59","88.4161015095165171734850142200831327937",".8929","2.0537","-.8532","6.0949","8.0194","20.3558","Style Box - Large Cap Value","Style Box - Large Cap Value"
"Columbia Diversified Fixed Income Allocation ETF","DIAL","396.25","8.28804347826086956521739130434782608696","0",".1447","-.1392",".5492","-.9198","3.8738","Total Bond Market - Broad","Total Bond Market ETFs"
"Dimensional International High Profitability ETF","DIHP","6597.42","100",".7753","5.0705",".4214","5.5868","4.2132","21.4806","Foreign Large Blend ETF","Foreign Large Blend ETF"
"Davis Select International ETF","DINT","290.73","97.45856353591160220994475138121546961326","1.0982","4.5783",".6594","3.3826","4.1124","17.2302","Foreign Large Blend ETF","Foreign Large Blend ETF"
"Dimensional International Small Cap Value ETF","DISV","5191.75","100",".8615","7.6197",".5424","6.8281","5.1217","31.9139","Foreign Small/Mid Value ETF","Foreign Small/Mid Value ETF"
"Global X SuperDividend U.S. ETF","DIV","791.41","89.57055214723926380368098159509202453988","-.1515",".4346",".1013","2.9626","4.3836","18.5268","Strategy - High Dividend Yield","Style Box - All Cap Value"
"iShares Core Dividend ETF","DIVB","1902.08","100",".76","8.5327",".9962","16.2484","23.0291","37.1851","Style Box - All Cap Value","Style Box - All Cap Value"
"Franklin International Core Dividend Tilt Index ETF","DIVI","2749.79","98.0952380952380952380952380952380952381",".7678","4.1307","-.3573","5.2155","6.2024","25.0424","Foreign Large Value ETF","Foreign Large Value ETF"
"Horizon Dividend Income ETF","DIVN","316.52","99.29315476190476190476190476190476190476",".358","4.6182",".9162","7.5607","7.1485","22.7345","Derivative Based ETF","Style Box - Large Cap Value"
"Amplify CWP Enhanced Dividend Income ETF","DIVO","7859.01","96.96394686907020872865275142314990512334",".7676","4.9692",".2477","7.0267","5.8642","19.1753","Derivative Based ETF","Derivative Based ETF"
"Opal Dividend Income ETF","DIVZ","305.77","79.83005366726296958855098389982110912343","0",".4437","-.0545","1.553","-.0849","8.6356","Style Box - All Cap Value","Style Box - All Cap Value"
"FT Vest U.S. Equity Deep Buffer ETF - January","DJAN","481.28","97.87357432824279914942973129711965977189",".1577","1.4223","-.2368","2.6351","6.1126","12.7435","Derivative Based ETF","Defined Outcome"
"Invesco Dow Jones Industrial Average Dividend ETF","DJD","502.07","99.11075181891673403395311236863379143088","1.0818","4.0464",".905","7.1953","7.083","24.5147","Style Box - Large Cap Blend","Style Box - Large Cap Blend"
"iPath Bloomberg Commodity Index Total Return ETN","DJP","848.96","94.23728813559322033898305084745762711864",".5562","5.6785","4.135","1.565","20.8403","49.5421","Basket - Broad","Broad Commodity ETFs"
"FT Vest U.S. Equity Deep Buffer ETF - July","DJUL","479.87","94.43846429852888410477215644061715105849",".0979","1.1481","-.5643","2.9619","6.6361","12.0098","Derivative Based ETF","Defined Outcome"
"FT Vest U.S. Equity Deep Buffer ETF - June","DJUN","353.33","93.65962180200222469410456062291434927697",".2002","1.2136","-.5564","2.1433","4.8881","9.6407","Derivative Based ETF","Defined Outcome"
"WisdomTree U.S. LargeCap Dividend ETF","DLN","6330.82","94.85029940119760479041916167664670658683",".3987","2.9874","-.8173","5.8153","8.6389","20.8481","Style Box - Large Cap Value","Style Box - Large Cap Value"
"WisdomTree International SmallCap Dividend ETF","DLS","1076.28","97.46312684365781710914454277286135693215",".7663","4.5971","-.0495","3.3772","1.7038","17.0269","Geographic - EAFE","Broad Developed World ETFs"
"DoubleLine Ultrashort Income ETF","DLUX","207.28","57.46031746031746031746031746031746031746","-.0278",".2793","-.0378",".9705","0","0","Ultra short Bond ETF","Ultra short Bond ETF"
"FT Vest U.S. Equity Deep Buffer ETF - March","DMAR","461.01","99.32458510227711308375144731763797761482","-.033","1.1472","-.077","2.0337","8.1071","13.1222","Derivative Based ETF","Defined Outcome"
"FT Vest U.S. Equity Deep Buffer ETF - May","DMAY","379.53","94.00360685302073940486925157799819657349",".2514","1.291","-.5093","2.0687","5.0252","10.0533","Derivative Based ETF","Defined Outcome"
"DoubleLine Mortgage ETF","DMBS","704.01","1.68705187684521299029945170814002530578","-.1037","-.1483","-.2175",".3305","-1.4691","3.3799","Asset Backed - MBS","Mortgage-Backed Security ETFs"
"iShares ESG Advanced MSCI EAFE ETF","DMXF","955.29","93.95081316937723125743752479174930583102",".9098","3.8505","-.8358","6.0815","7.4473","21.0958","Strategy - Socially Responsible","Broad Developed World ETFs"
"WisdomTree Global ex-U.S. Quality Growth Fund","DNL","498.08","95.96345130696275734443673374971084894749",".7304","3.1139","-.3824","6.7847","6.8713","21.5362","Strategy - Dividend Growth","World ETFs"
"FT Vest U.S. Equity Deep Buffer ETF - November","DNOV","401.55","98.91975308641975308641975308641975308642",".1534","1.2406","-.1338","2.6533","6.3964","14.63","Derivative Based ETF","Defined Outcome"
"FT Vest U.S. Equity Deep Buffer ETF - October","DOCT","390.77","99.28256070640176600441501103752759381898",".1073","1.431","-.0819","2.7901","6.7347","13.5107","Derivative Based ETF","Defined Outcome"
"WisdomTree True Developed International Fund","DOL","852.37","100",".5743","4.1186",".2805","5.5535","6.9047","27.1608","Geographic - EAFE","Broad Developed World ETFs"
"WisdomTree U.S. MidCap Dividend ETF","DON","4074.31","93.08855291576673866090712742980561555076",".3099","1.9658","-1.0866","6.7979","4.8832","15.2232","Style Box - Mid Cap Value","Style Box - Mid Cap Value"
"Direxion Daily Regional Banks Bull 3X ETF","DPST","339.84","75.47971824143794024775321836288559630799",".1092","-5.7566","-11.8066","22.5751","3.9813","48.6356","Derivative Based ETF","Leveraged Equity ETFs"
"Roundhill Memory ETF","DRAM","27372.96","55.07020280811232449297971918876755070203",".1737","-1.9881",".6281","6.1465","0","0","Technology  - Semiconductors","Technology ETFs"
"Global X Autonomous & Electric Vehicles ETF","DRIV","371.21","55.40897097625329815303430079155672823219","1.5173","-.2143","-3.2414","-11.3507","7.5659","39.2939","Geographic - Global Total Market","World ETFs"
"Strive U.S. Energy ETF","DRLL","315.53","100",".2421","9.5383","4.2034","11.951","21.3042","52.0546","Energy - Broad","Energy ETFs"
"Aptus Defined Risk ETF","DRSK","1511.06","48.4375","-.1407","-.2109","-1.4749","-1.5645","3.045","2.7633","Target Outcome","Total Portfolio ETFs"
"DoubleLine Securitized Credit ETF","DSCO","244.85","13.21044546850998463901689708141321044547",".0606",".3213","-.1008","1.2311","1.1946","0","Asset Backed - MBS","Mortgage-Backed Security ETFs"
"FT Vest U.S. Equity Deep Buffer ETF - September","DSEP","353.1","99.7042586750788643533123028391167192429",".0517","1.457","-.0207","3.0339","7.0686","11.7667","Derivative Based ETF","Defined Outcome"
"iShares ESG MSCI KLD 400 ETF","DSI","5469.53","94.29497568881685575364667747163695299838",".6591","4.2891","-1.1861","4.2822","13.4583","23.2943","Strategy - Socially Responsible","Style Box - Large Cap Growth"
"Tema S&P 500 Historical Weight ETF Strategy","DSPY","995.1","89.6718505841208423245777215566634422204",".4978","2.5864","-2.0286","5.1865","12.055","23.5398","Style Box - Large Cap Blend","Style Box - Large Cap Blend"
"Distillate U.S. Fundamental Stability & Value ETF","DSTL","2081.42","100",".9544","11.4108","1.8232","19.3711","13.5849","24.2932","Style Box - Large Cap Blend","Style Box - Large Cap Blend"
"Global X Data Center & Digital Infrastructure ETF","DTCR","2181","70.72135785007072135785007072135785007072","-.5618",".0353","-3.4436","-6.9313","11.2818","53.6724","Real Estate   - REITs","Real Estate ETFs"
"WisdomTree U.S. Total Dividend ETF","DTD","1661.83","95.05012531328320802005012531328320802005",".4438","2.7848","-.8051","5.9432","8.5858","20.741","Style Box - Large Cap Value","Style Box - Large Cap Value"
"WisdomTree International High Dividend ETF","DTH","664.11","100",".7434","5.5169","1.0664","5.898","6.2838","24.1118","Geographic - EAFE","Broad Developed World ETFs"
"Aptus Large Cap Enhanced Yield ETF","DUBS","410.46","92.65648677001981582935074017950810117729",".428","2.7273","-1.1965","4.0138","14.1439","25.7204","Style Box - Large Cap Blend","Style Box - Large Cap Blend"
"Dimensional US High Profitability ETF","DUHP","12652.78","93.33333333333333333333333333333333333333",".5215","2.3407","-.8881","5.4704","8.5351","17.1066","Style Box - Large Cap Value","Style Box - Large Cap Value"
"Davis Select U.S. Equity ETF","DUSA","1273.74","89.55349620893007582139848357203032855939",".581","-1.2992","-.9535","2.6595","7.367","23.6136","Style Box - Large Cap Blend","Style Box - Large Cap Blend"
"Dimensional Ultrashort Fixed Income ETF","DUSB","2242.93","50","-.0296",".7394","-.007",".9408","1.8666","3.9956","Ultra short Bond ETF","Ultra short Bond ETF"
"U.S. Small Cap Growth Portfolio","DUSG","2011.29","84.74956822107081174438687392055267702936",".9095","3.0462","-1.6344","8.2731","0","0","Style Box - Small Cap Growth","Style Box - Small Cap Growth"
"iShares Select Dividend ETF","DVY","23897.94","94.99467518636847710330138445154419595314","-.1643","1.9446","-.852","7.2713","6.1709","21.6502","Style Box - Large Cap Value","Style Box - Large Cap Value"
"iShares Emerging Markets Dividend ETF","DVYE","1237.85","95.51820728291316526610644257703081232493","1.8093","5.7893","4.5723","5.1422","3.6008","25.4127","Geographic - Broad Emerging Markets","Broad Emerging Market ETFs"
"Invesco Dorsey Wright SmallCap Momentum ETF","DWAS","441.72","66.49886994041504006574892130675981097185",".89","-4.4701","-4.3454",".9461","12.0569","32.1622","Style Box - Small Cap Blend","Style Box - Small Cap Blend"
"Davis Select Worldwide ETF","DWLD","612.24","84.6390168970814132104454685099846390169",".646","1.5676",".2186","1.3047","2.6439","14.2737","Global Large-Cap Blend Equity ETF","Global Large-Cap Blend Equity ETF"
"WisdomTree International Equity ETF","DWM","687.98","96.92220696340576783261975926973099604168",".7603","4.2717","-.0952","4.8215","3.538","19.1545","Geographic - EAFE","Broad Developed World ETFs"
"State Street SPDR S&P International Dividend ETF","DWX","529.14","92.38152369526094781043791241751649670066",".6099","2.0809",".6246","3.5845","2.0518","16.208","Foreign Large Value ETF","Foreign Large Value ETF"
"Dimensional International Vector Equity ETF","DXIV","215.43","100","1.1914","6.1124",".9495","5.4704","5.5332","27.5828","Foreign Small/Mid Value ETF","Foreign Small/Mid Value ETF"
"WisdomTree Japan Hedged Equity ETF","DXJ","7155.7","91.23861879402164576533241711046211991067","1.1048",".6063","-2.5416","5.6492","7.2406","42.7479","Geographic - Japan","Asia-Pacific (Developed) ETFs"
"Dimensional US Vector Equity ETF","DXUV","575.36","94.74053295932678821879382889200561009818",".6924","3.4381","-1.021","7.5122","11.0711","25.145","Style Box - All Cap Value","Style Box - All Cap Value"
"iShares U.S. Equity Factor Rotation Active ETF","DYNF","40715.2","91.00719424460431654676258992805755395683",".3195","1.8879","-1.6375","4.0498","12.8418","23.7665","Style Box - All Cap Blend","Style Box - All Cap Blend"
"iShares ESG Aware U.S. Aggregate Bond ETF","EAGG","5008.76","3.9800995024875621890547263681592039801","-.1071","-.0381","-.0857",".0589","-1.556","2.4393","Strategy - Socially Responsible","Total Bond Market ETFs"
"Eagle Capital Select Equity ETF","EAGL","4703.27","100",".8463","8.4648","1.3897","9.5282","11.5793","17.7924","Geographic - Global Total Market","World ETFs"
"Longview Advantage ETF","EBI","689.28","96.2656156055848754091789698710668715345",".6885","2.895","-.8206","6.9825","11.7313","29.8459","Style Box - All Cap Blend","Style Box - All Cap Blend"
"State Street SPDR Bloomberg Emerging Markets Local Bond ETF","EBND","2293.74","55.19480519480519480519480519480519480519",".3781","2.5807",".7112","3.7084",".3072","6.2512","International - Emerging Market","Emerging Market Bond ETFs"
"iShares MSCI Chile ETF","ECH","1044.58","62.63390044108380592312539382482671707624","1.956","5.0976","2.7778","3.2751","-3.4314","32.3684","Geographic - Chile","Latin American Equity ETFs"
"Columbia Research Enhanced Emerging Economies ETF","ECON","311.5","80.11943457555370776324741099100461108171",".9829","3.3148",".8676","3.4388","11.9899","43.2671","Geographic - Broad Emerging Markets","Broad Emerging Market ETFs"
"Pacer Emerging Markets Cash Cows 100 ETF","ECOW","223.89","87.53595397890699904122722914669223394056","1.7801","1.7726","3.1734","2.0585","1.7328","24.7773","Geographic - Broad Emerging Markets","Broad Emerging Market ETFs"
"3EDGE Dynamic Fixed Income ETF","EDGF","510.59","16.66666666666666666666666666666666666667","-.0405",".203","0",".5394",".3875","2.4682","Total Bond Market - Broad","Total Bond Market ETFs"
"State Street SPDR S&P Emerging Markets Dividend ETF","EDIV","1230.94","77.40213523131672597864768683274021352313",".5246",".1901","1.2877","3.5836","-.2346","13.5564","Geographic - Broad Emerging Markets","Broad Emerging Market ETFs"
"First Trust Dow 30 Equal Weight ETF","EDOW","320.92","91.5954228593976062080757595685913455215",".5015","3.6965","-.4536","6.2695","7.2191","19.148","Style Box - Large Cap Blend","Style Box - Large Cap Blend"
"Vanguard Extended Duration Treasury Index Fund ETF Shares","EDV","3473.47","7.39268680445151033386327503974562798092","-.5016","-2.8567",".1346","-2.7902","-9.7548","-3.1788","US Treasury - Long Term","Government Bond ETFs"
"Invesco S&P Emerging Markets Low Volatility ETF","EELV","425.45","71.01827676240208877284595300261096605744",".5934","1.622","1.208","2.5723","-.8284","12.9513","Geographic - Broad Emerging Markets","Broad Emerging Market ETFs"
"iShares MSCI Emerging Markets ETF","EEM","30968.31","80.87891538101916783543712014960261804582",".7505","2.7242",".7657","2.182","8.2304","37.4578","Geographic - Broad Emerging Markets","Broad Emerging Market ETFs"
"iShares MSCI Emerging Markets Asia ETF","EEMA","868.05","84.52149791955617198335644937586685159501",".2074","2.7827","-.0345","3.0191","9.5879","37.9251","Geographic - Asia Emerging","Asia-Pacific (Emerging) ETFs"
"iShares MSCI Emerging Markets Small-Cap ETF","EEMS","374.35","67.9151943462897526501766784452296819788","-.2003","3.6425","-.894","-.6502",".3174","16.9613","Geographic - Broad Emerging Markets","Broad Emerging Market ETFs"
"iShares MSCI Emerging Markets Min Vol Factor ETF","EEMV","3602.71","84.31786216596343178621659634317862165963","-.0468","2.9915","-.2803","4.2142","9.4991","20.6833","Geographic - Broad Emerging Markets","Broad Emerging Market ETFs"
"WisdomTree U.S. SmallCap ETF","EES","724.55","91.74370602942031513460084888656317227746",".6276",".4903","-1.7311","8.9676","12.6432","28.3696","Style Box - Small Cap Value","Style Box - Small Cap Value"
"iShares MSCI EAFE ETF","EFA","79353.12","97.51518498067366096079514080618442849255",".8291","4.0169","-.3682","5.4577","4.7439","21.5071","Geographic - EAFE","Broad Developed World ETFs"
"Invesco MSCI EAFE Income Advantage ETF","EFAA","640.19","96.32952691680261011419249592169657422512",".5277","2.9171","-.3921","5.0169","4.1623","17.212","Derivative Based ETF","Broad Developed World ETFs"
"iShares MSCI EAFE Min Vol Factor ETF","EFAV","5496.08","97.86856127886323268206039076376554174067",".7238","4.3675","1.0357","4.587","2.6147","13.7677","Geographic - EAFE","Broad Developed World ETFs"
"State Street SPDR MSCI EAFE Fossil Fuel Reserves Free ETF","EFAX","510.71","94.68380820013898540653231410701876302988",".7422","3.6205","-.7384","5.4075","3.9797","18.8166","Strategy - Socially Responsible","Broad Developed World ETFs"
"iShares MSCI EAFE Growth ETF","EFG","17065.8","92.57932446264073694984646878198567041965",".7615","3.8757","-.8284","4.3202","3.2026","15.6707","Strategy - Dividend Growth","Broad Developed World ETFs"
"State Street SPDR S&P 500 ESG ETF","EFIV","1028.99","92.95212765957446808510638297872340425532",".4819","4.0044","-1.3148","4.7825","12.1289","24.9343","Strategy - Socially Responsible","Style Box - Large Cap Blend"
"iShares MSCI Finland ETF","EFNL","259.29","79.39053254437869822485207100591715976331","1.294","5.5498",".9576","-1.7801","7.0517","32.6793","Geographic - Finland","European Equity ETFs"
"iShares MSCI EAFE Value ETF","EFV","31493.25","99.81167608286252354048964218455743879473",".9948","4.1545",".3172","6.6897","6.5009","27.4236","Geographic - EAFE","Broad Developed World ETFs"
"iShares MSCI Indonesia ETF","EIDO","485","23.39667458432304038004750593824228028504","2.16",".5512","1.3492","-.6285","-28.03","-28.4281","Geographic - Indonesia","Asia-Pacific (Emerging) ETFs"
"FT Energy Income Partners Enhanced Income ETF","EIPI","1113.44","87.17948717948717948717948717948717948718","-1.5741","1.5934","-1.4448","1.1268","5.5354","21.8163","Energy - Broad","Energy ETFs"
"FT Energy Inc.ome Partners Strategy ETF","EIPX","584.32","95","-.8422","2.51","-.5362","2.4014","8.7976","31.6539","Energy - Broad","Energy ETFs"
"iShares MSCI Israel ETF","EIS","884.25","67.27192789624093207298307320290173664542","1.3803","1.7499","-1.5165","-6.8844",".6546","37.0036","Geographic - Israel","Africa-Middle East Equity ETFs"
"Eventide High Dividend ETF","ELCV","261.24","82.13783403656821378340365682137834036568","-.1193","-.3913","-1.7112","2.7553","8.7763","25.3627","Style Box - Large Cap Value","Style Box - Large Cap Value"
"Elm Market Navigator ETF","ELM","593.74","97.62117157300029735355337496283080582813",".371","2.1627","-.2012","2.7979","4.3478","12.6974","Multi-Asset - Total Portfolio","Total Portfolio ETFs"
"iShares J.P. Morgan USD Emerging Markets Bond ETF","EMB","14872.66","36.95198329853862212943632567849686847599",".0528","-.2583","-.3472","1.0005","-.4518","6.4797","International - Emerging Market","Emerging Market Bond ETFs"
"Global X Emerging Markets Bond ETF","EMBD","248.4","34.21052631578947368421052631578947368421",".1062","-.1097","-.1483","1.2706","-.0495","6.0166","International - Emerging Market","Emerging Market Bond ETFs"
"VanEck Emerging Markets Bond ETF","EMBX","266.24","62.98209366391184573002754820936639118457",".1365","1.2035",".1561","2.0595","1.0486","0","International - Emerging Market","Emerging Market Bond ETFs"
"Xtrackers MSCI Emerging Markets Select ETF","EMCS","994.35","81.19409787500712128980801002677604967812","1.2678","1.8627","1.5441","3.8357","12.045","47.3892","Strategy - Socially Responsible","Broad Emerging Market ETFs"
"Nomura Focused Emerging Markets Equity ETF","EMEQ","610.75","73.75332552942428434606789400872618920932","1.2282","-.6615",".8046","2.1812","29.7022","114.7236","Geographic - Broad Emerging Markets","Broad Emerging Market ETFs"
"iShares Emerging Markets Equity Factor ETF","EMGF","1883.64","79.82494529540481400437636761487964989059",".4485","3.0778",".4203","1.6475","9.0466","36.9658","Geographic - Broad Emerging Markets","Broad Emerging Market ETFs"
"State Street SPDR Bloomberg Emerging Markets USD Bond ETF","EMHC","296.31","27.3972602739726027397260273972602739726","0","-.3648","-.3402",".9556","-.6126","6.4355","International - Emerging Market","Emerging Market Bond ETFs"
"iShares J.P. Morgan EM High Yield Bond ETF","EMHY","641.51","64.73551637279596977329974811083123425693",".0995",".3425","-.2972","2.1469","1.6083","8.9214","Corporates - Junk/High Yield","Emerging Market Bond ETFs"
"VanEck J.P. Morgan EM Local Currency Bond ETF","EMLC","4815.37","57.95454545454545454545454545454545454545",".5054","2.4024",".819","3.6814",".7227","8.9674","Sovereign - Broad Market","Emerging Market Bond ETFs"
"First Trust North American Energy Infrastructure ETF","EMLP","4189.97","85.1458885941644562334217506631299734748","-1.598","-.8392","-1.819","-.4924","2.9526","18.4989","Energy - MLP","MLP ETFs"
"PIMCO Enhanced Short Maturity Active ESG ETF","EMNT","216.88","100",".0202",".4752",".0808","1.2143","2.0375","4.2549","Ultra short Bond ETF","Ultra short Bond ETF"
"AB Emerging Markets Opportunities ETF","EMOP","2070.71","81.75473579262213359920239282153539381854","1.2714","1.0703","-.0216",".3331","7.1332","37.9863","Geographic - Broad Emerging Markets","Broad Emerging Market ETFs"
"EMQQ The Emerging Markets Internet ETF","EMQQ","268.08","24.36296207680344538820433066156238784544",".1845","3.0667","-.0789","4.0541","-9.7044","-19.6406","Geographic - Broad Emerging Markets","Broad Emerging Market ETFs"
"iShares MSCI Emerging Markets ex China ETF","EMXC","24603.83","79.93303313705114882807989839510449139822",".8455","2.9474",".5242","2.9271","14.007","56.5522","Geographic - Broad Emerging Markets","Broad Emerging Market ETFs"
"Alerian Energy Infrastructure ETF","ENFR","530.4","89.33083762283575105287786616752456715021","-.8306","-.1612","-.9303","-.2863","10.9415","29.3248","Energy - MLP","MLP ETFs"
"WisdomTree India Earnings ETF","EPI","2023.46","46.26865671641791044776119402985074626866",".3032","1.6308","-.0465","2.162","-6.9465","-5.1819","Geographic - India","Asia-Pacific (Emerging) ETFs"
"iShares MSCI Poland ETF","EPOL","854.69","98.64763335837716003005259203606311044328",".566","7.5024","-.0675","12.4799","18.2809","37.4818","Geographic - Poland","European Equity ETFs"
"iShares MSCI Pacific ex Japan ETF","EPP","2308.28","100","1.1494","5.3128","1.8054","6.3635","4.292","17.2955","Geographic - Asia Developed","Asia-Pacific (Developed) ETFs"
"WisdomTree U.S. LargeCap ETF","EPS","1643.69","91.59717767799871712636305323925593329057",".3991","2.731","-1.4326","4.1479","12.7403","23.2324","Style Box - Large Cap Value","Style Box - Large Cap Value"
"iShares MSCI Peru and Global Exposure ETF","EPU","557.93","100","3.6144","7.8848","5.9871","14.2638","6.4262","84.0184","Geographic - Peru","Latin American Equity ETFs"
"Invesco Russell 1000 Equal Weight ETF","EQAL","847.04","98.84980830138356392732122020336722787131",".5539","4.4155","-.2231","7.0051","8.8052","24.1522","Style Box - Large Cap Blend","Style Box - Large Cap Blend"
"Columbia U.S. Equity Income ETF","EQIN","314.02","96.71361502347417840375586854460093896714",".4654","3.5484","-.5631","8.72","7.1057","21.334","Style Box - All Cap Value","Style Box - All Cap Value"
"ALPS Equal Sector Weight ETF","EQL","764.84","97.67141009055627425614489003880983182406",".5574","2.81","-.3429","4.0476","5.991","18.3936","Style Box - Large Cap Blend","Style Box - Large Cap Blend"
"Kovitz Core Equity ETF","EQTY","1456.3","97.76277724204435872709739633558341369335",".8066","5.2467","-.3869","9.1304","9.7318","16.5392","Style Box - All Cap Blend","Style Box - All Cap Blend"
"Invesco S&P 100 Equal Weight ETF","EQWL","2809.01","97.60683760683760683760683760683760683761",".5961","4.4726","-.2365","7.679","11.3365","22.5944","Style Box - Large Cap Blend","Style Box - Large Cap Blend"
"Direxion Daily Energy Bull 2X ETF","ERX","260.71","98.87423043095866314863676341248900615655","-.5925","16.8953","5.3778","14.1403","30.3367","106.627","Derivative Based ETF","Leveraged Equity ETFs"
"iShares ESG Aware MSCI EAFE ETF","ESGD","12188.02","97.36103312745648512071869736103312745649",".9881","4.033","-.3806","5.9302","5.1227","21.4714","Strategy - Socially Responsible","Broad Developed World ETFs"
"iShares ESG Aware MSCI EM ETF","ESGE","6836.02","82.46792913866829566279780085522296884545",".8226","2.8413",".7096","3.1952","8.1885","36.5","Strategy - Socially Responsible","Broad Emerging Market ETFs"
"iShares ESG Aware MSCI USA ETF","ESGU","18068.32","91.71955273496524629797521909942580840133",".4491","2.2555","-1.3642","3.8127","12.3469","21.8586","Strategy - Socially Responsible","Style Box - All Cap Growth"
"Vanguard ESG U.S. Stock ETF Shares","ESGV","13465.25","92.98425735797399041752224503764544832307",".563","2.3678","-1.2512","3.8867","13.6124","21.5607","Strategy - Socially Responsible","Style Box - All Cap Blend"
"iShares ESG Aware MSCI USA Small-Cap ETF","ESML","2903.85","94.09190371991247264770240700218818380744",".649","2.5344","-1.4301","7.885","11.7003","31.2665","Strategy - Socially Responsible","Style Box - Small Cap Blend"
"Essential 40 Stock ETF","ESN","334.44","95.265588914549653579676674364896073903",".6157","3.3635","-.7089","5.6168","13.2563","26.3268","Style Box - Large Cap Blend","Style Box - Large Cap Blend"
"VanEck Video Gaming and eSports ETF","ESPO","253.71","35.3036437246963562753036437246963562753",".7686","7.7707","-1.4532","10.3492","5.8222","-12.4165","Consumer Discretionary - Leisure and Entertainment","Consumer Discretionary ETFs"
"Grayscale Ethereum Staking Mini ETF","ETH","1952.74","27.71611167171207534476959300369996636394","3.8774","25.6956","28.4997","13.3301","23.6052","-42.0523","Digital Economy ETF","Digital Economy ETF"
"iShares Ethereum Trust ETF","ETHA","7094.41","27.02702702702702702702702702702702702703","3.9316","25.5334","28.6319","12.9412","22.4983","-42.8929","Digital Economy ETF","Digital Economy ETF"
"iShares Staked Ethereum Trust ETF","ETHB","659.66","98.31111111111111111111111111111111111111","3.8757","25.6162","28.6838","12.8494","0","0","Digital Economy ETF","Digital Economy ETF"
"Grayscale Ethereum Staking ETF","ETHE","1771.27","26.07373622196883314329152413530976814899","3.8441","25.2415","28.4676","12.1037","20.9577","-44.2054","Digital Economy ETF","Digital Economy ETF"
"ProShares Ultra Ether ETF","ETHT","251.1","8.2883047898159172085355801813352871142","7.6974","51.1247","61.4398","10.5431","14.8764","-82.1003","Digital Economy ETF","Digital Economy ETF"
"2x Ether ETF","ETHU","1064.53","9.05794796768653393550028624133324852109","7.4121","52.1073","61.6019","13.3162","19.8815","-82.2401","Digital Economy ETF","Digital Economy ETF"
"Bitwise Ethereum ETF","ETHW","247.29","26.9010989010989010989010989010989010989","3.7883","25.436","28.4226","12.5897","22.3246","-42.9987","Digital Economy ETF","Digital Economy ETF"
"Select STOXX Europe Aerospace & Defense ETF","EUAD","1191.08","79.6992481203007518796992481203007518797","-.0217","9.3928","-3.696","15.9085","-3.0481","10.5995","Industrials  - Aerospace & Defense","Industrials ETFs"
"iShares MSCI Europe Financials ETF","EUFN","4279.3","96.45833333333333333333333333333333333333","1.0529","4.7111","-.7987","12.6411","14.364","27.7882","Financials-Broad","Financials ETFs"
"iShares Euro High Yield Corporate Bond USD Hedged ETF","EUHY","250.91","48.27359421243012167050312397237750739888",".1068",".288","-.1849","1.3943","1.6107","0","Corporates - Junk/High Yield","High-Yield/Junk Bond ETFs"
"iShares MSCI USA Equal Weighted ETF","EUSA","1940.23","93.86110452713913249585209765347238682152",".6633","4.1714","-1.0036","7.9734","10.2743","18.9485","Style Box - All Cap Blend","Style Box - All Cap Blend"
"iShares ESG Advanced Universal USD Bond ETF","EUSB","711.31","4.97076023391812865497076023391812865497","-.105","-.0033","-.0934",".1531","-1.3445","2.4926","Strategy - Socially Responsible","Total Bond Market ETFs"
"Corgi Lithography & Semiconductor Photonics ETF","EUV","472.32","34.60176991150442477876106194690265486726","-.405","-5.3138","-8.4171","0","0","0","Technology  - Semiconductors","Technology ETFs"
"Eaton Vance Floating-Rate ETF","EVLN","1417.81","37.82383419689119170984455958549222797927",".0409",".91",".1946","1.5138","3.2621","4.5524","Corporates - Floating Rate","Investment Grade Corporate Bond ETFs"
"Eaton Vance Mortgage Opportunities ETF","EVMO","862.58","11.04651162790697674418604651162790697674","-.1805",".3369","-.0402",".6122","-.1404","4.3035","Asset Backed - MBS","Mortgage-Backed Security ETFs"
"Eaton Vance Ultra-Short Income ETF","EVSB","244.32","41.86046511627906976744186046511627906977",".0177",".3943",".0393","1.0164","1.9156","4.2875","Ultra short Bond ETF","Ultra short Bond ETF"
"Eaton Vance Short Duration Income ETF","EVSD","1389.16","18.34951456310679611650485436893203883495","-.0609",".4952","-.0413",".9444",".6459","3.5908","Short-Term Bond ETF","Short-Term Bond ETF"
"Eaton Vance Total Return Bond ETF","EVTR","5818.56","9.7345132743362831858407079646017699115","-.1196",".0631","-.1395",".359","-1.3709","2.9584","Total Bond Market - Broad","Total Bond Market ETFs"
"iShares ESG Aware MSCI USA Value ETF","EVUS","380.7","95.66176470588235294117647058823529411765",".5286","4.2006","-.7892","7.2352","10.2288","22.4464","Strategy - Socially Responsible","Style Box - All Cap Value"
"iShares MSCI Australia ETF","EWA","1326.85","95.05494505494505494505494505494505494505","1.3109","5.0907","1.6526","5.3634","2.8446","15.3704","Geographic - Australia","Asia-Pacific (Developed) ETFs"
"iShares MSCI Canada ETF","EWC","6782.35","100",".9552","5.6054",".2089","6.923","9.5792","33.4823","Geographic - Canada","Canadian Equity ETFs"
"iShares MSCI Sweden ETF","EWD","749.29","88.32976445396145610278372591006423982869","1.4567","7.0673","1.38","4.9464","1.526","20.2804","Geographic - Sweden","European Equity ETFs"
"iShares MSCI Germany ETF","EWG","1712.88","94.44444444444444444444444444444444444444",".6375","6.9441",".0906","4.603","1.6056","7.0142","Geographic - Germany","European Equity ETFs"
"iShares MSCI Hong Kong ETF","EWH","1259.95","69.15167095115681233933161953727506426735","1.7429","4.7085","4.2876","-.5451","-.252","15.1895","Geographic - Hong Kong","Asia-Pacific (Developed) ETFs"
"iShares MSCI Italy ETF","EWI","1130.4","96.62576687116564417177914110429447852761",".1752","3.9491","-.569","8.653","12.8033","25.7242","Geographic - Italy","European Equity ETFs"
"iShares MSCI Japan ETF","EWJ","22313.71","83.98247322297955209347614410905550146056",".9653","2.631","-3.0852","4.7182","4.6037","25.4668","Geographic - Japan","Asia-Pacific (Developed) ETFs"
"iShares MSCI Japan Value ETF","EWJV","757.79","91.63942083138720224194301728164409154601","1.7208","2.7597","-1.5181","5.6461","3.8773","29.8946","Geographic - Japan","Asia-Pacific (Developed) ETFs"
"iShares MSCI Switzerland ETF","EWL","2422.12","93.58288770053475935828877005347593582888",".9727","2.7131","1.7228","4.1375","1.6627","19.1308","Geographic - Switzerland","European Equity ETFs"
"iShares MSCI Malaysia ETF","EWM","324.1","69.06854130052724077328646748681898066784",".809","2.577","2.3571","-.2667","-2.981","17.7343","Geographic - Malaysia","Asia-Pacific (Emerging) ETFs"
"iShares MSCI Netherlands ETF","EWN","727.74","89.06964921199796644636502287747839349263",".6959","2.1621","-3.0024","4.9633","11.0106","36.2046","Geographic - Netherlands","European Equity ETFs"
"iShares MSCI Austria ETF","EWO","205.72","95.60929964730439789822212625062981357518",".8543","2.7765","-1.3773","12.0021","14.1267","40.4","Geographic - Austria","European Equity ETFs"
"iShares MSCI Spain ETF","EWP","2241.72","100","1.0438","5.819",".1114","11.2463","11.9681","33.2191","Geographic - Spain","European Equity ETFs"
"iShares MSCI France ETF","EWQ","337.61","79.76011994002998500749625187406296851574",".2346","4.0053","-.9901","5.6865",".8543","10.9424","Geographic - France","European Equity ETFs"
"iShares MSCI Singapore ETF","EWS","1220.41","97.91955617198335644937586685159500693481",".4462","6.8333",".2672","16.1855","16.5013","26.2799","Geographic - Singapore","Asia-Pacific (Developed) ETFs"
"iShares MSCI Taiwan ETF","EWT","11291.59","86.48092744951383694839192221391174270755",".221","3.6985","-2.5871","10.4054","40.2259","82.8857","Geographic - Taiwan","Asia-Pacific (Developed) ETFs"
"iShares MSCI United Kingdom ETF","EWU","3810.39","100",".8241","4.6397","1.409","4.7872","3.2603","21.0642","Geographic - UK","European Equity ETFs"
"iShares MSCI Mexico ETF","EWW","1751.6","80.54573016675088428499242041435068216271","2.4901","2.0306","3.1596",".9227","-3.3389","29.7237","Geographic - Mexico","Latin American Equity ETFs"
"State Street SPDR S&P Emerging Markets Small Cap ETF","EWX","698.79","63.40136054421768707482993197278911564626",".161","4.1813",".37","-.5111","4.3944","12.958","Geographic - Broad Emerging Markets","Broad Emerging Market ETFs"
"iShares MSCI South Korea ETF","EWY","27694.97","72.25692558392178164041281912004345464422",".101","3.1463","-.7789","-4.3343","25.6978","153.2674","Geographic - South Korea","Asia-Pacific (Developed) ETFs"
"iShares MSCI Brazil ETF","EWZ","7831.72","49.16158536585365853658536585365853658537","2.6948","-1.5722","3.3304","-4.3753","-10.1074","32.429","Geographic - Brazil","Latin American Equity ETFs"
"iShares MSCI Brazil Small-Cap ETF","EWZS","203.07","14.41441441441441441441441441441441441441","4.1982","-4.5898","4.2857","-11.9406","-19.8591","5.0938","Geographic - Brazil","Latin American Equity ETFs"
"iShares Global Industrials ETF","EXI","1450.72","86.20530396946935997471985220836675660565",".5297","2.7847","-2.7437","4.9899","1.5129","20.9064","Industrials  - Broad","Industrials ETFs"
"Cambria Emerging Shareholder Yield ETF","EYLD","894.07","94.70774091627172195892575039494470774092",".945","5.094","1.0511","5.8701","9.0125","35.4102","Geographic - Broad Emerging Markets","Broad Emerging Market ETFs"
"iShares MSCI South Africa ETF","EZA","584.9","63.68357970435477427087495005992808629644","2.8948","16.4258","7.3745","8.3274","-4.2793","36.2778","Geographic - South Africa","Africa-Middle East Equity ETFs"
"Franklin Bitcoin ETF","EZBC","430.5","27.38525012893243940175348117586384734399","6.0238","15.9937","22.5877","-.7799","13.713","-31.4396","Cryptocurrency ETFs","Cryptocurrency ETFs"
"WisdomTree U.S. MidCap ETF","EZM","948.94","92.12491513917175831636116768499660556687",".5904","1.4516","-1.2366","6.8194","7.5925","20.8105","Style Box - Mid Cap Value","Style Box - Mid Cap Value"
"iShares MSCI Eurozone ETF","EZU","9905.62","96.14048629872636047857969895793130065612",".5344","4.3041","-.6945","6.5195","5.8836","21.0881","Geographic - Broad Europe","European Equity ETFs"
"First Trust Alternative Absolute Return Strategy ETF","FAAR","206.91","61.58940397350993377483443708609271523179",".2871",".5597","1.7311","-7.2287","6.1696","17.2615","Basket - Broad","Broad Commodity ETFs"
"First Trust Multi Cap Growth AlphaDEX ETF","FAD","589.93","76.86353966163509269577550400162090973559",".6781",".6878","-2.8493","3.4867","11.4891","25.1797","Style Box - All Cap Growth","Style Box - All Cap Growth"
"iShares Fallen Angels USD Bond ETF","FALN","1653.75","43.06569343065693430656934306569343065693","0",".4183","-.2586","1.7056",".8585","6.2784","Corporates - Junk/High Yield","High-Yield/Junk Bond ETFs"
"First Trust Global Wind Energy ETF","FAN","251.26","62.76243093922651933701657458563535911602","-.2925","-1.8753","-1.8914","-8.7045","1.9013","28.2977","Strategy - Socially Responsible","Alternative Energy ETFs"
"FT Vest U.S. Equity Buffer ETF - April","FAPR","1299.14","94.55292908530318602261048304213771839671",".1242","1.4505","-.5541","2.6593","6.2413","11.0644","Derivative Based ETF","Defined Outcome"
"Direxion Daily Financial Bull 3X ETF","FAS","2290.67","89.93540051679586563307493540051679586563","2.678","6.1532","-3.8093","33.3421","23.8691","13.9851","Derivative Based ETF","Leveraged Equity ETFs"
"FT Vest U.S. Equity Buffer ETF - August","FAUG","1216.23","99.85693848354792560801144492131616595136",".0783","1.3204",".0991","3.1177","7.711","14.3908","Derivative Based ETF","Defined Outcome"
"Fidelity Blue Chip Growth ETF","FBCG","7234.81","84.42118226600985221674876847290640394089",".4407",".8854","-2.519",".5556","14.9879","23.1223","Style Box - All Cap Growth","Style Box - All Cap Growth"
"Fidelity Total Bond ETF","FBND","28143.2","8.45070422535211267605633802816901408451","-.1112","-.0466","-.1112",".1787","-1.2852","2.8515","Total Bond Market - Broad","Total Bond Market ETFs"
"Fidelity Disruptive Automation ETF","FBOT","217.39","91.61588362492628268134460389227442500491",".9184","6.9124","-1.533","3.219","8.5493","29.2463","Artificial Intelligence and Robotics ETF","Artificial Intelligence and Robotics ETF"
"First Trust NYSE Arca Biotechnology ETF","FBT","2909.16","99.08396188963874553394204049225883287019","1.0525","8.9935","6.079","27.5045","29.9506","56.5353","Healthcare - Biotech","Health Care ETFs"
"Fidelity Wise Origin Bitcoin Fund","FBTC","13498.87","27.35057372837814694296968659016954958041","5.927","15.8914","22.4333","-.7993","13.574","-31.4654","Cryptocurrency ETFs","Cryptocurrency ETFs"
"First Trust Natural Gas ETF","FCG","687.68","88.50787766450417052826691380908248378128","-.3795","10.4488","5.2104","4.8453","15.1706","40.8252","Energy - natural gas","Energy ETFs"
"Fidelity MSCI Communication Services Index ETF","FCOM","1756.69","46.05009633911368015414258188824662813102",".7173","-.9033","-1.7217","-4.8851","-2.2729","6.7952","Communication Services - Broad","Communication Services ETFs"
"Fidelity Corporate Bond ETF","FCOR","351.65",".5859375","-.2053","-.4573","-.3001","-.6253","-2.3026","1.9596","Corporates - Investment Grade","Investment Grade Corporate Bond ETFs"
"Fidelity Stocks for Inflation ETF","FCPI","290.39","100",".5831","5.2311",".4349","6.9976","11.5696","22.2958","Style Box - All Cap Blend","Style Box - All Cap Blend"
"SMI 3Fourteen Full-Cycle Trend ETF","FCTE","240.03","82.88112726727627042422425423474741418078",".6832","2.3191","-2.7134","10.4813","10.2705","12.7028","Style Box - Large Cap Blend","Style Box - Large Cap Blend"
"First Trust STOXX European Select Dividend ETF","FDD","920.91","96.89440993788819875776397515527950310559",".4914","6.1235","-.7282","6.1535","12.0016","30.9152","Geographic - Broad Europe","European Equity ETFs"
"FT Vest U.S. Equity Buffer ETF - December","FDEC","1346.54","97.82886334610472541507024265644955300128",".2344","1.6175","-.3048","3.0584","7.7728","16.7086","Derivative Based ETF","Defined Outcome"
"Fidelity Emerging Markets Multifactor ETF","FDEM","595.28","76.85683530678148546824542518837459634015",".6135","2.2676",".111","1.5984","5.3205","28.3449","Geographic - Broad Emerging Markets","Broad Emerging Market ETFs"
"Fidelity International Multifactor ETF","FDEV","286.63","100","1.0473","4.6978",".5276","4.9577","3.4446","19.1279","Foreign Large Blend ETF","Foreign Large Blend ETF"
"American Century Focused Dynamic Growth ETF","FDG","414.79","72.18200292119133803264113799453864228107","1.2213","2.012","-2.0251","-3.9265","9.6769","16.721","Style Box - All Cap Growth","Style Box - All Cap Growth"
"Fidelity Enhanced High Yield ETF","FDHY","589.8","66.56151419558359621451104100946372239748","0",".66","-.0407","1.7832","2.1945","7.0964","Corporates - Junk/High Yield","High-Yield/Junk Bond ETFs"
"Fidelity Crypto Industry and Digital Payments ETF","FDIG","263.21","47.0865235989791149933498687947086523599","2.1553","2.464","5.2757","-2.0419","25.8923","18.6465","Cryptocurrency ETFs","Cryptocurrency ETFs"
"Fidelity MSCI Consumer Discretionary Index ETF","FDIS","1691.37","76.63885578069129916567342073897497020262","1.2464","2.1791","-.261","1.3631","2.6437","6.4928","Consumer Discretionary - Broad","Consumer Discretionary ETFs"
"First Trust Morningstar Dividend Leaders ETF","FDL","8073.47","96.6905187835420393559928443649373881932","0","4.6117",".3782","6.1721","6.0619","25.2054","Style Box - Large Cap Value","Style Box - Large Cap Value"
"Fidelity Low Volatility Factor ETF","FDLO","1426.28","90.25590551181102362204724409448818897638",".3453","4.0831","-.2882","4.394","7.3999","14.7273","Style Box - Large Cap Blend","Style Box - Large Cap Blend"
"Inspire Fidelis Multi Factor ETF","FDLS","244.47","93.89852885703508110147114296491889852886","1.0026","1.7379","-1.411","7.7971","11.2009","31.942","Strategy - Socially Responsible","Style Box - All Cap Blend"
"First Trust Dow Jones Select MicroCap ETF","FDM","268.72","88.3854499042756860242501595405232929164",".4962","1.5512","-2.853","8.395","8.2282","29.9174","Style Box - Small Cap Blend","Style Box - Small Cap Blend"
"Fidelity Momentum Factor ETF","FDMO","907.39","81.88574082675336739433348815606130980028",".1587","-.3579","-2.2913","1.0659","11.7979","22.5538","Style Box - Large Cap Blend","Style Box - Large Cap Blend"
"First Trust Dow Jones Internet ETF","FDN","5225.97","87.63557483731019522776572668112798264642",".9436","6.256","-1.6062","5.5363","20.3105","7.0335","Technology  - Internet","Technology ETFs"
"Fidelity Dividend ETF for Rising Rates","FDRR","760.34","94.87335052328226907325951767025633247384",".4528","3.9446","-.9642","7.3894","12.1577","25.8027","Style Box - All Cap Value","Style Box - All Cap Value"
"First Trust Developed Markets ex-US AlphaDEX ETF","FDT","1289.54","79.76782164157909684748650951434251633059",".7127","4.2686","-.3036","-1.0811","1.1103","34.2947","Foreign Large Value ETF","Foreign Large Value ETF"
"Fidelity Disruptive Technology ETF","FDTX","287.96","83.39964916784323792410045779318016514782",".2172","3.4207","-4.0004","7.8238","39.7075","43.2356","Technology  - broad","Technology ETFs"
"Federated Hermes U.S. Strategic Dividend ETF","FDV","914.22","97.87928221859706362153344208809135399674",".1772","4.8224",".6528","8.8424","8.0817","22.2019","Style Box - Large Cap Value","Style Box - Large Cap Value"
"Fidelity High Dividend ETF","FDVV","10384.33","88.49472674976030680728667305848513902205",".1269","1.6914","-1.6667","5.782","7.4417","19.1385","Style Box - All Cap Value","Style Box - All Cap Value"
"First Eagle Global Equity ETF","FEGE","2441.59","100",".8918","7.0681","1.1991","6.3187","4.0448","28.1188","Global Large-Cap Blend Equity ETF","Global Large-Cap Blend Equity ETF"
"Fidelity Enhanced Large Cap Core ETF","FELC","8405.42","91.52731326644370122630992196209587513935",".4392","2.4764","-1.6746","4.757","13.4364","23.5364","Style Box - Large Cap Blend","Style Box - Large Cap Blend"
"Fidelity Enhanced Large Cap Growth ETF","FELG","5703.3","82.81914893617021276595744680851063829787",".4465","1.0481","-2.3921","-.4286","10.1102","14.9922","Style Box - Large Cap Growth","Style Box - Large Cap Growth"
"Fidelity Enhanced Large Cap Value ETF","FELV","3427.69","96.42512077294685990338164251207729468599",".3053","3.8667","-.8589","11.0731","17.1697","32.9536","Style Box - Large Cap Value","Style Box - Large Cap Value"
"First Trust Emerging Markets AlphaDEX ETF","FEM","799.17","89.15262889229198570699336396120469627361","1.0045","4.7467","1.5191","2.8933","6.7332","28.319","Geographic - Broad Emerging Markets","Broad Emerging Market ETFs"
"First Trust Emerging Markets Local Currency Bond ETF","FEMB","382.16","52.17391304347826086956521739130434782609","-.0336","2.679",".4053","4.0304","0","9.3035","International - Emerging Market","Emerging Market Bond ETFs"
"First Trust Emerging Markets Small Cap AlphaDEX ETF","FEMS","254.69","65.2201417004048582995951417004048582996","1.4491","3.5983","1.8553","2.3631","-.1218","13.2555","Geographic - Broad Emerging Markets","Broad Emerging Market ETFs"
"Fidelity Enhanced International ETF","FENI","11335.32","96.73776662484316185696361355081555834379",".7729","3.8845","-.5483","5.1224","5.1241","24.6977","Geographic - EAFE","Broad Developed World ETFs"
"Fidelity MSCI Energy Index ETF","FENY","2149.28","99.74358974358974358974358974358974358974","-.0849","8.4767","2.764","7.9283","17.4129","51.4771","Energy - Broad","Energy ETFs"
"First Eagle Overseas Equity ETF","FEOE","1772.55","100",".8541","5.0602","1.2504","4.4408","3.4684","29.3178","Foreign Large Blend ETF","Foreign Large Blend ETF"
"First Trust Europe AlphaDEX ETF","FEP","537.42","100",".8443","5.0373",".6332","3.8027","4.6559","23.3802","Geographic - Broad Europe","European Equity ETFs"
"REX FANG & Innovation Equity Premium Income ETF","FEPI","676.45","32.35294117647058823529411764705882352941",".5301","2.1837","-1.2141","-1.6176","11.4229","16.4543","Derivative Based ETF","Active Non-Transparent ETFs"
"Fidelity Enhanced Small Cap Core ETF","FESM","6330.24","93.25681492109038737446197991391678622669",".799",".6297","-1.9231","8.181","19.3185","41.5865","Style Box - Small Cap Blend","Style Box - Small Cap Blend"
"Fidelity Ethereum Fund","FETH","1254.69","26.93278636793941306405806248027769012307","3.8428","25.6531","28.4722","12.752","22.3919","-42.996","Digital Economy ETF","Digital Economy ETF"
"First Trust Large Cap Core AlphaDEX ETF","FEX","1607.58","91.50456919060052219321148825065274151436",".4692","2.894","-1.8274","6.1297","9.9669","25.0331","Style Box - Large Cap Blend","Style Box - Large Cap Blend"
"State Street SPDR EURO STOXX 50 ETF","FEZ","4512.09","97.3785659213569776407093292212798766384",".6734","5.2508","-.4716","7.974","6.2054","21.6939","Geographic - Broad Europe","European Equity ETFs"
"FT Vest U.S. Equity Buffer ETF - February","FFEB","1406.33","97.58008757778289928554966582161788430514",".2255","1.5188","-.3124","2.8323","7.3486","16.4484","Derivative Based ETF","Defined Outcome"
"Fidelity Fundamental Large Cap Core ETF","FFLC","1216.04","90.56437389770723104056437389770723104056",".3691","1.4928","-1.5954","3.1181","9.3882","20.4646","Style Box - Large Cap Blend","Style Box - Large Cap Blend"
"Fidelity Fundamental Large Cap Growth ETF","FFLG","612.31","75.27999076319131739983835584805449717123",".3949",".4529","-2.0741","-2.5586","11.2349","19.7323","Style Box - Large Cap Growth","Style Box - Large Cap Growth"
"Franklin Focused Dynamic Growth ETF","FFOG","341.11","77.32584610714827743208377599028684170587",".4278","-.1216","-2.5884","-1.8905","12.6085","10.2662","Style Box - Large Cap Growth","Style Box - Large Cap Growth"
"FundX Future Fund Opportunities ETF","FFOX","241.81","84.22907488986784140969162995594713656388",".8716","3.9424","-2.8672","9.0255","5.1792","16.1055","Geographic - Global Total Market","World ETFs"
"Fidelity Fundamental Small-Mid Cap ETF","FFSM","1579.9","89.01960784313725490196078431372549019608",".8378",".7561","-2.8132","5.3271","8.7838","33.59","Style Box - All Cap Blend","Style Box - All Cap Blend"
"Fidelity Managed Futures ETF","FFUT","349.87","100","2.1994","2.988","2.8782","4.6896","12.3187","22.7046","Derivative Based ETF","Hedge Fund ETFs"
"First Trust Dow Jones Global Select Dividend ETF","FGD","1624.53","100",".592","5.4997",".734","6.7374","5.7705","29.6435","Foreign Large Value ETF","Foreign Large Value ETF"
"Franklin Responsibly Sourced Gold ETF","FGDL","497.31","60.98557338436625938466068011187987634329","2.0056","13.2186","5.5026","1.5005","-9.4418","38.2397","Precious Metals - Gold","Precious Metals ETFs"
"Fidelity Hedged Equity ETF","FHEQ","957.69","89.20353982300884955752212389380530973451",".3516","1.701","-1.7077","2.9116","10.4442","16.3633","Hedge Fund - Broad","Hedge Fund ETFs"
"Fidelity MSCI Health Care Index ETF","FHLC","3496.15","97.44331886155330438977327544621321755909","1.2195","8.4967","4.0816","18.8233","13.8091","31.0092","Healthcare - Broad","Health Care ETFs"
"First Trust International Developed Capital Strength ETF","FICS","209.05","89.78503869303525365434221840068787618229",".8595","2.4411",".134","4.8285","3.0418","11.7659","Foreign Large Growth ETF","Foreign Large Growth ETF"
"Fidelity International High Dividend ETF","FIDI","371.83","100",".5252","4.1023",".8533","5.7319","6.4947","25.5728","Foreign Large Value ETF","Foreign Large Value ETF"
"Fidelity MSCI Industrials Index ETF","FIDU","2308.2","81.34957825679475164011246485473289597001",".2621",".3884","-3.6959","3.7823","1.2089","21.2396","Industrials  - Broad","Industrials ETFs"
"Fidelity Investment Grade Bond ETF","FIGB","647.19","7.73067331670822942643391521197007481297","-.1418","-.1414","-.13",".007","-1.6747","2.2501","Total Bond Market - Broad","Total Bond Market ETFs"
"Fidelity MSCI North American Subset Index ETF","FINA","1443.74","77.73083886541943270971635485817742908871",".677","2.8217","-1.1982","0","0","0","Style Box - All Cap Blend","Style Box - All Cap Blend"
"State Street Fixed Income Sector Rotation ETF","FISR","622.92","6.66666666666666666666666666666666666667","-.0396",".046",".0396",".2773","-1.6271","2.3241","Total Bond Market - Broad","Total Bond Market ETFs"
"Fidelity International Value Factor ETF","FIVA","616.9","99.18500407497962510187449062754686226569","1.005","3.7821",".0249","7.0641","7.7602","33.9824","Foreign Large Value ETF","Foreign Large Value ETF"
"First Trust Water ETF","FIW","1894.22","70.9737248840803709428129829984544049459",".6247","4.7206","-.6437","9.8893","-1.3973","-.2957","Industrials  - Water","Industrials ETFs"
"TCW Core Plus Bond ETF","FIXT","228.67","5.42635658914728682170542635658914728682","-.2146",".1207","-.1691",".6045","-1.2688","3.1775","Total Bond Market - Broad","Total Bond Market ETFs"
"FT Vest U.S. Equity Buffer ETF - January","FJAN","1453.14","97.50982961992136304062909567496723460026",".2671","1.6353","-.3186","2.981","7.9149","15.6976","Derivative Based ETF","Defined Outcome"
"First Trust Japan AlphaDEX ETF","FJP","258.11","74.44823066841415465268676277850589777195","1.5478","3.3821","-.8731","2.1136","-3.2978","22.4817","Geographic - Japan","Asia-Pacific (Developed) ETFs"
"FT Vest U.S. Equity Buffer ETF - July","FJUL","1275.17","94.69921104536489151873767258382642998028",".2626","1.6385","-.5582","3.8233","8.3718","15.0118","Derivative Based ETF","Defined Outcome"
"FT Vest U.S. Equity Buffer ETF - June","FJUN","1395.15","93.49470499243570347957639939485627836611",".164","1.6473","-.6667","2.5861","6.0959","11.9008","Derivative Based ETF","Defined Outcome"
"Franklin FTSE Australia ETF","FLAU","211.64","94.69981238273921200750469043151969981238","1.3579","5.4706","1.3493","5.7461","3.4702","16.2306","Geographic - Australia","Asia-Pacific (Developed) ETFs"
"Franklin Senior Loan ETF","FLBL","863.62","30.18867924528301886792452830188679245283",".304",".8295",".1735","1.955","3.7362","2.959","Corporates - Bank Loan","High-Yield/Junk Bond ETFs"
"Franklin FTSE Brazil ETF","FLBR","532.57","46.30071599045346062052505966587112171838","2.4228","-2.7515","4.2049","-6.1448","-9.229","33.0201","Geographic - Brazil","Latin American Equity ETFs"
"Franklin FTSE Canada ETF","FLCA","860.81","100",".9242","5.7338",".3243","7.293","9.6637","33.2343","Geographic - Canada","Canadian Equity ETFs"
"Franklin U.S. Core Bond ETF","FLCB","3058.97","1.06382978723404255319148936170212765957","-.1425","-.1713","-.1662",".0712","-1.6317","2.5386","Total Bond Market - Broad","Total Bond Market ETFs"
"Federated Hermes MDT Large Cap Growth ETF","FLCG","592","85.55240793201133144475920679886685552408",".6355","2.0803","-2.2995","1.8416","10.5681","13.0944","Style Box - Large Cap Growth","Style Box - Large Cap Growth"
"Franklin FTSE China ETF","FLCH","337.57","28.22185970636215334420880913539967373573",".365","1.7106","1.6166","-1.2838","-9.0302","-5.0949","Geographic - China","Asia-Pacific (Emerging) ETFs"
"Franklin Investment Grade Corporate ETF","FLCO","556.49","4.20168067226890756302521008403361344538","-.0477","-.1807","-.0715","-.2833","-1.8457","1.9626","Corporates - Investment Grade","Investment Grade Corporate Bond ETFs"
"Fidelity Low Duration Bond ETF","FLDB","418.24","32.67326732673267326732673267326732673267","0",".3872",".0596","1.0044","1.67","3.8941","Total Bond Market - Broad","Total Bond Market ETFs"
"Fidelity Low Duration Bond Factor ETF","FLDR","2000.19","23.65591397849462365591397849462365591398","-.0598",".2633","0",".8935","1.427","3.9391","Corporates - Floating Rate","Investment Grade Corporate Bond ETFs"
"Franklin FTSE United Kingdom ETF","FLGB","923.04","100",".8831","4.7513","1.5078","5.6343","4.1924","21.3059","Geographic - UK","European Equity ETFs"
"Franklin U.S. Treasury Bond ETF","FLGV","1033.48","3.10880829015544041450777202072538860104","-.1751","-.0572","-.0701",".0864","-1.4811","1.8612","US Treasury - Intermediate Term","Government Bond ETFs"
"Franklin High Yield Corporate ETF","FLHY","1244.06","43.33333333333333333333333333333333333333",".0207",".6141","-.0207","1.3962","1.6398","6.3657","Corporates - Junk/High Yield","High-Yield/Junk Bond ETFs"
"Franklin International Aggregate Bond ETF","FLIA","760.88","24.21875","-.0246",".0612","-.0493",".2828","-.3978","2.1179","International - Broad Treasury","Developed Market Bond ETFs"
"Franklin FTSE India ETF","FLIN","2663.8","45.25745257452574525745257452574525745257",".0561","1.8556","-.2516","3.6908","-6.3025","-6.8325","Geographic - India","Asia-Pacific (Emerging) ETFs"
"Franklin FTSE Japan ETF","FLJP","4007.9","84.63414634146341463414634146341463414634",".8946","2.7328","-2.8011","4.2678","4.0283","24.892","Geographic - Japan","Asia-Pacific (Developed) ETFs"
"Franklin FTSE South Korea ETF","FLKR","1570.48","71.27037191809444212285833681571249477643","-.1706","3.3021","-1.3491","-2.3288","27.6277","147.7162","Geographic - South Korea","Asia-Pacific (Developed) ETFs"
"iShares Floating Rate Bond ETF","FLOT","10615.18","79.45205479452054794520547945205479452055","0",".3869",".0981","1.014","2.0338","4.3604","Corporates - Floating Rate","Investment Grade Corporate Bond ETFs"
"Franklin U.S. Large Cap Multifactor Index ETF","FLQL","2079.32","91.09014675052410901467505241090146750524",".4797","1.0485","-1.3626","2.7103","9.9813","21.5706","Style Box - Large Cap Blend","Style Box - Large Cap Blend"
"Franklin U.S. Mid Cap Multifactor Index ETF","FLQM","1567.23","100",".7024","4.4384",".1787","10.0356","6.5364","11.6502","Style Box - Mid Cap Blend","Style Box - Mid Cap Blend"
"Fidelity U.S. Multifactor ETF","FLRG","296.55","93.98734177215189873417721518987341772152",".4249","3.2371","-.9499","4.9977","11.5052","17.079","Style Box - All Cap Value","Style Box - All Cap Value"
"State Street SPDR Bloomberg Investment Grade Floating Rate ETF","FLRN","2921.97","80.95238095238095238095238095238095238095",".0974",".3508",".0974","1.0413","2.06","4.3789","Corporates - Floating Rate","Investment Grade Corporate Bond ETFs"
"Pacer Aristotle Pacific Floating Rate High Income ETF","FLRT","686.56","49.79591836734693877551020408163265306122",".2179",".6263",".1217","1.7867","2.9034","5.2461","Corporates - Floating Rate","High-Yield/Junk Bond ETFs"
"Franklin Systematic Style Premia ETF","FLSP","1057.83","91.26506024096385542168674698795180722892","-.3173","1.9473","-.3525","3.9147","3.326","14.0622","Hedge Fund - Broad","Hedge Fund ETFs"
"Fidelity Limited Term Bond ETF","FLTB","435.61","16.66666666666666666666666666666666666667","-.0599",".3716","-.0579",".7726",".4319","3.3472","Corporates- Intermediate Term","Investment Grade Corporate Bond ETFs"
"VanEck IG Floating Rate ETF","FLTR","3079.91","95.65217391304347826086956521739130434783",".1173",".4312",".1957","1.2289","2.2107","4.7667","Corporates - Floating Rate","Investment Grade Corporate Bond ETFs"
"Franklin FTSE Taiwan ETF","FLTW","3512.35","83.4165477888730385164051355206847360913",".5427","3.5611","-2.9492","9.4033","39.5688","88.6815","Geographic - Taiwan","Asia-Pacific (Developed) ETFs"
"Franklin Ultra Short Bond ETF","FLUD","575","30.23255813953488372093023255813953488372","0",".3527","-.0919",".9111","1.6548","4.049","Ultra short Bond ETF","Ultra short Bond ETF"
"American Century Focused Large Cap Value ETF","FLV","379.15","98.43608046722907203114860480207657365347",".4727","5.1675","-.0137","9.6151","7.5569","20.4033","Style Box - Large Cap Value","Style Box - Large Cap Value"
"TCW Flexible Income ETF","FLXR","3589.03","12.93103448275862068965517241379310344828","-.1027",".4365","-.1539",".9967",".9308","4.3247","Total Bond Market - Broad","Total Bond Market ETFs"
"Fidelity Magellan ETF","FMAG","244.28","83.62448731581345890931186389184262494304",".5317",".4618","-2.7886",".2359","6.3144","4.556","Style Box - All Cap Growth","Style Box - All Cap Growth"
"FT Vest U.S. Equity Buffer ETF - March","FMAR","1156.57","99.17431192660550458715596330275229357798",".1956","1.4451","-.1181","2.7045","11.1853","17.0989","Derivative Based ETF","Defined Outcome"
"Fidelity MSCI Materials Index ETF","FMAT","612.2","90.97591150571283021614147441962011498435","2.0993","7.5276","1.8278","6.0226","-.1635","18.9236","Materials  - Broad","Materials ETFs"
"FT Vest U.S. Equity Buffer ETF - May","FMAY","1446.45","93.40070433318021742459041494411269330883",".2871","1.6324","-.6676","2.6707","6.3103","12.4239","Derivative Based ETF","Defined Outcome"
"Fidelity Enhanced Mid Cap Core ETF","FMDE","8279.1","93.39513325608342989571263035921205098494",".7128","4.5892","-1.3268","9.6336","12.5819","21.8782","Style Box - Mid Cap Blend","Style Box - Mid Cap Blend"
"First Trust Managed Futures Strategy ETF","FMF","262.7","75.62097516099356025758969641214351425943",".4356",".5751","-.0276","-1.6322","2.5147","12.1977","Derivative Based ETF","Hedge Fund ETFs"
"MarketDesk Focused U.S. Momentum ETF","FMTM","271.3","70.22208700943109218132035290538484940675",".8301","-1.4849","-3.0138","-3.0599","4.8237","44.8774","Style Box - All Cap Growth","Style Box - All Cap Growth"
"Fidelity MSCI Financials Index ETF","FNCL","2378.28","92.47027741083223249669749009247027741083",".9363","2.3485","-1.3367","11.4474","10.378","11.1733","Financials-Broad","Financials ETFs"
"Schwab Fundamental U.S. Small Company ETF","FNDA","9182.74","91.39433551198257080610021786492374727669",".7477","-.0265","-2.0509","6.7643","8.6207","26.9022","Style Box - Small Cap Value","Style Box - Small Cap Value"
"Schwab Fundamental U.S. Broad Market ETF","FNDB","1477.65","96.95210449927431059506531204644412191582",".5707","2.7535","-.6577","6.7408","12.2883","30.0586","Style Box - All Cap Value","Style Box - All Cap Value"
"Schwab Fundamental International Small Company Index ETF","FNDC","3145.14","95.5952380952380952380952380952380952381",".3346","4.6602","-.7205","2.8451","2.0466","20.8942","Foreign Small/Mid Value ETF","Foreign Small/Mid Value ETF"
"Schwab Fundamental Emerging Markets Equity ETF","FNDE","10094.52","94.05204460966542750929368029739776951673",".9159","2.8494","1.4293","4.0497","4.3337","26.5485","Geographic - Broad Emerging Markets","Broad Emerging Market ETFs"
"Schwab Fundamental International Equity ETF","FNDF","25879.07","100",".8306","4.9033",".3234","4.6343","8.2876","36.5245","Foreign Large Value ETF","Foreign Large Value ETF"
"Schwab Fundamental U.S. Large Company ETF","FNDX","27434.02","97.74330042313117066290550070521861777151",".5875","2.9756","-.4894","6.7626","12.6918","30.4492","Style Box - Large Cap Value","Style Box - Large Cap Value"
"MicroSectors FANG+ Index -3X Inverse Leveraged ETNs","FNGD","424.95","3.21392701707398727820555741546702376967","-1.3413","-16.8402","4.3689","-24.1314","-58.8365","-56.5319","Active Non-Transparent ETFs","Inverse Equity ETFs"
"MicroSectors FANG+ Index 2X Leveraged ETN","FNGO","727.37","88.26052422557585385226370135027799841144",".8868","9.5107","-3.0224","9.0234","52.4235","36.069","Active Non-Transparent ETFs","Leveraged Equity ETFs"
"MicroSectors FANG+ ETN","FNGS","589.8","91.46215287836775234863220626577825601126",".5086","5.4007","-1.4808","5.9035","27.0944","22.4098","Active Non-Transparent ETFs","Active Non-Transparent ETFs"
"MicroSectors FANG+ 3X Leveraged ETNs","FNGU","2486.4","78.90276538804638715432649420160570918822","1.094","12.7782","-4.9607","7.3821","70.4829","31.9614","Active Non-Transparent ETFs","Leveraged Equity ETFs"
"First Trust Mid Cap Value AlphaDEX ETF","FNK","231.93","99.80453479280688037529319781078967943706",".5014","3.886","-.0386","10.1663","7.1658","21.3539","Style Box - Mid Cap Value","Style Box - Mid Cap Value"
"FT Vest U.S. Equity Buffer ETF - November","FNOV","1232.21","97.9513135695348276693179079296215955652",".2822","1.6604","-.284","3.0646","7.928","16.5918","Derivative Based ETF","Defined Outcome"
"First Trust Mid Cap Core AlphaDEX ETF","FNX","1392.27","93.28848047259599606170003281916639317361",".6068","1.632","-1.3822","6.05","6.4718","23.0975","Style Box - Mid Cap Blend","Style Box - Mid Cap Blend"
"First Trust Mid Cap Growth AlphaDEX ETF","FNY","583.92","77.25613544579061820441130785958372165269",".6943",".417","-2.5469","3.3029","7.5955","23.9578","Style Box - Mid Cap Growth","Style Box - Mid Cap Growth"
"FT Vest U.S. Equity Buffer ETF - October","FOCT","1174.04","97.70160231153138954557394273706330443919",".0824","1.6154","-.3262","3.2638","8.1951","16.9638","Derivative Based ETF","Defined Outcome"
"Simplify Currency Strategy ETF","FOXY","362.39","25.64102564102564102564102564102564102564","-.8235","-4.1524","-.6278","-3.1079","-2.0911","12.7887","Basket - Broad","Currency ETFs"
"FPA Global Equity ETF","FPAG","607.46","97.92302993280390959071472205253512522908",".7062","5.6557","-.0234","9.1618","7.3862","23.9433","Global Large-Cap Value Equity ETF","Global Large-Cap Value Equity ETF"
"First Trust Preferred Securities and Income ETF","FPE","6312.87","11.45833333333333333333333333333333333333","-.451","-.5538","-.8422",".2146","-1.1126","3.9267","Corporates - Convertible","Convertibles/CEFs/OET/Preferred Stock ETFs"
"First Trust Institutional Preferred Securities and Income ETF","FPEI","1952.02","34.88372093023255813953488372093023255814","-.3141","-.1315","-.7817","1.0131",".262","5.769","Corporates - Convertible","Convertibles/CEFs/OET/Preferred Stock ETFs"
"First Trust US Equity Opportunities ETF","FPX","1501.58","60.89091546825675201683619782532444756226",".415","-3.3025","-4.0042","-2.3756","11.022","25.8477","Style Box - All Cap Growth","Style Box - All Cap Growth"
"First Trust International Equity Opportunities ETF","FPXI","291.42","53.06462358427714856762158560959360426382","1.8037","-.2137","-1.4652","-2.2567","6.9825","26.4309","Foreign Large Growth ETF","Foreign Large Growth ETF"
"Fidelity Quality Factor ETF","FQAL","1447.21","93.81793478260869565217391304347826086957",".4992","3.3109","-.6509","5.6189","10.424","19.2081","Style Box - Large Cap Blend","Style Box - Large Cap Blend"
"Freedom 100 Emerging Markets ETF","FRDM","3401.29","78.43137254901960784313725490196078431373","1.2078","2.7823",".4385","1.5595","12.9777","68.3002","Geographic - Broad Emerging Markets","Broad Emerging Market ETFs"
"Fidelity MSCI Real Estate Index ETF","FREL","1488.02","81.9787985865724381625441696113074204947","-.1336","-1.1243","-.3665","2.7691","5.5988","12.4121","Real Estate   - Broad","Real Estate ETFs"
"Nomura Transformational Technologies ETF","FRWD","278.93","82.25354306182837564242329855162747235633",".3899","1.8641","-3.7817","4.738","31.3714","0","Technology  - broad","Technology ETFs"
"Federated Hermes MDT Small Cap Core ETF","FSCC","338.3","84.83572030328559393428812131423757371525",".7863","-.3609","-1.2383","4.7272","13.1463","28.9141","Style Box - Small Cap Blend","Style Box - Small Cap Blend"
"Fidelity Investment Grade Securitized ETF","FSEC","4632.91","2.90697674418604651162790697674418604651","-.2303","-.046","-.2303","-.0571","-1.0466","4.1943","Asset Backed - MBS","Mortgage-Backed Security ETFs"
"FT Vest U.S. Equity Buffer ETF - September","FSEP","1239.73","98.60497237569060773480662983425414364641",".2238","1.7936","-.1787","3.4796","8.3842","14.8493","Derivative Based ETF","Defined Outcome"
"First Trust Limited Duration Investment Grade Corporate ETF","FSIG","1528.73","8.19672131147540983606557377049180327869","-.4244",".3328","-.398",".7294",".2349","3.0817","Corporates - Investment Grade","Investment Grade Corporate Bond ETFs"
"Fidelity Small-Mid Multifactor ETF","FSMD","2564.1","88.39441535776614310645724258289703315881",".444","1.3637","-2.1625","5.6212","10.1557","23.253","Style Box - All Cap Blend","Style Box - All Cap Blend"
"Fidelity MSCI Consumer Staples Index ETF","FSTA","1416.1","67.05002875215641173087981598619896492237",".7457","1.9623","-.5704","1.5626","-1.5748","6.2433","Consumer Staples - Broad","Consumer Staples ETFs"
"First Trust Large Cap Value AlphaDEX ETF","FTA","1431.98","98.22644291227613720133558822254021941807",".3627","5.0061","-.3926","10.598","10.0266","29.317","Style Box - Large Cap Value","Style Box - Large Cap Value"
"First Trust Large Cap Growth AlphaDEX ETF","FTC","1365.03","70.54412740544127405441274054412740544127",".6759",".9293","-3.4292","1.9302","10.1371","17.6096","Style Box - Large Cap Growth","Style Box - Large Cap Growth"
"First Trust Capital Strength ETF","FTCS","7963.2","96.8388653190250395141835121870060727061",".7143","5.8934",".5049","8.6074","4.0903","10.1257","Style Box - Large Cap Blend","Style Box - Large Cap Blend"
"Fidelity MSCI Information Technology Index ETF","FTEC","20752.72","82.29939645790046502424062530919164935193",".0956","2.0252","-3.3778","3.4516","28.5085","39.7772","Technology  - broad","Technology ETFs"
"First Trust Global Tactical Commodity Strategy ETF","FTGC","3196.66","100",".4934","4.5875","3.1851","4.2669","24.067","38.8292","Basket - Broad","Broad Commodity ETFs"
"First Trust Growth Strength ETF","FTGS","1330.57","93.76362843436546009594417793283907544701",".7898","4.7531","-.8993","8.4816","10.8962","13.9928","Style Box - Large Cap Growth","Style Box - Large Cap Growth"
"First Trust BuyWrite Income ETF","FTHI","2465.37","72.10526315789473684210526315789473684211","-.4597",".7938","-2.0962","2.2386","4.1852","13.0353","Derivative Based ETF","Derivative Based ETF"
"First Trust Long/Short Equity ETF","FTLS","2496.95","94.53450164293537787513691128148959474261",".2125","1.0257","-.6528","2.3224","7.0389","13.7006","Hedge Fund - Long/Short","Long-Short ETFs"
"First Trust Nasdaq BuyWrite Income ETF","FTQI","945.33","83.33333333333333333333333333333333333333","-.3635",".3261","-2.0982","4.3981","13.3774","23.1683","Derivative Based ETF","Derivative Based ETF"
"Federated Hermes Total Return Bond ETF","FTRB","594.96","5.79710144927536231884057971014492753623","-.121",".0012","-.2216",".2114","-1.4865","3.0129","Total Bond Market - Broad","Total Bond Market ETFs"
"Franklin Short Duration U.S. Government ETF","FTSD","317.72","23.29624478442280945757997218358831710709",".0233",".3629",".0555",".8968","1.064","3.6737","US Treasury - Short Term","Government Bond ETFs"
"First Trust Senior Loan ETF","FTSL","2351.25","15.78947368421052631578947368421052631579","-.5333",".5027","-.4603","1.1574","2.373","3.8495","Corporates - Junk/High Yield","High-Yield/Junk Bond ETFs"
"First Trust Enhanced Short Maturity ETF","FTSM","6524.46","35","-.025",".386",".0334",".9918","1.6965","3.8694","Ultra short Bond ETF","Ultra short Bond ETF"
"First Trust NASDAQ Pharmaceuticals ETF","FTXH","1045.67","97.77777777777777777777777777777777777778","1.4402","9.445","6.1942","22.6386","21.1452","53.5009","Healthcare - Pharma","Health Care ETFs"
"First Trust NASDAQ Semiconductor ETF","FTXL","1289.33","64.56106316810495685129446116616501504955","-.8896","-6.5568","-5.6878","-6.2826","42.473","133.5604","Technology  - Semiconductors","Technology ETFs"
"First Trust NASDAQ Bank ETF","FTXO","302.1","80.68403003058670868477152655482435814255",".2904","-1.2524","-4.75","10.5545","5.948","24.8678","Financials - Banking","Financials ETFs"
"First Trust NASDAQ Transportation ETF","FTXR","1030.38","91.73526506420810009878169245966414224564","1.6533","-.8682","-1.0413","6.7766","4.4091","34.442","Industrials  - Transportation/Shipping","Industrials ETFs"
"Fidelity MSCI Utilities Index ETF","FUTY","2299.96","22.72159800249687890137328339575530586767","-2.2297","-4.6592","-3.4091","-4.314","-6.2926","2.8483","Utilities  - Broad","Utilities/Infrastructure ETFs"
"First Trust Dorsey Wright Focus 5 ETF","FV","3800.64","88.93371757925072046109510086455331412104",".9969","3.738",".5383","4.867","12.6121","22.7907","Style Box - Large Cap Growth","Style Box - Large Cap Growth"
"Fidelity Value Factor ETF","FVAL","1357.29","94.92447129909365558912386706948640483384",".3769","3.4712","-.7691","6.1173","12.3892","26.9084","Style Box - Large Cap Value","Style Box - Large Cap Value"
"First Trust Value Line Dividend ETF","FVD","8294.22","94.68438538205980066445182724252491694352",".0592","3.2797","-.4321","6.966","3.5726","11.9909","Style Box - Large Cap Value","Style Box - Large Cap Value"
"AB Disruptors ETF","FWD","3143.69","66.63150492264416315049226441631504922644",".3788","-1.5392","-4.1411","-4.2189","11.4678","43.7024","Global Large-Cap Growth Equity ETF","Global Large-Cap Growth Equity ETF"
"First Trust Consumer Discretionary AlphaDEX ETF","FXD","266.94","78.57563850687622789783889980353634577603","1.0283","1.9933","-1.1222","6.9329","-.6905","5.8764","Consumer Discretionary - Broad","Consumer Discretionary ETFs"
"Invesco CurrencyShares Euro Trust","FXE","355.74","47.94303797468354430379746835443037974684","0","2.521",".9458",".7351","-.5806","1.3168","Single Currency - Euro","Currency ETFs"
"Invesco CurrencyShares Swiss Franc Trust","FXF","385.11","29.28334124347413383958234456573327005221","-.0091","1.4757","1.56","-1.9255","-3.4743",".5208","Single Currency - Swiss Franc","Currency ETFs"
"First Trust Consumer Staples AlphaDEX ETF","FXG","234.55","68.75580795043882292204439855446566855963",".4298","3.0022",".8895","9.4906","-1.3864","3.8007","Consumer Staples - Broad","Consumer Staples ETFs"
"First Trust Health Care AlphaDEX ETF","FXH","1157.98","100","1.0084","10.0871","3.0483","18.282","17.0835","27.3757","Healthcare - Broad","Health Care ETFs"
"iShares China Large-Cap ETF","FXI","4253.65","42.02755905511811023622047244094488188976",".5327","3.5518","2.7802",".6504","-6.9223","-4.7708","Geographic - China","Asia-Pacific (Emerging) ETFs"
"First Trust Technology AlphaDEX ETF","FXL","2746.34","85.64629604083321837494826872672092702442",".4096","6.3588","-4.2374","9.4632","28.9385","37.7013","Technology  - broad","Technology ETFs"
"First Trust Energy AlphaDEX ETF","FXN","400.86","100",".0848","8.8561","2.8322","6.8239","19.0853","54.1744","Energy - Broad","Energy ETFs"
"First Trust Financials AlphaDEX ETF","FXO","1111.63","90.69767441860465116279069767441860465116",".5811","1.9216","-1.645","11.0936","9.581","16.3739","Financials-Broad","Financials ETFs"
"First Trust Industrials/Producer Durables AlphaDEX ETF","FXR","747.88","86.18352450469238790406673618352450469239",".6593","1.4604","-2.5806","5.8345","-1.7985","16.253","Industrials  - Broad","Industrials ETFs"
"First Trust Utilities AlphaDEX ETF","FXU","806.53","51.32075471698113207547169811320754716981","-2.0231","-3.4777","-2.5262","-1.6762","-3.9956","9.2138","Utilities  - Broad","Utilities/Infrastructure ETFs"
"Invesco CurrencyShares Japanese Yen Trust","FXY","461.28","24.92668621700879765395894428152492668622",".0694","2.6325",".2084","-.1212","-2.6653","-6.9505","Single Currency - Japanese Yen","Currency ETFs"
"First Trust Materials AlphaDEX ETF","FXZ","397.11","100","2.2365","13.0812","4.2259","10.6544","12.8766","49.1703","Materials  - Broad","Materials ETFs"
"First Trust Small Cap Growth AlphaDEX ETF","FYC","1399.17","87.21386840340963509242409730868690738435",".7099",".2795","-1.9371","7.4802","21.0211","46.6846","Style Box - Small Cap Growth","Style Box - Small Cap Growth"
"Fidelity Yield Enhanced Equity ETF","FYEE","239.64","93.67088607594936708860759493670886075949",".3839","2.0879","-.7591","4.7687","8.7552","20.178","Derivative Based ETF","Derivative Based ETF"
"Cambria Foreign Shareholder Yield ETF","FYLD","712.18","100",".9913","6.4247","1.2422","5.877","9.3718","35.8874","Foreign Small/Mid Value ETF","Foreign Small/Mid Value ETF"
"First Trust Small Cap Core AlphaDEX ETF","FYX","1392.69","93.27242717995211195573842899318873933561",".6567",".4191","-1.5934","9.2454","15.6693","40.8661","Style Box - Small Cap Blend","Style Box - Small Cap Blend"
"State Street Global Allocation ETF","GAL","317.13","96.58520254435888851690659524606628724473",".2721","1.9922","-.2762","2.3449","5.2166","16.7908","Real Estate   - Broad","World ETFs"
"FT Vest U.S. Equity Moderate Buffer ETF - April","GAPR","292.84","96.38720353006067291781577495863210148924",".1915","1.3128","-.2965","2.4396","5.1601","9.3111","Derivative Based ETF","Defined Outcome"
"iShares MSCI USA Quality GARP ETF","GARP","2934.3","91.09036911327959270258803563852354688163",".63","3.5661","-1.9015","6.925","21.4263","36.6745","Style Box - All Cap Growth","Style Box - All Cap Growth"
"Mango Growth ETF","GARY","293.79","86.50266822855655342964987635038396459716",".9241","2.797","-2.7405","6.5604","19.5852","0","Style Box - Large Cap Growth","Style Box - Large Cap Growth"
"FT Vest U.S. Equity Moderate Buffer ETF - August","GAUG","294.14","100",".0714","1.021",".119","2.4485","6.1976","11.8054","Derivative Based ETF","Defined Outcome"
"Goldman Sachs Access Treasury 0-1 Year ETF","GBIL","7616.85","64.1025641025641025641025641025641025641",".02",".3551",".06",".9131","1.7319","3.709","US Treasury - Ultra Short","Government Bond ETFs"
"Goldman Sachs Core Bond ETF","GBND","527.46","5.93342981186685962373371924746743849493","-.1427","-.0241","-.0865",".0542","-1.5817","2.6608","Total Bond Market - Broad","Total Bond Market ETFs"
"Grayscale Bitcoin Trust ETF","GBTC","10917.2","26.66792666792666792666792666792666792667","5.9524","15.8089","22.4938","-1.0619","12.9142","-32.3156","Cryptocurrency ETFs","Cryptocurrency ETFs"
"WisdomTree Enhanced Commodity Strategy Fund","GCC","295.49","98.89937106918238993710691823899371069182","1.0325","8.1015","4.9245","3.8522","16.7477","37.0644","Basket - Broad","Broad Commodity ETFs"
"Goldman Sachs Access U.S. Aggregate Bond ETF","GCOR","811.2","5.61797752808988764044943820224719101124","-.1233","-.0796","-.074",".2069","-1.5405","2.473","Total Bond Market - Broad","Total Bond Market ETFs"
"Pacer Global Cash Cows Dividend ETF","GCOW","3562.58","100",".5245","6.4785","2.1971","3.3548","4.4583","24.2278","Global Large-Cap Value Equity ETF","Global Large-Cap Value Equity ETF"
"WisdomTree Efficient Gold Plus Equity Strategy Fund","GDE","483.7","79.14798206278026905829596412556053811659","2.1418","13.5822","3.8705","3.2928","-.6755","51.766","Target Outcome","Total Portfolio ETFs"
"FT Vest U.S. Equity Moderate Buffer ETF - December","GDEC","436.95","98.06159810467370234762007322851604566013",".1532","1.3253","-.2216","2.6083","6.2959","13.1528","Derivative Based ETF","Defined Outcome"
"Harbor Dividend Growth Leaders ETF","GDIV","236.08","95.31026594223620245925078638833285673434","1.09","1.6195","-.3668","4.7636","6.7665","23.157","Style Box - Large Cap Blend","Style Box - Large Cap Blend"
"Grayscale Digital Large Cap Fund LLC","GDLC","406.82","24.77298524404086265607264472190692395006","5.815","17.223","23.3146",".9776","13.2173","0","Digital Economy ETF","Digital Economy ETF"
"Gadsden Dynamic Multi-Asset ETF","GDMA","200.17","85.35714285714285714285714285714285714286",".3913","2.6251","-.2073","3.9219","1.1497","23.1006","Multi-Asset - Total Portfolio","Total Portfolio ETFs"
"WisdomTree Efficient Gold Plus Gold Miners Strategy Fund","GDMN","208.16","58.08858643744030563514804202483285577841","4.9783","47.5976","18.5443","15.5752","-15.4075","93.0431","Materials  - Gold Mining","Materials ETFs"
"VanEck Gold Miners ETF","GDX","31078.56","76.59229938826916156890967974091399784095","2.9845","38.6036","14.2937","19.5837","-3.2279","74.5035","Materials  - Gold Mining","Materials ETFs"
"VanEck Junior Gold Miners ETF","GDXJ","9503.08","70.56989649582242174834767427360019952613","2.6715","36.564","12.2788","18.1624","-6.6333","80.8739","Materials  - Gold Mining","Materials ETFs"
"MicroSectors Gold Miners 3X Leveraged ETNs","GDXU","1449.42","25.71372360424955187338783718795085909151","8.5914","137.5802","42.2852","26.8722","-50.2432","88.3532","Materials  - Gold Mining","Leveraged Equity ETFs"
"YieldMax Gold Miners Option Income Strategy ETF","GDXY","290.61","27.41764080765143464399574920297555791711","3.5567","29.0862","11.1363","10.3987","-12.848","29.0927","Materials  - Gold Mining","Materials ETFs"
"Goldman Sachs ActiveBeta Emerging Markets Equity ETF","GEM","1733.3","81.46659008232816389048439594103005935286",".6984","2.452",".3627","2.0842","7.8487","36.1441","Geographic - Broad Emerging Markets","Broad Emerging Market ETFs"
"Pacific NoS Global EM Equity Active ETF","GEME","464.31","83.87901465544122232616152167134393514188",".8055",".9729","-.1994",".047","9.9057","56.5795","Geographic - Broad Emerging Markets","Broad Emerging Market ETFs"
"Cambria Global EW 2 ETF","GEQ","209.37","83.15903353768481788676523620627479264335",".7528","2.9287","-.7774","0","0","0","Global Large-Cap Blend Equity ETF","Global Large-Cap Blend Equity ETF"
"FT Vest U.S. Equity Moderate Buffer ETF - February","GFEB","382.18","98.2071713147410358565737051792828685259",".0895","1.2217","-.1116","2.3635","5.8684","12.8715","Derivative Based ETF","Defined Outcome"
"VictoryShares Free Cash Flow Growth ETF","GFLW","1040.73","93.07700279821743185822365011918333506063",".6249","4.9977","-1.5344","11.3067","22.9827","27.65","Style Box - Large Cap Growth","Style Box - Large Cap Growth"
"Direxion Daily GOOGL Bull 2X ETF","GGLL","969.39","54.11683983532640658694373652225053910998","2.4579","-3.8686","-.7097","-25.4207","7.4374","144.3838","Derivative Based ETF","Single Stock ETF"
"iShares Global Government Bond USD Hedged Active ETF","GGOV","3031.57","76.05042016806722689075630252100840336134","-.01",".4606",".1597",".7936","2.6076","3.0016","Sovereign - Broad Market","Government Bond ETFs"
"Goldman Sachs MarketBeta Russell 1000 Growth Equity ETF","GGUS","471.25","81.68327962227385145769317244997376901746",".6976","1.115","-2.2437","-.1952","8.8153","12.9118","Style Box - Large Cap Growth","Style Box - Large Cap Growth"
"Goldman Sachs Access Investment Grade Corporate Bond ETF","GIGB","974.76","3.40425531914893617021276595744680851064","-.089","-.2685","-.1335","-.3711","-1.7977","2.2998","Corporates - Investment Grade","Investment Grade Corporate Bond ETFs"
"Goldman Sachs Corporate Bond ETF","GIGL","217.93","2.4464831804281345565749235474006116208","-.0404","-.2434","-.1835","-.0303","-1.7105","2.4303","Corporates - Investment Grade","Investment Grade Corporate Bond ETFs"
"State Street SPDR S&P Global Infrastructure ETF","GII","932.43","59.98161764705882352941176470588235294118","-.6649","-1.9816","-.911","-1.8538","-3.3241","9.7612","Utilities  - Infrastructure","Utilities/Infrastructure ETFs"
"Goldman Sachs Innovate Equity ETF","GINN","213.37","100",".9456","5.7037",".4133","6.574","13.5526","21.1694","Geographic - Global Total Market","World ETFs"
"FT Vest U.S. Equity Moderate Buffer ETF - January","GJAN","438.82","97.02675916749256689791873141724479682854",".1531","1.3056","-.3266","2.5308","6.3168","12.5009","Derivative Based ETF","Defined Outcome"
"FT Vest U.S. Equity Moderate Buffer ETF - July","GJUL","406.91","96.17373319544984488107549120992761116856",".248","1.4374","-.4032","3.2153","6.7211","12.2727","Derivative Based ETF","Defined Outcome"
"FT Vest U.S. Equity Moderate Buffer ETF - June","GJUN","535.57","94.42094130089899524061343204653622421999",".2179","1.3341","-.5016","2.113","4.916","9.8307","Derivative Based ETF","Defined Outcome"
"SPDR Gold Shares","GLD","150573.28","61.01467189767291879400225721502660289138","1.9506","12.9532","5.4498","1.5276","-9.6581","37.7721","Precious Metals - Gold","Precious Metals ETFs"
"SPDR Gold MiniShares Trust","GLDM","31405.78","61.50012459506603538499875404933964615001","1.931","12.9918","5.4747","1.6134","-9.4766","38.1543","Precious Metals - Gold","Precious Metals ETFs"
"iShares Global Equity Factor ETF","GLOF","221.35","95.72864321608040201005025125628140703518",".686","3.4565","-.5051","5.0711","11.1869","24.8839","Global Large-Cap Blend Equity ETF","Global Large-Cap Blend Equity ETF"
"abrdn Physical Precious Metals Basket Shares ETF","GLTR","2819.87","47.16242661448140900195694716242661448141","1.8413","14.2842","5.9827","-2.7917","-13.2511","48.635","Precious Metals - Broad","Precious Metals ETFs"
"FT Vest U.S. Equity Moderate Buffer ETF - March","GMAR","399.25","98.78844361602982292637465051258154706431",".1337","1.1256","-.1445","2.1768","8.8442","13.664","Derivative Based ETF","Defined Outcome"
"FT Vest U.S. Equity Moderate Buffer ETF - May","GMAY","538.23","93.33333333333333333333333333333333333333",".2061","1.3667","-.5793","2.2908","5.1418","10.2128","Derivative Based ETF","Defined Outcome"
"State Street SPDR S&P Emerging Asia Pacific ETF","GMF","426.8","82.91464028173738051316451450612107999329",".2661","2.0547","-.8594","3.6206","4.4845","20.3434","Geographic - Asia Emerging","Asia-Pacific (Emerging) ETFs"
"GMO International Value ETF","GMOI","640.69","100","1.3148","6.9528","1.3148","9.0086","10.743","37.5437","Foreign Small/Mid Value ETF","Foreign Small/Mid Value ETF"
"iShares GNMA Bond ETF","GNMA","434.17","11.91601049868766404199475065616797900262","-.0985",".0654","-.0642",".2817","-.915","4.0276","Asset Backed - MBS","Mortgage-Backed Security ETFs"
"FT Vest U.S. Equity Moderate Buffer ETF - November","GNOV","299.55","99.43019943019943019943019943019943019943",".1083","1.2786","-.0587","2.6349","6.5506","14.5693","Derivative Based ETF","Defined Outcome"
"State Street SPDR S&P Global Natural Resources ETF","GNR","5123.21","100","1.7589","12.5692","5.8211","8.3743","9.3655","43.4831","Materials  - Broad","Materials ETFs"
"U.S. Global GO GOLD and Precious Metal Miners ETF","GOAU","215.52","72.8613569321533923303834808259587020649","2.5546","36.1039","12.599","19.4023","-4.0663","56.4917","Materials  - Broad","Materials ETFs"
"FT Vest U.S. Equity Moderate Buffer ETF - October","GOCT","262.76","98.86597938144329896907216494845360824742",".1658","1.2937","-.1299","2.6762","6.7138","13.4424","Derivative Based ETF","Defined Outcome"
"YieldMax GOOGL Option Income Strategy ETF","GOOY","228.76","10.63291139240506329113924050632911392405","1.4975","-1.3981","-.312","-8.5453","6.0464","45.8641","Derivative Based ETF","Single Stock ETF"
"Invesco Equal Weight 0-30 Year Treasury ETF","GOVI","1227.12","4.51127819548872180451127819548872180451","-.3022","-.7147","-.1324","-.4808","-3.8425",".6915","US Treasury - Long Term","Government Bond ETFs"
"iShares U.S. Treasury Bond ETF","GOVT","44038.32","4.16666666666666666666666666666666666667","-.1335","-.011","-.0445",".1409","-1.4938","1.8143","US Treasury - Mid Term","Government Bond ETFs"
"iShares 25+ Year Treasury STRIPS Bond ETF","GOVZ","307.22","7.19512195121951219512195121951219512195","-.5965","-3.4072",".1502","-3.3299","-10.7358","-4.3923","US Treasury - Long Term","Government Bond ETFs"
"Goldman Sachs Nasdaq-100 Premium Income ETF","GPIQ","5380.64","75.17301038062283737024221453287197231834",".3365",".2564","-1.7516",".5087","14.5045","24.5222","Style Box - Large Cap Growth","Style Box - Large Cap Growth"
"Goldman Sachs S&P 500 Premium Income ETF","GPIX","5410.9","92.7409261576971214017521902377972465582",".4477","2.0077","-.9186","3.6226","10.4228","20.1202","Style Box - Large Cap Blend","Style Box - Large Cap Blend"
"VanEck Alternative Asset Manager ETF","GPZ","254.93","50.20790020790020790020790020790020790021","1.0505","11.0568","-2.7227","7.7089","6.607","-9.6362","Financials - BDCs/PE","Financials ETFs"
"GQG US Equity ETF","GQGU","627.51","60.54576463899943149516770892552586696987",".2693",".1153","-2.543","-1.8456","-2.7612","2.8498","Style Box - All Cap Growth","Style Box - All Cap Growth"
"Natixis Gateway Quality Income ETF","GQI","274.57","95.02840909090909090909090909090909090909",".3837","1.6652","-.2999","4.8406","8.9858","20.6934","Style Box - All Cap Blend","Style Box - All Cap Blend"
"FlexShares Global Quality Real Estate ETF","GQRE","423.02","73.00308129888599194121829817492296752785","-.2988","-2.2928","-.234",".7583","1.0394","11.2416","Real Estate   - REITs","Real Estate ETFs"
"Global X MSCI Greece ETF","GREK","335.38","100","1.4224","9.5346","1.9855","19.079","19.9523","32.588","Geographic - Greece","European Equity ETFs"
"First Trust NASDAQ Clean Edge Smart Grid Infrastructure ETF","GRID","11639.53","68.21627084386053562405255179383527033855","-.127",".4385","-3.694","-4.8667","3.3932","28.8669","Utilities  - Infrastructure","Utilities/Infrastructure ETFs"
"VictoryShares International Free Cash Flow Growth ETF","GRIN","349.15","98.58783008036739380022962112514351320321",".9512","6.9913",".9186","10.6023","13.922","33.5669","Foreign Large Growth ETF","Foreign Large Growth ETF"
"Fundstrat Granny Shots US Small- & Mid-Cap ETF","GRNJ","538.02","71.98177676537585421412300683371298405467",".5002","2.902","-4.6504","-.8879","8.4173","0","Style Box - All Cap Blend","Style Box - All Cap Blend"
"Fundstrat Granny Shots US Large Cap ETF","GRNY","4363.14","91.97651663405088062622309197651663405088","1.1645","1.0174","-1.138","3.5362","11.0586","20.7474","Style Box - Large Cap Blend","Style Box - Large Cap Blend"
"Invesco S&P MidCap 400 GARP ETF","GRPM","508.64","100",".9213","9.4932",".9044","15.0215","16.8639","26.0105","Style Box - Mid Cap Blend","Style Box - Mid Cap Blend"
"Goldman Sachs Small Cap Equity ETF","GSC","290.93","85.59701895555435545714748609385969649511",".67","-.8491","-3.4115","9.8049","11.7506","27.9645","Style Box - Small Cap Value","Style Box - Small Cap Value"
"FT Vest U.S. Equity Moderate Buffer ETF - September","GSEP","344.65","99.41656942823803967327887981330221703617",".1681","1.3605","-.024","2.8346","6.6735","11.6105","Derivative Based ETF","Defined Outcome"
"Goldman Sachs Equal Weight U.S. Large Cap Equity ETF","GSEW","2041.3","94.69655549480590486604702022963367960634",".6757","4.3068","-.9768","8.2692","10.7534","20.2021","Style Box - Large Cap Blend","Style Box - Large Cap Blend"
"iShares S&P GSCI Commodity-Indexed Trust","GSG","974.17","92.61363636363636363636363636363636363636",".6241","5.2861","4.2809","1.3166","32.369","50.7569","Basket - Broad","Broad Commodity ETFs"
"Goldman Sachs MarketBeta International Equity ETF","GSID","1117","97.77810368849453692161032485150692967662",".923","3.8551","-.251","5.4177","4.7563","21.8204","Foreign Large Blend ETF","Foreign Large Blend ETF"
"Goldman Sachs ActiveBeta International Equity ETF","GSIE","6103.11","98.3009708737864077669902912621359223301",".669","4.2208","-.2899","6.3686","5.4046","21.1005","Foreign Large Blend ETF","Foreign Large Blend ETF"
"Goldman Sachs ActiveBeta U.S. Large Cap Equity ETF","GSLC","15123.66","90.69423929098966026587887740029542097489",".3363","2.5535","-1.5754","3.9991","10.5908","18.2621","Style Box - Large Cap Blend","Style Box - Large Cap Blend"
"Gotham Enhanced 500 ETF","GSPY","743.35","95.25758305247953779489648531535869041887",".5169","3.3849","-.9139","5.5023","13.4075","21.299","Style Box - Large Cap Blend","Style Box - Large Cap Blend"
"Goldman Sachs ActiveBeta U.S. Small Cap Equity ETF","GSSC","1086.96","94.00578935649075929637051881540859496771",".817",".9395","-1.4525","9.275","15.1344","29.0137","Style Box - Small Cap Blend","Style Box - Small Cap Blend"
"Goldman Sachs Ultra Short Bond ETF","GSST","1597.06","53.03030303030303030303030303030303030303",".0099",".4372",".0594","1.153","1.8692","4.2257","Ultra short Bond ETF","Ultra short Bond ETF"
"Goldman Sachs MarketBeta U.S. Equity ETF","GSUS","3275.14","91.93548387096774193548387096774193548387",".4938","2.3402","-1.3792","3.5591","12.0514","21.5098","Style Box - All Cap Blend","Style Box - All Cap Blend"
"Goldman Sachs ActiveBeta World Equity ETF","GSWO","1776.45","92.94138050641692681234824835241068331599",".5778","2.8426","-1.0672","4.2233","9.9622","0","Global Large-Cap Blend Equity ETF","Global Large-Cap Blend Equity ETF"
"Invesco Ultra Short Duration ETF","GSY","3901.73","72.72727272727272727272727272727272727273",".0199",".4193",".1195","1.0878","1.5246","3.1006","Corporates - Money Market","Money Market/Ultra-Short Term ETFs"
"Goldman Sachs Future Tech Leaders Equity ETF","GTEK","240.18","78.15002029295649928052245138914511308711","-.3952","1.2442","-4.7428","4.1583","32.1884","62.7801","Technology  - broad","Technology ETFs"
"Goldman Sachs Access Inflation Protected USD Bond ETF","GTIP","296.36","5.08166969147005444646098003629764065336","-.272","-.0171",".084","-.1342","-.3419","2.1279","US Treasury - TIPS","Inflation-Protected Bond ETFs"
"Invesco Total Return Bond ETF","GTO","2497.89","8.33333333333333333333333333333333333333","-.1944","-.1081","-.1836",".1006","-1.3454","2.7882","Total Bond Market - Broad","Total Bond Market ETFs"
"Invesco Core Fixed Income ETF","GTOC","354.21","8.63309352517985611510791366906474820144","-.1857","-.0202","-.1091",".0797","-1.5082","2.6644","Total Bond Market - Broad","Total Bond Market ETFs"
"Goldman Sachs Technology Opportunities ETF","GTOP","706.76","85.31187122736418511066398390342052313883",".2496","-.1471","-2.9967","2.9343","25.6524","0","Technology  - broad","Technology ETFs"
"FlexShares Morningstar Global Upstream Natural Resources ETF","GUNR","7270.5","100","1.6973","10.3315","6.4124","5.0807","6.6961","38.9168","Materials  - Broad","Materials ETFs"
"Goldman Sachs MarketBeta U.S. 1000 Equity ETF","GUSA","2384.11","92.13288092795707409453168152765722401957",".5088","2.5729","-1.3319","3.8519","11.6368","21.6287","Style Box - Large Cap Blend","Style Box - Large Cap Blend"
"Goldman Sachs Enhanced U.S. Equity ETF","GUSE","359.71","89.77757289385732395989397257116514924513",".4524","1.3405","-1.5603","3.6695","10.9093","0","Style Box - All Cap Blend","Style Box - All Cap Blend"
"Direxion Daily S&P Oil & Gas Exp. & Prod. Bull 2X ETF","GUSH","267.49","93.07984790874524714828897338403041825095","2.4056","17.5484","10.3707","20.416","47.1688","110.558","Derivative Based ETF","Leveraged Equity ETFs"
"Cambria Global Value ETF","GVAL","590.59","100",".9909","3.9452",".7806","11.1717","9.6276","37.8979","Global Large-Cap Value Equity ETF","Global Large-Cap Value Equity ETF"
"iShares Intermediate Government/Credit Bond ETF","GVI","3815.48","6.54205607476635514018691588785046728972","-.1044",".2138","-.1233",".4106","-.5821","2.3459","Total Bond Market - Broad","Total Bond Market ETFs"
"Goldman Sachs Hedge Industry VIP ETF","GVIP","571.98","63.59186024188903820311000191975427145325","-.3185","-2.7513","-2.8606","-.8869","8.2686","24.076","Multi-Asset - Total Portfolio","Total Portfolio ETFs"
"Gotham 1000 Value ETF","GVLU","258.99","100","1","8.1702","1.3343","12.3547","10.8714","18.1825","Style Box - All Cap Value","Style Box - All Cap Value"
"Goldman Sachs MarketBeta Russell 1000 Value Equity ETF","GVUS","414.41","98.15327793167128347183748845798707294552",".5169","4.1489","-.3557","10.1107","15.1623","31.6182","Style Box - Large Cap Value","Style Box - Large Cap Value"
"State Street SPDR S&P International Small Cap ETF","GWX","920.39","90.65463269736090483262881297840740317605",".4042","6.6597","-.6985","1.878","2.0337","23.1961","Foreign Small/Mid Blend ETF","Foreign Small/Mid Blend ETF"
"State Street SPDR S&P China ETF","GXC","473.41","26.75493500240731824747231584015406836784",".458","2.4499","1.2589","-1.715","-8.7173","-2.9126","Geographic - China","Asia-Pacific (Emerging) ETFs"
"Goldman Sachs MarketBeta Total International Equity ETF","GXUS","642.77","98.52205372950504195212069894542375490724",".8354","3.3832","-.0586","4.6634","6.4501","26.804","Foreign Large Blend ETF","Foreign Large Blend ETF"
"Amplify Cybersecurity ETF","HACK","2821.09","79.94140625","1.6853","3.4476","-5.5509","20.4099","50.4921","35.9461","Technology  - broad","Technology ETFs"
"VanEck Natural Resources ETF","HAP","320.02","100","1.4109","9.7429","5.0921","6.33","6.697","44.6215","Materials  - Broad","Materials ETFs"
"Harbor Human Capital Factor US Large Cap ETF","HAPI","501.94","94.21333664472867254439339376629827393518",".3583","3.7934","-.8921","4.7913","11.7063","18.8021","Strategy - Socially Responsible","Style Box - Large Cap Blend"
"Xtrackers International Real Estate ETF","HAUZ","1067.14","28.21917808219178082191780821917808219178",".3493",".2618",".4327","-.5425","-8.8924","1.6521","Real Estate   - Broad","Real Estate ETFs"
"iShares Currency Hedged MSCI ACWI ex U.S. ETF","HAWX","351.56","88.78890827288586906620145073914241116518",".7929","1.2297","-.7784","4.0004","7.5392","28.7907","Foreign Large Blend ETF","Foreign Large Blend ETF"
"Horizon Expedition Plus ETF","HBTA","290.01","85.86884813299907639530281039715001979153",".5904",".2772","-2.6338",".2772","10.8743","22.4855","Derivative Based ETF","Style Box - Large Cap Growth"
"Direxion HCM Tactical Enhanced US ETF","HCMT","593.78","75.93984962406015037593984962406015037594",".6639","2.1967","-3.9508","1.7805","7.9944","22.3613","Derivative Based ETF","Leveraged Equity ETFs"
"Hartford Core Bond ETF","HCRB","408.93","8.06754221388367729831144465290806754221","-.3607","-.0544","-.0868",".2048","-1.5528","2.5417","Total Bond Market - Broad","Total Bond Market ETFs"
"Xtrackers MSCI EAFE High Dividend Yield Equity ETF","HDEF","2357","100",".645","3.6534","1.418","5.1748","4.3606","17.9831","Geographic - EAFE","Broad Developed World ETFs"
"Hartford Disciplined US Equity ETF","HDUS","211.08","91.71955273496524629797521909942580840133",".4767","2.8153","-1.2185","4.2477","11.6078","21.5267","Style Box - Large Cap Blend","Style Box - Large Cap Blend"
"iShares Core High Dividend ETF","HDV","15227.71","98.09099586382437161947184218899140948139",".2691","6.1932","1.9585","9.1756","10.064","25.678","Style Box - Large Cap Value","Style Box - Large Cap Value"
"Hedgeye Capital Allocation ETF","HECA","282.49","46.84014869888475836431226765799256505576",".7568","2.1258",".3229","1.7838","-7.8748","11.2172","Target Outcome","Total Portfolio ETFs"
"Equable Shares Hedged Equity ETF","HEDG","436.85","98.13084112149532710280373831775700934579",".2456","1.492","-.1305","2.9086","4.1638","0","Derivative Based ETF","Style Box - Large Cap Blend"
"WisdomTree Europe Hedged Equity ETF","HEDJ","1820.16","89.64365256124721603563474387527839643653",".7208","1.3982","-1.5974","3.5632","3.4896","16.1454","Geographic - Broad Europe","European Equity ETFs"
"iShares Currency Hedged MSCI Emerging Markets ETF","HEEM","290.62","72.93645484949832775919732441471571906355",".2229",".0095","-.2266","-.0007","7.4114","37.3213","Geographic - Broad Emerging Markets","Broad Emerging Market ETFs"
"iShares Currency Hedged MSCI EAFE ETF","HEFA","7633.88","92.48801278636121470431539690996270644646",".7033","1.9198","-1.1713","5.6206","6.9757","24.0321","Geographic - EAFE","Broad Developed World ETFs"
"Swan Hedged Equity US Large Cap ETF","HEGD","733.86","89.58333333333333333333333333333333333333",".2221","1.3478","-.9876","1.7287","6.5748","13.311","Derivative Based ETF","Hedge Fund ETFs"
"JPMorgan Hedged Equity Laddered Overlay ETF","HELO","4760.6","89.14956011730205278592375366568914956012",".2745","1.8489","-1.0549","2.6234","3.8141","9.5701","Style Box - Large Cap Blend","Style Box - Large Cap Blend"
"Simplify Hedged Equity ETF","HEQT","301.22","90.98984771573604060913705583756345177665",".1899","1.6841","-1.0245","3.4125","5.8778","13.6237","Style Box - Large Cap Blend","Style Box - Large Cap Blend"
"iShares Currency Hedged MSCI Japan ETF","HEWJ","729.14","87.01366982124079915878023133543638275499",".8166",".1404","-3.2579","5.3","8.8515","38.3495","Geographic - Japan","Asia-Pacific (Developed) ETFs"
"iShares Currency Hedged MSCI Eurozone ETF","HEZU","592.24","91.90243902439024390243902439024390243902",".5851","2.2354","-1.6377","6.5336","8.1312","22.7849","Geographic - Broad Europe","European Equity ETFs"
"Hartford Large Cap Growth ETF","HFGO","201.48","79.05585106382978723404255319148936170213",".3596","1.5068","-3.5703","-.3909","14.1605","14.3833","Strategy - Socially Responsible","Style Box - Large Cap Growth"
"Hartford Strategic Income ETF","HFSI","1115.54","22.53521126760563380281690140845070422535","-.143",".3264","-.2428",".9632",".3366","5.0445","Total Bond Market - Broad","Total Bond Market ETFs"
"NYLI FTSE International Equity Currency Neutral ETF","HFXI","2109","95.25504151838671411625148279952550415184",".6579","2.3001","-.8039","3.7126","6.7351","28.8177","Foreign Large Blend ETF","Foreign Large Blend ETF"
"Harbor Commodity All-Weather Strategy ETF","HGER","4253.94","100",".7155","8.779","4.6076","9.2518","27.2234","50.1369","Basket - Broad","Broad Commodity ETFs"
"AB US High Dividend ETF","HIDV","239.99","95.86999159428411319697394228075091061922",".4117","2.6322","-.6549","6.1646","12.4511","24.1781","Style Box - All Cap Value","Style Box - All Cap Value"
"Wahed FTSE USA Shariah ETF","HLAL","933.28","92.7627800114876507754164273406088454911",".3774","1.5484","-1.4253","2.5743","15.2339","30.8846","Style Box - All Cap Blend","Style Box - All Cap Blend"
"Strategy Shares Nasdaq 7HANDL Index ETF","HNDL","628.98","70.12802275960170697012802275960170697013",".0444",".3733","-1.0531",".711","3.0595","11.4295","Target Outcome","Total Portfolio ETFs"
"VanEck Bitcoin ETF","HODL","1214.14","27.38347457627118644067796610169491525424","5.8824","15.8819","22.4627","-.7745","13.7337","-31.3583","Cryptocurrency ETFs","Cryptocurrency ETFs"
"JPMorgan International Hedged Equity Laddered Overlay ETF","HOLA","279.54","95.41739638061879743140688849970811441915",".7099","2.8454","-.4358","5.0134","3.2486","11.2695","Derivative Based ETF","Broad Developed World ETFs"
"iShares Currency Hedged MSCI EAFE Small-Cap ETF","HSCZ","256.93","92.74960380348652931854199683042789223455",".4593","2.0576","-1.13","3.6165","5.0134","21.5726","Geographic - EAFE","Broad Developed World ETFs"
"Hartford Schroders Tax-Aware Bond ETF","HTAB","288.23","35","-.0529","-.2613","-.1586",".7328","-1.0421","5.6538","Total Bond Market - Broad","Total Bond Market ETFs"
"Hartford Total Return Bond ETF","HTRB","2228.1","8.18713450292397660818713450292397660819","-.1202","-.1598","-.1652",".1507","-1.5497","2.7222","Total Bond Market - Broad","Total Bond Market ETFs"
"iShares BB Rated Corporate Bond ETF","HYBB","321.13","35.81081081081081081081081081081081081081","-.0215",".472","-.1052","1.2867","1.1339","5.294","Corporates - Junk/High Yield","High-Yield/Junk Bond ETFs"
"Neos Enhanced Income Credit Select ETF","HYBI","222.52","9.27835051546391752577319587628865979381",".1289","-.1836","-.0306","-.0509","-.7312","1.007","Derivative Based ETF","High-Yield/Junk Bond ETFs"
"State Street Blackstone High Income ETF","HYBL","577.58","34.90566037735849056603773584905660377358",".0358",".6803","-.1428","1.4261","2.0503","5.0818","Corporates - Junk/High Yield","High-Yield/Junk Bond ETFs"
"iShares High Yield Systematic Bond ETF","HYDB","1601.49","26.28865979381443298969072164948453608247",".2585",".7575",".086","1.2259","1.0575","5.475","Corporates - Junk/High Yield","High-Yield/Junk Bond ETFs"
"VanEck Emerging Markets High Yield Bond ETF","HYEM","520.78","67.16417910447761194029850746268656716418",".1498",".6434","-.0498","2.1066","2.4862","7.2339","Corporates - Junk/High Yield","Emerging Market Bond ETFs"
"AB High Yield ETF","HYFI","333.99","32.57575757575757575757575757575757575758",".0269",".4798","-.2526","1.021","1.3109","5.7719","Corporates - Junk/High Yield","High-Yield/Junk Bond ETFs"
"iShares iBoxx $ High Yield Corporate Bond ETF","HYG","17773.7","34.23076923076923076923076923076923076923",".0628",".4323","-.1255","1.0914","1.1953","5.1081","Corporates - Junk/High Yield","High-Yield/Junk Bond ETFs"
"iShares Interest Rate Hedged High Yield Bond ETF","HYGH","613.79","79.78260869565217391304347826086956521739",".1909",".6001",".052","1.6091","3.4166","7.0522","Corporates - Junk/High Yield","High-Yield/Junk Bond ETFs"
"FlexShares High Yield Value-Scored Bond ETF","HYGV","1075.48","31.9277108433734939759036144578313253012",".0498",".7651","-.112","1.7857","1.6998","5.9799","Corporates - Junk/High Yield","High-Yield/Junk Bond ETFs"
"ProShares High Yield-Interest Rate Hedged","HYHG","200.1","66.82692307692307692307692307692307692308",".1549",".2002","-.0309","1.6911","3.3524","6.7535","Corporates - Junk/High Yield","High-Yield/Junk Bond ETFs"
"Xtrackers USD High Yield Corporate Bond ETF","HYLB","3512.42","27.58620689655172413793103448275862068966",".0827",".4721","-.1924","1.1598","1.3105","5.45","Corporates - Junk/High Yield","High-Yield/Junk Bond ETFs"
"First Trust Tactical High Yield ETF","HYLS","1638.98","21.0762331838565022421524663677130044843","-.3929",".4432","-.5882","1.3713","1.5008","3.83","Corporates - Junk/High Yield","High-Yield/Junk Bond ETFs"
"PIMCO 0-5 Year High Yield Corporate Bond ETF","HYS","1776.35","11.73020527859237536656891495601173020528",".0647",".4519","-.1935","1.1559","1.4662","5.2665","Corporates - Junk/High Yield","High-Yield/Junk Bond ETFs"
"Counterpoint High Yield Trend ETF","HYTR","293.72","12.81464530892448512585812356979405034325",".0894",".4631",".4678","1.1601",".1553","3.948","Corporates - Junk/High Yield","High-Yield/Junk Bond ETFs"
"WisdomTree Interest Rate Hedged High Yield Bond ETF","HYZD","284.76","85.33333333333333333333333333333333333333",".2212",".561",".0884","1.5687","3.2329","6.7347","Corporates - Junk/High Yield","High-Yield/Junk Bond ETFs"
"iShares Core International Aggregate Bond ETF","IAGG","11419.34","4.47058823529411764705882352941176470588","-.0402","-.0201","-.2005",".3506","-.5604","2.1238","International - Broad Treasury","Developed Market Bond ETFs"
"iShares U.S. Broker-Dealers & Securities Exchanges ETF","IAI","1369.16","95.29442691903259726603575184016824395373","3.0077","3.1388","1.7576","8.4983","13.7506","14.2563","Financials - Brokers/ Capital markets","Financials ETFs"
"iShares U.S. Insurance ETF","IAK","533.32","69.81273408239700374531835205992509363296","-.0902","-1.1463","-1.1938","7.5314","7.9171","10.8037","Financials - Insurance","Financials ETFs"
"iShares Systematic Alternatives Active ETF","IALT","5539.55","95.40507859733978234582829504232164449819",".2422",".4508","-.241","3.1647","10.4949","0","Hedge Fund - Broad","Hedge Fund ETFs"
"Innovator International Develo","IAPR","201.49","100",".4205","2.5095",".0264","3.3878","8.6786","14.7133","Derivative Based ETF","Defined Outcome"
"iShares U.S. Regional Banks ETF","IAT","662.11","81.53078202995008319467554076539101497504",".3539","-1.9488","-5.067","10.0446","4.0254","25.3324","Financials - Regional Banks","Financials ETFs"
"iShares Gold Trust","IAU","67133.52","61.23787044322056123787044322056123787044","1.95","12.9784","5.4813","1.5919","-9.5466","37.9809","Precious Metals - Gold","Precious Metals ETFs"
"NEOS Gold High Income ETF","IAUI","572.03","28.48484848484848484848484848484848484848","1.3449","8.8132","3.153","-1.1897","-9.9201","21.913","Derivative Based ETF","Precious Metals ETFs"
"iShares Gold Trust Micro","IAUM","7169.82","61.443400889767671774592189817103311913","1.8605","12.9698","5.4091","1.6129","-9.4863","38.2326","Precious Metals - Gold","Precious Metals ETFs"
"iShares Biotechnology ETF","IBB","10530.96","95.74414820378019777193641256728001001377","1.2949","12.8097","7.7171","26.3361","22.5446","54.2026","Healthcare - Biotech","Health Care ETFs"
"iShares iBonds Dec 2035 Term Corporate ETF","IBCA","390.31","1.45560407569141193595342066957787481805","-.0799","-.3841","-.2792","-.4282","-2.2124","2.6537","Corporates - Investment Grade","Investment Grade Corporate Bond ETFs"
"Inspire Corporate Bond ETF","IBD","494.49","13.0952380952380952380952380952380952381","-.0845","-.1003","0",".3347","-.332","2.3993","Strategy - Socially Responsible","Investment Grade Corporate Bond ETFs"
"iShares iBonds Dec 2026 Term Corporate ETF","IBDR","3346.51","50",".0619",".4137",".124","1.0339","1.8652","4.1237","Corporates - Investment Grade","Investment Grade Corporate Bond ETFs"
"iShares iBonds Dec 2027 Term Corporate ETF","IBDS","3894.59","32",".0413",".4548",".1241","1.0148","1.5269","4.1144","Corporates - Investment Grade","Investment Grade Corporate Bond ETFs"
"iShares iBonds Dec 2028 Term Corporate ETF","IBDT","4062.24","17.3913043478260869565217391304347826087","-.0397",".4494","0",".941",".872","3.6416","Corporates - Investment Grade","Investment Grade Corporate Bond ETFs"
"iShares iBonds Dec 2029 Term Corporate ETF","IBDU","4102.37","8.77192982456140350877192982456140350877","-.0434",".3799","-.13",".7432",".2018","3.3367","Corporates - Investment Grade","Investment Grade Corporate Bond ETFs"
"iShares iBonds Dec 2030 Term Corporate ETF","IBDV","3303.85","5.71428571428571428571428571428571428571","-.0694",".1953","-.1387",".4393","-.4846","2.7865","Corporates - Investment Grade","Investment Grade Corporate Bond ETFs"
"iShares iBonds Dec 2031 Term Corporate ETF","IBDW","2564.92","3.84615384615384615384615384615384615385","-.0485",".1067","-.1938",".3403","-.9284","2.7635","Corporates - Investment Grade","Investment Grade Corporate Bond ETFs"
"iShares iBonds Dec 2032 Term Corporate ETF","IBDX","1749.98","3.34928229665071770334928229665071770335","-.0403",".0412","-.1608",".284","-1.2321","2.9452","Corporates - Investment Grade","Investment Grade Corporate Bond ETFs"
"iShares iBonds Dec 2033 Term Corporate ETF","IBDY","1159.43",".4237288135593220338983050847457627118644","-.079","-.1614","-.2091","-.1258","-1.7081","2.7451","Corporates - Investment Grade","Investment Grade Corporate Bond ETFs"
"iShares iBonds Dec 2034 Term Corporate ETF","IBDZ","875.34","2.4","0","-.2417","-.1955","-.1146","-1.7675","2.7704","Corporates - Investment Grade","Investment Grade Corporate Bond ETFs"
"iShares iBonds 2026 Term High Yield and Income ETF","IBHF","780.15","7.14285714285714285714285714285714285714",".0222",".2141",".0667","-.006",".2071","3.0118","Corporates - Junk/High Yield","High-Yield/Junk Bond ETFs"
"iShares iBonds 2027 Term High Yield and Income ETF","IBHG","518.26","12.29508196721311475409836065573770491803",".1138",".4192",".1595",".8668","1.6255","3.9525","Corporates - Junk/High Yield","High-Yield/Junk Bond ETFs"
"iShares iBonds 2028 Term High Yield and Income ETF","IBHH","456.69","16.96428571428571428571428571428571428571",".2783",".5356",".2353","1.1676","1.8119","5.191","Corporates - Junk/High Yield","High-Yield/Junk Bond ETFs"
"iShares iBonds 2029 Term High Yield and Income ETF","IBHI","504.55","34.5029239766081871345029239766081871345",".0644",".6444",".0858","1.3778","2.057","5.6749","Corporates - Junk/High Yield","High-Yield/Junk Bond ETFs"
"iShares Bitcoin Trust ETF","IBIT","54650.98","27.34210526315789473684210526315789473684","6.0194","15.9543","22.5933","-.7273","13.6908","-31.4178","Cryptocurrency ETFs","Cryptocurrency ETFs"
"State Street SPDR Bloomberg International Corporate Bond ETF","IBND","464.13","32.5203252032520325203252032520325203252",".0319","2.1226",".6901",".578","-2.0594","1.1242","International - Corporate","Investment Grade Corporate Bond ETFs"
"iShares iBonds Dec 2026 Term Treasury ETF","IBTG","2083.46","38.46153846153846153846153846153846153846","0",".2742",".0437",".9009","1.6907","3.7804","US Treasury - Intermediate Term","Government Bond ETFs"
"iShares iBonds Dec 2027 Term Treasury ETF","IBTH","2341.02","34",".0447",".4472",".0671",".9569","1.279","3.5277","US Treasury - Intermediate Term","Government Bond ETFs"
"iShares iBonds Dec 2028 Term Treasury ETF","IBTI","1995.43","16.66666666666666666666666666666666666667","0",".4727","-.0226",".8246",".4612","2.9284","US Treasury - Intermediate Term","Government Bond ETFs"
"iShares iBonds Dec 2029 Term Treasury ETF","IBTJ","1376.48","11.9047619047619047619047619047619047619","-.0232",".4343","-.0232",".6903","-.2301","2.4223","US Treasury - Intermediate Term","Government Bond ETFs"
"iShares iBonds Dec 2030 Term Treasury ETF","IBTK","1020.08","9.02777777777777777777777777777777777778","-.1029",".3364","-.0772",".5075","-.86","2.0137","US Treasury - Intermediate Term","Government Bond ETFs"
"iShares iBonds Dec 2031 Term Treasury ETF","IBTL","683.51","4.65116279069767441860465116279069767442","-.1499",".18","-.1998",".3294","-1.3541","1.8112","US Treasury - Intermediate Term","Government Bond ETFs"
"iShares iBonds Dec 2032 Term Treasury ETF","IBTM","561.5","3.30188679245283018867924528301886792453","-.1781",".0907","-.1781",".2626","-1.6839","1.755","US Treasury - Intermediate Term","Government Bond ETFs"
"iShares iBonds Dec 2033 Term Treasury ETF","IBTO","464.3","1.61290322580645161290322580645161290323","-.189","-.0109","-.2518",".1739","-2.0457","1.6249","US Treasury - Long Term","Government Bond ETFs"
"iShares iBonds Dec 2034 Term Treasury ETF","IBTP","292.44","1.09489051094890510948905109489051094891","-.18","-.115","-.2479",".0499","-2.3034","1.6228","US Treasury - Intermediate Term","Government Bond ETFs"
"iShares iBonds Dec 2035 Term Treasury ETF","IBTQ","240.24",".6382978723404255319148936170212765957447","-.2273","-.2538","-.2475","-.0059","-2.541","1.5646","US Treasury - Long Term","Government Bond ETFs"
"iShares Select U.S. REIT ETF","ICF","2109.4","84.03141361256544502617801047120418848168","-.1455","-.9528","-.6516","1.146","5.8289","15.6736","Real Estate   - REITs","Real Estate ETFs"
"iShares Global Clean Energy ETF","ICLN","2193.17","35.76642335766423357664233576642335766423","-.2269","-5.0216","-3.4047","-20.4416","-6.684","25.3474","Strategy - Socially Responsible","Alternative Energy ETFs"
"Invesco AAA CLO Floating Rate Note ETF","ICLO","551.37","80",".0195",".4307",".078","1.2884","2.2739","5.112","Asset Backed - MBS","Mortgage-Backed Security ETFs"
"iShares Copper and Metals Mining ETF","ICOP","482.63","100","4.5086","20.2627","10.771","14.0014","9.984","94.2411","Materials  - Broad","Materials ETFs"
"Pacer Developed Markets International Cash Cows 100 ETF","ICOW","1868.6","100",".5492","7.1646","1.6998","1.7246","5.2266","31.173","Foreign Large Value ETF","Foreign Large Value ETF"
"iShares Ultra Short Duration Bond Active ETF","ICSH","8579.99","32.35294117647058823529411764705882352941","0",".359",".0594",".9632","1.6726","3.9197","Corporates - Investment Grade","Money Market/Ultra-Short Term ETFs"
"iShares Convertible Bond ETF","ICVT","7734.98","72.61478345815695213285574731357863887984",".2076","-.6178","-2.655","-1.4759","11.0267","27.1652","Corporates - Convertible","Convertibles/CEFs/OET/Preferred Stock ETFs"
"iShares Defense Industrials Active ETF","IDEF","4502.18","59.45675303542370759794717736888221304293","-.6807","7.289","-5.8626","3.4602","-6.5389","18.2692","Industrials  - Aerospace & Defense","Industrials ETFs"
"Lazard International Dynamic Equity ETF","IDEQ","1707.28","99.27140255009107468123861566484517304189",".9228","3.6473",".3615","4.7892","5.001","0","Foreign Large Blend ETF","Foreign Large Blend ETF"
"iShares Core MSCI International Developed Markets ETF","IDEV","32373.99","98.42470069313169502205419029615626969124",".8212","4.3269","-.2672","5.4288","5.0893","22.902","Foreign Large Blend ETF","Foreign Large Blend ETF"
"iShares U.S. Digital Infrastructure and Real Estate ETF","IDGT","518.83","69.87619550548612333509358680983394942205",".5729","2.3908","-4.9788","-2.998","21.1024","44.1938","Technology  - broad","Technology ETFs"
"Invesco S&P International Developed Quality ETF","IDHQ","1029.86","100",".854","6.7687",".876","14.5866","19.2104","42.4525","Foreign Large Growth ETF","Foreign Large Growth ETF"
"Invesco S&P International Developed Low Volatility ETF","IDLV","345.43","82.17477656405163853028798411122144985104",".528","2.2443",".1994","3.5888","1.4438","11.5294","Foreign Large Blend ETF","Foreign Large Blend ETF"
"Invesco S&P International Developed Momentum ETF","IDMO","4257.96","93.95017793594306049822064056939501779359","1.1583","4.8","-.6007","5.8558","6.2817","23.0325","Foreign Large Blend ETF","Foreign Large Blend ETF"
"iShares Genomics Immunology and Healthcare ETF","IDNA","245.56","96.40171858216970998925886143931256713212","2.0107","22.0463","13.7667","36.382","35.6916","79.0475","Healthcare - Biotech","Health Care ETFs"
"ALPS International Sector Dividend Dogs ETF","IDOG","575.47","100",".538","6.2796","1.1502","5.1718","8.5547","29.8007","Foreign Large Value ETF","Foreign Large Value ETF"
"iShares U.S. Utilities ETF","IDU","1345.76","23.1323722149410222804718217562254259502","-2.023","-4.4207","-3.1636","-3.5113","-5.9048","2.2142","Utilities  - Broad","Utilities/Infrastructure ETFs"
"Aptus International Enhanced Yield ETF","IDUB","519.4","99.6015936254980079681274900398406374502",".6031","3.9971",".1236","4.8807","6.8545","28.6497","Geographic - Global ex-US","World ETFs"
"iShares International Select Dividend ETF","IDV","8655.44","97.04016913319238900634249471458773784355",".3338","4.8239",".8725","1.811","4.8894","28.6436","Foreign Large Value ETF","Foreign Large Value ETF"
"Amplify CWP International Enhanced Dividend Income ETF","IDVO","1401.87","94.43099273607748184019370460048426150121","1.2401","2.2832",".2549","3.083","2.4549","29.3869","Derivative Based ETF","Derivative Based ETF"
"iShares 7-10 Year Treasury Bond ETF","IEF","42993.9","1.14722753346080305927342256214149139579","-.1935","-.1848","-.2365","-.0365","-2.4841","1.3269","US Treasury - Intermediate Term","Government Bond ETFs"
"iShares Core MSCI EAFE ETF","IEFA","193740.62","97.8168587022437841115827774408732565191",".8601","4.0549","-.336","5.2704","4.5931","21.4303","Geographic - EAFE","Broad Developed World ETFs"
"iShares 3-7 Year Treasury Bond ETF","IEI","17668.98","5.48245614035087719298245614035087719298","-.1201",".205","-.1544",".3081","-1.2054","1.6781","US Treasury - Intermediate Term","Government Bond ETFs"
"iShares Core MSCI Emerging Markets ETF","IEMG","158922.84","81.54935443565181174510620574760516451479",".6416","2.8625",".468","2.0457","7.5725","34.986","Geographic - Broad Emerging Markets","Broad Emerging Market ETFs"
"iShares U.S. Oil & Gas Exploration & Production ETF","IEO","618.39","100",".7799","10.5221","4.7251","16.3762","28.7093","57.6698","Energy - Exploration","Energy ETFs"
"iShares U.S. Tech Independence Focused ETF","IETC","695.18","69.71514242878560719640179910044977511244",".3526","3.94","-3.4941",".5483","18.0872","13.8024","Technology  - broad","Technology ETFs"
"iShares Core MSCI Europe ETF","IEUR","9398.24","100",".7841","4.2132",".2173","5.6175","4.7595","20.2583","Geographic - Broad Europe","European Equity ETFs"
"iShares Europe ETF","IEV","1691.38","100",".6902","4.2892",".3041","5.7155","4.4841","20.7814","Geographic - Broad Europe","European Equity ETFs"
"iShares U.S. Oil Equipment & Services ETF","IEZ","383.9","80.58583106267029972752043596730245231608","-.2352","8.2392","-2.0455","-6.631","4.994","67.8841","Energy - Equipment and services","Energy ETFs"
"Invesco Bloomberg Enhanced Fallen Angels ETF","IFLN","306.26","58.125",".0823",".5511","-.0821","1.7377","0","0","Corporates - Junk/High Yield","High-Yield/Junk Bond ETFs"
"VictoryShares International Free Cash Flow ETF","IFLO","266.89","100","1.0207","12.0961","3.5308","14.019","21.5023","41.8915","Foreign Large Value ETF","Foreign Large Value ETF"
"iShares U.S. Infrastructure ETF","IFRA","4271.02","67.21804511278195488721804511278195488722","-.8798","-2.291","-3.4444","-1.0038","-.2195","18.3609","Utilities  - Infrastructure","Utilities/Infrastructure ETFs"
"First Trust Dorsey Wright International Focus 5 ETF","IFV","231.93","56.76632572777340676632572777340676632573","1.7035","2.5592","-.554","-4.3644","-3.8953","10.8185","Strategy - Alpha-Seeking","World ETFs"
"Principal Investment Grade Corporate Active ETF","IG","201.7","1.31578947368421052631578947368421052632","-.0744","-.2646","-.3215","-.4012","-2.0921","2.2886","Corporates - Investment Grade","Investment Grade Corporate Bond ETFs"
"iShares Interest Rate Hedged Long-Term Corporate Bond ETF","IGBH","236.87","55.33596837944664031620553359683794466403",".1229",".7011",".3283",".3011","2.0084","5.7718","Ultra short Bond ETF","Ultra short Bond ETF"
"iShares North American Natural Resources ETF","IGE","806.42","100",".8962","11.9312","4.4668","8.4723","9.7405","47.0376","Materials  - Broad","Materials ETFs"
"iShares Investment Grade Systematic Bond ETF","IGEB","1515.2","1.28755364806866952789699570815450643777","-.0792","-.3073","-.2373","-.1962","-1.7531","2.3305","Corporates - Investment Grade","Investment Grade Corporate Bond ETFs"
"iShares Global Infrastructure ETF","IGF","10575.67","59.34291581108829568788501026694045174538","-.6078","-1.9046","-.7737","-1.6985","-3.2326","10.0674","Utilities  - Infrastructure","Utilities/Infrastructure ETFs"
"ProShares Investment Grade-Interest Rate Hedged","IGHG","341.88","35.5450236966824644549763033175355450237",".1544",".2461","-.0899",".2867","1.7153","4.0173","Corporates - Investment Grade","Investment Grade Corporate Bond ETFs"
"iShares 10+ Year Investment Grade Corporate Bond ETF","IGLB","2910.5","5.14851485148514851485148514851485148515","-.1671","-1.0213","-.1463","-1.7622","-4.4931",".7344","Corporates - Investment Grade","Investment Grade Corporate Bond ETFs"
"FT Vest Gold Strategy Target Income ETF","IGLD","578.61","23.61111111111111111111111111111111111111","1.0743","9.6991","3.9116","-.7464","-10.3184","25.568","Precious Metals - Gold","Precious Metals ETFs"
"iShares Expanded Tech Sector ETF","IGM","10494.66","79.02219140083217753120665742024965325936",".303",".9146","-3.5101","2.0206","26.9052","38.7415","Technology  - broad","Technology ETFs"
"iShares International Treasury Bond ETF","IGOV","1552.68","41.60583941605839416058394160583941605839",".0724","2.2425",".7039",".1448","-2.9814","-.9076","International - Broad Treasury","Developed Market Bond ETFs"
"Invesco AI and Next Gen Software ETF","IGPT","1211.62","71.86222191420056829995148658950724235914",".1635","-1.5854","-4.4414",".9228","43.9743","86.1419","Technology  - Software","Technology ETFs"
"iShares International Dividend Growth ETF","IGRO","1300.53","95.85893668180603793748330216403954047555",".8922","3.0677",".2595","5.9258","5.1466","20.6588","Strategy - Dividend Growth","World ETFs"
"iShares 1-5 Year Investment Grade Corporate Bond ETF","IGSB","23413.47","8.94308943089430894308943089430894308943","-.0575",".3609","-.0767",".7432",".3357","3.3417","Corporates - Investment Grade","Investment Grade Corporate Bond ETFs"
"iShares Expanded Tech-Software Sector ETF","IGV","13936.19","66.55844155844155844155844155844155844156","1.4326","12.579","-.6822","11.7937","27.9857","-2.4284","Technology  - Software","Technology ETFs"
"iShares Cybersecurity and Tech ETF","IHAK","1043.31","81.88191881918819188191881918819188191882",".6504","3.0869","-4.9296","16.3284","46.654","25.5083","Technology  - broad","Technology ETFs"
"WisdomTree International Hedged Quality Dividend Growth ETF","IHDG","2193.99","92.66247379454926624737945492662473794549",".6133","1.8335","-.929","6.3608","4.1225","19.8891","Strategy - Dividend Growth","Broad Developed World ETFs"
"iShares U.S. Pharmaceuticals ETF","IHE","1696.81","96.49347325313539800358331200409521371897","1.0121","5.7955","4.023","18.3932","19.4872","53.4688","Healthcare - Pharma","Health Care ETFs"
"iShares U.S. Healthcare Providers ETF","IHF","1218.24","93.28663164039696438995913601868067717455",".9929","-.6627","-.3325","13.5645","24.1284","23.8052","Healthcare - Healthcare - Providers","Health Care ETFs"
"iShares U.S. Medical Devices ETF","IHI","3415.72","50.94562647754137115839243498817966903073","1.2985","12.4525",".7353","11.2883","-5.175","-8.8804","Healthcare - Medical Devices","Health Care ETFs"
"Innovator International Develo","IJAN","261.47","99.21612541993281075027995520716685330347",".3858","2.2102",".0256","3.5251","3.7728","12.2842","Derivative Based ETF","Defined Outcome"
"iShares Core S&P Mid-Cap ETF","IJH","125204.8","88.42169408897014015843997562461913467398",".5238","1.3867","-2.4152","5.5685","6.9427","22.393","Style Box - Mid Cap Blend","Style Box - Mid Cap Blend"
"iShares S&P Mid-Cap 400 Value ETF","IJJ","8873.2","90.48648648648648648648648648648648648649",".6891","1.0647","-1.7406","6.9096","5.1035","19.4171","Style Box - Mid Cap Value","Style Box - Mid Cap Value"
"iShares S&P Mid-Cap 400 Growth ETF","IJK","10915.4","86.76789587852494577006507592190889370933",".3738","1.6912","-3.0158","4.2705","8.5541","24.9157","Style Box - Mid Cap Growth","Style Box - Mid Cap Growth"
"iShares Core S&P Small-Cap ETF","IJR","110311.74","91.84683511331075800989841104454284970044",".6422",".5049","-2.0806","8.4194","12.3885","30.523","Style Box - Small Cap Blend","Style Box - Small Cap Blend"
"iShares S&P Small-Cap 600 Value ETF","IJS","8278.1","93.74304783092324805339265850945494994438",".669",".7937","-1.5994","8.2995","10.6844","33.2097","Style Box - Small Cap Value","Style Box - Small Cap Value"
"iShares S&P Small-Cap 600 Growth ETF","IJT","8167.16","88.77794660299544171912307358367701324072",".6075",".0806","-2.577","8.4547","13.8452","27.7723","Style Box - Small Cap Growth","Style Box - Small Cap Growth"
"Innovator International Develo","IJUL","255.38","98.37915469839967172753385309807139926139",".5878","2.4106","-.0243","4.7855","6.4177","14.1265","Derivative Based ETF","Defined Outcome"
"iShares Morningstar U.S. Equity ETF","ILCB","1300.2","94.9711127857322280833961316252197940216",".4796","2.3976","-.9336","3.5707","12.0848","21.7158","Style Box - All Cap Growth","Style Box - All Cap Growth"
"iShares Morningstar Growth ETF","ILCG","3189.94","81.21934127540294323756131744919411352488",".2794",".4943","-2.8504","-.4037","12.6067","16.4674","Style Box - All Cap Growth","Style Box - All Cap Growth"
"iShares Morningstar Value ETF","ILCV","1343.14","98.35757860159549507273580478648521820741",".604","4.2229","-.0481","7.5308","11.479","27.2939","Style Box - All Cap Value","Style Box - All Cap Value"
"First Trust Innovation Leaders ETF","ILDR","316.35","87.59920634920634920634920634920634920635","1.195","2.9807","-1.8602","4.0789","24.4501","31.7139","Geographic - Global Total Market","World ETFs"
"iShares Latin America 40 ETF","ILF","3683.91","70.28670721112076455256298870547350130321","2.847","-.0288","3.2143","-.3144","-5.2879","38.9656","Geographic - Broad Latin America","Latin American Equity ETFs"
"AB International Low Volatility Equity ETF","ILOW","1859.22","95.54597701149425287356321839080459770115",".9372","3.9254","-.0633","4.503","4.8451","13.8882","Foreign Large Blend ETF","Foreign Large Blend ETF"
"iShares Core 10+ Year USD Bond ETF","ILTB","592.42","5.01535312180143295803480040941658137155","-.2648","-1.0966","-.1273","-1.322","-4.7278","1.0654","Total Bond Market - Broad","Total Bond Market ETFs"
"iShares Morningstar Mid-Cap ETF","IMCB","1705.72","94.22043010752688172043010752688172043011",".7563","3.4797","-1.2746","9.7269","13.9334","24.8022","Style Box - Mid Cap Blend","Style Box - Mid Cap Blend"
"iShares Morningstar Mid-Cap Growth ETF","IMCG","4089.59","90.05299633102323685283326538931920097839",".9883","2.5078","-2.3103","8.5008","17.5299","22.6031","Style Box - Mid Cap Growth","Style Box - Mid Cap Growth"
"iShares Morningstar Mid-Cap Value ETF","IMCV","1187.06","99.14196191853458664738491202699445649554",".5251","4.6088","-.1748","11.1197","10.9529","27.4257","Style Box - Mid Cap Value","Style Box - Mid Cap Value"
"Invesco Managed Futures Strategy ETF","IMF","316.65","99.63099630996309963099630996309963099631",".7573","1.6472",".3343",".865","8.5241","20.5317","Derivative Based ETF","Hedge Fund ETFs"
"Invesco International Developed Dynamic Multifactor ETF","IMFL","1088.38","100",".9258","4.3119","1.4068","3.4501","3.6505","31.6398","Foreign Large Blend ETF","Foreign Large Blend ETF"
"iShares Core 5-10 Year USD Bond ETF","IMTB","275.07","3.83631713554987212276214833759590792839","-.128","-.0926","-.1535",".1565","-1.5009","3.1119","Total Bond Market - Broad","Total Bond Market ETFs"
"iShares MSCI Intl Momentum Factor ETF","IMTM","4277.6","91.99535962877030162412993039443155452436",".8977","2.7619","-.553","3.4167","3.7905","20.2944","Foreign Large Blend ETF","Foreign Large Blend ETF"
"Franklin Income Equity Focus ETF","INCE","280.3","97.14610872800490238991508360325658758645",".3078","3.9478","-.4674","4.8292","6.6861","22.8259","Style Box - Large Cap Blend","Style Box - Large Cap Blend"
"Franklin Income Focus ETF","INCM","1814.73","94.66666666666666666666666666666666666667","0","2.3957","-.1687","2.3224","3.037","13.0389","Moderate Allocation ","Total Portfolio ETFs"
"Columbia India Consumer ETF","INCO","237.33","62.11325966850828729281767955801104972376","-.2754","5.2664","-.0417","8.0944","-3.2106","-5.5301","Geographic - India","Asia-Pacific (Emerging) ETFs"
"iShares MSCI India ETF","INDA","6612.45","42.75582573454913880445795339412360688956",".1816","1.763","-.2812","3.3521","-7.076","-7.3362","Geographic - India","Asia-Pacific (Emerging) ETFs"
"iShares India 50 ETF","INDY","550.23","19.63608794541319181197877179681576952237",".1448","1.2552","-.1604","3.1153","-9.8699","-9.2993","Geographic - India","Asia-Pacific (Emerging) ETFs"
"Horizon Kinetics Inflation Beneficiaries ETF","INFL","1622.08","100","1.5328","9.7869","5.4587","5.0282","6.4418","33.235","World Small/Mid Stock ETF","World Small/Mid Stock ETF"
"Harbor PanAgora Dynamic Large Cap Core ETF","INFO","860.43","90.75064710957722174288179465056082830026",".4331","1.9661","-1.7337","4.9252","13.3158","24.6806","Style Box - Large Cap Blend","Style Box - Large Cap Blend"
"iShares International Equity Factor ETF","INTF","3735.57","98.18511796733212341197822141560798548094",".8179","4.3289","-.3465","5.7656","5.8677","25.305","Foreign Large Blend ETF","Foreign Large Blend ETF"
"Main International ETF","INTL","243.54","97.18623481781376518218623481781376518219",".6991","3.5277","-.0605","3.2425","3.6474","21.8854","Foreign Large Blend ETF","Foreign Large Blend ETF"
"GraniteShares 2x Long INTC Daily ETF","INTW","305.6","32.31672756653763129650398562521857626955","-4.6334","-31.6174","-23.7067","-53.2731","174.6858","630.2144","Derivative Based ETF","Single Stock ETF"
"iShares Global 100 ETF","IOO","9319.06","92.60061919504643962848297213622291021672",".3769","3.3789","-.8959","1.9692","12.5114","28.1086","Global Large-Cap Blend Equity ETF","Global Large-Cap Blend Equity ETF"
"iShares Core MSCI Pacific ETF","IPAC","2734.24","89.98682476943346508563899868247694334651",".9124","3.3872","-1.5378","5.0814","4.1402","22.4976","Geographic - Asia Developed","Asia-Pacific (Developed) ETFs"
"Invesco International BuyBack Achievers ETF","IPKW","566.09","95.18672199170124481327800829875518672199",".7278","4.0191","-.3494","4.8881","4.4226","22.0561","Foreign Large Value ETF","Foreign Large Value ETF"
"FlexShares International Quality Dividend ETF","IQDF","1177.77","100",".7957","3.6416","1.0392","5.43","8.2529","30.5712","Strategy - Dividend","World ETFs"
"WisdomTree International Quality Dividend Growth ETF","IQDG","724.96","97.51665657177468201090248334342822531799",".8345","4.0978","-.1786","6.535","2.1392","17.9212","Strategy - Dividend Growth","Broad Developed World ETFs"
"iShares MSCI Intl Quality Factor ETF","IQLT","14224.07","100",".8328","4.9385",".4438","6.6797","7.1995","23.4775","Foreign Large Blend ETF","Foreign Large Blend ETF"
"ProShares GENIUS Money Market ETF","IQMM","18597.08","60",".01",".3976",".0665",".9078","0","0","US Treasury - Ultra Short","Money Market/Ultra-Short Term ETFs"
"iShares Nasdaq 100 ETF","IQQ","366.52","73.10924369747899159663865546218487394958",".3326",".5836","-2.4262","0","0","0","Style Box - Large Cap Growth","Style Box - Large Cap Growth"
"ProShares Nasdaq-100 High Income ETF","IQQQ","403.13","68.98135390833103701662533296592266005327",".4026","-.3491","-2.306","-.9653","13.0151","23.0805","Style Box - Large Cap Growth","Derivative Based ETF"
"NYLI Candriam International Equity ETF","IQSI","273.33","96.63131628197130380536494073611977542109",".8297","3.5751","-.2407","5.3162","4.1342","19.7459","Strategy - Socially Responsible","Broad Developed World ETFs"
"NYLI Candriam U.S. Mid Cap Equity ETF","IQSM","339.74","97.90485580478185851614493468079861966971",".6651","3.9365","-.4134","8.7033","11.0585","24.2389","Strategy - Socially Responsible","Style Box - Mid Cap Blend"
"NYLI Candriam U.S. Large Cap Equity ETF","IQSU","336.38","94.58336425020405134673888847666394598204",".5217","1.6394","-1.0227","3.8816","15.154","25.4218","Strategy - Socially Responsible","Style Box - Large Cap Blend"
"Defiance Daily Target 2X Long IREN ETF","IRE","308.36","4.00987570236676315341392814575174527499","-3.6331","-13.317","-10.6902","-65.8952","-48.7934","0","Derivative Based ETF","Single Stock ETF"
"iShares Morningstar Small-Cap ETF","ISCB","288.5","95.92830937631563120226138208937270704276",".7099","2.4521","-.4297","8.1206","10.4543","27.7799","Style Box - Small Cap Blend","Style Box - Small Cap Blend"
"iShares International Small-Cap Equity Factor ETF","ISCF","680.3","99.85805535841022001419446415897799858055",".8148","4.9284","-.0217","4.6727","3.1744","19.1674","Foreign Small/Mid Blend ETF","Foreign Small/Mid Blend ETF"
"iShares Morningstar Small-Cap Growth ETF","ISCG","1000.37","91.47339699863574351978171896316507503411",".8832","2.5354","-1.8837","6.3941","10.7496","27.2056","Style Box - Small Cap Growth","Style Box - Small Cap Growth"
"iShares Morningstar Small-Cap Value ETF","ISCV","700.44","95.91769000995685363425157650182542316628",".6707","2.4821","-.9023","9.849","10.1395","28.6087","Style Box - Small Cap Value","Style Box - Small Cap Value"
"iShares 1-3 Year International Treasury Bond ETF","ISHG","834.28","68.09058157488419969119917653113741636644",".0263","2.7782",".7669","1.1279","-.1834","1.3296","International - Broad Treasury","Developed Market Bond ETFs"
"Inspire Small/Mid Cap ETF","ISMD","340.79","92.52525252525252525252525252525252525253",".3644","-.1209","-2.1902","9.2915","17.1999","33.9367","Strategy - Socially Responsible","Style Box - All Cap Blend"
"ProShares S&P 500 High Income ETF","ISPY","1246.23","89.55441928414901387874360847333820306793",".4978","1.5276","-1.364","1.6062","8.8905","17.7761","Style Box - Large Cap Blend","Derivative Based ETF"
"iShares Core 1-5 Year USD Bond ETF","ISTB","5081.57","10.71428571428571428571428571428571428571","-.0208",".363","-.104",".7423",".2662","3.0302","Total Bond Market - Broad","Total Bond Market ETFs"
"iShares International Developed Small Cap Value Factor ETF","ISVL","333.76","100",".9994","6.0051",".2767","6.2153","5.4749","27.8445","Foreign Small/Mid Value ETF","Foreign Small/Mid Value ETF"
"iShares U.S. Aerospace & Defense ETF","ITA","14241.72","72.56071212514043730014691902169216143808","-.0926","3.3081","-6.2694","6.4323","-2.4605","22.284","Industrials  - Aerospace & Defense","Industrials ETFs"
"iShares U.S. Home Construction ETF","ITB","2254.04","36.42834034293109026205111614364283403429",".7753","2.6967","-1.3059","7.5195","-11.7939","-8.5264","Consumer Discretionary - Broad","Consumer Discretionary ETFs"
"iShares Core S&P Total U.S. Stock Market ETF","ITOT","96649.95","91.57147267675208397653596789132448286508",".4605","2.3458","-1.4492","3.8479","11.8213","22.0877","Style Box - All Cap Blend","Style Box - All Cap Blend"
"Invesco RAFI Strategic US ETF","IUS","967.57","98.77996705911059598609162447386079424144",".6488","4.1878","-.2857","8.4468","16.2827","33.4438","Style Box - Large Cap Blend","Style Box - Large Cap Blend"
"iShares Core Universal USD Bond ETF","IUSB","43566.25","3.54223433242506811989100817438692098093","-.1538","-.025","-.1099",".2044","-1.2801","2.7978","Total Bond Market - Broad","Total Bond Market ETFs"
"iShares Core S&P U.S. Growth ETF","IUSG","33111.75","88.83071553228621291448516579406631762653",".3224","1.8512","-2.2856","1.8628","14.5416","23.4258","Style Box - All Cap Growth","Style Box - All Cap Growth"
"iShares Core S&P U.S. Value ETF","IUSV","27826.34","96.47125782583949914627205463858850313034",".5162","2.7914","-.4048","5.4002","7.98","19.9132","Style Box - All Cap Value","Style Box - All Cap Value"
"ishares S&P/TSX 60 Index ETF","IUTSF","16938.52","100","0","7.3351","0","9.5525","11.0802","42.4864","Geographic - Canada","Canadian Equity ETFs"
"Alpha Architect International Quantitative Value ETF","IVAL","225.58","100",".6733","6.0202","1.012","6.7296","4.3781","28.6117","Foreign Small/Mid Value ETF","Foreign Small/Mid Value ETF"
"iShares S&P 500 Value ETF","IVE","49946.96","96.69037199124726477024070021881838074398",".4828","2.8973","-.357","5.3015","8.0173","19.7572","Style Box - Large Cap Value","Style Box - Large Cap Value"
"Dan IVES Wedbush AI Revolution ETF","IVES","1041.47","79.32922655715263518138261464750171115674",".965","4.4241","-3.1524","4.3396","27.3774","42.9555","Artificial Intelligence and Robotics ETF","Artificial Intelligence and Robotics ETF"
"iShares MSCI Intl Value Factor ETF","IVLU","4547.79","100","1.1834","4.4643",".248","5.7629","6.036","30.6344","Foreign Large Value ETF","Foreign Large Value ETF"
"Vanguard S&P Mid-Cap 400 Growth Index Fund ETF Shares","IVOG","1680.45","87.08647707486941381311665699361578641904",".3745","1.7858","-2.9993","4.4185","8.7255","24.5748","Style Box - Mid Cap Growth","Style Box - Mid Cap Growth"
"Quadratic Interest Rate Volatility and Inflation Hedge ETF","IVOL","287.33","10.37891268533772652388797364085667215815","-.2283","1.6946","-.2283","-2.0644","-6.3066","-7.4664","US Treasury - TIPS","Inflation-Protected Bond ETFs"
"Vanguard S&P Mid-Cap 400 Index Fund ETF Shares","IVOO","3850.21","88.62815884476534296028880866425992779783",".4872","1.389","-2.367","5.614","6.9822","22.4045","Style Box - Mid Cap Blend","Style Box - Mid Cap Blend"
"Vanguard S&P Mid-Cap 400 Value Index Fund ETF Shares","IVOV","1345.92","89.91477272727272727272727272727272727273",".6119",".9251","-1.8169","6.8313","4.9512","17.5533","Style Box - Mid Cap Value","Style Box - Mid Cap Value"
"iShares Core S&P 500 ETF","IVV","890218.94","91.70192438924525726764023474819162003549",".3876","2.3087","-1.3756","3.3672","11.6374","21.7313","Style Box - Large Cap Blend","Style Box - Large Cap Blend"
"iShares S&P 500 BuyWrite ETF","IVVW","335.07","61.36865342163355408388520971302428256071",".2208","2.6611",".0882","5.7771","7.9639","18.2632","Derivative Based ETF","Derivative Based ETF"
"iShares S&P 500 Growth ETF","IVW","75826.76","89.03340230564587644102867277564292048478",".3324","1.8263","-2.2186","1.7027","14.8096","23.1777","Style Box - Large Cap Growth","Style Box - Large Cap Growth"
"iShares Russell 1000 ETF","IWB","48727.14","91.99949603124606274410986518835832178405",".4283","2.5059","-1.3469","3.8481","11.4811","21.3423","Style Box - Large Cap Blend","Style Box - Large Cap Blend"
"iShares Micro-Cap ETF","IWC","1510.97","95.3878371586530407103367398224158150444",".9718","3.0139","-1.3704","7.1996","19.0427","45.8775","Style Box - Micro Cap Blend","Style Box - Micro Cap Blend"
"iShares Russell 1000 Value ETF","IWD","83780.41","97.50547783583347379066239676386313837856",".4372","3.9808","-.495","9.9495","14.9165","31.4416","Style Box - Large Cap Value","Style Box - Large Cap Value"
"iShares Russell 1000 Growth ETF","IWF","124804.59","75.50111358574610244988864142538975501114",".4679",".8737","-2.3146","-1.7511","8.0459","12.0554","Style Box - Large Cap Growth","Style Box - Large Cap Growth"
"iShares Russell Top 200 ETF","IWL","2235.09","91.45873320537428023032629558541266794626",".3923","2.2325","-1.4084","2.7158","11.5986","21.1381","Style Box - Large Cap Blend","Style Box - Large Cap Blend"
"NYLI Winslow Large Cap Growth ETF","IWLG","323.77","84.20529801324503311258278145695364238411",".5553",".5175","-2.7748",".4689","9.2487","9.27","Style Box - Large Cap Growth","Style Box - Large Cap Growth"
"iShares Russell 2000 ETF","IWM","81293.68","93.24822321663595683074493287707291392472",".7693","1.1533","-1.6815","6.4304","13.789","33.9188","Style Box - Small Cap Blend","Style Box - Small Cap Blend"
"NEOS Russell 2000 High Income ETF","IWMI","1198.97","85.47770700636942675159235668789808917197",".5553",".9619","-.937","6.3331","11.594","28.7646","Derivative Based ETF","Style Box - Small Cap Blend"
"iShares Russell 2000 Value ETF","IWN","14592.41","95.52748378286104472516217138955274837829",".4468",".8524","-1.152","7.5337","12.5389","37.0746","Style Box - Small Cap Value","Style Box - Small Cap Value"
"iShares Russell 2000 Growth ETF","IWO","14673.86","91.28053917438921651221566975568660488627","1.2388","1.52","-2.0928","5.3692","15.0849","30.9277","Style Box - Small Cap Growth","Style Box - Small Cap Growth"
"iShares Russell Mid-Cap Growth ETF","IWP","20419.99","83.22259136212624584717607973421926910299",".9912","2.8788","-2.438","4.3551","5.675","3.5215","Style Box - Mid Cap Growth","Style Box - Mid Cap Growth"
"iShares Russell Mid-Cap ETF","IWR","57293.79","94.03372243839169909208819714656290531777",".7013","3.7688","-1.2019","8.3137","10.9186","22.016","Style Box - Mid Cap Blend","Style Box - Mid Cap Blend"
"iShares Russell Mid-Cap Value ETF","IWS","15803.4","96.31220005051780752715332154584491033089",".6084","4.1041","-.8418","9.4859","12.5442","28.2149","Style Box - Mid Cap Value","Style Box - Mid Cap Value"
"iShares Russell 3000 ETF","IWV","20164.51","92.19465189111057576487593350999759094194",".4349","2.4553","-1.3627","3.989","11.5959","21.9115","Style Box - All Cap Blend","Style Box - All Cap Blend"
"iShares Russell Top 200 Value ETF","IWX","3991.97","96.76940215373189751206832528778314147791",".4293","3.943","-.3726","10.0285","15.8718","32.8272","Style Box - Large Cap Value","Style Box - Large Cap Value"
"iShares Russell Top 200 Growth ETF","IWY","15888.21","73.59460327658207516864760681015097976229",".4359",".5419","-2.2511","-2.335","8.1485","12.6688","Style Box - Large Cap Growth","Style Box - Large Cap Growth"
"iShares Global Energy ETF","IXC","2864.56","99.40054495912806539509536784741144414169","-.1878","7.6994","3.1945","5.5909","17.0078","48.5093","Energy - Broad","Energy ETFs"
"iShares Global Financials ETF","IXG","685.36","93.47096877246226339749221308202220269946","1.2443","2.6067","-1.2104","10.3814","10.9767","19.2337","Financials-Broad","Financials ETFs"
"iShares Global Healthcare ETF","IXJ","4343.04","97.66162310866574965612104539202200825309","1.1167","8.2464","4.3355","14.412","7.2136","23.7218","Healthcare - Broad","Health Care ETFs"
"iShares Global Tech ETF","IXN","9338.55","81.40039804595621494481635607020083227791",".2804","1.7288","-2.7001","3.804","29.6201","48.8623","Technology  - broad","Technology ETFs"
"iShares Global Comm Services ETF","IXP","497.3","35.02570694087403598971722365038560411311",".6917",".067","-1.2215","-5.1122","-3.5941","3.1786","Communication Services - Broad","Communication Services ETFs"
"iShares Core MSCI Total International Stock ETF","IXUS","60464.62","98.96716101694915254237288135593220338983",".7561","3.7004","-.0561","4.2554","5.9369","26.5046","Foreign Large Blend ETF","Foreign Large Blend ETF"
"iShares U.S. Consumer Discretionary ETF","IYC","1201.71","65.32818532818532818532818532818532818533",".8346","3.1594","-.7347",".7748",".6721","1.5772","Consumer Discretionary - Broad","Consumer Discretionary ETFs"
"iShares U.S. Energy ETF","IYE","1862.45","99.45676776822091444092349479402444545043","-.1778","8.3307","2.5891","7.9596","17.0786","49.441","Energy - Broad","Energy ETFs"
"iShares U.S. Financials ETF","IYF","4273.79","90.41989400733795352629433346922136159804",".9939","2.1839","-1.5402","10.6486","9.3957","12.3673","Financials-Broad","Financials ETFs"
"iShares U.S. Financial Services ETF","IYG","2181.73","91.56094870380584666298952013237727523442","1.0764","2.588","-1.4469","11.18","9.8609","12.2299","Financials-Broad","Financials ETFs"
"iShares U.S. Healthcare ETF","IYH","3816.85","97.51972942502818489289740698985343855693","1.2469","9.5966","4.586","18.8848","13.2177","29.4691","Healthcare - Broad","Health Care ETFs"
"iShares U.S. Industrials ETF","IYJ","1910.37","83.97415185783521809369951534733441033926",".561","1.7399","-2.7999","6.5257","2.1474","15.497","Industrials  - Broad","Industrials ETFs"
"iShares U.S. Consumer Staples ETF","IYK","1420.87","81.30539887187751813053988718775181305399",".4535","1.6739",".6414","4.4651",".8264","7.8162","Consumer Staples - Broad","Consumer Staples ETFs"
"iShares U.S. Basic Materials ETF","IYM","1018.32","100","2.5113","11.2936","3.721","8.4417","6.5107","35.1742","Materials  - Broad","Materials ETFs"
"iShares U.S. Real Estate ETF","IYR","4599.84","82.73037542662116040955631399317406143345","-.0477","-.7487","-.3141","2.6131","4.9487","11.4621","Real Estate   - REITs","Real Estate ETFs"
"NEOS Real Estate High Income ETF","IYRI","314.46","65.625","-.121",".0768",".0162","3.2622","3.933","10.0149","Derivative Based ETF","Real Estate ETFs"
"iShares U.S. Transportation ETF","IYT","2247.33","86.37402834933699131229995427526291723823",".881","-1.7165","-.4632","7.1457","6.1305","24.7893","Industrials  - Transportation/Shipping","Industrials ETFs"
"iShares U.S. Technology ETF","IYW","24865.1","85.31419974539983798171507927323226478417",".1823","1.1454","-3.229","3.0164","28.2287","38.5815","Technology  - broad","Technology ETFs"
"iShares Dow Jones U.S. ETF","IYY","3028.7","91.95026543727298127968706342553785973736",".5161","2.4655","-1.3245","3.7305","11.8034","21.4934","Style Box - All Cap Blend","Style Box - All Cap Blend"
"iShares U.S. Telecommunications ETF","IYZ","1247.01","80.49597855227882037533512064343163538874","1.1278","5.4127","-1.7576","-2.2544","11.0487","43.2301","Communication Services - Broad","Communication Services ETFs"
"Janus Henderson AAA CLO ETF","JAAA","30022.79","66.66666666666666666666666666666666666667",".0395",".5323",".1383","1.1994","2.1756","4.7448","Asset Backed - MBS","Mortgage-Backed Security ETFs"
"Innovator Equity Defined Protection ETF - 6 Mo Jan/Jul","JAJL","280.77","97.8021978021978021978021978021978021978",".0994",".7165","-.1322","1.6482","3.4046","6.4834","Derivative Based ETF","Defined Outcome"
"AllianzIM U.S. Equity Buffer20 Jan ETF","JANW","350.44","98.92617449664429530201342281879194630872",".1273","1.2073","-.1016","2.3135","5.6287","10.8714","Derivative Based ETF","Defined Outcome"
"JPMorgan Active Value ETF","JAVA","7198.04","94.967046135410425404433792690233672858",".5208","3.53","-1.0019","9.1488","9.1414","25.7876","Style Box - All Cap Value","Style Box - All Cap Value"
"Janus Henderson B-BBB CLO ETF","JBBB","1465.07","49.10025706940874035989717223650385604113",".1474",".6046",".4011","1.8697","2.9693","4.3626","Asset Backed - MBS","Mortgage-Backed Security ETFs"
"JPMorgan Active Bond ETF","JBND","8602.27","2.5316455696202531645569620253164556962","-.1138","-.0714","-.0569",".2535","-1.5256","2.8979","Total Bond Market - Broad","Total Bond Market ETFs"
"JPMorgan Core Plus Bond ETF","JCPB","14468.35","3.88349514563106796116504854368932038835","-.1082","-.0632","-.119",".2542","-1.2927","3.279","Total Bond Market - Broad","Total Bond Market ETFs"
"JPMorgan Inflation Managed Bond ETF","JCPI","883.92","10.38888888888888888888888888888888888889","-.2377",".0756","-.1116","-.0251","-.0488","2.3219","Derivative Based ETF","Inflation-Protected Bond ETFs"
"John Hancock Disciplined Value International Select ETF","JDVI","787.9","100","1.2289","6.539","1.4793","5.9668","5.6452","30.8339","Foreign Large Value ETF","Foreign Large Value ETF"
"John Hancock Disciplined Value Select ETF","JDVL","899.78","97.46710060846186500636762416867128909014",".6853","3.2464","-.2304","9.6105","11.7262","30.2642","Style Box - Large Cap Value","Style Box - Large Cap Value"
"JPMorgan ActiveBuilders Emerging Markets Equity ETF","JEMA","1687.14","81.8056449388618185161349636848395697343",".8026","2.6259",".7537","2.2419","9.5989","40.4012","Geographic - Broad Emerging Markets","Broad Emerging Market ETFs"
"Janus Henderson Emerging Markets Debt Hard Currency ETF","JEMB","375.89","44.86543909348441926345609065155807365439","-.0938",".1199",".0488","1.8734",".9329","8.5306","International - Emerging Market","Emerging Market Bond ETFs"
"JPMorgan Equity Premium Income ETF","JEPI","46087.98","57.29847494553376906318082788671023965142",".3465","2.9436","-.1724","5.3192","1.3321","9.8808","Derivative Based ETF","Style Box - Large Cap Blend"
"JPMorgan Nasdaq Equity Premium Income ETF","JEPQ","41169.88","78.93368010403120936280884265279583875163",".3017","1.5004","-1.1399","2.7217","9.0362","20.7921","Derivative Based ETF","Style Box - Large Cap Growth"
"U.S. Global Jets ETF","JETS","785.63","59.9595551061678463094034378159757330637","1.0595","-3.081","-6.3054","9.5185",".3393","18.5646","Industrials  - Transportation/Shipping","Industrials ETFs"
"JPMorgan Flexible Debt ETF","JFLX","1542.9","32.85714285714285714285714285714285714286",".0201",".1535","-.1602",".8943",".5851","0","Total Bond Market - Broad","Total Bond Market ETFs"
"JPMorgan Global Select Equity ETF","JGLO","6645.72","89.24351966143537295009698465879033680127",".5748","2.697","-1.3822","3.58","5.3771","11.0792","Global Large-Cap Blend Equity ETF","Global Large-Cap Blend Equity ETF"
"JPMorgan Active Growth ETF","JGRO","10126.26","70.56204785754034501947690595436839176405",".5014","-.4859","-2.6555","-2.9063","5.2626","7.5524","Style Box - Large Cap Growth","Style Box - Large Cap Growth"
"John Hancock Core Plus Bond ETF","JHCP","276.97","1.65289256198347107438016528925619834711","-.4026","-.2391","-.3223",".136","-1.6979","2.8263","Total Bond Market - Broad","Total Bond Market ETFs"
"John Hancock Core Bond ETF","JHCR","2518.41","5.71428571428571428571428571428571428571","-.1963","-.1626","-.1203",".2681","-1.3223","2.7966","Total Bond Market - Broad","Total Bond Market ETFs"
"John Hancock Multifactor Emerging Markets ETF","JHEM","1028.23","81.81363977017237072195853110167374469148",".2015","2.2097",".1914","2.213","7.6539","35.2177","Geographic - Broad Emerging Markets","Broad Emerging Market ETFs"
"John Hancock Global Senior Loan ETF","JHLN","641.65","38.81578947368421052631578947368421052632","0",".7545","-.1013","1.3851","2.1589","0","Corporates - Bank Loan","High-Yield/Junk Bond ETFs"
"John Hancock Mortgage-Backed Securities ETF","JHMB","205.46","11","-.0692","-.0017","-.0461",".4929","-1.2846","3.9368","Asset Backed - MBS","Mortgage-Backed Security ETFs"
"John Hancock Multifactor Developed International ETF","JHMD","968.1","94.69230769230769230769230769230769230769",".6204","3.9113","-.3523","4.7005","3.642","20.5418","Geographic - EAFE","Broad Developed World ETFs"
"John Hancock Multifactor Large Cap ETF","JHML","1173.16","91.6168748868368640231758102480535940612",".4625","2.3389","-1.3987","4.794","10.7064","22.2428","Style Box - Large Cap Blend","Style Box - Large Cap Blend"
"John Hancock Multifactor Mid Cap ETF","JHMM","6102.28","90.87353324641460234680573663624511082138",".5028","2.8993","-1.81","5.9302","6.7908","22.1212","Style Box - Mid Cap Blend","Style Box - Mid Cap Blend"
"John Hancock Preferred Income ETF","JHPI","218.3","2.08333333333333333333333333333333333333","-.1111","-.5126","-.4869",".0157","-1.0053","3.6989","Corporates - Convertible","Convertibles/CEFs/OET/Preferred Stock ETFs"
"John Hancock Multifactor Small Cap ETF","JHSC","730.99","91.00841148602919849173353959199458571014",".5889","1.1347","-1.8619","6.6083","6.6083","22.4458","Style Box - Small Cap Blend","Style Box - Small Cap Blend"
"JPMorgan International Growth ETF","JIG","518.17","79.53746740732343271737898197483278539848",".591","2.4684","-1.3333","3.2141","5.1136","18.8813","Foreign Large Growth ETF","Foreign Large Growth ETF"
"JPMorgan International Research Enhanced Equity ETF","JIRE","11234.34","95.7577830995552514539856312008210742388",".8391","3.4433","-.6405","5.581","3.9854","20.8381","Geographic - EAFE","Broad Developed World ETFs"
"JPMorgan International Value ETF","JIVE","3738.11","100",".8949","4.3122",".4403","6.1615","7.5136","33.3923","Foreign Large Value ETF","Foreign Large Value ETF"
"Janus Henderson Mortgage-Backed Securities ETF","JMBS","6728.93","11.06194690265486725663716814159292035398","-.2473","-.0844","-.1463",".1109","-1.513","4.0981","Asset Backed - MBS","Mortgage-Backed Security ETFs"
"JPMorgan Small & Mid Cap Enhanced Equity ETF","JMEE","2936.84","89.44881889763779527559055118110236220472",".5944","1.4068","-2.5169","6.8488","9.849","27.6857","Style Box - All Cap Blend","Style Box - All Cap Blend"
"JPMorgan U.S. Momentum Factor ETF","JMOM","2631.58","87.77147329289767168851496771668949324985",".6915",".8383","-2.8672","4.3977","17.2237","29.5072","Style Box - All Cap Growth","Style Box - All Cap Growth"
"JPMorgan Mortgage-Backed Securities ETF","JMTG","6904.39","7.54716981132075471698113207547169811321","-.1595",".2878","-.0997",".5962","-1.0252","4.0017","Asset Backed - MBS","Mortgage-Backed Security ETFs"
"State Street SPDR Bloomberg High Yield Bond ETF","JNK","6615.27","34.2776203966005665722379603399433427762",".1044",".5184","-.1042","1.3005","1.4417","5.7818","Corporates - Junk/High Yield","High-Yield/Junk Bond ETFs"
"Direxion Daily Junior Gold Miners Index Bull 2X ETF","JNUG","632.57","42.58694561315474582159261975527849615934","5.1189","79.9274","24.4725","24.816","-29.2752","122.8654","Derivative Based ETF","Leveraged Equity ETFs"
"Virtus Terranova U.S. Quality Momentum ETF","JOET","246.74","87.86425230843026741815565415517448135268",".3426","2.2266","-2.14","7.021","8.0757","13.2453","Style Box - Large Cap Blend","Style Box - Large Cap Blend"
"JPMorgan Equity Focus ETF","JPEF","2007.98","88.15829996920234062211271943332306744687",".4418","1.5306","-1.8546","2.1512","7.2643","13.8481","Style Box - All Cap Blend","Style Box - All Cap Blend"
"JPMorgan Diversified Return Emerging Markets Equity ETF","JPEM","392.64","89.7826995403259506895110739657333890514","1.14","3.5937","1.9061","4.643",".9495","19.2722","Geographic - Broad Emerging Markets","Broad Emerging Market ETFs"
"JPMorgan Active High Yield ETF","JPHY","2244.28","35.13129879347054648687012065294535131299",".0798",".452","-.1394","1.0488","2.0844","5.7316","Corporates - Junk/High Yield","High-Yield/Junk Bond ETFs"
"JPMorgan International Bond Opportunities ETF","JPIB","2156.68","23.52941176470588235294117647058823529412",".0836",".2642","-.1148",".9161","-.7755","3.2667","Derivative Based ETF","Total Bond Market ETFs"
"JPMorgan Income ETF","JPIE","10573.47","18.18181818181818181818181818181818181818","0",".4472","-.0872","1.2213","1.2732","4.6044","Derivative Based ETF","Total Bond Market ETFs"
"JPMorgan Diversified Return International Equity ETF","JPIN","374.48","100",".8453","4.4762",".6885","4.9208","2.7496","21.6533","Foreign Large Value ETF","Foreign Large Value ETF"
"JPMorgan Limited Duration Bond ETF","JPLD","3977.03","17.44186046511627906976744186046511627907","-.0384",".4847","-.0384","1.0499",".9818","3.8336","Total Bond Market - Broad","Total Bond Market ETFs"
"JPMorgan Diversified Return U.S. Mid Cap Equity ETF","JPME","475.12","95.10616784630940343781597573306370070779",".3371","2.4725","-.9366","6.6815","8.2155","22.6328","Style Box - Mid Cap Blend","Style Box - Mid Cap Blend"
"JPMorgan Realty Income ETF","JPRE","480.85","81.85993111366245694603903559127439724455","-.0561","-1.2754","-.2987","2.5945","6.4403","15.0126","Real Estate   - REITs","Real Estate ETFs"
"JPMorgan Preferred and Income Securities ETF","JPRF","2275.81","31.57894736842105263157894736842105263158",".0201","-.1942","-.0703","0","0","0","Corporates - Convertible","Convertibles/CEFs/OET/Preferred Stock ETFs"
"JPMorgan Diversified Return U.S. Small Cap Equity ETF","JPSE","597.88","91.36186207893595489374006071996530287697",".48","-.0582","-1.9504","5.4662","9.7247","27.521","Style Box - Small Cap Blend","Style Box - Small Cap Blend"
"JPMorgan Ultra-Short Income ETF","JPST","40724.18","34.21052631578947368421052631578947368421",".0198",".435",".0594",".9877","1.6222","3.9583","Ultra short Bond ETF","Ultra short Bond ETF"
"JPMorgan Diversified Return U.S. Equity ETF","JPUS","465.62","97.59335118953836458169213801796124153143",".3906","2.7193","-.4198","7.0068","7.644","21.8315","Style Box - Large Cap Blend","Style Box - Large Cap Blend"
"JPMorgan U.S. Quality Factor ETF","JQUA","8623.91","95.18922386144964720974983964079538165491",".6327","3.8194","-.6645","8.5903","17.1091","23.7409","Style Box - All Cap Blend","Style Box - All Cap Blend"
"JPMorgan Short Duration Core Plus ETF","JSCP","1783.16","11.32075471698113207547169811320754716981","-.0852",".4157","-.0852",".8601",".3959","3.405","Short-Term Bond ETF","Short-Term Bond ETF"
"Janus Henderson Securitized Income ETF","JSI","1541.33","6.57894736842105263157894736842105263158","-.0822",".1654","-.1564",".8374",".174","2.7977","Asset Backed - MBS","Mortgage-Backed Security ETFs"
"Janus Henderson Small/Mid Cap Growth Alpha ETF","JSMD","1076.27","75.8881566119408805521974807939788636275",".6842","-2.1333","-2.7431","3.1977","10.641","19.1689","Style Box - Small Cap Growth","Style Box - Small Cap Growth"
"Janus Henderson Small Cap Growth Alpha ETF","JSML","373.27","90.1594515482976428901556000616237867817","1.486",".6117","-2.1297","8.2798","19.2251","29.5262","Style Box - Small Cap Growth","Style Box - Small Cap Growth"
"Adasina Social Justice All Cap Global ETF","JSTC","302.81","94.3187066974595842956120092378752886836",".4534","2.6916","-1.035","6.0687","10.6848","16.3657","Strategy - Socially Responsible","World ETFs"
"JPMorgan U.S. Tech Leaders ETF","JTEK","4392.35","67.61718203442003637890023786204001679026","1.2353","-.4976","-3.5594","-3.2636","17.4163","20.5595","Technology  - broad","Technology ETFs"
"Aptus Enhanced Yield Etf","JUCY","333.91","29.52380952380952380952380952380952380952",".1361",".852",".1816","1.3263","3.1078","7.4313","US Treasury - Intermediate Term","Government Bond ETFs"
"AllianzIM U.S. Equity Buffer20 Jul ETF","JULW","250.78","95.26117393645665051157781367797522886376",".218","1.1863","-.4021","2.1481","5","9.7726","Derivative Based ETF","Defined Outcome"
"AllianzIM U.S. Equity Buffer20 Jun ETF","JUNW","372.8","92.01520912547528517110266159695817490494",".1726","1.2504","-.5853","1.2651","3.5016","7.8386","Derivative Based ETF","Defined Outcome"
"JPMorgan U.S. Research Enhanced Large Cap ETF","JUSA","698.96","90.81222977146386658431130327362569487338",".3887","2.1327","-1.6262","3.3586","10.7573","20.7416","Style Box - Large Cap Blend","Style Box - Large Cap Blend"
"Goldman Sachs JUST U.S. Large Cap Equity ETF","JUST","570.87","92.47924838091763203502690869287603758095",".3598","2.9518","-1.3025","4.1157","13.1487","23.1492","Strategy - Socially Responsible","Style Box - Large Cap Growth"
"JPMorgan U.S. Value Factor ETF","JVAL","924.61","93.32516005993733823729737093039095491078",".6411","3.165","-1.4213","8.2241","15.5192","33.0416","Style Box - All Cap Value","Style Box - All Cap Value"
"iShares Global Utilities ETF","JXI","306.77","49.17547023962896160783303272352486472559","-1.6886","-3.6297","-2.0548","-3.3398","-4.422","9.5968","Utilities  - Broad","Utilities/Infrastructure ETFs"
"Innovator U.S. Small Cap Power Buffer ETF - April","KAPR","218.15","98.47171197648787656135194709772226304188",".3034","1.1638","-.2572","4.2411","12.7908","21.3783","Derivative Based ETF","Defined Outcome"
"Scharf ETF","KAT","675.78","100",".8823","5.0466",".5739","6.849","4.0333","0","Global Large-Cap Blend Equity ETF","Global Large-Cap Blend Equity ETF"
"State Street SPDR S&P Bank ETF","KBE","1729.37","82.32810615199034981905910735826296743064",".1749","-1.1646","-4.0882","8.8732","5.9624","21.0875","Financials - Banking","Financials ETFs"
"Invesco KBW Bank ETF","KBWB","6693.36","84.42999234889058913542463657230298393267",".8863","-1.2802","-4.0827","11.6062","10.9126","32.1026","Financials - Banking","Financials ETFs"
"Invesco KBW High Dividend Yield Financial ETF","KBWD","415.39","23.27272727272727272727272727272727272727",".159","2.7732","-1.1765","3.1538","-1.1483","3.0648","Financials-Broad","Financials ETFs"
"Invesco KBW Property & Casualty Insurance ETF","KBWP","284.71","76.60437021121336198159484331292820367292",".2708","1.1097",".4715","10.9696","9.3311","11.6746","Financials - Insurance","Financials ETFs"
"Invesco KBW Premium Yield Equity REIT ETF","KBWY","314.33","78.46153846153846153846153846153846153846","-.2074","-3.4337","1.2798","6.7435","15.9612","25.0496","Real Estate   - REITs","Real Estate ETFs"
"State Street SPDR S&P Capital Markets ETF","KCE","473.3","99.78430843893232677271501752493933674845","2.1437","7.5923",".7543","11.9247","17.0577","13.4957","Financials - Brokers/ Capital markets","Financials ETFs"
"Kensington Hedged Premium Income ETF","KHPI","425.72","81.66666666666666666666666666666666666667",".0385",".3184","-1.4405","2.3957","5.0249","11.3875","Style Box - Large Cap Blend","Derivative Based ETF"
"State Street SPDR S&P Insurance ETF","KIE","701.52","76.43410852713178294573643410852713178295",".3323","-.424","-1.3074","9.9249","10.7677","9.2603","Financials - Insurance","Financials ETFs"
"Innovator U.S. Small Cap Power Buffer ETF - January","KJAN","327.11","98.84636264929424538545059717698154180239",".2487","1.2893","-.1831","4.1737","8.168","20.2803","Derivative Based ETF","Defined Outcome"
"Innovator U.S. Small Cap Power Buffer ETF - July","KJUL","228.82","94.43093385214007782101167315175097276265",".5143","1.0937","-.6651","1.7221","5.2178","14.2285","Derivative Based ETF","Defined Outcome"
"Invesco MSCI North America Climate ETF","KLMN","2230.76","92.77227722772277227722772277227722772277",".5252","2.6955","-1.2074","4.0099","12.5566","22.484","Strategy - Socially Responsible","Style Box - Large Cap Blend"
"Invesco MSCI Global Climate 500 ETF","KLMT","1595.54","94.46603450956008083320379294263951500078",".6844","2.6396","-.5997","4.533","10.6061","23.1613","Strategy - Socially Responsible","World ETFs"
"KraneShares Mount Lucas Managed Futures Index Strategy ETF","KMLM","391.82","81.32118451025056947608200455580865603645",".3762","-.3057",".7207",".5481","10.09","14.5069","Derivative Based ETF","Hedge Fund ETFs"
"FT Vest S&P 500 Dividend Aristocrats Target Income ETF","KNG","3476.83","78.67203219315895372233400402414486921529","-.2116","4.0645","-.3649","9.1516","3.349","11.992","Derivative Based ETF","Style Box - Large Cap Growth"
"KraneShares Global Humanoid Robotics and Physical AI Index ETF","KOID","313.1","58.74352331606217616580310880829015544041",".7373","-1.2845","-5.9408","-9.5612","1.3462","28.986","Artificial Intelligence and Robotics ETF","Artificial Intelligence and Robotics ETF"
"Xtrackers MSCI Kokusai Equity ETF","KOKU","809.25","94.00993433237918841555817477689846775551",".5689","2.9369","-.8681","4.2005","10.2161","21.5595","Global Large-Cap Blend Equity ETF","Global Large-Cap Blend Equity ETF"
"State Street SPDR S&P Kensho New Economies Composite ETF","KOMP","2733.77","68.63966770508826583592938733125649013499",".9182","3.0664","-3.0795",".1628","10.0972","24.3418","Geographic - Global Total Market","World ETFs"
"American Century Diversified Corporate Bond ETF","KORP","914.71","2.89256198347107438016528925619834710744","-.0872","-.2026","-.2178","-.0868","-1.788","2.7055","Corporates- Intermediate Term","Investment Grade Corporate Bond ETFs"
"Direxion Daily MSCI South Korea Bull 3X ETF","KORU","1515.57","27.74525083189419148308832820858430563161",".1476","-6.3046","-5.7407","-51.466","-22.3483","436.3279","Derivative Based ETF","Leveraged Equity ETFs"
"State Street SPDR S&P Regional Banking ETF","KRE","4363.26","84.48711470439615967660434562910560889338",".2008","-1.4741","-3.9394","8.7657","5.203","23.7409","Financials - Regional Banks","Financials ETFs"
"iShares MSCI Saudi Arabia ETF","KSA","631.12","47.69230769230769230769230769230769230769",".1569","3.9338","1.2688",".603",".7072","3.6971","Geographic - Middle East","Africa-Middle East Equity ETFs"
"KraneShares China Technology & Semiconductor STAR 50 Index ETF","KSTR","390.93","45.20460358056265984654731457800511508951","-.5437","-12.6057","-3.958","-8.1144","12.5414","49.5597","Geographic - China","Asia-Pacific (Emerging) ETFs"
"KraneShares CSI China Internet ETF","KWEB","5283.29","15.69135163127912998446400828586224754013","-.1124","-1.3323","-1.2958","-3.5107","-18.4709","-23.1118","Geographic - China","Asia-Pacific (Emerging) ETFs"
"iShares Global Consumer Staples ETF","KXI","1077.49","56.21011291114383897889052528227785959745",".6848","1.1713","-.461","1.2152","-3.2524","6.0363","Consumer Staples - Broad","Consumer Staples ETFs"
"Direxion Daily S&P Biotech Bull 3X ETF","LABU","663.02","91.13029541398025716679415728699959931519","4.0307","19.2347","14.7031","76.5852","94.3747","356.1532","Derivative Based ETF","Leveraged Equity ETFs"
"First Trust Multi-Strategy Alternative ETF","LALT","326.56","82.72458045409674234945705824284304047384",".5745","1.281",".802","-.7721","4.3747","16.193","Absolute Returns ","Hedge Fund ETFs"
"Principal Capital Appreciation Select ETF","LCAP","1855.25","88.96791767554479418886198547215496368039",".323",".1732","-1.8203","2.5306","10.5007","22.2149","Style Box - All Cap Blend","Style Box - All Cap Blend"
"iShares World ex U.S. Carbon Transition Readiness Aware Active ETF","LCTD","292.79","98.23458016109456030012137261392474897937",".6827","4.0792","-.1569","5.2299","3.4471","19.7649","Foreign Large Blend ETF","Foreign Large Blend ETF"
"iShares U.S. Carbon Transition Readiness Aware Active ETF","LCTU","1240.28","91.78433889602053915275994865211810012837",".4042","2.4854","-1.2749","4.3273","11.3164","20.1188","Style Box - All Cap Blend","Style Box - All Cap Blend"
"iShares iBonds 1-5 Year Treasury Ladder ETF","LDRT","223.32","13.04347826086956521739130434782608695652","-.04",".3569","-.1599",".4999",".2596","2.7275","US Treasury - Mid Term","Government Bond ETFs"
"SGI Enhanced Market Leaders ETF","LDRX","250.97","91.77914110429447852760736196319018404908",".4798","2.0416","-1.2066","2.065","12.672","22.4292","Style Box - Large Cap Blend","Derivative Based ETF"
"PIMCO Enhanced Low Duration Active ETF","LDUR","1347.61","22.73391812865497076023391812865497076023","-.0314",".5355","-.0419",".9954","1.0697","3.8421","Total Bond Market - Broad","Total Bond Market ETFs"
"iShares J.P. Morgan EM Local Currency Bond ETF","LEMB","725.59","100",".3357","2.4953",".662","3.8462","1.3921","9.5501","Sovereign - Broad Market","Emerging Market Bond ETFs"
"SEI High Yield Bond & Alternative Credit ETF","LEND","1020.89","12.40506329113924050632911392405063291139",".0966","-.4093","-.1445","55.1704","55.1704","55.1704","Corporates - Junk/High Yield","High-Yield/Junk Bond ETFs"
"JPMorgan Fundamental Data Science Large Growth ETF","LGDS","1122.12","69.77369482410934349092538651131525879453",".4721",".3757","-2.4777","0","0","0","Style Box - Large Cap Growth","Style Box - Large Cap Growth"
"HCM Defender 500 Index ETF","LGH","589.42","86.46826110411796439489300485524186297429",".6047","2.8681","-1.9101","3.6318","6.3294","16.8334","Moderate Allocation ","Total Portfolio ETFs"
"State Street SPDR US Large Cap Low Volatility Index ETF","LGLV","1222.71","87.58337609030271934325295023088763468445",".2339","2.4227","-.3119","5.8277","2.1846","8.3923","Style Box - Large Cap Blend","Style Box - Large Cap Blend"
"Global X Lithium & Battery Tech ETF","LIT","1600.09","66.83605832965090587715422006186478126381","2.7219","10.9004","1.8344","-8.8233","5.2173","71.1712","Materials  - Rare Earth/Lithium","Materials ETFs"
"Tradr 2X Long LITE Daily ETF","LITX","270.87","38.62226575253019915115899444988573294156","-2.7063","-5.8215","-13.9734","-39.5349","-7.0628","0","Derivative Based ETF","Single Stock ETF"
"First Trust Low Duration Opportunities ETF","LMBS","6434.96","15.74074074074074074074074074074074074074","-.3621",".3432","-.312",".8464",".557","4.4985","Asset Backed - MBS","Mortgage-Backed Security ETFs"
"PIMCO Senior Loan Active Exchange-Traded Fund","LONZ","599.13","14.16011105969458583988894030541416011106",".122",".6906",".2055","1.535","2.7789","5.6811","Corporates - Bank Loan","High-Yield/Junk Bond ETFs"
"Innovator Deepwater Frontier Tech ETF","LOUP","213.36","77.88768704814212856582413271310878215547","1.2711","2.5017","-4.5015","5.6099","19.8373","47.2494","Technology  - broad","Technology ETFs"
"AB US Low Volatility Equity ETF","LOWV","208.48","91.56769596199524940617577197149643705463",".2914","3.1143","-.7194","3.9355","7.8809","10.8059","Style Box - All Cap Blend","Style Box - All Cap Blend"
"iShares iBoxx $ Investment Grade Corporate Bond ETF","LQD","33811.93","3.04709141274238227146814404432132963989","-.132","-.4421","-.1885","-.9223","-2.8352","1.4056","Corporates - Investment Grade","Investment Grade Corporate Bond ETFs"
"iShares Interest Rate Hedged Corporate Bond ETF","LQDH","540.72","45.09803921568627450980392156862745098039",".1406",".5491",".2165",".534","2.1489","5.3212","Corporates - Investment Grade","Investment Grade Corporate Bond ETFs"
"iShares Investment Grade Corporate Bond BuyWrite Strategy ETF","LQDW","318.01","3.7037037037037037037037037037037037037","-.0857","-.039","-.0429",".4007","-.6962","3.5632","Derivative Based ETF","Investment Grade Corporate Bond ETFs"
"FT Vest Investment Grade & Target Income ETF","LQTI","264.23","2.61780104712041884816753926701570680628","-.1067","-.1519","-.3195","-.4735","-2.2277",".9454","Derivative Based ETF","Derivative Based ETF"
"AB US Large Cap Strategic Equities ETF","LRGC","1333.78","89.92744860943168077388149939540507859734",".3068","1.9296","-1.5355","4.1811","10.7868","17.8396","Style Box - Large Cap Blend","Style Box - Large Cap Blend"
"ClearBridge Large Cap Growth Select ETF","LRGE","376.45","87.56213220590755870422213334856881677427",".7208","2.5505","-1.858","2.1263","11.1187","11.1749","Style Box - Large Cap Growth","Style Box - Large Cap Growth"
"iShares U.S. Equity Factor ETF","LRGF","3664.14","90.86727989487516425755584756898817345598",".4251","2.3231","-1.6029","4.7908","12.7833","19.6719","Style Box - All Cap Value","Style Box - All Cap Value"
"Nomura Focused Large Growth ETF","LRGG","301.36","83.33333333333333333333333333333333333333",".4231","5.4971","-.5697","5.2128","10.1173",".4741","Style Box - Large Cap Growth","Style Box - Large Cap Growth"
"NYLI U.S. Large Cap R&D Leaders ETF","LRND","409.18","88.56579173100017155601303825699090753131",".4785","3.5461","-1.8214","3.7692","16.2699","23.8165","Style Box - Large Cap Blend","Style Box - Large Cap Blend"
"Natixis Loomis Sayles Focused Growth ETF","LSGR","902.18","83.66348448687350835322195704057279236277",".8205","5.4821","-.6204","-.5301","7.0685","6.6865","Style Box - All Cap Growth","Style Box - All Cap Growth"
"LSV Disciplined Value ETF","LSVD","664.66","95.56501869547154133776485251350228500208",".5851","3.6851","-.8569","6.4742","17.4677","35.9232","Style Box - Large Cap Value","Style Box - Large Cap Value"
"PIMCO 15+ Year U.S. TIPS Index ETF","LTPZ","802.75","7.70234986945169712793733681462140992167","-1.118","-1.0263",".1888","-1.7353","-5.6319","-.6223","US Treasury - TIPS","Inflation-Protected Bond ETFs"
"Franklin U.S. Low Volatility High Dividend Index ETF","LVHD","628.13","77.09803921568627450980392156862745098039","-.3794",".415","-.9264","4.1969","2.2122","11.7365","Style Box - Large Cap Value","Style Box - Large Cap Value"
"Franklin International Low Volatility High Dividend Index ETF","LVHI","5708.35","99.54022988505747126436781609195402298851",".5615","2.1874",".28","4.7706","6.8221","28.2663","Foreign Large Value ETF","Foreign Large Value ETF"
"Roundhill Photonics & Optics ETF","LYTE","329.01","22.04724409448818897637795275590551181102","1.0693","0","-5.1654","0","0","0","Technology  - Semiconductors","Technology ETFs"
"Roundhill Magnificent Seven ETF","MAGS","4163.23","76.46302250803858520900321543408360128617",".583",".4929","-1.4357","-3.1942","7.476","15.2449","Derivative Based ETF","Technology ETFs"
"AllianzIM U.S. Equity Buffer10 May ETF","MAYT","237.05","94.86480345376050897523290161326971142922",".2268","1.6073","-.5527","2.6433","6.6974","12.2231","Derivative Based ETF","Defined Outcome"
"AllianzIM U.S. Equity Buffer20 May ETF","MAYW","450.45","96.42857142857142857142857142857142857143",".1418","1.1458","-.2824","2.0225","4.4922","8.5326","Derivative Based ETF","Defined Outcome"
"iShares MBS ETF","MBB","39092.7","9.54653937947494033412887828162291169451","-.1929",".055","-.0858",".2471","-1.2689","3.914","Asset Backed - MBS","Mortgage-Backed Security ETFs"
"Monarch Blue Chips Elite Index ETF","MBCE","200.64","56.06752456067524560675245606752456067525",".5521","1.2836","-2.4547","0","0","0","Style Box - Large Cap Blend","Style Box - Large Cap Blend"
"Regan Floating Rate MBS ETF","MBSF","245.34","74.35897435897435897435897435897435897436",".0779",".2825",".1558","1.3184","1.8706","4.9255","Asset Backed - MBS","Mortgage-Backed Security ETFs"
"iShares MSCI China ETF","MCHI","6283.73","31.37492428831011508176862507571168988492",".2702","3.0741","1.8854",".1095","-8.1769","-5.4062","Geographic - China","Asia-Pacific (Emerging) ETFs"
"Myriad Dynamic Asset Allocation ETF","MDAA","451.53","81.99515116942384483742156303479749001711",".9824","2.2113","-.1452","1.6915","6.4403","0","Moderate Allocation ","Total Portfolio ETFs"
"Multi-Asset Diversified Income ETF","MDIV","434.69","89.37269372693726937269372693726937269373","-.674",".8876","-.7561","3.307","4.8348","12.0475","Multi-Asset - Total Portfolio","Total Portfolio ETFs"
"Westwood Salient Enhanced Midstream Income ETF","MDST","293.37","84.4976076555023923444976076555023923445","-.685","-.2523","-1.2317",".4169","7.8864","20.6987","Energy - MLP","MLP ETFs"
"State Street SPDR S&P MIDCAP 400 ETF Trust","MDY","26574.81","88.32613973563528459670892905314270299434",".4783","1.3282","-2.4145","5.4194","6.7124","21.93","Style Box - Mid Cap Blend","Style Box - Mid Cap Blend"
"State Street SPDR S&P 400 Mid Cap Growth ETF","MDYG","2902.23","86.82170542635658914728682170542635658915",".4329","1.7262","-2.9759","4.3601","8.6432","25.1231","Style Box - Mid Cap Growth","Style Box - Mid Cap Growth"
"State Street SPDR S&P 400 Mid Cap Value ETF","MDYV","2835.17","90.53521126760563380281690140845070422535",".5991",".9919","-1.725","6.8719","5.0062","19.4295","Style Box - Mid Cap Value","Style Box - Mid Cap Value"
"Direxion Daily META Bull 2X ETF","METU","405.22","1.43837855508336057535142203334423014057","1.3282","-29.031","-13.5505","-24.4959","-39.0232","-56.4305","Derivative Based ETF","Single Stock ETF"
"Roundhill Ball Metaverse ETF","METV","217.41","76.82119205298013245033112582781456953642",".7606","4.469","2.7936","5.1879","19.6267","7.8206","Technology  - broad","Technology ETFs"
"PIMCO RAFI Dynamic Multi-Factor International Equity ETF","MFDX","467.32","98.15859815859815859815859815859815859816",".8144","3.4691","-.1445","3.1727","2.3289","19.8204","Foreign Large Blend ETF","Foreign Large Blend ETF"
"MFS Active Core Plus Bond ETF","MFSB","539.75","8","-.0649","-.057","-.0609",".3696","-1.0136","3.2181","Total Bond Market - Broad","Total Bond Market ETFs"
"MFS Active Growth ETF","MFSG","373.12","87.24293059125964010282776349614395886889",".6365","1.2129","-2.3407",".2336","9.595","11.1268","Style Box - Large Cap Growth","Style Box - Large Cap Growth"
"MFS Active International ETF","MFSI","1202.65","97.45454545454545454545454545454545454545",".7761","3.501","-.1479","5.0136","5.6047","18.1385","Foreign Large Blend ETF","Foreign Large Blend ETF"
"MFS Active Value ETF","MFSV","566.51","91.70212765957446808510638297872340425532",".0674","1.7833","-1.297","7.9163","6.4167","17.1056","Style Box - Large Cap Value","Style Box - Large Cap Value"
"PIMCO RAFI Dynamic Multi-Factor U.S. Equity ETF","MFUS","306.03","93.46113835636795957794620300193193639471",".7246","1.7973","-1.3018","4.7738","10.5826","24.2992","Style Box - All Cap Blend","Style Box - All Cap Blend"
"Vanguard Morningstar Mega Cap ETF","MGC","10219.11","91.65164082221420843851424450054093040029",".3582","2.1849","-1.3835","2.7409","12.3222","22.14","Style Box - Large Cap Blend","Style Box - Large Cap Blend"
"Vanguard Morningstar Mega Cap Growth ETF","MGK","33075.98","85.44143806759666697874730830446587398184",".3837","1.4716","-1.9511",".2742","14.1489","17.9844","Style Box - Large Cap Growth","Style Box - Large Cap Growth"
"American Beacon GLG Natural Resources ETF","MGNR","950.88","96.73791323822970933346316763230926530016","2.0341","14.0516","5.6005","5.3112","6.0805","61.1333","Materials  - Broad","Materials ETFs"
"Vanguard Morningstar Mega Cap Value ETF","MGV","13621.14","98.07857757384571264697447662747347289934",".5801","3.4192","-.3968","8.4652","10.9346","28.1943","Style Box - Large Cap Value","Style Box - Large Cap Value"
"MIG Core ETF","MIGO","766.8","89.6983810157462852073630516744289199379",".6158","2.013","-2.4024","5.6911","0","0","Style Box - Large Cap Blend","Style Box - Large Cap Blend"
"PIMCO Enhanced Short Maturity Active ETF","MINT","17320.7","84.90566037735849056603773584905660377358",".0397",".3874",".0596","1.0822","2.0859","4.3546","Ultra short Bond ETF","Ultra short Bond ETF"
"First Trust Indxx Aerospace & Defense ETF","MISL","757.27","56.0192616372391653290529695024077046549",".7078","7.0035","-5.2051","-.3065","-8.1665","19.0456","Industrials  - Aerospace & Defense","Industrials ETFs"
"Global X MLP ETF","MLPA","2350.92","95.41547277936962750716332378223495702006","-.1417","3.1261","-.2124","3.2746","9.5238","21.6761","Energy - MLP","MLP ETFs"
"UBS ETRACS Alerian MLP Infrastructure Index ETN Series B","MLPB","235.68","96.28549695740365111561866125760649087221","-.0193","3.2125","-.2381","2.1313","8.6754","20.0821","Energy - MLP","MLP ETFs"
"NEOS MLP & Energy Infrastructure High Income ETF","MLPI","896.49","50.61179087875417130144605116796440489433","-.8103","-1.2109","-.9447","-2.8849","5.2385","430.8403","Energy - MLP","MLP ETFs"
"Global X MLP & Energy Infrastructure ETF","MLPX","3639.91","83.51870576339737108190091001011122345804","-1.3531","-1.2528","-1.5621","-1.8335","8.3605","27.5747","Energy - MLP","MLP ETFs"
"NYLI Merger Arbitrage ETF","MNA","253.92","100",".2038",".8285",".0678",".9721",".9721","3.5524","Hedge Fund - M&A","Hedge Fund ETFs"
"VanEck Morningstar Wide Moat ETF","MOAT","12365.39","100",".9529","8.9818",".6864","13.0409","7.6691","19.5909","Style Box - Large Cap Blend","Style Box - Large Cap Blend"
"VictoryShares WestEnd U.S. Sector ETF","MODL","1065.14","95.67322550736581848150818996600391470073",".648","3.1108","-.398","5.0731","11.929","20.741","Style Box - Large Cap Blend","Style Box - Large Cap Blend"
"VanEck Agribusiness ETF","MOO","997.95","94.23990498812351543942992874109263657957","2.0117","3.7005","4.6946","5.8787","-.8265","16.7147","Materials  - Agribusiness","Materials ETFs"
"VanEck Mortgage REIT Income ETF","MORT","371.38","14.12429378531073446327683615819209039548","-.3021",".6098","-.5025","2.6372","-.7082","7.0038","Real Estate   - REITs","Financials ETFs"
"Monarch ProCap Index ETF","MPRO","257.86","91.22291590157914065369078222548659566654",".2766",".4309","-.1286","1.2685",".8454","10.6872","Target Outcome","Total Portfolio ETFs"
"Tradr 2X Long Innovation 100 Monthly ETF","MQQQ","220.78","75.06412243862566588686265114574818906959",".6423","-.0367","-4.5301","-3.1792","28.5782","41.7509","Derivative Based ETF","Leveraged Equity ETFs"
"YieldMax MRNA Option Income Strategy ETF","MRNY","204.16","73.3098591549295774647887323943661971831","8.2691","121.3995","120.9573","142.7308","104.9611","148.2812","Derivative Based ETF","Single Stock ETF"
"Toews Agility Shares Managed Risk ETF","MRSK","318.24","90.38602941176470588235294117647058823529",".2208","1.9014","-1.3068","3.7865","6.4322","14.9082","Target Outcome","Total Portfolio ETFs"
"Morgan Stanley Bitcoin Trust ETF","MSBT","484.33","78.67867867867867867867867867867867867868","6.049","15.958","22.4501","-.8083","0","0","Digital Economy ETF","Digital Economy ETF"
"Direxion Daily MSFT Bull 2X ETF","MSFU","597.33","43.15703380588876772082878953107960741549",".7334","43.4137","-4.6462","24.0185","32.7817","-22.9927","Derivative Based ETF","Single Stock ETF"
"Morgan Stanley Pathway Large Cap Equity ETF","MSLC","4048.41","91.8531781557743957027752909579230080573",".4971","2.8489","-1.3019","3.9774","10.5743","18.3575","Style Box - Large Cap Blend","Style Box - Large Cap Blend"
"AdvisorShares Pure US Cannabis ETF","MSOS","952.17","53.24324324324324324324324324324324324324","4.6414","11.2108","7.1274","9.2511","31.565","-1.3917","Derivative Based ETF","Marijuana ETFs"
"Morgan Stanley Pathway Small Mid Cap Equity ETF","MSSM","720.14","90.94785666192863020872297448941422907159",".7914","1.2231","-1.9261","4.8537","10.3488","28.9993","Style Box - All Cap Blend","Style Box - All Cap Blend"
"T-Rex 2X Long MSTR Daily Target ETF","MSTU","452.56","2.20936349289847448711204629142556549185","12.3457","26.9767","58.7209","-59.1011","-46.0474","-95","Derivative Based ETF","Single Stock ETF"
"Defiance Daily Target 2x Long MSTR ETF","MSTX","216.57","2.16728879408851984459510931667555420126","11.9604","26.6531","59.2072","-59.2871","-46.5665","-95.0517","Derivative Based ETF","Single Stock ETF"
"YieldMax MSTR Option Income Strategy ETF","MSTY","843.03","3.82055378061767838125665601703940362087","5.3402","6.2731","20.7041","-37.4698","-34.7044","-58.2123","Derivative Based ETF","Single Stock ETF"
"Simplify MBS ETF","MTBA","1472.8","9.05263157894736842105263157894736842105","-.1909",".0922","-.195",".5605","-1.233","2.8403","Asset Backed - MBS","Mortgage-Backed Security ETFs"
"iShares MSCI USA Momentum Factor ETF","MTUM","24698.65","65.00655307994757536041939711664482306684",".0197","-2.9604","-3.7956","1.1147","20.0075","27.1161","Strategy - Momentum","Style Box - Large Cap Growth"
"GraniteShares 2x Long MU Daily ETF","MULL","571.14","50.4782035848681030151944568194959193926","-1.5639","-9.8978","-2.6083","14.6918","199.7279","2951.6885","Derivative Based ETF","Single Stock ETF"
"American Century Multisector Income ETF","MUSI","259.08","4.16666666666666666666666666666666666667","-.0926",".1645","-.0463",".5258","-.7059","3.534","Total Bond Market - Broad","Total Bond Market ETFs"
"Direxion Daily MU Bull 2X ETF","MUU","4197.88","50.42901619443228646224740071516462825478","-1.6511","-10.1594","-2.5316","15.1094","205.3075","2999.549","Derivative Based ETF","Single Stock ETF"
"GraniteShares 2x Long MRVL Daily ETF","MVLL","454.94","37.783809400715178148291758218086252208","-11.05","18.0422","11.0509","4.4391","410.7973","396.777","Derivative Based ETF","Single Stock ETF"
"iShares Global Materials ETF","MXI","370.89","100","2.2695","11.4209","4.8598","6.8606","3.9202","33.9103","Materials  - Broad","Materials ETFs"
"State Street My2028 Corporate Bond ETF","MYCH","819.63","18.85441527446300715990453460620525059666","-.0804",".5206","-.0402",".9403",".8633","3.6566","Corporates - Investment Grade","Investment Grade Corporate Bond ETFs"
"Direxion Daily Homebuilders & Supplies Bull 3X ETF","NAIL","540.15","13.25136612021857923497267759562841530055","1.9744","4.1645","-4.8337","10.7842","-44.6207","-47.1565","Derivative Based ETF","Leveraged Equity ETFs"
"Tidal Trust Subversive Congressional Democrats Trading ETF","NANC","285.15","88.78504672897196261682242990654205607477",".4536","2.9866","-1.9073","5.1791","14.3379","19.9067","Geographic - Global Total Market","Broad Developed World ETFs"
"State Street SPDR S&P North American Natural Resources ETF","NANR","848.14","100","1.727","15.2851","5.9902","11.8153","11.5036","56.4979","Materials  - Broad","Materials ETFs"
"Innovator Growth-100 Power Buffer ETF - April","NAPR","212.5","97.6769642422768182923862807102894672829",".1504","1.3868","-.306","1.5757","10.6824","15.7738","Derivative Based ETF","Defined Outcome"
"Tema Space Innovators ETF","NASA","1117.02","19.2037470725995316159250585480093676815","1.3158","4.0101","-6.5959","-32.5301","0","0","Industrials  - Aerospace & Defense","Industrials ETFs"
"Neuberger Commodity Strategy ETF","NBCM","501.16","98.59239653512993262752646775745909528393",".8027","6.5369","3.8292","3.4087","23.9482","36.1173","Basket - Broad","Broad Commodity ETFs"
"Neuberger Core Equity ETF","NBCR","849.85","91.38930286471270077827454876635204504057",".5255","2.1359","-1.3778","2.9605","8.9212","16.5538","Style Box - Large Cap Blend","Style Box - Large Cap Blend"
"Neuberger International Core Equity ETF","NBIE","250.4","97.48020158387329013678905687544996400288",".9355","4.0573","-.141","6.3817","0","0","Geographic - Global ex-US","Broad Developed World ETFs"
"Neuberger Option Strategy ETF","NBOS","531.93","94.88636363636363636363636363636363636364",".3203","1.3675","-.381","3.8357","7.1407","16.6357","Derivative Based ETF","Hedge Fund ETFs"
"Neuberger Short Duration Income ETF","NBSD","1279.23","25.25252525252525252525252525252525252525","-.0789",".4456","-.0197",".9887",".9169","3.77","Short-Term Bond ETF","Short-Term Bond ETF"
"Ned Davis Research 360 Dynamic Allocation ETF","NDAA","233.26","95.340117836100696304231387252276379218",".4771","2.1665","-.7032","2.4235","7.0934","17.6516","Multi-Asset - Total Portfolio","Total Portfolio ETFs"
"iShares Short Duration Bond Active ETF","NEAR","4890.71","16.32653061224489795918367346938775510204","0",".524",".0198",".8287",".7294","3.4073","Short-Term Bond ETF","Short-Term Bond ETF"
"Virtus Newfleet Multi-Sector Bond ETF","NFLT","470.3","19.44444444444444444444444444444444444444",".408","-.032","-.1195","1.0583","1.0357","5.0353","Total Bond Market - Broad","Total Bond Market ETFs"
"FlexShares STOXX Global Broad Infrastructure ETF","NFRA","3038.84","83.38541666666666666666666666666666666667",".1424","1.3092","-.3333",".8225",".8579","10.8389","Geographic - Global Total Market","Utilities/Infrastructure ETFs"
"Nuveen High Yield Corporate Bond ETF","NHYB","1742.85","33.57933579335793357933579335793357933579","-.0406",".6805","0","1.4192","1.5946","0","Corporates - Junk/High Yield","High-Yield/Junk Bond ETFs"
"Innovator Growth-100 Power Buffer ETF - January","NJAN","351.03","96.99538710883929684577982795162697917965",".1731","1.3261","-.4027","1.896","8.9779","15.4032","Derivative Based ETF","Defined Outcome"
"Innovator Growth-100 Power Buffer ETF - July","NJUL","271.93","89.71962616822429906542056074766355140187",".235",".8406","-1.0822","-.0781","5.4381","11.2754","Derivative Based ETF","Defined Outcome"
"VanEck Uranium and Nuclear ETF","NLR","4025.47","27.9552456623966272093400356737473650073","4.7054","9.956","1.558","-7.703","-19.1833","11.4486","Strategy - Socially Responsible","Alternative Energy ETFs"
"ProShares S&P 500 Dividend Aristocrats ETF","NOBL","11908.03","99.76105137395459976105137395459976105137",".5477","4.3146",".393","10.0516","4.3544","14.6037","Strategy - Dividend Growth","Style Box - Large Cap Value"
"Innovator Growth-100 Power Buffer ETF - October","NOCT","227.21","97.38232468780019212295869356388088376561",".2054","1.4314","-.2203","2.4705","9.5715","14.2662","Derivative Based ETF","Defined Outcome"
"Northern Trust US Equity ETF","NOEQ","897.26","96.18534482758620689655172413793103448276",".4423","3.5038","-.4551","4.5021","0","0","Style Box - All Cap Blend","Style Box - All Cap Blend"
"GraniteShares 2x Long NOW Daily ETF","NOWL","221.68","15.63334466184395785794047676846142642132","-2.1552","50.6637","6.0748","41.875","9.6618","-66.7708","Derivative Based ETF","Single Stock ETF"
"NPF Core Equity ETF","NPFE","667.81","97.37089201877934272300469483568075117371",".7714","5.7278",".3807","9.3025","0","0","Style Box - All Cap Blend","Style Box - All Cap Blend"
"Nuveen Securitized Income ETF","NSCI","230.85","37.34939759036144578313253012048192771084","-.0991",".5759",".0198","1.4274","1.7146","0","Asset Backed - MBS","Mortgage-Backed Security ETFs"
"WisdomTree International Efficient Core Fund","NTSI","500.45","94.65113014179418784220131966867892741822",".586","3.4363","-.6323","4.8098","2.9065","18.8408","Moderate Allocation","Total Portfolio ETFs"
"WisdomTree U.S. Efficient Core Fund","NTSX","1388.95","89.48443579766536964980544747081712062257",".1155","1.7419","-1.5003","2.5111","8.4503","18.0708","Target Outcome","Total Portfolio ETFs"
"Nuveen ESG U.S. Aggregate Bond ETF","NUBD","488.96","2.07253886010362694300518134715025906736","-.1377","-.2153","-.1377","-.0732","-1.7069","2.1647","Strategy - Socially Responsible","Total Bond Market ETFs"
"Nuveen Dividend Growth Fund: ETF Class Shares","NUDG","6188.21","77.16318567821895799862290566903832912555",".5618","2.5812","-1.1322","0","0","0","Style Box - Large Cap Blend","Style Box - Large Cap Blend"
"Nuveen ESG International Developed Markets Equity ETF","NUDM","728.91","94.97126436781609195402298850574712643678","1.0745","3.6045","-.5407","6.6753","4.891","19.9793","Strategy - Socially Responsible","Broad Developed World ETFs"
"Nuveen ESG Emerging Markets Equity ETF","NUEM","410.46","80.87489231358284675026323346415238824543",".6088","3.2516","-.232","3.6554","6.1411","27.7187","Strategy - Socially Responsible","Broad Emerging Market ETFs"
"Nuveen Growth Opportunities ETF","NUGO","2442.66","85.92527386541471048513302034428794992175",".4297",".7715","-2.7662",".5231","13.077","16.5678","Style Box - Large Cap Growth","Style Box - Large Cap Growth"
"Direxion Daily Gold Miners Index Bull 2X ETF","NUGT","1412.01","51.06304136365741812960303858446431052851","6.0288","86.2891","29.2625","30.9093","-21.1274","120.9715","Derivative Based ETF","Leveraged Equity ETFs"
"Range Nuclear Renaissance Index ETF","NUKZ","768.77","42.78688524590163934426229508196721311475","1.107","2.3661","-3.3368","-5.8554","-9.2214","15.2875","Energy - Nuclear Power","Energy ETFs"
"Nuveen ESG Large-Cap Growth ETF","NULG","2722.72","87.90780717416003895471514364551209219283",".4117",".6851","-2.79","4.0483","18.9231","19.1371","Strategy - Socially Responsible","Style Box - Large Cap Growth"
"Nuveen ESG Large-Cap Value ETF","NULV","2250.9","95.04504504504504504504504504504504504505",".8696","4.6069","-.9099","6.0835","11.0741","26.3956","Strategy - Socially Responsible","Style Box - Large Cap Value"
"Nuveen ESG Mid-Cap Growth ETF","NUMG","364.65","89.84939137610893336084175778832267381886","1.0421","4.7446","-1.5635","6.2925","10.989","2.0127","Strategy - Socially Responsible","Style Box - Mid Cap Growth"
"Nuveen ESG Mid-Cap Value ETF","NUMV","451.12","91.70616113744075829383886255924170616114",".606","3.2205","-1.3457","8.0771","9.6649","20.2983","Strategy - Socially Responsible","Style Box - Mid Cap Value"
"Nuveen ESG Small-Cap ETF","NUSC","1306.74","88.23000898472596585804132973944294699012",".6002",".9324","-2.4592","6.4536","7.2446","24.9461","Strategy - Socially Responsible","Style Box - Small Cap Growth"
"GraniteShares 2x Long NVDA Daily ETF","NVDL","3805.67","54.24741298212605832549388523047977422389","-2.2033","5.2815","-9.3163","-10.18","12.8742","18.5837","Derivative Based ETF","Single Stock ETF"
"Direxion Daily NVDA Bull 2X ETF","NVDU","544.5","53.70217775161859917598587404355503237198","-1.9811","5.2297","-9.3147","-9.9973","13.0948","17.5616","Derivative Based ETF","Single Stock ETF"
"T-REX 2X Long NVIDIA Daily Target ETF","NVDX","403.46","52.11618257261410788381742738589211618257","-2.2349","4.7911","-9.3494","-11.0638","10.1288","8.9172","Derivative Based ETF","Single Stock ETF"
"YieldMax NVDA Option Income Strategy ETF","NVDY","1394.03","15.80817051509769094138543516873889875666","0","2.9937","-3.8197",".3787","7.7318","16.4512","Derivative Based ETF","Single Stock ETF"
"First Trust Indxx NextG ETF","NXTG","557.59","76.10000144594340577509796266574126288697",".2329","2.8391","-3.0052","2.9164","28.0242","54.3855","Technology  - Telecom","Technology ETFs"
"Nuveen International Aggregate Bond ETF","NXUS","3925.59","2.14797136038186157517899761336515513126","-.0609","-.2025","-.1622",".0818","-1.2772","0","Total Bond Market - Broad","Total Bond Market ETFs"
"OneAscent Core Plus Bond ETF","OACP","270.34","7.84313725490196078431372549019607843137","-.156","-.0977","-.0892",".2137","-1.4454","2.4327","Total Bond Market - Broad","Total Bond Market ETFs"
"OneAscent International Equity ETF","OAIM","380.08","93.69100844510680576254346746150024838549",".3336","3.8121","-.4345","3.5061","4.8823","22.6612","Foreign Large Blend ETF","Foreign Large Blend ETF"
"Oakmark U.S. Large Cap ETF","OAKM","1165.63","100","1.2179","8.1137","1.1207","12.8663","10.1884","21.3216","Style Box - Large Cap Value","Style Box - Large Cap Value"
"OneAscent Large Cap Core ETF","OALC","258.11","92.44808743169398907103825136612021857923",".4804","4.1039","-1.4605","5.1005","15.5525","25.7024","Style Box - Large Cap Blend","Style Box - Large Cap Blend"
"F/m US Treasury 12 Month Bill ETF","OBIL","307.27","48.71794871794871794871794871794871794872","0",".4591",".0299",".9347","1.5174","3.6139","US Treasury - Ultra Short","Government Bond ETFs"
"AllianzIM U.S. Equity Buffer20 Oct ETF","OCTW","321.12","99.47089947089947089947089947089947089947",".0986","1.1793","-.048","2.5129","6.0127","10.4827","Derivative Based ETF","Defined Outcome"
"iShares S&P 100 ETF","OEF","20228.25","92.1418177007540679984124884243947612118",".3106","2.2127","-1.2208","2.2142","12.3391","21.0661","Style Box - Large Cap Blend","Style Box - Large Cap Blend"
"VanEck Oil Services ETF","OIH","1976.51","81.75154868302832553080815245661323119119","-.1755","8.3027","-1.4241","-6.6947","6.6179","74.9808","Energy - Equipment and services","Energy ETFs"
"ProShares K-1 Free Crude Oil ETF","OILK","242.14","75.38586515028432168968318440292445166531",".3113","4.6254","4.8823","-1.4212","40.6532","48.9588","Energy -  Crude Oil","Energy ETFs"
"VistaShares Target 15 Berkshire Select Income ETF","OMAH","1069.5","37.95180722891566265060240963855421686747",".5435","-1.1471","-.4306",".5361","6.6617","9.4575","Derivative Based ETF","Derivative Based ETF"
"Invesco Russell 1000 Dynamic Multifactor ETF","OMFL","4797.15","94.90806223479490806223479490806223479491",".4832","2.7766","-.7998","4.6965","11.9429","21.1875","Style Box - Large Cap Growth","Style Box - Large Cap Growth"
"Invesco Russell 2000 Dynamic Multifactor ETF","OMFS","283.27","94.10430839002267573696145124716553287982",".872","-.1333","-1.4447","6.3025","11.1185","29.329","Style Box - Small Cap Blend","Style Box - Small Cap Blend"
"Fidelity Nasdaq Composite Index ETF","ONEQ","10641.79","85.69131832797427652733118971061093247588",".4089","1.3761","-2.0699","-.0745","15.0085","25.0267","Style Box - Large Cap Growth","Style Box - Large Cap Growth"
"State Street SPDR Russell 1000 Low Volatility Focus ETF","ONEV","305.23","98.93161429923815534418248208087274038678",".4256","4.0877","-.1263","9.1889","6.9536","15.7448","Style Box - Large Cap Blend","Style Box - Large Cap Blend"
"State Street SPDR Russell 1000 Yield Focus ETF","ONEY","681.52","100",".338","3.9749",".5558","8.5754","8.7956","23.708","Style Box - Large Cap Value","Style Box - Large Cap Value"
"TrueShares Seasonality Laddered Buffered ETF","ONEZ","344.86","89.66228409383861820056715648362980149523",".3575","1.6256","-1.0993","1.9579","7.5441","9.2902","Derivative Based ETF","Defined Outcome"
"WisdomTree European Opportunities Fund","OPPE","291.53","95.12449679439391680333979424481884598181",".595","4.0453","-1.0809","5.9181","8.92","26.7534","Geographic - Broad Europe","European Equity ETFs"
"WisdomTree Japan Opportunities Fund","OPPJ","276.64","82.59588400374181478016838166510757717493","1.6047","-.1844","-2.1927","-1.5122","2.9279","47.0103","Geographic - Japan","Asia-Pacific (Developed) ETFs"
"Optimize Strategy Index ETF","OPTZ","270.72","78.93236275401880497421898695784046102517",".53",".0973","-3.7254","4.9642","19.2359","40.7523","Style Box - All Cap Blend","Style Box - All Cap Blend"
"Defiance Daily Target 2X Long ORCL ETF","ORCX","216.47","5.08363291229758104884058065229121025568","6.1095","27.2567","-5.5676","-48.3341","-22.9404","-76.4316","Derivative Based ETF","Single Stock ETF"
"Militia Long/Short Equity ETF ","ORR","348.11","90.57139611496080881517664432579802340111","1.3623","5.0645",".8866","6","-.1033","22.5919","Derivative Based ETF","Long-Short ETFs"
"Opus Small Cap Value Plus ETF","OSCV","691.75","86.73323823109843081312410841654778887304",".3082","-.3533","-2.1508","4.823","2.4237","14.1077","Style Box - Small Cap Value","Style Box - Small Cap Value"
"Harbor International Compounders ETF","OSEA","443.95","86.85714285714285714285714285714285714286","1.0108","4.033",".3401","1.7907","-1.369","7.4202","Foreign Large Growth ETF","Foreign Large Growth ETF"
"VanEck Merk Gold Trust","OUNZ","2805.47","61.30524152106885919835560123329907502569","1.9067","12.9615","5.4433","1.58","-9.5248","37.9353","Precious Metals - Gold","Precious Metals ETFs"
"ALPS OShares U.S. Quality Dividend ETF","OUSA","747.75","98.18158202363943369268736199506429406416",".9705","4.8821",".6441","6.6973","5.9184","13.4381","Style Box - Large Cap Value","Style Box - Large Cap Value"
"ALPS O'Shares U.S. Small-Cap Quality Dividend ETF","OUSM","861.1","94.78155339805825242718446601941747572816",".8208","4.0588","-.6606","8.913","7.6724","14.9704","Style Box - Small Cap Blend","Style Box - Small Cap Blend"
"Overlay Shares Large Cap Equity ETF","OVL","399.91","88.59737638748738647830474268415741675076",".5601","2.4898","-1.7445","2.9174","12.2618","24.487","Style Box - Large Cap Blend","Style Box - Large Cap Blend"
"PGIM AAA CLO ETF","PAAA","11761.47","77.77777777777777777777777777777777777778",".0194",".4636",".0973","1.1749","2.2654","4.8668","Asset Backed - MBS","Mortgage-Backed Security ETFs"
"iShares Paris-Aligned Climate Optimized MSCI World ex USA ETF","PABD","337.45","96.85125858123569794050343249427917620137",".8891","3.5321","-.3212","5.3428","4.0108","19.368","Foreign Large Blend ETF","Foreign Large Blend ETF"
"iShares Paris-Aligned Climate Optimized MSCI USA ETF","PABU","2520.24","86.88674639980473517207712960702953380522",".4819","3.62","-.6954","1.9645","13.1844","15.8032","Strategy - Socially Responsible","Style Box - All Cap Blend"
"Pacer Lunt Large Cap Multi-Factor Alternator ETF","PALC","216.15","82.89305705587744279681822645585780221939",".6402","2.7344","-1.0761","4.21","4.8516","17.0508","Style Box - Large Cap Growth","Style Box - Large Cap Growth"
"abrdn Physical Palladium Shares ETF","PALL","673.67","26.07988852763585694379934974454249883883","1.0331","5.0258","2.173","-3.0531","-23.4023","20.6811","Precious Metals - Palladium","Precious Metals ETFs"
"Parametric Equity Premium Income ETF","PAPI","466.84","93.45794392523364485981308411214953271028",".416","3.413","1.0014","8.7543","3.7588","16.549","Derivative Based ETF","Style Box - Large Cap Value"
"Innovator U.S. Equity Power Buffer ETF - April","PAPR","959.86","98.89669007021063189568706118355065195587",".0443","1.0132","-.0932","2.2906","8.6417","13.2629","Derivative Based ETF","Defined Outcome"
"Pacer Nasdaq International Patent Leaders ETF","PATN","248.32","83.53073886068809926677946982515510434292",".5942","2.1198","-1.1839","3.0656","14.8834","50.5596","Foreign Large Blend ETF","Foreign Large Blend ETF"
"Innovator U.S. Equity Power Buffer ETF - August","PAUG","997.42","95.7446808510638297872340425531914893617",".2366","1.6354","-.4485","3.2337","6.9037","12.3945","Derivative Based ETF","Defined Outcome"
"Global X U.S. Infrastructure Development ETF","PAVE","13772.39","75.1381215469613259668508287292817679558",".6246",".3381","-3.7549","3.5803","1.5325","24.1177","Utilities  - Infrastructure","Utilities/Infrastructure ETFs"
"Putnam BDC Income ETF","PBDC","311.8","24.65370440970898462320498157326216800102","-.0712","5.0917","-.9178","6.3027","5.6188","-6.9544","Financials - BDCs/PE","Financials ETFs"
"Invesco Biotechnology & Genome ETF","PBE","393.96","97.80341546082648937557032981358362664581","1.0667","7.9583","4.1027","19.9218","20.3111","45.1917","Healthcare - Biotech","Health Care ETFs"
"Portfolio Building Block European Banks Index ETF","PBEU","459.79","96.14850109191979352789358745284891800675","1.1628","5.0817","-1.076","16.0679","17.0237","0","Financials - Banking","Financials ETFs"
"PGIM Laddered S&P 500 Buffer 20 ETF","PBFR","212.11","98.65996649916247906197654941373534338358",".1771","1.1707","-.1284","2.386","5.7444","10.9022","Derivative Based ETF","Defined Outcome"
"Portfolio Building Block Integrated Oil & Gas and Exp and Prod Index ETF","PBOG","477.45","99.56922546739036788145084862582924097527","-.139","9.6095","4.5997","6.4057","18.3699","0","Energy - Exploration","Energy ETFs"
"Invesco S&P 500 BuyWrite ETF","PBP","378.23","94.32989690721649484536082474226804123711","-.1708","1.4757","0","5.0117","6.9154","18.5769","Derivative Based ETF","Style Box - Large Cap Blend"
"Portfolio Building Block World Pharma and Biotech Index ETF","PBPH","1039.95","95.8511396011396011396011396011396011396","1.2153","9.3535","6.5554","16.0355","9.5926","0","Healthcare - Broad","Health Care ETFs"
"Invesco MSCI USA ETF","PBUS","11680.8","91.50237933378653976886471787899388171312",".471","2.2912","-1.4376","3.5445","11.7889","21.4672","Style Box - All Cap Blend","Style Box - All Cap Blend"
"Invesco WilderHill Clean Energy ETF","PBW","397.84","38.53746074472857783759533423059668012562","1.8354","-2.7745","-5.2107","-19.3227",".4207","39.8592","Strategy - Socially Responsible","Alternative Energy ETFs"
"Invesco CEF Income Composite ETF","PCEF","810.38","89.23766816143497757847533632286995515695",".2957","1.0929","-.8768","3.4644","4.2671","10.8315","Strategy - CEFs/OET","Convertibles/CEFs/OET/Preferred Stock ETFs"
"PGIM Corporate Bond 5-10 Year ETF","PCI","527.24","4.10618000829531314807133969307341352136","-.0956","-.1668","-.262","-.0751","-1.7593","2.7598","Corporates - Investment Grade","Investment Grade Corporate Bond ETFs"
"BondBloxx Private Credit CLO ETF","PCMM","200.1","46.49859943977591036414565826330532212885",".0904",".4431",".1005","2.0916","1.6783","4.5297","Asset Backed - MBS","Mortgage-Backed Security ETFs"
"PGIM Corporate Bond 0-5 Year ETF","PCS","622.25","10","0",".2691","-.0703",".6422",".4445","3.2896","Corporates - Investment Grade","Investment Grade Corporate Bond ETFs"
"Invesco Emerging Markets Sovereign Debt ETF","PCY","1378.96","33.10810810810810810810810810810810810811","-.0237","-.3781","-.4721",".6551","-1.5579","7.1462","Sovereign - Broad Market","Emerging Market Bond ETFs"
"Invesco Agriculture Commodity Strategy No K-1 ETF","PDBA","308.8","89.41979522184300341296928327645051194539","-.1188",".7588","1.9943","2.7838","9.1893","4.1844","Agriculture - Broad","Agricultural ETFs"
"Invesco Optimum Yield Diversified Commodity Stratgy No K-1 ETF","PDBC","7065.69","95.50949913644214162348877374784110535406",".5391","5.6657","4.1318","1.8569","27.3907","42.0411","Basket - Broad","Broad Commodity ETFs"
"Innovator U.S. Equity Power Buffer ETF - December","PDEC","992.91","97.65100671140939597315436241610738255034",".1177","1.4091","-.2984","2.768","7.0726","14.8116","Derivative Based ETF","Defined Outcome"
"Invesco RAFI Developed Markets ex-U.S. Small-Mid ETF","PDN","359.63","96.93800403225806451612903225806451612903",".7084","4.6717","-.5107","2.6208","1.8301","21.5659","Foreign Small/Mid Value ETF","Foreign Small/Mid Value ETF"
"Invesco Dorsey Wright Momentum ETF","PDP","1471.18","63.55994724016901030605173146140260669334",".4845","-1.9976","-3.9998","-1.714","5.5945","25.002","Strategy - Alpha-Seeking","Style Box - All Cap Growth"
"Invesco Leisure and Entertainment ETF","PEJ","359.58","91.94883370955605718585402558314522197141",".5474","3.6181","-1.4358","12.8209","10.9184","17.2434","Consumer Discretionary - Leisure and Entertainment","Consumer Discretionary ETFs"
"Invesco High Yield Equity Dividend Achievers ETF","PEY","1173.19","98.76106194690265486725663716814159292035",".2309","3.3831","-.119","15.0143","16.1684","24.006","Style Box - All Cap Value","Style Box - All Cap Value"
"Innovator U.S. Equity Power Buffer ETF - February","PFEB","924.55","97.29187562688064192577733199598796389168",".1234","1.2828","-.2731","2.5749","6.385","13.2417","Derivative Based ETF","Defined Outcome"
"iShares Preferred and Income Securities ETF","PFF","13046.3","17.73399014778325123152709359605911330049",".0328",".9311","-1.2322","-.7952","-1.5902","1.9903","Corporates - Convertible","Convertibles/CEFs/OET/Preferred Stock ETFs"
"Virtus InfraCap U.S. Preferred Stock ETF","PFFA","2499.49","28.7037037037037037037037037037037037037",".8258","2.047","-.5548",".6465","1.3647","6.1517","Corporates - Convertible","Convertibles/CEFs/OET/Preferred Stock ETFs"
"Global X U.S. Preferred ETF","PFFD","2149.8","9.61538461538461538461538461538461538462","-.1629","-.162","-1.4469","-.638","-2.1134","1.188","Corporates - Convertible","Convertibles/CEFs/OET/Preferred Stock ETFs"
"Global X Variable Rate Preferred ETF","PFFV","315.05","12.65822784810126582278481012658227848101",".1365",".437","-.1815",".4211",".6973","2.6654","Corporates - Floating Rate","Convertibles/CEFs/OET/Preferred Stock ETFs"
"AAM Low Duration Preferred & Income Securities ETF","PFLD","404.68","41.17647058823529411764705882352941176471","0",".153",".0768","1.0454","1.2103","5.1027","Corporates - Convertible","Convertibles/CEFs/OET/Preferred Stock ETFs"
"Invesco Dividend Achievers ETF","PFM","801.01","93.51413733410271206001154068090017311021",".6004","3.0036","-.5778","5.6013","7.5755","18.3562","Style Box - Large Cap Value","Style Box - Large Cap Value"
"VanEck Preferred Securities ex Financials ETF","PFXF","2393.68","47.87234042553191489361702127659574468085",".4472","3.012","-1.642","-1.1199",".3831","8.2641","Corporates - Convertible","Convertibles/CEFs/OET/Preferred Stock ETFs"
"Invesco Financial Preferred ETF","PGF","661.38","3.8216560509554140127388535031847133758","-.297","-1.6117","-.5922","-1.4014","-4.3803","-1.5754","Corporates - Convertible","Convertibles/CEFs/OET/Preferred Stock ETFs"
"Invesco Global ex-US High Yield Corporate Bond ETF","PGHY","226.09","47.36842105263157894736842105263157894737",".5086",".7136","-.0202","1.4086","1.9006","5.6441","Corporates - Junk/High Yield","High-Yield/Junk Bond ETFs"
"Putnam Focused Large Cap Growth ETF","PGRO","210.68","76.90896804710879428516266048846413746501",".6207","1.4004","-2.0757","-1.8767","8.982","11.8868","Style Box - Large Cap Growth","Style Box - Large Cap Growth"
"Invesco Preferred ETF","PGX","3733.79","1.55038759689922480620155038759689922481","-.2822","-1.7609","-.7491","-2.1801","-4.8627","-1.9137","Corporates - Convertible","Convertibles/CEFs/OET/Preferred Stock ETFs"
"Invesco Water Resources ETF","PHO","2038.44","76.86424474187380497131931166347992351816",".7537","7.0909",".3057","11.4373","-.662",".3522","Industrials  - Water","Industrials ETFs"
"PGIM Active High Yield Bond ETF","PHYL","1414.68","20.39215686274509803921568627450980392157",".0144",".3804","-.1579","1.011","1.0081","5.0686","Corporates - Junk/High Yield","High-Yield/Junk Bond ETFs"
"iShares Physical Metals PLC","PHYMF","37226.53","63.74325834507555512365774257810602011564","2.038","13.2299","5.8119","2.0183","0","0","Precious Metals - Gold","Precious Metals ETFs"
"Invesco International Corporate Bond ETF","PICB","358.27","33.8885697874784606547960941987363584147",".1714","2.0025",".6241",".4903","-2.0757","2.6046","International - Corporate","Investment Grade Corporate Bond ETFs"
"iShares MSCI Global Metals & Mining Producers ETF","PICK","2354.9","88.51351351351351351351351351351351351351","3.3669","14.0229","5.8994","4.335","7.8162","67.0036","Base Metals - Broad","Materials ETFs"
"Invesco International Dividend Achievers ETF","PID","916.15","77.79026217228464419475655430711610486891",".5959","1.2832",".5085","1.2084",".2012","12.5393","Foreign Large Value ETF","Foreign Large Value ETF"
"Invesco Dorsey Wright Emerging Markets Momentum ETF","PIE","247.36","89.8512221041445270988310308182784272051",".5124","5.9444","0","7.844","20.7844","47.0259","Geographic - Broad Emerging Markets","Broad Emerging Market ETFs"
"Principal International Equity ETF","PIEQ","1395.15","100",".9551","4.147","1.283","6.0958","4.234","25.2455","Foreign Large Blend ETF","Foreign Large Blend ETF"
"Simplify Health Care ETF","PINK","381.6","97.94500998953477309485301113119589001998","1.1572","3.741","1.4124","9.79","11.4151","33.9735","Healthcare - Broad","Health Care ETFs"
"Invesco Global Water ETF","PIO","271.78","43.61404599129894344313238036047234307023",".992","2.6907","-.204","4.0377","-6.1212",".8458","Industrials  - Water","Industrials ETFs"
"VanEck Commodity Strategy ETF","PIT","353.39","100",".573","6.8452","3.8664","4.6231","32.3835","60.8061","Basket - Broad","Broad Commodity ETFs"
"Invesco Dorsey Wright Developed Markets Momentum ETF","PIZ","710.47","58.04551145150600191472126077030709183298","1.0788","1.6155","-2.0435","-3.7932","-.6978","19.0506","Foreign Large Growth ETF","Foreign Large Growth ETF"
"Innovator U.S. Equity Power Buffer ETF - January","PJAN","1418.05","98.2758620689655172413793103448275862069",".1888","1.3161","-.188","2.5732","6.4268","12.6564","Derivative Based ETF","Defined Outcome"
"Invesco Pharmaceuticals ETF","PJP","528.43","96.11392710596186338402124064687424571566",".8876","8.5392","3.7253","20.2393","20.725","44.1111","Healthcare - Pharma","Health Care ETFs"
"Innovator U.S. Equity Power Buffer ETF - July","PJUL","1284.53","93.17738791423001949317738791423001949318",".1616","1.3077","-.6014","2.3534","5.8949","11.2158","Derivative Based ETF","Defined Outcome"
"Innovator U.S. Equity Power Buffer ETF - June","PJUN","969.85","92.2972972972972972972972972972972972973",".1825","1.28","-.6448","1.3501","3.9654","8.8217","Derivative Based ETF","Defined Outcome"
"Invesco Building & Construction ETF","PKB","355.03","48.53658536585365853658536585365853658537",".521","-.8911","-3.7244",".1776","-8.3836","13.4863","Industrials  - Engineering and Construction","Industrials ETFs"
"Invesco BuyBack Achievers ETF","PKW","1765.59","96.41170915958451369216241737488196411709",".9517","4.8099","-.5884","11.4752","8.6896","18.4153","Style Box - Large Cap Value","Style Box - Large Cap Value"
"Direxion Daily PLTR Bull 2X ETF","PLTU","461.16","30.41193581683400581777235619780426011073","6.8452","68.1761","6.5071","45.1543","36.789","-7.317","Derivative Based ETF","Single Stock ETF"
"YieldMax PLTR Option Income Strategy ETF","PLTY","370.5","29.31628135759960649286768322675848499754","4.946","32.1008","3.3559","27.9441","23.9034","9.4183","Derivative Based ETF","Single Stock ETF"
"Innovator U.S. Equity Power Buffer ETF - March","PMAR","767.67","98",".1855","1.2669","-.2258","2.51","6.7428","13.1338","Derivative Based ETF","Defined Outcome"
"Innovator U.S. Equity Power Buffer ETF - May","PMAY","811.73","95.4760652288269331930562861651762230405",".1907","1.3748","-.4076","2.1633","5.304","9.7017","Derivative Based ETF","Defined Outcome"
"PIMCO Mortgage-Backed Securities Active Exchange-Traded Fund","PMBS","1387.91","6.70103092783505154639175257731958762887","-.2035","-.1107","-.183",".0734","-1.5043","4.076","Derivative Based ETF","Mortgage-Backed Security ETFs"
"iShares Prime Money Market ETF","PMMF","709.05","40.86956521739130434782608695652173913043",".008",".3355",".077",".9237","1.7959","3.7909","Ultra short Bond ETF","Money Market/Ultra-Short Term ETFs"
"Innovator U.S. Equity Power Buffer ETF - November","PNOV","890.78","97.13740458015267175572519083969465648855",".2879","1.5812","-.3301","3.002","7.5261","12.4714","Derivative Based ETF","Defined Outcome"
"Invesco NASDAQ Internet ETF","PNQI","538.2","63.35495698773092652658299252573684952757",".257","7.6076",".0945","7.8424","10.3894","-1.7144","Technology  - Internet","Technology ETFs"
"Innovator U.S. Equity Power Buffer ETF - October","POCT","961.9","98.99193548387096774193548387096774193548",".1695","1.3937","-.1056","2.8714","6.9353","12.1945","Derivative Based ETF","Defined Outcome"
"iShares U.S. Power Infrastructure ETF","POWR","456.84","52.3904382470119521912350597609561752988","-1.3369","-2.8582","-4.7215","-5.5457","-1.9472","0","Utilities  - Infrastructure","Utilities/Infrastructure ETFs"
"Invesco Aerospace & Defense ETF","PPA","8259.29","69.79984798581200912085127945274892323284","-.0575","2.8363","-6.17","3.499","-3.7471","19.7739","Industrials  - Aerospace & Defense","Industrials ETFs"
"VanEck Pharmaceutical ETF","PPH","1005.59","97.92265899648449984020453819111537232343","1.3469","6.638","5.2048","12.9622","6.993","33.3033","Healthcare - Pharma","Health Care ETFs"
"abrdn Physical Platinum Shares ETF","PPLT","2170.9","36.88461538461538461538461538461538461538","2.0384","14.8448","7.2464","-4.6499","-13.3798","37.5909","Precious Metals - Platinum","Precious Metals ETFs"
"Principal Spectrum Preferred Securities Active ETF","PREF","1786.97","30.92621664050235478806907378335949764521",".0531","-.0116",".0531",".8524",".4308","4.4569","Corporates - Convertible","Convertibles/CEFs/OET/Preferred Stock ETFs"
"Invesco RAFI US 1000 ETF","PRF","9998.59","96.87750200160128102481985588470776621297",".4836","2.7284","-.6904","6.5618","13.2826","30.6708","Style Box - Large Cap Value","Style Box - Large Cap Value"
"PIMCO Preferred and Capital Securities Active ETF","PRFD","237.4","9.13731495661051556916794282797345584482",".0198","-.1573","-.089",".7764","-.383","4.8319","Corporates - Convertible","Convertibles/CEFs/OET/Preferred Stock ETFs"
"Invesco RAFI US 1500 Small-Mid ETF","PRFZ","2842.21","93.25667234525837592277115275411697898921",".8572","2.4001","-1.6714","10.3344","14.7522","31.4236","Style Box - Small Cap Blend","Style Box - Small Cap Blend"
"State Street IG Public & Private Credit ETF","PRIV","812.27","10.79812206572769953051643192488262910798","-.1208",".185","-.0805",".3741","-1.3357","3.1494","Total Bond Market - Broad","Total Bond Market ETFs"
"Invesco Dorsey Wright Industrials Momentum ETF","PRN","406.36","46.71552633871951514682105548509521827106","-.3791","-9.6409","-8.6469","-11.1754","-3.0903","28.87","Industrials  - Broad","Industrials ETFs"
"Principal U.S. Small-Cap ETF","PSC","2409.52","94.13052482101650789894089107153422874386",".9389","1.556","-1.4019","9.2469","14.6944","30.3762","Style Box - Small Cap Blend","Style Box - Small Cap Blend"
"Invesco S&P SmallCap Information Technology ETF","PSCT","485.11","69.01348695962843872811718470882458020722",".5338","-4.5051","-5.8683","-2.6224","26.0513","70.0712","Technology  - broad","Technology ETFs"
"PGIM Short Duration Multi-Sector Bond ETF","PSDM","225.12","26.78571428571428571428571428571428571429",".1278",".4837","-.0196",".8197",".7502","3.72","Short-Term Bond ETF","Short-Term Bond ETF"
"Innovator U.S. Equity Power Buffer ETF - September","PSEP","815.26","100",".0428",".9939",".0428","2.4551","6.1549","11.5513","Derivative Based ETF","Defined Outcome"
"Pacer Swan SOS Fund of Funds ETF","PSFF","598.56","97.70290964777947932618683001531393568147",".3448","1.3937","-.1658","2.7663","7.1166","12.6088","Derivative Based ETF","Defined Outcome"
"Invesco Semiconductors ETF","PSI","2472.45","61.27474267616785431512272367379255740301","-.0504","-10.0673","-9.2151","-7.8249","37.7313","130.0254","Technology  - Semiconductors","Technology ETFs"
"State Street SPDR ICE Preferred Securities ETF","PSK","677.62","1.44230769230769230769230769230769230769","-.4374","-2.0401","-.8378","-2.4509","-5.3979","-2.7863","Corporates - Convertible","Convertibles/CEFs/OET/Preferred Stock ETFs"
"Invesco Global Listed Private Equity ETF","PSP","244.64","50.02701242571582928146947595894111291194","1.0813","9.7359","-.9041","6.367","3.8201","-4.4231","Financials - BDCs/PE","Financials ETFs"
"Proshares Short QQQ","PSQ","602.48","10.51995163240628778718258766626360338573","-.3462","-.461","2.5732",".1478","-14.2459","-18.6896","Derivative Based ETF","Inverse Equity ETFs"
"Palmer Square CLO Senior Debt ETF","PSQA","209.9","88.29787234042553191489361702127659574468",".0967",".7741",".2421","1.1027","2.6263","5.5499","Asset Backed - MBS","Mortgage-Backed Security ETFs"
"Palmer Square Credit Opportunities ETF","PSQO","285.76","84.33734939759036144578313253012048192771",".0096",".41","-.048","1.4253","2.2639","5.2086","Total Bond Market - Broad","Total Bond Market ETFs"
"Invesco Dorsey Wright Technology Momentum ETF","PTF","600.26","49.49211515797743981143722992311577529603","-.5828","-7.5481","-9.9974","-15.9309","11.1039","55.7027","Technology  - broad","Technology ETFs"
"Invesco Dorsey Wright Healthcare Momentum ETF","PTH","268.32","95.61038128804870233899391220762576097405","1.3927","4.8656","4.3513","21.9567","28.7221","63.6786","Healthcare - Broad","Health Care ETFs"
"GraniteShares 2x Long PLTR Daily ETF","PTIR","344.23","36.84050015248551387618176273254040866118","6.7553","67.9498","6.4721","45.7516","38.3184","-11.1615","Derivative Based ETF","Single Stock ETF"
"Inspire 500 ETF","PTL","886.53","87.48605429527705466716251394570472294533",".5851","1.7835","-1.6828","2.8264","9.3041","21.9044","Style Box - Large Cap Blend","Style Box - Large Cap Blend"
"Pacer Trendpilot US Large Cap ETF","PTLC","3330.77","89.23766816143497757847533632286995515695",".4123","2.2973","-1.3882","3.3068","6.2879","15.5528","Style Box - Large Cap Blend","Style Box - Large Cap Blend"
"Pacer Trendpilot US Mid Cap ETF","PTMC","397.34","88.21032775288846970054232492336713039378",".488","1.3549","-2.3479","5.3762","6.5915","21.8249","Style Box - Mid Cap Blend","Style Box - Mid Cap Blend"
"Pacer Trendpilot 100 ETF","PTNQ","1238.24","78.46713317538156372251914706044410160339",".3734",".5424","-2.3479","-.0325","10.4445","19.2658","Style Box - Large Cap Growth","Style Box - Large Cap Growth"
"PGIM Total Return Bond ETF","PTRB","1164.74","7.32323232323232323232323232323232323232","-.1343","-.1197","-.1709",".1968","-1.5292","2.8027","Total Bond Market - Broad","Total Bond Market ETFs"
"PGIM Ultra Short Bond ETF","PULS","18636.13","51.51515151515151515151515151515151515152",".0403",".3853",".0604","1.0356","1.8999","4.312","Ultra short Bond ETF","Ultra short Bond ETF"
"Putnam Focused Large Cap Value ETF","PVAL","13917.2","97.61538461538461538461538461538461538462",".6865","3.9058","-.568","8.5756","12.1928","32.8615","Style Box - Large Cap Value","Style Box - Large Cap Value"
"Invesco Large Cap Growth ETF","PWB","2420.35","74.9825436408977556109725685785536159601",".4638","-1.7697","-4.0066","1.2726","15.1665","32.1556","Style Box - Large Cap Growth","Style Box - Large Cap Growth"
"TCW Transform Systems ETF","PWRD","1474.98","54.86687573018508270306831457910594601242","-.0139","-3.7032","-4.7334","-2.095",".6697","18.9015","Strategy - Socially Responsible","Broad Developed World ETFs"
"Invesco Large Cap Value ETF","PWV","1845.7","99.30832668262835860601223729715349827082",".8092","3.6561",".6242","11.6524","17.7306","31.4362","Style Box - Large Cap Value","Style Box - Large Cap Value"
"Invesco RAFI Developed Markets ex-U.S. ETF","PXF","2976.61","100",".8981","4.8681",".1884","4.7534","8.1651","36.1875","Foreign Large Value ETF","Foreign Large Value ETF"
"Invesco RAFI Emerging Markets ETF","PXH","1979.85","89.42731277533039647577092511013215859031","1.1712","3.0924","1.3458","3.9533","4.4815","26.3016","Geographic - Broad Emerging Markets","Broad Emerging Market ETFs"
"Principal Value ETF","PY","243.37","96.32698491219391540934949295077912441256",".6431","4.2752","-.1517","7.9766","8.9028","15.105","Style Box - All Cap Value","Style Box - All Cap Value"
"PIMCO Multisector Bond Active Exchange-Traded Fund","PYLD","15506.25","20.37037037037037037037037037037037037037","-.0382",".3051","-.1908","1.142",".1488","5.0051","Total Bond Market - Broad","Total Bond Market ETFs"
"NYLI Hedge Multi-Strategy Tracker ETF","QAI","1017.23","94.95351925630810092961487383798140770252",".3566","1.0215","-.4218","1.4979","4.9627","11.4326","Absolute Returns ","Hedge Fund ETFs"
"First Trust NASDAQ Clean Edge Green Energy ETF","QCLN","583.36","42.40486088903102014710585225455708346658","1.2034","-4.9896","-5.541","-18.744",".5916","39.3491","Strategy - Socially Responsible","Alternative Energy ETFs"
"FT Vest Nasdaq-100 Buffer ETF - December","QDEC","695.88","95.84664536741214057507987220447284345048",".223","1.3533","-.718","1.9569","11.0905","20.4759","Derivative Based ETF","Defined Outcome"
"FlexShares Quality Dividend Defensive ETF","QDEF","557.99","95.62378936796039888083793672429873018151",".4078","3.0683","-.2999","4.837","9.255","19.4808","Style Box - All Cap Blend","Style Box - All Cap Blend"
"FlexShares Quality Dividend ETF","QDF","2233.6","92.61101243339253996447602131438721136767",".4486","1.7962","-1.0383","4.9252","11.0104","22.6364","Style Box - All Cap Blend","Style Box - All Cap Blend"
"Pacer Metaurus US Large Cap Dividend Multiplier 400 ETF","QDPL","1766.86","92.36739974126778783958602846054333764554",".5637","2.2222","-1.2561","3.0211","10.7742","19.8657","Style Box - Large Cap Blend","Style Box - Large Cap Blend"
"Roundhill Innovation-100 0DTE Covered Call Strategy ETF","QDTE","942.41","21.53846153846153846153846153846153846154","1.4185",".6063","-2.0154","1.8909","13.1629","22.8117","Derivative Based ETF","Derivative Based ETF"
"Amplify CWP Growth & Income ETF","QDVO","746.91","74.90118577075098814229249011857707509881",".1689",".3515","-1.429","-.6759","10.1387","16.1934","Derivative Based ETF","Derivative Based ETF"
"State Street SPDR MSCI EAFE StrategicFactors ETF","QEFA","1072.15","100",".785","4.8118",".6487","5.4735","4.4194","20.1001","Geographic - EAFE","Broad Developed World ETFs"
"Innovator Nasdaq-100 Managed Floor ETF","QFLR","514.5","69.44444444444444444444444444444444444444",".4857","-1.457","-2.0334","-2.3327","1.942","12.58","Derivative Based ETF","Style Box - Large Cap Blend"
"American Century U.S. Quality Growth ETF","QGRO","1996.2","88.25363825363825363825363825363825363825",".5944","2.0765","-1.5703","4.3696","7.2253","8.9346","Style Box - All Cap Growth","Style Box - All Cap Growth"
"WisdomTree U.S. Quality Growth Fund","QGRW","2910.5","89.33257273245864232743867655447803764974",".3451","2.3573","-2.2654","2.4985","16.5795","24.6879","Style Box - All Cap Growth","Style Box - All Cap Growth"
"WisdomTree U.S. High Yield Corporate Bond ETF","QHY","247.05","46.55975168132436627004655975168132436627",".2404",".5408",".0327","1.3161","1.1986","5.6003","Corporates - Junk/High Yield","High-Yield/Junk Bond ETFs"
"ProShares UltraShort QQQ","QID","220.92","7.7064220183486238532110091743119266055","-.6233","-1.5775","5.0512","-1.8542","-29.054","-37.8319","Derivative Based ETF","Inverse Equity ETFs"
"American Century Quality Diversified International ETF","QINT","738.41","100",".756","4.6694",".0601","5.8419","6.0619","24.7239","Foreign Large Blend ETF","Foreign Large Blend ETF"
"FT Vest Nasdaq-100 Buffer ETF - June","QJUN","703.66","85.2924791086350974930362116991643454039",".1563",".8413","-1.5307","-.96","4.556","10.5574","Derivative Based ETF","Defined Outcome"
"FlexShares US Quality Large Cap ETF","QLC","1042.13","93.31291475242470648289943848902501276161",".4999","2.1924","-1.1469","4.9253","12.238","27.1721","Style Box - Large Cap Blend","Style Box - Large Cap Blend"
"ProShares Ultra QQQ","QLD","13787.25","74.63684574590730919990777034816693566982",".6521",".3362","-4.9071","-3.0194","30.9999","47.6276","Derivative Based ETF","Leveraged Equity ETFs"
"iShares Aaa - A Rated Corporate Bond ETF","QLTA","1216.99","3.87453874538745387453874538745387453875","-.0969","-.3205","-.1184","-.5654","-2.1672","1.6605","Corporates - Investment Grade","Investment Grade Corporate Bond ETFs"
"GMO International Quality ETF","QLTI","296.5","95.33678756476683937823834196891191709845",".9022","5.3901",".413","7.2626","-.1613","10.9365","Foreign Large Value ETF","Foreign Large Value ETF"
"GMO U.S. Quality ETF","QLTY","5094.61","94.86301369863013698630136986301369863014",".5147","3.969","-.6705","5.5824","11.0433","25.4626","Style Box - All Cap Blend","Style Box - All Cap Blend"
"FT Vest Nasdaq-100 Buffer ETF - March","QMAR","584.6","96.65338645418326693227091633466135458167",".0931","1.5107","-.5287","1.6203","13.0709","19.6502","Derivative Based ETF","Defined Outcome"
"Alpha Architect U.S. Quantitative Momentum ETF","QMOM","433.45","67.35072803674386787843252223199452750904",".7143","-1.1205","-3.911","-2.8771","3.314","20.8812","Style Box - All Cap Growth","Style Box - All Cap Growth"
"State Street SPDR Portfolio Nasdaq 100 ETF","QNDX","245.72","69.44444444444444444444444444444444444444",".3321",".6664","-2.4223","0","0","0","Style Box - Large Cap Blend","Style Box - Large Cap Blend"
"Invesco QQQ Income Advantage ETF","QQA","842.13","79.16877338456871271109313378501365153201",".3748",".7163","-1.4716","1.2134","12.3486","21.6497","Derivative Based ETF","Style Box - Large Cap Growth"
"First Trust NASDAQ-100 Select Equal Weight ETF","QQEW","1851.79","94.06548431105047748976807639836289222374",".7766","5.7629","-1.1305","10.5278","23.5279","22.0537","Style Box - Large Cap Growth","Style Box - Large Cap Growth"
"HCM Defender 100 Index ETF","QQH","741.69","70.61403508771929824561403508771929824561",".4827",".3737","-3.1632","-1.4673","10.9971","19.5893","Moderate Allocation ","Total Portfolio ETFs"
"Invesco ESG NASDAQ 100 ETF","QQMG","200.5","84.46423314689431851633794524580512216662",".3676",".5728","-2.3139",".5634","19.674","29.2405","Strategy - Socially Responsible","Style Box - Large Cap Blend"
"Invesco QQQ","QQQ","484427.72","82.58462848626783053012561209282520757931",".3531",".6305","-2.4115","-.0359","17.44","27.1968","Style Box - Large Cap Growth","Style Box - Large Cap Growth"
"Direxion NASDAQ-100 Equal Weighted Index ETF","QQQE","1436.08","93.2238910234020258470136220747467691233",".4336","3.9638","-1.5085","6.4503","19.2388","26.9601","Style Box - Large Cap Growth","Style Box - Large Cap Growth"
"NEOS Nasdaq-100 Hedged Equity Income ETF","QQQH","379.54","74.4511613108495068405981546293350302259",".646",".5593","-.9249","-.3756","5.7838","11.7462","Derivative Based ETF","Style Box - All Cap Blend"
"NEOS Nasdaq-100 High Income ETF","QQQI","14076.78","63.94984326018808777429467084639498432602",".3515",".5367","-1.61",".0777","10.6728","18.7875","Derivative Based ETF","Style Box - Large Cap Growth"
"Invesco NASDAQ Next Gen 100 ETF","QQQJ","1182.8","93.63341443633414436334144363341443633414",".9105","4.3917","-1.3618","7.9147","19.6963","35.8403","Style Box - Large Cap Growth","Style Box - Large Cap Growth"
"Invesco NASDAQ 100 ETF","QQQM","103103.07","82.58790072388831437435367114788004136505",".3313",".6372","-2.4086","-.0333","17.4611","27.2272","Style Box - Large Cap Growth","Style Box - Large Cap Growth"
"FT Vest Nasdaq-100 Buffer ETF - September","QSPT","647.35","97.09757834757834757834757834757834757835",".2665","1.8632","-.3606","3.0352","12.1141","16.9786","Derivative Based ETF","Defined Outcome"
"First Trust NASDAQ-100-Technology Sector ETF","QTEC","4690.12","83.256934193147385595524823246057027426",".1498","1.4826","-3.8174","4.9192","38.4423","50.3817","Technology  - broad","Technology ETFs"
"iShares Nasdaq Top 30 Stocks ETF","QTOP","282.39","77.47669837609301431728644181800711059864",".4107","-1.0453","-2.9443","-2.2906","17.4653","26.8621","Style Box - Large Cap Growth","Style Box - Large Cap Growth"
"Defiance Quantum ETF","QTUM","5564.97","75.72660915726609157266091572660915726609",".8546","3.6295","-5.1739",".9442","28.7206","65.554","Technology  - broad","Technology ETFs"
"iShares MSCI USA Quality Factor ETF","QUAL","47516.62","90.26787908577045957237650528385352666503",".4139","2.3335","-1.1601","5.1076","9.607","20.6611","Style Box - All Cap Blend","Style Box - All Cap Blend"
"State Street SPDR MSCI USA StrategicFactors ETF","QUS","1569.29","95.3035893995303589399530358939953035894",".6357","3.8538","-.4244","5.863","9.1511","19.0485","Style Box - Large Cap Blend","Style Box - Large Cap Blend"
"Alpha Architect U.S. Quantitative Value ETF","QVAL","626.15","100",".8907","8.8666","1.9607","15.0853","16.4568","41.6163","Style Box - Large Cap Value","Style Box - Large Cap Value"
"Invesco S&P 500 QVM Multi-factor ETF","QVML","1531.91","90.97693351424694708276797829036635006784",".3701","2.0045","-1.5649","3.5086","12.2621","21.4672","Style Box - Large Cap Blend","Style Box - Large Cap Blend"
"Invesco S&P MidCap 400 QVM Multi-factor ETF","QVMM","434.23","88.24063269804226630364319979255801892908",".4264","1.1241","-2.4707","5.2848","6.9352","22.9788","Style Box - Mid Cap Blend","Style Box - Mid Cap Blend"
"Invesco S&P SmallCap 600 QVM Multi-factor ETF","QVMS","251.64","90.67276581501729331696976458774963739819",".7311",".1767","-2.3604","8.27","12.4795","29.5819","Style Box - Small Cap Blend","Style Box - Small Cap Blend"
"Global X Nasdaq 100 Covered Call ETF","QYLD","8312.33","89.74358974358974358974358974358974358974",".4937","2.8058",".6041","4.7248","9.3565","23.0966","Derivative Based ETF","Derivative Based ETF"
"SMI 3Fourteen REAL Asset Allocation ETF","RAA","614.47","98.22498847395112955278930382664822498847",".5602","3.0182",".7262","1.941","7.1508","19.4486","Moderate Allocation","Total Portfolio ETFs"
"VanEck Real Assets ETF","RAAX","1289.49","93.23529411764705882352941176470588235294",".9128","4.9988","1.1558",".8886","3.7284","34.1256","Absolute Returns ","Total Portfolio ETFs"
"Roundhill T-REX 2X Long DRAM Daily Target ETF","RAM","738.37","26.98863636363636363636363636363636363636",".5352","-12.4501","-.3788","0","0","0","Derivative Based ETF","Single Stock ETF"
"FlexShares Ultra-Short Income Fund","RAVI","1519.46","37.25490196078431372549019607843137254902","-.0531",".3307",".081","1.0251","1.7323","4.0557","Ultra short Bond ETF","Ultra short Bond ETF"
"Invesco S&P Ultra Dividend Revenue ETF","RDIV","1414.9","98.78787878787878787878787878787878787879",".6465","3.9746",".2041","11.8059","14.0793","32.0376","Style Box - Large Cap Value","Style Box - Large Cap Value"
"FT Vest Rising Dividend Achievers Target Income ETF","RDVI","3691.35","83.88349514563106796116504854368932038835","-.2051","1.5701","-2.7648","9.1128","11.0666","25.8455","Style Box - Large Cap Value","Style Box - Large Cap Value"
"First Trust Rising Dividend Achievers ETF","RDVY","25228.33","89.76670201484623541887592788971367974549",".5521","1.9152","-2.266","9.7706","12.5256","27.9056","Style Box - Large Cap Value","Style Box - Large Cap Value"
"Columbia Research Enhanced Core ETF","RECS","6010.67","93.13471502590673575129533678756476683938",".3334","1.6667","-1.1605","4.9036","9.9367","17.3077","Strategy - Beta","Style Box - All Cap Blend"
"iShares Global REIT ETF","REET","5079.67","79.23627684964200477326968973747016706444","-.2137","-1.8908","-.4264","2.7912","4.7476","15.5634","Real Estate   - REITs","Real Estate ETFs"
"ProShares S&P MidCap 400 Dividend Aristocrats ETF","REGL","1786.56","87.64505119453924914675767918088737201365",".0319","1.3257","-1.889","6.8235","2.1607","13.7828","Strategy - Dividend Growth","Style Box - Mid Cap Value"
"iShares Mortgage Real Estate ETF","REM","541.82","43.85474860335195530726256983240223463687","-.2266",".5939","-.4521","3.2037",".1843","8.556","Real Estate   - REITs","Financials ETFs"
"VanEck Rare Earth and Strategic Metals ETF","REMX","2215.82","44.84476811038712150249137600613261786125","6.6852","12.2307","2.8008","-15.6217","-9.2697","43.0453","Materials  - Rare Earth/Lithium","Materials ETFs"
"Columbia Research Enhanced Value ETF","REVS","344.67","99.19319348687105764999266539533519143318",".6333","3.9654","-.1615","9.3162","14.0954","24.8623","Strategy - Beta","Style Box - All Cap Value"
"iShares Residential and Multisector Real Estate ETF","REZ","866.63","82.11517165005537098560354374307862679956",".3446","-1.8187",".7085","5.4202","8.6698","17.774","Real Estate   - REITs","Real Estate ETFs"
"Invesco S&P MidCap 400 Pure Growth ETF","RFG","350.74","83.48423765778864582644901196219681448682",".4381","1.9293","-3.1488","1.4177","6.5487","25.6133","Style Box - Mid Cap Growth","Style Box - Mid Cap Growth"
"Invesco S&P MidCap 400 Pure Value ETF","RFV","337.46","93.46407309541243513418866002355862595906","1.2834","1.0679","-1.3451","10.0612","9.0753","23.2061","Style Box - Mid Cap Value","Style Box - Mid Cap Value"
"Rockefeller Global Equity ETF","RGEF","819.46","90.28525296017222820236813778256189451023",".3293","1.2483","-2.019","2.8675","9.8989","24.8753","Global Large-Cap Blend Equity ETF","Global Large-Cap Blend Equity ETF"
"Russell Investments Global Equity ETF","RGLO","354.15","93.68007257332930148170547323858482007862",".5178","2.3902","-1.0781","3.5297","8.8305","23.1175","Global Large-Cap Blend Equity ETF","Global Large-Cap Blend Equity ETF"
"iShares MSCI Global Gold Miners ETF","RING","2500.02","82.14583333333333333333333333333333333333","3.5682","42.8459","15.7915","21.9979",".2924","81.907","Materials  - Gold Mining","Materials ETFs"
"FolioBeyond Alternative Income and Interest Rate Hedge ETF","RISR","323.59","89.44099378881987577639751552795031055901",".3267","1.1749",".0543","2.5367","6.0089","5.0852","Asset Backed - MBS","Mortgage-Backed Security ETFs"
"RJ ClariVest Capital Appreciation ETF","RJCA","588.32","19.32234432234432234432234432234432234432",".5915","0","-2.2902","0","0","0","Style Box - Large Cap Growth","Style Box - Large Cap Growth"
"Defiance Daily Target 2X Long RKLB ETF","RKLX","208.54","6.18638994212731989622829774496108561165","-1.006","1.8107","-18.8454","-75.5011","-44.1702","8.7708","Derivative Based ETF","Single Stock ETF"
"State Street Multi-Asset Real Return ETF","RLY","1355.17","100",".7188","5.523","2.7291","3.7809","7.7787","30.1637","Hedge Fund - Inflation-Focused","Total Portfolio ETFs"
"ROBO Global Robotics and Automation Index ETF","ROBO","2055.88","67.01438848920863309352517985611510791367",".2842","2.255","-4.3145","-4.7748","3.2697","30.2053","World Small/Mid Stock ETF","World Small/Mid Stock ETF"
"First Trust NASDAQ Artificial Intelligence and Robotics ETF","ROBT","769.3","92.97957695113056163384390955506929248724","1.1315","9.6626","-1.0342","8.6091","17.1603","20.9289","Artificial Intelligence and Robotics ETF","Artificial Intelligence and Robotics ETF"
"JPMorgan Nasdaq Equity Premium Yield ETF","ROCQ","487.08","72.91861552853133769878391019644527595884",".258","-.0746","-2.2411",".7414","0","0","Derivative Based ETF","Style Box - Large Cap Growth"
"JPMorgan Equity Premium Yield ETF","ROCY","564.85","89.11355115158007498660953401178361006963",".3045","1.3252","-1.384","3.9476","0","0","Derivative Based ETF","Style Box - Large Cap Blend"
"Hartford Multifactor Developed Markets (ex-US) ETF","RODM","1641.58","98.42305600870038064165307232191408374116",".6892","2.9254","-.274","3.1879","5.4731","22.922","Foreign Large Value ETF","Foreign Large Value ETF"
"Astoria US Equal Weight Quality Kings ETF","ROE","279.66","94.25",".7219","3.9465","-1.4533","8.623","15.8567","34.4783","Style Box - All Cap Value","Style Box - All Cap Value"
"State Street SPDR S&P Kensho Final Frontiers ETF","ROKT","201.19","67.14242743269664611219732290570010527899",".4575","4.9374","-6.4009","-4.5204","11.3469","67.5516","Industrials  - Aerospace & Defense","Industrials ETFs"
"ProShares Ultra Technology","ROM","1226.12","69.37544357700496806245564229950319375444",".1743","1.6646","-7.116",".8851","58.1642","79.1935","Derivative Based ETF","Leveraged Equity ETFs"
"Baron First Principles ETF","RONB","344.86","56.94444444444444444444444444444444444444","1.6624","7.5778","-.2509","1.5326","-.7077","0","Style Box - Large Cap Growth","Style Box - Large Cap Growth"
"Hartford Multifactor US Equity ETF","ROUS","748.86","92.27405247813411078717201166180758017493",".4427","2.2686","-1.5333","5.0336","11.3115","25.4862","Style Box - Large Cap Value","Style Box - Large Cap Value"
"RPAR Risk Parity ETF","RPAR","584.38","66.03773584905660377358490566037735849057","0","2.7466","1.3045",".8499","-2.968","15.2594","Multi-Asset - Total Portfolio","Total Portfolio ETFs"
"Invesco S&P 500 Pure Growth ETF","RPG","1957.7","72.06537890044576523031203566121842496285",".5007","-.4617","-3.2896","1.0274","15.9657","27.4095","Style Box - Large Cap Growth","Style Box - Large Cap Growth"
"Invesco S&P 500 Pure Value ETF","RPV","1728.99","98.5190670122176971492039985190670122177",".5995","3.3496","-.3255","10.4058","9.6617","30.2033","Style Box - Large Cap Value","Style Box - Large Cap Value"
"Rockefeller U.S. Small-Mid Cap ETF","RSMC","778.53","89.95690462806820311036162638186246955218",".9242","3.5544","-1.6989","4.7985","9.1336","12.0035","Style Box - All Cap Growth","Style Box - All Cap Growth"
"Invesco S&P 500 Equal Weight ETF","RSP","99317.65","97.2899728997289972899728997289972899729",".631","4.1878","-.4938","8.6806","9.4084","20.9854","Style Box - Large Cap Blend","Style Box - Large Cap Blend"
"Invesco S&P 500 Equal Weight Income Advantage ETF","RSPA","1130.93","97.56097560975609756097560975609756097561",".2192","3.0815","-.1092","6.9089","8.0772","18.7885","Derivative Based ETF","Style Box - Large Cap Blend"
"Invesco S&P 500 Equal Weight Consumer Discretionary ETF","RSPD","316.75","68.33333333333333333333333333333333333333","1.0482","4.0639","-1.0523","7.4079","-2.8452","1.8848","Consumer Discretionary - Broad","Consumer Discretionary ETFs"
"Invesco S&P 500 Equal Weight Financials ETF","RSPF","310.86","94.75903614457831325301204819277108433735","1.1696","3.3088","-.7145","12.3236","12.5702","11.4721","Financials-Broad","Financials ETFs"
"Invesco S&P 500 Equal Weight Energy ETF","RSPG","626.24","99.48875255623721881390593047034764826176","-.1753","7.8365","2.3689","6.7631","16.7377","54.6357","Energy - Broad","Energy ETFs"
"Invesco S&P 500 Equal Weight Health Care ETF","RSPH","817.2","97.30010384215991692627206645898234683281","1.4504","12.1437","4.9167","22.8333","15.3387","29.0819","Healthcare - Broad","Health Care ETFs"
"Invesco S&P 500 Equal Weight Industrials ETF","RSPN","1055.16","84.17884780739466895958727429062768701634",".3013","1.427","-2.572","6.527","-.1958","15.1266","Industrials  - Broad","Industrials ETFs"
"Invesco S&P 500 Equal Weight Consumer Staples ETF","RSPS","247.82","68.71896722939424031777557100297914597815",".8278","3.4629",".8759","6.8246","-1.6592","3.5383","Consumer Staples - Broad","Consumer Staples ETFs"
"Invesco S&P 500 Equal Weight Technology ETF","RSPT","5790.24","86.73040152963671128107074569789674952199",".5813","5.4869","-3.3223","7.9773","36.3008","57.3886","Technology  - broad","Technology ETFs"
"Invesco S&P 500 Equal Weight Utilities ETF","RSPU","534.78","28.19194515852613538988860325621251071123","-2.3021","-4.9672","-3.3672","-3.8668","-6.2314","4.1819","Utilities  - Broad","Utilities/Infrastructure ETFs"
"Return Stacked Global Stocks & Bonds ETF","RSSB","521.58","91.31274131274131274131274131274131274131",".3226","2.3026","-1.05","2.7081","5.0321","16.6104","Derivative Based ETF","Total Portfolio ETFs"
"Global X Russell 2000 ETF","RSSL","1515.41","93.5928326602640241626225947670275223131",".8971","1.1777","-1.5811","6.5624","13.9552","33.9999","Style Box - Small Cap Blend","Style Box - Small Cap Blend"
"Return Stacked U.S. Stocks & Managed Futures ETF","RSST","498.52","89.91517436380772855796418473138548539114","1.2016",".8381","-.9409",".6272","10.8224","42.3321","Derivative Based ETF","Hedge Fund ETFs"
"VanEck Retail ETF","RTH","251.47","63.49806201550387596899224806201550387597",".6103","1.5343","-2.1695","-.2978",".556","6.5495","Consumer Discretionary - Retail","Consumer Discretionary ETFs"
"Running Oak Efficient Growth ETF","RUNN","407.61","94.2554240631163708086785009861932938856",".7134","7.7513","-.2628","9.1677","3.3529","2.7481","Style Box - All Cap Growth","Style Box - All Cap Growth"
"Rayliant NxtGen Multifactor International Equity ETF","RWIN","207.96","100",".7328","5.0484",".1939","7.0102","0","0","Foreign Large Blend ETF","Foreign Large Blend ETF"
"Invesco S&P SmallCap 600 Revenue ETF","RWJ","2061.93","92.15902816123688569850911098840419657648","1.0202","1.1317","-1.4449","12.5703","15.0087","35.3045","Style Box - Small Cap Blend","Style Box - Small Cap Blend"
"Invesco S&P MidCap 400 Revenue ETF","RWK","1321.32","92.6214454976303317535545023696682464455","1.0203","1.6192","-1.6356","9.1438","9.3995","25.6399","Style Box - Mid Cap Value","Style Box - Mid Cap Value"
"Invesco S&P 500 Revenue ETF","RWL","9894.77","93.90719093163301452355650017711654268509",".6465","2.6292","-1.2683","7.2372","11.6526","27.3246","Style Box - Large Cap Value","Style Box - Large Cap Value"
"State Street SPDR Dow Jones Global Real Estate ETF","RWO","1277.14","80.96446700507614213197969543147208121827",".0792","-1.8076",".0991","2.9023","3.7119","16.2923","Real Estate   - Broad","Real Estate ETFs"
"State Street SPDR Dow Jones REIT ETF","RWR","1869.48","78.81751500333407423871971549233162925094","-.0437","-2.7124","-.0437","3.9673","8.2592","21.0575","Real Estate   - REITs","Real Estate ETFs"
"State Street SPDR Dow Jones International Real Estate ETF","RWX","264.56","38.88888888888888888888888888888888888889",".7971",".8995",".144","2.0953","-6.0767","3.976","Real Estate   - Broad","Real Estate ETFs"
"iShares Global Consumer Discretionary ETF","RXI","269.93","60.48944574743858782866312800888779163066",".4046","2.9961","-.9761","1.4913","-1.9014","4.5345","Consumer Discretionary - Broad","Consumer Discretionary ETFs"
"Global X Russell 2000 Covered Call ETF","RYLD","1403.55","100",".1219","2.2402",".1829","7.5244","9.3929","22.4022","Derivative Based ETF","Derivative Based ETF"
"7.125% Fixed-Rate Reset Subordinated Debentures due 2052","RZC","1719.41","49.51456310679611650485436893203883495146","-.039","1.1037","-.3883",".9843",".4307","0","Corporates - Long Term","Investment Grade Corporate Bond ETFs"
"Invesco S&P SmallCap 600 Pure Value ETF","RZV","300.1","93.3436568285298264266068828437377215892","1.1692","-1.3488","-1.8801","12.6072","12.3313","35.0854","Style Box - Small Cap Value","Style Box - Small Cap Value"
"Strategas Macro Thematic Opportunities ETF","SAMT","871.03","65.53976181329235497502881290818286592393",".6985","-1.1316","-1.1654","-3.8889","9.7911","25.2171","Style Box - All Cap Blend","Style Box - All Cap Blend"
"Simplify Barrier Income ETF","SBAR","414.73","60.7758620689655172413793103448275862069",".1168",".9331","-.3102","3.8462","5.3019","10.478","Derivative Based ETF","Derivative Based ETF"
"Simplify Government Money Market ETF","SBIL","4871.12","58.33333333333333333333333333333333333333",".0199",".3191",".0599",".9075","1.7752","3.714","US Treasury - Ultra Short","Money Market/Ultra-Short Term ETFs"
"ALPS Medical Breakthroughs ETF","SBIO","231.39","95.38714991762767710049423393739703459638",".8022","6.3558","2.72","28.4572","35.7547","100.499","Healthcare - Broad","Health Care ETFs"
"Schwab Core Bond ETF","SCCR","1757.98","3.82978723404255319148936170212765957447","-.159","-.1861","-.0796",".0165","-1.6411","2.802","Total Bond Market - Broad","Total Bond Market ETFs"
"Sterling Capital Enhanced Core Bond ETF","SCEC","606.26","1.63934426229508196721311475409836065574","-.1426","-.3828","-.2645","-.2355","-1.7838","2.3451","Total Bond Market - Broad","Total Bond Market ETFs"
"Sterling Capital Hedged Equity Premium Income ETF","SCEP","238.9","74.45544554455445544554455445544554455446",".2004",".958","-2.42","1.6981","4.818","0","Derivative Based ETF","Style Box - All Cap Blend"
"Schwab U.S. Small-Cap ETF","SCHA","23856.53","86.51452282157676348547717842323651452282",".5195",".6066","-2.3001","5.3072","13.131","33.6919","Style Box - Small Cap Blend","Style Box - Small Cap Blend"
"Schwab U.S. Broad Market ETF","SCHB","44319.93","91.57894736842105263157894736842105263158",".4751","2.3151","-1.4642","3.7948","11.775","21.9857","Style Box - All Cap Blend","Style Box - All Cap Blend"
"Schwab International Small-Cap Equity ETF","SCHC","5700.19","96.39751552795031055900621118012422360248",".6086","6.4161","-.0195","2.2249",".9391","21.1243","Foreign Small/Mid Blend ETF","Foreign Small/Mid Blend ETF"
"Schwab U.S. Dividend Equity ETF","SCHD","110750.7","100",".8039","6.9775","1.7092","9.6512","12.684","31.3881","Style Box - Large Cap Value","Style Box - Large Cap Value"
"Schwab Emerging Markets Equity ETF","SCHE","12815.46","95.38461538461538461538461538461538461538",".7083","2.552",".626","4.0312","3.8269","20.8868","Geographic - Broad Emerging Markets","Broad Emerging Market ETFs"
"Schwab International Equity ETF","SCHF","68952.74","98.66888519134775374376039933444259567388",".8505","4.0966","-.1404","4.6235","6.8895","29.0313","Foreign Large Blend ETF","Foreign Large Blend ETF"
"Schwab U.S. Large-Cap Growth ETF","SCHG","61665.44","92.09183673469387755102040816326530612245",".6268","3.0639","-1.3132","3.072","14.4937","18.1323","Style Box - Large Cap Growth","Style Box - Large Cap Growth"
"Schwab U.S. REIT ETF","SCHH","11405.64","80.28846153846153846153846153846153846154","-.0831","-1.9976","-.2903","2.3607","6.5863","16.3481","Real Estate   - REITs","Real Estate ETFs"
"Schwab 1-5 Year Corporate Bond ETF","SCHJ","848.05","11.66666666666666666666666666666666666667",".0408",".3869","-.0408",".747",".2739","3.2999","Corporates - Investment Grade","Investment Grade Corporate Bond ETFs"
"Schwab 1000 Index ETF","SCHK","5866.17","91.59663865546218487394957983193277310924",".4621","2.4674","-1.4137","3.8198","11.7722","21.7642","Style Box - Large Cap Blend","Style Box - Large Cap Blend"
"Schwab U.S. Mid-Cap ETF","SCHM","15016.36","91.74418604651162790697674418604651162791",".6682","2.2914","-1.4714","4.9384","10.229","27.001","Style Box - Mid Cap Blend","Style Box - Mid Cap Blend"
"Schwab Short-Term U.S. Treasury ETF","SCHO","13014","16.27906976744186046511627906976744186047","0",".5037","0",".7598",".6316","2.9285","US Treasury - Short Term","Government Bond ETFs"
"Schwab U.S. TIPS ETF","SCHP","16515.35","6.29921259842519685039370078740157480315","-.4219","-.0153",".0771","-.0733","-.3219","2.1893","US Treasury - TIPS","Inflation-Protected Bond ETFs"
"Schwab Long-Term U.S. Treasury ETF","SCHQ","812.31","6.35838150289017341040462427745664739884","-.333","-1.1283",".0334","-.9634","-5.322",".2343","US Treasury - Long Term","Government Bond ETFs"
"Schwab Intermediate-Term U.S. Treasury ETF","SCHR","13411.46","2.85714285714285714285714285714285714286","-.1638",".1182","-.2455",".203","-1.4889","1.7135","US Treasury - Intermediate Term","Government Bond ETFs"
"Schwab U.S. Large-Cap Value ETF","SCHV","15903.6","93.91796322489391796322489391796322489392",".4023","2.4934","-1.2157","6.3533","9.3665","25.223","Style Box - Large Cap Value","Style Box - Large Cap Value"
"Schwab U.S. Large-Cap ETF","SCHX","73584.7","91.36442141623488773747841105354058721934",".4322","2.4763","-1.4034","3.7202","11.6979","21.277","Style Box - Large Cap Blend","Style Box - Large Cap Blend"
"Schwab International Dividend Equity ETF","SCHY","2558.16","95.14106583072100313479623824451410658307",".5383","4.0545","1.3261","3.9691","2.0888","22.4552","Foreign Large Value ETF","Foreign Large Value ETF"
"Schwab U.S. Aggregate Bond ETF","SCHZ","10643.04","4.08163265306122448979591836734693877551","-.1316",".035","-.0878",".1257","-1.4691","2.5346","Total Bond Market - Broad","Total Bond Market ETFs"
"First Trust Structured Credit Income Opportunities ETF","SCIO","535.35","13.55932203389830508474576271186440677966","-.5332",".561","-.485","1.4383",".9574","4.9541","Asset Backed - MBS","Mortgage-Backed Security ETFs"
"iShares MSCI Japan Small-Cap ETF","SCJ","258.42","90.74274382549125653506399855777897962863",".6139","3.0869","-1.7601","4.9643","3.4927","23.9443","Geographic - Japan","Asia-Pacific (Developed) ETFs"
"Sterling Capital Multi-Strategy Income ETF","SCMC","228.73","16.37931034482758620689655172413793103448","-.0602",".1533","-.2402",".8807",".7649","0","Total Bond Market - Broad","Total Bond Market ETFs"
"ProShares UltraShort Bloomberg Crude Oil","SCO","698.27",".4779169413315754779169413315754779169413","-.5476","-11.7053","-9.3666","-5.4087","-59.265","-65.6831","Derivative Based ETF","Inverse Commodity ETFs"
"Schwab Ultra-Short Income ETF","SCUS","256.63","33.33333333333333333333333333333333333333","0",".3893",".0318",".9087","1.6074","3.7388","Ultra short Bond ETF","Ultra short Bond ETF"
"Schwab High Yield Bond ETF","SCYB","2796.07","28",".0769",".5171","-.0768","1.3509","1.4563","5.4415","Corporates - Junk/High Yield","High-Yield/Junk Bond ETFs"
"iShares MSCI EAFE Small-Cap ETF","SCZ","13226.8","96.04685212298682284040995607613469985359",".6977","4.4632","-.6197","3.1374","2.8835","18.8329","Geographic - EAFE","Broad Developed World ETFs"
"USCF SummerHaven Dynamic Commodity Strategy No K-1 ETF","SDCI","613.63","100",".1978","4.8276","3.4365","6.5919","28.2159","40.5247","Basket - Broad","Broad Commodity ETFs"
"Global X SuperDividend ETF","SDIV","1226.35","58.72093023255813953488372093023255813953",".6869",".9248","1.342","-.0393","-.3179","15.5551","Strategy - High Dividend Yield","World ETFs"
"ALPS Sector Dividend Dogs ETF","SDOG","1458.03","98.93629880333615375317297231959385954309",".3795","4.3386",".3387","11.7643","12.0137","28.9218","Style Box - Large Cap Value","Style Box - Large Cap Value"
"ProShares UltraShort S&P500","SDS","401.88","6.76274944567627494456762749445676274945","-.6913","-3.9754","3","-4.9666","-17.7217","-27.8445","Derivative Based ETF","Inverse Equity ETFs"
"American Century Short Duration Strategic Income ETF","SDSI","273.68","17.9012345679012345679012345679012345679",".0489",".4673","-.0391",".9878","1.0575","4.1319","Short-Term Bond ETF","Short-Term Bond ETF"
"FT Vest SMID Rising Dividend Achievers Target Income ETF","SDVD","925.78","76.71641791044776119402985074626865671642","-.3006","1.5795","-3.25","6.2022","3.3618","18.548","Style Box - All Cap Value","Style Box - All Cap Value"
"First Trust SMID Cap Rising Dividend Achievers ETF","SDVY","11574.73","87.42655699177438307873090481786133960047",".458","1.6215","-2.1414","6.2865","3.5921","19.7814","Style Box - Mid Cap Value","Style Box - Mid Cap Value"
"State Street SPDR S&P Dividend ETF","SDY","22084.36","97.65421372719374456993918331885317115552",".2277","3.1376","-.0568","7.1434","3.3946","15.0146","Style Box - Large Cap Value","Style Box - Large Cap Value"
"Main Sector Rotation ETF","SECT","2842.52","87.44966442953020134228187919463087248322",".336","1.2004","-2.4105","3.5207","11.7401","21.7625","Style Box - All Cap Blend","Style Box - All Cap Blend"
"iShares Securitized Income Active ETF","SECU","946.39","7.72200772200772200772200772200772200772","-.141",".2415","-.1612","1.2099",".8523","0","Asset Backed - MBS","Mortgage-Backed Security ETFs"
"SEI Select Emerging Markets Equity ETF","SEEM","648.43","81.75171363290175171363290175171363290175",".9426","2.2888",".6058","3.1078","9.8661","41.5592","Geographic - Broad Emerging Markets","Broad Emerging Market ETFs"
"SEI Select International Equity ETF","SEIE","1291.28","99.38562091503267973856209150326797385621",".6853","4.4919","-.1263","7.0092","6.3827","25.5915","Global Large-Cap Blend Equity ETF","Global Large-Cap Blend Equity ETF"
"SEI QiM U.S. Large Cap Momentum Active ETF","SEIM","1446.41","84.3678160919540229885057471264367816092",".4455",".8762","-2.9591","2.4801","12.1955","26.5463","Style Box - Large Cap Blend","Style Box - Large Cap Blend"
"SEI QiM U.S. Large Cap Quality Active ETF","SEIQ","706.18","91.75736467856624582789145261935858365985",".453","3.9767","-.1548","5.5765","9.3443","12.1851","Style Box - Large Cap Blend","Style Box - Large Cap Blend"
"SEI Select Small Cap ETF","SEIS","588.25","92.39451070924714633833525715018596896242","1.3207","1.1285","-1.7618","6.1989","11.7017","24.5299","Style Box - Small Cap Blend","Style Box - Small Cap Blend"
"SEI QiM U.S. Large Cap Value Active ETF","SEIV","1534.83","95.49090909090909090909090909090909090909",".7837","5.0238","-1.2058","10.6836","18.2893","38.7632","Style Box - Large Cap Value","Style Box - Large Cap Value"
"Virtus Seix Senior Loan ETF","SEIX","255.78","30.26315789473684210526315789473684210526",".6228",".7966",".2771","1.7151","4.247","5.6484","Corporates - Bank Loan","High-Yield/Junk Bond ETFs"
"SEI QiM U.S. Large Cap Low Volatility Active ETF","SELV","271.6","99.41804073714839961202715809893307468477",".7639","5.4267",".5935","6.7284","5.9029","13.1749","Style Box - Large Cap Blend","Style Box - Large Cap Blend"
"Sprott Critical Materials ETF","SETM","599.35","75.55555555555555555555555555555555555556","5.4807","19.9959","6.792",".9169","-2.7072","71.7211","Materials  - Broad","Materials ETFs"
"SEI QiM U.S. Equity Factor Allocation Active ETF","SEUS","935.81","80.78575813382443216697360343769183548189",".7436","3.9394","-1.1829","0","0","0","Style Box - All Cap Blend","Style Box - All Cap Blend"
"Sequoia Global Value ETF","SFGV","1193.5","99.73366755444148519504934983550054833151",".7128","3.7183","-.0463","6.6618","6.0163","0","Global Large-Cap Value Equity ETF","Global Large-Cap Value Equity ETF"
"VictoryShares Small Cap Free Cash Flow ETF","SFLO","750.88","100",".6326","9.5646","1.3507","22.4744","31.3048","43.618","Style Box - Small Cap Value","Style Box - Small Cap Value"
"Innovator Equity Managed Floor ETF","SFLR","2148.07","88.02660753880266075388026607538802660754",".3255",".831","-1.3716","1.7886","5.5759","12.4717","Style Box - Large Cap Blend","Style Box - Large Cap Blend"
"Horizon International Managed Risk ETF","SFTX","774.46","98.36655177581297767121234826914431290274",".8133","4.083",".2505","3.8368","8.6254","0","Foreign Large Blend ETF","Foreign Large Blend ETF"
"Horizon Managed Risk ETF","SFTY","775.04","92.35679779158040027605244996549344375431",".5305","2.4506","-1.2574","3.6587","11.1591","20.9794","Style Box - Large Cap Blend","Style Box - Large Cap Blend"
"SoFi Select 500 ETF","SFY","687.67","90.38545454545454545454545454545454545455",".4254","2.7742","-1.8495","3.1745","14.4042","25.0134","Style Box - Large Cap Growth","Style Box - Large Cap Growth"
"Sprott Junior Gold Miners ETF","SGDJ","371.7","76.73381770145310435931307793923381770145","2.1994","35.2651","10.9772","18.9386","-4.7664","87.9058","Materials  - Gold Mining","Materials ETFs"
"Sprott Gold Miners ETF","SGDM","736.32","77.766485998193315266485998193315266486","2.7464","38.7744","13.6164","19.6264","-1.1848","69.4786","Materials  - Gold Mining","Materials ETFs"
"SGI U.S. Large Cap Core ETF","SGLC","210.14","93.81578947368421052631578947368421052632",".4907","3.2993","-1.4267","6.0462","14.803","29.4284","Style Box - Large Cap Blend","Style Box - Large Cap Blend"
"abrdn Physical Gold Shares ETF","SGOL","7567.56","61.43892339544513457556935817805383022774","1.9481","12.9787","5.4956","1.6651","-9.4915","38.1087","Precious Metals - Gold","Precious Metals ETFs"
"iShares 0-3 Month Treasury Bond ETF","SGOV","104015.08","76.08695652173913043478260869565217391304",".0398",".3348",".0696",".9466","1.8147","3.772","US Treasury - Ultra Short","Government Bond ETFs"
"F/m Accumulator Ultrashort Treasury Fund","SGVA","256.27","100",".0199",".3387",".0696","0","0","0","US Treasury - Ultra Short","Government Bond ETFs"
"Schwab Government Money Market ETF","SGVT","905.02","82.68398268398268398268398268398268398268",".0298",".309",".0546",".8783","1.6874","3.5812","US Treasury - Ultra Short","Money Market/Ultra-Short Term ETFs"
"ProShares Short S&P500","SH","815.75","7.71388499298737727910238429172510518934","-.399","-1.8451","1.4697","-1.9461","-8.2214","-13.1678","Derivative Based ETF","Inverse Equity ETFs"
"State Street SPDR MSCI USA Gender Diversity ETF","SHE","331.67","92.1358620875711549356570534437639949281",".4983","3.4416","-1.7408","5.508","18.2998","28.9348","Strategy - Socially Responsible","Style Box - Large Cap Blend"
"Global X Defense Tech ETF","SHLD","7487.5","44.8536831483350151362260343087790110999","-.8278","11.3527","-5.2535","4.5155","-10.8447","10.4974","Industrials  - Aerospace & Defense","Industrials ETFs"
"Strive U.S. Semiconductor ETF","SHOC","232.59","70.89172889144170017231476163124641010913","-.4018","-4.0822","-4.7858","-1.5809","33.8216","88.5051","Technology  - Semiconductors","Technology ETFs"
"iShares 0-1 Year Treasury Bond ETF","SHV","20739.26","61.70212765957446808510638297872340425532",".0272",".3625",".0635",".9157","1.755","3.7179","Ultra short Bond ETF","Ultra short Bond ETF"
"iShares 1-3 Year Treasury Bond ETF","SHY","25270.36","16.31205673758865248226950354609929078014","-.0244",".4406","0",".7207",".5479","2.789","US Treasury - Short Term","Government Bond ETFs"
"iShares 0-5 Year High Yield Corporate Bond ETF","SHYG","7659.3","23.64864864864864864864864864864864864865",".0948",".6285","-.0473","1.2795","1.9445","5.3243","Corporates - Junk/High Yield","High-Yield/Junk Bond ETFs"
"Xtrackers Short Duration High Yield Bond ETF","SHYL","266.38","10.06289308176100628930817610062893081761",".0704",".1962","-.068",".9492","1.4242","4.5408","Corporates - Junk/High Yield","High-Yield/Junk Bond ETFs"
"Global X Silver Miners ETF","SIL","5285","70.68992862807295796986518636003172085646","2.1445","31.8019","11.1669","11.4992","-7.51","86.5099","Materials  - Silver Mining","Materials ETFs"
"Amplify Junior Silver Miners ETF","SILJ","4187.81","63.79757785467128027681660899653979238754",".9485","27.4142","6.9324","9.3493","-11.6491","93.2427","Materials  - Silver Mining","Materials ETFs"
"Touchstone Strategic Income ETF","SIO","296.26","8.60927152317880794701986754966887417219","-.118",".2776",".0788",".389","-.6671","4.0563","Total Bond Market - Broad","Total Bond Market ETFs"
"abrdn Physical Silver Shares ETF","SIVR","4612.65","39.36901712282594040717271133881623297829","1.6505","18.1004","7.2068","-9.6765","-18.0654","81.4927","Precious Metals - Silver","Precious Metals ETFs"
"ETC 6 Meridian Mega Cap Equity ETF","SIXA","543.32","99.0777338603425559947299077733860342556",".6799","2.9355","-.0738","5.2917","9.134","19.1977","Style Box - Large Cap Blend","Style Box - Large Cap Blend"
"AllianzIM U.S. Equity 6 Month Buffer10 Jun/Dec ETF","SIXD","403.34","93.39444594230250741439741170126718792127",".1373","1.4226","-.7121","2.066","7.5715","12.526","Derivative Based ETF","Defined Outcome"
"ETC 6 Meridian Hedged Equity - Index Option ETF","SIXH","599.83","100",".3833","2.5491",".6761","5.7511","5.4953","14.7676","Multi-Asset - Total Portfolio","Total Portfolio ETFs"
"ETC 6 Meridian Low Beta Equity Strategy ETF","SIXL","206.67","85.08600469116497263487099296325254104769","-.0523","1.1977","-.0847","5.1366","3.7415","10.3695","Style Box - All Cap Blend","Style Box - All Cap Blend"
"iShares MSCI USA Size Factor ETF","SIZE","442.42","93.79769541819950746404791584323979204038",".2984","4.1845","-.826","7.6601","9.9701","19.0902","Style Box - All Cap Blend","Style Box - All Cap Blend"
"State Street SPDR Bloomberg Short Term High Yield Bond ETF","SJNK","4796.05","13.63636363636363636363636363636363636364",".0805",".4905","-.1205","1.1275","1.6214","5.009","Corporates - Junk/High Yield","High-Yield/Junk Bond ETFs"
"FlexShares Credit-Scored US Corporate Bond ETF","SKOR","738.9","4.76190476190476190476190476190476190476","-.0417",".0744","-.0417",".385","-.6143","2.9509","Corporates- Intermediate Term","Investment Grade Corporate Bond ETFs"
"GraniteShares 2x Long SK Hynix Daily ETF","SKUU","221.48","61.0163204747774480712166172106824925816",".3657","-18.387","-4.8348","0","0","0","Derivative Based ETF","Single Stock ETF"
"First Trust Cloud Computing ETF","SKYY","3259.94","88.13899613899613899613899613899613899614","1.1417","18.534","-2.4858","24.2429","44.6917","35.5443","Technology  - Cloud Computing","Technology ETFs"
"TCW Senior Loan ETF","SLNZ","222.39","36.80214381420276909334524341223760607414","-.0109",".4591","-.0219","1.6408","3.5381","4.7558","Corporates - Bank Loan","High-Yield/Junk Bond ETFs"
"iShares 0-5 Year Investment Grade Corporate Bond ETF","SLQD","2387.62","15.18324607329842931937172774869109947644","0",".4126","-.0299",".8656",".6967","3.4755","Corporates - Investment Grade","Investment Grade Corporate Bond ETFs"
"iShares Silver Trust","SLV","33185.41","39.27205778218382665344852003965443988104","1.7191","18.1613","7.2503","-9.6904","-18.1415","81.2193","Precious Metals - Silver","Precious Metals ETFs"
"ETRACS Silver Shares Covered Call ETN","SLVO","272.77","20.35087719298245614035087719298245614035","1.2534","9.1845","2.7312","-16.1872","-25.0105","-14.4422","Derivative Based ETF","Precious Metals ETFs"
"iShares MSCI Global Silver and Metals Miners ETF","SLVP","1051.05","75.46057479734708916728076639646278555637","1.4403","33.7152","10.1969","15.4263","-5.3835","106.2185","Materials  - Silver Mining","Materials ETFs"
"Sprott Silver Miners & Physical Silver ETF","SLVR","805.28","60.29264381639607135698536780918019643215",".6972","27.3292","7.0767","5.6525","-13.1178","95.4182","Materials  - Silver Mining","Materials ETFs"
"Wisdom Short Duration Income ETF","SLWS","390.32","54.90909090909090909090909090909090909091","-.0128",".403","-.0375","0","0","0","Short-Term Bond ETF","Short-Term Bond ETF"
"State Street SPDR S&P 600 Small Cap Growth ETF","SLYG","5075.84","88.66515102305943488145501786294251380318",".5635",".0517","-2.619","8.3716","13.9136","27.8849","Style Box - Small Cap Growth","Style Box - Small Cap Growth"
"State Street SPDR S&P 600 Small Cap Value ETF","SLYV","5029.98","93.62831858407079646017699115044247787611",".6563",".785","-1.604","8.2864","10.6819","33.1405","Style Box - Small Cap Value","Style Box - Small Cap Value"
"Schwab Mortgage-Backed Securities ETF","SMBS","6545.12","1.73913043478260869565217391304347826087","-.1999","-.0546","-.1999",".2191","-1.3161","3.7851","Asset Backed - MBS","Mortgage-Backed Security ETFs"
"ProShares Russell 2000 Dividend Growers ETF","SMDV","746.41","85.57246856386499007279947054930509596294","-.013","-.8761","-2.3108","7.6146","5.8982","18.3435","Strategy - Dividend Growth","Style Box - Small Cap Value"
"VanEck Semiconductor ETF","SMH","66697.59","71.63511817611378372725371261242417904204","-.3963","-4.0508","-4.6613","-1.3137","35.0312","94.9558","Technology  - Semiconductors","Technology ETFs"
"VanEck Fabless Semiconductor ETF","SMHX","250.97","62.51127819548872180451127819548872180451","-.1244","-4.4584","-6.134","-5.7908","39.7487","60.9852","Technology  - Semiconductors","Technology ETFs"
"Bahl & Gaynor Small/Mid Cap Income Growth ETF","SMIG","1489.21","88.16666666666666666666666666666666666667",".2739","-.8356","-2.1093","4.935","4.9495","13.0611","Style Box - All Cap Value","Style Box - All Cap Value"
"iShares MSCI India Small-Cap ETF","SMIN","767.98","77.52242152466367713004484304932735426009",".3919","3.2388",".406","8.012","4.7466","-1.8564","Geographic - India","Asia-Pacific (Emerging) ETFs"
"Zacks Small/Mid Cap ETF","SMIZ","276.75","78.59424920127795527156549520766773162939",".4645","-1.0703","-3.3655","1.9866","7.3841","21.0483","Style Box - All Cap Value","Style Box - All Cap Value"
"iShares U.S. Small-Cap Equity Factor ETF","SMLF","4260.7","93.49514563106796116504854368932038834951",".8015","2.6912","-1.4785","7.5674","12.3656","27.7591","Style Box - Small Cap Blend","Style Box - Small Cap Blend"
"State Street SPDR US Small Cap Low Volatility Index ETF","SMLV","257.72","91.58463168229852982972896157920574632457",".3684",".4151","-1.5009","9.1357","12.2262","26.9282","Style Box - Small Cap Blend","Style Box - Small Cap Blend"
"iShares Russell 2500 ETF","SMMD","3794.76","93.76612209802235597592433361994840928633",".5803","2.078","-1.554","6.6392","13.519","31.9745","Style Box - Small Cap Blend","Style Box - Small Cap Blend"
"iShares MSCI USA Small-Cap Min Vol Factor ETF","SMMV","289.42","98.01020408163265306122448979591836734694",".4806","1.8959","-.2448","7.3996","5.6766","13.4356","Style Box - Small Cap Blend","Style Box - Small Cap Blend"
"VanEck Morningstar SMID Moat ETF","SMOT","331.99","100","1.0034","6.019","0","10.5545","10.8812","17.0286","Style Box - All Cap Blend","Style Box - All Cap Blend"
"Bushido Capital US Equity ETF","SMRI","707.79","100",".8468","13.7884","2.4225","24.303","34.2028","48.649","Style Box - Large Cap Value","Style Box - Large Cap Value"
"T-REX 2X Long SNDK Daily Target ETF","SNDU","224.23","25.26222044857339458290479662785016645075","-.937","-18.1562","-7.5884","-37.4899","0","0","Derivative Based ETF","Single Stock ETF"
"Xtrackers S&P 500 Scored & Screened ETF","SNPE","2927.82","93.05263157894736842105263157894736842105",".4819","3.9595","-1.2674","4.8045","12.1244","24.9472","Strategy - Socially Responsible","Style Box - Large Cap Blend"
"Global X Internet of Things ETF","SNSR","211.63","66.36349622321566209341760443964852782488",".4763",".5704","-4.5354","-3.4004","17.442","27.4723","Technology  - broad","Technology ETFs"
"MRP SynthEquity ETF","SNTH","261.43","70.88989441930618401206636500754147812971","-.0333","1.4522","-2.086",".8532","9.1767","6.647","Hedge Fund - Broad","Hedge Fund ETFs"
"Tradr 2X Long SNDK Daily ETF","SNXX","2236.41","27.31710151664826544250101690975652274972","-.8587","-15.7688","-7.2884","-35.0807","180.8232","0","Derivative Based ETF","Single Stock ETF"
"Amplify Samsung SOFR ETF","SOFR","458.07","24.84076433121019108280254777070063694268",".0648",".2968",".0948",".8375","1.7407","3.6741","US Treasury - Ultra Short","Money Market/Ultra-Short Term ETFs"
"Direxion Daily Semiconductor Bull 3X ETF","SOXL","20158.55","34.68788515913869354020155151163633727253","-1.3174","-23.9309","-16.7989","-32.3953","79.705","375.7794","Derivative Based ETF","Leveraged Equity ETFs"
"Invesco PHLX Semiconductor ETF","SOXQ","2944.93","68.05575109108827256088976488807546107279","-.5167","-4.947","-5.443","-1.7762","42.3683","110.2134","Technology  - Semiconductors","Technology ETFs"
"Direxion Daily Semiconductor Bear 3X ETF","SOXS","1383.72","1.00095785440613026819923371647509578544","1.6865","4.2101","16.7577","-42.8166","-85.2137","-95.3156","Derivative Based ETF","Inverse Equity ETFs"
"iShares Semiconductor ETF","SOXX","42284.23","67.34812377519173541722110662182759538383","-.4403","-5.9057","-5.5176","-.8342","44.8239","115.1831","Technology  - Semiconductors","Technology ETFs"
"State Street SPDR Portfolio Aggregate Bond ETF","SPAB","10293.25","1.8348623853211009174311926605504587156","-.1592","-.1231","-.1194",".0568","-1.57","2.4919","Total Bond Market - Broad","Total Bond Market ETFs"
"State Street SPDR Portfolio Corporate Bond ETF","SPBO","2140.03","3.1446540880503144654088050314465408805","-.1056","-.2333","-.1056","-.3494","-1.7646","2.4596","Corporates - Investment Grade","Investment Grade Corporate Bond ETFs"
"Leverage Shares 2X Long SPCX Daily ETF","SPCH","286.75","30.12422360248447204968944099378881987578","4.5122","10.8668","-4.7778","0","0","0","Derivative Based ETF","Single Stock ETF"
"Direxion Daily S&P 500 Bear 1X ETF","SPDN","227.1","7.6086956521739130434782608695652173913","-.4667","-1.8412","1.5476","-1.9341","-8.0554","-12.8364","Derivative Based ETF","Inverse Equity ETFs"
"State Street SPDR Portfolio Developed World ex-US ETF","SPDW","41829.91","98.24884792626728110599078341013824884793",".7944","4.2276","-.2493","4.7717","6.8302","28.5997","Foreign Large Blend ETF","Foreign Large Blend ETF"
"State Street SPDR Portfolio Emerging Markets ETF","SPEM","17575.46","88.91328210757409440175631174533479692645",".6147","2.4848",".3833","3.5578","4.0056","21.1722","Geographic - Broad Emerging Markets","Broad Emerging Market ETFs"
"State Street SPDR Portfolio Europe ETF","SPEU","739.72","99.94438264738598442714126807563959955506",".7469","4.2254",".3238","5.3788","4.2988","20.1078","Geographic - Broad Europe","European Equity ETFs"
"State Street SPDR Portfolio MSCI Global Stock Market ETF","SPGM","1742.03","95.02369668246445497630331753554502369668",".5497","2.8826","-.8358","4.0549","9.9112","25.3733","Global Large-Cap Blend Equity ETF","Global Large-Cap Blend Equity ETF"
"Invesco S&P 500 GARP ETF","SPGP","2291.1","93.46246973365617433414043583535108958838",".6478","4.0255","-1.1714","8.5065","9.6744","16.7884","Style Box - Large Cap Growth","Style Box - Large Cap Growth"
"Invesco S&P 500 High Beta ETF","SPHB","938.55","84.46912650602409638554216867469879518072","1.4274","2.4207","-2.0318","6.2151","19.7421","47.1454","Strategy - Beta","Style Box - Large Cap Blend"
"Invesco S&P 500 High Dividend Low Volatility ETF","SPHD","3456.74","95.14415781487101669195751138088012139605","-.1688","1.9146","-.0938","6.9257","3.8484","13.2636","Style Box - Large Cap Value","Style Box - Large Cap Value"
"Invesco S&P 500 Quality ETF","SPHQ","19612.37","77.51895991332611050920910075839653304442",".4323",".28","-1.8836","2.9324","7.4977","20.5038","Strategy - Dividend Growth","Style Box - Large Cap Blend"
"State Street SPDR Portfolio High Yield Bond ETF","SPHY","11881.66","26.37362637362637362637362637362637362637",".1289",".4959","-.0429","1.3305","1.4973","5.6529","Corporates - Junk/High Yield","High-Yield/Junk Bond ETFs"
"State Street SPDR Portfolio Intermediate Term Corporate Bond ETF","SPIB","11601.75","3.7735849056603773584905660377358490566","-.0604",".1407","-.1207",".3539","-.5921","3.0087","Corporates- Intermediate Term","Investment Grade Corporate Bond ETFs"
"State Street SPDR Portfolio TIPS ETF","SPIP","1023.54","5.19480519480519480519480519480519480519","-.476","-.0088",".0798","-.1554","-.4906","2.0536","US Treasury - TIPS","Inflation-Protected Bond ETFs"
"State Street SPDR Portfolio Long Term Corporate Bond ETF","SPLB","1229.27","4.6413502109704641350210970464135021097","-.1404","-1.1005","-.1404","-2.0192","-4.7081",".4046","Long-Term Bond ETF","Long-Term Bond ETF"
"Invesco S&P 500 Low Volatility ETF","SPLV","7092.37","65.31942633637548891786179921773142112125","-.4626","-.5546","-1.3751","2.5771",".2521","3.6286","Style Box - Large Cap Blend","Style Box - Large Cap Blend"
"State Street SPDR Portfolio Mortgage Backed Bond ETF","SPMB","7123.6","6.52173913043478260869565217391304347826","-.1818","-.0381","-.1818",".2824","-1.4876","3.8251","Asset Backed - MBS","Mortgage-Backed Security ETFs"
"State Street SPDR Portfolio S&P 400 Mid Cap ETF","SPMD","18774.41","88.44011142061281337047353760445682451253",".523","1.3866","-2.4082","5.6059","6.9155","22.4019","Style Box - Mid Cap Blend","Style Box - Mid Cap Blend"
"Invesco S&P 500 Momentum ETF","SPMO","21889.07","75.97547380156075808249721293199554069119",".2832","-.648","-2.9874","2.9616","24.4551","30.4808","Strategy - Momentum","Style Box - Large Cap Growth"
"SP Funds S&P Global REIT Sharia ETF","SPRE","220.75","81.00358422939068100358422939068100358423","-.5145","-1.7181","-1.5278","1.3739","3.3476","14.5423","Real Estate   - REITs","Real Estate ETFs"
"Spear Alpha ETF","SPRX","220.89","48.65571467592773246966090451476957895969","-.367","-3.1592","-8.551","-11.5017","16.7652","39.4223","Strategy - Socially Responsible","Style Box - All Cap Growth"
"State Street SPDR Portfolio Short Term Corporate Bond ETF","SPSB","10670.62","19.14893617021276595744680851063829787234","0",".458","0",".9059",".885","3.5923","Short-Term Bond ETF","Short-Term Bond ETF"
"SP Funds Dow Jones Global Sukuk ETF","SPSK","656.85","15.05376344086021505376344086021505376344","0",".3464","-.1394",".5342","-.4806","1.7013","Total Bond Market - Broad","Total Bond Market ETFs"
"State Street SPDR Portfolio S&P 600 Small Cap ETF","SPSM","17042.58","91.89189189189189189189189189189189189189",".6148",".4912","-2.052","8.413","12.3266","30.5718","Style Box - Small Cap Blend","Style Box - Small Cap Blend"
"State Street SPDR Portfolio Treasury ETF","SPTB","296.55","4.37956204379562043795620437956204379562","-.1349","-.0196","-.0843",".2051","-1.5274","1.8753","US Treasury - Intermediate Term","Government Bond ETFs"
"SP Funds S&P Global Technology ETF","SPTE","224.99","80.87318087318087318087318087318087318087",".3646",".6029","-3.2258","2.8096","25.4056","51.0974","Technology  - broad","Technology ETFs"
"State Street SPDR Portfolio Intermediate Term Treasury ETF","SPTI","10732.41","4.16666666666666666666666666666666666667","-.1423",".1555","-.1778",".2745","-1.3951","1.76","US Treasury - Intermediate Term","Government Bond ETFs"
"State Street SPDR Portfolio Long Term Treasury ETF","SPTL","10938.19","6.52173913043478260869565217391304347826","-.3574","-1.165",".0798","-.9538","-5.307",".2019","US Treasury - Long Term","Government Bond ETFs"
"State Street SPDR Portfolio S&P 1500 Composite Stock Market ETF","SPTM","13871.77","91.46757679180887372013651877133105802048",".4322","2.2667","-1.4318","3.5788","11.3134","21.8761","Style Box - All Cap Blend","Style Box - All Cap Blend"
"State Street SPDR Portfolio Short Term Treasury ETF","SPTS","6107.66","15.68627450980392156862745098039215686275","0",".4566","-.0345",".7727",".6114","2.8998","US Treasury - Short Term","Government Bond ETFs"
"Simplify US Equity Income ETF","SPUC","235.26","77.78993435448577680525164113785557986871",".4218","2.3105","-1.2248","3.9688","10.8365","19.2514","Style Box - Large Cap Blend","Style Box - Large Cap Blend"
"SP Funds S&P 500 Sharia Industry Exclusions ETF","SPUS","3066.52","93.15384615384615384615384615384615384615",".3595","2.7615","-1.1634","3.0332","14.3724","27.3244","Style Box - All Cap Blend","Style Box - All Cap Blend"
"Direxion Daily S&P 500 Bull 2X ETF","SPUU","285.85","90.25620602681534581176158237090136731714",".6419","4.0373","-2.7704","4.9859","20.609","38.4331","Derivative Based ETF","Leveraged Equity ETFs"
"SP Funds S&P World (ex-US) ETF","SPWO","213.36","87.32125834127740705433746425166825548141",".4464","3.3522","-.1184","3.1296","9.7895","39.0252","Foreign Large Growth ETF","Foreign Large Growth ETF"
"Direxion Daily S&P 500 Bull 3X ETF","SPXL","6844.83","88.78383530308806709874189858940144872284","1.1326","5.7556","-4.2331","6.2622","28.7202","55.5106","Derivative Based ETF","Leveraged Equity ETFs"
"Direxion Daily S&P 500 Bear 3X ETF","SPXS","358.5","5.78871201157742402315484804630969609262","-1.1182","-6.354","4.3845","-8.4301","-26.7996","-41.0407","Derivative Based ETF","Inverse Equity ETFs"
"ProShares S&P 500 Ex-Technology ETF","SPXT","292.26","96.8946291199096619380337356200155268544",".6903","2.6757","-.199","4.1567","5.303","16.324","Style Box - Large Cap Blend","Style Box - Large Cap Blend"
"ProShares UltraPro Short S&P500","SPXU","450.35","5.85399449035812672176308539944903581267","-1.0544","-6.2635","4.4525","-8.2533","-26.7778","-40.6774","Derivative Based ETF","Inverse Equity ETFs"
"State Street SPDR S&P 500 ETF Trust","SPY","813489.81","91.66609553834555547940511274073058734837",".4091","2.3307","-1.368","3.353","11.6024","21.6655","Style Box - Large Cap Blend","Style Box - Large Cap Blend"
"State Street SPDR Portfolio S&P 500 High Dividend ETF","SPYD","7750.26","98.71794871794871794871794871794871794872",".2385","2.2713",".0397","7.9247","7.1309","19.013","Style Box - Large Cap Value","Style Box - Large Cap Value"
"State Street SPDR Portfolio S&P 500 Growth ETF","SPYG","54124.18","89.12376406409819297647459938629389703375",".3339","1.8297","-2.2047","1.7572","14.8705","23.3025","Style Box - Large Cap Growth","Style Box - Large Cap Growth"
"NEOS S&P 500 High Income ETF","SPYI","11492.57","85.23698523698523698523698523698523698524",".2814","2.0631","-.7128","3.3858","8.4314","17.727","Style Box - Large Cap Blend","Style Box - Large Cap Blend"
"State Street SPDR Portfolio S&P 500 ETF","SPYM","169235.3","91.67636786961583236321303841676367869616",".3898","2.3274","-1.3787","3.3736","11.655","21.7597","Style Box - Large Cap Blend","Style Box - Large Cap Blend"
"MAX S&P 500 4X Leveraged ETN","SPYU","551.84","86.32251197445449707291112293773283661522","1.2467","6.0431","-6.028","3.6509","28.0528","51.3982","Style Box - Large Cap Blend","Leveraged Equity ETFs"
"State Street SPDR Portfolio S&P 500 Value ETF","SPYV","36563.47","96.30390143737166324435318275154004106776",".4587","2.8669","-.4233","5.2617","7.9756","19.7923","Style Box - Large Cap Value","Style Box - Large Cap Value"
"State Street SPDR S&P 500 Fossil Fuel Reserves Free ETF","SPYX","2825.3","91.2195121951219512195121951219512195122",".4807","2.1918","-1.4768","3.4151","11.4409","20.8653","Strategy - Socially Responsible","Style Box - Large Cap Blend"
"ProShares UltraPro Short QQQ","SQQQ","1885.87","5.32523230879199428162973552537526804861","-.889","-3.2002","7.6711","-5.487","-42.7369","-53.7223","Derivative Based ETF","Inverse Equity ETFs"
"Sapient Quality Select ETF","SQS","1400.74","84.94940202391904323827046918123275068997",".1708",".1138","-2.4097",".9034","0","0","Style Box - Large Cap Blend","Style Box - Large Cap Blend"
"Global X SuperDividend REIT ETF","SRET","232.62","65.07381507381507381507381507381507381507","-.1917","-2.3905","-.0089","1.568","2.7756","12.7524","Real Estate   - Broad","Real Estate ETFs"
"SRH U.S. Quality GARP ETF","SRHQ","220.36","96.87999391218324328437714024807853283616",".9621","6.2947","-.3789","15.7393","21.1708","33.3831","Style Box - Large Cap Blend","Style Box - Large Cap Blend"
"State Street Blackstone Senior Loan ETF","SRLN","5453.98","51",".1726","1.1124",".1232","2.0347","3.4542","5.1552","Corporates - Bank Loan","High-Yield/Junk Bond ETFs"
"Pacer Data & Infrastructure Real Estate ETF","SRVR","383.09","43.65024288688410825815405968077723802915",".0632","3.3943","-2.7326","-7.6096","-3.3185","4.8503","Real Estate   - REITs","Real Estate ETFs"
"ProShares Ultra S&P500","SSO","8360.16","89.89769820971867007672634271099744245524",".7758","4.0184","-2.8393","4.846","20.0411","37.8945","Derivative Based ETF","Leveraged Equity ETFs"
"Leverage Shares 2X Short SPCX Daily ETF","SSPC","215.01","9.80243161094224924012158054711246200608","-4.4801","-38.386","2.7273","0","0","0","Derivative Based ETF","Single Stock ETF"
"Day Hagan Smart Sector ETF","SSUS","579.07","92.80821917808219178082191780821917808219",".4129","2.3502","-1.4732","3.4242","13.6419","22.274","Style Box - All Cap Blend","Style Box - All Cap Blend"
"Schwab Crypto Thematic Natural Language Processing ETF","STCE","226.55","28.82700421940928270042194092827004219409","1.8384","-3.5341","7.013","-11.9658","18.6252","24.3122","Digital Economy ETF","Digital Economy ETF"
"iShares 0-5 Year TIPS Bond ETF","STIP","16095.67","10.27777777777777777777777777777777777778","-.1188",".3051",".1787",".4261","1.5402","3.0692","US Treasury - TIPS","Inflation-Protected Bond ETFs"
"State Street DoubleLine Short Duration Total Return Tactical ETF","STOT","516.63","12.91925465838509316770186335403726708075","-.0448",".3141",".0406",".7714",".9094","3.3773","Short-Term Bond ETF","Short-Term Bond ETF"
"Horizon Core Equity ETF","STOX","214.6","93.11926605504587155963302752293577981651",".4083","2.7149","-1.1472","4.069","11.4597","22.0136","Derivative Based ETF","Style Box - Large Cap Blend"
"PIMCO 1-5 Year U.S. TIPS Index ETF","STPZ","526.03","8.53658536585365853658536585365853658537","-.1251",".3118",".1444",".3989","1.1822","2.6369","US Treasury - TIPS","Inflation-Protected Bond ETFs"
"Strive 500 ETF","STXF","1162.98","77.61627906976744186046511627906976744186",".4282","2.4214","-1.3357","0","0","0","Style Box - Large Cap Blend","Style Box - Large Cap Blend"
"iShares ESG Optimized MSCI USA ETF","SUSA","4109.39","93.04237824161922833649588867805186590765",".5492","2.8443","-1.0911","5.1243","12.8386","22.8923","Strategy - Socially Responsible","Style Box - All Cap Growth"
"iShares ESG Aware 1-5 Year USD Corporate Bond ETF","SUSB","1307.11","10","-.0402",".3638","-.1206",".7102",".2289","3.1552","Strategy - Socially Responsible","Investment Grade Corporate Bond ETFs"
"iShares ESG Aware USD Corporate Bond ETF","SUSC","1294.17","3.27868852459016393442622950819672131148","-.1324","-.2706","-.1764","-.3703","-1.9612","2.1003","Strategy - Socially Responsible","Investment Grade Corporate Bond ETFs"
"iShares ESG MSCI USA Leaders ETF","SUSL","1215.83","95.22066513281740221710939134072369797114",".6947","4.5083","-.9868","5.0481","13.257","24.4415","Strategy - Socially Responsible","Style Box - All Cap Blend"
"iShares US Small Cap Value Factor ETF","SVAL","208.24","95.23577235772357723577235772357723577236",".6708","2.5934","-1.324","11.0966","14.9718","36.7769","Style Box - Small Cap Value","Style Box - Small Cap Value"
"Simplify Volatility Premium ETF","SVOL","532.63","45.20123839009287925696594427244582043344",".4851","3.6923","1.3456","8.1366","7.4074","17.5059","Derivative Based ETF","Inverse Volatility ETFs"
"Proshares Short VIX Short-Term Futures ETF","SVXY","248.31","100",".8848","5.8996","1.2831","16.0166","16.2795","31.1116","Volatilty - Inverse Volatility","Inverse Volatility ETFs"
"AB Short Duration High Yield ETF","SYFI","948.56","46.90265486725663716814159292035398230088",".028",".5405","0","1.3574","2.0192","5.5191","Total Bond Market - Broad","Total Bond Market ETFs"
"Cambria Shareholder Yield ETF","SYLD","1018.1","100","1.0323","4.6009",".3755","11.0604","12.6529","30.8303","Style Box - Large Cap Value","Style Box - Large Cap Value"
"iShares Systematic Bond ETF","SYSB","1187.21","5.53549939831528279181708784596871239471","-.1203",".0114","-.0768",".2735","-1.5698","0","Total Bond Market - Broad","Total Bond Market ETFs"
"Fairlead Tactical Sector ETF","TACK","306.68","100",".6202","3.6868",".568","6.2844","5.238","16.8262","Multi-Asset - Total Portfolio","Total Portfolio ETFs"
"T. Rowe Price QM U.S. Bond ETF","TAGG","2549.24","7.65306122448979591836734693877551020408","-.2144","-.0383","-.1668",".254","-1.4931","2.722","Total Bond Market - Broad","Total Bond Market ETFs"
"Invesco Solar ETF","TAN","1297.46","25.35638459205338186229905975128905065211","-.8245","-8.2248","-5.0991","-23.9593","-17.4837","24.4826","Strategy - Socially Responsible","Alternative Energy ETFs"
"Thornburg American Opportunities Fund","TAOZ","504.68","98.84728799928513984451791618264676972567",".7663","6.2828",".0022","8.6712","0","0","Style Box - Large Cap Value","Style Box - Large Cap Value"
"BondBloxx IR+M Tax-Aware Short Duration ETF","TAXX","285.97","22.69503546099290780141843971631205673759",".0396",".2483","0",".7283",".6557","3.4548","Short-Term Bond ETF","Short-Term Bond ETF"
"Brinsmere Fund - Conservative ETF","TBFC","361.43","89.0428757037678648765699436985708098744",".2411","1.0406","-.4653","1.2301","1.9286","11.2582","Conservative","Total Portfolio ETFs"
"Brinsmere Fund - Growth ETF","TBFG","388.17","95.22020455019828845752452515132540179503",".479","2.1263","-.6863","2.8479","5.8765","19.2571","Multi-Asset - Total Portfolio","Total Portfolio ETFs"
"TBG Dividend Focus ETF","TBG","277.4","97.81690140845070422535211267605633802817",".6783","5.3287",".601","7.2741","8.677","21.1273","Style Box - Large Cap Value","Style Box - Large Cap Value"
"F/m US Treasury 3 Month Bill ETF","TBIL","7243.4","83.33333333333333333333333333333333333333",".04",".3602",".0801",".9488","1.8177","3.7668","US Treasury - Ultra Short","Government Bond ETFs"
"Invesco Short Term Treasury ETF","TBLL","2581.44","89.53488372093023255813953488372093023256",".0142",".3555",".0804",".9273","1.76","3.7305","US Treasury - Ultra Short","Money Market/Ultra-Short Term ETFs"
"ProShares UltraShort 20+ Year Treasury","TBT","304.54","91.91780821917808219178082191780821917808",".9704","3.5782",".052","4.7682","17.2529","8.3401","Derivative Based ETF","Inverse Bond ETFs"
"T. Rowe Price Ultra Short-Term Bond ETF","TBUX","1418.69","75",".0401",".4503",".1203","1.1176","1.968","4.4828","Ultra short Bond ETF","Ultra short Bond ETF"
"T. Rowe Price Capital Appreciation Equity ETF","TCAF","8229.29","94.05469678953626634958382877526753864447",".3545","2.9084","-1.1178","5.1771","12.5066","16.2332","Style Box - Large Cap Blend","Style Box - Large Cap Blend"
"Tortoise AI Infrastructure ETF","TCAI","237.5","63.97946859903381642512077294685990338164","-1.4246","-6.9711","-8.2344","-6.0588","26.9441","86.8466","Utilities  - Infrastructure","Utilities/Infrastructure ETFs"
"T. Rowe Price Capital Appreciation Premium Income ETF","TCAL","308.25","44.11764705882352941176470588235294117647",".3032","4.6968","-.4299","7.0272","3.2917","3.9315","Derivative Based ETF","Derivative Based ETF"
"T. Rowe Price Blue Chip Growth ETF","TCHP","2162.04","74.40982058545797922568460812086874409821",".3391","1.411","-2.4622","-2.3865","6.7473","8.2401","Style Box - All Cap Growth","Style Box - All Cap Growth"
"Thrivent Core Plus Bond ETF","TCPB","475.86","8.52649006622516556291390728476821192053","-.1198","-.0603","-.1198",".2895","-1.253","3.1722","Total Bond Market - Broad","Total Bond Market ETFs"
"Towle Value ETF","TCV","205.21","93.53814644137224782386072708653353814644","1.3599","-.318","-1.8466","10.8174","12.2753","40.0235","Style Box - Large Cap Value","Style Box - Large Cap Value"
"TappAlpha Innovation 100 Growth & Daily Income ETF","TDAQ","312.14","61.9482496194824961948249619482496194825",".7516",".9191","-1.866","-.042","15.8352","0","Derivative Based ETF","Long-Short ETFs"
"Touchstone Dynamic International ETF","TDI","433.4","98.56687898089171974522292993630573248408","1.1224","4.9101",".2072","5.44","7.6214","32.6671","Foreign Large Blend ETF","Foreign Large Blend ETF"
"First Trust NASDAQ Technology Dividend ETF","TDIV","4308.43","63.51689279063580739558393189678105879223",".8376","4.6913","-2.0711","1.6857","16.5196","27.9521","Technology  - broad","Technology ETFs"
"FlexShares iBoxx 5-Year Target Duration TIPS ETF","TDTF","1049.22","5.15021459227467811158798283261802575107","-.3202",".1555",".0429","-.0457",".2347","2.2196","US Treasury - Intermediate Term","Inflation-Protected Bond ETFs"
"FlexShares iBoxx 3-Year Target Duration TIPS ETF","TDTT","2542.79","8.08080808080808080808080808080808080808","-.127",".2872",".1273",".2275","1.1705","2.5446","US Treasury - Intermediate Term","Inflation-Protected Bond ETFs"
"ProShares S&P Technology Dividend Aristocrats ETF","TDV","274.53","80.92533756949960285941223193010325655282",".9581","3.3858","-1.6191","4.0273","13.5296","23.8337","Strategy - Dividend Growth","Technology ETFs"
"T. Rowe Price Dividend Growth ETF","TDVG","1439.82","93.18479685452162516382699868938401048493",".5612","1.7647","-.7714","5.8632","7.0601","17.8151","Strategy - Dividend Growth","Style Box - Large Cap Blend"
"FT Vest Technology Dividend Target Income ETF","TDVI","554.47","55.06653019447287615148413510747185261003",".0642","4.3156","-2.9274","1.1945","15.3116","26.1949","Technology  - broad","Technology ETFs"
"iShares U.S. Tech Breakthrough Multisector ETF","TECB","490.15","95.42395693135935397039030955585464333782",".8281","5.8375","-.7962","7.7175","31.4092","31.0934","Style Box - All Cap Growth","Style Box - All Cap Growth"
"Direxion Daily Technology Bull 3X ETF","TECL","5668.6","60.08240919727337470749821955437989622546",".3503","1.0478","-10.5021","-3.2738","83.5757","108.1346","Derivative Based ETF","Leveraged Equity ETFs"
"T. Rowe Price Equity Income ETF","TEQI","471.1","95.06607091928890578952371898469436258199",".3502","2.1028","-.98","6.289","10.3572","22.7566","Style Box - Large Cap Value","Style Box - Large Cap Value"
"Thornburg Focus Growth Fund","TFGZ","218.95","80.47404063205417607223476297968397291196",".7878","2.6655","-3.5277","5.6202","0","0","Style Box - All Cap Growth","Style Box - All Cap Growth"
"iShares Treasury Floating Rate Bond ETF","TFLO","6674.14","84.61538461538461538461538461538461538462",".0395",".3554",".0791",".9944","1.8784","3.8451","US Treasury - Intermediate Term","Government Bond ETFs"
"T. Rowe Price Floating Rate ETF","TFLR","716.98","42.28571428571428571428571428571428571429","0",".6741",".0473","1.1746","2.6396","4.7834","Corporates - Floating Rate","High-Yield/Junk Bond ETFs"
"T. Rowe Price Growth ETF","TGRT","1564.6","86.33093525179856115107913669064748201439",".5223","1.3161","-2.4395",".1735","9.95","11.9215","Style Box - Large Cap Growth","Style Box - Large Cap Growth"
"T. Rowe Price Growth Stock ETF","TGRW","1011.15","77.00943396226415094339622641509433962264",".5181",".7372","-2.2619","-1.3621","8.3498","9.8904","Style Box - All Cap Growth","Style Box - All Cap Growth"
"iShares MSCI Thailand ETF","THD","356.77","98.37078651685393258426966292134831460674","1.6313","1.6728","2.6641","5.5698","5.6282","35.1394","Geographic - Thailand","Asia-Pacific (Emerging) ETFs"
"THOR Index Rotation ETF","THIR","204.58","84.08163265306122448979591836734693877551",".5288",".5731","-1.0983","1.3025","3.8228","14.7167","Target Outcome","Total Portfolio ETFs"
"ROBO Global Artificial Intelligence ETF","THNQ","443.1","90.92987012987012987012987012987012987013","1.0203","5.9548","-3.0838","10.2662","42.9057","62.358","Artificial Intelligence and Robotics ETF","Artificial Intelligence and Robotics ETF"
"iShares U.S. Thematic Rotation Active ETF","THRO","6803.75","91.30901287553648068669527896995708154506",".299","1.9878","-1.7572","2.604","13.4991","20.6352","Style Box - Large Cap Growth","Style Box - Large Cap Growth"
"T. Rowe Price U.S. High Yield ETF","THYF","850.54","39.27542198435570193495265541375051461507",".0545",".3069","-.2619",".9388","1.4337","5.1033","Corporates - Junk/High Yield","High-Yield/Junk Bond ETFs"
"The Investment House ETF","TIH","651.71","32.5",".6288","0","-1.2773","0","0","0","Style Box - Large Cap Growth","Style Box - Large Cap Growth"
"Thrivent International Large Cap ETF","TILC","860.05","92.76659209545115585384041759880686055183",".6254","3.2765","-.264","0","0","0","Foreign Large Blend ETF","Foreign Large Blend ETF"
"FlexShares Morningstar U.S. Market Factor Tilt ETF","TILT","2230.41","92.92177191328934967012252591894439208294",".5632","2.5904","-1.2308","5.4127","11.3847","24.184","Style Box - All Cap Blend","Style Box - All Cap Blend"
"iShares TIPS Bond ETF","TIP","15031.3","6.62983425414364640883977900552486187845","-.3627",".0319",".1309","-.1088","-.3411","2.0708","US Treasury - TIPS","Inflation-Protected Bond ETFs"
"State Street SPDR Bloomberg 1-10 Year TIPS ETF","TIPX","2082.82","6.17283950617283950617283950617283950617","-.2677",".1504",".0537",".1453",".5895","2.5487","US Treasury - Intermediate Term","Inflation-Protected Bond ETFs"
"iShares 10-20 Year Treasury Bond ETF","TLH","11010.63","6.57327586206896551724137931034482758621","-.3299","-.7471",".0932","-.5048","-4.5694",".9324","US Treasury - Long Term","Government Bond ETFs"
"iShares 20+ Year Treasury Bond ETF","TLT","46522.1","6.53594771241830065359477124183006535948","-.3522","-1.5295",".0122","-1.4079","-6.0563","-.5281","US Treasury - Long Term","Government Bond ETFs"
"FlexShares Morningstar Developed Markets ex-US Factor Tilt ETF","TLTD","686.11","100",".9004","5.5496",".1222","5.5721","4.5571","24.7447","Foreign Large Value ETF","Foreign Large Value ETF"
"FlexShares Morningstar Emerging Markets Factor Tilt ETF","TLTE","350.7","81.73024455578153678257850091770425120294",".7752","3.1344",".4957","1.2923","4.7076","31.7865","Geographic - Broad Emerging Markets","Broad Emerging Market ETFs"
"iShares 20+ Year Treasury Bond BuyWrite Strategy ETF","TLTW","1822.72","5.59210526315789473684210526315789473684","-.2824","-1.3301",".0472","-.9175","-4.4239","3.5246","Derivative Based ETF","Government Bond ETFs"
"Main Thematic Innovation ETF","TMAT","250.24","73.52614015572858731924360400444938820912","1.1138",".3108","-4.5977","2.9412","19.6951","18.8364","Technology  - broad","Technology ETFs"
"Thornburg Multi Sector Bond ETF","TMB","249.27","12.9242819843342036553524804177545691906","-.0396",".1693","-.0515",".6024","-.4198","3.2807","Total Bond Market - Broad","Total Bond Market ETFs"
"Direxion Daily 20+ Year Treasury Bull 3X ETF","TMF","2236.48","4.6820405310971348707197763801537386443","-1.1986","-5.6604","-.2942","-7.0889","-22.2987","-13.3601","Derivative Based ETF","Leveraged Bond ETFs"
"Motley Fool 100 Index ETF","TMFC","2057.82","87.59124087591240875912408759124087591241",".2942","1.5281","-2.22","1.292","12.9032","18.8173","Style Box - Large Cap Growth","Style Box - Large Cap Growth"
"Motley Fool Global Opportunities ETF","TMFG","356.06","88.31274053068665181284180676524204982783",".5159","2.9865","-.75","2.584","7.4788","4.8969","Global Large-Cap Growth Equity ETF","Global Large-Cap Growth Equity ETF"
"T. Rowe Price Small-Mid Cap ETF","TMSL","2939.94","89.52972493345164152617568766637089618456",".6","1.3957","-2.6357","6.0842","9.9924","28.9645","Style Box - All Cap Blend","Style Box - All Cap Blend"
"Direxion Daily 20+ Year Treasury Bear 3X ETF","TMV","201.65","91.32947976878612716763005780346820809249","1.2241","5.4697",".0698","7.0854","26.3881","12.6932","Derivative Based ETF","Inverse Bond ETFs"
"Thrivent Mid Cap Value ETF","TMVE","295.74","92.50361794500723589001447178002894356006",".3403",".8241","-1.4196","5.6698","7.8625","0","Style Box - Mid Cap Value","Style Box - Mid Cap Value"
"Direxion Daily Small Cap Bull 3X ETF","TNA","1302.94","89.94748687171792948237059264816204051013","2.1372","1.9947","-5.2113","15.2874","33.1894","96.07","Derivative Based ETF","Leveraged Equity ETFs"
"Tortoise Energy Fund","TNGY","585.72","99.13793103448275862068965517241379310345","0","6.0894","1.9382","9.0726","13.7303","29.9642","Energy - Broad","Energy ETFs"
"Twin Oak Active Opportunities III ETF","TOAO","441.99","84.31975403535741737125288239815526518063",".4645","2.1708","-1.4751","6.6784","0","0","Multi-Asset - Total Portfolio","Total Portfolio ETFs"
"iShares MSCI Kokusai ETF","TOK","254.3","93.51544643515446435154464351544643515446",".4769","2.6794","-.9657","4.0125","10.197","21.4987","Global Large-Cap Blend Equity ETF","Global Large-Cap Blend Equity ETF"
"iShares Top 20 U.S. Stocks ETF","TOPT","667.2","83.92330383480825958702064896755162241888",".2105","-.0899","-1.7394","-1.3732","10.5765","17.7638","Style Box - Large Cap Growth","Style Box - Large Cap Growth"
"State Street DoubleLine Total Return Tactical ETF","TOTL","3992.64","5.45454545454545454545454545454545454545","-.1288",".0267","-.1802","-.0538","-1.9502","2.1255","Total Bond Market - Broad","Total Bond Market ETFs"
"T. Rowe Price Total Return ETF","TOTR","577.17","12.15189873417721518987341772151898734177","-.1641","-.0619","-.1641",".1944","-1.3008","2.9085","Total Bond Market - Broad","Total Bond Market ETFs"
"T. Rowe Price International Equity ETF","TOUS","1658.93","95.85006693440428380187416331994645247657",".6307","3.9073","-.5981","6.2317","5.2507","20.0783","Foreign Large Blend ETF","Foreign Large Blend ETF"
"JLens 500 Jewish Advocacy U.S. ETF","TOV","273.08","91.98516368327689082406063538139009837123",".4946","2.5653","-1.2985","3.5417","12.0994","21.818","Style Box - Large Cap Blend","Style Box - Large Cap Blend"
"Timothy Plan High Dividend Stock ETF","TPHD","367.63","92.15870040612308653545766947828803498907","-.1746","1.9632","-1.1423","5.3627","2.6429","14.3572","Style Box - Large Cap Value","Style Box - Large Cap Value"
"Timothy Plan International ETF","TPIF","268.55","100",".7246","3.6761",".0257","3.874","3.3291","20.893","Volatilty - Inverse Volatility","Broad Developed World ETFs"
"Timothy Plan US Large/Mid Cap Core ETF","TPLC","312.71","90.63765182186234817813765182186234817814",".4023","2.586","-1.4258","6.0503","5.1917","13.6049","Style Box - Large Cap Blend","Style Box - Large Cap Blend"
"Timothy Plan US Small Cap Core ETF","TPSC","380.7","91.31283552952659834065397755002440214739",".498","1.4533","-1.8045","7.977","7.4226","21.3162","Volatilty - Inverse Volatility","Style Box - Small Cap Blend"
"Tortoise North American Pipeline Fund","TPYP","889.95","84.65634075508228460793804453049370764763","-1.3258","-1.3485","-1.2347","-1.5741","6.6872","24.1321","Energy - MLP","MLP ETFs"
"ProShares UltraPro QQQ","TQQQ","35299.91","67.46401783904317859314818568822217717413",".979","-.2802","-7.3187","-7.2889","42.6545","65.4464","Derivative Based ETF","Leveraged Equity ETFs"
"Pacer Data and Digital Revolution ETF","TRFK","1023.55","66.17050067658998646820027063599458728011",".1176","-1.8134","-5.6222",".472","46.5435","56.2856","Technology  - broad","Technology ETFs"
"AAM Transformers ETF","TRFM","265.75","83.53580562659846547314578005115089514066",".6028","1.5551","-4.1282","4.3056","20.934","37.9523","Technology  - broad","Technology ETFs"
"Cambria Trinity ETF","TRTY","280.81","100",".5106","2.8741",".8762","3.4129","4.2417","21.6897","Absolute Returns ","Total Portfolio ETFs"
"VanEck Technology TruSector ETF","TRUT","206.48","79.0169777694400150079729856486258324735",".0223","1.81","-3.1325","1.5389","23.2709","0","Technology  - broad","Technology ETFs"
"Direxion Daily TSLA Bull 2X ETF","TSLL","3559.99","18.60036832412523020257826887661141804788","10.0225","-13.0009","11.5297","-32.9152","-35.3997","-5.7386","Derivative Based ETF","Single Stock ETF"
"YieldMax TSLA Option Income Strategy ETF","TSLY","659.15","7.78097982708933717579250720461095100865","3.5925","-7.4752","3.7335","-11.8907","-11.07","19.0339","Derivative Based ETF","Single Stock ETF"
"Thrivent Small-Mid Cap Equity ETF","TSME","969.22","72.94964028776978417266187050359712230216",".8088","-.4505","-4.6302","5.9341","3.624","19.9951","Style Box - All Cap Blend","Style Box - All Cap Blend"
"Direxion Daily TSM Bull 2X ETF","TSMX","588.28","62.53088114191600329398847104035135877024","1.4005","-4.8514","-3.8834","-2.2392","9.8764","156.6162","Derivative Based ETF","Single Stock ETF"
"T. Rowe Price U.S. Equity Research ETF","TSPA","4454.61","91.32762312633832976445396145610278372591",".4582","1.9446","-1.4709","2.7482","11.1803","20.575","Style Box - All Cap Blend","Style Box - All Cap Blend"
"Twin Oak Active Opportunities ETF","TSPX","242.65","91.68092386655260906757912745936698032506",".3758","1.9318","-1.098","2.8095","9.239","14.5318","Multi-Asset - Total Portfolio","Total Portfolio ETFs"
"TappAlpha S&P 500 Growth & Daily Income ETF","TSPY","316.21","80.96866096866096866096866096866096866097",".4788","1.9967","-1.1887","3.0122","8.5622","18.6141","Derivative Based ETF","Derivative Based ETF"
"T. Rowe Price Exchange-Traded Funds, Inc.","TTEQ","406.29","75.33333333333333333333333333333333333333",".4278","-.2511","-3.8712","-.809","27.8465","38.3096","Technology  - broad","Technology ETFs"
"Simplify Short Term Treasury Futures Strategy ETF","TUA","623.82","13.6986301369863013698630136986301369863","-.3908",".9881","-.3908","-.2428","-5.6164","-3.5337","US Treasury - Intermediate Term","Government Bond ETFs"
"iShares MSCI Turkey ETF","TUR","225.74","74.66216216216216216216216216216216216216","1.0667","3.1131","2.9048","12.2832","-1.0344","17.0894","Geographic - Turkey","European Equity ETFs"
"T. Rowe Price Natural Resource ETF","TURF","335.66","100","2.1678","11.9751","6.8044","5.6447","6.2945","40.3597","Materials  - Broad","Materials ETFs"
"Thrivent Ultra Short Bond ETF","TUSB","227.27","86.49350649350649350649350649350649350649",".1049",".5561",".1049","1.1985","2.0637","4.5375","Ultra short Bond ETF","Ultra short Bond ETF"
"Touchstone Ultra Short Income ETF","TUSI","637.4","55.55555555555555555555555555555555555556",".0789",".5265",".1184","1.1139","1.9706","0","Ultra short Bond ETF","Ultra short Bond ETF"
"T. Rowe Price Value ETF","TVAL","1018.4","95.69526479127039743718089898888777655421",".4664","2.2064","-.9883","6.9248","13.2194","29.2529","Style Box - Large Cap Value","Style Box - Large Cap Value"
"Thornburg International Equity ETF","TXUE","547.48","98.07471264367816091954022988505747126437",".7667","4.8952","-.1039","5.7759","5.6016","20.6572","Foreign Large Value ETF","Foreign Large Value ETF"
"Direxion Daily Small Cap Bear 3X ETF","TZA","245.5","3.20108973267495317554912310573812361655","-2.1238","-3.3847","5.1691","-17.6401","-34.6585","-60.8494","Derivative Based ETF","Inverse Equity ETFs"
"iShares MSCI UAE ETF","UAE","304.98","42.67782426778242677824267782426778242678","-.3069","3.1763","-.6626","5.7903","-6.8282","2.9787","Geographic - Middle East","Africa-Middle East Equity ETFs"
"VictoryShares Core Plus Bond ETF","UBND","1993.88","1.1173184357541899441340782122905027933","-.1869","-.0844","-.1402",".3291","-1.1804","3.0175","Strategy - Socially Responsible","Total Bond Market ETFs"
"ProShares Ultra Bloomberg Crude Oil","UCO","423.15","81.02427471876850207223208999407933688573",".5741","8.2719","9.9976","-5.4391","83.0052","96.9304","Derivative Based ETF","Leveraged Commodity ETFs"
"First Trust Smith Unconstrained Bond ETF","UCON","3279.48","5.74712643678160919540229885057471264368","-.2842",".2114","-.5668",".3433","-.574","3.6045","Total Bond Market - Broad","Total Bond Market ETFs"
"Innovator U.S. Equity Ultra Buffer ETF - December","UDEC","246.09","97.50479846449136276391554702495201535509",".1202","1.4085","-.3051","2.6831","6.573","14.338","Derivative Based ETF","Defined Outcome"
"ProShares UltraPro Dow30","UDOW","846.78","84.90322580645161290322580645161290322581","2.8366","5","-2.5932","15.7415","16.9134","51.0959","Derivative Based ETF","Leveraged Equity ETFs"
"VictoryShares Emerging Markets Value Momentum ETF","UEVM","250.87","83.50885314199745399837981715079273232265","1.0313","3.2645","1.398","2.9798","-.4304","13.6966","Geographic - Broad Emerging Markets","Broad Emerging Market ETFs"
"Innovator U.S. Equity Ultra Buffer ETF - February","UFEB","230.56","98.0875576036866359447004608294930875576",".1605","1.2806","-.2107","2.2927","5.6924","12.6211","Derivative Based ETF","Defined Outcome"
"Procure Space ETF","UFO","597.4","40.59768742196406275446501275717930622659",".5034","4.3636","-5.2805","-22.0181","2.9746","54.4615","Industrials  - Aerospace & Defense","Industrials ETFs"
"Defiance Space and Connective Tech ETF","UFOX","866.23","23.49444807315480078380143696930111038537",".4921","-1.4092","-5.6623","-13.5534","0","0","Communication Services - Broad","Communication Services ETFs"
"ProShares Ultra Gold","UGL","895.36","43.14467915504184934236747708250298923874","3.9323","26.6977","11.1349",".3339","-23.4102","63.7224","Derivative Based ETF","Leveraged Commodity ETFs"
"VictoryShares Core Intermediate Bond ETF","UITB","2657.66","1.3032581453634085213032581453634085213","-.1929","-.1076","-.1821",".1777","-1.4731","2.3991","Total Bond Market - Broad","Total Bond Market ETFs"
"VictoryShares International Value Momentum ETF","UIVM","347.01","100","1.0361","5.555",".4176","7.6639","8.284","31.3039","Foreign Large Value ETF","Foreign Large Value ETF"
"Innovator U.S. Equity Ultra Buffer ETF - January","UJAN","255.47","98.14432989690721649484536082474226804124",".1521","1.1409","-.1516","2.4103","5.8213","11.8688","Derivative Based ETF","Defined Outcome"
"Innovator U.S. Equity Ultra Buffer ETF - July","UJUL","296.47","94.55445544554455445544554455445544554455",".3983","1.3484","-.5294","2.5043","5.6208","10.7569","Derivative Based ETF","Defined Outcome"
"State Street Ultra Short Term Bond ETF","ULST","522.86","21.7977528089887640449438202247191011236","-.0074",".3913",".0545",".8444","1.407","3.625","Corporates - Money Market","Money Market/Ultra-Short Term ETFs"
"YieldMax Ultra Option Income Strategy ETF","ULTY","753.61","3.95341710082745939319644498927367453264",".5658","1.7405","-1.5699","-.2133","-2.6511","-7.2867","Derivative Based ETF","Derivative Based ETF"
"VictoryShares US Value Momentum ETF","ULVM","267.42","92.47206346498336603258551565298984901476",".3243","1.7394","-1.5862","7.9011","10.601","28.0336","Style Box - Large Cap Value","Style Box - Large Cap Value"
"USCF Midstream Energy Income Fund","UMI","518.48","91.69550173010380622837370242214532871972","-.9408",".0655","-.704","-.0288","9.6947","27.7342","Energy - MLP","MLP ETFs"
"Wahed Dow Jones Islamic World ETF","UMMA","302.44","83.89025677101653183257122757650369328174","1.0114","3.4539",".7433","3.3324","11.9824","46.1038","Strategy - Socially Responsible","World ETFs"
"United States Natural Gas ETF","UNG","512.97","4.95185694635488308115543328748280605227","-.1998","-3.9423",".7056","-11.827","-16.8193","-19.4355","Energy -  Natural Gas","Energy ETFs"
"WisdomTree Voya Yield Enhanced USD Universal Bond Fund","UNIY","1316.6","6.93321990642279880901743938749468311357","-.1257","-.0918","-.1341",".056","-1.4801","2.5756","Total Bond Market - Broad","Total Bond Market ETFs"
"ProShares UltraPro S&P500","UPRO","5456.7","88.59482380464980260271969586196812399474","1.079","5.6311","-4.3095","6.0734","28.2849","54.6056","Derivative Based ETF","Leveraged Equity ETFs"
"Global X Uranium ETF","URA","6142.06","35.19967064635652531906134211609715932483","5.0867","14.4596","2.5373","-5.7102","-15.2502","29.5168","Energy - Nuclear Power","Energy ETFs"
"Sprott Junior Uranium Miners ETF","URNJ","365.36","26.70076726342710997442455242966751918159","7.9404","15.6402","6.8796","-1.7689","-25.3646","27.566","Materials  - Uranium Mining","Materials ETFs"
"Sprott Uranium Miners ETF","URNM","2002.82","30.00542593597395550732501356483993488877","7.6596","15.9856","6.6532",".1894","-20.8192","29.0244","Materials  - Uranium Mining","Materials ETFs"
"iShares MSCI World ETF","URTH","8188.5","93.3982683982683982683982683982683982684",".5966","2.9242","-1.0132","4.1295","10.0552","21.8151","Global Large-Cap Blend Equity ETF","Global Large-Cap Blend Equity ETF"
"ProShares UltraPro Russell2000","URTY","337.2","89.87041036717062634989200863930885529158","2.1859","1.941","-5.2245","15.1559","32.7587","95.3265","Derivative Based ETF","Leveraged Equity ETFs"
"Xtrackers MSCI USA Climate Action Equity ETF","USCA","3499.57","91.65945879154825157543556159644136908439",".5448","2.6103","-1.1453","3.8648","11.0782","16.0523","Strategy - Socially Responsible","Style Box - All Cap Blend"
"United States Commodity ETF","USCI","387.38","99.86852917009038619556285949055053410025","-.0377","4.5273","3.1302","6.1229","27.7577","40.7029","Basket - Broad","Broad Commodity ETFs"
"iShares Climate Conscious & Transition MSCI USA ETF","USCL","2846.13","91.75706398181227671321857746021435531017",".5712","2.6312","-1.1174","3.8624","11.0964","16.0788","Strategy - Socially Responsible","Style Box - All Cap Blend"
"ProShares Ultra Semiconductors","USD","2676.35","59.95314545579824984496658168538551643354","-1.0542","-6.3006","-10.291","-11.0744","45.6589","102.7104","Derivative Based ETF","Leveraged Equity ETFs"
"WisdomTree Bloomberg U.S. Dollar Bullish ETF","USDU","330.62","52.04081632653061224489795918367346938776","-.0381","-1.8706","-.5686",".3059","2.2612","2.8667","Basket - Broad","Currency ETFs"
"SGI Enhanced Core ETF","USDX","305.73","16.23931623931623931623931623931623931624","-.0431",".4321","-.2346",".4635","2.6784","5.7732","US Treasury - Ultra Short","Money Market/Ultra-Short Term ETFs"
"WisdomTree Floating Rate Treasury ETF","USFR","18727.95","96.2962962962962962962962962962962962963",".0198",".3763",".0793","1.0016","1.8933","3.9086","US Treasury - Short Term","Government Bond ETFs"
"iShares Broad USD High Yield Corporate Bond ETF","USHY","28994.72","28.36879432624113475177304964539007092199",".1087",".5233","-.0814","1.321","1.4743","5.543","Corporates - Junk/High Yield","High-Yield/Junk Bond ETFs"
"iShares Broad USD Investment Grade Corporate Bond ETF","USIG","17524.69","3.11284046692607003891050583657587548638","-.0995","-.1854","-.1591","-.2446","-1.6791","2.3551","Corporates - Investment Grade","Investment Grade Corporate Bond ETFs"
"Principal U.S. Mega-Cap ETF","USMC","4355.27","93.71848739495798319327731092436974789916",".3941","1.9912","-.9137","4.2095","13.9624","19.1578","Style Box - Large Cap Blend","Style Box - Large Cap Blend"
"WisdomTree U.S. Multifactor ETF","USMF","285.14","81.82282793867120954003407155025553662692",".6654",".1726","-1.6175","2.3849","4.6384","5.4156","Style Box - All Cap Blend","Style Box - All Cap Blend"
"iShares MSCI USA Min Vol Factor ETF","USMV","24140.67","98.63414634146341463414634146341463414634",".5563","4.8472",".0989","5.7161","5.9589","8.8455","Style Box - Large Cap Blend","Style Box - Large Cap Blend"
"Xtrackers Net Zero Pathway Paris Aligned US Equity ETF","USNZ","297.07","93.24968388289076938041046590798560451318",".5403","2.3499","-1.1359","3.6725","13.2768","21.8003","Strategy - Socially Responsible","Style Box - All Cap Blend"
"United States Oil ETF","USO","2088.54","78.89157737066482313630602603986634404885",".0743","4.4936","6.3507","-5.5423","66.5306","81.6269","Energy -  Crude Oil","Energy ETFs"
"ETRACS Crude Oil Shares Covered Call ETN","USOI","249.2","12.13964559640306797143612800846336947897",".1348","-5.3224","-2.4518","-20.1634","-13.2618","-12.8752","Derivative Based ETF","Energy ETFs"
"Franklin U.S. Equity Index ETF","USPX","2058.25","91.44196951934349355216881594372801875733",".4804","2.2925","-1.4866","3.4322","11.7256","21.2667","Style Box - All Cap Blend","Style Box - All Cap Blend"
"iShares Core U.S. REIT ETF","USRT","4662.99","79.56093868281604844814534443603330809992","-.1042","-2.4277","-.3563","3.2329","8.3634","20.6816","Real Estate   - REITs","Real Estate ETFs"
"Segall Bryant & Hamill Select Equity ETF","USSE","358.05","86.23990427759497457373616512114866886031",".2334","1.4067","-2.9614","3.5659","14.7853","27.1096","Style Box - All Cap Blend","Style Box - All Cap Blend"
"Xtrackers MSCI USA Selection Equity ETF","USSG","588.66","95.32924445642650131428186291029183797264",".6902","4.365","-.9525","4.9976","13.2866","24.2276","Strategy - Socially Responsible","Style Box - All Cap Blend"
"VictoryShares Short-Term Bond ETF","USTB","2500.29","14.86486486486486486486486486486486486486",".0198",".4209","0",".9644","1.1399","3.927","Short-Term Bond ETF","Short-Term Bond ETF"
"VictoryShares US Small Mid Cap Value Momentum ETF","USVM","1778.24","91.426024264506376216132408232877243304",".6205","-.3307","-1.6647","7.5926","11.3574","30.1547","Style Box - Small Cap Blend","Style Box - Small Cap Blend"
"iShares ESG Advanced MSCI USA ETF","USXF","1475.19","87.48393128432861984340306182073156480075",".4428","1.527","-2.5851","3.4866","16.0133","24.1347","Strategy - Socially Responsible","Style Box - All Cap Growth"
"F/m US Treasury 10 Year Note ETF","UTEN","267.25","2.89463527595522964106522578155152450791","-.2685","-.3822","-.2944","-.197","-2.9062","1.2431","US Treasury - Intermediate Term","Government Bond ETFs"
"F/m US Treasury 2 Year Note ETF","UTWO","490.33","20.23121387283236994219653179190751445087","-.0416",".4459","-.0208",".7399",".455","2.6728","US Treasury - Short Term","Government Bond ETFs"
"Invesco DB US Dollar Index Bullish ETF","UUP","329.34","67.13615023474178403755868544600938967136","-.0358","-2.0365","-.7471",".6131","2.99","1.087","Basket - Broad","Currency ETFs"
"ProShares Ultra Russell2000","UWM","251.71","91.20720720720720720720720720720720720721","1.4683","1.546","-3.5475","11.0202","23.9242","63.8511","Derivative Based ETF","Leveraged Equity ETFs"
"ProShares Ultra Financials","UYG","816.32","80.777334851936218678815489749430523918","1.9593","4.565","-2.37","22.0076","17.4305","13.0416","Derivative Based ETF","Leveraged Equity ETFs"
"Angel Oak UltraShort Income ETF","UYLD","1603.53","38.46153846153846153846153846153846153846",".0293",".4284",".0587","1.1074","1.8893","4.3859","Ultra short Bond ETF","Ultra short Bond ETF"
"American Century U.S. Quality Value ETF","VALQ","340.93","99.67420467612111920275967803756228440015",".7595","5.2111",".146","7.6725","5.7853","16.6476","Style Box - All Cap Value","Style Box - All Cap Value"
"Vanguard Materials Index Fund ETF Shares","VAW","3058.17","91.70355216663567044820531895108796726799","2.1607","7.5569","1.7789","6.1166","-.0446","19.0755","Materials  - Broad","Materials ETFs"
"Vanguard Morningstar Small-Cap ETF","VB","81850.23","93.33529498308077092835074297484184198911",".6373","2.6128","-1.4646","6.7034","9.8493","25.8479","Style Box - Small Cap Blend","Style Box - Small Cap Blend"
"Vanguard 0-3 Month Treasury Bill ETF Shares","VBIL","10128.75","83.33333333333333333333333333333333333333",".0397",".3511",".0661",".9343","1.8019","3.7626","US Treasury - Ultra Short","Government Bond ETFs"
"Vanguard Morningstar Small-Cap Growth ETF","VBK","24314.53","91.04001888797072364537834966355802148507",".6963","3.013","-1.9787","4.4988","12.2159","26.8103","Style Box - Small Cap Growth","Style Box - Small Cap Growth"
"Vident U.S. Bond Strategy ETF","VBND","522.4","2.36406619385342789598108747044917257683","-.0117","-.2674","-.1631",".0955","-1.4305","2.5657","Total Bond Market - Broad","Total Bond Market ETFs"
"Vanguard Morningstar Small-Cap Value ETF","VBR","37699.6","95.30125047366426676771504357711254262978",".6829","2.3705","-.9855","8.4501","8.048","25.0361","Style Box - Small Cap Value","Style Box - Small Cap Value"
"Vanguard ESG U.S. Corporate Bond ETF Shares","VCEB","1147.39","2.81690140845070422535211267605633802817","-.0977","-.182","-.1383","-.4002","-2.1384","1.6024","Corporates - Investment Grade","Investment Grade Corporate Bond ETFs"
"Vanguard Intermediate-Term Corporate Bond Index Fund ETF Shares","VCIT","67538.26",".7894736842105263157894736842105263157895","-.0617","-.1691","-.2216","-.0911","-1.7769","2.5993","Corporates- Intermediate Term","Investment Grade Corporate Bond ETFs"
"Vanguard Long-Term Corporate Bond Index Fund ETF Shares","VCLT","8748.53","5.66037735849056603773584905660377358491","-.1392","-1.0025","-.0975","-1.9042","-4.5678",".5322","Long-Term Bond ETF","Long-Term Bond ETF"
"Vanguard Consumer Discretionary Index Fund ETF Shares","VCR","6017.56","76.04983848638670973696354407014305491463","1.1925","2.1136","-.3063","1.2669","2.5595","6.4043","Consumer Discretionary - Broad","Consumer Discretionary ETFs"
"Vanguard Core Bond ETF Shares","VCRB","7506.21","4.62686567164179104477611940298507462687","-.1709","-.0497","-.1315",".1515","-1.3581","2.7573","Total Bond Market - Broad","Total Bond Market ETFs"
"Vanguard Short-Term Corporate Bond Index Fund ETF Shares","VCSH","45014.43","10.30640668523676880222841225626740947075","-.0254",".3805","-.0636",".7264",".3009","3.2675","Short-Term Bond ETF","Short-Term Bond ETF"
"Vanguard Consumer Staples Index Fund ETF Shares","VDC","7931.06","66.81781808482261936516404374499866631102",".6733","1.8637","-.6559","1.39","-1.6831","6.2243","Consumer Staples - Broad","Consumer Staples ETFs"
"Vanguard Energy Index Fund ETF Shares","VDE","10891.13","99.76411120471777590564448188711036225779","-.0779","8.4944","2.8051","7.9699","17.3383","51.4552","Energy - Broad","Energy ETFs"
"Vanguard FTSE Developed Markets Index Fund ETF Shares","VEA","236942.16","98.25806451612903225806451612903225806452",".7963","4.1862","-.2175","4.3955","6.3093","28.3615","Foreign Large Blend ETF","Foreign Large Blend ETF"
"Vanguard FTSE All-World ex-US Index Fund ETF Shares","VEU","70054.1","99.05715969357690041249263406010606953447",".8236","3.7033",".0117","4.2417","5.8529","26.8157","Foreign Large Blend ETF","Foreign Large Blend ETF"
"Vanguard Emerging Markets Ex-China ETF Shares","VEXC","265.41","88.95784292745559597688850845281403809116","1.0233","2.7909",".1674","5.4267","8.7961","0","Geographic - Broad Emerging Markets","Broad Emerging Market ETFs"
"Vanguard Financials Index Fund ETF Shares","VFH","13630.08","92.15229215229215229215229215229215229215","1.0194","2.3865","-1.3391","11.4652","10.3905","11.2062","Financials-Broad","Financials ETFs"
"VictoryShares Free Cash Flow ETF","VFLO","10537.09","100",".69","15.5904","3.2396","28.2733","37.9561","55.6339","Style Box - Large Cap Value","Style Box - Large Cap Value"
"Vanguard U.S. Multifactor ETF Shares","VFMF","921.55","98.52419204184569400336260041098449467588",".9295","2.8639","-.3792","10.6472","15.0249","36.3019","Style Box - All Cap Blend","Style Box - All Cap Blend"
"Vanguard U.S. Momentum Factor ETF Shares","VFMO","1897.17","76.57521025782434854542947745760375017234",".6842","-.8317","-2.6706","2.0733","12.3024","32.7967","Style Box - All Cap Growth","Style Box - All Cap Growth"
"Vanguard U.S. Minimum Volatility ETF Shares","VFMV","442.68","93.99154743113193136106726411731758236163",".1126","2.628","-.8029","4.1186","6.2776","13.7398","Style Box - All Cap Blend","Style Box - All Cap Blend"
"Vanguard U.S. Quality Factor ETF Shares","VFQY","498.79","96.70810313075506445672191528545119705341",".7576","4.061","-.6378","10.7685","13.0789","21.9467","Style Box - All Cap Blend","Style Box - All Cap Blend"
"Vanguard U.S. Value Factor ETF Shares","VFVA","933.42","99.37686128281488525738882354413273605446","1.084","5.3773","-.1532","13.7716","13.9976","33.2143","Style Box - All Cap Value","Style Box - All Cap Value"
"Vanguard High-Yield Active ETF Shares","VGHY","308.53","42.94871794871794871794871794871794871795",".0403",".5517","-.067","1.4696","1.2","0","Corporates - Junk/High Yield","High-Yield/Junk Bond ETFs"
"Vanguard Intermediate-Term Treasury Index Fund ETF Shares","VGIT","42409.97","3.4","-.1284",".1189","-.1968",".2398","-1.4446","1.7079","US Treasury - Mid Term","Government Bond ETFs"
"Vanguard European Stock Index Fund ETF Shares","VGK","30936.45","100",".7717","4.4615",".3789","5.8124","4.7672","20.7402","Geographic - Broad Europe","European Equity ETFs"
"Vanguard Long-Term Treasury Index Fund ETF Shares","VGLT","10346.72","6.32279534109816971713810316139767054908","-.3589","-1.1672",".0569","-.9716","-5.3299",".2581","US Treasury - Long Term","Government Bond ETFs"
"Vanguard Multi-Sector Income Bond ETF Shares","VGMS","250.43","29.80132450331125827814569536423841059603",".1179",".4986","-.098","1.1178",".6945","4.9038","Total Bond Market - Broad","Total Bond Market ETFs"
"Vanguard Short-Term Treasury Index Fund ETF Shares","VGSH","30240.99","16.34615384615384615384615384615384615385","-.0172",".4519","-.0172",".7637",".5924","2.8933","US Treasury - Short Term","Government Bond ETFs"
"Vert Global Sustainable Real Estate ETF","VGSR","542.3","82.90845886442641946697566628041714947856","-.0867","-1.03","-.4919","2.9331","4.3974","13.6054","Real Estate   - Broad","Real Estate ETFs"
"Vanguard Information Technology Index Fund ETF Shares","VGT","145158.75","82.575506140059741121805509459010952539",".0507","2.0774","-3.3779","3.5535","28.6891","39.401","Technology  - broad","Technology ETFs"
"Vanguard Ultra-Short Treasury ETF Shares","VGUS","1028.36","87.3015873015873015873015873015873015873",".0331",".365",".0728",".9522","1.7603","3.7589","US Treasury - Ultra Short","Government Bond ETFs"
"Vanguard Health Care Index Fund ETF Shares","VHT","19438.28","97.75224144462684682409395125647177673949","1.2388","8.5387","4.1309","18.8569","13.7222","30.8339","Healthcare - Broad","Health Care ETFs"
"Vident International Equity Strategy ETF","VIDI","445.42","88.54708944628490298154283009938476100331","1.735","3.9301",".7997","2.0498","6.2838","35.7596","Foreign Large Value ETF","Foreign Large Value ETF"
"Vanguard Dividend Appreciation Index Fund ETF Shares","VIG","112805.51","92.65905383360522022838499184339314845024",".6936","2.9286","-.5991","5.9982","7.9853","18.4056","Strategy - Dividend Growth","Style Box - Large Cap Blend"
"Vanguard International Dividend Appreciation Index Fund ETF Shares","VIGI","9142.29","92.61083743842364532019704433497536945813",".8179","3.8547","-.8347","5.5282","4.3847","12.5691","Foreign Large Blend ETF","Foreign Large Blend ETF"
"Vanguard S&P Small-Cap 600 Growth Index Fund ETF Shares","VIOG","1103.13","88.92496664904729542651463666339449772207",".6121",".1272","-2.5601","8.5377","14.1718","27.9326","Style Box - Small Cap Growth","Style Box - Small Cap Growth"
"Vanguard S&P Small-Cap 600 Index Fund ETF Shares","VIOO","4253.4","91.74964438122332859174964438122332859175",".6707",".4856","-2.0792","8.4657","12.4023","29.1903","Style Box - Small Cap Blend","Style Box - Small Cap Blend"
"Vanguard S&P Small-Cap 600 Value Index Fund ETF Shares","VIOV","1876.22","93.79171143015268418139792297424878731647",".7033",".8177","-1.5792","8.3085","10.8506","33.1509","Style Box - Small Cap Value","Style Box - Small Cap Value"
"Vanguard Industrials Index Fund ETF Shares","VIS","8197.42","81.02777056838826888139112379963664676875",".2871",".3454","-3.68","3.9601","1.2765","21.193","Industrials  - Broad","Industrials ETFs"
"State Street SPDR S&P 1500 Value Tilt ETF","VLU","777.33","94.99701745271219380784698570301525909677",".5078","2.6424","-1.0374","6.4697","11.0278","27.5934","Style Box - All Cap Value","Style Box - All Cap Value"
"iShares MSCI USA Value Factor ETF","VLUE","9787.68","97.5893792942820542680796552928845929894",".4563","3.8138","-.7644","9.8946","33.7413","75.8341","Style Box - Large Cap Value","Style Box - Large Cap Value"
"Vanguard Mortgage-Backed Securities Index Fund ETF Shares","VMBS","15656.07","7.06521739130434782608695652173913043478","-.1946",".0821","-.0433",".3138","-.9887","4.0575","Asset Backed - MBS","Mortgage-Backed Security ETFs"
"Voya Multi-Sector Income ETF","VMSB","311.33","35.69023569023569023569023569023569023569","-.1029",".7336","-.302","1.3257",".7865","0","Total Bond Market - Broad","Total Bond Market ETFs"
"Janus Henderson Short Duration Income ETF","VNLA","3386.65","28.84615384615384615384615384615384615385",".0409",".4379",".0613","1.0719","1.6015","4.2184","Ultra short Bond ETF","Ultra short Bond ETF"
"VanEck Vietnam ETF","VNM","495.64","44.21965317919075144508670520231213872832","4.1983","5.5523","4.1375","-5.8483","-7.3373","1.75","Geographic - Vietnam","Frontier Markets"
"Vanguard Real Estate Index Fund ETF Shares","VNQ","39144.34","82.43727598566308243727598566308243727599","-.1014","-1.0249","-.3339","2.7779","5.7136","12.7648","Real Estate   - Broad","Real Estate ETFs"
"Vanguard Global ex-U.S. Real Estate Index Fund ETF Shares","VNQI","3525.69","32.66666666666666666666666666666666666667",".0438",".0503",".4836","-.846","-9.8066","-3.0541","Real Estate   - Broad","Real Estate ETFs"
"Vanguard Morningstar Mid-Cap ETF","VO","108760.41","90.03344481605351170568561872909698996656",".5331","3.1067","-1.7641","7.5125","9.7501","17.8237","Style Box - Mid Cap Blend","Style Box - Mid Cap Blend"
"Vanguard Morningstar Mid-Cap Value ETF","VOE","24269.99","94.37321937321937321937321937321937321937",".3463","3.3178","-1.1232","8.7939","8.8493","24.5011","Style Box - Mid Cap Value","Style Box - Mid Cap Value"
"Tema Electrification ETF","VOLT","740.64","62.23684210526315789473684210526315789474","-1.1166","-5.3441","-6.3451","-7.0642","2.2529","33.9358","Energy - Broad","Energy ETFs"
"Vanguard Russell 1000 Index Fund ETF Shares","VONE","8569.9","91.99147381242387332521315468940316686967",".405","2.5618","-1.35","3.8557","11.5426","21.4772","Style Box - Large Cap Blend","Style Box - Large Cap Blend"
"Vanguard Russell 1000 Growth Index Fund ETF Shares","VONG","44817.77","75.63432835820895522388059701492537313433",".3744",".8646","-2.3333","-1.6917","8.1073","12.1588","Style Box - Large Cap Growth","Style Box - Large Cap Growth"
"Vanguard Russell 1000 Value Index Fund ETF Shares","VONV","21830.84","97.30458221024258760107816711590296495957",".4273","3.9912","-.529","9.9856","14.9407","31.5473","Style Box - Large Cap Value","Style Box - Large Cap Value"
"Vanguard 500 Index Fund ETF Shares","VOO","1018810.81","91.61319206088643486046858677809282196687",".3852","2.3028","-1.3873","3.3437","11.5966","21.6998","Style Box - Large Cap Blend","Style Box - Large Cap Blend"
"Vanguard S&P 500 Growth Index Fund ETF Shares","VOOG","26626.94","89.05091569696076987283350517994795502529",".3487","1.8053","-2.2259","1.739","14.8576","23.2621","Style Box - Large Cap Growth","Style Box - Large Cap Growth"
"Vanguard S&P 500 Value Index Fund ETF Shares","VOOV","6753.66","96.66951323654995730145175064047822374039",".4473","2.8701","-.3654","5.3311","7.9838","19.791","Style Box - Large Cap Value","Style Box - Large Cap Value"
"Vanguard Morningstar Mid-Cap Growth ETF","VOT","19592.4","86.70601025003882590464357819537195216649",".7919","2.7758","-2.7259","5.8776","10.9952","8.3847","Style Box - Mid Cap Growth","Style Box - Mid Cap Growth"
"TCW Transform 500 ETF","VOTE","1127.17","91.98862019914651493598862019914651493599",".5129","2.4296","-1.3334","3.6912","12.2756","21.9604","Style Box - Large Cap Blend","Style Box - Large Cap Blend"
"Vanguard Communication Services Index Fund ETF Shares","VOX","5757.53","47.7693144722524483133841131664853101197",".7968","-.8953","-1.7021","-4.8399","-2.0728","7.0973","Communication Services - Broad","Communication Services ETFs"
"Vanguard Pacific Stock Index Fund ETF Shares","VPL","8470.67","83.95202741290691033695031410622501427756",".8852","3.6934","-1.0913","2.3655","7.8617","37.8154","Geographic - Broad Pacific","Asia-Pacific (Developed) ETFs"
"Vanguard Core-Plus Bond ETF Shares","VPLS","1764.73","3.97456279809220985691573926868044515103","-.1177",".0073","-.0851",".276","-1.1526","3.1167","Total Bond Market - Broad","Total Bond Market ETFs"
"Vanguard Utilities Index Fund ETF Shares","VPU","8460.63","21.97678771995507300636465743167353051292","-2.2608","-4.7317","-3.4945","-4.4114","-6.3413","2.7818","Utilities  - Broad","Utilities/Infrastructure ETFs"
"Invesco Variable Rate Investment Grade ETF","VRIG","1894.05","69.6969696969696969696969696969696969697",".0398",".3194",".0996","1.1148","2.0036","4.5077","Corporates - Floating Rate","Investment Grade Corporate Bond ETFs"
"Invesco Variable Rate Preferred ETF","VRP","3022.33","36.66666666666666666666666666666666666667",".1243","-.453","-.0414",".4949",".4262","4.2154","Corporates - Floating Rate","Convertibles/CEFs/OET/Preferred Stock ETFs"
"VictoryShares Dividend Accelerator ETF","VSDA","223.18","98.88888888888888888888888888888888888889",".5471","4.5615","-.0115","10.6058","4.9079","14.9121","Strategy - Dividend Growth","Style Box - Large Cap Value"
"Vanguard Short Duration Bond ETF Shares","VSDB","922.02","15.94202898550724637681159420289855072464","-.0395",".3744","-.0921",".9314",".6589","3.2838","Short-Term Bond ETF","Short-Term Bond ETF"
"Vanguard ESG International Stock ETF Shares","VSGX","6764.76","98.68969624776652769505658129839189994044",".8696","3.7902","-.1076","4.9246","6.8682","27.3611","Strategy - Socially Responsible","World ETFs"
"Applied Finance Valuation Large Cap ETF","VSLU","560.45","94.06976744186046511627906976744186046512",".507","3.3153","-.6519","4.9043","10.0406","20.2072","Style Box - Large Cap Blend","Style Box - Large Cap Blend"
"Vanguard FTSE All-World ex-US Small-Cap Index Fund ETF Shares","VSS","11990.37","89.83313930927435001940240589833139309274",".433","5.6432",".075","1.3788","1.3724","19.6514","Foreign Small/Mid Growth ETF","Foreign Small/Mid Growth ETF"
"Vanguard Total World Stock Index Fund ETF Shares","VT","80637.38","94.52332657200811359026369168356997971602",".5252","2.9653","-.9122","3.9448","9.2666","23.4989","World Small/Mid Stock ETF","World Small/Mid Stock ETF"
"Vanguard Total Corporate Bond ETF Shares","VTC","1708.35","2.96912114014251781472684085510688836105","-.0892","-.2893","-.141","-.3849","-1.8938","2.1609","Corporates - Investment Grade","Investment Grade Corporate Bond ETFs"
"Vanguard Russell 3000 Index Fund ETF Shares","VTHR","4789.49","91.96235729713051527306386917618019129898",".4913","2.4795","-1.3207","3.9803","11.7134","22.1167","Style Box - All Cap Blend","Style Box - All Cap Blend"
"Vanguard Morningstar Total Stock Market ETF","VTI","681977.38","91.65519140732580556320572844946295786285",".4408","2.3792","-1.4615","3.8877","11.7589","22.1831","Style Box - All Cap Blend","Style Box - All Cap Blend"
"Vanguard Short-Term Inflation-Protected Securities Index Fund ETF Shares","VTIP","19861.89","29.41176470588235294117647058823529411765","-.1204",".3224",".171",".3986","1.5141","3.0654","US Treasury - TIPS","Inflation-Protected Bond ETFs"
"Vanguard Morningstar Value ETF","VTV","192343.92","97.57217847769028871391076115485564304462",".5373","3.5539","-.4879","8.8326","10.48","27.378","Style Box - Large Cap Value","Style Box - Large Cap Value"
"Vanguard Russell 2000 Growth Index Fund ETF Shares","VTWG","1521.2","91.27551683786243661422441815108568456638","1.2081","1.4482","-2.0913","5.3375","15.1903","31.1542","Style Box - Small Cap Growth","Style Box - Small Cap Growth"
"Vanguard Russell 2000 Index Fund ETF Shares","VTWO","17145.29","93.28333876752526899250081512879034887512",".7394","1.185","-1.6706","6.4839","13.887","34.0909","Style Box - Small Cap Blend","Style Box - Small Cap Blend"
"Vanguard Russell 2000 Value Index Fund ETF Shares","VTWV","1358.27","95.41178729122672297945862929545018237666",".3389",".7568","-1.1904","7.5677","12.7416","37.5107","Style Box - Small Cap Value","Style Box - Small Cap Value"
"Vanguard Morningstar Growth ETF","VUG","224590.27","86.24802839116719242902208201892744479495",".3786","1.5906","-2.0595",".1284","13.1149","16.8127","Style Box - Large Cap Growth","Style Box - Large Cap Growth"
"Vanguard Ultra-Short Bond ETF Shares","VUSB","9343.99","34.88372093023255813953488372093023255814","-.01",".4525",".0603","1.0635","1.6378","4.0977","US Treasury - Ultra Short","Money Market/Ultra-Short Term ETFs"
"Vident U.S. Equity Strategy ETF","VUSE","685.17","92.49337873628452516080211880438895194854",".7107","2.3964","-1.0594","4.8619","12.1383","15.7381","Style Box - All Cap Value","Style Box - All Cap Value"
"Vanguard Morningstar Large-Cap ETF","VV","53786.3","91.55529446321045674842120722573065060949",".3586","2.3394","-1.4313","3.5296","11.9653","21.433","Style Box - Large Cap Blend","Style Box - Large Cap Blend"
"Vanguard Emerging Markets Stock Index Fund ETF Shares","VWO","125178.89","91.98782961460446247464503042596348884381",".7164","2.7013",".5656","3.1022","3.4017","20.6027","Geographic - Broad Emerging Markets","Broad Emerging Market ETFs"
"Vanguard Emerging Markets Government Bond Index Fund ETF Shares","VWOB","6216.47","27.00296735905044510385756676557863501484",".0455","-.0655","-.3327","1.0106","-.6507","5.8948","Sovereign - Investment Grade","Emerging Market Bond ETFs"
"Vanguard Extended Market Index Fund ETF Shares","VXF","31433.33","90.63538973032877724418175101588474325822",".8171","2.5606","-2.0231","7.663","13.1523","24.7537","Style Box - Mid Cap Blend","Style Box - Mid Cap Blend"
"Vanguard Total International Stock Index Fund ETF Shares","VXUS","162575.16","99.05882352941176470588235294117647058824",".7813","3.8603",".0114","4.1571","5.7642","26.2795","Foreign Large Blend ETF","Foreign Large Blend ETF"
"Vanguard High Dividend Yield Index Fund ETF Shares","VYM","82686.5","93.0311231393775372124492557510148849797",".5915","2.785","-.9308","5.5323","7.2327","22.8865","Style Box - Large Cap Value","Style Box - Large Cap Value"
"Vanguard International High Dividend Yield Index Fund ETF Shares","VYMI","21174.93","100","1.0174","3.8891",".5926","6.3474","6.6178","29.0498","Foreign Large Value ETF","Foreign Large Value ETF"
"Pabrai Wagons ETF","WAGN","281.71","100",".8906","13.6918","3.8638","9.9099","10.6383","0","World Small/Mid Stock ETF","World Small/Mid Stock ETF"
"WisdomTree Cloud Computing ETF","WCLD","331.07","93.36332958380202474690663667041619797525","1.3955","20.706","-.1962","37.5127","49.1569","20.588","Technology  - Cloud Computing","Technology ETFs"
"First Trust WCM International Equity ETF","WCMI","1865.81","93.48534201954397394136807817589576547231",".8656","2.749","-1.4918","4.7045","8.2726","27.7396","Foreign Large Blend ETF","Foreign Large Blend ETF"
"Weitz Core Plus Bond ETF","WCPB","239.44","17.71300448430493273542600896860986547085","-.1154",".145","-.1193",".8774","-.369","4.4275","Total Bond Market - Broad","Total Bond Market ETFs"
"State Street SPDR S&P Global Dividend ETF","WDIV","288.84","98.99805377351690333741800619909176097455",".3249","3.4195","-.1628","6.2067","5.3738","21.5061","Global Large-Cap Value Equity ETF","Global Large-Cap Value Equity ETF"
"Teucrium Wheat ETF","WEAT","315.47","90.35947712418300653594771241830065359477",".1182",".8333","1.7621","3.7143","14.6143","20.1418","Agriculture - Wheat","Agricultural ETFs"
"Tema U.S. Manufacturing & Reshoring ETF","WELD","285.01","22.41758241758241758241758241758241758242",".6492","-3.6147","-5.2671","0","0","0","Industrials  - Broad","Industrials ETFs"
"CoinShares Bitcoin Mining and Digital Power ETF","WGMI","231.08","39.36537134973557139572315474821798114509","-2.5362","-18.4994","-5.9827","-25.7509","17.7243","70.1265","Digital Economy ETF","Digital Economy ETF"
"Harbor Long-Term Growers ETF","WINN","1174.05","89.43521594684385382059800664451827242525",".48","2.6388","-1.8464","2.5727","13.5254","12.9892","Style Box - All Cap Growth","Style Box - All Cap Growth"
"State Street SPDR FTSE International Government Inflation-Protected Bond ETF","WIP","476.06","54.90196078431372549019607843137254901961",".5294","2.7082","1.0644","1.571","1.1661","10.8551","Sovereign - Inflation-Protected","Inflation-Protected Bond ETFs"
"iShares Global Timber & Forestry ETF","WOOD","270.16","44.19530242726610235999775772184539492124","1.4328","5.6687",".1921","10.5925","-9.1306","-.0554","Materials  - Timber","Materials ETFs"
"WisdomTree Quantum Computing Fund","WQTM","321.96","57.42078932740411339633129516397998888271","2.6854","4.422","-4.7552","-7.6818","27.7525","0","Technology  - broad","Technology ETFs"
"iShares MSCI World Small-Cap ETF","WSML","676.47","94.31060296719749557642575200762215870423",".7527","3.6164","-1.1518","6.0379","7.8822","27.2938","World Small/Mid Stock ETF","World Small/Mid Stock ETF"
"WisdomTree Artificial Intelligence and Innovation Fund","WTAI","688.26","68.744551002615518744551002615518744551",".219","-1.4125","-4.4326","-.962","36.9016","67.4956","Artificial Intelligence and Robotics ETF","Artificial Intelligence and Robotics ETF"
"WisdomTree Managed Futures Strategy ETF","WTMF","258.66","100",".4314","2.0706",".2872","1.9465","7.8785","18.2951","Derivative Based ETF","Hedge Fund ETFs"
"WisdomTree Equity Premium Income Fund","WTPI","514.76","78.72340425531914893617021276595744680851",".3312","2.21","-.6263","2.9021","4.2036","14.4165","Derivative Based ETF","Style Box - Large Cap Blend"
"WisdomTree U.S. Value Fund","WTV","3273.07","98.779296875",".7443","3.3499","-.2303","8.4304","9.0026","24.1355","Style Box - Large Cap Value","Style Box - Large Cap Value"
"Inspire International ETF","WWJD","575.84","100","1.1508","6.827","1.8617","6.6833","5.42","20.8843","Strategy - Socially Responsible","World ETFs"
"Eaton Vance Income Opportunities ETF","XAGG","1421.58","22.82608695652173913043478260869565217391",".1002",".8782","-.06","1.6709",".6949","0","Total Bond Market - Broad","Total Bond Market ETFs"
"State Street SPDR S&P Aerospace & Defense ETF","XAR","6189.79","70.61489465948064674179323860852523272905",".3532","2.9557","-8.0848","2.4146","-3.2255","28.2035","Industrials  - Aerospace & Defense","Industrials ETFs"
"BondBloxx BB-Rated USD High Yield Corporate Bond ETF","XBB","582.08","40.48493754592211609110947832476120499633",".1843",".7366",".1719","1.2534","1.1148","5.6344","Corporates - Junk/High Yield","High-Yield/Junk Bond ETFs"
"State Street SPDR S&P Biotech ETF","XBI","11167.02","95.26993561168895492818226844972758791481","1.4384","7.2686","5.2856","24.9195","32.9284","84.9436","Healthcare - Biotech","Health Care ETFs"
"F/m US Treasury 6 Month Bill ETF","XBIL","746.33","73.33333333333333333333333333333333333333",".0199",".3866",".0599",".9656","1.7859","3.7548","US Treasury - Ultra Short","Government Bond ETFs"
"Roundhill Ultra Short Duration No Dividend Target ETF","XBOX","296.83","99.09502262443438914027149321266968325792",".0795",".2988",".1193","1.145","0","0","Hedge Fund - Long/Short","Hedge Fund ETFs"
"BondBloxx CCC-Rated USD High Yield Corporate Bond ETF","XCCC","325.72","2.33837689133425034387895460797799174691",".2381","-.0369","-.2787","-.0391",".0913","3.3182","Corporates - Junk/High Yield","High-Yield/Junk Bond ETFs"
"Columbia EM Core ex-China ETF","XCEM","2033.74","78.98655139289145052833813640730067243036",".4867","2.7524","-.5505","2.2952","12.6113","46.7508","Geographic - Broad Emerging Markets","Broad Emerging Market ETFs"
"AB US Equity ETF","XCHG","714.7","90.34780819098579954723194072854496810043",".3981","2.0414","-1.4412","3.4803","9.208","0","Style Box - All Cap Blend","Style Box - All Cap Blend"
"FT Vest U.S. Equity Enhance & Moderate Buffer ETF - December","XDEC","202.99","98.4821654439666076397672653680748798381",".1382","1.0693","-.046","2.2938","5.4879","10.2406","Derivative Based ETF","Defined Outcome"
"Roundhill S&P 500 0DTE Covered Call Strategy ETF","XDTE","337.86","32.76255707762557077625570776255707762557","1.0848","2.2978","-1.0788","4.1369","8.6409","17.8195","Derivative Based ETF","Derivative Based ETF"
"BondBloxx JP Morgan USD Emerging Markets 1-10 Year Bond ETF","XEMD","902.73","50.93765838824125696908261530663963507349",".1014",".1651","-.3478","1.0685",".8047","8.0293","International - Emerging Market","Emerging Market Bond ETFs"
"State Street SPDR S&P Oil & Gas Equipment & Services ETF","XES","390.49","80.63777845590479096734818431492218492524","-.4528","5.4325","-2.6333","-6.7621","8.959","84.8038","Energy - Equipment and services","Energy ETFs"
"BondBloxx Bloomberg Five Year Target Duration US Treasury ETF","XFIV","346.34","2.58094791177850774284373533552322853121","-.1765",".1067","-.2179",".2698","-1.5303","1.5898","US Treasury - Intermediate Term","Government Bond ETFs"
"State Street SPDR S&P Homebuilders ETF","XHB","1378.34","43.92452830188679245283018867924528301887",".8332",".5286","-2.3115","7.1313","-10.1188","-3.696","Industrials  - Engineering and Construction","Industrials ETFs"
"BondBloxx Bloomberg Six Month Target Duration US Treasury ETF","XHLF","2024.37","46.15384615384615384615384615384615384615",".0199",".3876",".0597",".9311","1.7105","4.0123","US Treasury - Ultra Short","Government Bond ETFs"
"State Street SPDR S&P Health Care Services ETF","XHS","209.11","97.18177548144668858619069985908877407233","1.2453",".6707",".8491","20.6347","26.7143","40.8608","Healthcare - Services","Health Care ETFs"
"iShares ESG Select Screened S&P Mid-Cap ETF","XJH","426.36","88.33569154580827732578705341351255748143",".327","1.1293","-2.4808","5.6436","6.7394","22.8987","Strategy - Socially Responsible","Style Box - Mid Cap Blend"
"iShares ESG Select Screened S&P Small-Cap ETF","XJR","214.35","89.45425005538734214607488368658149324274",".5963",".0154","-2.3254","8.3892","12.4386","27.2351","Strategy - Socially Responsible","Style Box - Small Cap Blend"
"State Street Materials Select Sector SPDR ETF","XLB","8672.75","99.29762949956101843722563652326602282704","2.1366","6.8663","1.9033","7.4235","1.8533","20.3426","Materials  - Broad","Materials ETFs"
"State Street Communication Services Select Sector SPDR ETF","XLC","22362.89","40.95238095238095238095238095238095238095",".6505","1.2451","-1.3723","-3.8038","-4.0747","2.8263","Communication Services - Broad","Communication Services ETFs"
"State Street Energy Select Sector SPDR ETF","XLE","41854.96","99.47965941343424787133396404919583727531","-.1725","8.7863","2.7944","8.2782","17.3653","50.8623","Energy - Broad","Energy ETFs"
"State Street Financial Select Sector SPDR ETF","XLF","55796.5","92.53588516746411483253588516746411483254",".9306","2.4416","-1.1692","11.4771","10.3421","10.6022","Financials-Broad","Financials ETFs"
"Invesco S&P 500 Top 50 ETF","XLG","10767.5","78.65646258503401360544217687074829931973",".2908","1.1075","-1.6321","-2.0363","8.0505","15.698","Style Box - Large Cap Blend","Style Box - Large Cap Blend"
"State Street Industrial Select Sector SPDR ETF","XLI","33549.76","83.81592554291623578076525336091003102378",".267",".89","-3.3564","5.9603","2.2103","20.9907","Industrials  - Broad","Industrials ETFs"
"State Street Technology Select Sector SPDR ETF","XLK","119401.68","78.92801583934379861405741762126997595814",".1147","1.3995","-3.5261","2.7648","30.3985","42.214","Technology  - broad","Technology ETFs"
"State Street Consumer Staples Select Sector SPDR ETF","XLP","14740.89","72.10270645385149201943095072866065232477",".7853","2.296","-.1162","2.2492","-.9909","6.9326","Consumer Staples - Broad","Consumer Staples ETFs"
"State Street Real Estate Select Sector SPDR ETF","XLRE","8497.58","84.5","0","-.2655","-.4197","2.1599","4.9867","11.5283","Real Estate   - REITs","Real Estate ETFs"
"State Street US Sector Rotation ETF","XLSR","1040.56","90.62724014336917562724014336917562724014",".4181","2.3254","-1.3133","1.3198","7.5781","17.5059","Style Box - All Cap Blend","Style Box - All Cap Blend"
"State Street Utilities Select Sector SPDR ETF","XLU","22528.35","22.74143302180685358255451713395638629283","-2.2847","-4.7863","-3.4755","-4.3235","-6.4011","2.7471","Utilities  - Broad","Utilities/Infrastructure ETFs"
"State Street Health Care Select Sector SPDR ETF ETF","XLV","45030.91","97.44885679903730445246690734055354993983","1.2936","8.9672","4.3317","18.31","12.1483","29.2707","Healthcare - Broad","Health Care ETFs"
"State Street Consumer Discretionary Select Sector SPDR ETF","XLY","23021.72","65.53552492046659597030752916224814422057","1.1484","2.7422","-.1523","-.3764",".8675","5.1341","Consumer Discretionary - Broad","Consumer Discretionary ETFs"
"State Street SPDR S&P Metals & Mining ETF","XME","4415.98","74.14718282866998850134151015714833269452","4.0453","17.4606","1.8781","3.5016","1.7224","54.4877","Materials  - Broad","Materials ETFs"
"Invesco S&P MidCap Quality ETF","XMHQ","5641.34","97.27556945064761054041983028137561411344",".4464","5.7452","-.5088","11.1013","10.7126","16.7544","Style Box - Mid Cap Blend","Style Box - Mid Cap Blend"
"Invesco S&P MidCap Low Volatility ETF","XMLV","745.01","74.25382188789128852220334870177141470517","-.5433","-.8346","-1.297","4.4486","3.7276","10.2633","Style Box - Mid Cap Blend","Style Box - Mid Cap Blend"
"Invesco S&P MidCap Momentum ETF","XMMO","7380.73","61.99454793275783734666060881417537482962",".0764","-2.2038","-4.8804","-3.7028","5.5053","21.46","Style Box - Mid Cap Growth","Style Box - Mid Cap Growth"
"Invesco S&P MidCap Value with Momentum ETF","XMVM","515.73","94.65345393789249294232874344644811891456",".5778","2.0088","-1.2194","9.4679","9.4422","32.7979","Style Box - Mid Cap Value","Style Box - Mid Cap Value"
"State Street SPDR NYSE Technology ETF","XNTK","2199.18","77.85541592497143919870347246207391269694","-.0783",".8609","-2.5235","3.8492","32.5893","51.1231","Technology  - broad","Technology ETFs"
"Xtrackers S&P 100 Ex Top 20 ETF","XOEX","238.69","99.19689836610357241761284962614234284132",".8296","4.833",".0907","7.5767","13.2051","0","Style Box - Large Cap Value","Style Box - Large Cap Value"
"BondBloxx Bloomberg One Year Target Duration US Treasury ETF","XONE","847.51","32.34672304439746300211416490486257928118",".0203",".4417",".0507",".9033","1.4593","3.9064","US Treasury - Short Term","Government Bond ETFs"
"State Street SPDR S&P Oil & Gas Exploration & Production ETF","XOP","3852.1","100","1.115","9.0376","5.0141","11.5079","25.7718","55.0248","Energy - Exploration","Energy ETFs"
"ERShares Private-Public Crossover ETF","XOVR","1821.5","74.24242424242424242424242424242424242424","1.75","4.6272","-.8768","5.168","16.3522","5.2223","Style Box - Large Cap Blend","Style Box - Large Cap Blend"
"State Street SPDR S&P Pharmaceuticals ETF","XPH","556.65","95.53824362606232294617563739376770538244",".7055","5.8755","2.5641","25.9012","27.8625","56.5069","Healthcare - Pharma","Health Care ETFs"
"NEOS Boosted Nasdaq-100 High Income ETF","XQQI","277.35","55.18053375196232339089481946624803767661",".2458",".4979","-2.5269","-1.9722","12.8961","0","Derivative Based ETF","Style Box - Large Cap Growth"
"Bitwise XRP ETF","XRP","296.21","28.26233941852603110209601081812035158891","11.24","18.7307","37.4552","-.5833","-3.3396","0","Digital Economy ETF","Digital Economy ETF"
"Canary XRP ETF","XRPC","285.19","28.34338417878680383114579638169563675062","11.374","18.7144","37.7065","-.4775","-3.5053","0","Digital Economy ETF","Digital Economy ETF"
"Franklin XRP ETF","XRPZ","296.14","28.39160839160839160839160839160839160839","11.2687","18.7102","37.4194","-.5337","-3.4326","0","Digital Economy ETF","Digital Economy ETF"
"State Street SPDR S&P Retail ETF","XRT","359.95","69.21035169210351692103516921035169210352","1.1299","-.8478","-1.394","7.4661","-.6216","6.2429","Consumer Discretionary - Retail","Consumer Discretionary ETFs"
"State Street SPDR S&P Semiconductor ETF","XSD","2657.56","58.79905360202333360528677490413641184629",".3","-5.7561","-8.4624","-13.5439","39.6837","81.8011","Technology  - Semiconductors","Technology ETFs"
"Invesco S&P SmallCap Quality ETF","XSHQ","314.76","87.44744744744744744744744744744744744745",".8397","1.6173","-2.0571","7.4357","10.1914","15.4566","Style Box - Small Cap Blend","Style Box - Small Cap Blend"
"Invesco S&P SmallCap Low Volatility ETF","XSLV","246.44","85.70226196738558653340347185691741188848","-.2824","-1.026","-1.7111","6.5051","7.2097","16.5964","Style Box - Small Cap Blend","Style Box - Small Cap Blend"
"Invesco S&P SmallCap Momentum ETF","XSMO","3010.2","69.70423661071143085531574740207833733014",".5374","-3.0095","-3.9513","1.0979","8.3017","23.1497","Style Box - Small Cap Growth","Style Box - Small Cap Growth"
"WisdomTree Emerging Markets ex-State-Owned Enterprises ETF","XSOE","2112.07","77.19760787087647096649733136132724583628",".5397","2.2492",".1581","1.7352","8.6172","36.3321","Strategy - Socially Responsible","Broad Emerging Market ETFs"
"Invesco S&P SmallCap Value with Momentum ETF","XSVM","652.47","86.41218253359905973733966988604425366651",".7188","-1.6895","-2.2191","6.843","11.54","29.7142","Style Box - Small Cap Value","Style Box - Small Cap Value"
"BondBloxx Bloomberg Seven Year Target Duration US Treasury ETF","XSVN","391.07","1.35553834237025561580170410534469403563","-.1935","-.1246","-.215",".0711","-2.3358","1.7742","US Treasury - Intermediate Term","Government Bond ETFs"
"State Street SPDR S&P Software & Services ETF","XSW","507.11","95.0772340118377363938212790529810884943","1.0919","14.6175",".7387","24.6865","35.0847","10.8347","Technology  - Software","Technology ETFs"
"iShares Future Exponential Technologies ETF","XT","3930.67","92.79367143476376246207195491980927611617","1.0236","2.8536","-.4563","4.0206","14.9815","33.7011","Technology  - broad","Technology ETFs"
"BondBloxx Bloomberg Ten Year Target Duration US Treasury ETF","XTEN","1050.62","5.17751479289940828402366863905325443787","-.2928","-.5028","-.0339","-.2709","-3.5502","1.5747","US Treasury - Intermediate Term","Government Bond ETFs"
"State Street SPDR S&P Telecom ETF","XTL","528.22","70.15129264710904682217137392848604897374",".6484","-1.07","-3.9823","-6.5761","19.8362","70.7887","Communication Services - Broad","Communication Services ETFs"
"State Street SPDR S&P Transportation ETF","XTN","366.84","75.14931186704752012464294988314723448455","1.4066","-7.0563","-2.9874","2.6883","4.2726","30.7264","Industrials  - Transportation/Shipping","Industrials ETFs"
"BondBloxx Bloomberg Two Year Target Duration US Treasury ETF","XTWO","224.4","24.54545454545454545454545454545454545455","-.0614",".4287","-.0205",".7412",".4836","3.0995","US Treasury - Short Term","Government Bond ETFs"
"BondBloxx Bloomberg Twenty Year Target Duration US Treasry ETF","XTWY","239.16","7.27715877437325905292479108635097493036","-.3912","-2.1586",".1254","-1.8433","-7.5136","-1.3102","US Treasury - Long Term","Government Bond ETFs"
"iShares ESG Select Screened S&P 500 ETF","XVV","673.31","91.67374681393372982158028887000849617672",".5404","2.5906","-1.2468","3.6918","11.9904","20.5869","Strategy - Socially Responsible","Style Box - Large Cap Blend"
"Global X S&P 500 Covered Call ETF","XYLD","3306.22","99.39393939393939393939393939393939393939","0","1.6353","0","5.0275","6.8539","18.5299","Style Box - Large Cap Blend","Derivative Based ETF"
"AB Ultra Short Income ETF","YEAR","1539.18","26.07076350093109869646182495344506517691",".0398",".43",".0796",".9066","1.4008","3.5028","Ultra short Bond ETF","Ultra short Bond ETF"
"Direxion Daily FTSE China Bull 3X ETF","YINN","683.91","25.67529144156951947682684105771964742678","1.8036","9.3649","8.2002","-3.4924","-28.047","-31.7261","Derivative Based ETF","Leveraged Equity ETFs"
"Principal Active High Yield ETF","YLD","591.88","28.76712328767123287671232876712328767123",".1586",".6103","-.1055","1.5843","2.0921","5.9433","Corporates - Junk/High Yield","High-Yield/Junk Bond ETFs"
"YieldMax Magnificent 7 Fund of Option Income ETFs","YMAG","284.93","7.85440613026819923371647509578544061303",".3594",".1236","-1.0921","-3.4384","3.9162","12.1801","Derivative Based ETF","Technology ETFs"
"YieldMax Universe Fund of Option Income ETFs","YMAX","385.19","6.98466780238500851788756388415672913118",".7874","3.8492",".7799","2.0995","12.0837","-.043","Derivative Based ETF","Derivative Based ETF"
"YOKE Core ETF","YOKE","233.71","84.25569695176087599881621781592187037585",".1228","-.0031","-1.9914","1.6769","8.942","20.015","Moderate Allocation","Total Portfolio ETFs"
"Amplify CEF High Income ETF","YYY","744.17","57.37704918032786885245901639344262295082",".2639",".1739","-.7833","1.9064","2.1922","9.3697","Strategy - CEFs/OET","Convertibles/CEFs/OET/Preferred Stock ETFs"
"Innovator U.S. Equity 10 Buffer ETF - Quarterly","ZALT","779.79","96.35761589403973509933774834437086092715",".0872","1.3247","-.3186","2.2731","4.6837","9.6877","Derivative Based ETF","Defined Outcome"
"Global X U.S. Electrification ETF","ZAP","467.05","54.66666666666666666666666666666666666667","-1.8938","-4.8479","-4.6757","-6.3431","-2.5512","15.0336","Energy - Broad","Energy ETFs"
"Zacks Earnings Consistent Portfolio ETF","ZECP","371.5","90.8485856905158069883527454242928452579",".3685","2.0337","-.9096","3.5297","6.3598","17.876","Style Box - All Cap Blend","Style Box - All Cap Blend"
"PIMCO 25+ Year Zero Coupon U.S. Treasury Index ETF","ZROZ","1366.79","6.93352394567548248749106504646175839886","-.6683","-3.512",".0173","-3.4811","-10.8185","-4.5377","US Treasury - Long Term","Government Bond ETFs"
