Company Name,Ticker,Market Cap (mil),Last Close,Avg Volume,% Price Change (1 Week),% Price Change (4 Weeks),% Price Change (12 Weeks),Price as a % of 52 Wk H-L Range,Relative Price Change (YTD),Sales Growth F(0)/F(-1),Operating Margin 12 Mo %,52 Week High,52 Week Low,Zacks Industry Rank,Sector,Industry,Net Margin %,Zacks Rank
"10x Genomics","TXG","8312.58","64.72","3195368","10.02","38.94","115.61","97.55","249.9","5.25","-12.18","65.12","11.34","99","Medical","Medical Info Systems","-12.18","3"
"3M","MMM","92319.47","179.37","2940550","-.67",".44","18.6","88.8",".02","1.52","18.35","183.78","141.2","166","Conglomerates","Diversified Operations","11.9","2"
"4D Molecular Therapeutics","FDMT","850.21","15.72","986863","5.81","48.27","58.5","87.1","83.55","230194.59","-194.74","16.76","6.14","150","Medical","Medical - Drugs","-194.74","3"
"908 Devices","MASS","451.36","11","527571","7.16","53.16","26.53","100","86.06","-5.76","-27.88","10.92","5.09","149","Medical","Medical - Instruments","-56.96","3"
"A. O. Smith","AOS","8524.19","62.15","1567196","2.15",".45","12.44","28.11","-16.11",".32","13.6","80.47","55.78","83","Industrial Products","Manufacturing - Electronics","13.15","3"
"A10 Networks","ATEN","1831.93","25.13","1576703","-7.75","-24.62","-20.01","40.26","27.58","11.03","23.3","38.11","16.55","90","Computer and Technology","Internet - Software","13.85","3"
"A2Z Cust2Mate Solutions Corp.","AZ","315.38","6.91","582407","-2.75","23.13","3.06","46.67","-2.72","10.26","-241.67","9.32","5.12","90","Computer and Technology","Internet - Software","-241.67","3"
"AAON","AAON","6274.72","76.19","1338819","-13.61","-24.67","-45.12","3.49","-10.73","20.11","8.29","148.25","73.49","44","Construction","Building Products - Air Conditioner and Heating","8.24","3"
"AAR","AIR","5371.12","135.36","402263","-12.41","-1.67","22.41","76.74","45.47","18.97","5.89","153.71","71.73","35","Aerospace","Aerospace - Defense Equipment","5.67","1"
"ABCELLERA BIOLG","ABCL","3253.15","12.5","10234153","-5.27","102.1","64.24","84.83","177.51","160.56","-248.83","12.01","2.78","159","Medical","Medical - Biomedical and Genetics","-248.83","3"
"ABM Industries","ABM","2745.1","46.59","385620","-1.8","-3.3","19.85","77.18","-.91","4.62","2.32","49.66","37.39","197","Business Services","Business - Services","1.75","3"
"ACADIA Pharmaceuticals","ACAD","5108.86","30.57","1805779","2.21","16.78","37.78","94.48","-.7","11.87","9.31","30.21","20.06","159","Medical","Medical - Biomedical and Genetics","33.42","3"
"ACI Worldwide","ACIW","5291.06","52.4","1078812",".54","-9.45","16.39","64.21","-1.94","10.38","17.86","60.18","38.47","91","Computer and Technology","Computer - Software","12.4","1"
"ACM Research","ACMR","5000.93","79.77","1047338","-9.69","-3.28","-5.73","51.08","75.38","15.24","10.69","126.89","25.61","1","Computer and Technology","Semiconductor Equipment - Material Services","14.48","1"
"ACV Auctions","ACVA","1268.47","7.28","4937808","-1.97","-7.09","14.22","41.5","-16.68","19.22","3.47","12.15","4.15","56","Business Services","Auction and Valuation Services","-7.88","3"
"ADEIA INC","ADEA","2898.16","27.13","1100004","-11.43",".81","-8.14","66.42","36.28","17.91","44.9","33.63","11.74","166","Business Services","Technology Services","26.05","3"
"ADMA Biologics","ADMA","2139.05","9.72","2367835","2.25","12.62","20.89","15.26","-53.17","19.63","33.47","20.38","7.6","159","Medical","Medical - Biomedical and Genetics","32.98","3"
"ADT","ADT","5420.75","7.43","7906529","3.34","3.78","10.09","43.92","-17.76","4.72","14.42","8.85","6.3","56","Industrial Products","Security and Safety Services","11.85","2"
"ADTRAN Holdings, Inc.","ADTN","628.22","8.02","2537672","-10.92","-18.84","-56.86","3.79","-20.64","17.46","2.48","19.4","7.25","43","Computer and Technology","Communication - Components","-2.29","4"
"AES","AES","10523.22","14.73","7230038","-.07","-.54",".34","46.96","-7.99","-.37","14.52","17.28","12.51","154","Utilities","Utility - Electric Power","14.3","3"
"AGNC Investment","AGNC","13016.59","10.91","17467276",".27","3.2","7.33","52.96","-8.38","19.46","186.81","12.17","9.64","232","Finance","REIT and Equity Trust","57.94","3"
"AH Realty Trust Inc","AHRT","502.01","6.79","664872","1.05","-4.67","-1.03","65.56","-9.06","-59.74","-1.97","7.56","5.15","82","Finance","REIT and Equity Trust - Other","-18.23","4"
"AIRO Group Holdings, Inc.","AIRO","256.23","8.14","588252","-13.71","14.53","-12.03","11.38","-11.21","4.57","-23.86","25.79","5.85","72","Aerospace","Aerospace - Defense","-23.86","3"
"AMC Global Media Inc.","AMCX","512.33","12.85","844817","2.73","22.61","20.23","100","16.7","-4.52","1.69","12.42","6.52","162","Consumer Discretionary","Media Conglomerates","-.88","1"
"AMETEK","AME","55542.77","241.77","1392197","-4.66","-.32","8.49","79.57","5.58","6.63","23.32","258.52","179.28","8","Computer and Technology","Electronics - Testing Equipment","20.04","3"
"AMN Healthcare Services","AMN","1336.57","33.91","751198","-.09","3.17","17.62","90.28","95.87","-8.49","3.97","36.6","15.1","197","Business Services","Business - Services","3.06","3"
"ANI Pharmaceuticals","ANIP","1703.71","75.65","373041","-2.41","-5.36","-3.31","12.99","-15.96","43.78","18.68","98.81","70.49","159","Medical","Medical - Biomedical and Genetics","11.07","3"
"APA","APA","15051.1","41.35","6090466","3.32","23.66","13.8","93.98","57.1","-5.31","21.07","44.39","20.63","201","Oils-Energy","Oil and Gas - Exploration and Production - United States","19.48","3"
"APi Group","APG","17597.57","40.38","2796856","-8.94","1.98",".32","44.92","-4.8","12.72","15.24","49.4","33.64","197","Business Services","Business - Services","3.99","3"
"ARM Holdings PLC Sponsored ADR","ARM","255035.84","241.56","5237921","-12.03","-10.34","-41.6","40.08","95.4","22.79","38.85","439.46","104.55","45","Computer and Technology","Electronics - Semiconductors","20.25","3"
"ARMOUR Residential REIT","ARR","2318.64","16.4","3315937","-.49","1.05","-4.38","45.96","-17.17","45.28","148.59","19.12","14.05","232","Finance","REIT and Equity Trust","44.9","3"
"ARS Pharmaceuticals, Inc.","SPRY","532.04","5.72","2177162","-14.26","-7.12","-43.27","2.26","-58.92","-5.46","-184.25","14.87","5.13","150","Medical","Medical - Drugs","-184.25","3"
"ASE Technology","ASX","81006.77","37.08","8297141","-9.2","-.85","-5.06","74.98","101.35","11.82","8.52","45.12","9.63","45","Computer and Technology","Electronics - Semiconductors","8.52","3"
"ASHLAND INC","ASH","3376.34","73.76","797459","-.62","11.04","27.06","90.54","12.38","-13.68","8.19","76.45","47.49","100","Basic Materials","Chemical - Specialty","2.82","3"
"ASML Holding","ASML","684364.81","1744.16","1452884","-7.59","5.13","6.85","80.27","45.49","20.81","30.11","1989.44","725.85","8","Computer and Technology","Semiconductor Equipment - Wafer Fabrication","30.11","3"
"AST SpaceMobile","ASTS","24264.59","62.01","11821436","-12.36","6.97","-40.98","26.45","-23.21","1505.21","-450.39","133.09","36.91","191","Computer and Technology","Wireless Equipment","-536.66","3"
"AT&T","T","176037.8","25.77","42865380","4.09","5.2","4.64","57","-7.49","2.71","12.77","29.62","20.48","189","Computer and Technology","Wireless National","16.94","3"
"ATI INC","ATI","28569.91","215.23","1595692","-9.48","8.91","17.23","86.27","63.54","5.16","11.84","231.78","71.8","35","Aerospace","Aerospace - Defense Equipment","10.09","1"
"AXT","AXTI","4288.49","67.45","13829467","-31.85","36.59","-40.3","45.48","257.8","-11.11","6.27","140.83","2.48","45","Computer and Technology","Electronics - Semiconductors","3.23","1"
"Abacus Global Management, Inc.","ABX","939.78","9.88","582617","5.37","-8.13","6.19","65.76",".54","110.18","33.55","12","5.02","101","Finance","Financial - Miscellaneous Services","10.55","2"
"AbbVie","ABBV","467352.03","265.79","5347744","5.67","2.96","24.23","97.89","3.56","8.57","30.03","265.97","197.38","103","Medical","Large Cap Pharmaceuticals","9.8","3"
"Abbott Laboratories","ABT","201883.81","116.13","8211041","5.71","11.66","32.91","63.1","-16.7","5.67","19.79","136.62","82.56","101","Medical","Medical - Products","11.65","3"
"Abercrombie & Fitch","ANF","4992.35","108.9","1008575","6.85","13.1","48.53","72.77","-20.15","6.42","8.8","129.85","65.61","78","Retail-Wholesale","Retail - Apparel and Shoes","9.34","3"
"Academy Sports and Outdoors","ASO","2862.15","43.475","1326333",".11","-7.52","-12.25","22.71","-17.37","2.02","6.56","61.19","41.73","93","Consumer Discretionary","Leisure and Recreation Products","6.24","3"
"Acadia Healthcare","ACHC","2673.84","29.87","2317726","-4.27","-11.63","23.21","71.21","81.04","5.04","4.14","35.61","11.68","35","Medical","Medical - Hospital","-33.44","3"
"Acadia Realty Trust","AKR","2930.68","21.24","1508197","2.5","-4.69","-1.66","65.06","-7.07","14.2","12.14","22.72","18.77","103","Finance","REIT and Equity Trust - Retail","12.14","3"
"Acadian Asset Management Inc.","AAMI","3261.54","93.48","396206","-1.17","10.92","27.11","97.54","74.9","11.49","24.38","93.16","41.93","101","Finance","Financial - Miscellaneous Services","15.17","4"
"Accel Entertainment","ACEL","971.89","11.9","306764","-1.8","-3.39","-1.72","62.1","-6.16","8.12","4.58","13.41","9.61","197","Consumer Discretionary","Gaming","4.08","3"
"Accelerant Holdings","ARX","4269.93","19.67","7820629",".61","34.56","23.88","49.78","7.56","51.49","27.02","30.05","9.36","103","Finance","Insurance - Brokerage","-113.08","2"
"Accenture","ACN","124566.76","186.93","6439087","9.74","21.08","-5.12","37.84","-37.81","7.36","11.72","288.54","124.44","86","Computer and Technology","Computers - IT Services","10.66","3"
"Aclaris Therapeutics","ACRS","882.29","6.535","1866143","6.59","17.5","45.39","97.23","87.52","-58.19","-921.5","6.44","1.75","150","Medical","Medical - Drugs","-921.5","3"
"Acuren Corporation","TIC","2025.08","9.75","2421390","-3.43","27.65","14.01","34.47","-17.89","39.45","-.91","14.49","6.54","166","Business Services","Technology Services","-5.64","3"
"Acushnet","GOLF","5237.18","86.21","423193","-1.09","-13.62","1.17","35.33",".49","4.14","8.75","118.53","73.9","93","Consumer Discretionary","Leisure and Recreation Products","8.12","3"
"Adamas Trust, Inc.","ADAM","886.22","9.84","952951","-2.57","13.2","9.43","89.86","20.82","50.01","73.83","10.23","6.58","232","Finance","REIT and Equity Trust","29.82","1"
"AdaptHealth","AHCO","767.62","5.48","4359734","-3.1","-48.63","-43.3","5.02","-49.44","-.49","2.16","13.38","5.22","101","Medical","Medical - Products","-7.07","3"
"Adaptive Biotechnologies","ADPT","4077.67","26.25","2442235","3.15","13.35","67.76","96.76","40.73","54.77","-24.02","25.99","12.41","159","Medical","Medical - Biomedical and Genetics","-20.73","3"
"Adecoagro","AGRO","1605.42","11.03","941565","21.6","9.96","-10.49","50.86","27.01","-6","-.4","15.25","7.13","179","Consumer Staples","Agriculture - Operations","3.03","4"
"Adobe","ADBE","109817.32","273.92","4922177","8.75","16.2",".82","47.61","-29.39","10.53","37.44","367.46","193.41","91","Computer and Technology","Computer - Software","28.69","4"
"AdvanSix","ASIX","453.62","16.36","301823",".54","-17.04","-24.63","21.06","-13.14",".31","-.33","26.17","14.3","100","Basic Materials","Chemical - Specialty","-1.14","4"
"Advance Auto Parts","AAP","2635.25","43.64","2364807","-23.08","-24.42","-26.43","19.2","-.69","-5.42","2.53","64.17","38.75","80","Retail-Wholesale","Automotive - Retail and Wholesale - Parts",".97","3"
"Advanced Drainage Systems","WMS","10591.43","141.44","713235","-5.08","-1.91","3.55","23.89","-13.25","5.03","16.46","175.38","129.5","166","Construction","Building Products - Miscellaneous","14","3"
"Advanced Energy Industries","AEIS","11000.66","275.43","712408","-21.21","-5.92","-6.78","53.08","17.35","21.37","16.54","389.05","145.25","8","Computer and Technology","Semiconductor Equipment - Wafer Fabrication","10.77","1"
"Advanced Micro Devices","AMD","745624.75","479.18","25787678","-9.73","-7.72","-10.47","71.11","90.77","34.34","23.02","580.91","151.14","55","Computer and Technology","Computer - Integrated Systems","15.58","3"
"Aebi Schmidt Holding AG","AEBI","947.54","12.36","396438","-1.53","-7.22","-2.4","46.63","-13.66","40.58","1.09","15.61","9.24","56","Auto-Tires-Trucks","Automotive - Domestic","1.09","2"
"Aehr Test Systems","AEHR","3145.59","95.59","2518072","-33.78","24.46","3","61.56","327.23","-15.21","1.82","145.61","17.66","49","Computer and Technology","Electronics - Measuring Instruments","-14.25","2"
"AerSale","ASLE","267.75","5.61","458560","-4.92","-13.69","-13.96","1.88","-29.42","-2.83","1.69","9","5.55","35","Aerospace","Aerospace - Defense Equipment","-1.23","3"
"Aercap","AER","24624.3","147.44","1074825","-1.92","-2.54","7.98","79.36","-8.19","6.5","35.97","155.24","118.04","66","Transportation","Transportation - Equipment and Leasing","37.85","1"
"AeroVironment","AVAV","7531.91","147.42","1192738","-18.18","-3.92","-27.39","4.22","-45.2","140.89","8.18","409.83","136.68","35","Aerospace","Aerospace - Defense Equipment","-9","4"
"Aeva Technologies","AEVA","1037.65","16.16","1980961","-30.7","5.99","-40.81","36.17","10.87","99.44","-477.41","29.29","9.19","179","Auto-Tires-Trucks","Automotive - Original Equipment","-150.12","3"
"Affirm","AFRM","25747","77.945","2871075","3.17","5.24","5.45","69.18","-7.61","39.66","9.63","92.18","42.53","90","Computer and Technology","Internet - Software","9.63","3"
"Aflac","AFL","59258.78","116.18","2016525","-2.3","-6.61","5.43","52.57","-4.12","-9.31","21.74","129.55","105.62","205","Finance","Insurance - Accident and Health","26.91","3"
"Agenus","AGEN","345.31","8.36","1614008","7.27","25.12","120.4","88.61","118.5","10.37","89.19","8.3","2.77","159","Medical","Medical - Biomedical and Genetics","69.33","4"
"Agilent Technologies","A","43333.53","154.77","1840140","3.35","11.27","12.83","88.58",".86","6.73","22.83","159","110.24","101","Medical","Medical - Products","19.55","3"
"Agilon Health","AGL","1574.85","96.11","379826","-3.17","-4.71","1.35","70.43","387.27","-2.11","-4.24","129.84","7.91","91","Medical","Medical Services","-3.92","2"
"Agilysys","AGYS","3210.38","114.5","312299","2.24","10.25","21.67","65.41","-14.33","15.85","16.8","141.12","62.19","55","Computer and Technology","Computer - Integrated Systems","12.99","3"
"Agios Pharmaceuticals","AGIO","1948.67","33.9","1202377","-2.94","-11.71","16.57","44.49","7.26","48.03","-418.24","45.49","22.34","159","Medical","Medical - Biomedical and Genetics","-418.24","3"
"Agree Realty","ADC","9276.21","74.32","1632969",".05","-7.3","2.91","37.26","-7.38","16.42","30.3","81.92","70.22","103","Finance","REIT and Equity Trust - Retail","28.84","3"
"Air Products and Chemicals","APD","68195.22","303.85","1038122","1.79","4.67","9.81","90.47","10.9","-.52","23.4","314.19","230.76","93","Basic Materials","Chemical - Diversified ","-.38","3"
"Airbnb","ABNB","113895.02","190.5","5546705","6.09","29.52","37.96","100","25.36","10.26","20.45","190.21","111.54","191","Consumer Discretionary","Leisure and Recreation Services","20.45","3"
"Airbus SE - Unsponsored ADR","EADSY","186189.3","59.58","471285","-4.5","-.87","17.25","73.06","-8.88","10.85","7.71","64.09","45.2","35","Aerospace","Aerospace - Defense Equipment","7.71","3"
"Akamai Technologies","AKAM","15185.1","105.74","3565253","-14.08","-6.37","-31.39","37.78","8.32","5.44","23.46","161.14","71.97","169","Computer and Technology","Internet - Services","9.51","4"
"Alamos Gold","AGI","16040.54","39.02","5334968","12.74","28.94","-3.11","38.26","-11.15","34.29","38.71","55.33","27.78","231","Basic Materials","Mining - Gold","52.64","3"
"Alarm.com","ALRM","2847.94","56.76","389221","4.69","7.39","25.8","90.72",".95","7.59","14.8","59.16","42.13","56","Industrial Products","Security and Safety Services","11.11","1"
"Alaska Air Group","ALK","4630.99","43.33","2446250","-5.63","-12.51","-6.65","24.84","-26.09","21.34","-.82","63.86","34.19","151","Transportation","Transportation - Airline","-1.19","3"
"Albany International","AIN","1656.86","58.15","333341","-8.67","-23.4","-8.73","48.52","2.93","-3.88","6.52","76.29","41.42","221","Industrial Products","Textile - Products","-4.18","3"
"Albemarle","ALB","16698.89","133.18","2328806","5.61","21.8","-17.31","48.19","-10.51","-4.37","14.73","215.62","72.58","93","Basic Materials","Chemical - Diversified ","3.09","3"
"Alcoa","AA","13034.49","51.28","5345312","-4.49","12.05","-36.48","36.63","-16.86","7.87","9.29","83.79","29.51","184","Industrial Products","Metal Products - Distribution","9.48","4"
"Alcon","ALC","36453.22","73.37","2079061","1.67","9.54","12.18","46.42","-16.35","4.94","14.88","87.18","62.02","149","Medical","Medical - Instruments","5.92","3"
"Alexandria Real Estate Equities","ARE","9416.34","52.9","2236895","15.13","5.16","11.13","28.98","-1.23","-2.88","-36.08","87.45","40.41","82","Finance","REIT and Equity Trust - Other","-36.08","3"
"Algonquin Power & Utilities","AQN","4380.2","5.75","3695281","-2.4","-5.32","-2.9","19.88","-17.24","4.92","9.82","6.98","5.37","154","Utilities","Utility - Electric Power","5.77","3"
"Alibaba","BABA","283957.63","119.44","12476333","-5","3.02","-5.53","25.03","-27.7","8.09","4.78","189.34","94.81","164","Retail-Wholesale","Internet - Commerce","7","3"
"Alight","ALIT","400.58","14.96","603249","10.64","-24.63","-21.62","7.36","-65.89","-3","9.82","78.6","9.8","90","Computer and Technology","Internet - Software","-90.9","3"
"Align Technology","ALGN","11433.12","159.61","949763","-6.73","-5","-5.97","47.86","-8.55",".9","19.3","197.51","124.88","72","Medical","Medical - Dental Supplies","9.99","3"
"Alignment Healthcare","ALHC","2785.85","13.59","5926835","-.22","-28.07",".98","5.52","-39.17","46.06",".89","24.56","12.78","91","Medical","Medical Services",".89","3"
"Alkami Technology","ALKT","2171.99","20.13","1413454",".49","14.29","7.18","47.91","-21.25","32.89","8.23","26.53","14.59","90","Computer and Technology","Internet - Software","-9.21","4"
"Alkermes","ALKS","8198.59","49.21","1638628","-1.97","-7.32","15.61","77.88","56.23","-5.25","5.67","55.22","26.52","159","Medical","Medical - Biomedical and Genetics","3.96","3"
"Allegiant","ALGT","2231.58","82.32","560748","-3.17","-17.66","-8.45","40.67","-14.37","3.74","4.62","119.16","55.9","151","Transportation","Transportation - Airline",".9","3"
"Allegion","ALLE","13829.53","160.37","1139758",".33","2.84","24.91","68.33","-8.63","7.82","17","179.77","125.65","56","Industrial Products","Security and Safety Services","15.36","3"
"Allegro MicroSystems","ALGM","6641.5","37.44","2318042","-19.48","-23.87","-24.4","27.4","20.82","22.77","13.38","69.62","22.8","45","Computer and Technology","Electronics - Semiconductors","1.5","4"
"Alliance Laundry Holdings Inc.","ALH","4738.65","23.85","1770020","-3.83","-8.69","-5.92","53.41","4.79","13.31","13.7","28.01","19.06","201","Retail-Wholesale","Retail - Home Furnishings","10.08","2"
"Alliance Resource Partners","ARLP","3394.02","26.47","403421","1.74","2.93","4.23","59.53","1.58","-10.37","14.77","28.99","22.54","103","Oils-Energy","Coal","12.25","2"
"Alliant Energy","LNT","17740.26","68.34","2652270","-2.74","-7.45","-1.65","33.31","-5.86","9.57","18.65","78.03","63.62","154","Utilities","Utility - Electric Power","18.45","3"
"Allied Gold Corporation","AAUC","3253.77","23.79","1106612","4.38","11.99","-8.61","54.2","-8.71","82.35","13.81","32.01","13.1","231","Basic Materials","Mining - Gold","-4.19","3"
"Allison Transmission Holdings","ALSN","10849.1","131.62","867647","3.36","7.77","17.65","91.86","20.04","-6.67","16.46","136","79.27","179","Auto-Tires-Trucks","Automotive - Original Equipment","12.02","3"
"Allstate","ALL","65791.11","257.62","1819234",".81","-.41","25.57","82.47","11.81","5.58","17.36","275.11","190","78","Finance","Insurance - Property and Casualty","18.97","1"
"Ally Financial","ALLY","12913.28","42.6","2670154","-2.66","-2.82",".95","57.49","-16.16","-3.26","17.86","47.25","35.96","65","Finance","Financial - Consumer Loans","16.75","3"
"Almonty Industries Inc.","ALM","5266.63","18.93","7857744","11.74","36.93","-4.04","73.34","85.6","10.56","38.43","23.42","4.14","210","Basic Materials","Mining - Miscellaneous","125.89","3"
"Alnylam Pharmaceuticals","ALNY","31580.29","240.08","2425486","5.08","-15.23","-20.17","10.69","-46.91","65.19","22.7","491.22","205.48","159","Medical","Medical - Biomedical and Genetics","15.26","3"
"Alpha and Omega Semiconductor","AOSL","774.88","26.62","618184","-16.67","-16","-41","23.49","16.9","-2.48","-1.92","53.32","17.47","45","Computer and Technology","Electronics - Semiconductors","-6.23","2"
"Alphabet","GOOG","4214335.5","343.34","17781260",".92","5.52","-7.51","72.56","-1.77","15.09","63.76","399.04","200.62","169","Computer and Technology","Internet - Services","54.77","3"
"Alphabet","GOOGL","4256774","346.96","26593462","1.18","6.58","-7.52","73.11","-.53","15.09","63.76","402.62","199.75","169","Computer and Technology","Internet - Services","54.77","3"
"Alphatec","ATEC","1427.13","9.33","2284481","-2.22","6.57","23.53","14.34","-60.72","24.95","3.1","22.68","6.99","149","Medical","Medical - Instruments","-13.5","3"
"Altria Group","MO","114327.37","68.07","10744330","7.05","-6.06","-.26","68.07","6.22","-3.08","45.6","74.92","54.72","221","Consumer Staples","Tobacco","33.99","3"
"Alvotech","ALVO","1584.48","5.05","1089170","35.31","70.46","63.04","37.63","-8.46","19.7","-35.01","8.98","3","159","Medical","Medical - Biomedical and Genetics","-36.31","4"
"Amazon.com","AMZN","2826769.25","261.06","47629720",".29","13.26",".31","74.25","1.56","12.38","10.29","284.02","198.79","164","Retail-Wholesale","Internet - Commerce","17.44","2"
"Ambarella","AMBA","3070.77","70.78","1722755","-10.87","2.59","-7.49","45.56","-11.61","37.15","7.13","95.51","48.65","45","Computer and Technology","Electronics - Semiconductors","-17.19","3"
"Ambiq Micro, Inc.","AMBQ","1371.99","60.12","506383","-16.4","-16.92","-26.71","50.16","78.05","-4.67","-17.02","90.48","22.76","45","Computer and Technology","Electronics - Semiconductors","-37.77","2"
"Amcor","AMCR","22150.98","47.27","4113981","5.23","5.9","26.98","80.78","2.77","56.61","7.93","50.58","36.69","164","Industrial Products","Containers - Paper and Packaging","4.71","3"
"Amdocs","DOX","6703.67","62.31","1211830","8.47","16.95","-4.84","31.85","-31","-9.43","16.85","88.27","49.87","86","Computer and Technology","Computers - IT Services","9.75","3"
"Amentum Holdings, Inc.","AMTM","4904.8","20.26","2567288","-1.81","-12.29","-16.66","0","-38.13","71.59","4.22","37.53","20.06","172","Construction","Engineering - R and D Services","1.44","3"
"Amer Sports, Inc.","AS","17302.13","31.59","6484925","-4.08","-11.2","-12.79","13.69","-25.18","26.68","9.49","41.96","29.54","93","Consumer Discretionary","Leisure and Recreation Products","7.35","3"
"Amerant Bancorp","AMTB","1127.49","28.6","397660","-.86","-2.54","30.36","86.96","31.91","11.65","18.25","30.58","16.7","75","Finance","Banks - Southeast","8.76","1"
"Ameren","AEE","29666.53","106.83","1601384","-2.11","-4.42","1.97","47.03","-4.01","15.43","16.88","118.32","97.25","154","Utilities","Utility - Electric Power","17.86","3"
"Ameresco","AMRC","1112.8","22.07","838839","-26.42","-.57","-39.39","9.95","-35.96","9.16","1.63","43.23","18.51","154","Oils-Energy","Alternative Energy - Other","1.4","3"
"America Movil, S.A.B. de C.V. Unsponsored ADR","AMX","71519","23.75","2896797",".51","-7.39","-5.56","52.58","3","3.21","9.38","27.75","19.42","191","Computer and Technology","Wireless Non-US ","9.38","3"
"American Airlines","AAL","9022.65","13.95","55110892","-5.54","-8.83","-4.95","43.29","-20.47",".78","-.3","18.15","10.18","151","Transportation","Transportation - Airline","-.56","3"
"American Assets Trust","AAT","1412.3","23.09","410638","1.55","-5.47","-1.79","64.77","8.68","-4.73","4.09","25.85","17.76","103","Finance","REIT and Equity Trust - Retail","4.09","3"
"American Eagle Outfitters","AEO","2826.96","16.73","4225517","3.18","-5.06","4.52","29.29","-42.78","3.16","6.08","28.19","12.18","78","Retail-Wholesale","Retail - Apparel and Shoes","5.01","2"
"American Electric Power","AEP","66405.59","122.77","3925958","-3.6","-8.69","-1.46","48.19","-5.38","10.93","14.19","138.69","106.44","154","Utilities","Utility - Electric Power","13.78","3"
"American Express","AXP","227802.25","335.95","2543342",".33",".58","7.59","48.65","-18.44","9.52","15.07","384.89","292.27","101","Finance","Financial - Miscellaneous Services","15.07","3"
"American Financial Group","AFG","11977.18","143.66","371556","-1.47",".39","12.61","82.59","-5.47","-1.8","12.06","148.71","124.18","78","Finance","Insurance - Property and Casualty","11.51","3"
"American Healthcare REIT, Inc.","AHR","12249.35","57.05","2947925","2.76","-2.19","18.97","91.28","6.8","9.15","4.85","57.72","40.18","82","Finance","REIT and Equity Trust - Other","4.84","2"
"American Homes 4 Rent","AMH","12552.33","34.56","2166809","3.51","4.07","7.84","88.03","-3","7.03","25.53","35.82","27.38","97","Finance","REIT and Equity Trust - Residential","25.53","3"
"American International Group","AIG","40461.47","76.38","3016046","2.07","-2.25","5.35","37.35","-19.09","-1.75","16.07","86.59","71.89","85","Finance","Insurance - Multi line","11.13","3"
"American Public Education","APEI","846.45","46.22","344240","4.38","-6.45","-9.86","52.38","9.45","3.89","6.84","60.86","30.18","157","Consumer Discretionary","Schools","6.84","3"
"American Superconductor","AMSC","1400.95","29.65","750581","-9.99","-5.27","-43.46","7.29","-10.12","34.26","48.04","66.68","25.95","52","Computer and Technology","Electronics - Miscellaneous Components","42.56","4"
"American Tower","AMT","83122.62","178.57","2631733","3.58","6.99","-4.87","32.71","-9.11","5.11","31.08","211.88","162.11","82","Finance","REIT and Equity Trust - Other","31.08","3"
"American Water Works","AWK","27804.17","137.6","2531767","4.14","3.98","15.5","74.91","-4.1","9.74","21.46","146.2","121.13","191","Utilities","Utility - Water Supply","21.35","3"
"Americold Realty Trust","COLD","4313.61","15.49","3528898","4.21","3.28","-1.5","81.4","5.1","-2.43","-17.44","16.25","10.12","82","Finance","REIT and Equity Trust - Other","-17.44","3"
"Ameriprise Financial","AMP","50443.95","560.26","421734","-.09","4.3","25.49","93.19","2.36","7.04","21.38","570.68","430.4","70","Finance","Financial - Investment Management","20.24","2"
"Ameris Bancorp","ABCB","5767.87","85.54","338719","-3.47","-.1","3.32","70.02","3.52","-.36","34.33","93.17","69.09","75","Finance","Banks - Southeast","21.98","3"
"Amgen","AMGN","239954.11","442.24","2750325","5.83","17.96","34.85","100","21.3","9.95","31.9","443.84","271.18","159","Medical","Medical - Biomedical and Genetics","22.95","3"
"Amkor Technology","AMKR","11900.87","48.7","5700941","-21.86","-21.1","-34.16","35.1","8.53","6.18","7.45","93.55","23.21","45","Computer and Technology","Electronics - Semiconductors","7.45","1"
"Amneal Pharmaceuticals","AMRX","5678.11","17.92","1876431","-3.47","-1.71","37.83","86.56","26.22","8.05","9.98","19.1","9.28","150","Medical","Medical - Drugs","5.05","1"
"Amphastar Pharmaceuticals","AMPH","915.42","21.98","459207","3.16","12.2","16.83","33.36","-28.12","-1.65","19.05","30.81","16.87","174","Medical","Medical - Generic Drugs","10.76","3"
"Amphenol","APH","191790.58","158.78","6776749","-8.97","4.2","6.29","69.23","2.96","51.71","19.17","176.32","108.81","35","Computer and Technology","Electronics - Connectors","17.73","2"
"Amplitude","AMPL","1331.59","13.11","2291409","4.28","51.67","49.77","98.05","1.58","14.68","1.25","13.3","5.61","166","Business Services","Technology Services","-26.59","3"
"Amprius Technologies, Inc.","AMPX","1396.44","10.18","6227657","-14.85","1.54","-54.67","19.05","11.78","202.11","-12.78","22.91","6.79","166","Business Services","Technology Services","-35.16","3"
"Amtech Systems","ASYS","245.11","14.25","465352","-16.96","-9.15","-32.2","46.15","-.21","-21.59","6.92","23.99","5.44","35","Computer and Technology","Semiconductor - General","4.9","2"
"Analog Devices","ADI","179856.17","373.66","4016915","-4.9","-.19","-7.83","66.27","22.42","16.89","39.81","445.48","225.2","32","Computer and Technology","Semiconductor - Analog and Mixed","29.79","2"
"AnaptysBio","ANAB","1730.32","58.37","418043","-2.09","9.01","9.97","76.82","7.83","157.01","-11.53","70.22","19.4","159","Medical","Medical - Biomedical and Genetics","-11.53","3"
"AngioDynamics","ANGO","651.81","15.95","441943",".64","15.45","44.55","95.71","9.86","9.46","-3.13","16.07","9.07","149","Medical","Medical - Instruments","-11.48","4"
"AngloGold Ashanti PLC","AU","60824.1","123.39","3108401","20.95","49.69","30.83","89.45","26.36","70.78","33.76","128.26","54.45","231","Basic Materials","Mining - Gold","32.19","4"
"AnheuserBusch InBev","BUD","160125.89","78.75","1955038","2.72","-1.94","-.9","74.85","10.77","-.75","13.05","86.48","57.93","209","Consumer Staples","Beverages - Alcohol","14.9","3"
"Annaly Capital Management","NLY","17523.86","23.1","6928578","-.51","3.01","8.09","72.55","-6.99","23.12","144.68","24.4","20.21","232","Finance","REIT and Equity Trust","43.66","2"
"Anterix","ATEX","1772.33","92.37","350057","-1.3","-3.61","38.28","80.24","270.34","7.79","-387.24","108.21","17.99","103","Computer and Technology","Communication - Infrastructure","933.03","3"
"Antero Midstream","AM","10509.28","21.91","2632610","-.05",".77","6.29","77.36","11.32","7.43","32.41","23.6","17.15","204","Oils-Energy","Oil and Gas - Integrated - United States","32.41","3"
"Antero Resources","AR","11651.94","37.95","4279141","4.12","11.97","3.1","52.05","-1.62","21.97","12.58","45.15","30.03","201","Oils-Energy","Oil and Gas - Exploration and Production - United States","17.68","3"
"Aon","AON","76174.25","354.83","1138782","3.42","-2.2","12.07","69.64","-8.97","9.45","22.3","381.26","308.27","103","Finance","Insurance - Brokerage","22.27","3"
"Apollo Commercial Real Estate Finance","ARI","883.38","6.86","3393484",".88","2.99","-36.91","8.26","-36.33","-10.56","107.69","11.22","6.5","232","Finance","REIT and Equity Trust","55.49","4"
"Apollo Global Management","APO","78418.22","133.18","3860123","-1.3","6.88","3.56","62","-17.95","22.73","125.39","152.7","100.3","70","Finance","Financial - Investment Management","5.22","3"
"AppFolio","APPF","7972.37","223.05","418000","14.87","33.4","25.54","57.13","-13.45","19.72","20.77","286.46","143.34","90","Computer and Technology","Internet - Software","15.13","2"
"AppLovin","APP","99923.44","310.54","7310573","-4.29","-27.66","-51.35","0","-60.36","16.38","64.58","733.6","298.59","166","Business Services","Technology Services","64.58","3"
"Appian","APPN","2805.65","39.58","845652","12.2","53.31","41.05","75.97","-1.08","17.81","8.11","45.64","18.72","90","Computer and Technology","Internet - Software","-1.34","1"
"Apple","AAPL","4529157.5","309.9","52273016","1.55","-7.89","1.32","74.18","2.11","6.43","27.27","340.08","224.9","75","Computer and Technology","Computer - Micro Computers","27.62","3"
"Apple Hospitality REIT","APLE","3916.61","16.74","3124042","4.27","-1.72","13.24","91.86","25.23","-1.33","12.17","17.07","11.17","82","Finance","REIT and Equity Trust - Other","12.17","2"
"Applied Digital Corporation","APLD","7837.6","28.85","18837236","-13.76","1.95","-43.91","36.35","-1.9","323.95","-42.69","49.65","13.89","101","Finance","Financial - Miscellaneous Services","-37.78","4"
"Applied Materials","AMAT","384251.94","480.04","8073517","-9.55","-6.33","5.68","57.86","68.53","4.39","28.25","723","156.25","45","Computer and Technology","Electronics - Semiconductors","30.05","2"
"Applied Optoelectronics","AAOI","9102.19","113.15","13666659","-30.51","10.03","-42.03","43.29","176.18","82.75","-.92","223.1","19.49","45","Computer and Technology","Electronics - Semiconductors","-9.57","3"
"AptarGroup","ATR","8567.56","134.72","493694","2.28","1.03","19.91","67.53","-1.17","5.42","9.11","145.72","111.94","164","Industrial Products","Containers - Paper and Packaging","9.22","3"
"Aquestive Therapeutics","AQST","602.46","5.08","3704060","11.89","28.69","20","40.75","-33.54","-22.61","-144.63","7.49","2.95","150","Medical","Medical - Drugs","-144.63","3"
"Aramark","ARMK","15627.69","59.08","2790550","-4.08","2.35","8.99","88.2","43.86","6.35","2.9","62.39","36.04","151","Retail-Wholesale","Retail - Restaurants","1.93","2"
"Arbor Realty Trust","ABR","979.43","5.15","4326404","5","3.35","-4.37","6","-39.48","-19.51","20.51","12.46","4.79","232","Finance","REIT and Equity Trust","6.24","4"
"ArcBest","ARCB","3005.14","135.56","387080","-7.83","-9.69","-4.51","65.87","62.1","-4.04","2.44","173.22","59.62","25","Transportation","Transportation - Truck",".39","3"
"ArcelorMittal","MT","56296","73.62","1508458","-1.57","7.57","3.49","93.68","42.59","-1.74","3.8","75.35","32.44","157","Basic Materials","Steel - Producers","2.88","3"
"Arch Capital Group","ACGL","34511.91","100.56","1660712","3.4","-2.64","13.97","75.46","-5.68","14.27","21.65","106.48","84.72","78","Finance","Insurance - Property and Casualty","24.4","3"
"Archer Daniels Midland","ADM","37669.96","79.16","4146646","-3.85","-6.05","-5.4","70.75","21.61","-6.15","2.57","87.32","56","179","Consumer Staples","Agriculture - Operations","2.16","1"
"Archrock","AROC","5382.88","30.71","1797976","-11.32","-13.98","-6.74","40.51","5.54","28.7","22.09","41.95","23.04","154","Oils-Energy","Oil and Gas - Field Services","21.84","4"
"Arcos Dorados","ARCO","1704.26","8.13","1125078","2.93","-2.53","-7.86","50.7","-1.41","4.66","1.96","9.5","6.64","151","Retail-Wholesale","Retail - Restaurants","5.15","3"
"Arcosa","ACA","7133.75","145.25","605137",".18","-.03","16.55","99.77","22.22","12.2","7.82","145.4","89.15","166","Construction","Building Products - Miscellaneous","17.9","3"
"Arcturus Therapeutics Holdings","ARCT","407.59","15.44","1101381","76.17","148.96","84.56","49.97","109.25","-46.14","-317.62","23.16","5.53","159","Medical","Medical - Biomedical and Genetics","-317.62","3"
"Arcus Biosciences","RCUS","3835.28","31.57","1228470","1.89","8.19","17.33","95.41","13.06","-4.26","-393.16","31.08","10.15","159","Medical","Medical - Biomedical and Genetics","-393.16","3"
"Arcutis Biotherapeutics","ARQT","3114.65","24.86","1741976","-3.24","-10.99","15.42","59.57","-23.67","91.34","6.15","31.2","15.32","159","Medical","Medical - Biomedical and Genetics","6.15","2"
"Ardagh Metal Packaging","AMBP","3179.8","5.29","2391539","1.92","9.92","32.34","98.04","16.07","12","2.85","5.36","3.32","66","Industrial Products","Containers - Metal and Glass",".68","3"
"Ardent Health, Inc.","ARDT","1586.77","11.3","427591","3.31","2.74","22.02","46.34","13.97","6.01","2.75","15.21","7.83","91","Medical","Medical Services","1.22","4"
"Ares Capital","ARCC","14396.36","19.93","4293361","2.09","6.14","5.14","51.59","-11.35","2.07","44.65","22.49","17.45","103","Finance","Financial - SBIC & Commercial Industry","30.91","3"
"Ares Management","ARES","46242.11","142.76","2385044","-.94","9.59","8.75","49.33","-22.52","44.19","36.93","184.71","96.5","70","Finance","Financial - Investment Management","10.63","3"
"Argenx","ARGX","63256.04","1019.49","312702","2.36","13.76","20.93","92.45","7.55","88.63","32.19","1039.78","660","159","Medical","Medical - Biomedical and Genetics","32.19","3"
"Arhaus, Inc.","ARHS","1309.79","8.92","1706971","-3.04","17.26","39.79","52.4","-26.27","8.51","4.91","12.41","5.75","103","Retail-Wholesale","Retail - Miscellaneous","4.91","3"
"Arista Networks","ANET","237299.42","190.94","8122693","-6.76","10.18","10.24","76.32","28.44","28.6","41.92","210.5","116.13","90","Computer and Technology","Internet - Software","38.37","1"
"Arlo Technologies","ARLO","1421.7","13.32","1405282","-4.52","-5.69","-4.87","22.66","-16.3","3.6","17.7","19.44","11.23","90","Computer and Technology","Internet - Software","5.2","3"
"Armstrong World Industries","AWI","7533.35","179.81","485869","-.51","7.89","14.87","51.3","-16.57","12.11","19.65","203.71","151.43","166","Construction","Building Products - Miscellaneous","18.6","3"
"Arrow Electronics","ARW","10274.75","202.56","635306","-8.4","-5.34","-7.2","75.19","63.87","10.49","2.52","234.83","101.87","5","Computer and Technology","Electronics - Parts Distribution","2.26","1"
"Arteris","AIP","1111.33","23.23","691203","-18.76","-25.31","-37.21","35.05","30.48","22.27","-13.32","48.59","8.59","90","Computer and Technology","Internet - Software","-46.7","4"
"Arthur J. Gallagher & Co.","AJG","69711.03","268.51","1358826","9.69","7.35","31.97","67.51","-5.99","22.29","20.04","310.48","192","103","Finance","Insurance - Brokerage","9.96","3"
"Artivion","AORT","1311.06","26.38","776935","-5.05","3.03","27.74","24.66","-47.26","13.59","5.74","47.63","20.1","149","Medical","Medical - Instruments","-.67","3"
"Arvinas","ARVN","602.63","9.6","925292","1.52","13.63","8.86","34.45","-29.56","-.3","2.94","13.83","6.98","159","Medical","Medical - Biomedical and Genetics","2.94","3"
"Asana","ASAN","2249.78","9.44","4854089","10.53","25.93","7.61","44.19","-36.32","9.25","9.57","15.19","5.46","90","Computer and Technology","Internet - Software","-20.21","3"
"Ascendis Pharma","ASND","15715.85","252.99","543243","1.84","-.58","15.14","71.15","5.69","106.99","12.35","277.18","189.74","159","Medical","Medical - Biomedical and Genetics","70.99","3"
"Aspen Aerogels","ASPN","415.77","5.23","1713851","-13.92","7.74","-19.45","39.04","58.35","-40.11","-36.47","8.82","2.57","166","Construction","Building Products - Miscellaneous","-62.45","3"
"Associated BancCorp","ASB","5835.46","30.82","1438180","-3.62",".85","13.65","82.6","7.3","2.81","32.31","32.33","24.11","52","Finance","Banks - Midwest","19.66","3"
"Assurant","AIZ","14195.87","285.15","424266","2.38","3.95","15.69","85.69","6.89","7.89","8.9","301.57","205.44","85","Finance","Insurance - Multi line","7.9","2"
"Assured Guaranty","AGO","3262.82","75.14","359102","-2.66","-13.03",".2","5.22","-26.16","27.29","49.57","92.18","73.2","85","Finance","Insurance - Multi line","37.34","3"
"Astera Labs, Inc.","ALAB","48147.32","282.65","4725456","-13.32","-1.77","-13.3","46.31","49.22","115.13","37.35","483.02","100.27","90","Computer and Technology","Internet - Software","30.74","1"
"AstraZeneca","AZN","258551.88","169.66","4379110","6.26","-1.73","-7.23","31.48","-18.89","8.63","24.66","209.48","147.06","159","Medical","Medical - Biomedical and Genetics","17.02","4"
"Astrana Health, Inc.","ASTH","2124.14","37.61","509827","-4.13","-.21",".93","63.03","37.4","56.39","2.17","49.81","18.16","45","Medical","Medical - Outpatient and Home Healthcare","1.05","3"
"Astronics","ATRO","3214.93","74.5","696237","-19.67","6.42","5.41","70.68","47.93","8.39","10.94","93.45","29.67","35","Aerospace","Aerospace - Defense Equipment","8.4","1"
"Atkore","ATKR","3157.4","93.62","1481037","-.23","24.17","14.14","99.01","32.22","-10.98","5.4","93.87","55.3","103","Industrial Products","Wire and Cable Products","-5.55","2"
"Atlantic Union Bankshares","AUB","5843.98","40.52","820916","-3.81","-2.96","10.95","79.59","3.69","51.58","34.06","43.39","31.29","64","Finance","Banks - Northeast","21.97","3"
"Atlas Copco","ATLKY","104668.92","21.62","367636","-1.6","2.82","14.74","88.96","7.33","2.9","15.66","22.23","15.53","75","Industrial Products","Manufacturing - General Industrial ","15.66","3"
"Atlas Energy Solutions Inc.","AESI","1487.54","12.02","3771561","-7.18","4.02","-30.45","32.62","13","3.73","-10.56","19.75","8.1","204","Oils-Energy","Oil and Gas - Integrated - United States","-11.08","4"
"Atlassian","TEAM","43478.05","166.49","5549762","8.2","78.71","47.76","91.19","-5.48","26.02","23.22","182.36","57.15","90","Computer and Technology","Internet - Software","-.82","3"
"Atmos Energy","ATO","28359.66","167.56","1079480","-1.22","-5.84",".4","18.02","-10.45","12.91","28.5","192.29","162.44","159","Utilities","Utility - Gas Distribution","28.5","3"
"Atmus Filtration Technologies Inc.","ATMU","3927.19","49.64","707194","-5.87","-11.23","5.32","25.18","-17.06","5.67","12.39","65.57","42.26","179","Auto-Tires-Trucks","Automotive - Original Equipment","11.32","3"
"Atour Lifestyle Holdings Limited Sponsored ADR","ATAT","4776.75","35.65","986957","-1.53","3.58","-.8","31.34","-21.11","40.99","16.75","42.9","31.03","191","Consumer Discretionary","Leisure and Recreation Services","16.75","3"
"AtriCure","ATRC","2506.69","48.68","783367","10.07","31.87","86.1","100","11.43","14.88","2.03","49.28","25.86","101","Medical","Medical - Products","1.85","3"
"Aurinia Pharmaceuticals","AUPH","2204.66","16.75","1275852","8.37","8.87","8.23","72.92","-7.07","20.38","44.63","18.62","11.05","150","Medical","Medical - Drugs","100.84","4"
"AutoNation","AN","6451.15","196.8","439860","-4.8","-8.04","3.23","32.19","-15.47","3.24","2.66","229.98","178.59","211","Retail-Wholesale","Automotive - Retail and Whole Sales","2.82","3"
"Autodesk","ADSK","53682.62","251.21","1888964","5.29","12.62","2.52","47.96","-23.12","17.53","31.67","326.79","187.72","90","Computer and Technology","Internet - Software","19.49","3"
"Autohome","ATHM","2516.49","21.72","794439","-2.85","2.25","22","40.4","-12.2","-4.33","21.13","29.92","16.38","169","Computer and Technology","Internet - Services","17.05","3"
"Autoliv","ALV","9021.36","123.97","531775","2","2.98","-3.55","72.86","-7.17","4.09","6.81","131.69","100.34","179","Auto-Tires-Trucks","Automotive - Original Equipment","5.79","3"
"Automatic Data Processing","ADP","112429.34","282.78","2513214","6.37","10.99","21.08","79.07","-1.58","6.74","20.44","307.95","188.79","90","Computer and Technology","Internet - Software","20.11","3"
"Avantor","AVTR","9644.88","14.42","10211444","5.63","21.26","55.17","83.64","11.31","-3.41","8.45","15.6","7.41","91","Medical","Medical Services","-8.81","3"
"AvePoint","AVPT","2801.13","13.07","1981501","-.08","3.36","14.93","55.77","-14.74","26.93","21.95","16.61","8.99","90","Computer and Technology","Internet - Software","15.33","3"
"Aveanna Healthcare","AVAH","2989.61","13.59","3414160","7.96","41.67","105.4","100","50","20.19","6.18","13.7","6.22","45","Medical","Medical - Outpatient and Home Healthcare","10.56","2"
"Avery Dennison","AVY","13921.53","179.95","854321","4","12.67","18.14","69.04","-9.66","1.14","8.49","197.45","153.01","164","Industrial Products","Containers - Paper and Packaging","7.62","2"
"Avient","AVNT","4074.18","44.62","921677","-2.14","21.9","28.34","89.82","27.19",".61","8.42","46.34","27.48","93","Basic Materials","Chemical - Diversified ","5.1","2"
"Avino Silver","ASM","1250.14","7.49","4374783","2.22","29.35",".96","47.07","6.02","39.36","55.08","11.24","3.91","218","Basic Materials","Mining - Silver","38.18","4"
"Avis Budget Group","CAR","5188.65","145.13","405515","3.95","-10.26","-13.27","9.45","2.39","-1.16","-1.01","713.97","87.69","97","Transportation","Transportation - Services","-5.43","3"
"Avista","AVA","3176.75","37.75","693367","-2.82","-8.71","-6.35","31.61","-11.97","1.34","11.2","43.08","35.55","154","Utilities","Utility - Electric Power","11.83","3"
"Avita Medical","RCEL","305","10.5","743812","25.44","108.63","126.26","93.92","156.94","11.45","-56.96","10.34","3.27","150","Medical","Medical - Drugs","-56.96","3"
"Avnet","AVT","7079.62","87.57","1303948","-12.54","-2.4","-.79","77.2","60.48","24.47","1.71","98.63","44.37","5","Computer and Technology","Electronics - Parts Distribution","1.21","1"
"Axalta Coating Systems","AXTA","7717.56","36.4","1671328","-.14","6.88","18.66","83.29","-.17","-3.01","10.58","38.19","25.44","100","Basic Materials","Chemical - Specialty","6.78","2"
"Axcelis Technologies","ACLS","3813.55","125.4","388713","-14.31","-3.61","-17.9","42.02","37.49","-17.57","16.12","191.6","74.12","25","Computer and Technology","Electronics - Manufacturing Machinery","10.71","3"
"Axis Capital Holdings","AXS","7248.47","99.41","756088","-.54","-15.13","3.59","35.75","-17.02","10.17","14.76","119.27","88.25","78","Finance","Insurance - Property and Casualty","16.23","4"
"AxoGen","AXGN","2646.68","49.93","1052390",".16","19.67","27.14","96.71","34.54","20.21","8.34","50.4","14.79","149","Medical","Medical - Instruments","-13.36","4"
"Axon Enterprise","AXON","48546.67","613.26","958642","-1.11","13.72","25.31","57.72","-5.88","33.47","17.51","781.9","345.94","35","Aerospace","Aerospace - Defense Equipment","6.19","3"
"Axos Financial","AX","5499.88","98.82","314230","-2.4","1.11","12.26","72.34",".64","12.54","34.24","105.1","75.6","101","Finance","Financial - Miscellaneous Services","22.39","2"
"Axsome Therapeutics","AXSM","10759.02","205.48","692097","-5.03","-13.83","-10.79","64.72",".6","65.55","-25.64","255.17","114.1","159","Medical","Medical - Biomedical and Genetics","-24.68","3"
"B2Gold Corp","BTG","7558.33","5.87","27146960","10","47.8","22.75","80.86","13.45","60.95","16.59","6.21","3.65","231","Basic Materials","Mining - Gold","21.47","3"
"BBB Foods Inc.","TBBB","6025.58","50.91","816250","4.89","25.08","28.46","100","36.14","29.35","-3.68","50.82","24.12","184","Consumer Staples","Consumer Products - Staples","-3.68","2"
"BBVA Banco Frances","BBAR","3014.53","14.8","724422","-3.28","-23.01","-21.53","48.78","-26.94","2.25","5.77","21.9","7.96","86","Finance","Banks - Foreign","3.44","3"
"BCE","BCE","22240.74","23.59","3709204","2.14","12.29","-4.83","53.4","-10.44","-1.71","10.51","26.45","20.87","219","Utilities","Diversified Communication Services","25.49","3"
"BGC Group, Inc.","BGC","5681.83","11.8","2907865","7.08","1.36","14.35","83.87","19.7","29.99","20.12","12.65","8.31","34","Finance","Financial - Investment Bank","6.04","3"
"BILL Holdings, Inc.","BILL","4106.93","47.71","2656099","-.7","7.26","21.89","66.53","-21.01","13.03","19.04","56.31","31.96","90","Computer and Technology","Internet - Software","-.68","3"
"BITDEER TEC GRP","BTDR","2480.74","11.29","16940098","16.19","-3.88","-41.06","19.5","-12.94","77.33","-55.15","25.9","7.28","166","Business Services","Technology Services","-55.15","3"
"BJ's Restaurants","BJRI","1431.3","65.34","514925","1.52","-2.28","44.01","84.68","52.75","3.08","3.37","74.26","28.69","151","Retail-Wholesale","Retail - Restaurants","2.86","2"
"BJ's Wholesale Club","BJ","12576.58","94.37","1851590","4.3","3.98","11.87","65.67","-2.14","4.66","2.63","106.16","83.82","184","Consumer Staples","Consumer Products - Staples","2.64","3"
"BKV Corporation","BKV","2649.49","24.04","1072466","-8.12","-2.14","-8.85","33.31","-20.24","73.64","11.47","32.16","20.24","154","Oils-Energy","Alternative Energy - Other","17.73","3"
"BNY","BNY","110012.66","163.65","2442939","-1.3","2.77","13.71","96.59","24.93","2.12","29.9","164.27","101.78","56","Finance","Banks - Major Regional","15.52","2"
"BP","BP","114576.04","42.86","8523125","2.08","3.38","1.86","73.81","12.66","-1.07","5.75","47.63","32.78","216","Oils-Energy","Oil and Gas - Integrated - International","2.49","3"
"BUNGE GLOBAL SA","BG","21163.84","111.71","1448804","-4.13","-6.25","-15.24","60.84","10.62","32.43","1.73","131.41","77.14","56","Basic Materials","Agriculture - Products","1.1","2"
"BWX Technologies","BWXT","13699.32","149.73","982751","-12.84","-15.3","-20.63","0","-22.62","18.3","11.16","238.42","149.52","35","Aerospace","Aerospace - Defense Equipment","10.11","3"
"BXP, Inc.","BXP","11174.71","72.13","1434427","4.95","1.13","18.37","67.97","-7.22","2.19","9.08","78.93","51.02","82","Finance","REIT and Equity Trust - Other","8.44","3"
"Babcock","BW","1145.54","7.83","5555801","-22.48","-18.19","-54.79","30.07","8.5","-18.07",".64","21.85","1.6","221","Computer and Technology","Electronics - Power Generation","-2.17","4"
"Backblaze","BLZE","962.54","15.28","3779166","-19.8","26.32","70.69","71.5","198.49","14.27","8.34","20.43","3.31","90","Computer and Technology","Internet - Software","-13.07","3"
"Badger Meter","BMI","3936.41","136.36","362490","5.52","6.1","10.82","29.51","-30.35","10.9","14.27","189.29","113.41","103","Computer and Technology","Instruments - Control","14.27","3"
"Baker Hughes","BKR","61530.9","61.82","7339710","-4.49","2.3","-1.56","70.68","21.75","-.34","9.6","69.67","43.46","154","Oils-Energy","Oil and Gas - Field Services","11.17","3"
"Baldwin Insurance Group, Inc.","BWIN","4366.3","30.91","1119742","1.72","14.23","55.03","84.04","16.51","8.34","13.27","34.11","16.5","174","Finance","Insurance - Life Insurance","-4.67","2"
"Ball","BALL","17052.19","64.08","1884959","5.3","-.39","19.96","84.36","8.79","11.58","7.29","67.76","46.41","66","Industrial Products","Containers - Metal and Glass","6.61","3"
"Banc of California","BANC","2954.68","18.59","3452857","-5.28","-10.29","-.9","49.28","-13.52","-3.76","20.95","21.83","15.56","103","Finance","Banks - Southwest","-1.44","3"
"Banco Bilbao Viscaya Argentaria","BBVA","163021","28.95","1879672","1.42","9.85","26.07","100","12.09","8.79","27.76","29.21","17.96","86","Finance","Banks - Foreign","27.75","3"
"Banco Santander","SAN","216226.8","14.63","20067300",".89","5.22","19.29","98.17","12.25","-.89","23.08","14.82","9.37","86","Finance","Banks - Foreign","26.94","3"
"Bandwidth","BAND","1491.58","46.655","1153188","-12.2","-18.94","-34.62","51.1","168.35",".71","5.95","78.44","12.82","103","Computer and Technology","Communication - Infrastructure",".27","3"
"Bank Of Montreal","BMO","120153.18","173.46","882731","-6.98","-3.45","5.98","81.63","18.78","-4.05","27.01","185.81","112.54","86","Finance","Banks - Foreign","12.6","3"
"Bank of America","BAC","435858.03","62.43","27361920","-2.44",".32","21.01","86.29","1.37","-.45","28.55","64.81","46.72","34","Finance","Financial - Investment Bank","17.56","3"
"Bank of Hawaii","BOH","3031.76","76.16","323287","-3.73","-3.96","3.22","65.43",".54","2.96","30.93","85.85","59.82","182","Finance","Banks - West","21.84","3"
"Bank of Nova Scotia","BNS","105865.98","93.1","1954375","-4.92","-.02","10.49","86.6","5.44","-5.72","26.53","91.54","56.61","86","Finance","Banks - Foreign","13.38","3"
"BankUnited","BKU","3296.63","46.32","586685","-3.3",".13","1.05","70.14","-7.12","-6.22","24.64","50.93","35.36","56","Finance","Banks - Major Regional","14.76","4"
"Banner","BANR","2406.81","70.31","331230","-3.84",".84","12.61","79.99","1.1","5.38","30.84","74.01","58.07","86","Finance","Financial - Savings and Loan","23.55","3"
"Barclays","BCS","91011.36","27.23","3656690","-2.99","-5.57","9.99","82.72","-5.21","12.23","22.27","28.56","19.36","86","Finance","Banks - Foreign","22.27","3"
"Barings BDC","BBDC","989.48","9.45","811810",".64","13.99","6.9","76.44","-7.92","-2.43","43.77","9.9","7.99","103","Finance","Financial - SBIC & Commercial Industry","32.73","2"
"Barrick Mining Corporation","B","79265.79","48.87","11743435","13.26","28.84","13.8","82.44","-1.08","31.22","27.82","52.98","25.53","231","Basic Materials","Mining - Gold","31.6","3"
"Bath & Body Works, Inc.","BBWI","3863.94","17.58","5463772","1.91","-6.44","2.9","25.38","-14.6","-.22","8.68","31.87","14.85","103","Retail-Wholesale","Retail - Miscellaneous","10.03","3"
"Bausch + Lomb","BLCO","6186.13","17.25","394981","1.88","6.39","12.54","70.09","-9.29","6.47","5.03","18.6","14.32","91","Medical","Medical Services","-3.21","3"
"Bausch Health","BHC","2499.17","6.73","5704286","1.52","49.11","25.8","64.84","-14.03","6.66","14.9","7.9","4.43","174","Medical","Medical - Generic Drugs","-10.12","2"
"Baxter International","BAX","13695.22","26.29","7895166","2.24","13.5","43.97","85.18","24","5.72","9.22","28.35","15.8","101","Medical","Medical - Products","-9.27","3"
"Bayer","BAYRY","55491.6","14.34","857544","2.02","5.45","39.11","86.03","16.73","2.21","10.51","15.19","7.56","103","Medical","Large Cap Pharmaceuticals","-3.8","3"
"BeOne Medicines Ltd. - Sponsored ADR ","ONC","40838.54","376.37","397330","2.61","14.14","33","95.32","9.52","40.23","10.7","377.47","260.27","150","Medical","Medical - Drugs","10.7","1"
"Beacon Financial Corporation","BBT","2646.91","31.4","820910","-3.16","6.55","10.46","89.15","7.12","26.81","28.3","32.61","23.12","64","Finance","Banks - Northeast","8.96","3"
"Beam Therapeutics","BEAM","2926.14","31.03","1683826","4.54","13","-9.02","56.23","-8.58","120.01","-218.27","37.92","16.01","159","Medical","Medical - Biomedical and Genetics","-54.75","3"
"Beazer Homes USA","BZH","883.36","33.19","933596","-.18",".18","28.04","94.01","46.11","1.77",".1","34.07","18.03","103","Construction","Building Products - Home Builders","-.37","1"
"Becton, Dickinson and Company","BDX","52556.58","189.78","1965147","4.75","20.02","31.25","72.18","-12.09","8.24","17.6","210.02","140.71","72","Medical","Medical - Dental Supplies","4.52","3"
"Belden","BDC","4562.77","116.96","450334","-15.14","10.34","13.09","33.55","-10.39","10.33","11.29","150.91","99.52","43","Computer and Technology","Communication - Components","8.52","2"
"BellRing Brands","BRBR","1261.62","10.76","3994392","6.58","-16.99","19.76","8.48","-63.69","16.05","6.77","42.68","7.9","212","Consumer Staples","Food - Miscellaneous","7.28","3"
"Bentley Systems","BSY","10948.97","36.9","2757238","8.46","11.78","6.92","32.64","-11.69","10.99","25.46","56.79","28.42","90","Computer and Technology","Internet - Software","18.1","3"
"Berkshire Hathaway","BRK.B","1079603","504.32","4358175","1.22","1.44","7.24","60.79","-10.25","0","12.48","529.42","465.4","78","Finance","Insurance - Property and Casualty","22.3","3"
"Best Buy","BBY","18437.91","85.29","3228933","2.39","-1.1","16.67","92.24","16.92",".39","3.32","90.17","55.52","103","Retail-Wholesale","Retail - Consumer Electronics","2.73","3"
"Beta Bionics, Inc.","BBNX","887.65","19.34","1497533","12.36","23.39","54.14","46.99","-42.08","53.94","-61.32","31.99","8.86","149","Medical","Medical - Instruments","-61.32","3"
"Better Home & Finance Holding Company","BETR","222.85","12.3","870077","-13.37","-47.42","-59.57",".17","-67.8","51.97","-55.98","86.07","11.6","234","Finance","Financial - Mortgage & Related Services","-94.52","3"
"Beyond Meat","BYND","243.05","14.19","1990909","21.67","-14.08","-39.26","3.34","-48.6","-15.61","72.78","87.09","11.63","244","Consumer Staples","Food - Meat Products","75.4","4"
"Bilibili","BILI","6842.85","16.57","2306201","-4.24","-7.56","-10.13","2.71","-39.98","18.06","9.15","35.92","15.96","86","Consumer Discretionary","Broadcast Radio and Television","4.58","3"
"BillionToOne, Inc.","BLLN","4564.87","100.075","842119","3.01","-24.41","6.17","38.06","5.74","99.97","8.04","149.97","64.03","101","Medical","Medical - Products","8.04","3"
"BioCryst Pharmaceuticals","BCRX","2473.58","9.83","3313193","-2.62","1.04","12.95","70.64","11.01","94.1","34.99","11.11","6.24","150","Medical","Medical - Drugs","-40.9","2"
"BioLife Solutions","BLFS","1817.01","37.22","680808","4.91","24.84","39.65","100","37.58","16.97","9.42","37.19","18.15","101","Medical","Medical - Products","53.29","1"
"BioMarin Pharmaceutical","BMRN","12595.84","66.12","2340237","-2.36","7.96","18.25","74.87","-2.06","12.87","14.58","70.24","49.67","159","Medical","Medical - Biomedical and Genetics","2.14","3"
"BioNTech","BNTX","28530.4","114.05","1657701","23.17","23.86","23.03","81.61","6.01","9.03","-43.93","119.34","83.89","159","Medical","Medical - Biomedical and Genetics","-63.54","3"
"BioTechne Corp","TECH","11350.77","72.33","3529726","0","1.08","42.53","99.69","10.1","-.38","24.97","72.48","43.3","159","Medical","Medical - Biomedical and Genetics","14.97","3"
"Biogen","BIIB","32228.1","220.77","958396","4.29","8.98","13.47","96.15","10.86","2.22","20.61","221.56","132.22","159","Medical","Medical - Biomedical and Genetics","8.32","3"
"Bioventus","BVS","1178.97","14.08","858042","1.01","12.61","76.8","85.83","68.56","-.91","11.43","15.26","6.51","150","Medical","Medical - Drugs","9.36","2"
"Birkenstock Holding PLC","BIRK","6279.44","35.29","3059880","-6.76","-15.04","-21.38","18.5","-22.8","18.45","16.28","53.4","31.19","35","Consumer Discretionary","Shoes and Retail Apparel ","14.82","3"
"Black Hills","BKH","5492.51","73.02","796900","-1.85","-3.52","2.29","74.04","-7.19","8.57","13.71","76.83","58.34","154","Utilities","Utility - Electric Power","13.01","3"
"Black Rock Coffee Bar, Inc.","BRCB","473.19","9.15","377243","19.62","13.44","17.54","15.06","-62.01","24.49",".69","27.84","6.19","103","Consumer Staples","Beverages - Soft drinks",".69","3"
"Black Stone Minerals","BSM","3201.29","14.89","435796","3.37",".94","10.18","88.92","1.3","8.35","73.1","15.44","11.92","25","Oils-Energy","Energy and Pipeline - Master Limited Partnerships","61.72","3"
"BlackBerry","BB","4490.8","7.79","11164339","-12.37","-9.14","-21.3","46.58","80.55","2.65","19.02","12.81","3.15","90","Computer and Technology","Internet - Software","10.31","3"
"BlackLine","BL","1858.85","31.63","1181346","9.15","4.31","2.11","20.09","-48.26","7.21","22.57","58.83","25.23","90","Computer and Technology","Internet - Software","4.75","3"
"BlackRock","BLK","181601.25","1176.64","600891","2.22","10.4","14.88","89.28","-2","18.67","30.92","1202.59","922.9","70","Finance","Financial - Investment Management","24.09","3"
"BlackSky Technology","BKSY","1047.27","25.21","1015832","-16.84","15.95","-39.62","32.35","22.08","4.39","-56.25","51.63","13.14","166","Business Services","Technology Services","-61.24","3"
"Blackbaud","BLKB","2181.9","47.42","668464","10.79","39.13","46.82","49.35","-32.09","-2.35","19.37","70.17","26.54","91","Computer and Technology","Computer - Software","13.12","3"
"Blackstone Secured Lending Fund","BXSL","5821.92","24.83","1581719","3.22","8.65","4.56","28.51","-15.1","6.93","53.47","30.03","22.98","103","Finance","Financial - SBIC & Commercial Industry","21.51","3"
"Block","XYZ","48892.7","82.72","4941332","1.47",".17","6.94","90.83","11.84",".3","7.48","84.64","49.09","90","Computer and Technology","Internet - Software","1.43","3"
"Bloom Energy","BE","60089.48","217.45","16809812","-12.12","8.42","-25.41","52.88","110.03","37.33","17.85","345.85","44.83","154","Oils-Energy","Alternative Energy - Other","7.87","1"
"Bloomin' Brands","BLMN","979.5","11.04","2245268","7.02","33.96","40.54","93.78","65.85",".14","2.76","11.85","5.26","151","Retail-Wholesale","Retail - Restaurants",".7","1"
"Blue Bird","BLBD","1867.3","58.65","626575","-7.72","-22.48","-14.94","35.4","12.19","9.87","9.51","81.5","46.59","56","Auto-Tires-Trucks","Automotive - Domestic","17.48","3"
"Blue Owl Capital","OWL","18210.2","11.79","21409866",".17","20.66","11.56","31.77","-30.07","25.04","49.15","19.09","8.23","70","Finance","Financial - Investment Management","2.71","3"
"Blue Owl Capital Corporation","OBDC","5621.83","11.36","4499307","-.87","4.4","-.18","19.57","-17.96","15.94","40.78","14.36","10.68","101","Finance","Financial - Miscellaneous Services","16.99","3"
"Blue Owl Technology Finance Corp.","OTF","5085.86","11.18","2966933","-.27","10.23","-2.46","21.77","-31.71","67.45","42.86","15.52","9.87","103","Finance","Financial - SBIC & Commercial Industry","28.69","3"
"Boeing","BA","166341.28","211.08","6075666","-6.86","-.49","-6.17","42.91","-13.29","34.5","-8.56","252.15","179.12","72","Aerospace","Aerospace - Defense","2.41","3"
"Boise Cascade","BCC","2869.47","81.04","337036",".37","5.14","20.36","65.13","-.05","-4.75","1.73","91.22","65.47","190","Construction","Building Products - Wood","1.64","3"
"Booking Holdings","BKNG","160314.55","213.78","5961641","4.2","14.23","26.06","79.29","-10.91","13.39","27.18","228.84","154.13","164","Retail-Wholesale","Internet - Commerce","25.53","3"
"Boot Barn","BOOT","4900.39","159.69","759740","-1.41","4.31","-4.73","36.6","-17.98","17.93","10.35","207.98","135.16","78","Retail-Wholesale","Retail - Apparel and Shoes","10.35","2"
"Booz Allen Hamilton","BAH","9047.84","73.83","1919538",".33","5","-10.51","30.38","-20.24","-6.37","7.48","110.77","59.71","48","Business Services","Consulting Services","7.01","3"
"BorgWarner","BWA","13107.97","65.1","2298554","-7.93","1.07","-9.43","64.87","27.76","1.63","7.72","77.03","40.96","179","Auto-Tires-Trucks","Automotive - Original Equipment","2.89","3"
"Bowhead Specialty Holdings Inc.","BOW","1111.83","33.6","508613",".9","8.14","30.06","99.04","5.78","29.58","10.33","33.87","21.44","78","Finance","Insurance - Property and Casualty","10.11","3"
"Bowman Consulting Group","BWMN","737.28","42.53","536616",".38","62.14","33.91","90.06","15.21","14.88","5.78","44.43","25.31","197","Business Services","Business - Services","1.3","3"
"Box","BOX","4633.91","33","2698916","3.65","11.01","16.26","98.61",".1","7.99","20.71","33.64","21.37","90","Computer and Technology","Internet - Software","10.35","3"
"Boyd Gaming","BYD","5885.09","81.11","827750","-2.14","-9.28","-6.73","29","-15","4.12","14.16","91.26","76.81","197","Consumer Discretionary","Gaming","44.34","3"
"Braze","BRZE","3541.14","30.8","2488977","12.49","33.73","11.21","76.72","-17.98","24.4","5.85","36.19","15.79","90","Computer and Technology","Internet - Software","-15.51","3"
"Bread Financial","BFH","4041.32","107.63","459408","-5.45","-.87","17.67","86.16","27.1","-2.06","15.52","113.4","54.08","101","Finance","Financial - Miscellaneous Services","11.95","3"
"BridgeBio Pharma","BBIO","15848.17","80.4","2248683","1.48","-3.63","24.04","78.78","-5.19","126.26","-97.03","90.17","47.29","174","Medical","Medical - Generic Drugs","-97.03","3"
"Bright Horizons Family Solutions","BFAM","3602.9","73.89","740350","5.39","-4.84","13.08","23.23","-34.65","9.22","8.79","123.33","59.18","197","Business Services","Business - Services","5.78","3"
"BrightSpring Health Services, Inc.","BTSG","11770.94","57.23","2884774","-1.47","-17.35","-.82","72.74","42.09","14.59","2.25","72.91","23.69","91","Medical","Medical Services","2.55","1"
"BrightView","BV","1019.61","11.15","1368212","-3.61","-23.07","-10.48","7.94","-22.76","-3.41","2.82","14.88","10.6","56","Basic Materials","Agriculture - Products",".74","4"
"Brighthouse Financial","BHF","2984.85","51.87","1076600","-6.89","-17.83","-17.17","36.73","-28.35","43.23","12.86","66.61","43.36","174","Finance","Insurance - Life Insurance","12.49","4"
"Brightstar Lottery","BRSL","2208.58","11.61","2237148","2.16","12.79","2.07","21.52","-31.7","-.04","7.5","18.31","10.04","197","Consumer Discretionary","Gaming","10.05","3"
"Brink's","BCO","4645.37","111","499154","1.35","-4.38","9.47","47.49","-13.58","4.97","6.52","135.58","92.16","151","Business Services","Financial Transaction Services","3.3","4"
"Brinker International","EAT","10605.81","248.7","1107499","5.06","29.93","79.13","100","58.27","7.86","8.28","253.94","102.29","151","Retail-Wholesale","Retail - Restaurants","8.39","2"
"Bristol Myers Squibb","BMY","137433.83","67.92","12196674","4.1","7.54","22.44","98.68","11.57","-.22","27.04","67.61","42.6","159","Medical","Medical - Biomedical and Genetics","18.87","3"
"Brixmor Property Group","BRX","9077.28","29.5","2368315","-.6","-8.56","-1.63","61.22",".91","6.73","30.82","32.69","24.67","103","Finance","REIT and Equity Trust - Retail","30.82","3"
"Broadcom","AVGO","1706829.5","356.74","19944286","-8.58","-6.38","-22","36.03","-7.28","23.87","53.5","481.57","289.6","45","Computer and Technology","Electronics - Semiconductors","38.85","3"
"Broadridge Financial Solutions","BR","21145.34","184.82","1403361","10.49","21.38","15.94","39.46","-25.67","8.53","15.04","262.18","135.44","90","Computer and Technology","Internet - Software","15.04","3"
"Broadstone Net Lease","BNL","4068.13","21.55","2541972","-.09","-5.31","6.75","70.61","9.17","5.17","30.61","22.84","17.26","97","Finance","REIT and Equity Trust - Residential","30.61","2"
"Brookdale Senior Living","BKD","2894.47","12.2","5284314","-.9","-21.66","-.57","50.79",".48","2.19","-2.13","16.77","7.32","8","Medical","Medical - Nursing Homes","-4.53","2"
"Brookfield Asset Management Ltd.","BAM","85694.59","52.5","2659722","-.49","9.99","8.66","50.78","-10.69","21.03","48.73","61.46","42.87","101","Finance","Financial - Miscellaneous Services","48.89","3"
"Brookfield Business Partners","BBUC","5845.89","28.26","322840","-2.45","-10.06","-14.71","15.03","-28.24","-32.41","1.13","37.17","26.66","197","Business Services","Business - Services","1.13","4"
"Brookfield Corporation","BN","102901.5","42.12","4489554","-1.82","-.26","-7.39","34.01","-18.19","-12.68","8.23","49.17","38.26","182","Finance","Real Estate - Operations","1.85","3"
"Brookfield Infrastructure","BIPC","4824.27","39.63","1039679","-.71","-4.08","-4.34","24.05","-22.73",".05","9.3","51","35.49","159","Utilities","Utility - Gas Distribution","-9.41","3"
"Brookfield Infrastructure Partners","BIP","17756.45","38.94","914458","-.9","-4.58","-.82","67.75","-.71","9.8","3.51","42.62","30.03","82","Finance","REIT and Equity Trust - Other","3.51","3"
"Brookfield Renewable","BEPC","4960.92","33.39","1893953","-6.32",".86","-15.52","6.17","-23.29","-36.56","-44.05","44.43","32.12","154","Oils-Energy","Alternative Energy - Other","-44.05","4"
"Brookfield Renewable Partners","BEP","9708.61","32.81","894895","-6.07",".68","-12.24","60.79","7.29","9.04","7.8","37.31","24.66","154","Utilities","Utility - Electric Power","4.5","3"
"Brown & Brown","BRO","24968.63","73.34","2235800","8.36","7.06","30.96","47.54","-16.25","22.83","24.34","96.95","54.38","103","Finance","Insurance - Brokerage","17.75","3"
"BrownForman","BF.B","13192.35","28.18","2218345","4.24","4.93","14.27","70.33","-1.32","-1.18","18.2","31.26","22.8","209","Consumer Staples","Beverages - Alcohol","18.2","4"
"Bruker","BRKR","8681.43","56.85","2484667","-1.2","-5.11","-2.5","78.96","8.19","2.08","8.72","64.34","29.35","103","Computer and Technology","Instruments - Scientific","-2.35","3"
"Brunswick","BC","5264.79","80.33","723497","-1.28",".74","-1.48","73.84","-2.1","2.4","4.44","89.22","58.75","93","Consumer Discretionary","Leisure and Recreation Products","-1.53","3"
"Buenaventura Mining","BVN","8930.77","35.94","1025632","3.65","10.97",".14","66.5","13.14","49.98","51.27","43.67","18.39","218","Basic Materials","Mining - Silver","50.88","3"
"BuildABear Workshop","BBW","487.33","39.37","370941","1.78","13.92","6.84","19.63","-43.25","6.73","9.46","75.85","29.84","103","Retail-Wholesale","Retail - Miscellaneous","10.48","3"
"Bullish","BLSH","4617.03","32.02","1700098","22.64","34.25","-4.7","17.99","-27.7","-99.88","21.8","70.82","21.79","90","Computer and Technology","Internet - Software","-389.38","4"
"Burlington Stores","BURL","20811.21","315.27","774064","-1.84","-7.65","5.3","67.98","2.39","8.76","5.54","372.19","242.43","23","Retail-Wholesale","Retail - Discount Stores","5.24","3"
"Butterfly Network","BFLY","2383.25","9.04","6526521","-.78","26.59","94.57","90.97","110.68","18.96","-42.24","9.7","1.39","99","Medical","Medical Info Systems","-66.74","2"
"C.H. Robinson Worldwide","CHRW","16693.37","143.66","2123818","-1.33","-18.11","-20.59","23.16","-20.51","-8.42","3.97","209.42","122.8","97","Transportation","Transportation - Services","3.73","3"
"C3.ai","AI","1571.59","9.79","4503816","4.23","14.63","-13.96","19.75","-32.91","-35.67","-75.79","19.66","7.76","86","Computer and Technology","Computers - IT Services","-187.95","3"
"CAE","CAE","7951.33","25.02","633401","-8.84","-4.11","-4.11","14.51","-27.25","8.45","8.07","34.05","23.16","35","Aerospace","Aerospace - Defense Equipment","5.75","3"
"CAVA Group, Inc.","CAVA","8401.87","69.29","3677830","1.28","11.45","-3.67","52.68","9.63","22.41","4.82","97.39","43.59","151","Retail-Wholesale","Retail - Restaurants","4.82","3"
"CBIZ","CBZ","2962.81","54.75","2199613","-.13","22.81","57.44","71.13","-3.19","52.08","8.24","66.56","25.14","48","Business Services","Consulting Services","4.73","2"
"CBRE Group","CBRE","43995.17","151.74","1629629","2.68","5.59","21.9","58.1","-15.48","13.37","5.13","171.61","124.64","182","Finance","Real Estate - Operations","2.98","3"
"CCC Intelligent Solutions","CCC","4417.46","7.46","10614518","12.11","25.63","45.91","56.45","-15.61","11.88","22.73","10.03","4.22","90","Computer and Technology","Internet - Software","3.81","2"
"CDW","CDW","16566.06","142.09","1994172","-2.06","-4.01","-6.01","46.47","-12.97","6.79","5.78","170.77","99.3","86","Computer and Technology","Computers - IT Services","4.6","3"
"CECO Environmental","CECO","4176.03","70.27","1055887","-15.27","-3.35","-9.78","47.99","6.56","38.79","6.18","99.67","45.12","213","Industrial Products","Pollution Control","-3.39","3"
"CF Industries","CF","19558.94","127.26","2421258","9.73","7.9","14.07","86.41","49.48","19.34","25.74","137.6","76.09","25","Basic Materials","Fertilizers","27.12","3"
"CGI Group","GIB","15821.3","74.5","476275","3.24","7.7","5.14","37.72","-27.49","5.47","11.52","97.18","61.28","174","Computer and Technology","Computer - Services","10.54","4"
"CION Investment Corporation","CION","363.12","7.51","609203","2.36","23.41","8.21","29.7","-31.73","-4.6","36.19","10.86","5.91","103","Finance","Financial - SBIC & Commercial Industry","1.17","3"
"CLEAR Secure","YOU","6047.38","44.29","1875300","1.96","-16.03","-22.17","46.08","13.98","16.91","14.78","62.36","29.61","90","Computer and Technology","Internet - Software","14.78","3"
"CME Group","CME","100381.95","277.32","1947604","4.21","9.32","8.3","56.16","-8.56","6.37","63.38","326.46","218.58","201","Finance","Securities and Exchanges","63.3","3"
"CMS Energy","CMS","21454.95","68.74","3934767","-4.17","-7.88","-3.06","1.29","-12.48","13.63","11.81","79.94","68.27","154","Utilities","Utility - Electric Power","11.64","4"
"CNA Financial","CNA","13435.34","49.14","410882","-.7","-8.36","18.5","57.79","-6.97","5.04","9.32","55.31","41.9","78","Finance","Insurance - Property and Casualty","8.16","3"
"CNH Industrial","CNH","14555.66","11.56","17207052","14.29","6.14","19.39","65.63","14.09","-8.78","2.9","13.09","9.22","103","Industrial Products","Manufacturing - Farm Equipment","1.71","3"
"CNO Financial Group","CNO","5018.36","54.19","687258","-1.04","2.09","17.99","91.62","14.24",".85","10.29","55.68","38.49","85","Finance","Insurance - Multi line","6.02","2"
"CNX Resources","CNX","5396.98","36","1482680","3.23","8.09","9.03","56.09","-11.26","76.76","24.98","42.61","28.65","201","Oils-Energy","Oil and Gas - Exploration and Production - United States","36.53","3"
"COHERENT CORP","COHR","53949.82","288.14","7945466","-21.56","1.54","-24.09","55.51","33.51","22.51","15.4","426.89","86.6","166","Business Services","Technology Services","11.31","2"
"CONMED","CNMD","1542.19","51.13","490030","4.55","18.34","48.6","81.77","13.44","5.18","10.69","55.81","32.11","72","Medical","Medical - Dental Supplies","4.12","3"
"COPT DEFENSE PR","CDP","4248.35","37.55","782409","1.77","-2.12","18.39","91.93","20.53","1.41","20.94","38.35","27.32","82","Finance","REIT and Equity Trust - Other","20.94","3"
"CORE LABS INC","CLB","552.91","12.06","630171","-4.52","7.3","-13.12","22.25","-32.76",".51","5.33","19.67","9.87","154","Oils-Energy","Oil and Gas - Field Services","5.1","3"
"CRH","CRH","63727.6","96.2","4700888","-.27","-6.87","-10.27","7.05","-31.34","5.27","10.04","131.38","93.09","166","Construction","Building Products - Miscellaneous","9.93","3"
"CSX","CSX","95291.3","51.51","10927197","1.7","-.69","12.17","91.55","26.93","-3.08","23.06","53.23","32.05","103","Transportation","Transportation - Rail","22.21","3"
"CTO Realty Growth","CTO","824.68","21.95","385120",".41","-.14","8.27","92.71","6.89","20.1","32.63","22.53","15.26","82","Finance","REIT and Equity Trust - Other","32.63","2"
"CVB Financial","CVBF","3949.38","22.39","1185257","-3.07","-.27","11.64","83.62","7.92","-5.28","40.37","23.3","18.05","182","Finance","Banks - West","29.02","3"
"CVR Energy","CVI","3823.16","37.89","1009524","4.42","11.62","8.91","89.74","33.72","-5.89","-1.53","40.01","20.72","22","Oils-Energy","Oil and Gas - Refining and Marketing",".81","3"
"CVS Health","CVS","120363.9","92.9","8221754",".11","-12.1","3.85","59.3","6.08","7.85","2.42","110.6","70.08","91","Medical","Medical Services","1.18","3"
"Cabot","CBT","4330","83.64","484006","-2.92","-6.14","-3.27","72.56","13.2","-7.04","9.57","93.4","58.71","93","Basic Materials","Chemical - Diversified ","5.23","3"
"Cactus","WHD","5456.21","67.17","842225","-7.35","26.28","17.31","85.92","33.26","-4.49","17.4","73.73","33.4","204","Oils-Energy","Oil and Gas - Integrated - United States","6.01","3"
"Cadence Design Systems","CDNS","87002.16","331.9","2228216","-2.33","-6.7","-23.72","33.34","-9.59","14.12","37.5","416.39","265.66","91","Computer and Technology","Computer - Software","23.6","3"
"Cadre Holdings, Inc.","CDRE","1416.51","31.39","408618","-.66",".82","8.03","30.57","-27.55","7.53","5.88","46.07","27.36","56","Industrial Products","Security and Safety Services","5.26","3"
"Caleres","CAL","458.5","13.05","502078","2.79","9.11","-3.81","69.52",".33","1.29","1.61","15.75","8.86","35","Consumer Discretionary","Shoes and Retail Apparel ",".02","3"
"California Resources","CRC","4649.72","51.67","856999","-2.2","2.99","-15.02","33.11","4.74","14.73","8.68","70.13","43.55","201","Oils-Energy","Oil and Gas - Exploration and Production - United States","-3.79","4"
"California Water Service Group","CWT","3144.52","50.61","532542","2.4",".12","15.94","84.41","4.97","-3.54","12.63","52.44","42.24","191","Utilities","Utility - Water Supply","12.63","3"
"Calix","CALX","2505.97","39.85","845525",".71","8.01","-.87","13.9","-32.74","20.26","10.41","68.42","35.18","90","Computer and Technology","Internet - Software","4.61","3"
"Callaway Golf Company","CALY","2818.68","15.47","1958625","-4.94","-13.57","3.61","65.66","21.03","-51.4","4.97","19.66","8.39","93","Consumer Discretionary","Leisure and Recreation Products","3.37","3"
"Calumet, Inc.","CLMT","4159.34","47.03","1241380","-2.13","14.63","32.1","90.3","113.02","-1.25","-2.53","50.81","14.84","204","Oils-Energy","Oil and Gas - Integrated - United States","-2.98","3"
"Camden Property Trust","CPT","10973.87","108.28","964668",".82","-3.27","2.89","59.12","-11.31","1.92","20.8","117.58","96.96","97","Finance","REIT and Equity Trust - Residential","20.8","3"
"Cameco","CCJ","44541.96","106.96","2933301","3.74","14.46","-9.17","49.22","-.01","8.87","15.23","134.09","71.43","154","Oils-Energy","Alternative Energy - Other","10.2","3"
"Camping World","CWH","663.15","6.48","2063809","3.22","4.9","-14.63","6.43","-40.98","4.41",".38","17.91","5.63","179","Auto-Tires-Trucks","Automotive - Original Equipment","-1.55","4"
"Camtek","CAMT","6640.62","146.66","554859","-17.15","-6.03","-12.73","50.18","19.72","15.57","30.69","207.46","76.73","49","Computer and Technology","Electronics - Measuring Instruments","7.4","3"
"Canada Goose","GOOS","804.34","8.22","872210","-2.13","-9.21","-17.61","0","-42.81","14.14","5.07","15.1","8.28","78","Retail-Wholesale","Retail - Apparel and Shoes","3.65","4"
"Canadian Imperial Bank of Commerce","CM","104913.33","118.33","967102","-6.9","-2.81","8.44","82.77","13.46","-5.81","30.2","123.74","72.6","86","Finance","Banks - Foreign","15.84","3"
"Canadian National Railway","CNI","77095.84","127.12","1342883",".64","-1.15","6.68","91.98","15.28","-.46","26.94","130.58","90.91","103","Transportation","Transportation - Rail","26.92","3"
"Canadian Natural Resources Limited","CNQ","104522.12","49.59","6245126","2.86","13.15","10.27","96.65","33.92","4.33","23.56","51.4","29.91","66","Oils-Energy","Oil and Gas - Exploration and Production - Canadian","22.78","3"
"Canadian Pacific Kansas City Limited","CP","83165.42","94.34","2779141",".81","3.59","6.77","92.77","15.02","1.64","27.5","96.69","68.88","103","Transportation","Transportation - Rail","25.02","3"
"Canadian Solar","CSIQ","972.28","14.28","1686608","-3.18","3.84","-21.73","19.98","-46.11","-6.65","-3.05","33.58","9.51","219","Oils-Energy","Solar","-1.87","3"
"Capital One Financial","COF","132678.38","216.24","3404379","-2.34","4.45","17.18","49.08","-20.18","28.39","20.61","257.94","176.1","65","Finance","Financial - Consumer Loans","13.37","3"
"Capital Southwest","CSWC","1611.19","25.21","635403","2.6","7.35","8.45","100","2.09","13.53","58.71","25.28","19.47","70","Finance","Financial - Investment Management","46.68","3"
"Capri Holdings","CPRI","1554.75","13.3","4362854","-6.75","-13.85","-25.65",".21","-49.85","-21.79","5.72","27.66","13.65","78","Retail-Wholesale","Retail - Apparel and Shoes","4.44","3"
"Capstone Green Energy","CEPL","210.19","6.36","481503","-4.35","-22.01","-53.09","38.55","13.23","23.89","16.47","13.6","1.85","154","Oils-Energy","Alternative Energy - Other","3.45","3"
"CarGurus","CARG","3314.42","36.45","931030","4.03","6.44","25.16","84.92","-13.21","1.41","23.96","39.03","26.96","164","Retail-Wholesale","Internet - Commerce","18.06","3"
"CarMax","KMX","8912.02","64.22","2043145","7.3","7.53","39.49","100","45.38","-1.79","1.53","62.8","30.88","80","Retail-Wholesale","Automotive - Retail and Wholesale - Parts",".84","2"
"Cardinal Health","CAH","54043.62","237.92","2019781","-1.4","1.32","19.07","91.63","1.15","14.23","1.05","240.26","146.04","72","Medical","Medical - Dental Supplies",".67","3"
"CareDx","CDNA","2457.38","50.8","1212954","2.41","30.64","108.33","96.93","125.53","13.79","12.88","48.61","12.51","91","Medical","Medical Services","24.23","2"
"CareTrust REIT","CTRE","9369.03","39.9","2304045",".99","-7.7",".79","64.29","-1.92","60.79","62.19","43.4","32.9","82","Finance","REIT and Equity Trust - Other","62.19","3"
"Caris Life Sciences,?Inc.","CAI","7384.21","28.01","5423265","20.8","67.18","58.85","46.79","-13.37","96.97","10.62","39.3","14.55","91","Medical","Medical Services","10.62","3"
"Carlisle Companies","CSL","14397.17","363.27","468705",".5","6.42","7.02","54.42","1.38",".33","16.47","418.74","295.41","166","Conglomerates","Diversified Operations","14.21","3"
"Carlyle Group","CG","17510.19","48.92","4500261","1.24","6.18","8.96","29.9","-25.64","-11.91","42.92","69.35","40.52","70","Finance","Financial - Investment Management","10.08","3"
"Carlyle Secured Lending","CGBD","787.81","11.41","550881","1.69","12.15","4","36.5","-18","9.88","59.75","13.99","9.99","103","Finance","Financial - SBIC & Commercial Industry","14.26","3"
"Carnival","CCL","35213.68","26.14","17741576","-7.28","-5.2","-6.54","18.02","-24.7","6.4","12.01","33.99","23.89","191","Consumer Discretionary","Leisure and Recreation Services","11.24","3"
"Carpenter Technology","CRS","23644.39","486.09","712358","-12.04","-17.78","-2.02","63.25","35.55","8.59","17.34","619.25","232.4","25","Basic Materials","Steel - Speciality","16.96","2"
"Carrier Global","CARR","49434.78","58.52","6622595","-4.14","-13.5","-7.89","37.48","1.52","-3.29","9.34","76","50.36","44","Construction","Building Products - Air Conditioner and Heating","5.52","2"
"Cars.com","CARS","661.66","12.34","668632","4.22","4.75","24.72","76.97","-9.38",".57","15.59","13.79","7.58","164","Retail-Wholesale","Internet - Commerce","4.73","3"
"Carter Bankshares","CARE","688.41","31.4","421007","-3.03","-8.83","14.44","75.16","41.32","4.74","13.71","35.72","16.96","64","Finance","Banks - Northeast","36.79","3"
"Carter's","CRI","1260.3","33.91","1219426","-9.23","-11.41","-10.58","47.3","-5.31","1.91","4.02","44.37","25.32","35","Consumer Discretionary","Shoes and Retail Apparel ","6.55","1"
"Carvana","CVNA","79596.55","75.77","11323742","3.2","12.94","1.87","40.76","-23.35","48.63","6.26","95.69","56.26","164","Retail-Wholesale","Internet - Commerce","6.26","3"
"Casella Waste Systems","CWST","6031.8","93.43","535071","6.12","6.14","11.39","61.2","-13.44","17.95","4.27","107.34","74.97","172","Business Services","Waste Removal Services",".29","3"
"Castle Biosciences","CSTL","1022.49","35","527013","11.75","36.95","59.61","61.55","-23.04","3.66","-5.43","43.04","18.15","159","Medical","Medical - Biomedical and Genetics","-5.43","2"
"Caterpillar","CAT","372805.53","811.29","3125764","-8.01","-7.13","-6.28","60.93","26.64","4.29","14.87","1064.9","415.12","103","Industrial Products","Manufacturing - Construction and Mining","14.51","2"
"Cathay General Bancorp","CATY","4158.27","61.89","388043","-3.21","-.37","10.32","86.84","15.22","-.43","39.89","64.93","45.17","182","Finance","Banks - West","24.66","3"
"Cboe Global Markets","CBOE","32174.15","308.82","1046411","4.44","6.65","2.36","56.65","9.8","15.13","49.87","366.7","231.51","201","Finance","Securities and Exchanges","26.68","2"
"Celanese","CE","4967.24","44.52","1948315",".6","1.94","-18.13","28.86","-4.25","-7.16","6.02","69.24","35.53","100","Basic Materials","Chemical - Specialty","-12.04","3"
"Celestica","CLS","33870.27","306.86","3275821","-13.46","-7.44","-30.94","38.9","-10.86","28.46","6.07","472.4","181.34","6","Computer and Technology","Electronics - Manufacturing Services","7.16","1"
"Cellebrite DI Ltd.","CLBT","2866.06","11.29","4597091","10.06","-21.52","-27.6","11.51","-43","18.56","26.03","19.56","10.44","90","Computer and Technology","Internet - Software","11.43","4"
"Cemex","CX","15980.03","11","7512094","-.72","-9.59","-15.8","47.06","-14.13","-.42","3.02","13.55","8.79","199","Construction","Building Products - Concrete and Aggregates","2.83","3"
"Cencora, Inc.","COR","61784.11","328.06","1484245","3.6","4.06","22.32","58.22","-14.25","9.31","1.01","374.75","252.74","91","Medical","Medical Services",".79","3"
"Cenovus Energy","CVE","59495.8","30.76","7117653",".12","14.73","13.92","95.71","70.07","-10.22","12.37","32.93","15.21","103","Oils-Energy","Oil and Gas - Integrated - Canadian","12.37","3"
"Centene","CNC","32430.77","65","4787526","1.93","2.45","5.89","92.39","42.71","19.44","1.27","68.72","28.38","25","Medical","Medical - HMOs","-2.51","1"
"CenterPoint Energy","CNP","25755.96","38.93","6326305","-3.77","-11.16","-5.3","23.06","-8.78","8.26","13.09","45.04","37.32","154","Utilities","Utility - Electric Power","11.61","3"
"Centerra Gold","CGAU","4605.33","24.18","1835974","7.12","42.56","37.15","98.35","46.16","14.01","18.39","23.75","7.4","231","Basic Materials","Mining - Gold","36.92","3"
"Central Garden & Pet","CENTA","2401.05","38.24","313981","1.91",".24","12.53","84.37","17.55","-2.23","5.92","40.6","26.27","159","Consumer Discretionary","Consumer Products - Discretionary","5.39","3"
"Centrus Energy","LEU","3534.45","193.39","585664","-3.79",".66","-6.28","10.55","-34.73","1.52","10.23","436","146.61","184","Basic Materials","Mining - Non Ferrous","10.23","3"
"Centuri Holdings, Inc.","CTRI","2099.02","20.79","2258946","-13.05","-23.9","-31.2","6.33","-26.35","13.1","1.63","41.8","19.37","154","Utilities","Utility - Electric Power",".86","3"
"Cerence","CRNC","342.39","8.02","747310","-11.15","-8.69","-40.58","21.93","-36.66","-24.05","19.98","13.3","5.96","86","Computer and Technology","Computers - IT Services","-4.97","4"
"CeriBell, Inc.","CBLL","918.77","23.95","457236","-1.89","32.05","35.94","93.2","-2.35","36.09","-64.73","24.89","10.92","101","Medical","Medical - Products","-64.73","4"
"Certara","CERT","1214.21","8.14","3797525","-.5","2.71","30.07","38.16","-19.18","8.75","15.71","13.6","4.48","159","Medical","Medical - Biomedical and Genetics","-16.75","3"
"Ceva, Inc.","CEVA","751.15","27.08","1052937","-18.44","-24.14","-40.33","28.83","10.9","2.49","9.51","50.06","17.21","90","Computer and Technology","Internet - Software","-9.48","3"
"Chagee Holdings Limited - Sponsored ADR","CHA","1989.68","10.81","501782","6.8","-7.67","-17.82","11.8","-16.63","8.6","13.26","23.4","9.16","103","Consumer Staples","Beverages - Soft drinks","7.25","3"
"Champion Homes, Inc.","SKY","4968.26","91.74","752596","-1.8","11.26","27.75","82.14","-3.11","7.26","7.4","97.46","64.26","191","Construction","Building Products - Mobile Homes and RV Builders","7.16","2"
"Charles River Laboratories International","CRL","14253.87","297.64","983739","4.17","33.12","63.99","100","33.89","-.85","12.18","298.58","145.57","91","Medical","Medical Services","-5.96","2"
"Charles Schwab","SCHW","196539","112.27","6934434","2.78","9.09","28.07","100","1.75","22.01","40.46","113.65","85.35","34","Finance","Financial - Investment Bank","38.79","2"
"Charter Communications","CHTR","17927.41","155.14","2909359","4.3","14.2","5.4","16.93","-35.6","-.56","9.05","282.74","123.31","221","Consumer Discretionary","Cable Television","9.05","3"
"Chatham Lodging Trust REIT","CLDT","643.73","13.79","318639","6.24",".07","28.04","100","81.13","-6.98","4","13.79","6.23","82","Finance","REIT and Equity Trust - Other","4","3"
"Check Point Software Technologies","CHKP","13324.13","129.52","1153726","2.75","-1.69","-6.15","19.09","-37.09","6.25","48.05","206.91","112.47","32","Computer and Technology","Security","37.93","3"
"Chemours","CC","2316.18","15.77","2954310","-2.1","-9.36","-31.05","28.12","16.76",".45","1.88","27.94","10.48","93","Basic Materials","Chemical - Diversified ","-5","3"
"Cheniere Energy","LNG","57992.73","278.8","1529935","5.19","9.73","23.22","85.08","29.21","27.21","15.41","296.91","188.83","201","Oils-Energy","Oil and Gas - Exploration and Production - United States","13.57","3"
"Chevron","CVX","401259.38","199.89","8036444",".19","6.89","9.29","87.48","19.19","-6.79","9.95","211.15","146.75","216","Oils-Energy","Oil and Gas - Integrated - International","9.57","3"
"Chewy","CHWY","10030.89","24.69","6481091","10.71","12.39","9.96","28.16","-33.69","6.24","4.45","42.33","17.51","164","Retail-Wholesale","Internet - Commerce","1.99","4"
"Chime Financial, Inc.","CHYM","12379.73","33.1","9990059","3.97","49.59","70.14","97.78","16.21","30.69","-.74","33.07","16.44","101","Finance","Financial - Miscellaneous Services","-.74","1"
"Chipotle Mexican Grill","CMG","48111.19","37.43","19950236","12.62","14.52","24.45","63.65","-8.08","5.41","11.72","43.64","28.18","151","Retail-Wholesale","Retail - Restaurants","11.43","3"
"Choice Hotels International","CHH","5001.36","110.25","506018","5.9","-1.77","-.35","70.91","4.34",".75","19.4","122.08","84.4","103","Consumer Discretionary","Hotels and Motels","20.28","3"
"Chord Energy Corporation","CHRD","7913.14","140.76","757170","1.25","9.76","4.83","92.3","39.6","-7.12","17.14","149.65","84.99","201","Oils-Energy","Oil and Gas - Exploration and Production - United States","13.42","4"
"Chubb Limited","CB","133421.16","343.11","1682694","1.46","-3.64","11.64","81.46","-.89","6.54","18.41","363.5","268.2","78","Finance","Insurance - Property and Casualty","18.1","3"
"Church & Dwight Co.","CHD","24320.52","102.56","1975847","4.64","3.88","7.59","88.46","9.38","1.57","13.52","105.26","81.6","184","Consumer Staples","Consumer Products - Staples","11.96","3"
"Churchill Downs","CHDN","6322.51","88.67","1152037","1.13","2.88","1.05","24.17","-28.69","7.01","15.79","117.59","82.14","197","Consumer Discretionary","Gaming","13.82","3"
"Ciena","CIEN","52650.61","387.66","2216050","-16.45","-1.41","-34.7","52.74","42.26","18.79","11.97","627","87.36","43","Computer and Technology","Communication - Components","7.87","3"
"Cigna Group","CI","74106.24","279.32","1883553","1.86","-3.63","2.28","54.12","-8.85","11.24","2.96","311","244.41","25","Medical","Medical - HMOs","2.27","3"
"Cincinnati Financial","CINF","26276.98","171.42","594431",".09","-7.07","9.17","48.77","-6.23","11.41","13.13","192.03","151.39","78","Finance","Insurance - Property and Casualty","23.84","3"
"Cinemark","CNK","4451.02","37.4","2654992","2.35","14.08","23.75","100","47.8","2.15","6.44","38.4","21.93","54","Consumer Discretionary","Film and Television Production and Distribution","6.44","3"
"Cintas","CTAS","82995.16","204.76","2074471","4.84","-1.7","19.95","82.77","-1.36","8.94","17.86","216.53","163.55","93","Consumer Discretionary","Textile - Apparel","17.75","3"
"Cipher Digital Inc.","CIFR","6374.87","16.31","37979032","-16.97","-29.05","-36.03","40.64","-6.91","48.04","-585.75","29.18","5.9","166","Business Services","Technology Services","-585.75","4"
"Circle Internet Group, Inc.","CRCL","22269.99","92.02","13446174","17.6","33.58","-16.43","37.4","-1.05","63.86","15.53","150.48","50.23","101","Finance","Financial - Miscellaneous Services","15.53","3"
"Cisco Systems","CSCO","434464.34","111.11","22860960","-2.36","-3.79","-9.15","68.85","28","11.77","27.24","130","66.53","83","Computer and Technology","Computer - Networking","20.95","2"
"Citigroup","C","224658.59","133.25","9156674","-4.9","-1.04","2.04","73.72",".97","-1.44","21.57","145.67","92.59","34","Finance","Financial - Investment Bank","10.23","2"
"Citizens Financial Group","CFG","29579.25","69.83","3229378","-5.49","-1.22","15.55","82.92","7.55","-2.47","24.36","74.73","48.39","64","Finance","Banks - Northeast","17.18","3"
"Clean Harbors","CLH","16561.47","308.48","528776","-3.78","3.97","11.65","89.89","19.69","2.39","7.03","326.34","201.73","172","Business Services","Waste Removal Services","7.03","3"
"Cleanspark","CLSK","3063.83","12.75","21976288","-3.79","-14.94","-36.58","24.97","5.45","102.21","-36.38","23.2","8.18","101","Finance","Financial - Miscellaneous Services","-146.9","3"
"ClearPoint Neuro","CLPT","462.75","16.96","627328","-2.13","3.9","20.02","31.09","-.81","17.78","-81.76","29.6","8.66","149","Medical","Medical - Instruments","-81.76","4"
"Clearway Energy","CWEN","6626.27","32.49","1192969","-5.48",".53","-20","32.83","-13.19","4.23","5.78","41.26","27.89","154","Oils-Energy","Alternative Energy - Other","5.78","3"
"ClevelandCliffs","CLF","6447.1","11.52","19125932","-8.2","-7.76","-16.79","41.63","-23.89","-3","-4.16","16.18","7.82","157","Basic Materials","Steel - Producers","-4.56","3"
"Clorox","CLX","12960.18","104.93","2718955","1.16","10.02","20.29","51.29","-4.93","-5.41","10.04","127.16","86.12","184","Consumer Staples","Consumer Products - Staples","8.74","4"
"Cloudflare","NET","99094.27","277.58","4119476","-8.68","5.55","3.52","70.42","27.2","29.85","16.33","330.83","160.19","90","Computer and Technology","Internet - Software","-8.21","3"
"CoStar Group","CSGP","13306.69","32.81","6985161","4.75","12.58","-3.01","8.9","-56.31","18.67","12.65","91.22","27.14","86","Computer and Technology","Computers - IT Services","2.08","3"
"Coca-Cola","KO","395791.47","91.64","15878114","5.76","9.42","16.98","100","17.7","1.87","27.84","91.99","65.67","103","Consumer Staples","Beverages - Soft drinks","28.56","3"
"Coeur Mining","CDE","21463.28","21.59","39251288","8.13","35.94","8.07","59.5","4.75","96.41","23.67","27.15","11.67","184","Basic Materials","Mining - Non Ferrous","26.82","4"
"Cogent Communications","CCOI","486.04","9.88","1874712","-11.72","-22.34","-46.35",".89","-60.63","-5.82","-15.75","45.1","9.17","189","Computer and Technology","Wireless National","-4.73","2"
"Cognex","CGNX","9847.82","59.82","2468818","-12.1","-4.49","-9.44","63.1","45.54","8.73","21.64","72.42","34.8","8","Computer and Technology","Electronics - Testing Equipment","16.05","2"
"Cognizant Technology Solutions","CTSH","28017.63","63.06","9359024","9.87","32.2","8.82","48.93","-32.97","6.95","12.16","86.7","38.73","86","Computer and Technology","Computers - IT Services","10.26","3"
"Cognyte Software","CGNT","631.11","8.37","504091","-4.58","-1.95","-30.23","37.29","-18.73","14.09","4.41","12.24","6.34","90","Computer and Technology","Internet - Software","-.66","3"
"Cohu","COHU","2428.46","50.61","1177022","-18.08","7.3","-5.87","59.02","97.2","12.74",".88","73.91","18.74","25","Computer and Technology","Electronics - Manufacturing Machinery","-7.43","3"
"Coinbase Global","COIN","47353.45","187.16","9735590","19.22","7.16","-1.71","15.59","-29.01","9.4","7.13","387.27","141.09","101","Finance","Financial - Miscellaneous Services","-15.72","4"
"ColgatePalmolive","CL","73778.34","91.33","4621255","2.59",".62","4.66","72.72","4.77","1.4","14.65","99.14","74.98","184","Consumer Staples","Consumer Products - Staples","9.68","3"
"Collegium Pharmaceutical","COLL","890.4","27.47","777641","-2.57","-23","-13.94","6.84","-47.16","23.62","38.63","49.84","25.7","150","Medical","Medical - Drugs","5.93","3"
"Columbia Financial","CLBK","3177.94","11.655","5269444",".94","8.66","30.34","99.46","49.3","3.85","22.13","11.82","6.24","101","Finance","Financial - Miscellaneous Services","11.19","2"
"Columbia Sportswear","COLM","3072.54","58.94","773238","5.24","-5.33","-8.98","59.06","-2.45",".85","5.38","67.79","48.96","93","Consumer Discretionary","Textile - Apparel","6.05","3"
"Columbus McKinnon","CMCO","518.11","17.79","739855","-5.92","9.58","15.29","52.29","-6.92","23.93","5.15","23.27","12.12","8","Industrial Products","Manufacturing - Material Handling","-21.25","1"
"Comcast","CMCSA","95884.16","27.1","25480406","5.67","18.51","7.86","41.7","-19.14","-.02","11.02","34.15","21.92","221","Consumer Discretionary","Cable Television","8.97","3"
"Comfort Systems USA","FIX","56651.96","1561.96","443074","-14.43","-6.98","-9.97","66.83","54.28","29.52","12.77","2066.51","689.48","44","Construction","Building Products - Air Conditioner and Heating","12.77","1"
"CommVault Systems","CVLT","5434.63","131.16","682993","-9.14","-12.26","7.14","46.54","-6.43","18.89","17.1","195.41","75.18","91","Computer and Technology","Computer - Software","5.62","3"
"Commerce Bancshares","CBSH","8409.43","58.23","955115","-1.81","-.63","13.95","72.39",".2","2.44","31.29","62.88","47.49","52","Finance","Banks - Midwest","26.07","2"
"Commercial Metals","CMC","7176.2","66.85","1146678","-10.81","-4.66","-14.36","34.17","-16.17","-1.61","7.73","83.21","55.35","157","Basic Materials","Steel - Producers","6.72","3"
"Community Healthcare Trust","CHCT","433.53","15.02","387101","3.14","-19.61","-12.29","31.87","-17.58","4.67","16.81","19.02","13.31","82","Finance","REIT and Equity Trust - Other","16.81","2"
"Compass","COMP","8749.38","11.8","10739871","-6.78","-2.12","36.69","70.58","-2.26","23.67",".63","13.58","6.68","90","Computer and Technology","Internet - Software",".63","3"
"Compass Diversified Holdings","CODI","868.97","11.52","801372","-4.55","15.04","5.1","85.61","115.24","-14.77",".6","12.71","4.65","103","Finance","Financial - Investment Funds","-5.38","3"
"Compass Minerals International","CMP","1028.53","24.57","545920","-4.89","-17.7","-26.89","46.91","11.59","11.32","2.55","33.51","16.54","93","Basic Materials","Chemical - Diversified ","1.42","2"
"Comstock Resources","CRK","4192.9","14.17","2177484","5.39","9.85","6.41","12.68","-44.89","77.12","5.58","27.37","12.38","201","Oils-Energy","Oil and Gas - Exploration and Production - United States","23.31","4"
"Concentra Group Holdings Parent, Inc.","CON","4461.85","34.78","959965","-1.52","9.72","38.57","96.79","59.04","13.85","8.93","35.53","18.71","91","Medical","Medical Services","8.69","2"
"Concentrix","CNXC","1588.31","26.87","1170019","11.57","5.99","-13.32","14.01","-44","2.15","6.99","57.1","20.97","197","Business Services","Business - Services","-13.16","4"
"ConnectOne Bancorp","CNOB","1619.8","32.02","388080","-1.8","-1.92","8.49","82.25","9.82","27.18","35.1","34.11","23.29","64","Finance","Banks - Northeast","20.21","3"
"ConocoPhillips","COP","160198.36","131.84","7025139","4.54","15.38","15.38","96.87","27.42","8.07","14.62","134.89","85.66","204","Oils-Energy","Oil and Gas - Integrated - United States","14.22","3"
"Consolidated Edison","ED","39834.24","107.09","2375789","-1.17","-3.4","3.97","61.35","-2.99","10.89","11.89","115.46","95.41","154","Utilities","Utility - Electric Power","12.53","3"
"Constellation Brands","STZ","23499.11","135.01","1810356","5.39","6.08",".99","24.89","-10.78","-10.96","23.11","167.62","127.65","209","Consumer Staples","Beverages - Alcohol","18.87","3"
"Constellation Energy Corporation","CEG","96878.27","278.42","2739960","-1.71","1.27","2.91","22.05","-30.77","8.34","11.39","403.95","236.5","154","Oils-Energy","Alternative Energy - Other","11.08","3"
"Constellium","CSTM","3609.1","27.08","1571621","-11","-9.76","-23.23","57.54","26.37","15.19","5.69","36.15","13.73","184","Industrial Products","Metal Products - Distribution","5.69","3"
"Construction Partners","ROAD","6157.41","109.69","774892","-9.94","3.27","-5.45","31.89","-10.6","54.2","4.5","140.48","93.51","166","Construction","Building Products - Miscellaneous","4.1","3"
"Controladora Vuela Compania de Aviacion, B. de C.V.","VLRS","809.19","7.13","501524","-8.68","-11.14","-9.04","22.48","-30.09","-3.31","-5.71","10.63","5.87","151","Transportation","Transportation - Airline","-5.71","3"
"Copart","CPRT","30792.49","33.33","11398838","4.92","11.65","2.91","26.71","-24.01","9.68","33.48","49.97","27.17","56","Business Services","Auction and Valuation Services","33.48","4"
"CorMedix","CRMD","645.38","8.56","1467054","7.95","8.95","-2.01","23.66","-36.32","617.03","36.76","14.83","6.25","159","Medical","Medical - Biomedical and Genetics","40.49","2"
"Corcept Therapeutics","CORT","13322.05","123.57","1139785","5.18","35.25","74.96","100","216.78","12.79","6.52","123.24","32.15","150","Medical","Medical - Drugs","6.52","3"
"Core & Main","CNM","8590.35","44.08","1818922","-2.1","1.7","-9.56","8.21","-23.6","2.77","7.12","66.98","42.37","103","Industrial Products","Manufacturing - Tools & Related Products","5.87","3"
"Core Natural Resources, Inc.","CNR","4775.5","96.98","587560",".35","16.62","3.26","60.86","-2.77","86.23",".02","113.23","69.75","103","Oils-Energy","Coal","2.34","1"
"Core Scientific, Inc.","CORZ","5549.55","18.03","14737515","-14.21","-16.73","-39.51","23.83","6.1","-37.53","-71.01","29.16","13.55","101","Finance","Financial - Miscellaneous Services","-325.5","3"
"CoreWeave Inc.","CRWV","39577.68","88.04","33346204","-18.63","21.84","-30.9","30.91","7.74","167.94","-19.51","143.08","60.82","90","Computer and Technology","Internet - Software","-25.41","3"
"Corebridge Financial, Inc.","CRBG","14246.89","31.83","4981947","-3.68",".72","20.29","76.18","-5.24","4.52","10.61","34.98","22.3","85","Finance","Insurance - Multi line","4.37","3"
"Corning","GLW","125375.08","147.16","13510315","-15.97","1.53","-17.63","42.28","48.69","19.14","14.08","255.69","64.89","43","Computer and Technology","Communication - Components","11.2","3"
"Corpay, Inc.","CPAY","27177.82","412.37","569082","1.55","9.01","13.67","93.35","23.04","13.93","33.67","425.24","255","151","Business Services","Financial Transaction Services","22.72","3"
"Corsair Gaming","CRSR","1180.21","11.84","2309163","-10.87","3.61","-4.97","64.79","64.29","11.86","7.42","14.35","4.58","197","Consumer Discretionary","Gaming","2.36","2"
"Corteva","CTVA","55250.5","83.05","5288441","8.95","-5.45","6.6","73.91","10.51","2.92","14.27","90.51","61","179","Consumer Staples","Agriculture - Operations","5.66","3"
"Costco Wholesale","COST","430795.34","960.01","1872004","1.88","2.08","2.67","49.69",".76","8.17","2.99","1094.32","850","23","Retail-Wholesale","Retail - Discount Stores","3.01","3"
"Coupang","CPNG","29551.09","16.69","18423942","4.58","3.2","-1.08","7.17","-37.66","14.09","-1.01","33.53","15.12","164","Retail-Wholesale","Internet - Commerce","-2.16","4"
"Coursera","COUR","1591.69","6.19","6626729","8.66","6.93","3.79","13.32","-26.84","9.04","9.1","12.07","5.09","166","Business Services","Technology Services","-15.39","3"
"Cousins Properties","CUZ","4939.71","30.2","1714858","2.84","-6.39","13.67","79.11","4.13","16",".63","32.3","21.34","82","Finance","REIT and Equity Trust - Other",".62","3"
"Covista Inc.","CVSA","4518.99","136.38","357366",".33","10.43","8.76","66.68","14.77","9.27","15.08","154.45","89.36","157","Consumer Discretionary","Schools","12.87","3"
"Cracker Barrel Old Country Store","CBRL","1296.83","58.27","755897","-1.73","10.66","65.49","88.45","104.33",".37",".37","62.33","25.02","151","Retail-Wholesale","Retail - Restaurants",".79","1"
"Crane Company","CR","11925.95","206.11","450658","-5.61","-8.88","13.34","69.33",".07","8.16","14.97","226.44","160.86","75","Industrial Products","Manufacturing - General Industrial ","12.97","2"
"Crane NXT, Co.","CXT","2866.55","50.15","566312","-1.05","-8.15","36.74","41.7","-5.36","11.43","13.68","68.91","36.13","166","Business Services","Technology Services","7.78","3"
"Credo Technology Group","CRDO","41511.85","226.51","4965921","-21.29","6.95","-1.54","62.78","38.39","205.68","49.55","302.52","87.81","45","Computer and Technology","Electronics - Semiconductors","35.37","3"
"Crescent Energy Company","CRGY","4576.09","13.45","5816705","9.14","32.16","14.46","96.67","47.66","22.14","15.24","14.06","7.75","154","Oils-Energy","Alternative Energy - Other","1.27","3"
"Crexendo","CXDO","208.5","6.31","376334","-4.27","-9.39","-40.12","13.76","-13.32","12.05","16.27","10.47","5.6","169","Computer and Technology","Internet - Services","5.31","3"
"Cricut","CRCT","1183.36","5.87","965746","2.54","26.12","28.7","61.61","2.1","-.53","12.71","6.84","3.74","166","Business Services","Technology Services","12.71","1"
"Criteo","CRTO","837.37","17.3","645893","-4.1","-18.03","-10.57","13.71","-25.83",".6","19.1","24.83","15.86","179","Computer and Technology","Internet - Software and Services","5.6","4"
"Crocs","CROX","6033.41","122.89","1086952","-3.18","-6.47","5.5","77.36","31.62","-1.5","16.1","141.19","73.39","93","Consumer Discretionary","Textile - Apparel","14.64","3"
"CrowdStrike","CRWD","194161.67","185.38","7683417","-10.86","5.87","-2.49","74.74","45.54","21.71","20.72","225.53","87.56","32","Computer and Technology","Security","-.89","3"
"Crown Castle Inc.","CCI","32504.79","76.29","3599479","2.63","3.06","-16.07","9.24","-23.1","-35.08","25.78","103.79","73.61","82","Finance","REIT and Equity Trust - Other","20.71","3"
"Crown Holdings","CCK","13025.16","120.43","835631","3.03","1.11","26.68","92.55","4.04","4.78","7.09","122.14","90.21","66","Industrial Products","Containers - Metal and Glass","5.91","2"
"CryoPort","CYRX","827.61","16.72","574615","6.66","7.85","2.19","91.61","52.25","-22.86","-17.65","17.13","7.72","91","Medical","Medical Services","-20.05","2"
"CubeSmart","CUBE","9211.39","40.62","2135082","-.56","-3.24","4.02","77.73","1.51","20.88","29.41","42.5","35.36","82","Finance","REIT and Equity Trust - Other","29.41","3"
"Cullen/Frost Bankers","CFR","10216.64","163.38","572474","-2.19",".31","23.8","88.67","16.12","2.46","28.66","170.08","119.85","103","Finance","Banks - Southwest","23.34","3"
"Cummins","CMI","78691.77","572.67","1008947","-10.85","-13.63","-11.17","53.51",".17","-1.27","9.8","727.59","392.13","103","Auto-Tires-Trucks","Automotive - Internal Combustion Engines","7.82","3"
"Curbline Properties Corp.","CURB","3425.83","30.08","1364988","-.7","-5.58","3.87","79.59","14.77","51.3","13.1","31.75","22.1","103","Finance","REIT and Equity Trust - Retail","13.1","2"
"CurtissWright","CW","22713.57","609.71","353253","-11.65","-17.32","-14.59","43.53","-.21","12.08","14.67","792.77","477.94","35","Aerospace","Aerospace - Defense Equipment","14.81","3"
"Cushman & Wakefield","CWK","3436.21","14.85","1803210","3.9","11.59","16.75","52.59","-19.11","8.91","2.9","17.2","11.8","182","Finance","Real Estate - Operations",".64","3"
"Custom Truck One Source","CTOS","2222.73","9.65","1183323","-6.86","-8.78","3.28","66.82","51.72","7.86","1.05","11.97","5.34","179","Auto-Tires-Trucks","Automotive - Original Equipment","1.05","1"
"D.R. Horton","DHI","41667.1","150.8","2146174",".42",".89","1.35","31.92","-7.48","-6.93","9.15","184.04","132.53","103","Construction","Building Products - Home Builders","9.15","3"
"DAVE INC","DAVE","4525.53","349.47","464803","3.91","-12.54","25.56","69.39","43.34","59.67","34.74","442.53","155.92","166","Business Services","Technology Services","34.58","3"
"DICK'S Sporting Goods","DKS","16050.49","124.31","1755215","-8.62","-12.78","-17.34","0","-18.97","28.06","5.79","239.17","179.33","103","Retail-Wholesale","Retail - Miscellaneous","4.71","3"
"DLocal Limited","DLO","4459.37","15.53","2513731","8.7","1.07","25.79","85.27","-4.35","46.6","16.65","15.83","11.01","151","Business Services","Financial Transaction Services","15.04","2"
"DNOW INC","DNOW","2796.76","15.76","2748162","-4.21","9.02","19.64","75.65","4.44","18.84","1.84","16.87","11.12","75","Industrial Products","Manufacturing - General Industrial ","-4.58","3"
"DT Midstream","DTM","12827.4","126.74","1014493","-6.86","-10.44","-9.11","49.54","-6.02","26.71","35.72","151.12","100.82","204","Oils-Energy","Oil and Gas - Integrated - United States","35.72","3"
"DTE Energy","DTE","28229.23","136.14","1346024","-3.89","-7.86","-2.98","29.94","-5.92","26.95","9.06","154.43","127.64","154","Utilities","Utility - Electric Power","8","3"
"DXC Technology","DXC","1698.45","10.89","3734030","2.31","2.61","3","33.43","-35.1","-1.76","4.15","15.43","8.22","86","Computer and Technology","Computers - IT Services",".99","3"
"DaVita","DVA","11260.7","177.8","1044685","-.11","-25.31","-7.01","52.98","38.97","6.46","6.35","240.96","103.87","45","Medical","Medical - Outpatient and Home Healthcare","6.05","3"
"Daktronics","DAKT","917.41","19.11","421808","-4.71","-3.99","-6.54","24.35","-14.03","10.87","6.16","27.73","16.19","72","Computer and Technology","Electronics - Miscellaneous Products","5.41","4"
"Danaher","DHR","151219.33","215.97","4165074","6.16","9.47","19.59","66.38","-15.95","2.9","23","242.05","161.91","91","Medical","Medical Services","15.95","3"
"Darden Restaurants","DRI","25731.43","220.41","1121094",".03","10.51","11.71","96.37","9.64","9.39","9.37","227.68","169.21","151","Retail-Wholesale","Retail - Restaurants","9.13","4"
"Darling Ingredients","DAR","9834.28","62.58","2609148","-7.91","2.96","3.11","84.33","54.85","7.36","9.83","68.34","29.91","212","Consumer Staples","Food - Miscellaneous","9.13","2"
"Datadog","DDOG","81068.38","222.99","5376385","-8.71","-10.36","-18.64","66.38","48.51","27.68","22.02","288.15","102.61","90","Computer and Technology","Internet - Software","4.48","3"
"Dauch Corporation","DCH","1534.93","6.43","3169915","-5","15.98","1.57","35.04","-9.85","-4.71","2.12","9","5.09","179","Auto-Tires-Trucks","Automotive - Original Equipment","-2.01","3"
"Dave & Buster's Entertainment","PLAY","362.5","10.07","1373561","2.66","-.1","-18.47","5.38","-42.5","-1.4","-1.41","25.89","9.54","151","Retail-Wholesale","Retail - Restaurants","-3.09","4"
"Deckers Outdoor","DECK","12539.63","88.74","2262989","2.19","-5.78","-16.91","28.26","-20.55","9.76","18.54","123.91","79.54","78","Retail-Wholesale","Retail - Apparel and Shoes","18.54","3"
"Deere & Company","DE","175092.22","630.66","1227752","8.12","3.78","19.58","93.8","24.62","-11.66","11.78","662.49","439.11","103","Industrial Products","Manufacturing - Farm Equipment","10.16","3"
"Delcath Systems","DCTH","581.21","16.92","747399","-1.76","40.28","58.02","93.35","48.35","129.08",".56","17.36","8.19","149","Medical","Medical - Instruments",".56","1"
"Delek US Holdings","DK","4168.69","67.59","1475922","1.29","5.65","48.13","93.06","105.32","-9.53","3.88","71.47","22.64","22","Oils-Energy","Oil and Gas - Refining and Marketing","1.86","1"
"Dell Technologies","DELL","280753.91","451.5","5759607","-9.72","1.47","-7.03","84.01","207.82","18.8","6.83","494.51","111.07","75","Computer and Technology","Computer - Micro Computers","6.28","1"
"Delta Air Lines","DAL","54240.75","83.62","4735689","-5.83","-4.83","1.24","70.59","6.31","2.79","5.55","93.66","55.65","151","Transportation","Transportation - Airline","5.79","2"
"Deluxe","DLX","1104.22","23.93","472221","-.78","-9.95","-1.67","44.06","-3.54",".54","8.65","31.9","17.92","103","Business Services","Business - Office Products","4.91","3"
"Dentsply Sirona","XRAY","2170.96","10.97","4599541","-2.68","-16.36","8.68","24.8","-14.78","-2.98","7.85","14.68","9.64","72","Medical","Medical - Dental Supplies","-14.99","3"
"Designer Brands","DBI","297.05","5.52","395665",".69","-.17","-28.66","45.03","-29.57","-3.87",".85","9.11","3.18","78","Retail-Wholesale","Retail - Apparel and Shoes",".35","3"
"Deutsche Bank","DB","74534.8","39.04","1773870",".79","8.23","19.35","84.03","-10.88","-4.17","21.08","40.33","28.37","86","Finance","Banks - Foreign","11.53","3"
"Deutsche Telekom","DTEGY","166727.44","34.1","716144","3.13","10.93","1.25","51.62","-7.02","7.51","8.42","40.28","27.28","219","Utilities","Diversified Communication Services","7.18","3"
"Devon Energy","DVN","53053","46.91","10867654","1.39","11.75","4.15","81.11","17.78","7.83","16.7","52.07","31.74","201","Oils-Energy","Oil and Gas - Exploration and Production - United States","16.67","3"
"DexCom","DXCM","34362.47","89.16","5738995","2.59","24.11","21.62","96.59","22.73","15.6","19.98","92.34","54.84","149","Medical","Medical - Instruments","20.12","3"
"DiamondRock Hospitality","DRH","2606.68","12.87","2632308","3.07","-1.32","15.92","89.12","27.19","-.83","13.52","13.38","7.5","82","Finance","REIT and Equity Trust - Other","13.52","1"
"Diamondback Energy","FANG","57573.01","199.89","1828131","-.33","5.01","3.3","89.78","22.34","35.79","25.87","213.69","134.53","201","Oils-Energy","Oil and Gas - Exploration and Production - United States","8.58","3"
"Diebold Nixdorf, Incorporated","DBD","2335.52","67.79","318653","-1.29","-24.18","-16.99","38.77","-9.35","1.46","5.76","90.75","54.9","90","Computer and Technology","Internet - Software","2.87","3"
"Digi International","DGII","2805.13","75.92","392284","-11.3","9.2","7.99","78.36","52.74","1.46","18.9","85.24","32.92","83","Computer and Technology","Computer - Networking","9.63","2"
"Digital Realty Trust","DLR","69951.81","192.32","2075082","-4.73","-3.68","1.92","72.56","9.02","10.04","11.8","203.91","147.93","82","Finance","REIT and Equity Trust - Other","11.8","3"
"Digital Turbine","APPS","1299.71","10.83","4184423","-12.26","25.03","15.48","68.45","92.14","15.24","13.67","14.39","2.82","90","Computer and Technology","Internet - Software","-4.46","2"
"DigitalOcean","DOCN","11640.78","112.57","3157735","-17.55","-7.2","-35.69","53.9","107.34","15.48","20.5","181.29","29.99","90","Computer and Technology","Internet - Software","23.26","3"
"Dime Community Bancshares","DCOM","1784.37","40.39","320728","-1.15",".52","9.48","91.67","20.13","13.03","27.7","41.74","25.78","75","Finance","Banks - Southeast","17.17","3"
"Diodes","DIOD","4133.14","92.95","715020","-16.56","4.48","-11.98","58.94","62.71","13.04","5.21","122.76","42.36","45","Computer and Technology","Electronics - Semiconductors","5.27","2"
"Disney","DIS","190988.84","111.25","10777375","6.87","14.44","7.55","68.8","-13.03","3.35","11.53","118.86","92.42","162","Consumer Discretionary","Media Conglomerates","8.7","3"
"Diversified Healthcare Trust","DHC","1937.03","8.08","1868075","-3.5","-14.98","-2.56","73.03","47.55","2.84","-17.73","9.64","3.56","82","Finance","REIT and Equity Trust - Other","-17.73","3"
"Docusign","DOCU","11945.5","60.54","2916820","4.58","18.24","9.72","48.1","-18.19","8.16","25.17","85.01","41.75","90","Computer and Technology","Internet - Software","9.59","3"
"Dolby Laboratories","DLB","6186.82","66.12","930680","7.66","28.83","17.8","64.7","-8","5.92","29.18","75.62","48.51","174","Consumer Discretionary","Audio Video Production","16.7","3"
"Dole","DOLE","1271.42","13.54","1174709","4.1","-4.2","-4.81","21.14","-19.68","8.23","1.09","16.37","12.68","179","Consumer Staples","Agriculture - Operations",".63","2"
"Dollar General","DG","27646.12","122.58","1928856","4.37","1.71","14.01","48.74","-15.56","5.2","3.63","156.24","95.94","23","Retail-Wholesale","Retail - Discount Stores","3.63","2"
"Dollar Tree","DLTR","26279.88","134.48","1911409","5.57","8.93","22.81","92.06","-.56","10.43","6.39","141.21","85.04","23","Retail-Wholesale","Retail - Discount Stores","6.51","3"
"Dominion Energy","D","58585.22","66.93","3523369","-3.14","-5.21","3.1","65.23","1.69","14.16","17.06","71.69","57.08","154","Utilities","Utility - Electric Power","13.98","4"
"Domino's Pizza","DPZ","11545.86","349.91","763317","4.05","1.6","11.25","35.81","-25.1","4.96","11.86","467.3","283.03","151","Retail-Wholesale","Retail - Restaurants","11.86","3"
"Donaldson","DCI","10713.66","93.26","635914","-2.38","-.82","13.01","50.54","-6.75","2.92","11.95","110.57","73.89","213","Industrial Products","Pollution Control","11.52","3"
"DoorDash","DASH","99250.7","233.5","4518885","7.68","24.24","39.01","61.02","-9.53","27.93","5.29","281.74","146.6","169","Computer and Technology","Internet - Services","5.29","3"
"Dorman Products","DORM","3890.18","130.46","325282","-1.95","-3.92","6.83","46.46","-4.81","6.03","13.35","166.34","100.5","221","Auto-Tires-Trucks","Automotive - Replacement Parts","10.18","2"
"DoubleVerify","DV","2061.32","13.32","5424131","0","21.46","26.19","61.23","3.99","13.92","19.57","16.27","8.61","90","Computer and Technology","Internet - Software","7.66","3"
"Douglas Dynamics","PLOW","960.93","41.68","338951","-.81","-7.07","-5.19","48.92","14.08","15.4","8.83","54.2","29.61","221","Auto-Tires-Trucks","Automotive - Replacement Parts","7.52","3"
"Douglas Emmett","DEI","2001.45","12.16","1668833","3.02","-1.4","3.2","35.83","-2.74","1.77","-2.27","16.91","9.18","82","Finance","REIT and Equity Trust - Other","-2.27","4"
"Dover","DOV","27423.59","202.06","981170","-1.38","-1.08","-1.89","58.85","-6.71","4.48","16.46","233.31","161.16","75","Industrial Products","Manufacturing - General Industrial ","13.48","3"
"Dow","DOW","22710.39","30.16","8925310",".32","9.36","-9.37","50.85","20.29","-6.97","1.4","41.87","20.65","93","Basic Materials","Chemical - Diversified ","-3.13","3"
"Doximity","DOCS","4509.62","24.74","8059177","3.18","20.53","12.19","12.77","-48.89","13.05","43.6","75.12","18.01","99","Medical","Medical Info Systems","25.48","3"
"Dr. Reddys Laboratories","RDY","10199.63","12.34","2607090",".91","3.82","-7.84","21","-22.15","-6.06","10.76","15.38","11.38","174","Medical","Medical - Generic Drugs","10.15","4"
"DraftKings","DKNG","12892.91","25.79","12827245","2.65","7.71","-1.37","19.08","-32.59","26.99","3.57","48.23","20.72","197","Consumer Discretionary","Gaming","-2.68","3"
"Driven Brands Holdings","DRVN","2149.69","13.16","802843","2.16","-9.33","-4.05","30.64","-21.35","-20.39","10.61","19.21","10.3","80","Retail-Wholesale","Automotive - Retail and Wholesale - Parts","8.61","2"
"DuPont de Nemours","DD","18456.32","136.04","1749993","-4.47","-2.35","-4.28","22.88","1.36","-44.7","13.72","246.51","104.08","93","Basic Materials","Chemical - Diversified ",".67","3"
"Duke Energy","DUK","95100.28","121.59","4839792","-1.3","-5.32","1.73","40.96","-6.92","6.19","15.81","133.46","114","154","Utilities","Utility - Electric Power","15.78","3"
"Duolingo","DUOL","6870.1","146.04","1434185","12.81","10.56","24.47","22.08","-25.16","38.71","14.41","347.27","90.03","166","Business Services","Technology Services","35.88","3"
"Duos Technologies Group, Inc.","DUOT","301.15","10.22","1361093","-.1","27.74","-27.88","49.42","-18.34","271.16","-48.54","14.64","6","166","Business Services","Technology Services","158.99","3"
"Dutch Bros","BROS","9074.71","51.08","4523037","3.03","-20.93","-11.79","19.09","-24.09","27.88","5.82","74.24","46.69","151","Retail-Wholesale","Retail - Restaurants","4.91","3"
"Dycom Industries","DY","11440.48","351.8","433975","-12","-10.2","-22.87","46.79",".85","17.95","6.38","535.2","245.31","71","Construction","Building Products - Heavy Construction","4.98","4"
"Dynatrace","DT","14175.55","50.07","6893521","3.02","12.19","10.3","89.78","1.24","18.82","25.34","50.95","32.36","86","Computer and Technology","Computers - IT Services","7.22","3"
"EMCOR Group","EME","33739.66","739.87","416602","-11.32","2.98","-7.95","50.62","11.84","16.62","7.14","943.75","581.58","71","Construction","Building Products - Heavy Construction","7.74","1"
"EOG Resources","EOG","78789.53","146.83","2856573","2.78","7.06","9.95","94.46","27.95","-4.5","26.65","153.05","101.78","201","Oils-Energy","Oil and Gas - Exploration and Production - United States","25.44","3"
"EPAM Systems","EPAM","5739.57","111.85","1812897","12.69","18.15","2.3","24.23","-51.42","15.42","12.18","221.4","76.04","86","Computer and Technology","Computers - IT Services","7.15","3"
"EPR Properties","EPR","4639.44","60.33","780792",".1","-4.52","7.76","75.91","8.56","2.91","41.39","64.32","48.71","103","Finance","REIT and Equity Trust - Retail","35.45","3"
"EQT","EQT","33646.51","54","6107146","1.47","3.44","-2.66","25.89","-10.23","63.92","29.58","67.93","48.85","201","Oils-Energy","Oil and Gas - Exploration and Production - United States","28.44","3"
"ESAB Corporation","ESAB","4926.8","80.46","738362","-3.51","-10.27","-12.36","1.19","-36.55","3.71","11.44","134.82","78.58","221","Industrial Products","Metal Products - Procurement and Fabrication","5.75","4"
"EXL Service","EXLS","5709.73","37.45","2691825","8.97","31.86","23.11","62.96","-20.63","13.56","12.48","44.98","25.22","86","Computer and Technology","Computers - IT Services","11.17","3"
"EXPEDIA GROUP","EXPE","40701.56","337.97","1653239","6.48","21.83","48.5","100","7.07","7.61","15.23","339.13","188.51","191","Consumer Discretionary","Leisure and Recreation Services","12.97","3"
"EZCORP","EZPW","2153.59","35.23","1191056","19.67","15.3","13.21","97.26","61.44","9.7","9.73","35.59","15.85","65","Finance","Financial - Consumer Loans","9.97","3"
"Eagle Materials","EXP","6265.44","198.87","458409","-.61","-5.74","-7.58","45.06","-11.6","2.13","17.32","242.26","173.07","199","Construction","Building Products - Concrete and Aggregates","17.32","3"
"East West Bancorp","EWBC","17662.2","129.43","604995","-4.88","-.75","6.83","81.82","2.6","3.18","46.27","136.6","94.31","182","Finance","Banks - West","30.45","3"
"EastGroup Properties","EGP","10881.57","202.78","484198","-.58","-4.02","3.86","64.91","1.61","12.67","40.47","223.38","163.48","82","Finance","REIT and Equity Trust - Other","40.47","3"
"Easterly Government Properties","DEA","1181.15","25.1","379473","1.75","-.99","6.03","86.79","5.36","11.27","2.86","25.63","20.56","82","Finance","REIT and Equity Trust - Other","2.86","3"
"Eastern Bankshares","EBC","5173.5","22.36","2376351","-4.27","-1.99","16.34","87.05","9.88","22.11","32.41","23.65","15.85","64","Finance","Banks - Northeast","25.12","3"
"Eastman Chemical","EMN","8314.1","72.02","1061019","-1.73","7.4","-3.71","65.31","1.87","-6.71","6.44","81.36","56.37","93","Basic Materials","Chemical - Diversified ","4.99","3"
"Eaton","ETN","158727.44","409.2","2329780","-10.26","2.52","2.15","64.42","14.77","10.33","16.05","459.96","315.82","83","Industrial Products","Manufacturing - Electronics","12.75","3"
"EchoStar","ECHO","24784.67","86.52","4345473","-7.77","-1.58","-33.04","50.59","-29.79","-5.18","-.71","141.8","27.5","221","Computer and Technology","Satellite and Communication","-38.71","3"
"Ecolab","ECL","80448.71","289.54","1458764","4.04","5.75","14.58","65.87","-2.22","2.16","13.38","308.35","245.73","100","Basic Materials","Chemical - Specialty","12.57","4"
"Ecopetrol","EC","35627.62","16.79","1908531","-1.92","9.68","6.65","93.97","54.71","-9.86","11.46","17.89","8.61","216","Oils-Energy","Oil and Gas - Integrated - International","11.46","4"
"Ecovyst Inc.","ECVT","1102.35","10.13","1335057","-3.08","-17.73","-22.72","31.28","-7.42","2.7","10.34","14.97","7.84","100","Basic Materials","Chemical - Specialty","-7.05","2"
"Edgewell Personal Care","EPC","1307.08","28.95","589310","1.07","1.98","59.24","90.54","48.79","-1.34","4.18","29.66","15.91","184","Consumer Staples","Consumer Products - Staples","-4.55","3"
"Edison International","EIX","28464.69","74.78","3577511","3.74","-5.94","7.06","77.32","10.24","9.76","14.84","80.38","52.12","154","Utilities","Utility - Electric Power","20.3","3"
"Edwards Lifesciences","EW","52109.9","90.87","3415952","-.34","8.98","2.65","79.23","-5.04","11.55","25.04","95.18","72.65","149","Medical","Medical - Instruments","15.43","3"
"Elanco Animal Health","ELAN","12200.76","25.09","8654602","3.43","-3.9","3.17","74.5","-3.47","6.22","10.68","26.84","17.35","45","Medical","Medical - Outpatient and Home Healthcare","-3.96","3"
"Elastic","ESTC","8652.93","80.4","2286298","-.24","35.92","22.3","78.05","-1.3","17.26","15.83","94.47","43.3","90","Computer and Technology","Internet - Software","21.14","3"
"Eldorado Gold","EGO","12117.4","48.14","2924671","14.98","42.5","38.83","87.46","15.47","37.53","26.25","49.71","23.08","231","Basic Materials","Mining - Gold","29.83","4"
"Electrovaya Inc.","ELVA","316.85","6.67","677605","-16.88","-23.81","-43.51","27.02","-27.53","43.06","6.14","12.26","4.23","72","Computer and Technology","Electronics - Miscellaneous Products","6.14","4"
"Element Solutions","ESI","8524.31","35.5","3743762","-10.81","-7.56","-16.1","45.94","25.21","3.84","12.91","49.09","22.99","100","Basic Materials","Chemical - Specialty","5.67","3"
"Elevance Health, Inc.","ELV","87318.09","398.87","973703","3.17","6.41","-.01","83.46","2.74","12.49","3.26","426.79","280.74","91","Medical","Medical Services","2.47","3"
"Eli Lilly","LLY","1173806.38","1233.66","2859158","5.39","4.13","15.22","94.29","3.79","44.7","35.45","1280.34","695.33","103","Medical","Large Cap Pharmaceuticals","33.53","3"
"Ellington Financial","EFC","1755.45","13.58","1141475",".22","1.95","1.41","85.29","-10.29","39.26","101.74","14.02","11.3","232","Finance","REIT and Equity Trust","52.43","2"
"Embecta Corp.","EMBC","282.73","5.03","1729580","-2.73","45.27","51.67","16.84","-62.43","-3.8","11.82","15.31","2.9","91","Medical","Medical Services","8.59","2"
"EmbraerEmpresa Brasileira de Aeronautica","EMBJ","13779.54","74.63","1361266","-1.15","12.16","33.88","86.08","5.97","18.5","5.44","79.89","53.82","72","Aerospace","Aerospace - Defense","5.35","2"
"Emergent Biosolutions","EBS","265.6","5.64","1417252","15.11","-29.33","-38.99","7.72","-62.51","-28.81","10.45","13.9","4.45","159","Medical","Medical - Biomedical and Genetics","-22.96","3"
"Emerson Electric Co.","EMR","88254.97","154.96","2920311","-2.76","5.54","11.24","83.42","6.2","3","19.17","164.38","123.3","83","Industrial Products","Manufacturing - Electronics","13.83","3"
"Enact Holdings","ACT","6940.95","49.57","367897","-.12","5.59","21","97.88","12.2","2.83","54.85","50.04","34.93","85","Finance","Insurance - Multi line","54.51","3"
"Enbridge","ENB","109377.41","49.74","5491101","-.99","-9.52","-8.83","37.86","-6.34","22.08","8.08","58.04","45.23","184","Oils-Energy","Oil and Gas - Production and Pipelines","7.2","3"
"Encompass Health","EHC","11929.17","120.14","956710","-.88","6.18","17.71","81.23","1.91","10.46","9.51","127.18","93.83","45","Medical","Medical - Outpatient and Home Healthcare","10.01","3"
"Encore Capital Group","ECPG","2187.96","102.36","365957","-.5","9.22","31.31","99.08","69.78","34.37","15.86","103.74","40.53","65","Finance","Financial - Consumer Loans","15.86","2"
"Endeavour Silver","EXK","3186.51","11.09","8929712","6.11","35.52","10.13","60.42","2.39","98.9","15.12","14.12","5.63","218","Basic Materials","Mining - Silver","9.3","3"
"Energizer","ENR","1470.81","21.94","1106493","-3.94","2.09","16.74","39.09","-3.4","2.28","7.05","29.66","16.23","184","Consumer Staples","Consumer Products - Staples","2.73","3"
"Energy Fuels","UUUU","3718.81","15.97","7406710",".61","27.07","-15.55","29.91","-8.46","-15.61","-77.75","27.72","9.4","184","Basic Materials","Mining - Non Ferrous","-77.75","4"
"Energy Recovery","ERII","402.05","7.85","1039293","-4.18","-8.45","-2.5",".77","-48.28","-6.87","22.5","18.11","7.72","213","Industrial Products","Pollution Control","12.72","4"
"Energy Transfer","ET","72584.76","21.02","9849374",".67","5.88","9.39","93.47","14.35","3.47","4.87","21.42","16.21","45","Oils-Energy","Oil and Gas - Production Pipeline - MLB","4.87","3"
"Enerpac Tool Group","EPAC","1899.76","37.3","334007",".19","6.51","12.81","39.15","-13.1","4.65","15.52","43.71","32.93","103","Industrial Products","Manufacturing - Tools & Related Products","14.72","4"
"Enersys","ENS","6761.87","194.29","535558","-7.34","-1.45","-17.73","61.55","14.28","3.7","12.1","243.34","98.09","83","Industrial Products","Manufacturing - Electronics","9.29","1"
"Eni","E","93209.59","54.05","412294","-1.45","9.07","3.02","89.86","30.19","-4.17","7.21","57.61","34.03","216","Oils-Energy","Oil and Gas - Integrated - International","6.51","3"
"Enovis","ENOV","1453.85","25.58","1194182","1.9","-10.76","16.17","38.93","-15.35","6.66","8.81","33.32","20.04","99","Medical","Medical Info Systems","-47.96","3"
"Enphase Energy","ENPH","4913.14","37.35","4644623","-3.8","-2.18","-41.67","23.93","3.77","10.72","25.18","72.33","26.12","219","Oils-Energy","Solar","10.09","3"
"Entegris","ENTG","21083.13","138.87","2704267","-15.23","9.4","1.86","60.29","46.78","-1.38","14.78","184","68.8","45","Computer and Technology","Electronics - Semiconductors","9.18","2"
"Entergy","ETR","49364.95","106.24","2427703","-2.52","-7.01",".78","61","2.38","8.98","13.51","117.91","86.83","154","Utilities","Utility - Electric Power","13.4","3"
"Enterprise Products Partners","EPD","82837.55","38.27","3411626","-.65",".63","3.09","85.02","7.03","-6.44","10.79","39.8","30.19","45","Oils-Energy","Oil and Gas - Production Pipeline - MLB","10.79","3"
"Envista","NVST","4391.29","27.47","3273391","-1.09","2.63","16.99","74.18","12.65","8.32","8.52","30.26","18.95","101","Medical","Medical - Products","3.33","2"
"Equifax","EFX","22866.09","191.89","1243537","10.09","9.77","12.12","38.68","-19.76","6.92","15.54","262.33","151.93","48","Business Services","Consulting Services","10.73","3"
"Equinix","EQIX","104118.36","1073.4399","622828","-3.86",".8",".42","84.42","23.2","5.36","15.64","1115.94","726.09","103","Finance","REIT and Equity Trust - Retail","15.64","3"
"Equinor","EQNR","101296.03","41.21","2811640","1.32","10.11","13.53","97.6","60.39","2.59","8.66","42.86","22.41","22","Oils-Energy","Oil and Gas - Refining and Marketing","7.92","3"
"Equinox Gold","EQX","16064.25","13.98","16684691","16.71","44.54","10.08","53.96","-12.33","20.02","20.79","18.76","7.9","231","Basic Materials","Mining - Gold","26.3","3"
"Equitable Holdings","EQH","13386.91","48.91","2940509","-4.11",".91","20.97","71.79","-7.96","-6.21","13.08","54.41","35.34","85","Finance","Insurance - Multi line","-8.72","3"
"Equity Lifestyle Properties","ELS","12757.81","65.35","1367373","1.31","1.06","8.18","71.63","-2.98",".34","25.92","68.37","59.1","97","Finance","REIT and Equity Trust - Residential","25.92","3"
"Ericsson","ERIC","34249.36","10.38","10429429","-.1","5.07","-23.72","40.83","-5.82","3.17","9.49","13.74","7.69","191","Computer and Technology","Wireless Equipment","10.72","4"
"Ero Copper","ERO","4020.87","40.4","1542758","10.43","47.14","22.69","96.58","21.89","67.1","28.35","39.42","14.01","184","Basic Materials","Mining - Non Ferrous","29.79","3"
"Essent Group","ESNT","6153.84","69","564042","-1.38","3.16","20.82","91.92","-5.79","1.45","51.45","69.58","55.84","78","Finance","Insurance - Property and Casualty","51.45","2"
"Essential Properties Realty Trust","EPRT","6700.14","30.8","1540574","-.51","-2.98","3.58","33.02","-6.57","24.82","43.51","34.59","29.2","103","Finance","REIT and Equity Trust - Retail","43.51","3"
"Essential Utilities","WTRG","11731.41","40.76","1999142","3.87","4.55","14.04","89.61","-3.6","18.62","22.1","41.93","36.25","191","Utilities","Utility - Water Supply","21.6","3"
"Essex Property Trust","ESS","18869.86","292","413869","3.73","1.01","6.02","91.96",".36","6.36","21.48","298.33","239.61","97","Finance","REIT and Equity Trust - Residential","21.48","3"
"Establishment Labs","ESTA","2147.52","72.15","550914","-5.95","-21.76","5.85","59.89","-11.56","27.14","-15.26","95.65","36.84","91","Medical","Medical Services","-15.82","3"
"Ethan Allen Interiors Inc.","ETD","592.39","23.76","539449","2.24",".04","12.79","39.45","-8.83","-5.72","6.45","30.34","18.68","201","Retail-Wholesale","Retail - Home Furnishings","6.88","4"
"Eton Pharmaceuticals","ETON","1841.61","63.05","695955","4.37","52.28","124.65","100","240.82","104.94","12.02","64.43","14.35","159","Medical","Medical - Biomedical and Genetics","12.02","3"
"Etsy","ETSY","8258.82","84.43","3209180","10.99","3.8","26.13","100","40.42","2.68","15.69","87.03","44.05","164","Retail-Wholesale","Internet - Commerce","7.32","2"
"Euronet Worldwide","EEFT","2672.87","71.21","745104","-.5","-11.34","-4.98","18.7","-17.5","6.38","9.6","98.32","63.73","151","Business Services","Financial Transaction Services","6.63","4"
"Evercore","EVR","11222.19","289.54","594285","-4.31","-14.7","-16.39","19.77","-23.73","29.41","17.87","383.12","267.19","34","Finance","Financial - Investment Bank","15.74","3"
"Everest Group, Ltd.","EG","14447.16","375.39","317859","3.19","-3.22","15.99","76.64","-.68","1.24","12.51","398.7","304.91","85","Finance","Insurance - Multi line","11.41","3"
"Everforth Inc.","EFOR","1332.5","31.56","968861","5.31","50.74","40.09","41.52","-39.65","-2.91","4.35","54.25","17.06","166","Business Services","Technology Services","2.09","2"
"Evergy","EVRG","18765.86","81.41","1944663","-3.03","-5.18","1.24","61.17",".43","1.95","15.51","88.13","70.77","154","Utilities","Utility - Electric Power","15.19","3"
"Everpure, Inc.","P","33386.75","102.81","3213574","-14.15","35.35","18.93","71.62","34.08","15.61","18.96","118.16","55.73","166","Business Services","Technology Services","5.75","3"
"Eversource Energy","ES","26838.08","71.03","2328749","-.92","-4.61","6.97","62.85","-5.34","13.83","13.17","76.21","62.86","154","Utilities","Utility - Electric Power","10.35","4"
"Evertec","EVTC","1766.29","29.92","421215","-2.73","-3.02","17.72","50.1","-9.1","10.21","24.1","36.75","22.34","151","Business Services","Financial Transaction Services","9.8","3"
"Everus Construction Group, Inc.","ECG","6153.19","118.07","633289","-15.97","-5.53","-16.97","48.77","25.98","31.47","5.96","169.16","74.17","166","Construction","Building Products - Miscellaneous","5.96","1"
"Evolus","EOLS","579.92","8.975","1042284","13","42.07","34.66","100","18.1","11.61","-3.76","8.78","3.94","101","Medical","Medical - Products","-10.85","2"
"Evolv Technologies","EVLV","950.91","5.28","2105089","-4.02","-3.67","-22.68","9.07","-34.41","40.48","-3.05","8.76","4.9","86","Computer and Technology","Computers - IT Services","-3.05","4"
"Excelerate Energy","EE","4471.44","39.65","367962","9.28","4.67","20.88","82.6","25.74","44.26","3.41","42.89","23.01","154","Oils-Energy","Alternative Energy - Other","3.23","3"
"Exelixis","EXEL","13516.49","56.72","2759371","4.26","-2.26","8.49","88.7","11.33","6.98","38.88","57.1","34.54","159","Medical","Medical - Biomedical and Genetics","35.33","3"
"Exelon","EXC","45770.14","44.31","7059415","-2.7","-5.96","-.83","21.3","-9.01","5.34","11.23","50.29","42.73","154","Utilities","Utility - Electric Power","10.99","3"
"Expand Energy Corporation","EXE","22300.76","94.66","3069293","2.29","6.43","4.6","26.1","-21.92","186.28","21.02","122.89","86.95","154","Oils-Energy","Alternative Energy - Other","20.46","3"
"Expeditors International of Washington","EXPD","24416.14","189.05","1064383","-.23","9.62","17.37","99.41","12.75","4.42","7.63","188.27","113.13","97","Transportation","Transportation - Services","7.63","2"
"Exponent","EXPO","3365.31","70.12","472798","6.93","12.78","17.2","65.5","-8.85","4.21","19.71","79.79","53.67","48","Business Services","Consulting Services","17.67","3"
"Expro Group Holdings","XPRO","2012.17","17.62","851127","-3.55","14.3","18.45","85.83","20","-6.17","5.14","18.96","11.55","184","Oils-Energy","Oil and Gas - Production and Pipelines","1.33","4"
"Extra Space Storage","EXR","30898.17","144.87","1097844","-.44","-1.38","4.23","74.77",".46","3.7","27.8","152.85","126.69","82","Finance","REIT and Equity Trust - Other","27.8","3"
"Extreme Networks","EXTR","2920.38","22.63","1803513","-7.83","-25.28","-20.44","43.26","20.23","12.59","11.15","33.71","13.74","83","Computer and Technology","Computer - Networking","3.28","3"
"ExxonMobil Holdings Corporation","XOM","679978.63","160.64","14126800","1.6","6","9.82","88.08","21.94","-4.96","9.46","171.47","109.23","216","Oils-Energy","Oil and Gas - Integrated - International","8.88","3"
"F&G Annuities & Life, Inc.","FG","3027.22","23.04","644121","-12.76","-21.97","-15.09","16.6","-32.96","-.23","9.25","35.33","20.69","174","Finance","Insurance - Life Insurance","6.89","3"
"F.N.B.","FNB","6523.46","18.37","3618323","-4.74","-1.91","8.07","79.13","-3.33","4.92","33.66","19.49","14.65","75","Finance","Banks - Southeast","22.29","4"
"F5","FFIV","21463.97","382.75","665564","-4.17","-7.09","-4.19","74.81","32.83","9.66","30.54","431.26","223.99","90","Computer and Technology","Internet - Software","21.95","3"
"FB Financial","FBK","2912.23","57.28","306793","-5","-1.04","12.25","67.98","-6.59","14.81","33.84","62.08","50.18","64","Finance","Banks - Northeast","19","3"
"FIDELITY NAT FI","FNF","12720.39","47.38","1573744","-3.46","-8.82","2.18","27.1","-22.28","5.58","9.58","58.65","43.26","85","Finance","Insurance - Multi line","5.03","4"
"FIGS","FIGS","2526.99","14.68","3404818","6.22","53.17","29.56","81.9","19.77","13.6","7.61","17.12","6.57","78","Retail-Wholesale","Retail - Apparel and Shoes","8.72","2"
"FIRST BANCORP","FBP","4309.83","28","1288271","-4.43","-1.91","18.91","85.93","21.81","2.38","34.28","29.7","19.25","86","Finance","Banks - Foreign","29.24","2"
"FLYWIRE CORP","FLYW","2362.79","19.21","2100745","6.12","20.32","16.92","98.65","22.68","26.59","6.92","19.54","10.64","90","Computer and Technology","Internet - Software","4.77","3"
"FS KKR Capital Corp.","FSK","3329.9","12.05","2453034",".33","11.06","10.55","25.69","-27.22","-11.74","41.31","18.24","9.91","103","Finance","Financial - SBIC & Commercial Industry","-28.52","3"
"FTAI Aviation Ltd.","FTAI","20379.14","200.47","1702745","-12.76","-7.35","-19.93","31.92","-9.84","44.53","15.94","310.04","146.09","35","Aerospace","Aerospace - Defense Equipment","15.94","3"
"FTI Consulting","FCN","4294.15","151.68","458653","3.8","-3.93",".34","32.42","-18.57","2.44","6.57","187.03","140.4","48","Business Services","Consulting Services","6.44","3"
"Fabrinet","FN","15091.5","431.54","1051510","-29.64","-10.55","-32.33","30.7","-17.26","35.73","11.01","746.47","277.04","52","Computer and Technology","Electronics - Miscellaneous Components","10.19","4"
"FactSet Research Systems","FDS","10858.52","296.08","802163","10.32","14.82","12.72","59.84","-5.89","5.39","26.79","382.65","190.06","103","Business Services","Business - Information Services","23.21","3"
"Fair Isaac","FICO","25191.48","1137.14","409578","9.58","-8.92","-9.21","25.5","-38.29","15.91","39.1","1879.55","922.37","86","Computer and Technology","Computers - IT Services","34.05","3"
"Fannie Mae","FNMA","7261.21","6.34","2840006","2.28","2.96","-15.5","15.36","-47.73","4.26","75.54","15.31","4.63","234","Finance","Financial - Mortgage & Related Services","4.59","3"
"Fanuc","FANUY","37031.67","18.95","475420","-7.37","-7.6","-25.58","39.42","-13.4","8.86","20.11","26.61","13.8","103","Industrial Products","Industrial Automation and Robotics","20.11","3"
"Farmers National Banc","FMNB","930.19","15.62","407203","-2.61","2.28","11.98","83.33","5.43","3.89","33.67","16.38","12.3","52","Finance","Banks - Midwest","20.52","2"
"Farmland Partners","FPI","452.01","10.27","460185","5.93","7.69",".58","27.37","-4.36","-10.39","49.85","13.04","9.35","82","Finance","REIT and Equity Trust - Other","49.85","3"
"Fastenal","FAST","58843.67","50.31","7703284",".1","7.64","16.57","91.69","14.3","8.67","15.45","52.38","39.15","169","Industrial Products","Industrial Services","15.45","3"
"Fastly","FSLY","3654.34","23","6837285","-21.01","14.47","20.23","59.8","101.57","14.78","11.7","33.5","7.23","90","Computer and Technology","Internet - Software","-11.8","2"
"FedEx","FDX","79059.75","333.71","1531424",".77","7.48","-1.31","58.57","3.44","7.73","5.11","411.78","224.18","103","Transportation","Transportation - Air Freight and Cargo","4.68","3"
"Federal Realty Investment Trust","FRT","10154.19","117.75","865201","-.41","-7.54","-1.03","70.27","4.31","6.36","32.67","127.13","94.87","103","Finance","REIT and Equity Trust - Retail","32.67","3"
"Federal Signal","FSS","7311.56","120.65","410954","-5.04","1.23","13.55","51.6","-1.33","17.14","12.32","133.86","104.77","56","Auto-Tires-Trucks","Automotive - Domestic","11.66","3"
"Federated Hermes","FHI","4832.01","65.39","569179",".89","9.29","15.8","98.64","11.18","10.33","21.3","64.96","47.3","70","Finance","Financial - Investment Management","21.3","1"
"Ferguson plc","FERG","45741.89","232.67","4467746","-3.48","1","5.38","44.28","-5","5.67","6.85","267.71","211.61","75","Industrial Products","Manufacturing - General Industrial ","6.82","3"
"Ferrari","RACE","99295.42","421.85","535516","1.76","11.69","21.53","57.96","2.73","11.86","22.29","504.09","314.63","179","Auto-Tires-Trucks","Automotive - Original Equipment","22.29","3"
"Fidelity National Information Services","FIS","21398.8","40.47","6594192",".56","-4.08","-5.05","10.81","-44.28","5.43","25.66","71.76","37.72","151","Business Services","Financial Transaction Services","27.64","4"
"Fidus Investment","FDUS","752.26","19.75","375504","1.75",".2","4.15","62.91","-8.14","6.65","46.78","21.53","16.92","103","Finance","Financial - SBIC & Commercial Industry","45.36","3"
"Fifth Third Bancorp","FITB","49788.4","54.89","5559085","-4.69","-3.68","13.06","76.49","4.91","-2.54","29.09","59.37","40.36","56","Finance","Banks - Major Regional","15.77","3"
"Figma, Inc.","FIG","12488.32","27.27","21875800","9.8","19.62","1.18","17.53","-34.32","40.96","16.28","77.3","16.84","90","Computer and Technology","Internet - Software","-123.15","3"
"Figure Technology Solutions, Inc.","FIGR","7174.37","41.14","4528900","8.07","34.03","15.65","28.02","-15.37","48.69","34.6","73.91","24.91","166","Business Services","Technology Services","33.45","1"
"Firefly Aerospace, Inc.","FLY","3867.05","22.26","3248245","-15.01","16.2","-47.79","15.04","-7.63","162.95","-86.69","58.81","16.78","72","Aerospace","Aerospace - Defense","-126.64","3"
"First Advantage Corporation","FA","3553.58","20.32","2600143","1.92","3.4","21.21","77.39","27.37","83.02","12.67","24.12","8.95","90","Computer and Technology","Internet - Software","1.51","1"
"First American Financial","FAF","7377.75","73.28","598004","-1.26","-5.27","11.51","69.07","5.2","21.61","9.17","79.16","56.85","78","Finance","Insurance - Property and Casualty","9.33","3"
"First Busey","BUSE","2501.26","29.99","766155","-2.54","1.82","11.73","86.29","13.89","57.36","32.24","31.58","22.17","52","Finance","Banks - Midwest","21","3"
"First Commonwealth Financial","FCF","2118.13","20.73","831650","-2.56",".43","12.39","85.14","11.2","4.26","30.67","21.95","15.29","64","Finance","Banks - Northeast","22.62","3"
"First Financial Ban","FFBC","3457.68","32.66","708207","-3.6","-1.91","9.73","74.92","17.76","-22.25","31.11","36.18","23.26","52","Finance","Banks - Midwest","20.77","3"
"First Financial Bankshares","FFIN","4867.4","33.71","668215","-2.58","-1.39","5.56","57.19","1.7","10.66","39.54","37.98","28.59","103","Finance","Banks - Southwest","31.03","2"
"First Hawaiian","FHB","3168.56","25.78","1781252","-5.38","-6.3","-2.07","43.2","-7.93",".21","31.52","30.34","22.77","182","Finance","Banks - West","24.41","3"
"First Horizon","FHN","11621.75","24.42","4923756","-5.73","-3.73","3.85","72.97","-8.19","-.68","30.35","26.23","19.94","103","Finance","Banks - Southwest","21.12","3"
"First Industrial Realty Trust","FR","8409.1","63.49","843490",".84","-4.56","6.27","71.88","-.93","8.58","47.97","68.86","49.55","82","Finance","REIT and Equity Trust - Other","47.97","3"
"First Interstate BancSystem","FIBK","3549.14","37.06","1077269","-4.24","-1.38","7.23","72.69","-3.72","-4.67","30.18","40.22","29.31","52","Finance","Banks - Midwest","23.63","3"
"First Majestic Silver","AG","10267.31","21.24","11298406","6.44","28.42","0","52.02","11.84","124.25","26.2","32.01","8.71","218","Basic Materials","Mining - Silver","21.18","3"
"First Merchants","FRME","2632.64","41.56","353474","-3.68","-1.76","6.05","67.68",".05","-2.04","32.51","45.23","34.99","52","Finance","Banks - Midwest","17.05","3"
"First Solar","FSLR","22383.61","206.82","2660746","-4.38","1.2","-31.25","17.68","-28.67","24.09","32.47","318.25","184.7","219","Oils-Energy","Solar","32.47","3"
"First Watch Restaurant Group","FWRG","812.75","12.99","1244826","6.99","2.21","18.33","33.78","-21.88","20.34","1.35","19.17","10.11","151","Retail-Wholesale","Retail - Restaurants","1.35","3"
"FirstCash ","FCFS","10254.39","229.51","397638","9.34","14.36","10.6","100","32.69","8.04","10.85","236.43","138.7","151","Business Services","Financial Transaction Services","9.42","3"
"FirstEnergy","FE","26947.26","46.62","4577546","-1.79","-5.58","2.62","39.73","-6.95","12.01","9.4","51.91","43.05","154","Utilities","Utility - Electric Power","6.86","3"
"FirstSun Capital Bancorp","FSUN","1889.45","40.29","319678","-1.02","16.52","16.69","92.53","-3.6","3.7","18.32","41.4","30.16","52","Finance","Banks - Midwest","6.6","3"
"Five Below","FIVE","14527.2","259.41","947933","10.13","26.83","16.14","100","24.76","22.9","8.77","262.72","138.49","103","Retail-Wholesale","Retail - Miscellaneous","8.67","2"
"Five9","FIVN","2509","32.285","3455551","2.89","28.26","24.79","91.81","46.2","10.28","19.53","34.48","13.61","90","Computer and Technology","Internet - Software","4.94","1"
"Fiverr International","FVRR","336.86","9.58","1001177","7.21","-15.28","-18.17","3.94","-57.58","10.07","24.81","26.67","8.66","164","Retail-Wholesale","Internet - Commerce","7.18","4"
"Flagstar Bank, National Association","FLG","5570.55","13.44","4204206","-4.14","-2.47","-2.61","58.19","-4.65","-24.33","3.59","15.36","10.72","75","Finance","Banks - Southeast","1.08","4"
"Flex","FLEX","39396.83","109.25","4318992","-17.96","-8.12","-27.94","50.81","57.89","8.14","4.61","162.07","49.41","72","Computer and Technology","Electronics - Miscellaneous Products","3.32","3"
"Floor & Decor","FND","5843.1","54.31","2533665","-3.09","-.97","8.4","24.25","-19.39","5.12","4.23","90.42","43.49","201","Retail-Wholesale","Retail - Home Furnishings","4.93","3"
"Flotek Industries","FTK","866.39","24","820894","-16.54","-1.81","17.54","46.36","24.18","26.86","8.67","38.82","11.04","100","Basic Materials","Chemical - Specialty","12.97","3"
"Flowco Holdings Inc.","FLOC","1948.92","20.64","575329","-7.86","12.87","-5.97","52.89","2.96","41.93","13.97","28.09","14.25","216","Oils-Energy","Oil and Gas - Integrated - International","6.07","4"
"Flowers Foods","FLO","1543.78","7.11","6208465","-.41","-4.71","-4.96","3.71","-40.15","3","3.82","15.84","6.95","212","Consumer Staples","Food - Miscellaneous","1.06","4"
"Flowserve","FLS","10227.49","80.56","1749397","-.63","10.7","7.17","73.04","3.74","3.76","10.62","92.04","49.09","75","Industrial Products","Manufacturing - General Industrial ","8.01","3"
"Fluor","FLR","6858.24","51.26","2901480","-6.32","-.81","10.16","67.07","15.75","-4.98","2.02","57","39.63","172","Construction","Engineering - R and D Services","-12.86","3"
"Foghorn Therapeutics","FHTX","407.98","6.85","310307","1.93","32.12","72.83","94.35","13.8","36.75","-175.78","7.07","3.53","159","Medical","Medical - Biomedical and Genetics","-175.78","2"
"Fomento Economico Mexicano","FMX","42152.43","123.71","533408","4.02","-7.69","3.62","77.41","7.97","2.29","2.62","133.17","83.67","103","Consumer Staples","Beverages - Soft drinks","3.6","4"
"Ford Motor","F","55547.21","13.95","47993976","-.85","-5.11","-16.24","43.66","-5.03","1.23","3.87","17.44","11.21","56","Auto-Tires-Trucks","Automotive - Domestic","-3.93","3"
"FormFactor","FORM","8411.32","107.72","1362724","-21.9","9.21","-6.23","60.61","73.03","2.8","19.04","159.93","27.85","45","Computer and Technology","Electronics - Semiconductors","12.8","1"
"Fortinet","FTNT","111517.15","153.66","5372915","-2.48","-.26","3.3","82.48","71.21","14.17","32.34","168.29","75.23","32","Computer and Technology","Security","28.17","1"
"Fortis","FTS","28261.01","55.07","793730","-1.98","-5.13","1.58","64.8","-4.73","3.7","14.42","58.84","48.84","154","Utilities","Utility - Electric Power","14.17","4"
"Fortive","FTV","18259.95","59.5","2642026","-.3","-3.91","2.96","78.72","-2.04","-33.26","22.32","64.09","47.03","8","Computer and Technology","Electronics - Testing Equipment","12.38","3"
"Fortrea Holdings Inc.","FTRE","1741.28","18.27","1681979","1.16","-4.64","16.18","81.55","-5.05","1","2.2","20.7","7.74","159","Medical","Medical - Biomedical and Genetics","-3.18","3"
"Fortuna Mining Corp.","FSM","3607.72","12.45","5956421","13.19","42.41","23.38","76.7","11.15","-10.83","26.12","13.66","7.35","210","Basic Materials","Mining - Miscellaneous","31.99","3"
"Fortune Brands Innovations, Inc.","FBIN","5366.94","45.67","2770903","-3.42","-12.67","15.05","37.26","-19.6","-3.16","10.47","64.44","33.39","44","Construction","Building Products - Air Conditioner and Heating","3.39","3"
"Forward Air","FWRD","555.65","17.41","585829","-9.06","19.36","67.97","39.49","-37.13",".84","-.69","31.76","8.31","25","Transportation","Transportation - Truck","-11.37","3"
"Fossil Group","FOSL","329.4","5.46","1096691","-2.96","32.3","34.87","87.91","32.51","-12.28","-5.16","6.09","1.79","78","Retail-Wholesale","Retail - Apparel and Shoes","-7.1","2"
"Four Corners Property Trust","FCPT","2798.79","25.35","701671","1.72","-1.24","5.02","72.5","-1.09","9.72","38.7","26.49","22.89","82","Finance","REIT and Equity Trust - Other","38.7","3"
"Fox","FOX","25846.25","62.69","994146",".16","21.22","2.92","73.6","-15.15","5.07","13.9","67.76","44.39","86","Consumer Discretionary","Broadcast Radio and Television","9.84","3"
"Fox","FOXA","29043.99","70.33","5227710",".03","22.19","3.59","74.74","-15.28","5.07","13.9","76.11","48.79","86","Consumer Discretionary","Broadcast Radio and Television","9.84","3"
"Fox Factory Holdings","FOXF","909.97","21.23","630373","5.35","16.59","21.7","49.3","13.19","5.27","2.81","30.35","13.19","56","Auto-Tires-Trucks","Automotive - Domestic","-20.39","2"
"FrancoNevada","FNV","52101","271.77","820887","13.23","25.98","18.39","89.2","16.57","63.69","62.1","280.82","181.86","231","Basic Materials","Mining - Gold","63.79","3"
"Franklin BSP Realty Trust","FBRT","700.9","8.48","1511511","5.11","7.79","1.2","21.98","-24.73","28.33","28.17","11.67","7.53","232","Finance","REIT and Equity Trust","20.49","4"
"Franklin Resources Inc","BEN","17589.62","35.03","4372610","1.26","4.21","11.89","92.12","29.63","3.45","16.16","35.77","21.18","70","Finance","Financial - Investment Management","8.72","3"
"Freddie Mac","FMCC","3640.33","5.717","1554088",".48",".32","-13.45","15.26","-50.6","6.36","54.79","14.15","4.06","234","Finance","Financial - Mortgage & Related Services","9.58","3"
"FreeportMcMoRan","FCX","111722.17","79.91","14112906","13.78","24.04","16.05","100","37.02","1.81","12.83","77.8","35.34","184","Basic Materials","Mining - Non Ferrous","11.39","3"
"Fresenius Medical Care AG & Co.","FMS","12638.65","23.51","832071",".13","-5.39","11.84","46.26","-11.64","7.63","6.63","27.41","20.19","149","Medical","Medical - Instruments","4.83","3"
"Freshpet","FRPT","3761.88","75.4","1491750","5.37","28.66","54.9","76.51","12.38","13.01","6.2","85.5","47.39","212","Consumer Staples","Food - Miscellaneous","17.28","4"
"Freshworks","FRSH","3441.54","12.86","7925713","6.97","21.9","23.5","89","-3.69","16.43","18.17","13.97","6.88","90","Computer and Technology","Internet - Software","20.49","3"
"Frontdoor","FTDR","5700.92","83.53","561710","-1.19","14.03","36.89","80.64","28.31","13.56","15.18","90.83","49.1","166","Construction","Building Products - Miscellaneous","12.72","3"
"Frontier Group","ULCC","1332.95","5.97","3479637","-8.82","-5.08","-2.36","54.23","9.96","-1.35","-2.74","8.06","3.1","151","Transportation","Transportation - Airline","-9.29","3"
"FuelCell Energy","FCEL","1499.14","19.29","8794539","-16.15","-12.75","-12.01","46.21","129.44","41.05","-61.63","36.01","3.92","154","Oils-Energy","Alternative Energy - Other","-132.41","3"
"Fulgent Genetics","FLGT","535.17","19.95","315274","4.23","-.66","7.52","33.18","-33.77","13.83","-5.39","30.85","13.79","99","Medical","Medical Info Systems","-26.05","4"
"Full Truck Alliance","YMM","8789.43","8.76","7149130","-4.64","-9.45","-6.54","13.78","-29.72","16","36.47","14","7.54","166","Business Services","Technology Services","33.07","3"
"Fulton Financial","FULT","4503.67","23.66","1579594","-3.6","-3.32","10.6","80.95","9.16","1.92","30.92","25.19","16.79","64","Finance","Banks - Northeast","20.63","3"
"Futu Holdings","FUTU","16232.81","125.63","1360986","5.76","11.07","12.6","23.84","-36.92","67.78","42.95","199.04","89.76","101","Finance","Financial - Miscellaneous Services","42.95","2"
"GARRETT MOTION","GTX","4818.99","26.27","2437947","-9.59","-16.1","-17.21","56.23","32.61","3.14","9.51","36.23","12.49","179","Auto-Tires-Trucks","Automotive - Original Equipment","9.51","2"
"GCM Grosvenor","GCMG","2768.11","13.52","451830","-.36","9.03","26.98","91.3","7.86","8.47","30.49","14.05","9.45","70","Finance","Financial - Investment Management","7.79","2"
"GDS Holdings","GDS","6361.99","32.99","2014220","-10.26","1.21","-10.59","14.76","-18.62","15.61","40.68","47.52","29.02","166","Business Services","Technology Services","30.7","2"
"GE Aerospace","GE","354680.38","349.54","3569530","-7.47","-5.47","5.31","65.66","-.73","18.48","15.84","381.22","266.53","72","Aerospace","Aerospace - Defense","17.72","3"
"GE HealthCare Technologies Inc.","GEHC","33510.61","73.91","4095941","2.51","21.38","18.34","51.28","-19.09","4.84","9.95","88.16","59.49","101","Medical","Medical - Products","9.33","3"
"GE Vernova Inc.","GEV","250912.86","926.73","2220358","-12.69","-5.47","-.89","62.87","28.94","8.97","12.87","1174.86","547.96","154","Oils-Energy","Alternative Energy - Other","23.03","3"
"GEN DIGITAL INC","GEN","17424.87","29.31","5220447","6.2","8.86","4.86","81.96","-4.23","27.06","31.9","31.58","17.89","166","Business Services","Technology Services","20.73","2"
"GENEDX HOLDINGS","WGS","2540.58","87.405","830755","10.08","40.72","63.83","38.1","-41.41","39.97","2.49","167.51","34.51","91","Medical","Medical Services","-23.41","1"
"GFL Environmental","GFL","14976.95","40.72","2167039","-.1","6.44","20.92","45.51","-13.57","-15.74","4.5","51.03","33.54","172","Business Services","Waste Removal Services","-3.28","3"
"GIII Apparel Group","GIII","1426.04","33.29","397611",".09","-5.93","4.94","74.38","4.4","-7.04","3.4","36.81","25.06","93","Consumer Discretionary","Textile - Apparel","4.34","3"
"GRAIL, Inc.","GRAL","3420.54","82.54","779828","9.48","14.69","18.91","53.25","-19.97","17.18","-236.95","116.06","31.61","159","Medical","Medical - Biomedical and Genetics","-236.95","3"
"GRINDR INC","GRND","2708.13","15.69","1740427","-1.45",".65","23.45","70.83","2.93","27.64","18.75","17.94","9.85","90","Computer and Technology","Internet - Software","18.75","3"
"GSK PLC Sponsored ADR","GSK","104735.7","52.07","3815151","2.98","-.38","5.01","57.7","-5.55","7.42","21.54","61.18","38.96","159","Medical","Medical - Biomedical and Genetics","14.56","3"
"GXO Logistics","GXO","5387.88","47.42","1697552","-.72","-11.84","-6.04","7.96","-20.17","12.55","2.33","65.59","45.37","103","Transportation","Transportation - Air Freight and Cargo",".96","3"
"Galaxy Digital Inc.","GLXY","8927.91","24.79","7105856","4.44",".62","-25.87","23.06","-8.63","44.04","-.32","42.86","16.84","101","Finance","Financial - Miscellaneous Services","-.75","4"
"Gaming and Leisure Properties","GLPI","12780.12","43.03","2760107","3.98","-2.46","-6.13","30.62","-12.07","4.13","59.01","49.82","41.33","82","Finance","REIT and Equity Trust - Other","59.01","3"
"Garmin","GRMN","56168.3","288.45","1080283","-5.28","20.12","22.99","82.62","28.43","15.06","24.4","313.16","187.1","72","Computer and Technology","Electronics - Miscellaneous Products","24.47","1"
"Gartner","IT","12805.35","195.79","1616474","13.16","37.53","12.91","55.69","-28.1","3.13","15.7","264.09","125.73","48","Business Services","Consulting Services","11.99","1"
"Gates Industrial","GTES","6589.52","25.96","1990671","-7.5","-1.96",".7","56.71","8.45","1.03","11.44","29.84","21.04","75","Industrial Products","Manufacturing - General Industrial ","10.37","3"
"Genco Shipping & Trading Limited","GNK","1174.22","27.32","509311","2.75","7.37","11.46","98.78","30.75","-19.14","18.9","27.08","15.57","42","Transportation","Transportation - Shipping","9.15","3"
"Generac Holdings","GNRC","12011.33","201.78","1181117","-8","3.05","-24.4","42.21","33.52","-2.02","10.89","295.54","136.37","75","Industrial Products","Manufacturing - General Industrial ","5.82","1"
"General Dynamics","GD","103831.73","376.58","962341","-1.88","-1.38","13.14","85.38","1.97","10.13","8.18","395.97","312.53","72","Aerospace","Aerospace - Defense","8.18","3"
"General Mills","GIS","21877.04","39.78","8141874","7.74","11.77","21.68","46.2","-21.28","-5.45","10.32","51.11","32.17","212","Consumer Staples","Food - Miscellaneous","-.48","3"
"General Motors","GM","76320.73","85.81","5448384","3.09","-.07","5.2","90.5","-4.32","-1.29","6.38","90.3","55.35","56","Auto-Tires-Trucks","Automotive - Domestic","1.05","3"
"Genius Sports Limited","GENI","1967.99","7.95","6991701","2.96","9.9","32.07","42.26","-35.15","31.04","-21.31","13.55","3.92","205","Computer and Technology","Internet - Content","-22.99","4"
"Genmab","GMAB","20589.04","34.36","2865255",".55","14.65","29.75","79.81","-4.1","19.14","20.94","35.34","23.85","159","Medical","Medical - Biomedical and Genetics","19.08","3"
"Genpact","G","6316.41","37.25","2724216","11.54","16.81","9.11","48.05","-28.12","6.56","13","48.5","27.5","86","Computer and Technology","Computers - IT Services","11.04","3"
"Gentex","GNTX","5023.53","23.65","2278921","-.92","2.92","-2.03","34.57","-9.32","9.55","16.01","29.06","20.7","179","Auto-Tires-Trucks","Automotive - Original Equipment","15.5","3"
"Gentherm","THRM","1212.65","40.09","423970","-8.98","-6.23","10.88","66.52","-2.97","2.92","5.49","45.61","27.21","179","Auto-Tires-Trucks","Automotive - Original Equipment","1.68","1"
"Genuine Parts","GPC","18706.19","137.95","1148964","2.39","6.26","39.51","76.11","-1.29","3.46","4.12","149.26","92.47","80","Retail-Wholesale","Automotive - Retail and Wholesale - Parts",".13","3"
"Genworth Financial","GNW","3736.95","9.86","2552821","-1.98","-.1","16.35","87.84","-2.03",".08","1.43","10.16","7.94","174","Finance","Insurance - Life Insurance","2.87","2"
"Getty Realty","GTY","2067.93","33.53","495883",".97","-4.74","3.7","70.73","9.12","9.02","43.1","36.61","25.61","82","Finance","REIT and Equity Trust - Other","42.74","2"
"Gibraltar Industries","ROCK","1373.47","46.01","341364","-2.65",".78","22.6","30.55","-16.29","-13.24","7.14","74.58","33.82","166","Construction","Building Products - Miscellaneous","-10.43","2"
"GigaCloud Technology Inc.","GCT","1803.72","52.22","700912",".46","28.95","42.76","90.15","15.02","11.1","10.65","53.25","25.44","166","Business Services","Technology Services","10.65","3"
"Gilat Satellite Networks","GILT","734.62","10.12","607183","-11.48","-9.63","-38.43","5.71","-31.22","47.87","11.16","20.85","9.29","221","Computer and Technology","Satellite and Communication","6.21","3"
"Gildan Activewear","GIL","10176.13","54.59","1414888","-1.68","8.43","-7.12","23.28","-21.31","10.66","13.09","72.58","49.6","93","Consumer Discretionary","Textile - Apparel","1.28","3"
"Gilead Sciences","GILD","181951.03","148.77","6794867","5.63","12.43","11.93","79.97","6.94","2.4","-1.37","155.8","110.56","159","Medical","Medical - Biomedical and Genetics","-10.64","3"
"Ginkgo Bioworks","DNA","456.57","7.54","1212254","-2.02","-8.99","-25.82","12.19","-27.02","-25.06","-260.22","16.14","5.48","159","Medical","Medical - Biomedical and Genetics","-259.96","3"
"Gitlab","GTLB","7098.87","41.66","4262131","3.73","27.83","24.39","71.5",".18","25.81","17.43","51.04","19.42","90","Computer and Technology","Internet - Software","-2.49","3"
"Glacier Bancorp","GBCI","6090.01","47.35","983136","-5.72","-4.55",".91","45.99","-5.03","13.32","27.41","54.51","40.18","182","Finance","Banks - West","19.72","3"
"Gladstone Commercial","GOOD","638.01","13.12","435774","1.62","1.78","5.19","91.21","10.49","8","14.55","13.45","10.38","82","Finance","REIT and Equity Trust - Other","14.55","4"
"Gladstone Land","LAND","380.9","8.78","710279","7.16","3.88","-3.92","17.34","-13.68","3.66","-7.31","12.5","8.06","82","Finance","REIT and Equity Trust - Other","-7.31","3"
"Glaukos","GKOS","10950.37","181.39","959084",".02","22.21","80.03","96.61","47.08","32.33","-7.22","189.55","74.67","149","Medical","Medical - Instruments","-30.69","3"
"Global Business Travel Group, Inc.","GBTG","4952.1","9.47","1369851",".42",".74","1.5","99.34","10.85","12.17","1.24","9.51","4.97","90","Computer and Technology","Internet - Software","2.77","3"
"Global Payments","GPN","24953.51","93.82","3193612","4.34","12.18","24.97","98.36","8.98","-23.75","30.48","94.83","62.47","151","Business Services","Financial Transaction Services","-9.16","3"
"Global Ship Lease","GSL","1603.18","45.3","374003","2.9","3.48","17.69","100","13.96","7.79","46.83","44.64","27.41","42","Transportation","Transportation - Shipping","49.1","2"
"GlobalFoundries","GFS","25212.8","45.92","4514239","-14.02","-13.6","-42.51","24.5","17.7",".61","14.77","89.96","31.67","45","Computer and Technology","Electronics - Semiconductors","10.36","3"
"Globale Online","GLBE","6765.28","39.43","1529706","-3.21","5.56","18.1","83.13","-9.3","27.82","13.87","42.36","27.54","164","Retail-Wholesale","Internet - Commerce","13.87","1"
"Globe Life","GL","13304.95","172.24","597636","-3.5","-.71","13.81","76.84","10.73","3.74","19.79","186.02","130.37","205","Finance","Insurance - Accident and Health","19.58","3"
"Globus Medical","GMED","11288.74","82.96","1390684","-1.22","7.45","5.39","69.46","-13.86","16.65","21.4","96.82","55.1","149","Medical","Medical - Instruments","17.02","1"
"GoDaddy","GDDY","12730.63","99.79","2238025","8.82","4.26","8.1","34.55","-27.53","8.26","17.83","148.88","74.99","49","Computer and Technology","Internet - Delivery Services","17.83","3"
"Golar LNG Limited","GLNG","5208.83","52.04","1315940","-2.02","4.96","1.62","72.99","23.59","51.14","37.1","57.36","35.33","216","Oils-Energy","Oil and Gas - Integrated - International","31.27","3"
"Gold.com Inc.","GOLD","1328.4","46.85","422447",".9","11.41","15.72","55.83","20.32","13.19",".58","64.14","22.62","101","Finance","Financial - Miscellaneous Services",".35","3"
"Goldman Sachs BDC","GSBD","1125.69","10.1","1019066","2.25","14.94","8.93","49.32","-3.61","-15.84","45.47","11.49","8.55","103","Finance","Financial - SBIC & Commercial Industry","17.19","3"
"Golub Capital BDC","GBDC","3437.79","13.11","1154945",".91","2.8","-.9","43.05","-12.73","20.16","47.69","14.92","11.97","103","Finance","Financial - SBIC & Commercial Industry","21.45","3"
"Goodyear","GT","1727.39","6.2","8887053","-.83","-15.61",".67","8.47","-38.73","-3.17","-.53","10.54","5.58","221","Auto-Tires-Trucks","Rubber - Tires","-14.37","3"
"Goosehead Insurance","GSHD","2592.66","72.33","456650","13.35","17.74","99.18","70.08","-11.34","16.15","14.47","89.49","34.37","85","Finance","Insurance - Multi line","8.78","3"
"Graco","GGG","12982.22","78.7","1417102","-1.7","-.35","8.38","32.41","-12.53","5.83","22.68","94.82","73.13","75","Industrial Products","Manufacturing - General Industrial ","23.53","3"
"Gran Tierra Energy","GTE","352.04","9.62","1870033","6.08","47.85","18.59","100","109.91","-4.04","-4.67","9.95","3.43","66","Oils-Energy","Oil and Gas - Exploration and Production - Canadian","-40.01","4"
"Granite Construction","GVA","5389.16","121.95","914022","-3.81","-1.9","-9.81","39.81","-4.51","10.4","6.09","160.39","98.5","71","Construction","Building Products - Heavy Construction","-3.32","2"
"Granite Ridge Resources, Inc.","GRNT","666.1","5.05","760008","-3.99","10.5","0","44.21","-3.89","18.49","5.55","6.11","4.21","201","Oils-Energy","Oil and Gas - Exploration and Production - United States","-5.56","3"
"Graphic Packaging Holding Company","GPK","3390.02","11.42","4846699","4.09","2.69","2.14","17.98","-31.99","-2.16","3.77","23.04","8.91","164","Industrial Products","Containers - Paper and Packaging","2.25","3"
"Gray Media Inc.","GTN","506.68","5.02","1324099","-1.2","23.62","20.89","50.38","-9.07","-15.07","-.76","6.24","3.58","86","Consumer Discretionary","Broadcast Radio and Television","-.83","2"
"Green Plains","GPRE","1049.41","14.65","1342064","-7.25","-8.94","-7.31","61.55","36.64","-14.93","6.37","19.23","8.15","100","Basic Materials","Chemical - Specialty","6.78","4"
"Green Thumb Industries Inc.","GTBIF","1469.73","7.53","382992","3.94","5.84","-8.57","50.74","-16.24","3.36","9.36","9.69","5.29","101","Medical","Medical - Products","10.48","2"
"Grid Dynamics","GDYN","637.66","7.87","2083904","4.8","27.81","0","54.64","-22.14","17.47","7.89","10.06","5.21","86","Computer and Technology","Computers - IT Services",".68","1"
"Griffon","GFF","4591.98","101.38","369836","-.78","8.71","19.02","85.56","23.13","-3.95","11.44","107.22","66.79","166","Conglomerates","Diversified Operations","8.08","2"
"Grifols","GRFS","5437.8","8.09","532175","2.83","3.1","3.23","30.89","-23.56","9.04","6.35","10.16","7.02","150","Medical","Medical - Drugs","5.54","3"
"Grocery Outlet","GO","1192.98","12.12","2850915","4.79","27.81","47.01","48.56","6.63","7.26","1.36","18.66","5.79","184","Consumer Staples","Consumer Products - Staples","-8.04","3"
"Groupon","GRPN","798.26","19.59","1476516","-3.3","-28.7","3.81","52.75","-.29","1.19","-25.22","28.58","9.64","164","Retail-Wholesale","Internet - Commerce","-25.26","3"
"Grupo Cibest S.A. - Sponsored ADR","CIB","24161.44","103.26","310571","5.47","15.8","38.78","100","43.18","-.86","26.67","101.82","49.52","166","Conglomerates","Diversified Operations","10.8","1"
"Grupo Supervielle","SUPV","748.52","8.78","657743","7.14","-12.67","-13.29","47.25","-35.3","-19.44","-2.59","12.86","4.69","86","Finance","Banks - Foreign","-3.6","3"
"Guardant Health","GH","21898.13","164.92","2324404",".93","12.17","26.36","93.46","42.91","32.88","-19.18","170.77","54.79","159","Medical","Medical - Biomedical and Genetics","-38.33","3"
"Guardian Pharmacy Services, Inc.","GRDN","1877.42","37.3","358594","-.79","-9.07","-3.97","69.98","12.07","17.93","5.21","43.83","23.41","150","Medical","Medical - Drugs","4.5","2"
"Guidewire Software","GWRE","15976.06","188.34","1127506","11.57","28.54","11.94","56.03","-14.61","22.64","21.07","261.88","102.69","90","Computer and Technology","Internet - Software","11.25","3"
"Gulfport Energy","GPOR","3103.87","172.48","333088","3.49","13.88","4.2","35.03","-24.51","48.47","26.52","222.49","150.19","201","Oils-Energy","Oil and Gas - Exploration and Production - United States","32.28","4"
"H World Group Limited Sponsored ADR","HTHT","14957.96","49.47","1646107","4.36","16.28","9.62","63.66","-7.53","10.51","21.04","56.06","35.64","103","Consumer Discretionary","Hotels and Motels","18.9","3"
"H&R Block","HRB","6804.49","53.19","2743960","7.08","26.81","35.66","98.07","10.18","4.9","17.44","54.18","28.34","184","Consumer Discretionary","Consumer Services - Miscellaneous","18.59","2"
"H. B. Fuller","FUL","3119.13","57.01","674974","-8.79","2.58","-6.21","47.8","-12.76","-2.67","7.1","67.49","49.29","100","Basic Materials","Chemical - Specialty","5.29","2"
"H2O America","HTO","2699.34","63.89","377781","2.03","1.56","13.22","95.52","17.75","6.97","13.53","65.43","44.44","172","Business Services","Waste Removal Services","12.91","3"
"HA Sustainable Infrastructure Capital, Inc.","HASI","5071.73","39.64","972294","-6.31","2.73","-1.82","75.93","12.33","4.41","306.11","43.31","27.36","101","Finance","Financial - Miscellaneous Services","18.61","3"
"HCA HEALTHCARE","HCA","92931.11","428.76","1332021","5.99","10.17","15.71","36.95","-17.76","7.08","8.72","545.13","361.32","91","Medical","Medical Services","8.77","3"
"HDFC Bank Limited","HDB","120786.63","23.63","7441724","1.68","1.38","-.25","3.61","-42.37","-2.77","25.52","37.71","23.01","86","Finance","Banks - Foreign","15.96","3"
"HF Sinclair","DINO","16921.47","93.24","2811397",".2","4.85","34.42","95.84","84.76","-5.99","5.66","97.32","45.88","22","Oils-Energy","Oil and Gas - Refining and Marketing","6.13","1"
"HNI","HNI","3538.35","49.94","569039","1.45","14.13","57.67","84.85","4.3","12.37","4.86","52.55","29.25","103","Business Services","Business - Office Products",".1","3"
"HOWARD HUGH HLD","HHH","3986.27","67","438752",".15","1.21","6.14","18.08","-25.15","-15.75","12.31","89.85","61.65","174","Finance","Real Estate - Development","12.31","4"
"HP","HPQ","26137.06","29.52","14352472","-2.79","7.65","-2.59","79.24","14.74","3.24","5.46","31.3","18.2","75","Computer and Technology","Computer - Micro Computers","4.45","3"
"HSBC","HSBC","357727.41","104.38","1238717",".28",".12","11.71","91.39","18.35","-7.34","38.07","107.86","64.08","86","Finance","Banks - Foreign","18.19","3"
"Haemonetics","HAE","4931.88","108.32","913946","20.08","35.65","61.26","99.35","20.98","-1.97","17.29","108.8","47.67","101","Medical","Medical - Products","7.12","3"
"Halliburton","HAL","28851.3","33.8","10459107","-.29","7.78","-12","61.52","9.61","-3.31","8.91","42.98","21.28","154","Oils-Energy","Oil and Gas - Field Services","7.16","3"
"Halozyme Therapeutics","HALO","12330.42","109.32","2457345","5.48","33.33","59.44","100","44.4","37.55","38.81","108.64","61.63","159","Medical","Medical - Biomedical and Genetics","24.86","2"
"Hamilton Insurance Group, Ltd.","HG","3469.25","35.04","396877","-.23","-3.03","21.18","85.04","12.79","24.7","21.02","37.28","23.24","85","Finance","Insurance - Multi line","19.56","2"
"Hamilton Lane","HLNE","5842.16","106.83","720102","4.32","19.94","19","37.86","-29.94","6.46","41.26","156.75","73.79","70","Finance","Financial - Investment Management","32.14","1"
"Hancock Whitney","HWC","6005.5","74.66","712779","-5.05","-.8","11.17","80.52","5.15","-1.75","34.4","79.78","54.52","75","Finance","Banks - Southeast","21.81","3"
"Happen Inc.","HAPN","2106.19","18.26","1377159","-4.9","-2.67","-.76","59.69","-13.81","26.92","18.67","21.58","13.32","103","Finance","Banks - Southwest","18.67","2"
"HarleyDavidson","HOG","2944.21","27.49","2053437","4.66","14.12","16.18","80.2","23.5","-13.76","5.56","31.03","17.19","56","Auto-Tires-Trucks","Automotive - Domestic","4.78","3"
"Harmonic","HLIT","1309.89","12.31","1752740","-10.57","5.82","-24.04","38.55","8.62","-15.9","13.52","17.11","8.81","43","Computer and Technology","Communication - Components","-8.5","3"
"Harmony Biosciences","HRMY","2242.1","38.95","743341",".94","6.91","21.03","86.24","-7.97","21.51","18.88","40.51","25.9","159","Medical","Medical - Biomedical and Genetics","18.88","3"
"Harrow, Inc.","HROW","1492.02","41.33","549733",".82","6.25","16.68","41.79","-27.35","36.41","-4.89","54.8","29.03","150","Medical","Medical - Drugs","-13.51","3"
"Hasbro","HAS","13457.05","96.74","1797056",".38","5.3","12.15","69.91","4.08","13.68","17.05","105.94","70.95","103","Consumer Discretionary","Toys - Games - Hobbies","15.97","3"
"Hayward Holdings","HAYW","3075.73","14.47","2572989","-1.76","-.34","3.5","33.57","-16.05","6.71","15.74","17.31","13.08","72","Computer and Technology","Electronics - Miscellaneous Products","13.83","2"
"HealthEquity","HQY","8811.67","105.385","664652","3","6.41","16.28","95.86","2.92","9.47","27.6","106.79","73.21","91","Medical","Medical Services","17.25","3"
"Healthcare Realty Trust Incorporated","HR","6621.35","19.39","3717080",".89","-10.27","-.82","53.89","1.96","-6.92","-7.67","21.87","16.34","82","Finance","REIT and Equity Trust - Other","-7.59","3"
"Healthcare Services Group","HCSG","1564.81","22.94","754600","5.6","-.65","14.34","75.22","6.67","7.08","5.19","25.31","15.18","197","Business Services","Business - Services","6.59","2"
"Healthpeak Properties, Inc.","DOC","14914.47","21.66","5493160","5.1","-3.95","13.84","83.1","20.32","4.52","8.24","22.82","15.78","82","Finance","REIT and Equity Trust - Other","8.24","3"
"Heartflow, Inc.","HTFL","4365.07","49.89","2002323","19.69","97.87","61.94","100","54.04","39.92","-19.89","50.2","20.49","99","Medical","Medical Info Systems","-55.82","3"
"Heartland Express","HTLD","967.43","12.29","818517","-2.42","-8.62","-19.39","59.41","23.92","-23.08","-.95","16.22","7.08","25","Transportation","Transportation - Truck","-2.98","2"
"Hecla Mining","HL","13704.08","20.92","37868464","8.4","34.3","16.31","52.69","-4.91","53.03","30.34","31.81","7.69","218","Basic Materials","Mining - Silver","20.84","3"
"Heico","HEI","49253.64","351.05","425002","-5.01","-1.25","5.83","80.65","-2.51","16.26","16.08","374.67","260.99","35","Aerospace","Aerospace - Defense Equipment","16.08","2"
"Helen of Troy","HELE","665.69","28.9","324803","1.53","1.1","7.2","89.96","20.31","-6.36","4.21","30.22","13.88","199","Consumer Staples","Cosmetics","-22.71","3"
"Helios Technologies","HLIO","2437.68","74.27","316016","-9.78","-5.73","-10.92","58.71","23.72","4.11","11.97","92.88","47.11","75","Industrial Products","Manufacturing - General Industrial ","8.01","2"
"Helix Energy Solutions Group","HLX","1469.4","10","1491905","-5.41","3.42","4.29","87.25","42.24","-4.94","3.57","10.55","6","154","Oils-Energy","Oil and Gas - Field Services","3.04","4"
"Helmerich & Payne","HP","4246.41","42.08","1302349","-4.99","26.35","8.31","91.68","32.52","35.89","-1.59","44.72","17.93","213","Oils-Energy","Oil and Gas - Drilling","-3.43","3"
"Henry Schein","HSIC","9975.58","89.65","1277166","-.01","5.79","17.16","95.72","5.94","4.03","4.59","90.74","62.03","72","Medical","Medical - Dental Supplies","2.96","3"
"Herbalife Ltd","HLF","1318.43","12.92","1541033","4.92","3.28","5.71","39.56","-12.7",".89","4.26","19.96","7.75","8","Retail-Wholesale","Retail - Pharmacies and Drug Stores","3.16","2"
"Herc Holdings","HRI","5282.17","156.09","443913","-8.73","-1.25","21.77","74.33","-4.75","22.65","4.08","181.12","91.04","66","Transportation","Transportation - Equipment and Leasing","1.01","3"
"Hercules Capital","HTGC","3275.37","17.59","1757975","5.8","10.83","11.54","64.01","-16.82","7.88","62.98","19.53","13.89","103","Finance","Financial - SBIC & Commercial Industry","67.68","3"
"Heritage Financial","HFWA","1188.19","28.77","356011","-1.89","-2.55","7.16","77.4","9.84","5.92","30.23","31.25","21.47","86","Finance","Financial - Savings and Loan","20.44","3"
"Heritage Insurance","HRTG","1028.44","34.2","358588","1.23","21.2","61.79","95.67","5.74","3.71","25.19","35.21","20.88","78","Finance","Insurance - Property and Casualty","25.19","1"
"Hershey","HSY","38163.82","187.18","1395831","4.9","5.41","1.9","37.35","-6.64","4.38","12.14","236.28","162.31","103","Consumer Staples","Food - Confectionery","12.24","3"
"Hesai Group Sponsored ADR","HSAI","2541","18.3","1788888",".44","17.63","-9.39","23.35","-27.52","52.14","14.77","29.8","14.6","179","Auto-Tires-Trucks","Automotive - Original Equipment","14.77","3"
"Hess Midstream Partners","HESM","8045.08","39.08","1254004","-1.61","-1.98","2.9","74.06","1.17","8.41","23.23","41.57","31.74","25","Oils-Energy","Energy and Pipeline - Master Limited Partnerships","23.23","3"
"Hewlett Packard","HPE","69427.99","53.44","16337552","-8.99","8.8","11.55","81.44","95.25","13.84","9.1","59.82","20","55","Computer and Technology","Computer - Integrated Systems","3.94","2"
"Hexcel","HXL","7000.46","93.63","913992","-10.21","-15.63","4.47","64.01","12.05","-.48","8.39","110.28","61.07","35","Aerospace","Aerospace - Defense Equipment","7.76","3"
"HighPeak Energy","HPK","1028.06","7.87","503259","3.17","20.09","8.98","95.71","53.42","-19.27","-2.47","8.32","3.89","201","Oils-Energy","Oil and Gas - Exploration and Production - United States","-10.52","3"
"Highwoods Properties","HIW","3504.43","31.91","1217218","3.62","-6.12","20.39","80.97","10.06","-2.39","20.74","34.4","20.58","82","Finance","REIT and Equity Trust - Other","20.74","3"
"Hillman Solutions Corp.","HLMN","1614.72","8.12","1511132","-5.9","3.11","12.16","34.05","-14.27","5.41","6.96","10.74","7.04","166","Construction","Building Products - Miscellaneous","2.57","3"
"Hilton Grand Vacations","HGV","3525.57","44.91","1223059",".98","-10.41","-14.58","47.29","-9.33","1.33","5.4","54.69","36.99","103","Consumer Discretionary","Hotels and Motels","2.86","3"
"Hilton Worldwide","HLT","74287.18","329.31","2178238","1.21","-.24","-.78","78.44","2.78","7.74","15.82","350.22","256.75","103","Consumer Discretionary","Hotels and Motels","12.69","3"
"Himax Technologies","HIMX","2344.28","13.67","1527779","-12.78","5.62","-38.66","37.72","46.79","-8.23","4.26","24.19","6.93","45","Computer and Technology","Electronics - Semiconductors","4.26","3"
"Hims & Hers Health","HIMS","7251.38","31.75","14423909","8.63","2.78","11.96","34.33","-14.38","59","-1.19","62.76","14.52","99","Medical","Medical Info Systems","-5.51","3"
"Hinge Health Inc.","HNGE","7260.88","89.87","1743157","2.4","19.8","47.7","97.37","73.28","50.58","21.67","91.57","31.17","99","Medical","Medical Info Systems","15.15","3"
"Hitachi","HTHIY","150535.27","33.41","422889","-5.5","9.32","3.23","58.79","-4.84","9.47","7.3","38.18","26.07","166","Conglomerates","Diversified Operations","7.3","3"
"Home BancShares","HOMB","6013.49","29.9","1343929","-3.38","-2.97","14.08","75.52","-3.21",".61","43.17","31.48","25.68","75","Finance","Banks - Southeast","32.1","3"
"Home Depot","HD","336457.09","337.88","3958340","-.13",".4","8.61","31.7","-12.28","3.24","8.72","423.42","297.51","201","Retail-Wholesale","Retail - Home Furnishings","8.41","3"
"Honda Motor Co.","HMC","50868.26","31.8","1180987","2.16","11.88","24.2","80.11","-1.11","1.66","-.73","34.85","23.49","162","Auto-Tires-Trucks","Automotive - Foreign","-.73","1"
"Hope Bancorp","HOPE","1783.35","13.87","1029602","-2.86",".94","13.23","88.2","13.85","-3.34","22.59","14.5","9.84","182","Finance","Banks - West","12.53","3"
"Horizon Bancorp IN","HBNC","1012","19.55","533997","-3.19","-3.19","7.82","81.08","3.95","12.8","32.27","20.8","15.04","64","Finance","Banks - Northeast","-36.38","3"
"Hormel Foods","HRL","13257.09","23.78","3644694",".29","-7.52","3.17","45.74","-9.08","1.55","6.37","29.25","19.74","244","Consumer Staples","Food - Meat Products","3.82","4"
"Host Hotels & Resorts","HST","15888.04","23","10342341","1.67","-7.13",".04","75.82","17","7.57","16.51","25.54","15.82","82","Finance","REIT and Equity Trust - Other","16.51","3"
"Howmet Aerospace","HWM","105344.3","264.04","2194488","-8.93","-8.56","3.04","75.86","14.87","11.06","20.17","292.65","171","72","Aerospace","Aerospace - Defense","20.52","1"
"HubSpot","HUBS","12175.83","237.69","2172471","13.48","9.49","-6.88","20.95","-45.57","19.17","17.7","522.97","170.28","90","Computer and Technology","Internet - Software","4.26","3"
"Hubbell","HUBB","24660.13","464.19","601902","-7.44","-6.27",".83","39.47","-5.99","3.84","16.61","557.85","407.36","8","Industrial Products","Manufacturing - Electrical Utilities ","14.49","3"
"HudBay Minerals","HBM","13146.69","30.79","5321169","7.87","31.97","-3.24","88.97","33.39","9.39","14.94","31.87","11.28","210","Basic Materials","Mining - Miscellaneous","27.48","3"
"Hudson Pacific Properties","HPP","798.29","14.91","775401","6.59",".55","20.18","57.6","21.5","-1.3","-70.04","21.48","5.51","82","Finance","REIT and Equity Trust - Other","-70.04","1"
"Hudson Technologies","HDSN","232.33","5.47","701783","-10.24","-11.54","5.34","12.14","-27.92","4","4.77","10.44","4.84","169","Industrial Products","Industrial Services","3.51","4"
"Humana","HUM","46424.25","389.71","1430853",".6","1.43","17.76","90.72","35.02","10.11","1.43","409.42","163.67","25","Medical","Medical - HMOs",".88","3"
"Huntington Bancshares","HBAN","34427.87","16.95","22678442","-5.07","-.7","7.64","47.53","-12.15","4.38","28.76","19.27","15.02","52","Finance","Banks - Midwest","16.64","3"
"Huntington Ingalls Industries","HII","11609.78","291.15","562380","-7.45","2.21","-.6","15.03","-22.5","8.23","5.01","453.73","266.48","72","Aerospace","Aerospace - Defense","5.01","3"
"Huntsman","HUN","1683.64","9.53","3159730","-6.89","-18.23","-36","25.74","-14.13","-5.85","-1.75","15.89","7.42","93","Basic Materials","Chemical - Diversified ","-3.05","3"
"Huron Consulting Group","HURN","2586.82","159.2","366234","9.61","39.55","47.02","75.91","-15.89","11.65","8.25","185.58","90.16","48","Business Services","Consulting Services","6.38","1"
"Hut 8 Corp.","HUT","9806.52","85.5","5230172","-9.63","-23.93","-39.9","52.12","54.91","44.79","-5.16","133.02","21.37","101","Finance","Financial - Miscellaneous Services","-188.59","3"
"Hyatt Hotels","H","16971.09","177.01","911871","-.83","-5.8","-1.94","67",".48","6.81","3.72","202.09","135.42","103","Consumer Discretionary","Hotels and Motels","1.1","3"
"ICICI Bank","IBN","106348.95","30.39","5201924",".82","-.84","15.11","54.61","-11.03",".19","42.85","33.33","25.2","86","Finance","Banks - Foreign","25.6","3"
"ICL Group","ICL","7421.37","5.64","1160156","5.31","11.65","-11.27","46.57","-9.92","4.56","6.91","6.84","4.8","25","Basic Materials","Fertilizers","3.95","3"
"ICON","ICLR","13282.9","168.91","778557","2.38","2.78","25.68","76.03","-14.84","-.37","10.24","202.92","80.08","91","Medical","Medical Services","3.99","3"
"ICU Medical","ICUI","4562.58","182.24","333528",".02","13.06","38.67","93.56","14.45","-6.33","9.69","187.26","114.13","101","Medical","Medical - Products","1.39","3"
"IDACORP","IDA","7995.5","137.66","488346","-2.29","-6.61","2.38","47.25","-2.3","-.75","18.78","154.55","123.61","154","Utilities","Utility - Electric Power","18.78","3"
"IDEAYA Biosciences","IDYA","3517.95","42.48","725431","9.58","8.89","38.35","97.25","3.6","3024.43","-75.93","40.51","23.39","159","Medical","Medical - Biomedical and Genetics","-75.93","4"
"IDEX","IEX","17227.6","230.27","707492","-2.79","4.41","12.57","91.59","17.48","5.77","17.6","240.52","159.28","75","Industrial Products","Manufacturing - General Industrial ","14.49","3"
"IDEXX Laboratories","IDXX","44078.82","550.01","640097","2.46",".6","-1.28","13.77","-26.02","10.42","25.03","766.68","526.44","149","Medical","Medical - Instruments","25.03","3"
"IMAX","IMAX","3004.8","53.9","1405900","4.58","21.46","35.32","100","32.6","16.47","22.25","54.79","25.97","54","Consumer Discretionary","Film and Television Production and Distribution","9.84","3"
"ING Group","ING","100188.8","35.3","2269932","-1.68","4.6","13.59","92.74","11.91","6.46","28.15","35.92","23.66","86","Finance","Banks - Foreign","28.15","2"
"IPG Photonics","IPGP","3008.89","71.73","540984","-19.71","-21.14","-38.57","0","-11.62","2.73","6.72","153.91","70.74","103","Computer and Technology","Lasers Systems and Components","2.58","3"
"IQVIA","IQV","42835.5","259.42","1507556","7.88","22.05","39.3","100","3.27","5.87","12.49","260.24","156.66","149","Medical","Medical - Instruments","8.1","3"
"IREN Limited","IREN","14227.25","42.21","47508148","-11.34","9.7","-39.06","35.59","-5.72","165.43","-42.78","76.41","19.59","101","Finance","Financial - Miscellaneous Services","20.9","3"
"IRHYTHM HLDGS","IRTC","4128.62","123.09","731106","7.12","11.68","14.73","26.82","-36.86","26.24","1.9","189.25","101.79","99","Medical","Medical Info Systems","-1.69","3"
"ITT","ITT","18323.43","205.98","926215","-6.76","3.62","8.13","70.54","5.66","8.48","13.69","221.69","164.9","166","Conglomerates","Diversified Operations","8.9","3"
"Iamgold","IAG","12520.17","22.17","6419084","14.44","48.2","25.5","82.81","18.25","74.7","32.85","24.57","8.46","231","Basic Materials","Mining - Gold","31.4","3"
"Ibotta, Inc.","IBTA","776.39","38.74","324644","6.96","40.24","7.11","97.96","51.27","-6.77",".56","38.84","19.25","166","Business Services","Technology Services","-3.21","3"
"Ichor Holdings","ICHR","2131.52","57.11","953424","-20.82","-27.32","-18.71","43.52","176.21","11.61","1.98","112.28","14.25","45","Computer and Technology","Electronics - Semiconductors","-3.97","1"
"Illinois Tool Works","ITW","80868.96","281.65","1211414","-1.16","-.31","15.52","73.26","3.12",".92","19.39","299.6","241.07","75","Industrial Products","Manufacturing - General Industrial ","19.39","3"
"Illumina","ILMN","33706.22","224.99","2118036","15.58","17.81","35.78","100","52.24","-.66","17.63","223.22","91","159","Medical","Medical - Biomedical and Genetics","18.36","3"
"Immatics","IMTX","1165.08","9.24","510867","-6.05",".7","-21.99","53.1","-25.97","-67.63","-495.71","11.87","5.09","159","Medical","Medical - Biomedical and Genetics","-495.71","3"
"Immersion","IMMR","250.27","7.66","598646",".4","-2.52","12.2","91.23","-.82","11.24",".26","7.74","5.46","232","Computer and Technology","Computer - Peripheral Equipment",".26","3"
"ImmunityBio","IBRX","8033.56","8.19","8578045","-4.29","8.44","4.7","58.52","242.44","668.31","-178.81","11.55","1.98","159","Medical","Medical - Biomedical and Genetics","-598.56","3"
"Immunocore","IMCR","1885.36","37.4","424660","4.45","8.41","25.68","70.99","-5.65","28.95","-4.2","40.22","27.79","159","Medical","Medical - Biomedical and Genetics","-4.2","3"
"Imperial Oil","IMO","66228.05","131.49","493731","1.53","8.87","13.37","97.47","41.93","-10.42","10.01","138.33","83.72","103","Oils-Energy","Oil and Gas - Integrated - Canadian","8.03","3"
"Impinj","PI","4919.57","166.22","504026","-6.23","23.58","12.85","46.27","-17.23","-1.37","17.43","241.91","91.34","45","Computer and Technology","Electronics - Semiconductors","-7.26","3"
"Incyte","INCY","25941.26","129.72","1790969","3.63","7.66","33.88","95.96","15.9","21.22","31.65","129.93","81.66","159","Medical","Medical - Biomedical and Genetics","27.71","3"
"Independence Realty Trust","IRT","3979.37","16.69","2868521","1.26","2.8","6.43","63.28","-13.62","2.76","6.52","18.11","14.76","97","Finance","REIT and Equity Trust - Residential","6.52","3"
"Independent Bank","INDB","3954.37","83.19","317234","-2.98","-1.46","7.65","83.8","2.18","19.41","32.45","87.17","64.39","64","Finance","Banks - Northeast","20.31","3"
"Indivior Pharmaceuticals Inc.","INDV","4269.73","35.97","2573776","-7.42","-9.62","3.73","70.76","-9.8","4.29","34.91","41.83","22.51","150","Medical","Medical - Drugs","26.65","2"
"Industria de Diseno Textil","IDEXY","211433.67","16.98","318092","4.24","9.14","11.36","96.42","-8.06","7.85","15.6","17.14","12.11","78","Retail-Wholesale","Retail - Apparel and Shoes","15.6","4"
"Industrial Logistics Properties Trust","ILPT","562","8.39","334890","-2.88","-6.55","-3.66","78.19","35.95","1.48","-10.37","9.36","5.05","82","Finance","REIT and Equity Trust - Other","-10.37","2"
"Infineon Technologies","IFNNY","82570.05","64.23","351001","-11.43","-10.72","-32.52","40.65","28.87","-.05","12.8","102.41","36.61","45","Computer and Technology","Electronics - Semiconductors","8.37","3"
"Infosys","INFY","47866.81","12.03","20210276","1.72","1.03","-11.86","13.67","-40.67","4.57","16.91","20.22","10.49","86","Computer and Technology","Computers - IT Services","16.38","4"
"Ingersoll Rand","IR","31036.07","78.57","4210235","-2.82","-5.52","12.73","37.89","-9.68","5.75","17.21","98.76","68.54","75","Industrial Products","Manufacturing - General Industrial ","12.08","3"
"Ingram Micro Holding Corporation","INGM","6412.4","29.02","900205","-.68","-4.63","-5.95","69.52","16.53","9.53","1.36","31.64","19.04","166","Business Services","Technology Services",".77","2"
"Ingredion","INGR","6692.98","105.03","648840","2.45","4.61","4.3","32.79","-13.9","-2.84","9.33","129.54","94.71","212","Consumer Staples","Food - Miscellaneous","8.21","4"
"Innodata Inc","INOD","1964.28","57.17","1643248","-11.15","-3.84","-50.46","26.05",".3","47.64","14.66","121.5","34.45","172","Construction","Engineering - R and D Services","14.66","3"
"Innovative Industrial Properties","IIPR","1566.05","57.63","305468","1.79","-7.52","-.91","60.83","7.28","-13.8","52.27","64.67","44.58","82","Finance","REIT and Equity Trust - Other","52.27","2"
"Innovative Solutions and Support","IA","374.81","21.46","308333","-15.5","8.61","23.03","56.74","-1.1","78.6","23.16","30.56","8.32","35","Aerospace","Aerospace - Defense Equipment","20.5","1"
"Innovex International, Inc.","INVX","2001.56","28.68","805988","-7.05","7.84","6.08","80.36","17.06","48.04","7.47","31.63","16.3","96","Oils-Energy","Oil and Gas - Mechanical and and Equipment","6.17","3"
"Innoviva","INVA","1519.32","21.17","664189",".33","-1.27","-2.23","57.6","-5.9","14.67","75.76","24.24","16.67","103","Medical","Large Cap Pharmaceuticals","81.19","3"
"Insight Enterprises","NSIT","4264.09","150.63","444890","-2.69","18.19","23.37","87.73","59.52","-5.22","4.36","156.6","64.43","8","Retail-Wholesale","Retail - Mail Order","2.45","1"
"Insmed","INSM","27074.94","123.89","3066955","-3.38","18.38","16.93","26.85","-36.28","66.73","-85.71","211.41","91.88","159","Medical","Medical - Biomedical and Genetics","-76.94","3"
"Insperity","NSP","1991.5","52.34","546344","3.33","3.76","41.8","90.26","20.45","3.51",".49","55.62","19.9","80","Business Services","Staffing Firms","-.23","3"
"Inspire Medical Systems","INSP","1777.12","61.07","746053","7.43","20.69","50.51","20.61","-40.38","13.6","7.36","143.99","40.05","99","Medical","Medical Info Systems","15.03","1"
"Installed Building Products","IBP","6508.98","246.98","318090",".55","7.15","21.35","33.15","-15.55","1","10.13","344.19","195.65","166","Construction","Building Products - Miscellaneous","8.46","2"
"Insulet","PODD","10085.49","143.05","1758962","4.09","-11.87","-1.83","5.54","-54.24","30.73","13.49","352.82","133.26","101","Medical","Medical - Products","12.29","3"
"Intapp","INTA","3130.84","40.71","798745","6.31","38.95","57.2","76.34","-20.12","14.62","17.92","47.67","19.14","90","Computer and Technology","Internet - Software","-7.15","3"
"Integer Holdings","ITGR","4251.38","125.39","1740175","-.01","25.83","38.72","98.41","42.64","7.98","11.98","126.07","63.32","149","Medical","Medical - Instruments","6.97","3"
"Integra LifeSciences","IART","1298.02","16.79","836490","-5.49","-14.54","6.51","71.14","20.2","1.53","11.57","19.85","8.9","149","Medical","Medical - Instruments","-.44","3"
"Intel","INTC","440139.44","87.48","112615064","-15.68","-4.81","-20.19","54.29","111.53","-.47","9.59","140.94","23.5","35","Computer and Technology","Semiconductor - General","-19.79","3"
"Intellia Therapeutics","NTLA","1759.99","13.51","3554446","3.89","17.71","-8.52","22.67","24.97","16.92","-672.16","27.98","8.04","159","Medical","Medical - Biomedical and Genetics","-672.16","3"
"Inter & Co. Inc.","INTR","2453.75","5.64","5736345","5.1","0","-9.89","9.88","-41.35","46.76","15.84","10.21","5.05","101","Finance","Financial - Miscellaneous Services","11.23","2"
"Interactive Brokers","IBKR","158316.06","98.19","4627663","-1.36",".85","4.92","88.29","29.42","101.04","16.37","97.41","60.16","34","Finance","Financial - Investment Bank","9.94","2"
"Intercontinental Exchange","ICE","91501.69","161.78","4157383","5.63","9.59","12.44","69.39","-9.98","7.47","41.36","180.67","122.91","201","Finance","Securities and Exchanges","30.08","3"
"Intercorp Financial Services","IFS","6107.29","54.57","305316",".62","-7.77","9.63","74.3","16.1","-.89","34.81","60.68","38.5","101","Finance","Financial - Miscellaneous Services","34.81","2"
"Interface","TILE","2221.81","38.95","462654",".6","13.46","30.79","92.94","22.61","5.41","9.73","39.32","24.45","49","Consumer Discretionary","Textile - Home Furnishing","10.1","2"
"International Business Machines","IBM","217670.72","234.19","6452079",".96","6.82","-27.9","20.47","-30.23","7.62","16.55","329.23","205.77","55","Computer and Technology","Computer - Integrated Systems","15.52","3"
"International Paper","IP","21733.55","40.99","4280779","1.94","-3.23","21.82","57.44","-6.8","26.93","-.69","49.68","29.38","217","Basic Materials","Paper and Related Products","-14.21","3"
"International Seaways","INSW","4950.65","99.05","504828","1.62","10.21","26.42","100","84.15","-11.38","53.13","99.95","43.29","42","Transportation","Transportation - Shipping","61.98","3"
"Intuit","INTU","101186.8","357.46","3698508","10.23","21.72","4.57","25.69","-50.05","15.63","30.64","702.09","255.07","91","Computer and Technology","Computer - Software","21.91","3"
"Intuitive Machines, Inc.","LUNR","3813.88","16.6","11239307","-18.25","25.17","-56.4","22.87","-8.18","-7.87","-13.06","45.7","8.05","72","Aerospace","Aerospace - Defense","-26.64","3"
"Intuitive Surgical","ISRG","131974.08","371.84","2842422","-4.29","4.69","-9.38","15.93","-41","20.51","33.39","592.85","332.02","149","Medical","Medical - Instruments","28.45","3"
"InvenTrust Properties","IVT","2559.25","32.68","631044","-1.8","-9.61","1.58","58.8","4.07","9.2","4.8","36.73","27.24","82","Finance","REIT and Equity Trust - Other","4.8","2"
"Invesco","IVZ","14384.98","32.72","4767749","-.37","7.77","17.49","98.99","10.49","5.11","27.43","32.57","20.67","70","Finance","Financial - Investment Management","-.93","1"
"Invesco Mortgage Capital","IVR","805.15","7.44","2497576","-.53",".54","-4.96","13.84","-20.44","3.05","191.2","9.41","7.17","232","Finance","REIT and Equity Trust","38.01","4"
"Invitation Home","INVH","17990.38","30.21","3808296","2.59","2.8","4.67","87.97","-1.96","4.21","23.69","31.29","24.39","97","Finance","REIT and Equity Trust - Residential","23.13","3"
"IonQ","IONQ","15643.95","42.05","20583622","-12.34","14.31","-40.73","26.07","-18.15","201.85","-216.58","82.09","26.59","55","Computer and Technology","Computer - Integrated Systems","-553.27","4"
"Ionis Pharmaceuticals","IONS","10310.08","63.57","2438633","5.82","10.86","-17.7","45.26","-29.85","33.9","-46.22","86.5","41.82","150","Medical","Medical - Drugs","-64.76","3"
"Iovance Biotherapeutics","IOVA","3650.95","8.44","20665594","13.52","64.49","103.54","87.05","164.09","60.6","-89.11","8.99","1.81","159","Medical","Medical - Biomedical and Genetics","-89.11","2"
"Iridium Communications","IRDM","5011.93","47.1","1143602","-5.49","2.92","-1.07","78.89","143.44","4.93","11.83","55.72","15.84","221","Computer and Technology","Satellite and Communication","10.55","3"
"Iron Mountain","IRM","36078.61","120.9","1726882","-6.71","-4.57","-4.11","78.1","30.69","12.23","9.28","133.06","78.86","103","Business Services","Business - Information Services","5.54","3"
"Itau Unibanco","ITUB","83293.97","7.66","20801382","2.17","-10.16","-3.47","34.37","-6.05","-51.69","25.39","9.57","6.45","86","Finance","Banks - Foreign","26.41","3"
"Itron","ITRI","4321.31","98.73","1099622","-1.91","16.41","16.39","34.36","-4.93","-3.02","14.05","138.18","78.02","8","Computer and Technology","Electronics - Testing Equipment","11.9","1"
"Ivanhoe Mines Ltd.","IVPAF","12495.03","9.04","403570","3.67","15.31","-4.78","25.47","-31.19","981.91","49.44","13.91","7","210","Basic Materials","Mining - Miscellaneous","23.47","3"
"J.B. Hunt Transport Services","JBHT","24406.61","262.18","868035","-8.29","-7.5","-7.01","77.03","19.62","-.73","5.31","298.41","130.65","25","Transportation","Transportation - Truck","5.31","2"
"JACOBS SOLUTNS","J","17902.24","150.87","939364","5.56","12.11","23.24","77.56","2.38","4.6","5.74","164.44","107.27","166","Construction","Building Products - Miscellaneous","2.4","3"
"JBS N.V.","JBS","10772.09","14.05","6358187","3.27","2.44","14.71","33.24","-13.9","11.66","1.22","18.42","11.62","212","Consumer Staples","Food - Miscellaneous","1.22","3"
"JBT Marel Corporation","JBTM","5969.98","117.93","700869","-3.07","-18.68","-11.37",".09","-31.68","121.34","9.94","168.55","115.03","166","Business Services","Technology Services","4.89","3"
"JD.com","JD","36449.18","29.36","9596353","2.46","-5.65",".38","36.52","-8.99","17.91","1.77","36.17","25.19","164","Retail-Wholesale","Internet - Commerce","1.13","3"
"JFrog","FROG","11114.38","89.48","2320981","-4.75","10.97","2.07","87.43","29.09","24.12","20.53","98.1","34.75","90","Computer and Technology","Internet - Software","-7.35","3"
"JPMorgan Chase & Co.","JPM","947351.06","356.69","6041845","-1.27",".05","20.17","89.32","-1.06",".52","31.54","365.18","282.84","34","Finance","Financial - Investment Bank","21.86","2"
"Jabil","JBL","31948.54","308.68","1072847","-17.57","-2.12","-15.3","58.2","19.61","3.18","3.85","385.63","192.49","6","Computer and Technology","Electronics - Manufacturing Services","2.57","3"
"Jack Henry & Associates","JKHY","12114.87","173.62","966243","13.77","11.46","21.62","68.07","-16.42","7.12","19.76","192.6","123.42","86","Computer and Technology","Computers - IT Services","19.76","3"
"Jack In The Box","JACK","341.97","16.7","929325","4.27","13.78","32.27","59.72","-15.84","-6.75","4.93","23.52","9.4","151","Retail-Wholesale","Retail - Restaurants","2.84","3"
"James Hardie Industries","JHX","17526.17","30.34","6815889","-.76","13.28","31.7","93.89","30.19","24.71","12.53","31.08","16.69","166","Construction","Building Products - Miscellaneous","2.69","2"
"Janus International Group","JBI","695.82","5.05","1601785","-.2","-5.03","-2.86","6.18","-30.25","-8.26","7.07","10.57","4.74","166","Construction","Building Products - Miscellaneous","3.68","3"
"Jazz Pharmaceuticals","JAZZ","16518.81","260.23","769386","2.46","-.38","9.38","94.93","33.9","4.88","37.76","261.62","120.53","159","Medical","Medical - Biomedical and Genetics","20.45","3"
"Jefferies Financial Group","JEF","10057.18","52.45","1998731","-4.86","-7.7","-2.41","46.27","-25.07","53.86","11.73","70.36","36.02","101","Finance","Financial - Miscellaneous Services","7.58","3"
"Jefferson Capital, Inc.","JCAP","1269.68","21.86","434281","-6.51","8.22","32.71","77.71","-11.47","41.53","24.91","24","15.52","101","Finance","Financial - Miscellaneous Services","23.5","3"
"JetBlue Airways","JBLU","1867.69","5.08","31492108","-5.53","-8.84","-3.88","37.86","-2.69","-2.34","-9.41","6.46","4.03","151","Transportation","Transportation - Airline","-9.32","3"
"JinkoSolar","JKS","846.3","15.5","575705","-2.77","5.97","-26.04","9.88","-43.99","-25.9","-4.1","30.58","14.58","219","Oils-Energy","Solar","-5.62","3"
"Joby Aviation, Inc.","JOBY","7111.8","7.22","30920444","-9.1","-2.44","-39.93","4.18","-51.28","39183.09","-716.81","19.57","6.65","72","Aerospace","Aerospace - Defense","-755.11","3"
"John Wiley & Sons","WLY","2700.45","53.89","402391","4.72","4.29","21.91","90.64","55.36","-.06","13.29","55.72","28.79","235","Consumer Staples","Publishing - Books","13.22","3"
"Johnson & Johnson","JNJ","657998.69","273.14","6782005","4.07","2.67","22.16","99.63","18.02","6.05","27.07","273.41","174.16","103","Medical","Large Cap Pharmaceuticals","21.48","3"
"Johnson Controls International","JCI","86614.98","141.82","3661881","-7.1","-.28","6.78","76.46","6.81","2.81","11.77","154.76","104.75","190","Construction","Building Products - Wood","14.32","3"
"Joint Stock Company Kaspi.kz Sponsored ADR","KSPI","20230.3","108.75","597838","7.48","23.1","18.07","100","21.89","59.58","24","106.46","68.84","151","Business Services","Financial Transaction Services","24","3"
"Jones Lang LaSalle","JLL","17814.64","392.79","355345","4.56","16.23","35.93","97.27","2.94","11.45","3.82","390.21","280.16","182","Finance","Real Estate - Operations","3.64","2"
"KB Home","KBH","3411.27","57.11","899859",".36","-3.44","8.86","46.23","-11.77","-10.01","5.38","67.97","45.04","103","Construction","Building Products - Home Builders","4.94","3"
"KBR","KBR","4751.49","37.69","1617639",".37","2.36","5.72","35.41","-16.14",".57","6.55","51.61","30.06","172","Construction","Engineering - R and D Services","5.49","3"
"KE Hodlings","BEKE","19815.1","18.01","3186353","5.1","8.05","3.09","56.56",".52","5.63","7.51","20.36","14.26","169","Computer and Technology","Internet - Services","5.38","3"
"KINETIK HLDGS","KNTK","8882.14","54.23","1125884","3.25","12.02","20.14","99.96","35.73","18.98","26.83","54.71","31.68","154","Oils-Energy","Oil and Gas - Field Services","26.19","3"
"KKR & Co.","KKR","96334.25","107.58","5213237","-1.39","5.6","12.96","35.81","-24.7","-11.04","82.52","149.34","83.88","70","Finance","Financial - Investment Management","14.41","3"
"KKR Real Estate Finance Trust","KREF","439.92","7.6","819790",".54","2.6","12.93","40.85","-18.28","-22.85","-11.33","9.87","5.88","232","Finance","REIT and Equity Trust","-47.33","2"
"KLA","KLAC","237229.7","183.34","11474261","-11.76","-10.72","-6.41","44.72","33.67","11.71","36.52","301.71","84.39","72","Computer and Technology","Electronics - Miscellaneous Products","35.57","2"
"KT","KT","9137.56","19.23","1745717","-.26","1.17","4.01","23.21","-10.64","2.63","5.51","24.54","17.26","191","Computer and Technology","Wireless Non-US ","5.51","3"
"Kanzhun","BZ","6333.13","16.29","3979649","-.71","-1.84","9.97","22.76","-32.23","17.32","44.73","24.91","12.65","90","Computer and Technology","Internet - Software","40.21","3"
"Karman Holdings Inc.","KRMN","6808.26","49.2","2465835","-16.85","1.58","-4.25","9.27","-37.2","36.57","10.4","115.29","44.84","35","Aerospace","Aerospace - Defense Equipment","6.31","3"
"Kayne Anderson BDC, Inc.","KBDC","888.21","13.52","415656",".98","-1.18","-9.55","12.06","-15.98","10.66","49.34","15.71","13.14","103","Finance","Financial - SBIC & Commercial Industry","31.54","4"
"Kearny Financial","KRNY","637.61","9.89","655998",".51","3.92","21.08","100","18.54","1.05","20.93","9.82","6.05","86","Finance","Financial - Savings and Loan","10.45","3"
"Kelly Services","KELYA","583.15","17.03","350751","4.35","6.81","39.8","96.67","70.67","-1.87",".67","17.09","8.08","80","Business Services","Staffing Firms","-6.73","3"
"Kemper","KMPR","1629.81","27.78","869854","5.53","-6.11","10.42","15.13","-38.97","3.26","1.6","54.37","22.9","85","Finance","Insurance - Multi line","-10.84","3"
"Kennametal","KMT","2233.22","29.27","1778156","-7.89","-17.04","-7.69","38.78","-7.75","19.82","15","43.27","20.45","103","Industrial Products","Manufacturing - Tools & Related Products","14.53","3"
"Kenvue Inc.","KVUE","37320.63","19.33","21545508","3.41","-.26","11.99","70.93",".75","-2.14","14.66","21.61","14.11","184","Consumer Staples","Consumer Products - Staples","10.76","3"
"Kestra Medical Technologies, Ltd.","KMTS","1577.01","26.92","318355","-3.27","17.92","33.28","88.23","-9.23","59.03","-135.11","28.35","16.12","101","Medical","Medical - Products","-138.36","3"
"Keurig Dr Pepper","KDP","44240.45","31.84","12813628","7.36","7.93","7.65","72.83","3.82","8.16","14.68","35.2","25.3","103","Consumer Staples","Beverages - Soft drinks","7.1","3"
"KeyCorp","KEY","23338.1","21.89","9536140","-5.08","-2.84","4.64","70.6","-5.22","21.57","25.35","23.99","16.78","56","Finance","Banks - Major Regional","17.83","3"
"Keysight Technologies","KEYS","53090.36","320.12","1394537","-13.98","-.96","-5.86","70.69","36.76","7.95","26.36","373.34","159.49","49","Computer and Technology","Electronics - Measuring Instruments","19.08","2"
"Kilroy Realty","KRC","4289.48","37.2","1229476","2.36","-6.42","8.47","54.78","-11.72","-2.02","15.47","44.44","27.72","82","Finance","REIT and Equity Trust - Other","15.47","3"
"Kimbell Royalty","KRP","1773.32","15.17","1009039","3.27","5.39","1.58","96.47","17.59","7.93","27.17","15.61","11.36","235","Oils-Energy","Oil and Gas - Royalty Trust - United States","27.17","3"
"KimberlyClark","KMB","37039.33","111.02","3453543","3.21","-.06","13.7","45.3","-1.26","-18","14.94","133.49","93.05","184","Consumer Staples","Consumer Products - Staples","11.79","3"
"Kimco Realty","KIM","16246.52","24.06","4283779","-.57","-8.19","2.45","67.27","6.88","5.06","27.76","26.38","19.78","103","Finance","REIT and Equity Trust - Retail","27.76","3"
"Kinder Morgan","KMI","69030.87","30.94","10428853","-4.11","-2.36",".49","60.92",".87","12.17","18.92","34.31","25.84","184","Oils-Energy","Oil and Gas - Production and Pipelines","19.31","3"
"Kingsoft Cloud","KC","3148.08","10.51","1759989","-8.52","4.93","-21.83","19.11","-9.86","28.16","-3.27","18.21","8.58","90","Computer and Technology","Internet - Software","-5.49","3"
"Kiniksa Pharmaceuticals International, plc","KNSA","6193.55","80.2","679597",".25","24.94","63.91","96.78","72.14","60.09","9.59","80.92","33.04","159","Medical","Medical - Biomedical and Genetics","9.59","3"
"Kinross Gold","KGC","39122.22","33.48","8765763","18.98","37.88","13.18","72.57","4.76","36.95","35.9","38.07","19.51","231","Basic Materials","Mining - Gold","37.52","4"
"Kirby","KEX","7324.42","137.64","545586","-1.71","-4.38","-2.47","80.91","12.62","3.01","10.18","152.59","79.95","42","Transportation","Transportation - Shipping","10.18","3"
"Kite Realty Group Trust","KRG","5261.11","26.44","2695128","-.83","-10.92","-2.45","58","-2",".3","41.8","29.83","21.33","103","Finance","REIT and Equity Trust - Retail","41.8","3"
"Klarna Group plc","KLAR","5326.64","14.27","6846293","-27.68","-23.69","-21.17","5.48","-56.34","24.83","-3.54","45.82","12.27","151","Business Services","Financial Transaction Services","-3.54","3"
"Klaviyo, Inc.","KVYO","5182.04","17.6","6920996","3.76","2.65","-.87","23.16","-49.86","31.63","17.14","35.92","12.86","90","Computer and Technology","Internet - Software",".49","3"
"KnightSwift Transportation","KNX","11249.7","68.5","3358371","-5.05","-2.28","-11.29","69.36","18.26",".8","2.75","82.45","38.94","25","Transportation","Transportation - Truck",".56","3"
"Knowles","KN","2784.38","33.64","873283","-16.39","-12.74","-13.78","54.57","36.08","7.17","17.75","42.8","20.35","43","Computer and Technology","Communication - Components","10.63","2"
"Kodiak Gas Services, Inc.","KGS","5983.34","58.93","1715336","-10.5","2.49","-9.33","60.55","41.54","12.83","12.42","76.27","32.95","96","Oils-Energy","Oil and Gas - Mechanical and and Equipment","5.77","3"
"Kohl's","KSS","2075.22","17.68","3550888","-5.08","-1.03","22.82","50.65","-19.8","-4.28","1.2","24.71","11.72","24","Retail-Wholesale","Retail - Regional Department Stores","1.76","2"
"Koninklijke Philips","PHG","27048.99","27.43","1043701","2.61","9.99","5.52","31.69","-9.1","3.44","8.99","32.91","25.02","101","Medical","Medical - Products","6.3","3"
"Kontoor Brands","KTB","4548.82","80.01","738299","1.79","-2.97","16.32","83.9","21.87","20.9","10.67","88.17","57.48","93","Consumer Discretionary","Textile - Apparel","8.21","2"
"KornFerry International","KFY","4351.4","84.4","326142","2.02","4.39","17.23","98.71","14.8","6.43","9.66","85.06","59.54","80","Business Services","Staffing Firms","9.44","3"
"Kraft Heinz Company","KHC","30440.1","25.32","14512310","3.72","-2.1","8.63","65.11","-5.31","-3.5","11.51","28.06","21.21","212","Consumer Staples","Food - Miscellaneous","-13.64","3"
"Kratos Defense & Security Solutions","KTOS","9962.37","52.64","4013588","-16.15","7.32","-16.41","10.58","-37.46","18.53","8.07","130.72","43.88","35","Aerospace","Aerospace - Defense Equipment","2.03","3"
"Kronos Worldwide","KRO","1002.5","8.91","468034","7.66","42.09","24.61","100","76.27","-1.47","-4.82","8.71","4.33","93","Basic Materials","Chemical - Diversified ","-5.63","3"
"Krystal Biotech","KRYS","10114.51","356.19","306863","1.78","-2.87","14.63","84.86","23.98","33.94","54.82","378.15","137.46","159","Medical","Medical - Biomedical and Genetics","54.82","3"
"Kulicke and Soffa Industries","KLIC","4370","84.53","1040005","-17.94","-14.98","-19.19","48.94","63.96","-7.38","15.19","133.81","35.29","25","Computer and Technology","Electronics - Manufacturing Machinery","12.18","1"
"Kura Oncology","KURA","1103.11","13.59","1904846","9.93","22.17","37.24","97.47","6.75","25.24","-384.3","12.53","7.4","159","Medical","Medical - Biomedical and Genetics","-384.3","2"
"Kyivstar Group Ltd.","KYIV","3086.65","13.88","378201","1.91","-2.09","-6.44","59.06","-7.86","25.9","25.39","16.17","9.33","191","Utilities","Wireline Non-US","12.73","3"
"Kymera Therapeutics","KYMR","10065.38","126.64","670342","-.3","10","54.26","92.77","39.16","-16.7","-281.66","127.31","40.69","159","Medical","Medical - Biomedical and Genetics","-285.33","3"
"Kyndryl Holdings, Inc.","KD","2777.18","13.02","4606775",".24","-.08","-1.09","9.58","-57.06",".23","1.5","33.14","10.59","166","Business Services","Technology Services",".58","3"
"L3Harris Technologies","LHX","48942.79","262.17","1757251","-5.59","-13.4","-15.1","0","-19.92","2.53","9.41","378.48","262.83","72","Aerospace","Aerospace - Defense","8.17","3"
"LATAM Airlines Group","LTM","15262.66","54.7","726365","1.66","1.62","2.13","43.08","-11.96","12.95","9.95","68.46","41.58","151","Transportation","Transportation - Airline","9.69","3"
"LIBERTY ENERGY","LBRT","3015.78","18.38","4701056","-16.91","9.61","-37.08","35.38","-10.45","-7.16",".55","33.93","10.02","154","Oils-Energy","Oil and Gas - Field Services","2.92","3"
"LPL Financial","LPLA","28676.37","361.88","672782","-1.09","9.79","32.41","77.18","-8.79","37.18","9.05","393.25","265.86","34","Finance","Financial - Investment Bank","5.13","2"
"LSI Industries","LYTS","719.2","20.65","369703","-20.85","-15.74","-18.71","24.5","-4.35","20.23","3.28","26.8","17.25","103","Construction","Building Products - Lighting","3.28","3"
"LTC Properties","LTC","2178.86","40.69","542184","-.22","-3.62","11.53","72.93","5.17","25.26","126.42","42.81","33.98","82","Finance","REIT and Equity Trust - Other","38.84","3"
"LXP Industrial Trust","LXP","3603.47","61.02","680138",".76",".76","21.73","99.84","10.27","-2.3","18.66","61.15","42.85","97","Finance","REIT and Equity Trust - Residential","18.66","3"
"Labcorp Holdings Inc.","LH","27520.47","337.68","687857","4.95","12.67","32.11","100","20.99","7.25","10.11","339.34","246.64","91","Medical","Medical Services","6.99","3"
"Ladder Capital Corp","LADR","1271.19","9.97","1245127","1.42","2.98","-.79","23.18","-18.45","-23","50.44","11.81","9.48","232","Finance","REIT and Equity Trust","12.62","4"
"Lam Research","LRCX","388122.22","314.66","10306730","-9.79","6.36","-2.19","63.38","62.08","26.02","31.57","433.33","97.03","45","Computer and Technology","Electronics - Semiconductors","31.27","2"
"Lamar Advertising","LAMR","15504.62","151.85","738110",".2","-5.16","1.47","75.84","7.89","2.68","23.9","164.33","116.11","82","Finance","REIT and Equity Trust - Other","23.9","2"
"Lamb Weston","LW","7534.08","55.36","1321998","4.4","3.18","28.73","58.1","17.02","2.5","6.35","66.57","38.48","212","Consumer Staples","Food - Miscellaneous","4.39","3"
"LandBridge Company LLC","LB","6714.14","85.94","369434","9.57","15.55","23.79","94.26","59.03","81.07","16.49","89.71","44.2","204","Oils-Energy","Oil and Gas - Integrated - United States","16.49","3"
"Landstar System","LSTR","6105.93","178.48","558344","-6.96","-6.11","-15.69","56.59","12","-1.57","3.47","225.37","120.68","25","Transportation","Transportation - Truck","2.64","2"
"Lantronix","LTRX","252.47","5.86","715391","-13.68","5.13","-24.27","45.91","-12.38","-23.33","4.19","8.45","3.44","83","Computer and Technology","Computer - Networking","-5.52","4"
"Latham Group","SWIM","823.52","7.14","954126","-1.82","24.33","31.58","64.18","-1.39","7.35","2.14","8.25","4.76","166","Construction","Building Products - Miscellaneous",".92","3"
"Lattice Semiconductor","LSCC","15639.45","116.1","1893622","-13.96","-7.13","-21.13","56.13","38.77","2.72","32.75","155.27","61.53","45","Computer and Technology","Electronics - Semiconductors","5.58","3"
"Laureate Education","LAUR","5139.43","38.36","950403","-1.06","-.45","12.72","77.68","-.88","8.64","14.46","40.46","26.35","157","Consumer Discretionary","Schools","17.57","3"
"LeMaitre Vascular","LMAT","1828.63","78.97","463197","-3.09","-19.18","-12.54","2.5","-11.81","13.53","23.81","117.39","79","101","Medical","Medical - Products","25.02","4"
"Lear","LEA","6062.01","123.65","783840","-1.59","-15.24","-14.62","50.33","-4.07","-.2","3.15","148.68","96.78","179","Auto-Tires-Trucks","Automotive - Original Equipment","2.35","3"
"LegalZoom.com","LZ","1027.59","5.87","3449474","10.29","-20.64","-10.18","9.91","-45.95","10.88","14.08","11.18","5.43","169","Industrial Products","Industrial Services","2.13","3"
"Legend Biotech","LEGN","3889.39","21.3","2565670","1.4","8.67","-17.92","21.85","-13.84","64.04","-7.21","36.28","16.65","159","Medical","Medical - Biomedical and Genetics","-7.21","3"
"Leggett & Platt","LEG","1281.2","9.32","1840124","-1.88","-14.49","-6.48","20.23","-23.72","-7.49","3.52","12.89","8.49","35","Consumer Discretionary","Furniture","5.64","2"
"Leidos","LDOS","17371.89","134.54","1562755","-2.69","20.43","8.39","38.6","-31.36","3.07","8.87","199.55","100","86","Computer and Technology","Computers - IT Services","7.8","3"
"Lemonade","LMND","4167.81","54.42","1567542","7.81","-13.13","-8.29","13.15","-32.33","40.15","-14.2","96.57","47.38","85","Finance","Insurance - Multi line","-14.2","3"
"LendingTree","TREE","434.8","30.56","505406","-1.21","-23.34","-22.36",".83","-47.82","24.12","4.71","76.51","30.59","234","Finance","Financial - Mortgage & Related Services","14.33","3"
"Lennar","LEN","21237.32","87.68","2371746","1.87","3.67","-2.16","10.44","-23.29","-3.54","4.79","142.4","81.84","103","Construction","Building Products - Home Builders","4.93","4"
"Lennox International","LII","13793.17","389.06","646196","-4.09","-27.09","-19.66","0","-26.48","-2.73","14.86","591.92","399.1","44","Construction","Building Products - Air Conditioner and Heating","14.61","3"
"Lenovo Group","LNVGY","47187.1","79.86","339207","-10.03","21.92","13.38","82.17","187.27","20.26","3","87.75","22.31","75","Computer and Technology","Computer - Micro Computers",".88","3"
"Leonardo DRS, Inc.","DRS","10411.44","38.16","810282","-13.98","-19.48","-18.66","37.69","2.36","12.8","9.39","49.69","32.55","35","Aerospace","Aerospace - Defense Equipment","8.52","2"
"Levi Strauss & Co.","LEVI","8358.95","21.1","2137141","-3.77","-14.92","-6.3","50","-6.32","-1.15","8.7","25.53","17.91","78","Retail-Wholesale","Retail - Apparel and Shoes","9.66","3"
"Li Auto","LI","13371.1","12.27","3047113",".56","-1.11","-14.17","4.95","-34.06","-18.85","-1.72","26.69","11.74","162","Auto-Tires-Trucks","Automotive - Foreign","-1.72","4"
"Liberty Global Ltd","LBTYA","3656.46","10.79","2408528","3.38","9.05","-11.7","30.84","-13.92","12.36","-62.12","13.03","9.69","219","Utilities","Diversified Communication Services","-62.12","4"
"Liberty Latin America","LILA","1649.48","8.65","597877","-1.06","8.09","4.86","88.94","1.92","-.33","-2.2","8.87","4.8","189","Computer and Technology","Wireless National","-2.2","4"
"Life Time Group Holdings","LTH","10218.92","44.55","3188357",".86","4.5","45.92","100","53.9","14.28","11.86","45.73","24.59","191","Consumer Discretionary","Leisure and Recreation Services","13.07","1"
"Life360, Inc.","LIF","3609.58","44.55","1080195","-11.72","-17.7","-7.98","8.52","-38.22","31.76","13.4","110.89","38.1","56","Industrial Products","Security and Safety Services","25.73","3"
"LifeStance Health Group","LFST","4716.07","12.28","4223403","-3.11","11.77","53.15","91.65","54.51","13.85","3.19","12.83","4.81","45","Medical","Medical - Outpatient and Home Healthcare","3.19","2"
"LightPath Technologies","LPTH","830.7","13.79","2700128","-10.61","21.15","-20.09","65.74","9.58","17.26","-12.64","18.15","3.79","52","Computer and Technology","Electronics - Miscellaneous Components","-37.38","3"
"Lightspeed POS","LSPD","1455.02","10.64","839074","3.23","2.42","6.77","43.19","-21.81","13.95","5.73","13.44","8.37","90","Computer and Technology","Internet - Software","-7.81","3"
"Lincoln Educational Services","LINC","787.64","25.42","1136987","-13.55","-38.84","-49.73","18.56","-8.03","17.76","4.99","55.68","17.8","157","Consumer Discretionary","Schools","3.99","3"
"Lincoln Electric","LECO","15383.7","280.15","510773","-1.32","9.89","11.92","78.73","5.35","5.6","13.02","298.88","220.64","103","Industrial Products","Manufacturing - Tools & Related Products","12.35","2"
"Lincoln National","LNC","8113.54","42.61","2266453","-5.13","2.86","22.38","67.94","-14.87","-1.25","8.69","47","32.59","174","Finance","Insurance - Life Insurance","12.21","3"
"Lindblad Expeditions","LIND","2093.27","31.74","829997","-2.65","13.56","38.94","88.8","97.88","19.59",".16","34.48","11.45","191","Consumer Discretionary","Leisure and Recreation Services","-2.08","3"
"Linde PLC","LIN","225894.11","487.2","2294424","3.31","-3.35","-1.48","64","2.8","2.97","22.75","546.64","389.38","100","Basic Materials","Chemical - Specialty","20.43","3"
"Lineage, Inc.","LINE","9290.57","41.24","967797","0","-4.11","-7.34","67.67","4.27",".28","-3.15","45.1","31.8","82","Finance","REIT and Equity Trust - Other","-3.15","3"
"Lionsgate Studios Corp.","LION","3436.02","11.78","2697939","-3.35","-12.96","-16.67","53.76","13.16","-17.64","2.69","16.4","5.91","162","Consumer Discretionary","Media Conglomerates","-4.1","3"
"Liquidia Corporation","LQDA","6289.79","70.49","1618275","-9.56","-16.76","19.62","70.01","82.25","1031.18","30.74","91.03","21.8","159","Medical","Medical - Biomedical and Genetics","30.74","3"
"Lithia Motors","LAD","8101.88","371.89","352461","-.26","6.68","25.56","68.06","-.8","3.86","2.1","427.48","243","211","Retail-Wholesale","Automotive - Retail and Whole Sales","1.88","3"
"Littelfuse","LFUS","10245.09","405.39","332131","-14.51",".09","-12.97","66.27","42.66","8.92","12.73","489.1","234.94","52","Computer and Technology","Electronics - Miscellaneous Components","-.31","2"
"LivaNova","LIVN","4311.62","79.41","714519","-3.95","-2.88","6.03","80.24","13.77","10.75","15.95","85.32","49.57","149","Medical","Medical - Instruments","12.82","3"
"Live Nation Entertainment","LYV","43495.65","186.77","2136045",".08","2.89","8.3","93.84","15.87","8.83","1.69","188.46","125.61","54","Consumer Discretionary","Film and Television Production and Distribution",".34","3"
"LiveRamp","RAMP","2287.72","37.72","891660","-.13","-.5",".13","97.56","14.61","9.03","19.02","38.01","22.42","166","Business Services","Technology Services","18.71","3"
"Lloyds Banking Group","LYG","87801.2","6.08","13785878","-1.79","-1.47","11.44","88.06","1.94","-41.55","24.97","6.28","4.27","86","Finance","Banks - Foreign","24.97","3"
"Loar Holdings Inc.","LOAR","6813.02","73.11","635134","-6.57","1.38","16.17","67.39","-4.34","23.2","21.65","81.9","53.75","35","Aerospace","Aerospace - Defense Equipment","11.6","1"
"Lockheed Martin","LMT","130198.3","556.52","1107040","-4.99","-2.73","9.22","52.61","4.33","5.64","8.65","676.7","439.19","72","Aerospace","Aerospace - Defense","8.16","3"
"Logitech International","LOGI","14249.91","98.65","1118026","-3.87","-9.84","-23.26","27.83","-13.24","6.28","19.05","126.69","85.84","232","Computer and Technology","Computer - Peripheral Equipment","16.28","3"
"Loma Negra Compania Industrial Argentina","LOMA","1124.96","9.75","451119","3.21","-17.04","-21.37","41.9","-33.41","-9.74","5.05","13.12","7.13","103","Construction","Building Products - Home Builders","5.05","3"
"Lowe's Companies","LOW","121662.22","214.6","2920290",".54","2.57","4.47","17.62","-19.52","3.12","7.74","287.39","201.92","201","Retail-Wholesale","Retail - Home Furnishings","7.34","4"
"Lsb Industries","LXU","771.81","10.28","932512","2.1","-6.46","-17.73","32.46","12.81","17.77","5.58","16.88","7.76","93","Basic Materials","Chemical - Diversified ","5.58","3"
"Lucid Group","LCID","2005.82","5.26","11432032","-18.17","-21.69","-23.46","2.33","-56.93","67.58","-249.21","24.77","4.62","56","Auto-Tires-Trucks","Automotive - Domestic","-249.21","3"
"Luckin Coffee","LKNCY","10037.62","35.8","1596974","-2.51","11.01","7.63","47.72","-6.54","48.92","8.16","43.03","27.67","103","Consumer Staples","Beverages - Soft drinks","6.78","1"
"Lumen Technologies","LUMN","5848.29","5.89","13904899","-13.83","-9.42","-46.51","18.08","-34.73","-5.39","-4.29","11.83","4.31","219","Utilities","Diversified Communication Services","-8.65","3"
"Lumentum","LITE","74466.24","885.565","5344820","-14.32","16.6","-8.27","76.18","101.47","83.22","25.96","1053.09","117.43","43","Computer and Technology","Communication - Components","-230.15","1"
"Luxfer","LXFR","458.12","17.15","405736","0","0","-1.89","74.11","13.19","-1.86","8.48","19.08","11.51","75","Industrial Products","Manufacturing - General Industrial ","2.2","4"
"Lyft","LYFT","6692.59","17.65","11207863","2.67","17.16","18.98","42.2","-18.35","9.16","3.16","24.57","12.65","169","Computer and Technology","Internet - Services","42.32","3"
"LyondellBasell Industries","LYB","21062.07","62.55","4453099",".73","11.23","-2.89","57.16","34.69","-25.18","5.79","82.38","42.28","93","Basic Materials","Chemical - Diversified ","-1.13","3"
"M&T Bank","MTB","34918.41","240.41","958365","-4.38","-2.61","14.26","83.7","7.35","-1.67","30.71","254.09","178.63","56","Finance","Banks - Major Regional","22.72","3"
"MACOM Technology Solutions","MTSI","19660.17","266.27","1559000","-21.4","-2.15","-27.24","47.04","34.44","32.58","29.53","409.68","122.18","32","Computer and Technology","Semiconductor - Analog and Mixed","20.7","1"
"MARRIOTT VAC WW","VAC","3933.1","117.02","560959","-4.29","15.66","26.12","86.88","77.3","1.31","5.06","124.75","45.49","191","Consumer Discretionary","Leisure and Recreation Services","-6.47","1"
"MDU Resources Group","MDU","4085.93","19.98","1540477","-2.97","-4.45","-3.67","59.14","-8.53","6.66","10.65","22.8","15.85","159","Utilities","Utility - Gas Distribution","10.75","3"
"METALLUS INC","MTUS","776.34","19.29","395606","-14.98","-10.25","-4.24","55.82","-2.37","6.85","1.89","22.03","14.56","25","Basic Materials","Steel - Speciality",".66","4"
"MGIC Investment","MTG","6379.38","31.24","1629698","-.03","3.67","24.1","99.05","-4.79",".49","59.15","31.16","24.86","85","Finance","Insurance - Multi line","59.2","1"
"MGM Resorts International","MGM","10992.09","43.34","2395621","-.21","-5.64","-13.81","64.95","7.1","1.72","4.38","50.69","30.72","197","Consumer Discretionary","Gaming","2.4","3"
"MINISO Group Holding Limited","MNSO","3441.21","11.26","678010","3.25","-10.84","-17.89","2.7","-47","31.71","11.67","26.63","10.68","78","Retail-Wholesale","Retail - Apparel and Shoes","9.03","3"
"MKS Inc.","MKSI","18193.18","270.48","1630413","-16.11","-14.77","-15.29","49.12","50.61","9.62","15.8","444.8","99.42","72","Computer and Technology","Electronics - Miscellaneous Products","10.15","2"
"MNTN Inc.","MNTN","800.27","13.22","1197920","3.77","38.73","20.39","33.84","-3.13","28.6","18.43","23","7.78","166","Business Services","Technology Services","18","3"
"MP Materials","MP","10226.59","60.17","7534857","-1.86","33.13","-17.13","31.91","1.67","10.1","1.64","98.65","38.1","210","Basic Materials","Mining - Miscellaneous","-19.85","3"
"MPLX LP","MPLX","59270.15","58.36","1487980","-1.05",".17","6.31","83.87","-2.02","8.92","35.75","60.51","47.8","184","Oils-Energy","Oil and Gas - Production and Pipelines","35.75","3"
"MSA Safety Incorporporated","MSA","7287.44","187.69","311724","-.13","7.56","15.8","71.72","5.51","3.69","17.47","203.08","152.94","56","Industrial Products","Security and Safety Services","16.13","3"
"MSC","MSM","6660.23","118.33","630154","-4.29","-5.8","6.6","82.64","26.85","-1.35","6.19","127.28","81.08","169","Industrial Products","Industrial Services","5.91","2"
"MSCI","MSCI","41537.87","563.99","660891","3.76",".06","-11.26","45.09","-10.92","9.75","41.53","643.83","511.84","70","Finance","Financial - Investment Management","40.74","3"
"MYR Group","MYRG","4752.83","296.14","307392","-10.42","-17.27","-32.14","40.16","24.97","8.79","4.13","501.13","173.81","8","Utilities","Electric Construction","4.13","1"
"Mach Natural Resources LP","MNR","2110.22","12.52","312540","-.39","-5.32","-5.39","44.77","2.41","21.22","22.7","14.91","10.8","201","Oils-Energy","Oil and Gas - Exploration and Production - United States","7.44","3"
"Macro Bank","BMA","4897.94","77.77","323324","-2.77","-16.86","-16.29","57.13","-23.95","5.01","10.32","104.7","39.27","86","Finance","Banks - Foreign","5.95","2"
"Macy's","M","6097.22","22.59","4926411","-.17","-7.13","6.33","77.17","-5.97","-1.67","2.89","26.21","12.94","24","Retail-Wholesale","Retail - Regional Department Stores","2.94","2"
"Madison Square Garden Entertainment Corp.","MSGE","3218.5","80.63","354701","-6.21","2.94","10.01","82.6","32.11","12.52","7.25","88.42","37.66","162","Consumer Discretionary","Media Conglomerates","6.24","1"
"Madrigal Pharmaceuticals","MDGL","11828.62","512.16","386519","-2.46","-7.13","6.39","53.58","-21.36","432.05","-25.32","602.83","407.09","150","Medical","Medical - Drugs","-25.32","3"
"Magna International","MGA","18129.47","66.13","1306581","-4.9",".95","4.07","82.21","13.78","-1.93","4.46","73.05","43.54","179","Auto-Tires-Trucks","Automotive - Original Equipment","1.8","3"
"Magnite","MGNI","3379.07","23.89","2841883","-2.6","23.42","53.19","80.68","29.85","6.85","20.07","26.52","11.2","90","Computer and Technology","Internet - Software","22.49","2"
"Magnolia Oil & Gas Corp","MGY","6450.29","26.44","3853835","1.61","13.32","-1.77","53.78","11.23","-.31","29.1","32.36","21.24","201","Oils-Energy","Oil and Gas - Exploration and Production - United States","28.77","3"
"Main Street Capital","MAIN","5509.52","58.54","587791","1.32","9.52","14.16","52.97","-12.73","4.69","62.51","67.17","49.63","103","Finance","Financial - SBIC & Commercial Industry","78.49","3"
"MakeMyTrip Limited","MMYT","5674.56","60.43","630255","1.06","15.27","27.49","35.91","-34.29","6.71","16.33","103.21","36.3","49","Computer and Technology","Internet - Delivery Services","3.23","3"
"Mama's Creations, Inc.","MAMA","675.54","16.64","492509","-4.46","-7.04","15.79","67.25","9.41","39.23","3.63","20.65","7.98","212","Consumer Staples","Food - Miscellaneous","3.21","4"
"Manhattan Associates","MANH","12429.45","213.1","1095904","8.51","33.83","32.31","93.75","10.03","3.75","27.72","219.33","120.88","91","Computer and Technology","Computer - Software","18.67","3"
"ManpowerGroup","MAN","2854.98","62.09","1048955","8.14","14.38","86.43","99.83","84.71",".58",".82","61.45","25.75","80","Business Services","Staffing Firms",".56","3"
"Maplebear Inc.","CART","11987.07","51.51","4497216","5.98","17.52","22.7","100","2.97","10.78","13.51","51.78","32.93","164","Retail-Wholesale","Internet - Commerce","11.97","3"
"Marathon Digital","MARA","4318.83","11.83","48466332","15.08","-5.01","-24.71","27.62","11.36","38.2","-101.86","22.84","6.73","101","Finance","Financial - Miscellaneous Services","-429.71","3"
"Marathon Petroleum","MPC","105832.87","354.88","2408598","1.21","16.06","40.15","98.19","99.39","-3.7","4.97","366.21","162.63","22","Oils-Energy","Oil and Gas - Refining and Marketing","5.48","2"
"Maravai LifeSciences","MRVI","2189.05","9","3789538","48.42","26.01","77.47","96.67","132.02","-28.34","-16.38","8.64","2.33","101","Medical","Medical - Products","-37.07","3"
"Marex Group PLC","MRX","5145.01","70.85","676870","-1.27","9.2","32.07","94.53","64.49","26.93","16.18","72.99","28.24","101","Finance","Financial - Miscellaneous Services","17.43","1"
"MarineMax","HZO","1151.38","52.18","932835","-.23","43.81","50.01","98.94","92.45","-5.01",".65","52.46","21.43","103","Retail-Wholesale","Retail - Miscellaneous",".18","3"
"MarketAxess","MKTX","5717.44","162.5","1732673","-.06","37.71","25.66","63.15","-19.82","3.57","32","193.61","109.09","34","Finance","Financial - Investment Bank","35.22","3"
"Marqeta","MQ","1697.85","16.31","1093718","5.09","-7.33","-6.26","12.16","-23.21","23.25","1.53","25.48","15.04","151","Business Services","Financial Transaction Services","1.53","1"
"Marriott International","MAR","93928.02","357.77","1778185","1.02","-5.97","-4.45","70.5","3.86","4.33","10.92","402.54","259.04","103","Consumer Discretionary","Hotels and Motels","9.62","3"
"Marsh","MRSH","92898.72","193.4","2254080","5.68","6.2","19.76","69.44","-6.14","10.32","17.8","211.11","157.32","197","Business Services","Business - Services","14.24","3"
"Marten Transport","MRTN","1197.98","14.49","641482","-3.93","-5.29","-16.41","59.3","15.31","-8.31","1.47","18.28","9.41","25","Transportation","Transportation - Truck","1.47","2"
"Martin Marietta Materials","MLM","32021.7","531.74","621651","-1.03","-6.8","-6.63","5.56","-23.41","-5.91","15.11","708.11","522.81","199","Construction","Building Products - Concrete and Aggregates","36.73","3"
"Marvell Technology","MRVL","200582.89","240.38","23983588","-2.15","21.21","4.49","65.71","141.35","42.09","30.33","316.43","62.31","45","Computer and Technology","Electronics - Semiconductors","28.99","2"
"MasTec","MTZ","20506.67","246.85","1706463","-15.58","-24.18","-29.48","30.96","5.08","16.22","3.99","437.51","173.67","71","Construction","Building Products - Heavy Construction","3.07","3"
"Masco","MAS","14436.09","72.92","2777204","-.97","-9.8","6.13","60.45","3.19","-3.4","11.94","82.77","58.6","166","Construction","Building Products - Miscellaneous","11.61","3"
"Mastercard","MA","525483.25","599.37","3114837","6.69","8.73","21.12","100","-6.01","16.42","47.87","599.86","471.55","151","Business Services","Financial Transaction Services","46.34","3"
"Matador Resources","MTDR","7115.87","55.55","2340714","2.79","21.9","2.55","71.87","21.19","5.46","21.71","65.45","37.19","201","Oils-Energy","Oil and Gas - Exploration and Production - United States","19.85","3"
"Match Group","MTCH","9579.16","42.18","3257662","12.12","7.55","13.52","100","15.6",".22","27.05","41.73","28.9","90","Computer and Technology","Internet - Software","20.17","1"
"Materion","MTRN","4788.42","232.5","413952","-20.14","-4.95","3.03","64.22","65.37","6.04","6.11","297.39","108.62","210","Basic Materials","Mining - Miscellaneous","4.29","1"
"Mativ Holdings, Inc.","MATV","675.19","12.35","637454",".16","48.49","54.87","64.24","-9.81",".3","3.13","15.05","7.22","100","Basic Materials","Chemical - Specialty","4.5","2"
"Mattel","MAT","4234.07","15.26","3788064","1.65",".14","-.27","19.43","-33.18","-.59","6.34","22.16","13.05","103","Consumer Discretionary","Toys - Games - Hobbies","7.79","3"
"MaxLinear","MXL","5693.72","66.36","2626233","-25.93","-3.21","-27.2","43.25","222.18","29.71","14.63","128.03","13.05","32","Computer and Technology","Semiconductor - Analog and Mixed","-18.24","2"
"Maximus","MMS","3049.32","58.53","638367","7","-4.41","-6.71","9.92","-39.65","2.36","8.1","98.93","53.76","103","Business Services","Government Services","7.07","4"
"Mayville Engineering","MEC","539.59","20.5","690316","-13.63","-28.15","-31.48","34.43","1.11","-6.04","-.16","37.54","12.56","172","Construction","Engineering - R and D Services","-2.95","3"
"McCormick & Company","MKC","15109.46","54.48","2741471","4.19","11.05","20.65","39.76","-26.19","1.73","11.55","72.26","45.6","212","Consumer Staples","Food - Miscellaneous","21.91","3"
"McDonald's","MCD","192860.63","268.1","4520667","2.64",".69","-1.29","12.45","-20.23","3.72","32.33","341.06","262.8","151","Retail-Wholesale","Retail - Restaurants","31.72","3"
"McEwen Inc.","MUX","1289.14","21.45","1125685","11.46","20.82","-3.45","55.82","1.53","13.23","32.46","29.05","10.85","210","Basic Materials","Mining - Miscellaneous","32.46","4"
"McGraw Hill, Inc.","MH","2634.32","13.04","726276","7.83","33.56","8.51","52.53","-25.35",".07","23.05","17.99","9.1","157","Consumer Discretionary","Schools","4.38","3"
"McKesson","MCK","101875.49","905.09","1039885","1.61","2.79","18.91","61.52","-4.72","12.36","1.22","995.69","678.91","72","Medical","Medical - Dental Supplies","1.12","3"
"Mechanics Bancorp","MCHB","3578.25","16.09","537320","-3.52","3.46","12.22","76.94","-1.2","188.86","32.76","17.17","12.79","75","Finance","Banks - Southeast","23.98","2"
"MediaAlpha","MAX","784.18","12.85","796671",".87","-5.67","36.9","79.3","-11.59","28.78","7.94","14.27","7.17","166","Business Services","Technology Services","7.94","3"
"Medtronic","MDT","118910.22","91.14","7186613","2.54","10.31","25.57","60.6","-13.49","8.43","19.58","105.35","73.75","101","Medical","Medical - Products","13.2","3"
"MeiraGTx","MGTX","1424.32","14.92","583640","7.7","20.57","51.33","98.25","66.86","144.57","19.87","14.97","6.99","159","Medical","Medical - Biomedical and Genetics","19.87","3"
"Melco Resorts & Entertainment Limited","MLCO","2120.07","5.48","1489093","-.18","-2.85","-6.51","5.85","-35.48","11.32","4.65","10.13","5.17","197","Consumer Discretionary","Gaming","4.5","3"
"MercadoLibre","MELI","98752.3","1997","496609","8.97","7.04","12.53","41.6","-13.5","39.06","5.3","2510.97","1546.81","164","Retail-Wholesale","Internet - Commerce","5.3","3"
"Mercedes-Benz Group AG","MBGYY","50417.64","13.07","323192","0","1.39","-12.59","14.46","-33.36","-5.08","3.89","18.06","12.25","162","Auto-Tires-Trucks","Automotive - Foreign","3.89","3"
"Merck & Co.","MRK","371704.09","156.45","10928039","10.8","15.22","30.82","97.48","28.03","1.31","12.09","152.55","77.6","103","Medical","Large Cap Pharmaceuticals","4.77","3"
"Mercury Systems","MRCY","5387.6","87.74","774815","-20.97","-13.69","-19.49","39.54","9.76","7.85","6.52","126.21","65.64","35","Aerospace","Aerospace - Defense Equipment","-3.02","3"
"Merit Medical Systems","MMSI","5390.66","91.09","1164194",".61","18.63","45.5","91.18","-8.38","11.75","15.54","93.18","60.31","72","Medical","Medical - Dental Supplies","9.22","1"
"Meritage Homes","MTH","4726.42","73.44","763996",".4","-1.13","5.68","52.08","-1.41","-8.4","6.86","85.18","58.76","103","Construction","Building Products - Home Builders","6.11","3"
"MetLife","MET","61905.06","95.87","3776822","-.49","1.07","17.56","88.4","9.02","8.59","8.19","99.95","67.7","85","Finance","Insurance - Multi line","4.57","3"
"Meta Platforms","META","1424106.88","570.05","17449784","-1.75","-5.87","-6.9","13.08","-24.25","22.17","33.3","780.25","525.72","90","Computer and Technology","Internet - Software","29.83","3"
"Metalla Royalty & Streaming","MTA","1056.5","11.35","567775","13.57","47.52","43.77","100","29.92","99.57","-2.82","11.3","4.28","210","Basic Materials","Mining - Miscellaneous","-2.82","2"
"Methanex","MEOH","4569.91","57.08","845406","3.11","9.03","-3.42","79.13","33.03","-3.52","7.43","65.72","33.85","93","Basic Materials","Chemical - Diversified ","2.07","3"
"Methode Electronics","MEI","497.67","16.05","565140","-22.4","-8.18","20.64","62.49","89","-2.76","-3.73","19.42","5.05","35","Computer and Technology","Electronics - Connectors","-3.5","3"
"Miami International Holdings, Inc.","MIAX","4369.14","44.34","1297999","3.82","1.4","-4.49","45.6","-11.26","19.65","38.84","56.84","33.29","166","Business Services","Technology Services","9.7","2"
"Microchip Technology","MCHP","40296.65","73.5","10888402","-7.54","-4.74","-18.91","46.74","4.18","7.08","24.32","102.92","49.02","32","Computer and Technology","Semiconductor - Analog and Mixed","9.34","3"
"Micron Technology","MU","1028233.44","932.97","38349608","-10.01","1.14","-12.08","72.39","185.34","48.85","57.41","1213.56","115.79","55","Computer and Technology","Computer - Integrated Systems","55.91","2"
"Microsoft","MSFT","3618542.75","491.71","36121960","1.45","25.24","5.82","71.06","-9.87","17.79","38.81","542.07","352.83","91","Computer and Technology","Computer - Software","40.31","3"
"MidAmerica Apartment Communities","MAA","15449.48","131.98","1015198","1.56","-.22","3.93","49.86","-14.25",".83","18.17","145.82","120.57","97","Finance","REIT and Equity Trust - Residential","18.17","3"
"MidCap Financial Investment Corporation","MFIC","800.66","9.675","658124",".21","1.36","-11.15","6.75","-24","6.33","45.97","13.31","9.46","101","Finance","Financial - Miscellaneous Services","-9.85","3"
"MillerKnoll","MLKN","1577.73","23.24","573277","-.77","2.66","50.58","87.46","13.33","4.68","3.35","24.49","13.88","35","Consumer Discretionary","Furniture","2.38","4"
"Millicom International Cellular","TIGO","15711.93","95.23","1416868","-1.37","-2.53","8.33","80.61","50",".26","8","104.31","45.81","191","Computer and Technology","Wireless Non-US ","9.19","3"
"Mirion Technologies","MIR","3655.87","14.71","4295925","-6.73","-12.88","-17.57",".72","-43.93","7.5","12.72","29.75","14.57","166","Business Services","Technology Services","2.39","3"
"Mirum Pharmaceuticals","MIRM","6280.24","98.08","716921","-3.12","-15.31",".4","50.6","9.53","54.74","-12.31","128.57","64.1","159","Medical","Medical - Biomedical and Genetics","-139.18","3"
"Mission Produce","AVO","1159.64","13.03","679424","1.39","3.39","20.57","57.74","1.25","12.68","3.89","15.34","10.11","179","Consumer Staples","Agriculture - Operations","1.83","3"
"Mitek Systems","MITK","805.66","18.02","764777","-3.64","4.97","-.08","80.11","51.39","4.42","29.71","20.14","8.65","8","Computer and Technology","Computer - Optical Imaging","11.39","2"
"Mitsubishi UFJ Financial Group","MUFG","260614.91","22.23","3065762","-4.65","-4.94","16.25","86.56","23.85","8.51","22.13","23.1","14.62","86","Finance","Banks - Foreign","17.63","2"
"Mizuho Financial Group","MFG","126349.3","10.41","3321766","-5.54","-3.22","13.29","84.49","25.01","1.78","16.32","10.99","6.09","86","Finance","Banks - Foreign","17.15","2"
"Mnchener RckversicherungsGesellschaft","MURGY","74634.3","12.04","687696",".42","1.18","16.38","57.75","-18.55","3.8","11.49","13.4","10.11","85","Finance","Insurance - Multi line","11.49","3"
"Mobileye Global Inc.","MBLY","7257.37","8.68","4844056","-6.39","7.87","-19.1","23.16","-25.97","14.51","18.45","15.54","6.56","179","Auto-Tires-Trucks","Automotive - Original Equipment","-201.49","3"
"Moderna","MRNA","55449.88","158.83","25354844","115.47","149.67","201.54","76.65","321.29","-39.93","-102.07","174.38","22.36","159","Medical","Medical - Biomedical and Genetics","-141.43","3"
"Modine Manufacturing","MOD","10004.84","188.01","1725263","-13.09","-18.24","-34.71","36.69","26.21","23.13","8.73","306.89","119.68","179","Auto-Tires-Trucks","Automotive - Original Equipment","4.28","3"
"Moelis & Company","MC","5361.43","68.01","948701","2.65","1.06","-1.03","64.92","-10.86","26.98","15.92","77.75","51.38","34","Finance","Financial - Investment Bank","14.5","3"
"Mohawk Industries","MHK","9081.65","133.77","1079754","-.94","15.97","26.91","86.82","9.72","-.48","5.65","140.1","94.33","49","Consumer Discretionary","Textile - Home Furnishing","4.15","3"
"Molina Healthcare","MOH","10361.7","199.63","672769","-2.25","-.49","8.32","63.09","2.32","11.75",".35","242.88","122.65","25","Medical","Medical - HMOs","-.02","3"
"Molson Coors","TAP","8062.83","42.01","2880857","5.52","4.52","10.15","28.59","-17.62","-5.05","8.86","54.38","38.43","209","Consumer Staples","Beverages - Alcohol","-17.83","3"
"Mondelez International","MDLZ","82577.13","62.99","8352148","4.05","6.64","5.98","97.85","7.51","5.75","9.28","64.99","51.51","212","Consumer Staples","Food - Miscellaneous","8.86","3"
"MongoDB","MDB","32389.13","404.92","1523248","-8.21","30.02","-.29","73.26","-14.17","22.79","17.55","472.29","211.96","90","Computer and Technology","Internet - Software","-1.12","3"
"Monolithic Power Systems","MPWR","63150.23","1304.15","829250","-9.25","-4.04","-16.69","53.42","26.82","26.43","31.58","1689.89","820.74","32","Computer and Technology","Semiconductor - Analog and Mixed","24.41","1"
"Monster Beverage","MNST","95836.8","48.73","11519378","7.47","2.63","9.81","94.5","14.15","10.7","24.06","49.97","30.86","103","Consumer Staples","Beverages - Soft drinks","23.08","3"
"Monte Rosa Therapeutics","GLUE","1175.19","14.56","1573707","-10.44","-38.94","-29.97","44.57","-21.42","63.54","-560.85","25.31","4.5","159","Medical","Medical - Biomedical and Genetics","-560.85","3"
"Moody's","MCO","88565.82","513.11","744112","7.16","5.22","10.16","77.81","-10.46","8.89","36.01","539.61","412.23","101","Finance","Financial - Miscellaneous Services","34.25","3"
"Moog","MOG.A","12028.71","376.73","316928","-14.73","-9.01","2.91","74.15","39.49","6.97","8.57","445.38","191.66","35","Aerospace","Aerospace - Defense Equipment","8.73","2"
"Morgan Stanley","MS","337665.16","216.77","4687414","-1.89","-.22","1.45","82.88","7.87","11.54","25.83","228.55","144.04","34","Finance","Financial - Investment Bank","15.65","1"
"Morgan Stanley Direct Lending Fund","MSDL","1292.7","15.38","495505",".07",".2","-1.28","36.05","-16.58","-4.52","44.05","18.12","13.82","103","Finance","Financial - SBIC & Commercial Industry","15.97","3"
"Motorola Solutions","MSI","79688.57","485.39","1039565","5.35","13.62","16.99","93.06","12.37","8","22.57","490.3","363.83","191","Computer and Technology","Wireless Equipment","17.44","3"
"Mueller Water Products","MWA","3926.56","24.94","1086417","-.12","-.04","1.95","30.03","-5.56","8.75","16.68","30.37","22.91","75","Industrial Products","Manufacturing - General Industrial ","15.02","2"
"Murata Manufacturing","MRAAY","80444.81","22.44","616606","-15.48","-9.24","-35.1","46.18","91.06","6.24","13.86","38.27","8.04","83","Industrial Products","Manufacturing - Electronics","13.86","3"
"Murphy Oil","MUR","5161.72","34.62","1872611","3.39","-4","-3.51","66.52","3.05","-10.22","11.6","42.74","22.61","201","Oils-Energy","Oil and Gas - Exploration and Production - United States","9.74","3"
"NAPCO Security Technologies","NSSC","1342.99","36.43","367083","-1.23","3.27","6.58","42.76","-19.37","11.39","28.32","47.23","30.39","56","Industrial Products","Security and Safety Services","21.27","2"
"NB Bancorp, Inc.","NBBK","986.35","22.43","364085","-1.75",".36","14.32","87.44","1.59","15.69","28.91","23.32","16.87","64","Finance","Banks - Northeast","14.27","2"
"NBT Bancorp","NBTB","2701.92","51.39","326832","-2.42","-.99","14.26","84.92","12.03","14.96","28.79","54.26","39.27","64","Finance","Banks - Northeast","22.58","3"
"NCR Atleos Corporation","NATL","3435.47","46.4","680019",".39","-1.15","4.54","88.29","9.12",".86","8.12","48.13","34.13","90","Computer and Technology","Internet - Software","4.44","3"
"NCR Voyix Corporation","VYX","1099.04","8.13","2185718","3.38","-3.05","6.28","23.91","-30.19","-4.92","5.16","13.72","6.15","55","Computer and Technology","Computer - Integrated Systems","2.53","2"
"NETGEAR","NTGR","563.15","21.39","349902","-8.36","-18.3","-22.43","5.27","-24.44","3.84","2.51","36.01","19.87","43","Computer and Technology","Communication - Components","-3.71","3"
"NETSTREIT","NTST","2111.78","20.61","1916093","1.81","-4.85","5.26","71.48","5.47","19.79","6.35","22.26","17.14","82","Finance","REIT and Equity Trust - Other","6.35","4"
"NIKE","NKE","60452.57","39.48","24149764","4.25","-3.3","-11.28","4.14","-42.79",".19","5.04","79.17","39.09","35","Consumer Discretionary","Shoes and Retail Apparel ","6.7","3"
"NIQ Global Intelligence plc","NIQ","5657.25","19.24","2030331","11.19","73.26","115.26","100","4.04","5.68","4.33","19.18","7.97","56","Business Services","Advertising and Marketing","-8.01","1"
"NMI","NMIH","3420.16","45.31","442169","-.2","5.62","27.98","97.68","-.29","8.52","54.05","45.71","35.35","78","Finance","Insurance - Property and Casualty","54.1","2"
"NNN REIT, Inc.","NNN","8894.1","46.12","1362910",".39","-5.83","7.22","69.17","4.6","6.55","40.49","49.59","39.05","82","Finance","REIT and Equity Trust - Other","40.35","3"
"NOV","NOV","7044.01","19.94","3386033","-8.52","-3.47","-1.2","80.19","13.09","-1.42","2.52","21.6","12.31","96","Oils-Energy","Oil and Gas - Mechanical and and Equipment","1.1","3"
"NPK INTL INC","NPKI","1117.41","13.16","868231","-8.1","-6.93","-8.04","49.76","-1.24","27.38","13.32","16.35","10","201","Oils-Energy","Oil and Gas - Exploration and Production - United States","14.19","2"
"NRG Energy","NRG","23584.07","113.61","3351970","-8.65","-18.11","-13.66","0","-37.21","9.18","4.31","184.03","111.78","154","Utilities","Utility - Electric Power","2.56","3"
"NVIDIA","NVDA","5045216","213.05","115622976","-7.35","6.09","-7.08","61.37","-.01","65.47","56.2","235.74","165.17","35","Computer and Technology","Semiconductor - General","62.97","2"
"NXP Semiconductors","NXPI","56091.4","224.75","4317403","-4.42","-16.9","-28.56","25.76","-8.33","-2.74","25.28","332.67","184.19","32","Computer and Technology","Semiconductor - Analog and Mixed","22.56","3"
"Nasdaq","NDAQ","55221.38","98.73","2989884","2.18","5.16","6.44","90.93","-9.02","11.05","39.53","100.98","76.85","201","Finance","Securities and Exchanges","22.6","2"
"NatWest Group","NWG","74543.17","18.87","3506846","-1.63","2.29","17.43","88.1","-4.26","6.4","34.4","19.42","13.62","86","Finance","Banks - Foreign","20.1","3"
"Natera","NTRA","47238.93","336.71","1475200","4.31","27.01","49.77","97.49","27.96","35.9","-6.89","332.03","160.21","91","Medical","Medical Services","-7.11","3"
"National Bank","NBHC","1861.75","41.29","384216","-3.26","-1.72","1.46","54.05","-1.63","-2.03","27.09","47.08","35.59","75","Finance","Banks - Southeast","15.11","4"
"National Energy Services Reunited","NESR","3370.47","33.48","2264430","-6.6","24.38","36.97","89.6","90.9","1.72","7.38","36.31","8.53","96","Oils-Energy","Oil and Gas - Mechanical and and Equipment","5.77","1"
"National Fuel Gas Company","NFG","7837.42","82.14","650019",".78","2.13","7.17","32.19","-7.87","17.11","27.43","96.3","75.89","204","Oils-Energy","Oil and Gas - Integrated - United States","26.97","3"
"National Health Investors","NHI","3588.5","73.35","367973","-.46","-7.83","1.83","20.92","-14.42","12.07","38.56","91.02","68.32","82","Finance","REIT and Equity Trust - Other","38.56","4"
"National Vision","EYE","1441.43","18.69","2177512","-1.3","-12.1","13.37","19.9","-36.84","9","3.95","29.46","15.44","184","Consumer Staples","Consumer Products - Staples","2.47","2"
"Navient","NAVI","888.13","9.49","1261753","3.38","9.99","11.54","32.07","-34.84","-27.71","21.57","13.77","7.44","65","Finance","Financial - Consumer Loans","-1.64","3"
"Navigator Holdings","NVGS","1378.25","22.18","409759","3.62","2.86","2.15","80.18","15.32","3.58","24.59","24.29","14.4","42","Transportation","Transportation - Shipping","22.8","3"
"Navitas Semiconductor","NVTS","3193.17","12.44","14540776","-16.12","7.19","-50.81","25.49","53.22","-44.88","-108.69","31.79","5.54","45","Computer and Technology","Electronics - Semiconductors","-856.85","2"
"Nebius Group N.V.","NBIS","53363.81","221.97","28903396","-21.55","12.26","-20.26","65.96","125.39","350.89","-30.03","286.69","64.06","179","Computer and Technology","Internet - Software and Services","4.55","3"
"Nektar Therapeutics","NKTR","2516","74.96","633827","1.4","3.28","15.39","63.64","55.9","-43.89","-286.92","100.35","27.03","150","Medical","Medical - Drugs","-287.84","3"
"NeoGenomics","NEO","2108.28","16.79","2347817","1.55","24.89","57.18","94.72","24.82","10.11","2.59","16.98","6.18","159","Medical","Medical - Biomedical and Genetics","-6.77","2"
"Neogen","NEOG","2530.03","11.64","2333177","-2.27","24.2","30.05","92.01","48.44","-2.71","8.06","12.15","5.27","101","Medical","Medical - Products","-.91","2"
"Neptune Insurance Holdings Inc.","NP","4547.9","34.43","620434","5.27","7.53","26.25","89.04","1.66","33.74","36.89","35.11","17.14","85","Finance","Insurance - Multi line","21.45","3"
"NerdWallet, Inc.","NRDS","648.18","10.12","786811","5.63","8.92","15.89","30.66","-33.06","21.67","7.56","15.93","7.58","101","Finance","Financial - Miscellaneous Services","7.56","3"
"NetApp","NTAP","36668.34","187.43","2531164","-8.49","10.05","3.98","82.1","56.08","5.37","23.61","207.08","94.11","8","Computer and Technology","Computer- Storage Devices","18.43","3"
"NetEase","NTES","78728.36","128.8","846997","-1.15","-.65","-.25","27.37","-20.08","11.65","30.5","159.34","109.26","179","Computer and Technology","Internet - Software and Services","27.86","3"
"NetScout Systems","NTCT","2749.06","38.06","583065","-3.4","-5.43","-11.82","68.19","24.99","4.47","22.18","44.84","22.74","83","Computer and Technology","Computer - Networking","13.71","1"
"Netflix","NFLX","333156.81","82.23","32730432","5.25","13.65","-6.8","21.13","-23.67","15.85","23.55","126.32","67.6","86","Consumer Discretionary","Broadcast Radio and Television","28.22","3"
"Netlist","NLST","1930.37","5.115","4139257","-15.26","109.13","55.32","77.99","414.22","28.23",".24","6.4",".54","8","Computer and Technology","Computer- Storage Devices",".24","2"
"Neurocrine Biosciences","NBIX","15556.39","153.37","1468974","-.94","-13.25","-4.94","47.98","-3.48","21.45","26.71","185.5","123.1","150","Medical","Medical - Drugs","20.91","3"
"New Mountain Finance","NMFC","721.62","7.61","552367","2.28","11.21","-5.68","21.35","-25.8","-12","43.05","10.66","6.82","103","Finance","Financial - SBIC & Commercial Industry","-16.78","3"
"New Oriental Education & Technology Group","EDU","8909.67","57.07","926053","5.98","12.96","19.75","62.61","-8.36","15.53","10.09","63.51","44.44","157","Consumer Discretionary","Schools","8.39","3"
"NewJersey Resources","NJR","5452.89","53.81","677694","-2.24","-9.71",".15","60.36","4.23","13.35","16.47","60.05","44.13","159","Utilities","Utility - Gas Distribution","16.42","3"
"Newell Brands","NWL","2585.21","5.93","9964250",".5","17.18","82.28","90.24","45.96","-4.99","4.2","6.39","3.11","184","Consumer Staples","Consumer Products - Staples","-3.05","3"
"Newmark Group","NMRK","2912.34","16","1484212","6.21","1.13","14.95","38.64","-17.1","19.61","12.73","19.58","13.86","182","Finance","Real Estate - Operations","4.11","2"
"Newmont","NEM","138918.78","135.14","7553943","9.57","41.05","21.86","99.82","18.11","21.34","38.95","131.95","70.09","231","Basic Materials","Mining - Gold","33.36","4"
"News Corporation","NWS","18963.89","35.15","1130474","7.25","13.36","14.24","98.74","5.81","6.81","7.32","35.17","25.65","54","Consumer Discretionary","Film and Television Production and Distribution","6.35","1"
"News Corporation","NWSA","16642.78","30.92","3843133","7.18","12.72","14.78","96.87","5.34","6.81","7.32","31.03","22.4","54","Consumer Discretionary","Film and Television Production and Distribution","6.35","3"
"Newsmax Inc.","NMAX","1366.52","10.91","1284971","2.12","36.87","21.61","51.82","22.43","10.67","-4.4","15.62","5.16","86","Consumer Discretionary","Broadcast Radio and Television","-3.15","3"
"NexPoint Residential Trust","NXRT","631.08","24.44","304664","3.05","-6.12","-14.18","10.9","-26.6","-3.24","-13.22","34.67","23.48","97","Finance","REIT and Equity Trust - Residential","-13.22","3"
"Nexa Resources","NEXA","2015.71","15.82","662090","5.84","18.08","-5.99","87.46","53.83","8.51","8.05","16.72","4.76","210","Basic Materials","Mining - Miscellaneous","8.02","3"
"NextEra Energy","NEE","175416.05","84.22","11106449","-2.46","-5.32",".53","50.98","-6.29","10.74","28.44","97.88","69.77","154","Utilities","Utility - Electric Power","32.4","3"
"Nextpower Inc.","NXT","12854.53","84.81","2814344","-14.5","-18.33","-41.58","22.39","-13","20.28","19.23","156.4","64.04","219","Oils-Energy","Solar","16.36","3"
"Nexxen International Ltd. Sponsored ADR","NEXN","569.51","10.17","544714","-5.03","-2.44","14.94","81.9","36.77","-.19","12.49","10.95","5.7","56","Business Services","Advertising and Marketing","3.41","3"
"NiSource","NI","19580.44","40.65","6311190","-3.63","-10.87","-9.47","15.04","-12.54","21.76","13.48","49.08","39.37","154","Utilities","Utility - Electric Power","13.2","3"
"Nice","NICE","5858.91","100.43","625033","2.4","5.52",".8","24.33","-20.67","7.68","23.59","153.44","83.15","90","Computer and Technology","Internet - Software","13.86","3"
"Nintendo","NTDOY","71159.73","13.87","2459789",".66","20.59","22.84","25.82","-26.68","100.86","21.26","24.25","10.19","197","Consumer Discretionary","Gaming","21","3"
"Noble Corporation PLC","NE","7340.35","45.86","1456790","1.77","6.66","-2.42","69.68","45.64","7.45","2.86","54.37","26.7","213","Oils-Energy","Oil and Gas - Drilling","4.88","4"
"Nokia","NOK","57192.71","10.35","80174328","-7.61","7.33","-38.71","45.4","37.7","8.16","10.03","16.85","4.23","191","Computer and Technology","Wireless Equipment","3.49","3"
"Nomura","NMR","28634.43","9.91","794622","-.51","-.31","19.17","91.54","4.06","1.62","8.09","10.04","6.73","34","Finance","Financial - Investment Bank","8.09","1"
"Nordic American Tankers Limited","NAT","1482.26","6.9","2860502","2.64","8.36","32.83","99.5","82.02","-18.91","19.05","7.02","3.01","42","Transportation","Transportation - Shipping","24.19","3"
"Nordson","NDSN","18599.69","333.58","420585","7.78","12.29","18.7","99.33","24.24","3.78","21.71","334.7","219.93","75","Industrial Products","Manufacturing - General Industrial ","18.63","2"
"Norfolk Southern","NSC","79282.27","351.24","1246680","3.48","2.8","15.67","100","9.36",".47","22.77","352.98","272.35","103","Transportation","Transportation - Rail","21.02","3"
"NorthWestern","NWE","4285.33","70.88","374422","-1.64","-3.52","2.1","78.97","-3.45","6.39","13.73","73.42","55.54","154","Utilities","Utility - Electric Power","10.13","3"
"Northern Oil and Gas","NOG","2859.78","26.42","2437575","5.13","32.41","19.98","70.41","11.82","11.23","17.8","30.82","17.37","201","Oils-Energy","Oil and Gas - Exploration and Production - United States","-25.35","3"
"Northern Trust","NTRS","34150.5","186.82","1053138","-2.51","2.27","10.88","93","22.24","-10.99","22.96","191.47","122.72","56","Finance","Banks - Major Regional","14.76","3"
"Northrop Grumman","NOC","78016.16","542.52","692204","-3.67",".31","1.87","19.58","-13.83","2.24","9.56","768.02","496.02","72","Aerospace","Aerospace - Defense","10.48","3"
"Northwest Bancshares","NWBI","2251.08","15.3","929041","-2.04","-.26","10.02","86.41","14.57","16.23","27.52","16.01","11.3","86","Finance","Financial - Savings and Loan","16.26","2"
"Norwegian Cruise Line","NCLH","7905.88","17.26","16091390","-5.28","-14.03","-4.65","20","-30.99","3.67","10.4","26.94","14.79","191","Consumer Discretionary","Leisure and Recreation Services","7.49","4"
"Nova Ltd.","NVMI","11529.27","368.26","566957","-13.79","-15.42","-24.71","34.08","-1.19","30.96","32.96","605.65","237.16","45","Computer and Technology","Electronics - Semiconductors","28.84","2"
"Novanta","NOVT","5274.82","139.65","447571","-17.35","-.94","-14.67","57.9","4.85","3.3","13.26","168.75","99.22","52","Computer and Technology","Electronics - Miscellaneous Components","6","2"
"Novartis","NVS","301526.16","159.98","1501521","3.98","1.22","8.47","77.36","2.52","8.38","30.31","168.62","121.8","103","Medical","Large Cap Pharmaceuticals","23.29","3"
"Novavax","NVAX","1461.42","9.44","4157874","9.79","18.29","-15.7","53.12","17.94","64.69","-35.14","11.19","6.22","159","Medical","Medical - Biomedical and Genetics","-59.87","3"
"Novo Nordisk","NVO","209497.8","48.66","14377886","4.55","-5.54","6.47","40.54","-17.51","11.1","34.8","63.98","35.29","103","Medical","Large Cap Pharmaceuticals","35.36","3"
"NovoCure Limited","NVCR","1951.63","17.62","1386161","-4.39","-1.59","1.21","67.57","15.95","8.28","-21.25","19.99","10.03","159","Medical","Medical - Biomedical and Genetics","-21.25","2"
"Nu ","NU","71669.75","15.14","64571688",".14","1.58","13.63","44.13","-21.13","36.97","19.49","18.76","11.6","86","Finance","Banks - Foreign","18.65","2"
"Nucor","NUE","55502.87","247.55","1656866","-10.28","-1.3","-2.72","78.94","34.16","5.73","7.92","274.74","131.78","157","Basic Materials","Steel - Producers","7.99","3"
"Nurix Therapeutics","NRIX","2726.34","26.95","1094587","-3.31","12.12","51.06","92.22","23.87","53.95","-928.44","27.79","8.24","159","Medical","Medical - Biomedical and Genetics","-928.44","3"
"Nutanix","NTNX","18024.97","66.44","2505555","1.55","17.29","19.35","69.09","15.39","18.11","19.29","81.12","34.41","86","Computer and Technology","Computers - IT Services","10.03","1"
"Nutrien","NTR","35536.44","72.84","2795798","8.79","10.22","6.78","68.15","7.67","3.52","8.4","83.94","53.64","25","Basic Materials","Fertilizers","8.44","3"
"Nuvation Bio","NUVB","2373.59","7.1","6025398","4.32","1.5","36.29","59.12","-32.51","698.96","-82.61","9.54","2.74","159","Medical","Medical - Biomedical and Genetics","-88.19","2"
"O'Reilly Automotive","ORLY","73356.56","90.32","5680660",".5",".1","4.66","31.69","-11.07","6.42","14.27","107.82","82.73","80","Retail-Wholesale","Automotive - Retail and Wholesale - Parts","14.27","3"
"ODDITY Tech Ltd.","ODD","784.75","14.2","794391","12.74","-17.04","-2.5","7.09","-69.66","25.16","11.45","63.68","9.81","90","Computer and Technology","Internet - Software","6.97","3"
"OGE Energy","OGE","9494.48","45.94","1412071","-2.94","-6.74",".66","48.78","-3.72","9.21","14.44","49.95","42.16","154","Utilities","Utility - Electric Power","14.44","4"
"OI Glass","OI","1114.03","7.51","3566669","9.52","-21.2","-11.91","8.67","-56.06","-1.61","2","16.63","6.36","103","Industrial Products","Glass Products","-18.13","4"
"ON Semiconductor","ON","28003.19","72.51","9830832","-13.73","-19.22","-40.51","30.36","18.82","-15.35","17.11","133.93","44.9","32","Computer and Technology","Semiconductor - Analog and Mixed","10.17","3"
"ONDAS INC","ONDS","4701.35","8.24","74300312","-8.44","2.74","-38.78","43.49","-24.48","605.28","-41.72","14.01","3.8","189","Computer and Technology","Wireless National","93.55","3"
"ONE Gas","OGS","5050.5","80.41","493271",".46",".48","5.7","36.17","-6.96","16.5","13.05","90.64","74.52","159","Utilities","Utility - Gas Distribution","12.47","3"
"ONEOK","OKE","58636.99","91.7","3801456","-2.41","3.98","9.5","87.64","13.21","54.99","9.4","97.07","64.31","45","Oils-Energy","Oil and Gas - Production Pipeline - MLB","9.29","3"
"ONESPAN","OSPN","574.89","15.39","431094","-2.07","2.97",".39","80.5","8.68","0","21.65","16.92","10.15","90","Computer and Technology","Internet - Software","27.76","3"
"OPENLANE, Inc.","OPLN","4181.25","34.31","1552623","-2.96","-15.13","-10.89","51.93","2.28","8.16","8.48","42.9","24.49","179","Auto-Tires-Trucks","Automotive - Original Equipment","9.67","2"
"OUTFRONT Media","OUT","5358.04","30.66","1974694","2.15","-5.67","-3.95","79.31","12.91",".04","12.66","33.9","17.08","82","Finance","REIT and Equity Trust - Other","12.66","2"
"Oaktree Specialty Lending","OCSL","1159.2","13.15","587381","2.41","11.72","9.03","69.59","-7.6","-17","47.02","14.2","10.78","101","Finance","Financial - Miscellaneous Services","14.45","3"
"Occidental Petroleum","OXY","60088.2","58.41","8284580","1.81","9.43","2.02","77.56","30.76","-17.88","18.28","66.24","38.92","204","Oils-Energy","Oil and Gas - Integrated - United States","28.36","3"
"OceanFirst Financial","OCFC","1830.46","18.86","982800","-3.56","-3.37","3.78","54.38","-5.62","-.75","22.33","20.4","17.2","86","Finance","Financial - Savings and Loan","6.38","3"
"Oceaneering International","OII","5022.27","49.91","892901","-6.75","-3.28","34.78","88.56","87.83","4.62","6.84","54.11","22.2","154","Oils-Energy","Oil and Gas - Field Services","12.19","2"
"Ocular Therapeutix","OCUL","2367.46","10.88","2958233","1.22","24.77","20.72","42.25","-20.57","-18.47","-579.3","16.11","6.88","150","Medical","Medical - Drugs","-579.1","3"
"Oil States International","OIS","501.28","8.38","653032","-9.28","-2.24","-1.31","34.13","9.8","-3.41","4","14.39","5.16","96","Oils-Energy","Oil and Gas - Mechanical and and Equipment","-16.78","3"
"Okeanis Eco Tankers Corp.","ECO","2543.37","65.04","577931","3.89","13.17","34.03","100","72.19","-.43","73.08","65.14","26.28","42","Transportation","Transportation - Shipping","56.92","1"
"Okta","OKTA","22763.55","130.61","2557790","-8.57","-4.7","-6.31","73.94","35.48","11.84","21.9","154.95","62.93","32","Computer and Technology","Security","8.24","2"
"Old Dominion Freight Line","ODFL","41778.21","198.34","1739575","-4.94","-11.15","-11.84","61.41","14.94","-5.48","19.44","248.73","126.29","25","Transportation","Transportation - Truck","19.44","2"
"Old National Bancorp","ONB","9858.83","25.66","3593284","-4.8","-2.42","10.27","80.23","3.32","26.39","34.07","27.29","19.6","52","Finance","Banks - Midwest","21.6","3"
"Old Republic International","ORI","10132.94","42.11","1115825","-1.27","-2.55","14.48","53.31","-17.74","10.99","10.2","46.62","36.66","85","Finance","Insurance - Multi line","11.71","3"
"Old Second Bancorp","OSBC","1294.79","25.19","414365","-1.47","2.95","20.79","95","16.74","17.51","29.83","25.91","16.71","52","Finance","Banks - Midwest","20.22","3"
"Olin","OLN","2002.67","17.37","3281782","-7.58","-19.7","-31.74","0","-24.55","3.68","-1.3","30.14","17.57","93","Basic Materials","Chemical - Diversified ","-2.08","3"
"Ollie's Bargain Outlet","OLLI","4615.61","74.61","1346758","1.9","14.35","-5.58","18.93","-37.69","16.62","9.09","138.31","61.88","184","Consumer Staples","Consumer Products - Staples","9.13","4"
"Omada Health, Inc.","OMDA","1474.1","23.94","1538238","1.39","17.01","31.01","82.96","36.5","53.24","6.31","26.78","10.94","91","Medical","Medical Services","1.39","3"
"Omega Healthcare Investors","OHI","14117.38","46.95","1930739",".04","-9.36","2.67","58.33","-6.01","13.19","66.96","51.72","39.41","82","Finance","REIT and Equity Trust - Other","66.96","3"
"Omnicell","OMCL","1576.3","33.22","833247","-3.8","-16.46","-19.69","23.71","-31.56","6.53","8.85","51.39","29.46","99","Medical","Medical Info Systems","3.13","3"
"On Holding ","ONON","18830.77","28.83","8844834","-5.75","-20.37","-25.54","0","-43.21","38.09","13.7","50.63","29.51","78","Retail-Wholesale","Retail - Apparel and Shoes","12.09","3"
"One Stop Systems","OSS","275.34","11.11","1005550","-17.86","-12.45","-41.77","42.92","37.54","-41.1","6.59","19.95","4.34","75","Computer and Technology","Computer - Micro Computers","2.67","4"
"OneMain","OMF","7234.96","63.23","948946","-3.47","2.66","14.85","61.65","-16.72","9.25","18.4","71.37","49.26","65","Finance","Financial - Consumer Loans","13.92","3"
"OneSpaWorld","OSW","2690.73","26.26","935413","-.8","-2.57","11.39","76.69","14.34","7.37","11.12","28.68","19.37","191","Consumer Discretionary","Leisure and Recreation Services","8.02","4"
"Onterris, Inc.","ONT","538.35","16","892977","-4.43","-22.81","-6.01","5.01","-44.77","19.26","6.7","31.06","14.5","103","Business Services","Business - Information Services","-1.44","3"
"Onto Innovation","ONTO","13883.6","291.62","1241199","-19.44","7.85","10.64","65.45","60.31","1.82","24.48","378.45","101.95","8","Computer and Technology","Nanotechnology","11.84","2"
"Ooma","OOMA","584.1","20.59","408074","5.83","2.21","17.09","92.21","61.97","6.52","11.5","22.14","10.58","43","Computer and Technology","Communication - Components","3.17","3"
"Opera Limited","OPRA","1688.97","19.41","377967","-3.87","-.05","-2.33","79.89","19.14","27.92","16.9","20.64","11.79","205","Computer and Technology","Internet - Content","18.55","3"
"Oportun Financial","OPRT","349.5","7.51","524025","1.06","33.1","44.76","87.63","28.51","-4.5","6.6","8.09","4.13","101","Finance","Financial - Miscellaneous Services","2.05","2"
"Option Care Health","OPCH","3545.42","23.64","2630140","1.28","8.53","15.69","24.31","-33.54","13.03","4.89","36.59","19.52","45","Medical","Medical - Outpatient and Home Healthcare","3.68","2"
"Oracle","ORCL","410323.06","144.76","27949940","-2.86","18.81","-42.6","12.87","-34.63","17.35","33.16","328.33","114.99","91","Computer and Technology","Computer - Software","25.37","2"
"Orchestra BioMed Holdings, Inc.","OBIO","326.97","5.36","303134","15.25","42.41","42.04","93.35","17.25","1169.22","-184.6","5.66","2.35","159","Medical","Medical - Biomedical and Genetics","-184.6","3"
"Organon & Co.","OGN","3610.88","13.75","2622166",".36","1.55","2.92","100","71.54","-2.92","13.81","13.75","5.7","91","Medical","Medical Services","3.41","3"
"Orion Group","ORN","368.51","9.33","709829","-7.24","-26.73","-34.2","23.79","-18.11","7.01","1.09","17.14","6.59","71","Construction","Building Products - Heavy Construction",".4","4"
"Orion S.A.","OEC","340.27","5.97","440926","-3.37","-10.55","-16.27","25.93","1.99","-3.77","-.07","10.79","4.35","100","Basic Materials","Chemical - Specialty","-5.28","3"
"Ormat Technologies","ORA","6481.78","106.24","866972","-7.47","3.21","-22.85","27.61","-14.66","12.49","14.97","145.1","90.26","154","Oils-Energy","Alternative Energy - Other","10.66","3"
"Orthofix Medical","OFIX","398.77","9.64","380431","-2.39","-17.73","5.61","11.54","-42.24","2.85","2","16.23","8.95","149","Medical","Medical - Instruments","-7.41","2"
"Oscar Health","OSCR","9818","30.93","6091768",".82","12.24","38.49","95.66","98.01","27.5","3.6","32.76","10.85","85","Finance","Insurance - Multi line","3.6","1"
"Oshkosh","OSK","9651.77","155.23","783730","1.53",".89","23.92","63.59","11.31","-3.1","5.51","177.94","118.59","56","Auto-Tires-Trucks","Automotive - Domestic","5.24","3"
"Otis Worldwide","OTIS","27480.52","71.46","3174926","2.31","-1.37","4.11","11.74","-26.07","1.19","10.4","93.62","69.34","75","Industrial Products","Manufacturing - General Industrial ","10.17","4"
"Ouster","OUST","2578.02","36.23","3114693","-25.72","1.74","-20.43","41.67","47.78","52.46","-24.68","62.52","16.63","52","Computer and Technology","Electronics - Miscellaneous Components","-26.03","4"
"Ovintiv","OVV","18161.2","64.4","3431107","3.24","9.72","13.38","97.08","50.46","-2.67","16.91","66.82","35.97","66","Oils-Energy","Oil and Gas - Exploration and Production - Canadian","9.43","3"
"Owens Corning","OC","11617.79","146.61","843662","-4.45","2.45","19.86","80.24","17.47","-7.95","8.25","158.96","98.28","166","Construction","Building Products - Miscellaneous","-6.81","2"
"PACCAR","PCAR","68395.86","129.22","3448036","-.69","-2.62","18.7","81.71","6.14","-15.5","9.79","138.21","93","56","Auto-Tires-Trucks","Automotive - Domestic","9","3"
"PACS Group, Inc.","PACS","7003.55","43.94","871964","-.16","-6.01","24.51","89.69","3.1","29.32","5.31","48.45","7.71","91","Medical","Medical Services","4.85","2"
"PAR Technology","PAR","803.68","19.36","985045","4.74","17.54","19.5","17.78","-52.09","30.16","3.23","54.61","11.82","151","Business Services","Financial Transaction Services","-14.52","3"
"PBF Energy","PBF","8239.5","66.51","3261940","-7.41","10.76","66.17","89.27","129.27","-11.42","1.89","75.2","22.19","22","Oils-Energy","Oil and Gas - Refining and Marketing","3.94","1"
"PDD Holdings Inc. Sponsored ADR","PDD","123935.13","87.75","6288352",".15","2.62","-.19","21.24","-31.31","14.45","22.22","138.13","73.3","164","Retail-Wholesale","Internet - Commerce","20.73","3"
"PDF Solutions","PDFS","1758.92","44.28","554183","-16.55","-7.67","-14.08","48.19","38.14","22.04","19","70.79","19.2","174","Computer and Technology","Computer - Services","4.27","2"
"PENN Entertainment, Inc.","PENN","2448.06","17.75","2546615","-2.09","-13.79","-9.78","63.11","10.74","5.82",".76","22.06","11.76","197","Consumer Discretionary","Gaming","-12.67","3"
"PG&E","PCG","48536.8","18.36","26705016","3.49","2.9","12.14","78.59",".81","2.11","15.25","19.11","14.44","154","Utilities","Utility - Electric Power","12.25","4"
"PHINIA Inc.","PHIN","2609.73","70.92","405419","-4.52","-9.27","-6.57","58.68","1.64","2.35","6","85.16","51.45","179","Auto-Tires-Trucks","Automotive - Original Equipment","3.73","4"
"PIPER SANDLR CP","PIPR","5286.14","74.74","519430","-.58","-1.85","-3.16","19.69","-21.22","24.79","16.49","94.51","69.97","101","Finance","Financial - Miscellaneous Services","14.51","3"
"PJT Partners","PJT","4509.91","174.61","435076","3.19","4.5","12.9","75.93","-5.62","14.77","16.67","191.42","129.05","101","Finance","Financial - Miscellaneous Services","10.57","2"
"PPG Industries","PPG","25171.03","113.65","1762288","-.19","-4.42","1.04","50.75","-1.15",".19","10.55","131.56","94.34","100","Basic Materials","Chemical - Specialty","9.57","3"
"PPL","PPL","26369.17","34.99","8415764","-2.53","-2.69","1.51","27.18","-10.5","6.85","14.74","39.81","33.26","154","Utilities","Utility - Electric Power","13.47","3"
"PRA Group","PRAA","759.36","19.68","425254","-.3","12.62","36.65","82.56","1.99","7.83","12.28","22.23","10.42","101","Finance","Financial - Miscellaneous Services","-19.91","1"
"PRESTIGE CONSMR","PBH","2464.42","51.45","561583","3.96","3.21","13.21","26.56","-24.57","-4.31","19.22","70.21","45.44","101","Medical","Medical - Products","15.57","2"
"PROCEPT BIOROBO","PRCT","1217.06","21.6","1650393",".76","20.12","-23.73","18.58","-39.58","37.22","-32.54","41.23","16.69","149","Medical","Medical - Instruments","-32.54","4"
"PT Telekomunikasi Indonesia","TLK","14879.14","15.2","666424","1.28","3.94","-8.19","15.9","-36.17","-6.81","11.62","23.43","13.43","219","Utilities","Diversified Communication Services","11.62","4"
"PTC","PTC","16743.6","151.14","1433622","5.71","23.24","6.36","40.29","-20.77","19.18","38.92","216.53","112.33","91","Computer and Technology","Computer - Software","41.67","3"
"PTC Therapeutics","PTCT","5930.72","73.47","1179187","-2.5","-6.25","-3.71","54.49","-16.32","114.51","-3.8","89.55","48.92","159","Medical","Medical - Biomedical and Genetics","-3.8","3"
"PVH","PVH","3551.71","74.52","864661","-1.47","-8.22","-17.52","42.59","2.81","3.44","5.87","98.81","60.87","93","Consumer Discretionary","Textile - Apparel","1.76","3"
"Pacira BioSciences","PCRX","990.97","25.53","697359","6.97","-6.08","8.28","67.38","-14.08","3.63","14.78","27.62","19.16","159","Medical","Medical - Biomedical and Genetics","1.96","3"
"Packaging Corporation of America","PKG","22174.79","246.54","544468","-1.62","-1.38","12.27","87","7.95","7.23","9.24","257.43","191.68","164","Industrial Products","Containers - Paper and Packaging","7.25","3"
"PagSeguro Digital","PAGS","2433.44","9.03","2741414",".46","-7.25","-7.74","8.84","-19.27","13.54","11.65","12","8.38","151","Business Services","Financial Transaction Services","10.46","3"
"Pagaya Technologies Ltd.","PGY","1820.35","22.26","3226030","4.25","28.66","39.51","33.71","-6.61","26.07","24.46","43.81","10.64","101","Finance","Financial - Miscellaneous Services","9.12","1"
"PagerDuty","PD","956.32","12.25","1228769","5.98","27.05","16","58.3","-15.39","5.36","22.57","17.17","5.73","90","Computer and Technology","Internet - Software","38.6","3"
"Palantir Technologies","PLTR","422673.94","172.73","47561740","1.94","33.73","9.49","68.68","-11.49","56.18","50.03","207.18","107.27","90","Computer and Technology","Internet - Software","49.01","1"
"Palladyne AI Corp.","PDYN","285.18","5.86","942729","-10.67","11.8","-32.79","26.5","21.37","-32.62","-300.68","10.3","4.15","166","Business Services","Technology Services","-254.75","3"
"Palo Alto Networks","PANW","285983.5","339.9","5665413","-6.62","10.58","16.78","82.27","70.4","14.87","25.94","396","141.67","32","Computer and Technology","Security","7.95","2"
"Pan American Silver","PAAS","22367.71","54.21","5079567","11.47","21.53","-3.37","58.89","-7.41","28.38","32.89","68.7","32.04","218","Basic Materials","Mining - Silver","32.04","3"
"Pangaea Logistics Solutions","PANL","547.36","8.39","399451","9","12.06","9.42","79.33","8.69","17.8","6.37","9.35","4.56","42","Transportation","Transportation - Shipping","6.7","3"
"Par Pacific","PARR","3723.91","73.82","1078883","-9.43","-5.48","30.17","79.07","89.21","-6.39","10.44","86.03","30.13","22","Oils-Energy","Oil and Gas - Refining and Marketing","9.94","1"
"Paramount Resources","PRMRF","3416.36","22.78","407223",".39","11.8","5.17","92.35","18.63","-46.08","14.14","24.17","14.27","66","Oils-Energy","Oil and Gas - Exploration and Production - Canadian","12.52","2"
"Paramount Skydance Corporation","PSKY","11612.14","10.67","12347065",".68","28.89","-5.74","21.31","-30.91","-1.1","1.82","19.73","7.81","162","Consumer Discretionary","Media Conglomerates","-2.13","3"
"Park Hotels & Resorts","PK","3193.23","16.17","4256736","5.73","5.52","22.95","100","35.63","-2.23","-6.41","15.86","9.84","82","Finance","REIT and Equity Trust - Other","-6.41","3"
"ParkerHannifin","PH","127842.38","1016.31","673604","-3.75","2.73","23.19","83.31","3.22","8.31","19.25","1073.87","716.66","75","Industrial Products","Manufacturing - General Industrial ","16.97","3"
"Patria Investments Limited","PAX","763.68","11.78","1284787",".53","3.8","-1.46","11.58","-35.38","2","56.9","17.59","10.68","70","Finance","Financial - Investment Management","16.31","3"
"Pattern Group Inc.","PTRN","3344.36","21.4","1777571","3.92","-7.77","9.65","60.02","66.5","39.26","-4.57","29.4","9.59","164","Retail-Wholesale","Internet - Commerce","-4.57","2"
"PattersonUTI Energy","PTEN","4523.22","11.52","7955891","-2.91","26.04","2.86","87.09","73.63","-10.25","-1.15","12.85","5.18","213","Oils-Energy","Oil and Gas - Drilling","-1.92","3"
"PayPal","PYPL","52764.83","62.27","10966009","2","10.01","36.49","61","-5.49","4.32","14.35","76.13","39.08","151","Business Services","Financial Transaction Services","14.36","3"
"Paychex","PAYX","44819.6","124.99","2778944","6.3","9.12","23.01","73.21",".48","16.88","30.48","140.81","85.57","90","Computer and Technology","Internet - Software","27.03","3"
"Paycom Software","PAYC","10349.35","231.7","995979","7.2","51.76","54.54","96.45","28.89","8.95","24.91","233.89","113.59","90","Computer and Technology","Internet - Software","22.78","1"
"Paylocity Holding","PCTY","8088.53","152.24","856842","4.8","17.13","24.46","65.76","-10.58","11.04","25.69","182.31","95.1","90","Computer and Technology","Internet - Software","15.23","2"
"Paymentus","PAY","5030.03","39.34","1371881","-1.77","26.87","64.63","80.89","13.09","37.25","7.88","44.6","20.21","151","Business Services","Financial Transaction Services","6.24","2"
"Payoneer Global","PAYO","2409.23","7.11","5508232","-.28","-.14","30.94","97.93","13.17","7.68","6.38","7.17","4.27","151","Business Services","Financial Transaction Services","4.65","4"
"Paysign","PAYS","770.71","14.14","776198","5","53.54","76.13","95.97","137.09","40.49","15.67","14.09","3.18","151","Business Services","Financial Transaction Services","15.67","2"
"Pebblebrook Hotel Trust","PEB","2067.28","18.35","2049451",".99","-5.13","16.24","85.33","44.76","1.53","-3.11","19.75","10","82","Finance","REIT and Equity Trust - Other","-3.11","3"
"Pediatrix Medical Group, Inc.","MD","2161.34","26.99","850178",".99","1.76","23.03","93.18","11.24","-4.92","9.61","27.39","15.8","91","Medical","Medical Services","8.96","3"
"Pelagos Insurance Capital Limited","PLGO","2073.37","24.16","528795","2.08","-7.37","9.98","78.51","9.79","3.33","14.29","25.98","16.86","85","Finance","Insurance - Multi line","15.94","4"
"Peloton Interactive","PTON","2352.35","5.38","9205946","1.32","-14.38","-17.28","31.19","-22.17","-1.8","2.58","9","3.71","93","Consumer Discretionary","Leisure and Recreation Products","2.58","3"
"Pembina Pipeline","PBA","28336.43","48.1","880508",".14","-2.36","2.46","82.22","14.53","3.29","21.69","51.37","36.52","184","Oils-Energy","Oil and Gas - Production and Pipelines","22.41","3"
"Penguin Solutions, Inc.","PENG","2596.98","50.38","1954590","-19.66","-3.45","-15.12","52.86","131.77","16.91","9.62","81.39","16.24","90","Computer and Technology","Internet - Software","6.44","1"
"PennantPark Floating Rate Capital","PFLT","740.17","7.42","1006953","2.75","7.03","-10.44","17.49","-28.02","40.28","39.39","10.29","6.86","70","Finance","Financial - Investment Management","18.53","3"
"Penske Automotive Group","PAG","14319.1","219.76","397056",".06","1.1","27.94","93.52","23.23","4.44","2.65","223.44","140.6","211","Retail-Wholesale","Automotive - Retail and Whole Sales","2.81","3"
"People Incorporated","PPLI","2661.82","39.52","1078679","-1.87","-8.46","-14.59","44.97","-11.33","-37.14","19.52","47.62","31.52","162","Consumer Discretionary","Media Conglomerates","16.05","1"
"PepsiCo","PEP","197458.84","142.27","6849571","4.65","3.49","2.23","27.35","-9.83","2.25","11.82","170.49","134.95","103","Consumer Staples","Beverages - Soft drinks","10.78","3"
"Perdoceo Education","PRDO","2065.67","33.41","704093","3.03","4.07",".46","53.13",".67","24.2","22.08","37.95","27.41","157","Consumer Discretionary","Schools","20.62","3"
"Performance Food Group","PFGC","16663.84","104.94","1800971","1.05","-7.45","8.39","69.48","5.23","7.17","1.05","116.65","81.03","221","Retail-Wholesale","Food - Natural Foods Products",".53","4"
"Perion Network","PERI","381.66","9.8","334976","1.03","3.71","17.69","61.79","-8.68","-11.71","9.77","11.06","7.71","205","Computer and Technology","Internet - Content","-2.95","2"
"Permian Resources Corporation","PR","19841.73","23.3","9217346","6.81","16.99","20.44","98.47","51.04","1.29","27.08","23.87","12.09","201","Oils-Energy","Oil and Gas - Exploration and Production - United States","21.52","3"
"Perrigo","PRGO","1980.24","14.48","2904070","11.31","40.73","32.62","32.94","-8.3","-2.75","8.41","24.49","9.25","101","Medical","Medical - Products","-41.85","2"
"Personalis","PSNL","1786.54","17.25","3594026","22.82","42.4","51.51","90.38","91.71","-17.69","-153.84","18.38","4.66","174","Medical","Medical - Generic Drugs","-153.84","4"
"Petroleo Brasileiro","PBR","119865.21","17.85","16363026","1.92","3.33","-1.38","67.3","40.4","-2.43","24.56","22.03","11.54","216","Oils-Energy","Oil and Gas - Integrated - International","24.52","4"
"Pfizer","PFE","159419.88","28.57","40345700","4.09","13.38","9.13","88.28",".48","-1.65","27.41","28.55","23.6","103","Medical","Large Cap Pharmaceuticals","6.8","3"
"Phathom Pharmaceuticals","PHAT","700.6","8.8","1798761","-6.68","-27.53","-6.28","4.37","-53.31","216.93","-13.23","18.08","8.23","159","Medical","Medical - Biomedical and Genetics","-41.34","4"
"Philip Morris International","PM","298412.13","193.92","4972573","3.76","-2.15","10.89","84.4","6.77","4.94","29.74","200.17","144.33","221","Consumer Staples","Tobacco","11.06","3"
"Phillips 66","PSX","96547.11","236.9","2782190",".59","16.43","34.24","98.71","67.73","-6.14","3.85","243.49","124.45","22","Oils-Energy","Oil and Gas - Refining and Marketing","4.54","3"
"Phillips Edison & Company","PECO","5100.38","39.91","840063","-.8","-8.54",".87","59.29","-.34","9.86","19.14","44.01","33.25","103","Finance","REIT and Equity Trust - Retail","19.14","2"
"Photronics","PLAB","1741.2","29.32","870753","-12.11","-.84","-7.34","26.67","-17.45","-2.04","14.46","54.96","20.28","103","Computer and Technology","Semiconductor Equipment - Photomasks","18.47","3"
"Phreesia","PHR","722.58","11.52","830307",".95","9.97","9.66","14.82","-38.2","14.48","3.4","32.55","8.06","99","Medical","Medical Info Systems","1.85","3"
"Piedmont Realty Trust, Inc.","PDM","1227.55","9.9","939611","4.81",".31","18.48","95.8","5.22","-.93","-14.18","9.96","6.39","82","Finance","REIT and Equity Trust - Other","-14.18","3"
"Pinnacle Financial Partners","PNFP","7861.5","100.77","999400","-5.6","-1.67","5.99","71.44","-4.99","8.13","31.89","109.03","82.1","75","Finance","Banks - Southeast","15.4","3"
"Pinnacle West Capital","PNW","11842.18","97.67","1204324","-2.69","-7.28",".24","50.38","-1.46","4.2","11.52","109.37","85.87","154","Utilities","Utility - Electric Power","11.52","3"
"Pinterest","PINS","13146.89","23.66","11526054","1.73","-.13","9.93","35.73","-18.91","15.79","24.97","37.95","15.42","90","Computer and Technology","Internet - Software","5.46","3"
"Pitney Bowes","PBI","2266.1","17.08","1772851","3.18","-8.93","-2.31","79.14","39.89","-6.61","13.53","18.51","9.02","25","Computer and Technology","Office Automation and Equipment","10.04","1"
"Plains All American Pipeline","PAA","17610.94","24.7","2715853","5.09","2.76","8.85","100","24.31","-11.61","2.61","24.96","15.85","45","Oils-Energy","Oil and Gas - Production Pipeline - MLB","5.29","3"
"Plains Group","PAGP","5396.85","27.16","1723862","5.74","4.52","10.05","100","27.45","-11.61",".13","27.27","16.85","184","Oils-Energy","Oil and Gas - Production and Pipelines","1.06","3"
"Planet Fitness","PLNT","4068.21","52.54","2219393","6.38","-.66","1.85","14.49","-55.58","12.06","18.73","111.97","44.01","191","Consumer Discretionary","Leisure and Recreation Services","16.88","3"
"Planet Labs PBC","PL","7687.6","21.55","5364876","-11.53","2.71","-53.57","33.65","-2.16","25.94","-5.57","51.4","6.44","221","Computer and Technology","Satellite and Communication","-111.17","3"
"Plexus","PLXS","6357.59","240.94","322822","-13.34","-6.22","-12.45","61.79","44.59","1.82","4.93","303.82","130.55","6","Computer and Technology","Electronics - Manufacturing Services","4.03","1"
"Polaris","PII","3661.17","63.56","841026","-5.84","-13.87","-5.03","61.37","-9.01","-.33","2.02","74.7","47.88","56","Auto-Tires-Trucks","Automotive - Domestic","-3.5","1"
"Pony AI Inc. - Sponsored ADR","PONY","3282","7.54","3918909","-5.33","2.37","-29.98","5.58","-53.39","19.96","-150.82","24.06","6.58","66","Transportation","Transportation - Equipment and Leasing","-118.47","2"
"Pool Corp.","POOL","6840.78","186.36","682526","-1.17","1.97","3.39","8.21","-26.39","-.41","7.52","333.62","175.24","93","Consumer Discretionary","Leisure and Recreation Products","7.4","3"
"Popular","BPOP","10742.21","169.55","403178","-4.79","-1.74","13.97","86.25","20.99","2.51","28.63","177.87","109.24","75","Finance","Banks - Southeast","21.37","2"
"Porch Group","PRCH","2249.05","17.45","1778783","1.79","34.22","54.67","84.33","67.14","10.18","-2.87","19.04","6.4","90","Computer and Technology","Internet - Software","-2.67","3"
"Portland General Electric","POR","5845.1","49.81","1111850","-2.3","-2.99","2.54","63.55","-7.36","3.95","8.63","54.22","41.82","154","Utilities","Utility - Electric Power","7.27","3"
"Post Holdings","POST","3733.68","81.06","1072006","3.82","-9.78","-7.57","16.02","-25.6","2.97","5.31","114.61","76.23","212","Consumer Staples","Food - Miscellaneous","3.48","3"
"Postal Realty Trust","PSTL","635.63","23.4","312000","1.14","-3.96","1.9","80.97","27.52","25.47","16.42","24.98","14.63","82","Finance","REIT and Equity Trust - Other","16.42","3"
"Powell Industries","POWL","6885.03","190.19","716527","-13.6","-13.8","-34.41","44.18","59.08","9.08","16.49","322.05","83.64","83","Industrial Products","Manufacturing - Electronics","16.49","3"
"Power Integrations","POWI","2971.34","54.63","649030","-14.36","-16.13","-35.08","39.45","33.85","5.86","15.06","87.35","30.92","103","Computer and Technology","Semiconductors - Power","5.58","3"
"Precigen","PGEN","2556.18","7.28","6194532","9.47","32.29","74.03","93.78","53.44","146.73","156.45","7.44","3.1","159","Medical","Medical - Biomedical and Genetics","-183.98","2"
"Primo Brands Corporation","PRMB","8341.39","23.35","4563065","-5.58",".74","-6","77.68","25.94","29.34","6.96","25.48","14.46","103","Consumer Staples","Beverages - Soft drinks","1.49","3"
"Primoris Services","PRIM","4044.96","74.8","1248188","-9.52","-12.15","-38.13",".3","-45.86","18.97","2.47","202.92","74.76","71","Construction","Building Products - Heavy Construction","1.92","3"
"Principal Financial Group","PFG","23956.17","111.59","1224856","-.96",".54","8.74","90.49","13.46","-3.11","12.38","115.41","78.39","85","Finance","Insurance - Multi line","9.93","3"
"Priority Technology","PRTH","469.09","5.62","516193","6.55","-12.86","-13.39","27.7","-6.61","8.33","9.28","8.43","4.64","166","Business Services","Technology Services","5.61","4"
"Privia Health Group","PRVA","2684.97","21.2","1242644","-2.23","-14.8","-1.36","12.38","-20.7","22.26","1.19","28.1","20.02","99","Medical","Medical Info Systems","1.19","3"
"ProPetro Holding","PUMP","1328.95","10.6","3484604","-15.4",".28","-29.47","46.05","1.77","-12.13","-1.15","18.2","4.52","154","Oils-Energy","Oil and Gas - Field Services","-1.15","3"
"Procore Technologies","PCOR","9434.91","60.61","4060414","6.35","33.3","12.42","57.6","-23.65","14.83","17.26","79.6","38.3","90","Computer and Technology","Internet - Software","-2.73","3"
"Procter & Gamble","PG","340761.91","145.4","9747526","2.43","-1.37","4.51","29.35","-8.5","3.26","19.17","167.2","138.04","184","Consumer Staples","Consumer Products - Staples","18.44","4"
"Prog Holdings","PRG","1556.22","39.83","603571","-7.33","-9.75","5.77","60.38","18.51","-2.2","6.3","47.53","26.18","65","Finance","Financial - Consumer Loans","5.57","1"
"Progress Software","PRGS","1780.78","43.28","451583","1.31","12.31","22.93","84.16","-9.59","29.79","26.69","46.87","25.09","91","Computer and Technology","Computer - Software","8.87","3"
"Progyny","PGNY","1952.7","25.82","1178878",".47","-19.44","-2.86","56.97","-11.35","10.4","13.04","32.36","16.3","91","Medical","Medical Services","6","2"
"Prologis","PLD","133766.52","143.33","4659052","1.95","-2.65","3.12","83.92",".45","7.18","49.81","150.06","108.39","82","Finance","REIT and Equity Trust - Other","45.79","3"
"Prosperity Bancshares","PB","7337.18","72.53","926159","-2.32",".29","7.92","76.8","-5.84","-2.84","42.22","76.03","61.89","103","Finance","Banks - Southwest","29.95","2"
"Protagonist Therapeutics","PTGX","10011.67","150.59","496658","-2.46","14.13","63","96.2","58.46","-89.41","29.4","158.62","56.04","159","Medical","Medical - Biomedical and Genetics","29.4","3"
"Prothena","PRTA","491.6","9.42","443342","5.74","7.93","-2.09","41.11","-12.05","-92.84","-88.63","11.51","7.91","159","Medical","Medical - Biomedical and Genetics","-80.68","3"
"Provident Financial Services","PFS","3074.06","23.46","942932","-4.07","-1.22","7.92","77.23","6.75","21.25","34.47","25.28","17.77","86","Finance","Financial - Savings and Loan","22.15","2"
"Prudential Financial","PRU","42321.15","120.15","1905451","-1.52",".64","22.07","92.57","-2.79","-15.25","8.98","125.13","92","85","Finance","Insurance - Multi line","6.51","3"
"PubMatic","PUBM","745.2","16.55","806944","-5.27","27.91","33.88","87.65","64.98","-2.86","5.69","17.78","6.28","90","Computer and Technology","Internet - Software","-4.66","2"
"Public Service Enterprise Group","PEG","36648.82","73.28","2771207","-2.75","-7.17","-4.1","6.42","-18.09","18.25","16.98","86.95","72.61","154","Utilities","Utility - Electric Power","16.04","3"
"Public Storage","PSA","57071.6","322.67","904975",".2",".29","9.86","92.36","12.02","2.74","41.8","330.47","258.44","82","Finance","REIT and Equity Trust - Other","41.8","3"
"PulteGroup","PHM","24295.72","130.86","1423453",".87","-.75","10.12","60.09","-1.13","-3.54","12","142.56","110.11","103","Construction","Building Products - Home Builders","11.62","3"
"Puma Biotechnology","PBYI","470.77","9.32","320724","3.4","14.14","28.09","92.82","37.11","-.91","14.61","9.49","4.34","159","Medical","Medical - Biomedical and Genetics","11.5","3"
"Q2 Holdings","QTWO","4001.92","63.89","935297","-.36","10.37","22.08","52.41","-20.44","14.12","19.66","84.24","42.09","90","Computer and Technology","Internet - Software","10.87","1"
"QIAGEN","QGEN","8609.8","43.65","3392790","-1.92","1.7","15.48","39.73","-21.05","5.65","24.32","55.66","32.63","159","Medical","Medical - Biomedical and Genetics","19.49","3"
"QXO INC","QXO","13912.75","13.85","18483002","-4.08","-5.1","-19.99",".8","-37.82","11930.67","2.18","27.07","13.3","166","Business Services","Technology Services","-5.17","3"
"Qfin Holdings Inc. - Sponsored ADR","QFIN","1338.05","11.53","1473655","-7.96","-18.95","-35.01","0","-48.99","16.78","27.48","31.5","10.99","101","Finance","Financial - Miscellaneous Services","27.48","3"
"Qnity Electronics, Inc.","Q","26410.49","126.62","2037103","-10.32","-5.06","-16.9","51.62","38.3","9.67","16.51","175.64","73.54","45","Computer and Technology","Electronics - Semiconductors","11.25","2"
"Qorvo","QRVO","8413.7","94.34","1207349","-.7","6.25","-4.6","60.08",".95","-1.09","19.62","108.23","76.02","103","Computer and Technology","Semiconductors - Radio Frequency","10.95","3"
"Quad Graphics","QUAD","527.48","10.2","483912","1.28","20.59","37.03","89.42","46.23","-9.44","2.4","10.85","5.18","56","Business Services","Advertising and Marketing","1.31","2"
"Qualcomm","QCOM","166493.58","160.56","11140020","-2.25","-6.77","-30.77","27.15","-17.1","13.66","27.76","251.02","124.07","45","Computer and Technology","Electronics - Semiconductors","21.01","3"
"Qualys","QLYS","6173.82","175.94","759521","-2.65","32.4","56.52","85.44","20.11","10.13","38.97","195.88","76.2","32","Computer and Technology","Security","29.38","1"
"Quanex Building Products","NX","916.26","19.94","312605","-3.81","6.17","9.8","76.99","16.03","43.81","4.34","22.55","11.25","166","Construction","Building Products - Miscellaneous","-13.85","3"
"Quanta Services","PWR","92728.8","603.78","1279565","-14.61","-.56","-10.28","59.19","30.72","20.31","6.19","785.24","372.5","172","Construction","Engineering - R and D Services","4.03","1"
"Quantum","QMCO","849.68","22.39","2516514","-13.48","96.54","105.53","79.13","199","2.02","-3.77","26.11","4.31","8","Computer and Technology","Computer- Storage Devices","-80.76","2"
"Quest Diagnostics","DGX","26916.75","244.51","849212","3.55","5.19","26.88","99.27","25.71","11.78","10.37","244.39","173.49","45","Medical","Medical - Outpatient and Home Healthcare","9.18","3"
"QuinStreet","QNST","1177.06","20.1","1028575","1.56","31.85","62.49","86.65","27.55","18.29","5.7","22.02","10.56","49","Computer and Technology","Internet - Delivery Services","6.28","1"
"RB Global, Inc.","RBA","15564.37","85.02","2239551","2.39","-27.74","-20.14","5.29","-26.9","7.15","16.87","119.14","82.11","151","Business Services","Financial Transaction Services","9.99","3"
"REAL REMAX GRP","REAX","523.07","28.43","6481865","-.83","36.36","31.87","21.37","-41.18","55.65","-.7","5.38","1.59","166","Business Services","Technology Services","-.72","3"
"REGAL REXNORD","RRX","10835.83","162.18","1487170","-6.76","-22.83","-19.48","31.04","3.73","-1.65","11.22","238.19","128.75","75","Industrial Products","Manufacturing - General Industrial ","5.35","3"
"REGENXBIO","RGNX","531.74","8.91","1293610","-28.91","-17.04","12.81","23.28","-49.96","104.54","-112.58","15.98","5.65","159","Medical","Medical - Biomedical and Genetics","-112.58","3"
"RH","RH","2709.26","141.3","702136","-18.51","-20.18","-4.01","22.07","-28.43","8.14","2.47","251","112.85","184","Consumer Staples","Consumer Products - Staples","3.01","3"
"RITHM CAP CP","RITM","5723.67","10.17","5627495","-.1","11.05","12.64","38.44","-15.88","-11.9","29.16","12.62","8.77","101","Finance","Financial - Miscellaneous Services","9.2","3"
"RLI","RLI","6113.92","64.9","752500","6.73","4.01","31.58","90.67","-6.86","6.33","17.47","68.56","47.77","78","Finance","Insurance - Property and Casualty","22.22","3"
"RLJ Lodging Trust","RLJ","1756.89","11.56","1848653","4.16","-7.61","17.06","83.84","38.44","-1.43","2","12.48","6.6","82","Finance","REIT and Equity Trust - Other","2","2"
"RPC","RES","1374.27","6.14","1408419","-5.63","13.35","-8.82","52.26","1.95","14.95","2.97","8","4.23","154","Oils-Energy","Oil and Gas - Field Services","1.28","2"
"RPM International","RPM","13586.58","106.79","1006641","-5.23","-1.31","1.66","37.51","-8.52","6.66","9.03","128.23","93.23","100","Basic Materials","Chemical - Specialty","8.41","3"
"RTX Corporation","RTX","281977.97","210.28","4865114","-5.6","-4.21","19.96","77.94","2.04","9.74","10.08","225.49","151.75","72","Aerospace","Aerospace - Defense","8.28","2"
"RUM Group Inc.","RUM","4640.78","10.23","3786125","13.59","54.97","-2.19","92.32","32.48","5.38","-109.01","9.75","4.67","205","Computer and Technology","Internet - Content","-134.6","4"
"RadNet","RDNT","5877.9","76.86","783114","-1.63","21.43","41.22","69.98","-6.36","11.51","1.56","84.48","51.87","45","Medical","Medical - Outpatient and Home Healthcare","-.93","3"
"Radian Group","RDN","4856.78","36.83","1018967","-.92","-5.82","8.64","62.69","-8.76","-7.22","39.17","39.71","31.67","85","Finance","Insurance - Multi line","32.6","4"
"Ralliant Corporation","RAL","6964.79","61.7","1704366","-12.53","-9.85","2.42","69.69","10.6","-3.99","13.17","73.63","38.39","166","Business Services","Technology Services","-56.38","2"
"Ralph Lauren","RL","22094.29","362.6","615344","-2.24","-2.4","1.23","66.28","-6.2","14.63","12.91","414.25","285.46","93","Consumer Discretionary","Textile - Apparel","11.76","3"
"Ramaco Resources","METC","787.92","12.92","2393456","1.64","22.22","-24.62","7.73","-38.23","-19.46","-11.98","54.55","8.9","103","Oils-Energy","Coal","-11.98","4"
"Rambus","RMBS","9443.75","89.86","2368395","-13.46","-9.7","-40.96","16.59","-15.24","27.13","39.28","170.66","70.44","45","Computer and Technology","Electronics - Semiconductors","31.69","2"
"Range Resources","RRC","9639.28","40.99","2485729","4.8","8.9","3.7","55.74","4.65","28.9","26.19","47.65","33.19","201","Oils-Energy","Oil and Gas - Exploration and Production - United States","25.04","3"
"Ranpak Holdings","PACK","431.36","5.06","547651","-4.01","-24.81","-27","40.68","-16.83","7.08","-9.09","7.64","3.24","164","Industrial Products","Containers - Paper and Packaging","-9.09","4"
"Rapid7","RPD","821.61","12.13","2319189","-1.46","26.72","39.47","45.05","-28.26","1.87","15.76","20.9","5.05","90","Computer and Technology","Internet - Software","2.35","3"
"Raymond James Financial","RJF","33986.46","174.71","974799","-1.56","1.77","21.16","88.83","-1.59","6.63","15.73","181.18","140.89","34","Finance","Financial - Investment Bank","13.57","3"
"Rayonier","RYN","6314.38","21.25","3065724","-.89","-2.12","3.31","22.6","-12.33","-61.64","13.54","27.11","19.5","190","Construction","Building Products - Wood","7.83","3"
"Rayonier Advanced Materials","RYAM","563.48","8.61","1030047",".12","-2","-7.34","48.8","26.51","-10.06","-8.5","11.75","5.07","217","Basic Materials","Paper and Related Products","-9.53","3"
"ReNew Energy Global","RNW","2466.83","6.81","3197381","-.29","12.77","4.29","62.33","7.66","41.29","7.24","8.19","4.5","154","Oils-Energy","Alternative Energy - Other","7.24","3"
"Realty Income","O","59772.59","62.83","5512749","1.23","-3.56","6.08","62.25",".24","9.07","20.93","67.56","55.93","103","Finance","REIT and Equity Trust - Retail","20.93","3"
"Recruit Holdings Co.","RCRUY","151815.17","20.75","624589","0","34.68","46.45","94.75","63.95","5.13","14.94","21.34","7.63","103","Business Services","Business - Information Services","14.94","3"
"Red Cat","RCAT","1096.09","9.1","9749722","-14.46","14.63","-39.83","24.87",".73","739.77","-136.26","17.36","6.14","166","Business Services","Technology Services","-136.26","4"
"Red Rock Resorts","RRR","6382.88","59.72","736120","-3.84","-6.59","3.4","60.05","-12.24","3.74","8.43","67.26","51.04","197","Consumer Discretionary","Gaming","8.43","3"
"Red Violet","RDVT","1126.02","69.385","304373","3.13","11.37","18.33","90.93","10.22","20.03","22.81","73.74","34.4","179","Computer and Technology","Internet - Software and Services","16.54","2"
"Reddit Inc.","RDDT","29378.95","162.45","9119106","-7.17","-14.8","-14.14","20.73","-40.58","69.4","31.35","270.71","121.84","90","Computer and Technology","Internet - Software","31.35","3"
"Redwire Corporation","RDW","2844.92","11.48","17793308","-15.14","28.88","-44.97","30.33","33.94","10.29","-30.41","25.9","5.06","72","Aerospace","Aerospace - Defense","-57.26","2"
"Regency Centers","REG","14041.69","76.72","1364272",".42","-6.86",".72","61.4","-.62","6.85","34.38","82.68","67.16","103","Finance","REIT and Equity Trust - Retail","34.38","3"
"Regeneron Pharmaceuticals","REGN","85298.21","833.56","817307","2.8","24.18","37.93","95.68","-3.99",".99","32.95","840.84","555.51","159","Medical","Medical - Biomedical and Genetics","27.86","3"
"Regions Financial","RF","26094.6","30.63","7686684","-3.38","-.36","12.03","80.44","1.1","2.51","29.79","32.4","23.35","75","Finance","Banks - Southeast","23.33","3"
"Reinsurance Group of America","RGA","16036.13","244.46","373811","-.57","2.75","23.58","93.01","7.96","7.2","7.54","250.38","181.54","174","Finance","Insurance - Life Insurance","5.81","2"
"Reliance, Inc.","RS","19527.86","383.66","351079","-10.64","-5.41","-.09","71.7","18.44","3.32","5.74","428.49","265.93","210","Basic Materials","Mining - Miscellaneous","5.65","1"
"Remitly Global","RELY","5628.68","26.22","3371694","1.1","17.34","26.44","99.45","72.35","29.37","18.55","26.67","12.2","151","Business Services","Financial Transaction Services","16.85","1"
"Renasant","RNST","3785.97","41.01","570135","-3.92","-4.36","4.39","73.58","5.2","32.32","30.57","44.3","33.4","75","Finance","Banks - Southeast","19.94","3"
"Repligen","RGEN","10249.84","181.69","1138450","7.44","38.58","47.54","100","-.85","16.36","14.2","181.62","102.87","159","Medical","Medical - Biomedical and Genetics","5.29","1"
"Republic Services","RSG","68309.99","220.96","1424977","3.63","2.85","11.08","67.22","-5.84","3.49","13.24","235.44","197.73","172","Business Services","Waste Removal Services","12.94","3"
"ResMed","RMD","33531.45","236.59","1501144","5.48","14.46","24.68","44.75","-13.68","9.85","28.86","293.73","182.82","101","Medical","Medical - Products","26.94","3"
"Resideo Technologies","REZI","2927.62","19.93","2677850","-6.59","-45.29","-37.1","0","-50.89","10.52","6.19","44.5","19.28","56","Industrial Products","Security and Safety Services","5.37","3"
"Restaurant Brands International","QSR","28485.26","81.56","2457321","5.72","9.62","11.95","99.5","6.94","12.23","18.1","81.67","61.86","151","Retail-Wholesale","Retail - Restaurants","13.13","3"
"Revolve Group","RVLV","1703.21","23.31","959866","3.54","-6.92","23.12","46.27","-29.01","8.48","5.28","31.45","17.51","93","Consumer Discretionary","Textile - Apparel","5.54","3"
"Revvity, Inc.","RVTY","13725.13","124.84","1615758","5.88","13.81","22.36","95.88","13.72","3.67","20.8","124.75","82.26","91","Medical","Medical Services","8.16","3"
"Rexford Industrial Realty","REXR","8399.96","37.62","2442235","5.05","-2.69","8.59","44.1","-12.98","7.13","-39.22","44.26","32.47","82","Finance","REIT and Equity Trust - Other","-39.22","3"
"Reynolds Consumer Products","REYN","5330.9","24.56","1245976","-2.39","-.82","18.4","71.45","-1.3",".7","9.54","27.18","20.56","159","Consumer Discretionary","Consumer Products - Discretionary","9.11","3"
"Rhythm Pharmaceuticals","RYTM","7637.27","113.35","706286","-3.47","5","26.82","85.21","-6.87","45.83","-85.59","117.62","75.82","159","Medical","Medical - Biomedical and Genetics","-85.59","3"
"Richardson Electronics","RELL","246.98","16.87","313211","-15.61","-9.04",".12","59.56","38.2","9.41","2.49","21.82","9.43","5","Computer and Technology","Electronics - Parts Distribution","2.79","1"
"Ridgepost Capital, Inc.","RPC","980.02","8.82","593563","4.22","2.18","6.21","33.9","-18.94",".3","36.02","12.75","6.91","101","Finance","Financial - Miscellaneous Services","9.03","3"
"Rigel Pharmaceuticals","RIGL","834.63","46.75","332731","6.27","20.65","51.07","77.08","-5.79","64.15","27.66","50.96","25.44","150","Medical","Medical - Drugs","116.3","3"
"Rimini Street","RMNI","486.39","5.2","452414","5.04","11.56","22.01","98.25","20.11","-1.68","5.32","5.25","2.97","90","Computer and Technology","Internet - Software","1.69","4"
"Ringcentral","RNG","5601.59","65.61","1830625","4.7","24.92","36.62","98.37","107.77","4.78","16.18","67.78","24.82","179","Computer and Technology","Internet - Software and Services","4.27","2"
"Riot Platforms, Inc.","RIOT","7505.18","21.3","23655870","-.2","-8.97","-29.2","48.46","41.2","71.89","-196.28","28.69","11.83","101","Finance","Financial - Miscellaneous Services","-196.28","4"
"Riskified","RSKD","881.51","5.94","1685276","-5.56","13.33","18.06","78.54","7.09","5.23","9.53","6.54","3.79","90","Computer and Technology","Internet - Software","-4.23","3"
"Rivian Automotive","RIVN","24034.49","16.74","22683666","11.63",".73","-2.06","43.37","-24.66","8.39","-48.17","22.45","12.12","56","Auto-Tires-Trucks","Automotive - Domestic","-54.96","3"
"Robert Half Inc.","RHI","4618.57","44.9","2045625","6.24","13.54","45.6","100","48.6","-7.2","2.17","45.12","21.86","80","Business Services","Staffing Firms","2.17","3"
"Robinhood Markets","HOOD","93162.91","112.09","19928584","7.66","8.33","14.21","44.06","-18.05","51.58","42.01","152.46","65.16","34","Finance","Financial - Investment Bank","42.01","3"
"Roblox","RBLX","25968.93","39.12","16482541","2.19","-19.95","-17.53","3.04","-57.21","35.77","-12.86","141.56","35.54","197","Consumer Discretionary","Gaming","-17.6","3"
"Rocket Companies","RKT","39897.84","14.3","27322684","-2.83","4.45","-.63","15.69","-34.9","31.25","13.64","23.44","12.35","234","Finance","Financial - Mortgage & Related Services","4.7","3"
"Rocket Lab Corporation","RKLB","40855.37","66.91","18612396","-16.81","2","-44.21","26","-12.45","37.96","-10.08","150.23","39.48","35","Aerospace","Aerospace - Defense Equipment","-21.51","2"
"Rockwell Automation","ROK","47716.51","429.4","883853","-3.35","-7.79","-5.92","59.47","-1.21",".94","16.18","495.08","333.75","72","Computer and Technology","Electronics - Miscellaneous Products","13.39","3"
"Rogers Communication","RCI","19658.8","36.59","1178771",".83","10.91","-7.48","51.89","-13.73","3.33","12.15","40.97","31.45","219","Utilities","Diversified Communication Services","27.54","3"
"Roku","ROKU","23476.91","159.76","2564520","-.08","10.68","22.59","99.83","30.42","15.18","7.1","158.31","82.93","86","Consumer Discretionary","Broadcast Radio and Television","6.82","1"
"Rollins","ROL","17927.48","36.36","5189204","3.44","-4.63","-19.56","4.19","-44.47","10.99","14.14","65.6","36.02","246","Business Services","Building Products - Maintenance Service","13.55","4"
"Root","ROOT","875.99","57.7","313206","13.76","-5.21","-1.53","22.34","-29.98","28.95","3.78","102.88","43.21","78","Finance","Insurance - Property and Casualty","3.78","3"
"Roper Technologies","ROP","41094.3","413.37","778914","6.62","10.8","20.7","45.18","-16.5","12.26","26.55","536.84","315.53","86","Computer and Technology","Computers - IT Services","30.24","3"
"Ross Stores","ROST","77475.05","241.19","2780853","2.65","-.75","7.79","87.6","19.93","7.67","10.07","255.23","144.67","23","Retail-Wholesale","Retail - Discount Stores","10.85","3"
"Royal Bank Of Canada","RY","282894","207.09","1307367","-5.63","-2.62","8.2","83.04","7.04","-.6","32.37","217.87","136.2","86","Finance","Banks - Foreign","15.92","3"
"Royal Caribbean Cruises","RCL","78363.46","292.29","1757235","-2.91","-3.95","1.37","38.86","-6.03","8.8","23.8","365.84","246.71","191","Consumer Discretionary","Leisure and Recreation Services","23.54","3"
"Royal Gold","RGLD","22346.97","267.76","786034","11.47","31.21","21.06","70.02","6.13","43.24","50.11","304.29","169.08","231","Basic Materials","Mining - Gold","47.74","4"
"Royalty Pharma","RPRX","35264.82","62.07","2876245","3.16","4.43","11.15","98.51","41.98","5.04","86.53","61.73","34.9","159","Medical","Medical - Biomedical and Genetics","32.14","3"
"Rubrik, Inc.","RBRK","20179.43","92.65","3099273","-2.95","31.03","15.25","88.5","14.67","48.46","4.39","105.09","43.81","90","Computer and Technology","Internet - Software","-20.25","3"
"Runway Growth Finance Corp.","RWAY","275.35","6.56","667584","1.86","20.55",".46","23.27","-34.19","-5.05","42.16","10.89","5.26","103","Finance","Financial - SBIC & Commercial Industry","5.82","3"
"Rush Enterprises","RUSHA","6126.79","77.11","504072","-4.14","2.25","17.65","88.83","30.56","-4.75","3.67","82.76","46.68","211","Retail-Wholesale","Automotive - Retail and Whole Sales","3.67","4"
"Rush Street Interactive","RSI","6123.45","26.05","2773771","3.81","-16.45","4.06","56.52","21.63","22.76","6.12","34.52","15.89","197","Consumer Discretionary","Gaming","2.33","3"
"RxSight","RXST","260.37","6.4","877451","-3.4","10.99","19.47","19.65","-46.26","-3.89","-12.24","13.09","4.59","149","Medical","Medical - Instruments","-36.8","3"
"Ryan Specialty Holdings Inc.","RYAN","11342.83","43.93","2031704","6.38","2.66","33.92","49.11","-23.18","21.28","16.13","59.83","29.39","103","Finance","Insurance - Brokerage","7.55","3"
"Ryder System","R","9392.3","246.18","301927","-7.47","-8.84","-3.51","70.53","14.47",".23","4.24","280.34","160.2","66","Transportation","Transportation - Equipment and Leasing","3.88","3"
"Ryerson","RYZ","1256.47","24.59","576381","-17.09","-20.93","-12.73","38.94","-13.93","-.6","-.11","31.03","19.86","184","Industrial Products","Metal Products - Distribution","-.56","3"
"Ryman Hospitality Properties","RHP","8276.83","132.95","980902","5.66","-2.82","13.94","90.3","23.97","10.17","9.91","135.99","85.91","82","Finance","REIT and Equity Trust - Other","9.91","3"
"SAP","SAP","268624.72","216.93","2877523","5.21","27.86","11.5","53.91","-19.48","12.55","19.85","280.46","146.38","91","Computer and Technology","Computer - Software","20.88","3"
"SATELLOGIC INC","SATL","811.75","5.355","6010392","-9.12","49.15","-39.1","42.34","152.57","37.58","28.55","10.74","1.27","221","Computer and Technology","Satellite and Communication","-325.65","3"
"SBA Communications","SBAC","19633.73","187.62","1120692","1.63","7.22","-9.3","33.99","-14.42","5.06","34.51","223.75","165.15","82","Finance","REIT and Equity Trust - Other","34.51","3"
"SEI Investments","SEIC","13292.12","110.98","601827","5.01","9.09","25.4","100","20.78","8.1","29.4","110.75","75.18","70","Finance","Financial - Investment Management","28.85","3"
"SK Telecom Co.","SKM","15350","39.66","2128501",".1","13.51","-9.97","77.2","74.28","-8.47","4.23","46","19.68","191","Computer and Technology","Wireless Non-US ","4.23","3"
"SL Green Realty","SLG","4167.15","59.83","852842","4.38","8.79","30.91","76.6","14.22","13.18","-27.13","65.67","35.33","82","Finance","REIT and Equity Trust - Other","-16.92","3"
"SLB Limited","SLB","80143.73","53.29","10048225",".26","4.79","-1.37","84.75","25.85","-1.6","10.51","58.01","31.72","166","Business Services","Technology Services","8.53","3"
"SLM","SLM","4950.52","26.47","2100435","-3.45","3.62","19.4","57.97","-12.93",".31","50.44","31.85","18.74","65","Finance","Financial - Consumer Loans","26.09","3"
"SLR Investment","SLRC","693.39","12.6","450758",".32","-1.7","-4.72","10.89","-26.46","-5.97","37.62","16.8","12.21","103","Finance","Financial - SBIC & Commercial Industry","35.2","3"
"SM Energy","SM","8672.16","35.68","3768708","2.76","20.33","11.6","94.12","74.4","17.24","19.74","37.64","17.57","201","Oils-Energy","Oil and Gas - Exploration and Production - United States","18.2","3"
"SOPHiA GENETICS","SOPH","708.91","8.65","498798","10.75","49.56","69.34","96.38","61.85","18.56","-90.95","8.65","3.12","99","Medical","Medical Info Systems","-93.86","3"
"SPS Commerce","SPSC","2928.61","80.56","641554","6.72","23.92","36.4","47.7","-18.36","17.83","22.49","115.82","49.91","197","Business Services","Business - Services","10.1","3"
"SPX Technologies, Inc.","SPXC","10062.25","200.98","478645","-7.69","-8.33","-9.06","30.73","-10.17","14.17","15.06","246.41","180.71","44","Construction","Building Products - Air Conditioner and Heating","11.27","2"
"SS&C Technologies","SSNC","19603.08","82.99","1745620","4.69","11.33","20.93","76.34","-14.52","6.63","25.33","90.2","62.05","91","Computer and Technology","Computer - Software","13.16","3"
"STAAR Surgical","STAA","1166.35","23.18","1046382","-3.45","1.35","-21.29","41.53","-9.89","-23.72","17.73","33.34","16.1","72","Medical","Medical - Dental Supplies","1.13","3"
"STERIS","STE","23192.35","236.44","743079","3.53","8.91","12.7","55.55","-16.07","8.73","16.99","268.65","199.4","149","Medical","Medical - Instruments","13.34","3"
"STMicroelectronics","STM","44324.96","49.46","9079810","-11.54","-7.67","-28.5","47.95","70.18","-11.07","5.96","79.91","21.2","35","Computer and Technology","Semiconductor - General","3.56","3"
"SYMBOTIC INC","SYM","24210.21","40.41","1864597","-5.48","-3.52","-17.29","3","-39.82","23.31","6.8","87.3","38.57","166","Business Services","Technology Services",".48","3"
"Sabra Healthcare REIT","SBRA","5229.32","20.82","2549725",".79","-8.58","7.45","62.79","-3.32","10.15","7.61","22.39","17.23","82","Finance","REIT and Equity Trust - Other","7.61","3"
"Saia","SAIA","9323.86","343.92","540539","-9.26","-16.76","-27.51","41.86","-4.24",".79","7.87","487.14","250.48","25","Transportation","Transportation - Truck","8.19","3"
"SailPoint, Inc. ","SAIL","10283.03","17.87","3035744","-2.47","18.19","-5.82","58.14","-19.84","24.35","14.08","23.63","10.49","90","Computer and Technology","Internet - Software","-14.04","4"
"Salesforce, Inc.","CRM","171220.14","205.69","12413770","9.47","20.43","-.26","50.76","-29.41","9.58","30","266.23","150.12","90","Computer and Technology","Internet - Software","18.73","3"
"Sally Beauty","SBH","1564.43","16.46","1454926","2.89","11.4","30.14","94.4","4.82","-.42","5.43","17","11.82","103","Retail-Wholesale","Retail - Miscellaneous","5.16","3"
"Samsara Inc.","IOT","23500.7","39.14","5025229","3.41","14.12","4.62","76.68","1.76","29.57","20.9","45.22","24.25","90","Computer and Technology","Internet - Software","3.32","2"
"Sanara MedTech","SMTI","315.89","34.67","492030","1.12","33","56.84","92.94","31.7","18.97","1.83","35.75","16.34","101","Medical","Medical - Products","-29.15","3"
"Sandisk Corporation","SNDK","218621.14","1480.77","16854676","-16.44","16.81","-15.23","63.23","462.64","175.3","54.25","2335","45.5","8","Computer and Technology","Computer- Storage Devices","56.47","1"
"Sanmina","SANM","9937.49","191.11","785698","-14.57","-11.25","-30","43.32","10.52","7.4","4.55","282.72","111.04","6","Computer and Technology","Electronics - Manufacturing Services","2.41","1"
"Sanofi","SNY","110771.99","46.02","3092665","2.88","3.84","6.35","39.6","-15.66","11","22.13","52.34","41.33","103","Medical","Large Cap Pharmaceuticals","8.66","3"
"Sarepta Therapeutics","SRPT","1915.02","18.92","2875224","-.28","14.1","2.95","34.1","-24.64","15.58","3.83","24.45","14.86","159","Medical","Medical - Biomedical and Genetics","-13.48","3"
"Savers Value Village, Inc.","SVV","1684.48","10.72","2207964","3.41","13.28","21.06","57.79","4.58","9.19","4","13.71","7.1","93","Consumer Discretionary","Textile - Apparel","1.42","2"
"ScanSource","SCSC","1090.33","56.19","310354","4.68","-2.68","12.47","80.67","23.96","6.09","2.85","58.89","34.27","166","Business Services","Technology Services","2.44","1"
"Schneider National","SNDR","6107.48","34.71","683388","-4.31","-5.27","-4.21","78.82","17.47","7.25","2.02","38.76","20.25","97","Transportation","Transportation - Services","1.92","1"
"Schrodinger","SDGR","1385.7","19.99","1175035","7.87","22.84","18.8","67.25","-6.1","23.29","-20.98","22.52","11.07","99","Medical","Medical Info Systems","-20.98","3"
"Science Applications International","SAIC","5362.81","127.28","389735","2.02","7.06","10.23","96","12.72","-2.9","7.54","128.71","82.22","86","Computer and Technology","Computers - IT Services","5.55","2"
"Scorpio Tankers","STNG","3941.68","77.2","826240","-2.68","-.28","2.34","77.96","37.58","-24.58","46.81","86.62","48.33","42","Transportation","Transportation - Shipping","67.16","3"
"Scotts MiracleGro","SMG","3531.06","62.61","1088940","2.52","-13.13","3.34","39.4","-6.96","-3.93","8.21","73.47","52.38","179","Consumer Staples","Agriculture - Operations","2.19","3"
"Seacoast Banking Corp. of Florida","SBCF","3324.9","34","962972","-4.08","3.25","15.55","75.58","-2.24","15.64","29.45","36.13","28.8","75","Finance","Banks - Southeast","15.11","2"
"Seadrill Limited","SDRL","2924.44","47.09","685437","-.3","8.79","-2.24","69.54","20.89","3.75","1.2","54.8","28.4","213","Oils-Energy","Oil and Gas - Drilling",".07","3"
"Seagate Technology","STX","180103.06","821.67","5194128","-20.12","-2.73","-13.74","68.13","158.11","34.06","29.01","1094.04","154.6","55","Computer and Technology","Computer - Integrated Systems","26.11","1"
"Seanergy Maritime Holdings","SHIP","372.48","17.98","323794","4.21","10.41","8.72","96.73","72.7","-5.59","35.43","18.17","7.48","42","Transportation","Transportation - Shipping","30.68","1"
"Select Water Solutions, Inc.","WTTR","2660.22","18.97","1718274","-9.9","2.13","4.52","78.54","63.34","-3.08","2.24","22.26","8.05","172","Business Services","Waste Removal Services","2.24","3"
"Selective Insurance Group","SIGI","5519.08","91.91","449623",".6","-.14","7.58","71.62","-.95","9.77","9","100.15","73.72","78","Finance","Insurance - Property and Casualty","9.1","3"
"Sempra","SRE","55300.35","84.03","4091770","-1.59","-7.32","-2.94","25.37","-14.32","3.92","24.52","99.75","79.41","154","Oils-Energy","Alternative Energy - Other","16.7","3"
"Semtech","SMTC","11262.91","127.52","2392925","-21.6","-.5","-19.17","57.06","46.77","15.47","15.8","174.73","49.39","32","Computer and Technology","Semiconductor - Analog and Mixed","-3.05","2"
"Sensata Technologies Holding","ST","6106.69","42.17","1697696","-8.62","-9.55","-14.87","53.68","12.75","-5.8","13.98","53.55","28.53","103","Computer and Technology","Instruments - Control","2.37","3"
"Senseonics","SENS","392.11","9.52","822719","16.81","87.23","37.13","70.19","52","56.89","-225.09","11.3","4.86","99","Medical","Medical Info Systems","-225.09","3"
"Sensient Technologies","SXT","5850.26","136.84","336450","3","10.02","22.99","100","30.87","3.52","9.81","137.45","82.96","100","Basic Materials","Chemical - Specialty","9.27","1"
"SentinelOne","S","7137.17","20.31","6459206","-4.58","14.77","16.9","74.62","24.16","21.89","7.04","23.84","11.94","32","Computer and Technology","Security","-30.39","3"
"Septerna, Inc.","SEPN","1891.35","41.3","453258","-8.33","20.99","35.16","78.98","30","4174.51","-37.15","48.19","11.7","159","Medical","Medical - Biomedical and Genetics","-24.51","3"
"Service Corporation International","SCI","11479.84","84.45","1015333","2.06","1.81","15.18","81.54","-3.37","2.93","12.45","87.73","68.77","235","Consumer Staples","Funeral Services","12.3","3"
"Service Properties Trust","SVC","1037.37","7.96","1653903","-.99","-3.96","-8.46","24.39","-22.12","-4.33","-25.44","14.55","5.9","82","Finance","REIT and Equity Trust - Other","-25.44","3"
"ServiceNow","NOW","132403.7","127","20342800","8.79","21.31","-5.75","41.24","-25.23","20.88","26.55","192.23","83","86","Computer and Technology","Computers - IT Services","11.34","4"
"ServiceTitan Inc.","TTAN","9123.35","91.87","1248292","8.2","27.65","23.11","62.72","-19.68","24.5","11.88","119.62","55.29","90","Computer and Technology","Internet - Software","-13.44","2"
"ServisFirst Bancshares","SFBS","4804.62","43.13","433988","-2.93","-.34","14.5","84.64","9.5","3.72","52.34","45.76","33.88","86","Finance","Financial - Savings and Loan","30.95","3"
"Sezzle Inc.","SEZL","3971.29","124.08","849094","-3.48","-24.78","-3.76","48.67","66.19","66.08","29.62","188.55","50.97","151","Business Services","Financial Transaction Services","30.35","1"
"Shake Shack","SHAK","3228.75","74.07","1819043","1.68","22.53","21.25","42.45","-16.86","15.38","3.31","106.76","52.34","151","Retail-Wholesale","Retail - Restaurants","2.56","3"
"SharkNinja, Inc.","SN","25778.09","183.8","1767845","-.34","19.45","49.19","94.62","46.28","15.75","11.88","188.59","84.57","159","Consumer Discretionary","Consumer Products - Discretionary","10.06","2"
"Shell","SHEL","260728.56","92.22","5917409","1.51","7.68","8.89","95.18","13.21","-5.29","8.38","94.15","70.31","216","Oils-Energy","Oil and Gas - Integrated - International","8.55","3"
"Shenandoah Telecommunications Co","SHEN","680.99","12.28","500453","-2.54","6.77","-24.03","33.33","-4.82","9.08","-10.83","17.1","9.9","219","Utilities","Diversified Communication Services","-10.83","2"
"SherwinWilliams","SHW","84171.54","350.45","1907384","-.93","5.95","17.59","65.34","-4.28","2.06","12.05","375.23","293","100","Basic Materials","Chemical - Specialty","11.01","3"
"Shift4 Payments","FOUR","3790.09","48","1910495","8.23","-3.94","6.17","22.13","-31.82","25.5","20.24","91.53","35.63","151","Business Services","Financial Transaction Services","2.2","4"
"ShinEtsu Chemical Co.","SHECY","74715.24","18.71","526696","-5.66",".53","-23.37","47.44","8.61","1.66","18.39","24.56","13.64","93","Basic Materials","Chemical - Diversified ","18.39","3"
"Shoals Technologies Group","SHLS","1144.44","6.89","5630951","-17.38","-27.54","-44.17","15.44","-28.44","19.07","11.97","12.77","5.71","219","Oils-Energy","Solar","5.41","3"
"Shoe Station Group Inc.","SHOE","424.1","14.31","486364",".77","3.38","-10.49","11.39","-17.23","-5.62","4.36","25.89","14.3","35","Consumer Discretionary","Shoes and Retail Apparel ","3.31","3"
"Shopify","SHOP","192739.27","153.88","11014364",".77","18.06","20.69","65.06","-16.76","30.14","15.47","179.01","95.4","169","Computer and Technology","Internet - Services","14.53","3"
"SiBone","SIBN","863.48","19.54","551867","4.17","14.19","40.38","80.29","-11.68","20.19","-6.85","21.4","11.61","149","Medical","Medical - Instruments","-6.85","2"
"SiTime","SITM","17470.37","594.1","509745","-22.48","11.15","-12.64","52.7","47.14","61.16","36.19","901.48","223.89","72","Computer and Technology","Electronics - Miscellaneous Products","3.01","1"
"Siemens Energy AG Unsponsored ADR","SMERY","149057.06","35.72","715068","-7.71","1.17","-6.97","60.96","10.8","15.55","6.43","44.34","19.7","154","Oils-Energy","Alternative Energy - Other","6.43","3"
"Sight Sciences","SGHT","461.64","8.32","318999","1.7","63.67","84.58","88.55","-5.47","-3.13","-30.58","9.05","3.2","149","Medical","Medical - Instruments","-35.69","3"
"Signet Jewelers","SIG","3282.07","84.6","639878","-3.09","-12.84","-1.62","29.66","-9.93","1.64","6.04","106","73.94","56","Retail-Wholesale","Retail - Jewelry","4.29","3"
"Silgan Holdings","SLGN","4491.49","42.66","1265666","1.99","-8.76","16.44","49.49","-5.83","10.73","5.79","48.89","36.24","66","Industrial Products","Containers - Metal and Glass","4.05","3"
"Silicon Motion Technology","SIMO","8245.71","241.83","1393808","-10.83","-.52","-9.28","64.32","134.65","10.21","16.26","336.9","74.2","55","Computer and Technology","Computer - Integrated Systems","22.06","1"
"Silvaco Group, Inc.","SVCO","232.12","6.81","448266","-6.8","-12.29","-35.8","34.28","51.29","5.67","-4.35","13.79","3.23","45","Computer and Technology","Electronics - Semiconductors","-30.44","4"
"Silver Standard Resources","SSRM","7968.93","39.21","3197423","17.78","46.86","29.48","100","57.56","63.68","34.04","38.61","16.92","210","Basic Materials","Mining - Miscellaneous","12.3","3"
"Silvercorp Metals","SVM","2798.26","12.83","2770581","6.12","29.61","-1.71","72.78","35.68","46.58","37.07","15.71","4.47","210","Basic Materials","Mining - Miscellaneous","6.32","4"
"Similarweb","SMWB","787.53","8.93","987894","5.02","31.63","106.67","82.53","7.36","13.08","4.36","10.4","2.33","205","Computer and Technology","Internet - Content","-7.37","2"
"Simmons First National","SFNC","3319.48","22.7","1225546","-4.05","0","9.12","83.24","9","-2.12","29.23","24.12","17.26","75","Finance","Banks - Southeast","-24.64","3"
"Simon Property Group","SPG","71419.29","218.99","1337838","-.42","-4.72","8.89","74.79","6.66","6.72","66.56","236.7","173.35","103","Finance","REIT and Equity Trust - Retail","66.56","3"
"Simply Good Foods","SMPL","970.41","10.95","1940937","1.2","2.91","-5.92","3.95","-51.13","8.98","11.78","30.17","10.18","103","Consumer Staples","Food - Confectionery","-14.28","3"
"Sinclair, Inc.","SBGI","1049.33","14.7","523103","1.82","7.56","2.62","41.69","-15.17","-10.68","-1.66","17","12.73","162","Consumer Discretionary","Media Conglomerates","1.6","3"
"Sirius XM","SIRI","9589.55","28.73","4330676","-2.32","-8.87","-2.03","67.32","27.27","-1.62","12.73","32.59","19.92","86","Consumer Discretionary","Broadcast Radio and Television","10.23","3"
"SiriusPoint","SPNT","2790.28","23.96","671766","2.43","-6.32","14.82","74.07","-1.85","23.09","10.67","26.31","17.48","85","Finance","Insurance - Multi line","15.56","2"
"SiteOne Landscape Supply","SITE","4159.05","95.11","940555","-.4","-5.99","-10.55","2.13","-31.58","3.62","3.41","163.25","93.79","169","Industrial Products","Industrial Services","3.41","4"
"Six Flags Entertainment Corporation","FUN","1730.17","16.59","2332526","8.4","-3.87","-19.48","29.33","-1.39","14.45",".95","26.74","12.83","191","Consumer Discretionary","Leisure and Recreation Services","-57.25","4"
"Sixth Street Specialty Lending","TSLX","1796.82","18.98","491530","2.55","10.39","5.06","31.62","-22.12","-6.94","43.76","24.77","16.2","103","Finance","Financial - SBIC & Commercial Industry","21.79","3"
"SkyWest","SKYW","3948.06","103.51","343366","-3.71","-7.81","24.15","51.37","-9.42","15.03","9.5","123.72","78.4","151","Transportation","Transportation - Airline","9.78","3"
"Skyward Specialty Insurance Group, Inc.","SKWD","2571.45","57.4","518902",".61","-5.74","31.01","68.36","1.37","23.16","12.05","65.63","41.26","78","Finance","Insurance - Property and Casualty","10.84","3"
"Skyworks Solutions","SWKS","10060.61","65.7","5733893","-1.28","5.39","-11.43","46.44","-5.68","-2.18","20.74","83.42","52.5","103","Computer and Technology","Semiconductors - Radio Frequency","7.23","3"
"Slide Insurance Holdings, Inc.","SLDE","2761.43","23.06","944606","9.44","13.38","32.59","100","8.55","36.5","40.02","23.64","12.74","85","Finance","Insurance - Multi line","40.02","1"
"Smartstop Self Storage REIT Inc","SMA","1874.79","34.04","634045","-.7","-3.62","10.36","45.19","-2.11","18.62","9.68","38.99","29.63","82","Finance","REIT and Equity Trust - Other","9.68","4"
"Smc","SMCAY","28715.66","22.62","362781","-7.34","3.12","7.77","64.64","16.54","7.6","21.6","26.78","14.62","72","Computer and Technology","Electronics - Miscellaneous Products","21.94","1"
"Smith & Wesson Brands","SWBI","612.06","13.51","442337","-3.53","-8.33","-9.84","65.37","23.71","10.36","3.51","16.67","7.95","93","Consumer Discretionary","Leisure and Recreation Products","3.53","3"
"Smithfield Foods, Inc.","SFD","8784.95","22.25","1550598","-1.33","-16.07","-14.29","13.95","-10.63","9.82","6.81","29.59","21.13","244","Consumer Staples","Food - Meat Products","6.84","4"
"Smurfit Westrock PLC","SW","25539.02","49.43","4809144","1.84","-2.8","18.04","83.46","12.63","47.7","2.68","51.84","32.79","217","Basic Materials","Paper and Related Products","1.59","3"
"Snap","SNAP","9352.32","5.92","42248760","6.76","22.34","-5.63","31.01","-38.7","10.63","10.47","9.09","3.93","90","Computer and Technology","Internet - Software","-4.9","3"
"SnapOn","SNA","20405.83","394.56","321313","-1.68","-3.17","7.65","74.65","2.4","-7.15","20.92","419.31","321.38","103","Consumer Discretionary","Tools - Handheld","21.25","3"
"Snowflake","SNOW","111875.55","317.02","4885437","-2.22","18.27","15.21","93.25","31.62","29.16","10.46","337.38","121.11","90","Computer and Technology","Internet - Software","-23.79","2"
"SoFi Technologies","SOFI","23558.24","19","60660152","-.38","8.06","-1.83","18.11","-37.68","35.09","15.05","32.21","15.15","101","Finance","Financial - Miscellaneous Services","14.78","3"
"Sociedad Quimica y Minera","SQM","23517.7","79.21","1000629","9.63","19.68","-1.31","76.2","7.04","1.05","20.62","95.31","40.77","100","Basic Materials","Chemical - Specialty","20.62","3"
"Societe Generale Group","SCGLY","66004.17","17.52","310656","-7.38","-1.12","5.52","75.08","-2.63","6.34","20.72","19.38","12.15","86","Finance","Banks - Foreign","23.3","3"
"SoftBank Group","SFTBY","180151.7","16.04","4278177","-13.21","-3.01","-45.01","27.35","-.48","8.91","62.6","28.68","10.91","191","Computer and Technology","Wireless Non-US ","62.6","3"
"SolarEdge Technologies","SEDG","1851.31","29.88","3891956","-2.27","-30.17","-60.3","3.24","-6.71","31.39","-3.62","78.51","28.47","219","Oils-Energy","Solar","-20.29","3"
"Solaris Energy Infrastructure, Inc.","SEI","4098.6","52.89","3390418","-18.86","1.79","-22.08","49.36","4.16","98.73","17.18","82.88","24.92","96","Oils-Energy","Oil and Gas - Mechanical and and Equipment","7.19","4"
"Solstice Advanced Materials Inc.","SOLS","8793.79","55.54","2582656","-11.5","-8.63","-33.92","29.53","1.93","3.08","6.64","88.6","41.43","100","Basic Materials","Chemical - Specialty","5.13","2"
"Solventum Corporation","SOLV","15532.92","91.61","1334170","5.1","13.4","20.32","100","3.01",".86","14.95","91.25","62.49","91","Medical","Medical Services","17.26","3"
"Sonic Automotive","SAH","2381.23","77.01","321240","-6.16","-26.86","-10.19","31.33","8.91","6.53","1.39","112.66","58.28","211","Retail-Wholesale","Automotive - Retail and Whole Sales","1.37","3"
"Sonida Senior Living","SNDA","1892.13","40.97","441818",".9","-8.03","20.24","79.21","8.02","25.24","-24.28","43.07","25.32","91","Medical","Medical Services","-23.27","3"
"Sonoco","SON","5684.32","57.88","940659","1.3","-2.03","19.8","85.58","17.84","41.72","7.82","60.56","39.27","164","Industrial Products","Containers - Paper and Packaging","8.41","3"
"Sonos","SONO","1822.91","15.29","1839385","-.26","-1.6","-4.7","41.95","-21.5","-4.93","9.32","19.16","12.7","174","Consumer Discretionary","Audio Video Production","3.82","3"
"Sony","SONY","143329.56","24.05","5404953","2.36","8.84","7.49","45.15","-15.23","-2.57","8.81","30.26","19.32","174","Consumer Discretionary","Audio Video Production","-2","2"
"Sotera Health","SHC","5470.63","19.51","3137155","1.97","11.19","23.36","93.79","-2.79","5.74","22.75","19.57","13.13","91","Medical","Medical Services","13.44","4"
"SoundHound AI","SOUN","3108.77","7.05","33247380","-.57","9.2","-24.32","8.28","-37.2","99.45","-27.52","21.4","5.7","86","Computer and Technology","Computers - IT Services","-67.45","2"
"South Bow Corporation","SOBO","7782.42","36.82","511187","1.72","-.13","2.61","89.86","21.49","-6.32","21.09","38.67","25.26","184","Oils-Energy","Oil and Gas - Production and Pipelines","22.99","3"
"SouthState Bank Corporation","SSB","10367.55","106.12","839140","-3.53","1.66","15.57","82.19","1.62","53.76","35.54","111.59","85.31","75","Finance","Banks - Southeast","25.09","3"
"Southern Copper","SCCO","178755.58","219.7","1116452","11.56","19.48","10.09","96.32","33.58","17.38","35.87","218.85","93.73","184","Basic Materials","Mining - Non Ferrous","35.87","3"
"Southwest Airlines","LUV","19915.66","40.82","4560736","-6.09","-10.29","-4.79","43.93","-11.89","2.11","3.49","54.8","29.67","151","Transportation","Transportation - Airline","2.78","3"
"Southwest Gas","SWX","6488.98","89.08","439355","-1.85","-2.65","6.01","74.37",".13","-62.05","15.72","94.05","76.57","159","Utilities","Utility - Gas Distribution","31.85","2"
"Spectrum Brands","SPB","2031.43","88.95","398642",".56","-.53","13.61","93.53","33.75","-5.23","6.62","90.97","50.35","159","Consumer Discretionary","Consumer Products - Discretionary","2.76","3"
"Sphere Entertainment Co.","SPHR","5649.57","159.85","852119","-8.33","12.4","7.91","85.96","48","18.81","-2.25","176.38","40.55","162","Consumer Discretionary","Media Conglomerates","-6.19","3"
"Spire","SPIR","542.53","13.73","588501",".95","24.17","-32.54","37.11","65.42","-35.22","-80.9","25.48","7.02","72","Aerospace","Aerospace - Defense","-145.22","4"
"Spire","SR","4869.12","83.21","456003",".1","-.08","2.04","36.82","-10.91","-4.5","11.37","95.19","74.9","159","Utilities","Utility - Gas Distribution","21.48","3"
"Spotify Technology","SPOT","110731.77","552.57","2149474","9.21","8.72","5.92","38.4","-17.15","14.61","18.44","738.53","412.75","90","Computer and Technology","Internet - Software","18.44","3"
"Sprinklr","CXM","1740.32","7.47","2595872","10.9","22.41","23.63","66.24","-14.57","7.64","14.07","8.75","4.84","166","Business Services","Technology Services","3.29","3"
"Sprout Social","SPT","626.52","10.69","1350600","8.27","24.28","24.73","49.35","-17.93","12.72","11.26","15.83","4.99","169","Computer and Technology","Internet - Services","-6.13","2"
"Sprouts Farmers Market","SFM","8031.42","85.95","1837598","6.86","12.09","8.01","24.83","-3.3","14.08","5.58","148.41","65.56","221","Retail-Wholesale","Food - Natural Foods Products","5.58","3"
"Stag Industrial","STAG","7143.55","37.1","1615469",".68","-8.83",".87","33.64","-9.84","10.14","28.04","42.04","34.52","82","Finance","REIT and Equity Trust - Other","28.04","4"
"Stagwell Inc.","STGW","2170.94","8.71","1687093","2.07","14.88","20.16","90.5","62.44","2.39","8.02","9.35","4.4","56","Business Services","Advertising and Marketing",".53","2"
"StandardAero, Inc.","SARO","8130.69","24.96","3362909","-10.3","-16.8","-10.2","3.39","-23.37","15.76","6.14","33.12","24.27","72","Aerospace","Aerospace - Defense","5.12","3"
"Stanley Black & Decker","SWK","14876.65","98.46","2169494","-1.08","4.61","26.02","86.89","18.63","-1.53","5.18","104","62.12","103","Industrial Products","Manufacturing - Tools & Related Products","4.07","3"
"Stantec","STN","8341.18","73.49","422312","-.08","5.13","-2.83","15.89","-29.65","6.48","9.56","113.7","66.75","48","Business Services","Consulting Services","5.91","3"
"Star Bulk Carriers","SBLK","3482.13","31.11","1562074","2.03","13.28","8.83","100","42.88","-17.62","25.33","30.7","16.79","42","Transportation","Transportation - Shipping","23.87","1"
"Starbucks","SBUX","122538.59","105.76","7731773","-.4","3.7","11.38","96.48","14.18","2.79","7.25","108.55","78.46","151","Retail-Wholesale","Retail - Restaurants","5.17","3"
"Starling Oncology, Inc.","STLN","605.88","6.3","1646786","-2.85","18.11","28.24","87.6","54.03","27.79","-6.18","6.66","2.38","159","Medical","Medical - Biomedical and Genetics","-6.18","3"
"Starwood Property Trust","STWD","6030.05","16.12","4804524",".31","-1.75","-3.04","7.53","-19.09","-5.27","30.23","20.71","15.93","232","Finance","REIT and Equity Trust","11.35","4"
"State Street","STT","52446.06","192.95","1535670","-1.1","3.39","19.48","97.43","32.38","2.24","24.65","193.04","110.49","56","Finance","Banks - Major Regional","15.02","2"
"Steel Dynamics","STLD","32860.83","231.08","1262662","-11.19","-8.39","-12.36","65.93","21.03","3.63","7.83","282.76","125.76","157","Basic Materials","Steel - Producers","7.83","3"
"StepStone Group","STEP","5871.75","49.77","1378376","1.91","10.19","1.76","26.3","-31.42","69.69","19.98","76.27","39.54","101","Finance","Financial - Miscellaneous Services","-30.54","3"
"Sterling Infrastructure, Inc.","STRL","15192.09","486.39","858844","-17.76","-21.74","-41.25","30.95","45.08","17.69","14.42","993.74","273.82","172","Construction","Engineering - R and D Services","12.55","3"
"Stevanato Group","STVN","6744.3","22.7","520383","4.75","12.48","18.02","62.34","-.99","12.31","12.69","27.61","13.43","150","Medical","Medical - Drugs","10.99","4"
"Steven Madden","SHOO","3359.56","45.5","1088887","-1.48","5.48","6.32","85.6","-1.38","10.45","4.69","49.07","27.13","35","Consumer Discretionary","Shoes and Retail Apparel ","5.23","3"
"Stifel Financial","SF","12200.94","79.58","1021237","-3.8","-1.91","16.54","61.54","-13.42","11.26","17.03","88.81","67.98","34","Finance","Financial - Investment Bank","16.11","3"
"Stoke Therapeutics","STOK","2085.49","33.46","943479",".59","10.27","6.07","69.04","-8.92","404.5","-753.6","38.35","18.87","159","Medical","Medical - Biomedical and Genetics","-753.6","4"
"StoneCo","STNE","2377.04","9.78","4647423","3.02","-12.31","-18.31","4.16","-42.24","3.08","16.77","19.46","9.12","90","Computer and Technology","Internet - Software","22.92","3"
"StoneX Group","SNEX","8171.78","69.66","1016787","-.96","-8.97","-12.05","55.07","43.34","32.53","9.28","92.67","37.2","101","Finance","Financial - Miscellaneous Services",".33","1"
"Strata Critical Medical, Inc.","SRTA","528.15","6.19","1131024","1.19","16.15","-2.45","79.84","11.02","-20.73","-3.27","6.47","3.99","91","Medical","Medical Services","15.71","2"
"Stratasys","SSYS","659.22","7.91","759050","-13.46","-5.09","-28.44","4.58","-21.16","-3.73","1.58","12.44","7.42","66","Industrial Products","Commercial Printing","-21.05","3"
"Strategic Education","STRA","1865.44","86.03","311551","4.1","6.94","5.81","76.54","-6.31","3.96","11.47","87.62","72.19","157","Consumer Discretionary","Schools","10.46","3"
"Stride","LRN","3535.5","85.59","1194892","1.97","-5.56","-11.85","22.11","17.2","4.69","14.81","169.81","61.02","157","Consumer Discretionary","Schools","13.43","4"
"Stryker","SYK","125739.09","330.59","2426365","-1.17","-2.65","9.47","40.47","-16.57","11.16","20.85","394.34","282.58","101","Medical","Medical - Products","14.43","3"
"StubHub Holdings, Inc.","STUB","2548.54","6.81","6685213","-6.32","-20.69","-33.83","3.65","-55.9","-1.44","-7.44","22","6.09","164","Retail-Wholesale","Internet - Commerce","-93.54","4"
"Subaru Corporation","FUJHY","11893.42","8.16","330589","3.88","2.66","10.09","24.35","-30.89","3.3","1.77","11.49","7.26","162","Auto-Tires-Trucks","Automotive - Foreign","1.77","3"
"Sumitomo Mitsui Financial Group","SMFG","159547.64","25.18","1496089","-4.73","-5.09","12.97","86.73","15.69","7.28","16.71","26.5","15.2","86","Finance","Banks - Foreign","16.24","3"
"Summit Hotel Properties","INN","662.22","6.2","959715","3.19","-11.01","5.5","69.41","12.78","-.32","-.99","7.07","4.03","82","Finance","REIT and Equity Trust - Other","-.99","2"
"Sun Communities","SUI","15033.89","125.94","2323577","1.71","1.64","2.56","27.21","-10.9","-28.41","8.21","137.18","118.29","97","Finance","REIT and Equity Trust - Residential","-39.03","3"
"Sun Life Financial","SLF","44058.05","79.98","785267","-2.06","-4.68","11.34","81.04","13.32","5.9","10.82","84.07","57.6","174","Finance","Insurance - Life Insurance","7.66","4"
"SunCoke Energy","SXC","815.65","9.76","1840408","1.05","6.54","2.23","98.01","19.39","-5.07","2.16","9.69","5.67","103","Oils-Energy","Coal","-2.88","2"
"Suncor Energy","SU","79546.84","65.36","4387503","1.07","5.27","5.66","92.52","35.85","-5.44","16.14","69.73","38.17","103","Oils-Energy","Oil and Gas - Integrated - Canadian","15.62","3"
"Sunoco","SUN","15589.2","74.6","504007","1.53","2.15","15.16","95.52","29.9","11.05","2.88","77.41","48.42","7","Oils-Energy","Oil and Gas - Refining and Marketing - Master Limited Partnerships","2.88","2"
"Sunrun","RUN","2148.35","9.19","9374677","-9.26","-10.62","-42.75","0","-56.64","45.11","11.59","21.41","8.92","219","Oils-Energy","Solar","11.59","3"
"Sunstone Hotel Investors","SHO","2103.03","11.36","2390381","3.86","-4.31","2.91","80.88","13.16","6","5.3","11.92","8.73","82","Finance","REIT and Equity Trust - Other","5.3","3"
"Super Group (SGHC)","SGHC","7077.08","13.95","2402431","7.37","-4.57","7.53","77.37","4.72","21.49","15.1","15.59","8.52","197","Consumer Discretionary","Gaming","15.22","4"
"Super Micro Computer","SMCI","21151.89","38.46","54958760","-8.12","17.98","-24.98","38.38","7.48","77.79","6.52","58.68","20.53","8","Computer and Technology","Computer- Storage Devices","5.71","1"
"Supernus Pharmaceuticals","SUPN","2622.11","45.36","1048116","-6.55","-3.98",".78","13.53","-18.81","8.63","21.06","57","43.25","174","Medical","Medical - Generic Drugs","-13.23","3"
"Surgery Partners","SGRY","1826.31","14.05","2355428","-2.86","-8.04","5.52","20.25","-19.23","6.24","1.24","23.64","11.49","91","Medical","Medical Services","-2.63","1"
"Sweetgreen","SG","834.48","6.9","6596929","19.22","13.61","-26.75","41.92","-7.24",".39","-20.61","10.21","4.7","151","Retail-Wholesale","Retail - Restaurants","2.01","4"
"Synaptics","SYNA","3663.54","94.87","669446","-15.28","-19.53","-30.57","39.48","13.21","11.44","15.53","147.57","58.52","45","Computer and Technology","Electronics - Semiconductors","-41","1"
"Synchrony Financial","SYF","26036.17","80.77","3173953","-.9","6.25","12.99","65.78","-14.21","-.19","18.93","88.47","63.78","101","Finance","Financial - Miscellaneous Services","15.44","3"
"Syndax Pharmaceuticals","SNDX","1734.1","19.92","1401649","-.96","-4.63","3.82","53.65","-16.68","627.84","-87.52","25.15","13.11","159","Medical","Medical - Biomedical and Genetics","-87.52","3"
"Synopsys","SNPS","75540.51","408.79","1505307","-4.53","1.42","-19.86","9.25","-24.87","15.12","28.28","612.17","372.33","91","Computer and Technology","Computer - Software","8.91","3"
"Sysco","SYY","40176.99","83.46","3609214","2.46","-.27","13.76","66.61","1.8","3.91","2.62","91.16","69.3","212","Consumer Staples","Food - Miscellaneous","2.08","3"
"T. Rowe Price","TROW","23955.37","112.87","1915352","1.67","-5.8","8.06","73.57","-1.88","3.12","30.37","121.68","86.19","70","Finance","Financial - Investment Management","29.26","3"
"TAL Education Group","TAL","6359.79","11.59","5460792","-1.71","8.71","14.11","63.89","-5.88","33.72","29.8","12.91","8.95","157","Consumer Discretionary","Schools","28.43","1"
"TANGER INC","SKT","4474.54","38.45","990809","1.41","-6.82","9.97","69.85","4.41","10.55","21.9","42.11","31.63","103","Finance","REIT and Equity Trust - Retail","20.74","3"
"TC Energy","TRP","64662.74","61.85","2292237","-1.93","-9.19","-6.15","58.1",".91","8.51","24.73","70.91","49.79","154","Oils-Energy","Alternative Energy - Other","22.91","3"
"TD SYNNEX CORP","SNX","19481.95","251.39","670378","-7.67","-.51","-9.93","68.53","45.08","6.94","1.98","290.14","142.42","86","Computer and Technology","Computers - IT Services","1.63","3"
"TE Connectivity","TEL","58600.37","201.41","2186312","-6.89","-2.49","-4.11","12.36","-20.42","8.94","16.56","249","195.84","52","Computer and Technology","Electronics - Miscellaneous Components","15.61","3"
"TEEKAY TANK LTD","TNK","3178.74","90.03","392266","3.25","21.11","27.42","100","54.07","-22.58","54.51","92.01","47.45","42","Transportation","Transportation - Shipping","51.35","3"
"TELUS","TU","15472.42","9.83","9516275","1.44","-5.48","-21.67","4.38","-33.24","-1.14","6.36","16.6","9.52","219","Utilities","Diversified Communication Services","-4.51","4"
"TFI International","TFII","11163.46","134.18","336550","-6.72","-6.89","-13.1","66.68","17.55","-6.1","4.9","163.36","80.71","97","Transportation","Transportation - Services","4.14","2"
"TFS Financial","TFSL","4949.63","17.79","1059894",".83","-2.38","12.71","83.84","18","4.37","29.69","18.61","12.67","86","Finance","Financial - Savings and Loan","12.36","2"
"TG Therapeutics","TGTX","8573.4","55.42","2477465","13.66",".47","49.72","90.5","68.07","87.32","56.12","59.06","26.94","159","Medical","Medical - Biomedical and Genetics","55.22","3"
"TIM","TIMB","8802.04","18.26","635380","3.35","-12.93","-16.72","8.43","-16.39","1.02","16.06","27.96","17.28","191","Computer and Technology","Wireless Non-US ","15.73","3"
"TKO Group Holdings, Inc.","TKO","36608.55","193.41","1165554","-.88","5.77","-7.22","34.93","-17.22","68.85","4.46","224.96","176.49","54","Consumer Discretionary","Film and Television Production and Distribution","4.33","3"
"TMobile US","TMUS","195891.28","181.61","4640653","1.39","3.05","-2.21","16.47","-19.55","8.49","12.68","258.16","167.73","189","Computer and Technology","Wireless National","11.45","3"
"TPG Inc.","TPG","20307.06","52.88","3416346","2.07","23","22.09","46.99","-25.96","33.43","46.5","69.66","37.93","70","Finance","Financial - Investment Management","4.67","3"
"TPG Mortgage Investment Trust Inc.","MITT","214.04","6.72","301240","-.3","-8.06","-12.6","14.19","-29.34","17.59","64.08","9.21","6.32","232","Finance","REIT and Equity Trust","8.55","4"
"TPG RE Finance Trust","TRTX","600.33","7.8","979537","-1.51","-8.64","-6.68","9.95","-18.76","-5.51","57.46","9.72","7.61","182","Finance","Real Estate - Operations","17.03","4"
"TSS","TSSI","236.48","8.52","980923","-11.6","-14.66","-46.49","10.81","6.02","66.03","7.44","20.42","6.92","172","Construction","Engineering - R and D Services","7.44","4"
"TTM Technologies","TTMI","11284.97","112.3","3477899","-24.02","-13.41","-37.88","36.72","38.87","18.98","9.85","221.47","40.78","52","Computer and Technology","Electronics - Miscellaneous Components","7.01","1"
"TXNM Energy, Inc.","TXNM","5881.87","57.31","847315","-.87","-1.86","-3.4","22.08","-13.28","9.86","12.73","59.48","56.4","154","Oils-Energy","Alternative Energy - Other","9.04","3"
"Tactile Systems Technology","TCMD","529.16","23.58","388341","-5","-15.85","-2.59","52.38","-27.95","12.47","7.1","33.05","12.7","149","Medical","Medical - Instruments","7.1","3"
"Taiwan Semiconductor","TSM","2127089.25","417.41","11804966","-4.84","2.76","-5.86","73.05","20.72","35.9","50.31","477.57","227.33","1","Computer and Technology","Semiconductor - Circuit Foundry","50.31","1"
"TakeTwo Interactive Software","TTWO","43659.94","232.93","2317337","-3.36","-4.28","2.87","60.34","-18.42","18.16","10.72","262.29","189.69","197","Consumer Discretionary","Gaming","-4.79","3"
"Takeda Pharmaceutical Co.","TAK","58442.96","18.35","3515228","4.95","4.59","20.08","89.95","4.66","-5.86","17.97","18.8","13.23","150","Medical","Medical - Drugs","3.8","1"
"Talen Energy Corporation","TLN","14639.48","307.67","930906","-14.4","-11.97","-19","1.8","-27.09","22.03","16.62","445.84","302.97","154","Oils-Energy","Alternative Energy - Other","-5.38","3"
"Talos Energy","TALO","2826.73","16.5","2020889","3.17","19.82","13.78","90.95","37.42","-9.8","-1.16","17.75","8.69","201","Oils-Energy","Oil and Gas - Exploration and Production - United States","-20.46","1"
"Tandem Diabetes Care","TNDM","1546.04","21.58","2281111","-.16","29.41","16.21","64.9","-9.57","7.93","-6.08","28.26","11.05","149","Medical","Medical - Instruments","-6.08","3"
"Tapestry","TPR","26351.61","130.12","3236045","2.43","-10.36","-4.79","50.87","-7.48","14.17","18.51","164.78","98.39","78","Retail-Wholesale","Retail - Apparel and Shoes","19.09","3"
"Targa Resources","TRGP","63098.48","286.91","1341762","5.87","9.95","13.58","94.88","42.67","3.95","13.55","302.25","146.3","7","Oils-Energy","Oil and Gas - Refining and Marketing - Master Limited Partnerships","13.55","3"
"Target","TGT","77162.52","163.47","4638492","12.5","21.06","37.33","100","55.47","-1.68","3.55","169.89","83.68","23","Retail-Wholesale","Retail - Discount Stores","4.08","1"
"Target Hospitality","TH","1776.29","17.39","1178771","-1.33","10.74","3.84","81.19","99.11","-16.99","-10.85","20.52","6.22","191","Consumer Discretionary","Leisure and Recreation Services","-10.85","3"
"Tarsus Pharmaceuticals","TARS","3195.12","71.45","709410","3.11","21.11","23.55","70.74","-20.46","146.71","-7.67","82.51","49.36","159","Medical","Medical - Biomedical and Genetics","-7.67","4"
"TaskUs","TASK","717.91","7.96","802547","8.9","35","18.64","23.9","-40.59","18.95","11.37","18.21","4.57","86","Computer and Technology","Computers - IT Services","8.75","3"
"TechnipFMC","FTI","29745.67","75.2","3405495","-4.96","1.08","10.84","91.1","52.26","9.35","11.77","79.81","35.31","154","Oils-Energy","Oil and Gas - Field Services","11.28","3"
"Teck Resources","TECK","33904.75","71.62","2960008","8.27","17.49","3.46","99.07","31.12","18.81","20.35","70.56","31.76","210","Basic Materials","Mining - Miscellaneous","17.85","3"
"Teladoc Health","TDOC","1126.44","6.19","5832555","-5.2","-30.42","-21.62","32.95","-20.77","-1.54","-6.62","9.72","4.47","91","Medical","Medical Services","-7.13","3"
"Teledyne Technologies","TDY","28982.03","626.9","321524","-7.69","-4.06","2.58","68.05","9.5","7.86","17.69","691.3","484.47","35","Aerospace","Aerospace - Defense Equipment","15.29","3"
"Teleflex","TFX","5860.53","140.18","652617","3.94","5.54","8.42","95.45","1.38","-34.61","14.84","140.12","100.34","149","Medical","Medical - Instruments","-39.67","2"
"Telefonica Brasil","VIV","18625.52","11.65","1859028",".44","-18.85","-13.19","3.72","-13.64","3.04","10.64","17.14","11.23","219","Utilities","Diversified Communication Services","10.64","3"
"Telephone and Data Systems","TDS","3808.66","33.82","1178809","-4.14","-1.66","-16.08",".75","-27.81","-75.26","40.24","47.59","32.98","235","Utilities","Wireline - National","33.2","3"
"Tempus AI, Inc.","TEM","11939.37","68.73","7219342","28.14","54.21","25.32","39.9",".24","83.41","-4","103.25","41.55","99","Medical","Medical Info Systems","-17.77","3"
"Tenable Holdings","TENB","3738.15","32.79","2959913","-3.83","4.62","15.76","67.27","29.02","11.04","21.3","42.65","16.04","90","Computer and Technology","Internet - Software",".65","3"
"Tenaris","TS","28632.98","54.6","1667449","-.04","-5.3","-14.69","65.05","24.28","-4.33","15.88","64.02","33.69","103","Industrial Products","Steel - Pipe and Tube","15.88","3"
"Tencent","TCEHY","519695.5","56.55","3515228",".56","-.14","3.24","11.09","-33.29","13.87","34.43","87.33","53.32","169","Computer and Technology","Internet - Services","29.83","4"
"Tencent Music Entertainment Group","TME","13630.01","8.74","10647791","-2.37","-7.18","-8.84","2.75","-55.81","20.92","29.2","26.36","8.16","162","Consumer Discretionary","Media Conglomerates","26.27","3"
"Tenet Healthcare","THC","22431.79","271.88","886784","5.3","14.48","63.79","98.17","25.4","3.12","7.69","280.77","161.37","35","Medical","Medical - Hospital","10.27","1"
"Teradata","TDC","2559.36","27.37","3241411","-.04","-7.62","-25.28","40.66","-19.13","-4.97","17.21","37.88","20.42","8","Computer and Technology","Computer- Storage Devices","27.08","3"
"Teradyne","TER","57048.74","366.43","3505044","-17.66","9","-1.24","68.24","68.63","13.13","27.13","483.84","109.3","72","Computer and Technology","Electronics - Miscellaneous Products","25.77","1"
"Terex","TEX","7527.67","65.22","1271277","-2.17","-4.6","13.16","73.48","10.4","5.73","6.35","74.58","41.78","103","Industrial Products","Manufacturing - Construction and Mining","2.23","3"
"Ternium","TX","11048.14","55.2","701540","1.4","15.44","12.29","98.53","29.08","-11.56","4.37","55.45","32.31","157","Basic Materials","Steel - Producers","4.37","3"
"Terreno Realty","TRNO","7509.15","68.38","649689","1.07","-5.59","8.76","68.71","4.99","24.51","77.22","75.08","55.36","82","Finance","REIT and Equity Trust - Other","77.22","2"
"Tesla","TSLA","1378194.63","350.25","34800212","2.84","12.85","-16.09","26.43","-30.59","-2.93","5.92","489.88","298.32","56","Auto-Tires-Trucks","Automotive - Domestic","3.67","3"
"Tetra Tech","TTEK","9437.8","36.79","3339835","2.9","15.59","30.25","65","-1.7","4.69","9.4","42.61","26.18","172","Construction","Engineering - R and D Services","8.6","2"
"Tetra Technologies","TTI","1002.45","6.77","1961344","-19.6","-11.96","-34.65","31.23","-35.37","5.31","4.51","12.32","4.25","154","Oils-Energy","Oil and Gas - Field Services",".97","3"
"Teva Pharmaceutical Industries","TEVA","43034.39","38.1","5999186","1.29","18.82","6.61","97.22","5.84","4.32","15.49","37.47","18.04","174","Medical","Medical - Generic Drugs","4.08","4"
"Texas Capital Bancshares","TCBI","4260.49","98.59","396139","-3.06","-.41","-.02","68.23","-3.18","3.03","27.25","107.74","77.08","103","Finance","Banks - Southwest","17.9","3"
"Texas Instruments","TXN","236476.36","260.05","6856073","-8.47","-7.33","-11.69","59.02","33.51","13.05","31.11","332.28","153.33","35","Computer and Technology","Semiconductor - General","31.11","2"
"Texas Pacific Land","TPL","25758.59","372.79","425133","3.51","-5.84","1.42","37.52","16.31","13.09","60.32","539.79","273.56","154","Oils-Energy","Alternative Energy - Other","60.32","3"
"Texas Roadhouse","TXRH","13475.43","203.28","836981",".44","2.11","17.04","84.61","10.62","9.39","6.63","214.28","155.88","151","Retail-Wholesale","Retail - Restaurants","6.63","2"
"Textron","TXT","14125.28","81.8","1733285","-6.3","-14.56","-8.33","12.69","-15.72","8.01","7.34","100.77","79.42","72","Aerospace","Aerospace - Defense","6.12","3"
"The Bancorp","TBBK","2724.56","66.98","397658","-2.15","-.89","22.59","53.08","-11.5","24.06","34.51","80.34","51.48","64","Finance","Banks - Northeast","27.72","3"
"The Blackstone Group","BX","107819.78","143.41","4480418","2.18","8.33","22.83","47.97","-16.64","9.22","33.44","188.68","102.12","101","Finance","Financial - Miscellaneous Services","21.84","3"
"The Campbell's Company","CPB","7204.66","23.47","5642820","6.53","8","14.61","29.65","-22.46","6.4","7.22","34.03","20","212","Consumer Staples","Food - Miscellaneous","6.12","4"
"The Cheesecake Factory","CAKE","5703.07","113.485","2074182","5.08","31.69","73.97","96.39","103.09","4.75","5.22","117.29","43.14","151","Retail-Wholesale","Retail - Restaurants","4.61","2"
"The Chef's Warehouse","CHEF","4628.32","111.78","737216","2.6","18.57","47.4","96.87","62.81","9.36","2.35","115.35","54.6","212","Consumer Staples","Food - Miscellaneous","2.09","1"
"The Cooper Companies","COO","14783.32","73.04","1774641",".93","7.84","25.93","66.38","-17.27","5.06","21.34","84.32","58.98","72","Medical","Medical - Dental Supplies","5.57","3"
"The Descartes Systems Group","DSGX","6721.24","77.52","472854","4.74","10.4","-1.73","34.8","-19.93","11.98","23.35","107.79","62.82","91","Computer and Technology","Computer - Software","23.35","3"
"The Ensign Group","ENSG","10454.12","179.02","344935","-1.19",".73","8.71","46.93","-7.9","18.72","7.82","215.83","147.13","8","Medical","Medical - Nursing Homes","6.9","2"
"The Estee Lauder Companies","EL","37673.7","104.85","3447691","23.47","25.16","21.68","70.45","-11.05","5.05","6.14","119.61","67.23","199","Consumer Staples","Cosmetics","1.21","3"
"The Gap","GAP","7329.17","20.15","5198946",".89","3.67","-2.86","18.65","-28.86","1.86","4.99","29.13","18.35","78","Retail-Wholesale","Retail - Apparel and Shoes","6.25","3"
"The Geo Group","GEO","4235.52","32.16","1950233","3.31","4.04","37.88","97.28","78.57","8.58","5.56","32.71","13.26","103","Business Services","Government Services","10.31","1"
"The Goldman Sachs Group","GS","301735.13","1058.88","1971018","-1.43","-1.14","-1.17","73.45","5.46","-1.38","31.68","1152.07","715.95","34","Finance","Financial - Investment Bank","15.53","1"
"The Greenbrier Companies","GBX","1425.7","46.16","352838",".66","-8.35","0","27.25","-11.81","-8.59","4.2","58.87","41.29","66","Transportation","Transportation - Equipment and Leasing","4.07","4"
"The Hanover Insurance Group","THG","7920.56","227.12","321837","2.42","3.62","22.89","92.07","11.33","5.72","11.39","232.63","167.57","78","Finance","Insurance - Property and Casualty","11.17","1"
"The Hartford Insurance Group, Inc.","HIG","37645.79","138.22","1477101","1.66","-.83","9.8","71.27","-9.78","6.91","19.57","145.68","122.36","78","Finance","Insurance - Property and Casualty","15","3"
"The Honest Company","HNST","571.86","5.505","3148078","10.53","35.29","48.85","92.11","80.11","-1.86","2.19","5.46","2.1","159","Consumer Discretionary","Consumer Products - Discretionary","-3.56","3"
"The J. M. Smucker Co.","SJM","13425.56","125.45","1144930","6.82","3.98","25.11","98.7","15.11","3.72","10.8","126.35","89.53","212","Consumer Staples","Food - Miscellaneous","-1.53","3"
"The Kroger Co.","KR","36195.2","58.45","6201341","5.37","1.9","-3.97","17.69","-15.42",".35","2.14","75.6","55.53","205","Retail-Wholesale","Retail - Supermarkets",".71","4"
"The Macerich Company","MAC","6907.51","24.26","3925678","-1.22","-6.77","9.14","79.15","18.04","10.43","-16.37","26.51","16.2","103","Finance","REIT and Equity Trust - Retail","-16.85","3"
"The Marcus","MCS","953.02","30.17","383034","3.21","26.27","54.01","98.84","78.27","3.11","1.53","31.12","13.06","191","Consumer Discretionary","Leisure and Recreation Services","2.87","1"
"The Mosaic Company","MOS","7629.5","24.27","8395142","13.05","7.43","2.87","25.95","-10.88","8.36","3.75","35.93","19.82","25","Basic Materials","Fertilizers","-5.21","4"
"The New York Times Company","NYT","10885.03","68.61","2397756","3.4","-6.74","-11.44","41.12","-13.04","9.24","15.34","85.86","54.66","235","Consumer Staples","Publishing - Newspapers","13.19","4"
"The PNC Financial Services Group","PNC","97214.59","244.11","1459777","-4.27","-2.39","12.78","83.09","4.43","-1.29","30.7","256.97","178.37","34","Finance","Financial - Investment Bank","21.41","3"
"The Progressive","PGR","130180.77","222.09","2515292","9.85","3.78","16.22","57","-12.04","16.32","12.08","249.21","190.4","78","Finance","Insurance - Property and Casualty","12.84","3"
"The RealReal","REAL","1371.23","11.12","3673080","1.71","-3.34","16.19","41.54","-36.12","15.38","-6.48","16.9","7.27","159","Consumer Discretionary","Consumer Products - Discretionary","-10.82","2"
"The Southern Company","SO","103647.71","89.97","5764605","-2.37","-6.61","1.2","38.49","-7.57","10.59","17.08","99.72","84.08","154","Utilities","Utility - Electric Power","15.43","3"
"The TJX Companies","TJX","155442.95","139.48","6335959","-6.72","-10.02","-7.88","15.83","-18.06","7.12","9.21","168.41","135.5","23","Retail-Wholesale","Retail - Discount Stores","9.73","3"
"The Timken Company","TKR","8504.11","122.33","1060604","-8.37","-13.03","-3.02","69.68","30.48",".19","8.87","145.32","70.79","72","Computer and Technology","Electronics - Miscellaneous Products","5.43","3"
"The Toronto Dominion Bank","TD","191703.28","119.07","2066607","-6.27","-2.59","5.26","84.12","10.67","-1.06","25.57","124.8","72.85","86","Finance","Banks - Foreign","13.2","3"
"The Trade Desk","TTD","6235.31","13.25","30894214","-.97","-25.78","-42.85",".21","-68.73","18.47","26.65","55.36","13.18","169","Computer and Technology","Internet - Services","13.61","4"
"The Travelers Companies","TRV","77287.48","369.66","1868907","1.66","-5.07","28.25","80.34","14.27","5.18","16.85","397.22","261.57","78","Finance","Insurance - Property and Casualty","16.95","1"
"The Williams Companies","WMB","86808.2","71.08","6340986","-3.38",".25","1.33","63.17","5.61","13.78","22.81","79.4","56.51","184","Oils-Energy","Oil and Gas - Production and Pipelines","25.17","3"
"Theravance Biopharma","TBPH","883.14","17.03","526792",".53",".89","6.71","47.98","-18.68","66.92","14.86","20.74","13.57","150","Medical","Medical - Drugs","51.58","2"
"Thermo Fisher Scientific","TMO","232474.91","628.15","1883883","7.38","12.37","27.26","94.68","-2.94","3.91","19.28","639.45","438.34","149","Medical","Medical - Instruments","15.04","3"
"Thomson Reuters","TRI","47316.55","104.38","2354471","9.65","11.11","15.6","30.54","-27.47","3","23.54","181.57","76.55","197","Business Services","Business - Services","21.22","2"
"Thor Industries","THO","4134.4","79.48","543851","2.29","3.76","2.15","15.49","-30.81","-4.62","2.48","120.34","71.92","191","Construction","Building Products - Mobile Homes and RV Builders","2.67","2"
"Tidewater","TDW","4623.35","92.32","685855","-1.12","18.31","24.62","92.74","64.56",".52","5.23","96.49","47.29","204","Oils-Energy","Oil and Gas - Integrated - United States","18.34","3"
"Toast","TOST","18868.94","36.8","9748862","6.96","19.03","32.34","63.15","-7.53","24.05","10","45.1","22.33","90","Computer and Technology","Internet - Software","7.14","3"
"Toll Brothers","TOL","13782.3","150.83","898641","1.38","-2.36","6.55","55.53","-2.46","1.11","11.14","166.12","124.14","103","Construction","Building Products - Home Builders","11.14","3"
"Toro","TTC","9473.43","99.56","551910","2.03","5.17","10.56","93.25","13.04","-1.6","9.44","101.76","67.99","103","Consumer Discretionary","Tools - Handheld","7.29","3"
"TotalEnergies","TTE","214232.67","88.8","1272472",".81","6.17",".72","88.26","22.17","-6.22","9.8","93.6","57.39","216","Oils-Energy","Oil and Gas - Integrated - International","8.29","3"
"Towne Bank","TOWN","2986.42","37.76","589420",".61",".11","13.06","86.05","1.38","9.04","27.63","38.76","32.02","75","Finance","Banks - Southeast","25.64","4"
"Toyota Motor","TM","252600.06","192.95","389219","2.45","6.4","5.95","33.39","-19.01","6.74","8.61","248.29","166.5","162","Auto-Tires-Trucks","Automotive - Foreign","8.61","3"
"Tradeweb Markets","TW","25363.98","107.71","1711050","3.05","6.24","8.17","44.48","-9.85","18.92","40.64","129.45","91.5","34","Finance","Financial - Investment Bank","40.66","3"
"Trane Technologies","TT","99661.7","455.25","1190854","-4.7","-6.29","1","60.25","4.1","7.48","13.75","503.46","376.43","166","Business Services","Technology Services","13.28","3"
"TransAlta","TAC","3823.91","12.25","1813922","-4.8","-10.04","-14.55","5.38","-14.37","-17.11","2.57","17.73","11.78","154","Utilities","Utility - Electric Power","-2.76","3"
"TransUnion","TRU","16261.09","85.01","2068500","7.84","9.88","15.45","69.81","-11.47","9.38","18.23","93.71","64.43","103","Business Services","Business - Information Services","15.08","3"
"Transdigm Group","TDG","67068.84","1192.6","454878","-3.13","-6.78","-3.18","20.88","-19.35","11.22","23.64","1450","1132.88","35","Aerospace","Aerospace - Defense Equipment","19.69","3"
"Transocean","RIG","6444.4","5.75","44252628","-1.7","9.28","-7.68","61.9","24.97","12.51","5.17","7.58","2.83","213","Oils-Energy","Oil and Gas - Drilling","-40.24","3"
"Travel  Leisure Co.","TNL","4475.25","73.67","730604","-.77","-4.18","6.31","72.79","-7.27","4.06","11.02","78.74","58.09","191","Consumer Discretionary","Leisure and Recreation Services","5.81","3"
"Travere Therapeutics","TVTX","6147.71","67.01","1702147","2.66","15.07","44.81","98.48","52.68","110.45","-7.27","65.96","17.23","159","Medical","Medical - Biomedical and Genetics","-7.35","3"
"Trekor Metals Limited","TGB","3416.85","9.51","6433667","6.5","31.36","18.23","100","47.61","10.8","11.67","9.34","3.1","210","Basic Materials","Mining - Miscellaneous","1.59","2"
"Trex","TREX","4911.29","46.84","2078553","-3.04","7.43","13.74","49.61","20.53","1.98","15.24","64.68","30.13","190","Construction","Building Products - Wood","14.68","2"
"TriMas","TRS","1419.53","39.75","474285","1.1","-2.44","-1.05","60.86","-.15","12.66","7.98","45.03","31.08","221","Industrial Products","Metal Products - Procurement and Fabrication","104.22","3"
"TriNet","TNET","3194.97","69.62","414885","3.66","8.65","42.27","92.69","5.29","-.85","21.73","72.42","33.85","213","Business Services","Outsourcing","3.58","3"
"Trimble","TRMB","14147.02","59.43","2855227","8.94","8.79","4.33","34.06","-30.74","-2.61","21.75","83.52","48.87","75","Industrial Products","Manufacturing - General Industrial ","-2.77","2"
"Trinity Capital","TRIN","1762.25","18.7","1101295","3.85","7.82","8.39","100","13.63","23.54","49.8","18.61","14.18","103","Finance","Financial - SBIC & Commercial Industry","42.06","4"
"Trip.com Group Limited","TCOM","29893.84","45.98","2619776","2.61","2.79","-4.7","15.8","-42.76","22.42","48.44","78.96","39.84","191","Consumer Discretionary","Leisure and Recreation Services","48.26","4"
"TripAdvisor","TRIP","1194.26","10.095","3863111",".2","-28.64","-15.79","9.6","-37.4","3.05","6.31","19.14","9.24","164","Retail-Wholesale","Internet - Commerce",".28","4"
"Triple Flag Precious Metals Corp.","TFPM","7148.31","35.7","605395","9.67","19.49","14.15","56.56","-6.56","44.5","59.36","41.36","26.03","231","Basic Materials","Mining - Gold","84.32","3"
"Tronox","TROX","860.78","5.51","2941292","-6.75","-11.64","-32.96","33.03","15.62","-5.73","-11.06","10.48","2.88","93","Basic Materials","Chemical - Diversified ","-17.96","3"
"TrueBlue","TBI","324.84","10.74","341267","7.34","36.79","57.84","97.61","109.77","3.1","-1.01","10.85","3.31","80","Business Services","Staffing Firms","-3.35","2"
"Truist Financial","TFC","62070.83","50.3","6385679","-3.27","-2.51","8.41","66.03","-7.64","25.5","28.72","55.81","41.09","56","Finance","Banks - Major Regional","19.13","3"
"Trupanion","TRUP","1393.39","31.84","595128","5.9","27.7","42.68","39.21","-23.98","11.95","1.53","47.73","21.46","205","Finance","Insurance - Accident and Health","1.53","3"
"Trustmark","TRMK","2698.54","46.11","354255","-3.45",".35","7.45","82.69","6.72","18.31","27.43","48.52","36.68","75","Finance","Banks - Southeast","20.75","3"
"Turkcell Iletisim Hizmetleri","TKC","4769.6","5.42","2300378","0","-1.45","-5.08","2.26","-11.37","20.62","7.12","7.15","5.38","191","Computer and Technology","Wireless Non-US ","7.13","4"
"Turning Point Brands","TPB","1616.41","85.8","340140","-2.16","6.12","1.69","17.78","-31.13","28.39","11.34","142.98","70.59","221","Consumer Staples","Tobacco","8.78","4"
"Tutor Perini","TPC","4646.93","87.33","559992","-9.15","2.97","18.93","74.36","17.88","28.11","4.5","99.11","57.02","71","Construction","Building Products - Heavy Construction","2.08","1"
"Twilio","TWLO","34184.3","223.97","2616525","-2.63","14.46","-2.18","78.6","39.98","13.66","15.78","255.95","100.09","90","Computer and Technology","Internet - Software","20.61","1"
"Twist Bioscience","TWST","8829.21","151.42","1803918","13.17","62.7","107.49","96.06","297.05","20.32","-30.34","145.59","24.16","159","Medical","Medical - Biomedical and Genetics","-31.66","4"
"Tyler Technologies","TYL","14570.41","350.06","866453","11.02","12.64","7.87","27.63","-29.89","9.1","20.9","566.67","275.27","179","Computer and Technology","Internet - Software and Services","13.36","3"
"Tyson Foods","TSN","20358.75","57.17","3263752","-1.26","-4.68","-3.44","39.66","-11.69","2.12","2.54","68.75","50.72","244","Consumer Staples","Food - Meat Products","1.03","4"
"U.S. Bancorp","USB","97253.56","62.41","6411566","-3.78","-1.69","16.56","85.1","4.64",".35","27.24","65.42","45.28","56","Finance","Banks - Major Regional","18.49","3"
"UBS","UBS","167788.14","54.23","1650516",".51","2.23","11.92","92.71","3.74","-9.98","18.01","55.07","36.41","86","Finance","Banks - Foreign","13.1","2"
"UFP Industries","UFPI","4922.06","88.73","454177","1.06","1.16","12.3","27.61","-12.34","-4.99","3.99","115.62","79.17","190","Construction","Building Products - Wood","3.99","3"
"UGI","UGI","8191.56","38.35","2493008","8.83","3.52","13.8","72.52","-8.73","1.07","8.96","40.63","31.75","159","Utilities","Utility - Gas Distribution","9.2","4"
"UL Solutions Inc.","ULS","14972.77","73.99","982794","-3.83","-17.66","-25.8","27.28","-15.88","6.38","14.15","104.89","62.63","197","Business Services","Business - Services","16.02","3"
"UMB Financial","UMBF","10933.77","143.57","555006","-5.26","2.12","12.34","83.18","11.94","48.06","33.89","152.04","103.99","52","Finance","Banks - Midwest","21.64","3"
"UMH Properties","UMH","1419.11","16.56","670941","2.97","7.09","11.84","100","-6.56","8.81","11.55","16.62","14.12","97","Finance","REIT and Equity Trust - Residential","11.55","3"
"US Foods","USFD","23660.09","108.89","2315466",".7","10.15","34.64","96.16","29.89","4.08","2.42","110.94","70.05","212","Consumer Staples","Food - Miscellaneous","1.81","3"
"Uber Technologies","UBER","161954.59","80.35","19549412","5.73","16.3","7.48","39.08","-13.2","18.28","21.75","100.1","65.94","169","Computer and Technology","Internet - Services","17.34","3"
"UiPath","PATH","8585.25","16.66","65490408","3.63","42.6","26.49","72.55","-9.57","12.65","24.31","19.29","9.38","90","Computer and Technology","Internet - Software","19.58","3"
"Ulta Beauty","ULTA","23160.92","537.22","579412","9.21","12.12","7.59","34.37","-20.35","9.71","9.36","706.82","450.75","103","Retail-Wholesale","Retail - Miscellaneous","9.36","3"
"Ultra Clean","UCTT","3262.61","73.32","1370837","-17.18","-16.32","-14.07","42.28","157.01","-2.08","3.18","142.59","21.65","25","Computer and Technology","Electronics - Manufacturing Machinery","-1.07","1"
"Ultragenyx Pharmaceutical","RARE","2535.71","26.46","2147917","-1.57","-4.35","12.56","40.02",".03","20.13","-81.8","36.54","18.5","159","Medical","Medical - Biomedical and Genetics","-81.8","3"
"Ultrapar Participacoes","UGP","7496.21","6.7","3143683","3.7","7.01","32.54","99.42","59.44","3.05","2.28","6.74","3.28","184","Oils-Energy","Oil and Gas - Production and Pipelines","2.28","3"
"Under Armour","UAA","2306.66","5.12","9072542","1.51","-24.15","-3.07","30.23","-3.35","-3.83","1.26","8.14","4.17","93","Consumer Discretionary","Textile - Apparel","-9.99","3"
"Union Pacific","UNP","184080.22","309.59","2669276","3.32","3.53","17.59","100","19.82","1.07","28.7","309.86","214.91","103","Transportation","Transportation - Rail","28.85","3"
"United Airlines","UAL","36862.98","117.41","3110161","-7.11","-5.81","1.62","55.72","-9.15","3.52","4.71","136.11","85.21","151","Transportation","Transportation - Airline","5.56","3"
"United Bankshares","UBSI","6510.96","47.41","794867","-2.41","-.29","12.1","89.57","11.35","12.01","40.08","49.37","34.31","75","Finance","Banks - Southeast","27.97","3"
"United Community Banks","UCB","4268.37","35.11","828378","-3.36",".65","9.56","79.26","1.43","2.3","31.65","37.09","28.94","75","Finance","Banks - Southeast","24.43","3"
"United Dominion Realty Trust","UDR","12333.33","38.17","3402987","3.09","-2.24","4.89","62.89","-6.38","2.42","30.64","41.24","33.56","97","Finance","REIT and Equity Trust - Residential","30.43","3"
"United Microelectronics","UMC","47960.88","19.6","13926110","-2.46","-.16","-16.78","58.19","116.8","6.74","33.18","28.01","6.58","45","Computer and Technology","Electronics - Semiconductors","33.18","1"
"United Natural Foods","UNFI","2937.6","47.6","471059",".89","-1.04","-6.8","75.55","28.95","2.6",".37","55.52","26.97","212","Consumer Staples","Food - Miscellaneous","-.12","3"
"United Parcel Service","UPS","87392.28","105.14","5361859",".69","-9.06","-5.78","53.82","-7.37","-2.65","6.57","120","82.58","103","Transportation","Transportation - Air Freight and Cargo","5.08","3"
"United Rentals","URI","67443.48","1053.14","448245","-6.98","-3.93","8.59","82.11","19.76","4.91","17.03","1164.82","710.47","166","Construction","Building Products - Miscellaneous","15.67","2"
"United States Antimony","UAMY","763.31","5.2","7154549","-9.25","-6.42","-44.92","6","-9.12","162.81","-19.08","17.47","4.31","184","Basic Materials","Mining - Non Ferrous","-44.6","3"
"United Therapeutics","UTHR","21997.78","518.53","530764",".87","-2.85","-5.83","71.27","-5.84","10.61","41.56","596.76","304.76","150","Medical","Medical - Drugs","41.56","3"
"UnitedHealth Group","UNH","357924.91","396.59","4360983",".79","-4.52","4.98","78.8","8.05","11.81","3.76","436.35","259.02","25","Medical","Medical - HMOs","3.14","1"
"Uniti Group","UNIT","2390.84","10.1","2353439","0","-8.54","-11.5","60.76","25.69","91.49","-14.51","12.75","5.36","189","Computer and Technology","Wireless National","28.68","3"
"Unity Software","U","20314.5","44.99","13096013","1.56","51.64","43.49","89.76","-6.52","2.01","21.79","49.47","17.13","90","Computer and Technology","Internet - Software","-28.97","2"
"Universal Display","OLED","3893.85","89.38","794118","-2.23","3.87","-11.15","9.22","-35.12",".45","32.24","151.38","77.94","52","Computer and Technology","Electronics - Miscellaneous Components","32.24","3"
"Universal Health Services","UHS","10396.4","175.76","853229","3.44","10.73","21.92","34.2","-27.63","9.71","7.94","244.18","141.17","35","Medical","Medical - Hospital","8.42","3"
"Universal Technical Institute","UTI","1212.45","22.51","1846274","-15.79","-42.72","-46.8",".85","-24.62","14.05","3.88","51.2","21.77","157","Consumer Discretionary","Schools","3.88","4"
"Unum Group","UNM","14166.88","89.69","1451967","-2.21","3.55","7.26","84.11","3.29","1.46","10.32","93.33","69.16","205","Finance","Insurance - Accident and Health","5.26","4"
"Unusual Machines, Inc.","UMAC","1227.43","24.35","5142143","-18.51","19.27","-14.92","63.92","72.51","101.24","-4.12","34.06","7.76","191","Computer and Technology","Wireless Equipment","-20.29","2"
"Upstart","UPST","2908.69","30.58","4981293",".47","8.73","-11.07","11.44","-38.86","63.99","16.47","73.76","24.22","101","Finance","Financial - Miscellaneous Services","4.84","4"
"Urban Edge Properties","UE","2726.88","21.72","782561","-1.14","-7.42","-2.66","57.2",".68","6.06","13.99","23.92","18.5","103","Finance","REIT and Equity Trust - Retail","13.72","3"
"Urban Outfitters","URBN","6512.55","75.78","929172","-.77","4.74","6.33","71.25","-9.61","11.07","8.02","82.7","59.57","78","Retail-Wholesale","Retail - Apparel and Shoes","7.48","2"
"Urogen Pharma","URGN","2256.33","46.36","1019153","-6.06","11.34","70.77","87.81","76.3","21.45","-51.73","50.29","16.42","159","Medical","Medical - Biomedical and Genetics","-51.73","2"
"Utz Brands","UTZ","2045.7","14.25","2682053",".42",".92","96.54","100","22.45","2.09","8.27","14.21","6.8","212","Consumer Staples","Food - Miscellaneous","-2","2"
"V.F. Corporation","VFC","5625.75","13.85","8523632","-1.17","-16.41","-14.31","15.02","-29.2","1.06","3.42","21.55","13.03","93","Consumer Discretionary","Textile - Apparel","2.88","3"
"V2X, Inc.","VVX","2431.46","76.41","670146","-6.15","-11.16","-7.29","65.74","27.2","3.65","3.94","90.81","52.16","166","Business Services","Technology Services","1.88","3"
"VAREX IMAGING","VREX","779.69","18.5","1443629",".33","68.67","84.65","99.35","42.2","4.14","5.25","18.58","9.32","101","Medical","Medical - Products","2.55","2"
"VICI Properties","VICI","29486.86","26.29","10495870","3.16",".11","-3.57","11.06","-14.81","4.08","67.5","33.78","25.91","82","Finance","REIT and Equity Trust - Other","67.5","3"
"VNET Group, Inc. - Unsponsored ADR","VNET","1750.06","6.89","5069643","-18.31","-9.76","-38.96","2.33","-31.59","25.74","-19.23","14.03","6.29","90","Computer and Technology","Internet - Software","-22.29","3"
"VSE","VSEC","6032.29","217.65","404349","-11.7","7","19.23","67.83","11.31","2.98","9.9","243.48","154.96","172","Construction","Engineering - R and D Services","6.17","3"
"Vaalco Energy","EGY","608.01","5.72","1305491","-1.2","12.02","6.25","73.03","42.04","-24.99","-17.18","6.67","3.37","171","Oils-Energy","Oil and Gas - Exploration and Production - International","-31.11","4"
"Vail Resorts","MTN","5345.03","147.84","556403","2.32","1.16","12.29","68.84","1.04","2.74","5.38","164.02","119.02","191","Consumer Discretionary","Leisure and Recreation Services","5.38","3"
"Valaris","VAL","5958.29","85.72","1168828","-1.46","9.35","-8.21","58.94","52.3",".27","12.98","113.42","46.18","213","Oils-Energy","Oil and Gas - Drilling","43.95","4"
"Valero Energy","VLO","99622.9","340.41","2545074","-.34","13.47","37.02","98.07","90.12","-5.54","5.21","350.05","140.29","22","Oils-Energy","Oil and Gas - Refining and Marketing","5.17","1"
"Valley National Bancorp","VLY","7791.73","14.1","5883239","-5.62","-1.74","4.29","80.22","7.98","-2.44","31.54","15.19","9.68","64","Finance","Banks - Northeast","19.49","3"
"Valvoline","VVV","4257.56","32.91","2276847","-1.27","-15.65","-.18","38.14","2.72","5.64","11.74","40.67","28.87","22","Oils-Energy","Oil and Gas - Refining and Marketing","5.17","3"
"Vanda Pharmaceuticals","VNDA","322.27","5.44","1028508","1.33","2.11","-16.26","19.27","-45.94","8.72","-74.71","9.56","4.32","159","Medical","Medical - Biomedical and Genetics","-127.41","4"
"Varonis Systems","VRNS","4715.02","40.82","1715898","-4.91","-12.04","13.68","48.38","11.95","13.17","4.71","63.31","20.19","32","Computer and Technology","Security","-20.55","3"
"Veeco Instruments","VECO","2858.42","47.59","836906","-14.04","-3.57","-18.32","38.97","46.35","-7.39","9.83","83.04","23.59","25","Computer and Technology","Electronics - Manufacturing Machinery","3.4","4"
"Veeva Systems","VEEV","40360.66","246.78","1751478","4.25","27.77","31.7","62.69","-.44","16.34","42.05","306.22","151.43","99","Medical","Medical Info Systems","28.37","4"
"Velo3D, Inc.","VELO","400.9","12.86","1820185","-20.04","21.66","-42.03","34.37","-18.82","12.12","-60.57","30.61","2.97","169","Industrial Products","Industrial Services","-90.74","3"
"Ventas","VTR","47945.1","93.83","3488942","2.52","-6.63","14.39","78.86","8.05","18.47","4.08","100.53","67.13","82","Finance","REIT and Equity Trust - Other","4.08","3"
"Venture Global, Inc.","VG","35976.34","14.07","13503352","4.65","12.25","13.49","72.95","88.74","176.93","21.24","17.53","5.92","201","Oils-Energy","Oil and Gas - Exploration and Production - United States","21.24","3"
"Veracyte","VCYT","3333.8","44.04","1457252","-1.45","-25.43","-13.93","40.34","-11.89","16.01","30.29","60.49","28.61","149","Medical","Medical - Instruments","20.37","1"
"Veralto Corporation","VLTO","24225.75","98.77","1592899","2.71","5.4","18.86","63.67","-10.92","5.97","18.4","109.15","82.23","172","Business Services","Waste Removal Services","17.35","2"
"Verastem","VSTM","621.27","7.08","1940042","-4.46","12.83","63.72","46.58","-20.51","209.14","-231.59","10.77","3.45","159","Medical","Medical - Biomedical and Genetics","-231.59","3"
"VeriSign","VRSN","26257.89","293.75","761793","6.6","5.81","-1.96","80.49","7.06","6.37","49.76","310","211.49","179","Computer and Technology","Internet - Software and Services","49.76","2"
"Vericel","VCEL","2166.04","43.22","503752","-2.96","-6.66","28.89","68.32","5.07","16.45","7.91","48.31","29.34","159","Medical","Medical - Biomedical and Genetics","7.91","3"
"Verisk Analytics","VRSK","24671.07","188.49","1548672","7.93","-8.28","3.03","28.15","-24.2","6.63","31.86","273.03","156.84","103","Business Services","Business - Information Services","28.24","3"
"Verizon Communications","VZ","208361.98","50.25","20958168","4.35","5.98","5.07","90.52","10.14","2.52","14.8","51.38","38.4","189","Computer and Technology","Wireless National","11.64","3"
"Vertex","VERX","2219.14","13.52","2632813","9.7","8.23","-8.56","20.18","-38.72","12.25","15.03","25.94","10.58","90","Computer and Technology","Internet - Software",".45","3"
"Vertex Pharmaceuticals","VRTX","138981.31","552.85","1301366","6.21","14.32","24.91","97.45","8.04","8.9","38.75","552.06","376.62","159","Medical","Medical - Biomedical and Genetics","35","3"
"Vertiv","VRT","98160.43","255.75","6483379","-12.81","-11.35","-21.16","52.34","40.78","27.69","18.08","376.23","121.82","86","Computer and Technology","Computers - IT Services","15.09","2"
"Vestas Wind Systems","VWDRY","32554.86","10.96","304346","3.42","26.74","15.47","98.6","8.71","13.75","5.42","10.97","5.98","83","Industrial Products","Manufacturing - Electronics","5.42","2"
"Vestis Corporation","VSTS","1685.04","12.88","1391260","-4.92","-16.94","-1.09","69.86","70.99","-2.53","2.34","16.5","4.06","35","Industrial Products","Uniform and Related","-.2","2"
"Via Transportation Inc.","VIA","2235.7","27.89","791199","7.91","39.95","60.97","34.76","-15.42","28.64","-15.32","53.93","13.31","97","Transportation","Transportation - Services","-20.04","4"
"Viant Technology","DSP","813.65","12.305","316350","-2.93","8.37","-10","68.91","-9.06","19","9.83","14.09","8.14","166","Business Services","Technology Services","2.24","3"
"Viasat","VSAT","9956.3","72.46","2076477","-11.22","-3.47","-.8","72.25","87.61","2.67","3.13","89.81","26.61","191","Computer and Technology","Wireless Equipment","-.64","3"
"Viatris","VTRS","18997.69","16.72","10372477","1.91","-6.21","4.62","84.23","18.84","-2.98","19.99","17.86","9.49","91","Medical","Medical Services","-2.79","3"
"Viavi Solutions","VIAV","9117.41","37.71","5582587","-20.13","-3.17","-22.19","58.74","85.48","40.03","15.89","55.33","10.78","43","Computer and Technology","Communication - Components","-2","1"
"Vicor","VICR","8759.82","194.62","867854","-25.05","-7.97","-42.23","43.02","55.06","26.08","30.65","379.78","46.71","52","Computer and Technology","Electronics - Miscellaneous Components","30.65","2"
"Victoria's Secret","VSXY","6919.56","87.36","1510858","3.59","2.11","60.44","83.66","43.86","5.2","4.34","99.97","21.34","78","Retail-Wholesale","Retail - Apparel and Shoes","3.11","1"
"Victory Capital Holdings","VCTR","7135.11","115.34","575969","-2.37","16.38","37","95.16","64.47","46.19","37.98","118.81","60.76","70","Finance","Financial - Investment Management","29.57","2"
"Viemed Healthcare","VMD","346.22","9.1","510951",".44","-25","-6.48","46.62","9.44","20.52","4.81","12.33","6.26","101","Medical","Medical - Products","4.81","4"
"Viking Holdings Ltd.","VIK","40766.21","92.23","3194650","-8.4","-11.32","-.4","67.19","14.58","21.89","19.66","108.26","57.08","191","Consumer Discretionary","Leisure and Recreation Services","19.33","3"
"Viper Energy Inc.","VNOM","16059.6","44.07","1733183","3.86","3.88","-1.97","58.7","3.53","62.14","17.64","50.95","35.84","201","Oils-Energy","Oil and Gas - Exploration and Production - United States","2.89","3"
"Vipshop","VIPS","6857.08","14.16","1893390","1.99","-2.85","-1.24","18.04","-27.59","1.97","8.24","20.68","12.92","49","Computer and Technology","Internet - Delivery Services","7.08","3"
"Vir Biotechnology","VIR","1676.93","10.71","1465933","5.54","12.61","9.75","82.41","47.01","-7.61","-83","11.09","4.38","159","Medical","Medical - Biomedical and Genetics","-638.88","3"
"Viridian Therapeutics","VRDN","2721.28","24.18","1783804","4.03","21.93","41.63","52.34","-30.96","23359.93","-505.86","33.78","13.3","159","Medical","Medical - Biomedical and Genetics","-505.86","3"
"Virtu Financial","VIRT","10288.22","65.2","1551019","11.41","12.64","28.59","95.39","77.96","26.25","42.91","67.93","32.38","101","Finance","Financial - Miscellaneous Services","13.5","3"
"Visa","V","682383.31","384.14","7468504","6.57","5.48","18.48","100","-2.46","11.34","55.22","382.41","295.52","151","Business Services","Financial Transaction Services","50.78","3"
"Vishay Intertechnology","VSH","4667.33","31.31","4574285","-14.47","-18.16","-45.65","35.06","87.85","4.48","1.27","64.9","11.82","103","Computer and Technology","Semiconductor - Discretes",".86","3"
"Vishay Precision Group","VPG","881.28","64.45","770017","-13.21","-35.33","-47.59","31.82","53.72",".22","1.81","149.91","27.07","52","Computer and Technology","Electronics - Miscellaneous Components","1.2","4"
"Vistance Networks, Inc.","VISN","2499.99","11.04","8937509","-7.03","-8.52","-11.65","8.83","-46.52","-54.07","11.2","20.55","9.9","235","Computer and Technology","Communication - Network Software","247.69","4"
"Visteon","VC","2719.2","103.58","403344","-5.51","-3.49","-13.79","39.29","-4.19","-2.53","6.32","128.76","84.45","179","Auto-Tires-Trucks","Automotive - Original Equipment","5.58","3"
"Vistra","VST","45532.27","139.03","4895435","-7.15","-13.64","-12.34","1.14","-24.78","2.98","16.31","217.92","134.71","154","Utilities","Utility - Electric Power","11.55","3"
"Vita Coco Company","COCO","3636.68","63.57","914159","-3.27","-5.92","-15.52","59.09","6.91","18.17","15.5","84.02","33.52","103","Consumer Staples","Beverages - Soft drinks","15.5","1"
"Vital Farms","VITL","475.68","11.11","1505169","-.72","-16.63","10.03","6.34","-68.97","25.26","1.47","52.41","8.28","212","Consumer Staples","Food - Miscellaneous",".02","3"
"Vivmark Residential","VMRK","25548.71","67.62","4772141","7.04","1.34","3.54","83.48","-3.31","3.82","28.32","70.15","57.98","97","Finance","REIT and Equity Trust - Residential","27.97","3"
"Vontier","VNT","4494.05","33.39","1701804","2.81","4.4","16.8","34.19","-20.03","3.24","15.57","43.71","27.8","166","Business Services","Technology Services","11.34","2"
"Vornado Realty Trust","VNO","7257.83","39.94","1472275","2.56","-1.59","16.45","77.55","4.48","1.27","3.71","42.97","24.71","82","Finance","REIT and Equity Trust - Other","3.71","3"
"Vox Royalty Corp.","VOXR","405.6","5.79","484686","9.77","36.13","3.55","80.97","10.21","50.45","49.69","6.43","3.33","210","Basic Materials","Mining - Miscellaneous","144.32","3"
"Voya Financial","VOYA","8981.72","100.56","954179","-1",".13","21.54","93.39","19.05","1.73","64.26","101.52","65.51","174","Finance","Insurance - Life Insurance","7.45","3"
"Voyager Technologies, Inc.","VOYG","2066.72","34.51","1784392","-19.28","35.24","-25.25","51.83","21.48","15.42","-63.91","51.77","17.99","35","Aerospace","Aerospace - Defense Equipment","-78.61","3"
"Vulcan Materials","VMC","35755.96","274.09","1030975","-.79","-3.01","-2","25.79","-13.46","7.06","13.78","330.37","257.02","199","Construction","Building Products - Concrete and Aggregates","13.75","3"
"W.P. Carey","WPC","16307.13","71.78","1206221",".08","-6.08","-1.77","59.35","-.52","8.43","36.49","76.71","64.09","82","Finance","REIT and Equity Trust - Other","36.34","3"
"W.R. Berkley","WRB","25874.56","68.48","1643886","-.07","-7.93","8.31","41.29","-11.09","7.84","12.77","78.46","63.54","78","Finance","Insurance - Property and Casualty","12.94","3"
"WAVE Life Sciences","WVE","1008.89","5.25","3395129",".59","-13.51","-18.21",".46","-73.06","-60.55","-309.73","21.31","5.05","159","Medical","Medical - Biomedical and Genetics","-309.73","3"
"WEBTOON Entertainment Inc.","WBTN","1301.47","9.45","415238","13.76","3.45","-23.65","10.26","-34.17","2.54","4.47","21.31","8.25","205","Computer and Technology","Internet - Content","-25.1","4"
"WEC Energy Group","WEC","35054.88","106.67","2606991","-2.63","-5.48","-.94","26.67","-8.75","13.96","18.16","118.85","103.48","154","Utilities","Utility - Electric Power","16.69","3"
"WESCO International","WCC","16423.46","338.95","635193","-9.64","-.33","-5.25","77.51","23.22","7.76","3.02","374.52","207.7","5","Computer and Technology","Electronics - Parts Distribution","2.84","1"
"WEX","WEX","6927.09","199.71","633907","7.61","14.2","36.03","100","22.03","1.24","22.76","203.25","126.86","151","Business Services","Financial Transaction Services","12.56","3"
"WSFS","WSFS","4060.17","78.58","346227","-2.86","-1.41","12.95","91.17","28.69","-3.2","28.99","82.29","50.35","86","Finance","Financial - Savings and Loan","23.34","2"
"WaFd, Inc.","WAFD","2685.29","36.21","524737","-3.89","-.38","3.69","73.63","1.35","-1.52","31.18","39.32","27.83","182","Finance","Banks - West","18.47","3"
"Wabash National","WNC","490.88","12.41","1050474","-5.34","-8.85","57.72","72.53","24.61","-20.75","-9","14.05","6.77","179","Auto-Tires-Trucks","Automotive - Original Equipment","-5.48","4"
"Wabtec","WAB","50271.25","296.94","955842","-1.01","-1.09","16.25","93.2","24.72","7.51","14.08","305.79","185.65","66","Transportation","Transportation - Equipment and Leasing","10.59","3"
"Walmart","WMT","847455.81","105.38","27163418","-6.86","-4.7","-7.08","27.37","-14.5","4.73","3.07","134.2","96.05","205","Retail-Wholesale","Retail - Supermarkets","3","3"
"Warby Parker","WRBY","2836.95","26","2699032","2.38","5.43","7.51","70.18","7.59","13.04","4.77","30.34","16.49","184","Consumer Staples","Consumer Products - Staples",".85","3"
"Warner Bros. Discovery","WBD","72057.19","28.9","20800522","2.76","13.53","5.32","93.04","-10.92","-5.15","-8.77","29.98","11.59","86","Consumer Discretionary","Broadcast Radio and Television","-8.77","3"
"Warner Music Group","WMG","14521.53","28.06","2455635","5.27",".54","-10.83","37.13","-19.04","4.37","9.87","34.72","23.65","54","Consumer Discretionary","Film and Television Production and Distribution","9.2","3"
"Warrior Met Coal","HCC","5628.7","105.29","700950","8.08","32.16",".33","93.32","8.15","-14.11","13.05","110.28","55.15","103","Oils-Energy","Coal","13.05","3"
"Waste Connections","WCN","42507.66","166.15","1224366","2.4","-.22","13.02","53.26","-13.81","6.14","14.32","186.48","149.02","172","Business Services","Waste Removal Services","10.86","3"
"Waste Management","WM","90519.51","222.13","2047044","1.09","-4.81","6.56","59.69","-7.8","14.24","12.18","246.51","196.77","172","Business Services","Waste Removal Services","11.11","3"
"WaterBridge Infrastructure LLC","WBI","3886.4","31.79","593737","-.94","-5.61","8.7","72.89","40.72","66.16","2.08","36.21","18.76","182","Finance","Real Estate - Operations",".54","4"
"Waters","WAT","40355.41","414.44","879460",".74","10.65","8.62","95.93","-3.27","6.99","21.46","416.15","283.32","149","Medical","Medical - Instruments","3.58","3"
"Watsco","WSO","12821.18","302.29","567418","-.34","-14.7","-13.54","1.02","-17.49","-4.98","6.53","456.86","309.3","75","Industrial Products","Manufacturing - General Industrial ","6.53","3"
"Wayfair","W","13620.72","104.53","3720926",".11","9.16","42.13","74.27","-8.07","5.11","3.21","119.05","57.4","164","Retail-Wholesale","Internet - Commerce","-2.49","1"
"Waystar Holding Corp.","WAY","4860.82","24.21","2951441","2.71","9.62","15.65","34.1","-30.76","16.5","25.13","40.89","17.31","90","Computer and Technology","Internet - Software","11.18","3"
"WeRide Inc.","WRD","1854.79","6.08","2574181","-1.81","6.04","-23.56","9.21","-38.48","97.87","-199.09","12.38","5.32","179","Auto-Tires-Trucks","Automotive - Original Equipment","-199.09","3"
"Weave Communications","WEAV","583.19","7.29","4631395","31.83","9.62","12.5","80.66","-14.09","16.99","4.14","7.99","4.37","90","Computer and Technology","Internet - Software","-7.97","2"
"Webull Corporation","BULL","4536.41","8.94","13825837","4.53","13.13","29.24","35.71","-1.8","46.32","15.25","15.55","4.63","101","Finance","Financial - Miscellaneous Services","6.26","2"
"Weibo","WB","1718.85","7.12","1064370","-7.41","-10.37","-12.39","0","-38.73",".14","20.76","12.83","7","205","Computer and Technology","Internet - Content","17.78","3"
"Wells Fargo & Company","WFC","256193.22","84.79","12422830","-3.22","-2.92","9.78","49.19","-18.69","-1.49","26.52","96.39","73.42","34","Finance","Financial - Investment Bank","17.55","3"
"Welltower","WELL","172985.98","241.15","3121067","2","-3.35","21.61","86.24","15.67","35.63","12.15","252.07","164.43","82","Finance","REIT and Equity Trust - Other","12.15","3"
"Wendy's","WEN","1685.52","9.12","9760761","2.55","20.93","12.61","59.73","-5.07","-3.1","6.05","10.64","6.17","151","Retail-Wholesale","Retail - Restaurants","5.72","4"
"Werner Enterprises","WERN","2259.34","37.64","1204575","-3.68","-6.83","-11.41","60.15","12.28","-1.84",".49","47.29","23.15","25","Transportation","Transportation - Truck","-1.42","3"
"WesBanco","WSBC","3906.25","40.51","758350","-4.12","-.61","20.18","84.71","9.61","50.87","35.04","42.7","29.82","75","Finance","Banks - Southeast","23.35","3"
"West Pharmaceutical Services","WST","24865.17","348.48","560707","1.94","6.66","11.7","90.79","14.87","6.25","18.45","365.74","230.95","72","Medical","Medical - Dental Supplies","16.98","2"
"Western Alliance Ban","WAL","8552.42","79.63","894870","-4.07","-5.28","-.01","39.79","-16.59","5.64","25.71","96.08","66.7","182","Finance","Banks - West","17.2","3"
"Western Digital","WDC","150067.7","450.75","8617361","-18.77","-12.56","-20.29","53.71","126.07","35.7","30.75","746.23","74.66","8","Computer and Technology","Computer- Storage Devices","72.95","2"
"Western Midstream Partners","WES","20051.36","47.94","881514","-.12","3.85","12.23","89.87","9.9","6.61","29.44","49.8","37.26","7","Oils-Energy","Oil and Gas - Refining and Marketing - Master Limited Partnerships","29.44","1"
"Westlake Corporation","WLK","9775.16","74.8","1158262","-2.2","5.75","-11.45","30.01","-7.46","-8.01",".77","123.39","56.38","159","Consumer Discretionary","Consumer Products - Discretionary","-10.94","3"
"Westrock Coffee Company","WEST","823.97","8.13","421656","1.69","7.11","-.71","78.57","85.49","39.76","-2.99","9.73","3.71","103","Consumer Staples","Beverages - Soft drinks","-4.88","4"
"Weyerhaeuser","WY","17578.75","24.43","5586042","1.29","2.01","2.87","52.87","-7.91","-3.07","2.06","27.1","21.35","190","Construction","Building Products - Wood","6.89","3"
"Wheaton Precious Metals","WPM","72751.89","163.72","2340221","17.26","43.01","24.35","92.25","21.93","80.18","61.84","165.72","94.35","210","Basic Materials","Mining - Miscellaneous","64.66","3"
"Whirlpool","WHR","2616.45","40.72","2367158","1.36","6.64","-5.44","7.42","-50.24","-6.52",".91","95.54","35.69","56","Consumer Discretionary","Household Appliances","1.17","3"
"WhiteFiber, Inc.","WYFI","807.26","20.4","2788877","-31.53","-10.24","-34.16","29.42","17.64","66.17","-46.87","44.77","10.78","166","Business Services","Technology Services","-46.87","3"
"WillScot Holdings Corporation","WSC","4082.23","21.27","3226036","-4.45","-15.87","-10.52","53.58","7.03","-4.77","8.71","29.07","14.98","182","Finance","Real Estate - Operations","-3","3"
"WilliamsSonoma","WSM","27996.61","234.74","885139","-1.1","1.44","17.63","83.15","19.09","1.24","13.81","251.78","168.64","201","Retail-Wholesale","Retail - Home Furnishings","13.81","2"
"Willis Towers Watson","WTW","32574.83","346.82","602857","7.57","15.9","36.46","100","-4.52","-2.24","17.4","350.75","242.12","103","Finance","Insurance - Brokerage","15.49","2"
"Wingstop","WING","3183.02","113.85","1398484",".97","-14.86","-26.13","2.4","-56.18","11.35","17.04","339.33","111.36","151","Retail-Wholesale","Retail - Restaurants","16.15","3"
"Wintrust Financial","WTFC","10254.15","151.09","569544","-5.57","-4.33","3.34","68.04","-2.76","6.66","32.07","166.9","120.24","52","Finance","Banks - Midwest","20.72","3"
"WisdomTree, Inc.","WT","3612.05","24.13","2427807","3.25","20.95","24.49","100","74.94","15.43","26.96","23.84","10.73","101","Finance","Financial - Miscellaneous Services","13.27","3"
"Wix.com","WIX","4922.88","86.055","1917344","14.51","49.84","34.99","30.59","-27.31","13.2","15.1","184.24","40.43","86","Computer and Technology","Computers - IT Services","-8.19","3"
"Wolverine World Wide","WWW","1712.72","20.47","904896","5.24","9.44","18.85","35.04","2.86","6.8","6.26","32.4","14.65","35","Consumer Discretionary","Shoes and Retail Apparel ","5.55","3"
"Woodward","WWD","19671.11","339.66","673772","-10.06","-20.63","-2.52","48.12","-1.43","7.3","13.25","436.44","237.33","35","Aerospace","Aerospace - Defense Equipment","13.17","3"
"Workday","WDAY","49190.05","194.42","5070517","4.17","34.98","26.66","64.1","-17.06","13.09","25.85","247.69","112.5","90","Computer and Technology","Internet - Software","8.6","3"
"Workiva","WK","4202.22","74.3","803820","7.17","34.31","41.74","62.39","-22.34","19.75","18.46","93.31","44.31","90","Computer and Technology","Internet - Software","4.87","1"
"World Kinect Corporation","WKC","1822.02","35.38","1114718","-.06","-10.48","21.74","73.78","35.99","-12.45",".36","40.25","22.59","22","Oils-Energy","Oil and Gas - Refining and Marketing","-.43","1"
"Wyndham Hotels & Resorts","WH","5517.6","75.87","1237399","1.93","-1.1","-6.03","24.47","-11.98","1.49","25.88","89.91","69.31","103","Consumer Discretionary","Hotels and Motels","14.67","3"
"Wynn Resorts","WYNN","10236.63","98.74","1552214","-3.29","-.29","-6.68","12.93","-26.1",".14","6.31","133.34","94.37","197","Consumer Discretionary","Gaming","6.05","3"
"XP","XP","9173.82","17.8","4380318","8.73","1.97","2.83","26.59","-6.72","4.09","27.72","22.95","14.94","101","Finance","Financial - Miscellaneous Services","27.2","3"
"XPLR Infrastructure, LP","XIFR","1064.34","11.66","1002684","-2.76","-10.47","-9.32","60.74",".99","-3.41","5.49","12.88","8.83","154","Oils-Energy","Alternative Energy - Other","5.24","2"
"XPO, Inc.","XPO","22479.43","191.93","972229","-9.01","-7.79","-13.21","65.26","26.36","1.05","6.47","228.37","123.66","25","Transportation","Transportation - Truck","4.71","1"
"XPeng","XPEV","10646.89","11.6","7612936","-8.61","-12.75","-35.17","0","-50.82","95.95","-4.19","28.07","11.15","162","Auto-Tires-Trucks","Automotive - Foreign","-4.19","4"
"Xcel Energy","XEL","48302.97","77.19","5011065","-2.37","-4.19","1.2","45.89","-6.35","9.14","16.88","83.91","71.75","154","Utilities","Utility - Electric Power","15.28","3"
"Xencor","XNCR","2155.88","29.3","1175029","25.41","46","145.72","100","69.41","13.65","-155.59","29","7.44","150","Medical","Medical - Drugs","-155.59","3"
"Xeris Pharmaceuticals","XERS","1593.48","8.74","1728713","2.58","6.46","43.99","74.84","-.41","43.72","4.06","9.9","5.29","150","Medical","Medical - Drugs","-5.12","4"
"Xometry","XMTR","4383.31","87.78","615418","-5.74","-1.56","-11.2","70.52","27.22","25.87","3.98","104.85","36.1","75","Industrial Products","Manufacturing - General Industrial ","-3.82","2"
"Xperi Inc.","XPER","301.9","6.3","501340","-4.77","-18.66","-20.64","30.59","-5.51","-9.23","10.65","8.64","5.11","166","Business Services","Technology Services","-7.12","2"
"Xponential Fitness","XPOF","252.05","5.24","1166094",".39","-23.16","-9.72","17.93","-44.46","-1.71","-.76","9","4.26","191","Consumer Discretionary","Leisure and Recreation Services","-13.64","4"
"Xylem","XYL","26659.53","112.81","1767673","-2.8","-4.98","5.4","16.82","-25","5.52","14.22","152.95","106.34","172","Business Services","Waste Removal Services","11.15","3"
"YETI","YETI","3144.36","42.58","1869774",".19","-15.4","-9.08","53.33","-12.76","2.11","9.91","52.68","32.11","93","Consumer Discretionary","Leisure and Recreation Products","9.24","3"
"YPF Sociedad Anonima","YPF","20169.08","50.01","1115508","-2.69",".75","-6.32","84.53","26.85","-4.38","6.17","56.35","23.57","216","Oils-Energy","Oil and Gas - Integrated - International","3.6","3"
"Yelp","YELP","1293.1","23.7","1093798","3.29","-9.77","1.58","28.83","-29.86","3.75","9.01","33.83","19.78","205","Computer and Technology","Internet - Content","8.59","3"
"Yext","YEXT","654.62","6.58","716069","11.81","18.08","42.27","54.81","-27.53","6.09","15.44","9.16","3.34","166","Business Services","Technology Services","8.93","3"
"Yum China","YUMC","16753.05","48.57","1525124","3.78","9.39","14.01","49.18","-8.34","4.37","7.84","57.95","40.18","151","Retail-Wholesale","Retail - Restaurants","7.84","3"
"ZIM Integrated Shipping Services","ZIM","3420.35","28.08","2180315","-1.49","15.55","14.81","94.71","19.58","-18.07",".68","29.27","12.44","42","Transportation","Transportation - Shipping","2.15","1"
"ZTO Express Cayman","ZTO","11860","21.4","2121798","-7.11","-10.81","-5","42.57","-8.88","15.74","19.4","25.88","17.87","97","Transportation","Transportation - Services","19.03","3"
"Zai Lab Limited","ZLAB","2917.39","26.17","1243557","0","37.55","50.03","49.84","30.02","15.33","-41.86","35.04","16.3","159","Medical","Medical - Biomedical and Genetics","-41.86","3"
"Zebra Technologies","ZBRA","17305.21","360.52","901061","-2.14","37.31","45.34","89.25","33.83","8.33","16.37","383.06","199.3","1","Industrial Products","Manufacturing - Thermal Products","9.22","1"
"Zeta Global","ZETA","7146.36","27.88","9338847","-1.25","37.27","12.89","92.37","25.14","29.72","13.43","29.62","14.55","166","Business Services","Technology Services","-.15","3"
"Zevra Therapeutics, Inc.","ZVRA","691.82","12.04","1100462","1.04","19.98","1.39","58.78","16.31","350.91","71.28","14.75","7.23","150","Medical","Medical - Drugs","42.82","3"
"Zillow Group Class A","ZG","8534","37.09","1479597","10.58","18.63","4.14","15.29","-50.25","15.52","16.3","86.76","29.14","234","Finance","Financial - Mortgage & Related Services","1.96","3"
"Zillow Group Class C","Z","8331.62","36.09","3939293","9.88","15.78","2.21","12.54","-51.42","15.52","16.3","90.32","29.41","169","Computer and Technology","Internet - Services","1.96","3"
"Zimmer Biomet","ZBH","19260.69","100.24","2536391","2.83","9.68","21.75","76.07",".45","7.2","19.58","107.71","79.58","101","Medical","Medical - Products","9.48","3"
"Zions Bancorporation","ZION","9905.85","67.57","1369119","-5.18","-.95","11.12","79.38","3.71","-1.02","28.08","73.31","46.93","182","Finance","Banks - West","23.92","3"
"Zoom Communications, Inc.","ZM","30739.53","100.92","2973185","-.69","14.92","-6.08","82","8.67","4.36","37.22","111.88","72.72","90","Computer and Technology","Internet - Software","41.99","3"
"Zscaler","ZS","28470.58","168.42","2235049","-4.54","19.52","13.07","26.58","-29.98","23.31","20.57","336.27","118.05","32","Computer and Technology","Security","-2.44","4"
"Zurn Elkay Water Solutions Cor","ZWS","8104.12","48.82","902528","-2.88",".18","4.58","54.43","-5.99","8.26","16.28","53.18","43.7","172","Business Services","Waste Removal Services","15.45","2"
"Zymeworks","ZYME","2041","27.47","548722","13.67","25.09","17.24","100","-2.26","38.87","-405.31","28.77","14.01","159","Medical","Medical - Biomedical and Genetics","-405.31","3"
"e.l.f. Beauty","ELF","6251.9","105.77","2562685","13.12","26.12","98.07","58.06","24.64","24.59","13.57","146.67","49.57","199","Consumer Staples","Cosmetics","3.38","3"
"eBay","EBAY","47650.6","106","4670091","6.08","-5.41","-2.96","69.96","9.97","7.95","23.08","118.96","79.41","164","Retail-Wholesale","Internet - Commerce","18.5","3"
"eToro Group Ltd.","ETOR","2408.49","30.91","1480659","3.38","-23.12","-30.24","19.47","-25.98","10.33","30.07","46.9","24.76","103","Finance","Insurance - Brokerage","2.17","3"
"fuboTV","FUBO","316.24","10.95","1690891","1.95","20.48","-9.11","5.1","-69.04","-76.76","-.26","54.74","8.09","86","Consumer Discretionary","Broadcast Radio and Television","-.71","3"
"i3 Verticals","IIIV","441.42","17","522047","4.81","-18.87","-20.33","4.5","-40.45","-7.29","15.7","33.11","16","90","Computer and Technology","Internet - Software","4.24","4"
"lululemon athletica","LULU","14570.29","118.33","2608492","6.08","4.2","-7.05","15.71","-47.15","4.86","13.03","215.88","105.43","93","Consumer Discretionary","Textile - Apparel","13.03","3"
"monday.com","MNDY","4821.91","93.23","1560695","13.1","14.8","-1.28","22.1","-42.87","26.75","17.45","219.15","58.81","90","Computer and Technology","Internet - Software","8.87","1"
"nCino","NCNO","2295.13","20.81","2214387","3.56","18.7","21.87","37.15","-26.91","10.01","23.16","32.69","14.01","90","Computer and Technology","Internet - Software","2.17","3"
"nLight","LASR","2544.72","43.3","1462527","-18.32","-34.92","-37.5","29.47","5.19","31.62","10.79","84.95","27.05","45","Computer and Technology","Electronics - Semiconductors","-4.02","3"
"nVent Electric","NVT","24820.92","151.48","2319409","-13.46","2.72","-10.61","67.83","34.52","29.51","14.76","184.34","88.02","52","Computer and Technology","Electronics - Miscellaneous Components","12.38","1"
"","RXO","3509.5","21.59","2028269","-9.25","-11.74","-20.8","57.39","50.59","26.2","-.25","29.3","10.48","97","Transportation","Transportation - Services","-1.72","3"
